ARM GAS  /tmp/ccjntsk9.s 			page 1


   1              		.cpu cortex-m7
   2              		.eabi_attribute 27, 1
   3              		.eabi_attribute 28, 1
   4              		.eabi_attribute 20, 1
   5              		.eabi_attribute 21, 1
   6              		.eabi_attribute 23, 3
   7              		.eabi_attribute 24, 1
   8              		.eabi_attribute 25, 1
   9              		.eabi_attribute 26, 1
  10              		.eabi_attribute 30, 4
  11              		.eabi_attribute 34, 1
  12              		.eabi_attribute 18, 4
  13              		.file	"_unit_base.c"
  14              		.text
  15              	.Ltext0:
  16              		.cfi_sections	.debug_frame
  17              		.align	1
  18              		.weak	unit_init
  19              		.arch armv7e-m
  20              		.syntax unified
  21              		.thumb
  22              		.thumb_func
  23              		.fpu fpv4-sp-d16
  24              		.type	unit_init, %function
  25              	unit_init:
  26              	.LVL0:
  27              	.LFB245:
  28              		.file 1 "/workspace/nts-3_kaoss/common/_unit_base.c"
  29              		.loc 1 66 74 view -0
  30              		.cfi_startproc
  31              		@ args = 0, pretend = 0, frame = 0
  32              		@ frame_needed = 0, uses_anonymous_args = 0
  33              		@ link register save eliminated.
  34              		.loc 1 67 3 view .LVU1
  35              		.loc 1 68 3 view .LVU2
  36              		.loc 1 69 1 is_stmt 0 view .LVU3
  37 0000 6FF01F00 		mvn	r0, #31
  38              	.LVL1:
  39              		.loc 1 69 1 view .LVU4
  40 0004 7047     		bx	lr
  41              		.cfi_endproc
  42              	.LFE245:
  43              		.size	unit_init, .-unit_init
  44              		.align	1
  45              		.weak	unit_teardown
  46              		.syntax unified
  47              		.thumb
  48              		.thumb_func
  49              		.fpu fpv4-sp-d16
  50              		.type	unit_teardown, %function
  51              	unit_teardown:
  52              	.LFB246:
  53              		.loc 1 71 44 is_stmt 1 view -0
  54              		.cfi_startproc
  55              		@ args = 0, pretend = 0, frame = 0
  56              		@ frame_needed = 0, uses_anonymous_args = 0
  57              		@ link register save eliminated.
ARM GAS  /tmp/ccjntsk9.s 			page 2


  58              		.loc 1 71 45 view .LVU6
  59              		.loc 1 71 1 is_stmt 0 view .LVU7
  60 0006 7047     		bx	lr
  61              		.cfi_endproc
  62              	.LFE246:
  63              		.size	unit_teardown, .-unit_teardown
  64              		.align	1
  65              		.weak	unit_reset
  66              		.syntax unified
  67              		.thumb
  68              		.thumb_func
  69              		.fpu fpv4-sp-d16
  70              		.type	unit_reset, %function
  71              	unit_reset:
  72              	.LFB258:
  73              		.cfi_startproc
  74              		@ args = 0, pretend = 0, frame = 0
  75              		@ frame_needed = 0, uses_anonymous_args = 0
  76              		@ link register save eliminated.
  77 0008 7047     		bx	lr
  78              		.cfi_endproc
  79              	.LFE258:
  80              		.size	unit_reset, .-unit_reset
  81              		.align	1
  82              		.weak	unit_resume
  83              		.syntax unified
  84              		.thumb
  85              		.thumb_func
  86              		.fpu fpv4-sp-d16
  87              		.type	unit_resume, %function
  88              	unit_resume:
  89              	.LFB260:
  90              		.cfi_startproc
  91              		@ args = 0, pretend = 0, frame = 0
  92              		@ frame_needed = 0, uses_anonymous_args = 0
  93              		@ link register save eliminated.
  94 000a 7047     		bx	lr
  95              		.cfi_endproc
  96              	.LFE260:
  97              		.size	unit_resume, .-unit_resume
  98              		.align	1
  99              		.weak	unit_suspend
 100              		.syntax unified
 101              		.thumb
 102              		.thumb_func
 103              		.fpu fpv4-sp-d16
 104              		.type	unit_suspend, %function
 105              	unit_suspend:
 106              	.LFB262:
 107              		.cfi_startproc
 108              		@ args = 0, pretend = 0, frame = 0
 109              		@ frame_needed = 0, uses_anonymous_args = 0
 110              		@ link register save eliminated.
 111 000c 7047     		bx	lr
 112              		.cfi_endproc
 113              	.LFE262:
 114              		.size	unit_suspend, .-unit_suspend
ARM GAS  /tmp/ccjntsk9.s 			page 3


 115              		.align	1
 116              		.weak	unit_render
 117              		.syntax unified
 118              		.thumb
 119              		.thumb_func
 120              		.fpu fpv4-sp-d16
 121              		.type	unit_render, %function
 122              	unit_render:
 123              	.LVL2:
 124              	.LFB250:
 125              		.loc 1 79 88 is_stmt 1 view -0
 126              		.cfi_startproc
 127              		@ args = 0, pretend = 0, frame = 0
 128              		@ frame_needed = 0, uses_anonymous_args = 0
 129              		@ link register save eliminated.
 130              		.loc 1 80 3 view .LVU9
 131              		.loc 1 81 3 view .LVU10
 132              		.loc 1 82 3 view .LVU11
 133              		.loc 1 83 1 is_stmt 0 view .LVU12
 134 000e 7047     		bx	lr
 135              		.cfi_endproc
 136              	.LFE250:
 137              		.size	unit_render, .-unit_render
 138              		.align	1
 139              		.weak	unit_get_param_value
 140              		.syntax unified
 141              		.thumb
 142              		.thumb_func
 143              		.fpu fpv4-sp-d16
 144              		.type	unit_get_param_value, %function
 145              	unit_get_param_value:
 146              	.LVL3:
 147              	.LFB251:
 148              		.loc 1 85 64 is_stmt 1 view -0
 149              		.cfi_startproc
 150              		@ args = 0, pretend = 0, frame = 0
 151              		@ frame_needed = 0, uses_anonymous_args = 0
 152              		@ link register save eliminated.
 153              		.loc 1 86 3 view .LVU14
 154              		.loc 1 87 3 view .LVU15
 155              		.loc 1 88 1 is_stmt 0 view .LVU16
 156 0010 0020     		movs	r0, #0
 157              	.LVL4:
 158              		.loc 1 88 1 view .LVU17
 159 0012 7047     		bx	lr
 160              		.cfi_endproc
 161              	.LFE251:
 162              		.size	unit_get_param_value, .-unit_get_param_value
 163              		.align	1
 164              		.weak	unit_get_param_str_value
 165              		.syntax unified
 166              		.thumb
 167              		.thumb_func
 168              		.fpu fpv4-sp-d16
 169              		.type	unit_get_param_str_value, %function
 170              	unit_get_param_str_value:
 171              	.LVL5:
ARM GAS  /tmp/ccjntsk9.s 			page 4


 172              	.LFB252:
 173              		.loc 1 90 88 is_stmt 1 view -0
 174              		.cfi_startproc
 175              		@ args = 0, pretend = 0, frame = 0
 176              		@ frame_needed = 0, uses_anonymous_args = 0
 177              		@ link register save eliminated.
 178              		.loc 1 91 3 view .LVU19
 179              		.loc 1 92 3 view .LVU20
 180              		.loc 1 93 3 view .LVU21
 181              		.loc 1 94 1 is_stmt 0 view .LVU22
 182 0014 0020     		movs	r0, #0
 183              	.LVL6:
 184              		.loc 1 94 1 view .LVU23
 185 0016 7047     		bx	lr
 186              		.cfi_endproc
 187              	.LFE252:
 188              		.size	unit_get_param_str_value, .-unit_get_param_str_value
 189              		.align	1
 190              		.weak	unit_set_param_value
 191              		.syntax unified
 192              		.thumb
 193              		.thumb_func
 194              		.fpu fpv4-sp-d16
 195              		.type	unit_set_param_value, %function
 196              	unit_set_param_value:
 197              	.LVL7:
 198              	.LFB253:
 199              		.loc 1 96 76 is_stmt 1 view -0
 200              		.cfi_startproc
 201              		@ args = 0, pretend = 0, frame = 0
 202              		@ frame_needed = 0, uses_anonymous_args = 0
 203              		@ link register save eliminated.
 204              		.loc 1 97 3 view .LVU25
 205              		.loc 1 98 3 view .LVU26
 206              		.loc 1 99 1 is_stmt 0 view .LVU27
 207 0018 7047     		bx	lr
 208              		.cfi_endproc
 209              	.LFE253:
 210              		.size	unit_set_param_value, .-unit_set_param_value
 211              		.align	1
 212              		.weak	unit_set_tempo
 213              		.syntax unified
 214              		.thumb
 215              		.thumb_func
 216              		.fpu fpv4-sp-d16
 217              		.type	unit_set_tempo, %function
 218              	unit_set_tempo:
 219              	.LVL8:
 220              	.LFB254:
 221              		.loc 1 101 59 is_stmt 1 view -0
 222              		.cfi_startproc
 223              		@ args = 0, pretend = 0, frame = 0
 224              		@ frame_needed = 0, uses_anonymous_args = 0
 225              		@ link register save eliminated.
 226              		.loc 1 101 61 view .LVU29
 227              		.loc 1 101 1 is_stmt 0 view .LVU30
 228 001a 7047     		bx	lr
ARM GAS  /tmp/ccjntsk9.s 			page 5


 229              		.cfi_endproc
 230              	.LFE254:
 231              		.size	unit_set_tempo, .-unit_set_tempo
 232              		.align	1
 233              		.weak	unit_tempo_4ppqn_tick
 234              		.syntax unified
 235              		.thumb
 236              		.thumb_func
 237              		.fpu fpv4-sp-d16
 238              		.type	unit_tempo_4ppqn_tick, %function
 239              	unit_tempo_4ppqn_tick:
 240              	.LFB264:
 241              		.cfi_startproc
 242              		@ args = 0, pretend = 0, frame = 0
 243              		@ frame_needed = 0, uses_anonymous_args = 0
 244              		@ link register save eliminated.
 245 001c 7047     		bx	lr
 246              		.cfi_endproc
 247              	.LFE264:
 248              		.size	unit_tempo_4ppqn_tick, .-unit_tempo_4ppqn_tick
 249              		.align	1
 250              		.weak	unit_touch_event
 251              		.syntax unified
 252              		.thumb
 253              		.thumb_func
 254              		.fpu fpv4-sp-d16
 255              		.type	unit_touch_event, %function
 256              	unit_touch_event:
 257              	.LVL9:
 258              	.LFB256:
 259              		.loc 1 105 96 is_stmt 1 view -0
 260              		.cfi_startproc
 261              		@ args = 0, pretend = 0, frame = 0
 262              		@ frame_needed = 0, uses_anonymous_args = 0
 263              		@ link register save eliminated.
 264              		.loc 1 106 3 view .LVU32
 265              		.loc 1 107 3 view .LVU33
 266              		.loc 1 108 3 view .LVU34
 267              		.loc 1 109 3 view .LVU35
 268              		.loc 1 110 1 is_stmt 0 view .LVU36
 269 001e 7047     		bx	lr
 270              		.cfi_endproc
 271              	.LFE256:
 272              		.size	unit_touch_event, .-unit_touch_event
 273              		.weak	unit_header
 274              		.section	.unit_header,"a"
 275              		.type	unit_header, %object
 276              		.size	unit_header, 376
 277              	unit_header:
 278 0000 38010000 		.4byte	312
 279 0004 00060000 		.4byte	1536
 280 0008 00000200 		.4byte	131072
 281 000c 00000000 		.4byte	0
 282 0010 00000000 		.4byte	0
 283 0014 00000000 		.4byte	0
 284 0018 756E6465 		.ascii	"undefined\000"
 284      66696E65 
ARM GAS  /tmp/ccjntsk9.s 			page 6


 284      6400
 285 0022 00000000 		.space	10
 285      00000000 
 285      0000
 286 002c 00000000 		.4byte	0
 287 0030 00000000 		.space	4
 288 0034 00000000 		.4byte	0
 289 0038 0000     		.2byte	0
 290 003a 00000000 		.space	30
 290      00000000 
 290      00000000 
 290      00000000 
 290      00000000 
 291 0058 00000000 		.space	224
 291      00000000 
 291      00000000 
 291      00000000 
 291      00000000 
 292 0138 00       		.byte	0
 293 0139 00000000 		.space	7
 293      000000
 294 0140 00000000 		.space	56
 294      00000000 
 294      00000000 
 294      00000000 
 294      00000000 
 295              		.text
 296              	.Letext0:
 297              		.file 2 "/usr/lib/gcc/arm-none-eabi/9.2.1/include/stddef.h"
 298              		.file 3 "/usr/lib/gcc/arm-none-eabi/9.2.1/include/stdint.h"
 299              		.file 4 "/usr/include/newlib/sys/_types.h"
 300              		.file 5 "/usr/include/newlib/sys/reent.h"
 301              		.file 6 "/usr/include/newlib/sys/lock.h"
 302              		.file 7 "/workspace/nts-3_kaoss/common/runtime.h"
 303              		.file 8 "/workspace/nts-3_kaoss/common/osc_api.h"
 304              		.file 9 "/workspace/nts-3_kaoss/common/fx_api.h"
 305              		.file 10 "/workspace/nts-3_kaoss/common/unit_genericfx.h"
 306              		.section	.debug_info,"",%progbits
 307              	.Ldebug_info0:
 308 0000 01120000 		.4byte	0x1201
 309 0004 0400     		.2byte	0x4
 310 0006 00000000 		.4byte	.Ldebug_abbrev0
 311 000a 04       		.byte	0x4
 312 000b 01       		.uleb128 0x1
 313 000c 26060000 		.4byte	.LASF241
 314 0010 0C       		.byte	0xc
 315 0011 DA050000 		.4byte	.LASF242
 316 0015 75010000 		.4byte	.LASF243
 317 0019 00000000 		.4byte	.Ltext0
 318 001d 20000000 		.4byte	.Letext0-.Ltext0
 319 0021 00000000 		.4byte	.Ldebug_line0
 320 0025 02       		.uleb128 0x2
 321 0026 04       		.byte	0x4
 322 0027 05       		.byte	0x5
 323 0028 696E7400 		.ascii	"int\000"
 324 002c 03       		.uleb128 0x3
 325 002d E9030000 		.4byte	.LASF3
ARM GAS  /tmp/ccjntsk9.s 			page 7


 326 0031 02       		.byte	0x2
 327 0032 D1       		.byte	0xd1
 328 0033 17       		.byte	0x17
 329 0034 38000000 		.4byte	0x38
 330 0038 04       		.uleb128 0x4
 331 0039 04       		.byte	0x4
 332 003a 07       		.byte	0x7
 333 003b 09010000 		.4byte	.LASF0
 334 003f 04       		.uleb128 0x4
 335 0040 08       		.byte	0x8
 336 0041 05       		.byte	0x5
 337 0042 55070000 		.4byte	.LASF1
 338 0046 04       		.uleb128 0x4
 339 0047 08       		.byte	0x8
 340 0048 04       		.byte	0x4
 341 0049 A0080000 		.4byte	.LASF2
 342 004d 03       		.uleb128 0x3
 343 004e 5C020000 		.4byte	.LASF4
 344 0052 03       		.byte	0x3
 345 0053 22       		.byte	0x22
 346 0054 17       		.byte	0x17
 347 0055 59000000 		.4byte	0x59
 348 0059 04       		.uleb128 0x4
 349 005a 01       		.byte	0x1
 350 005b 06       		.byte	0x6
 351 005c 340C0000 		.4byte	.LASF5
 352 0060 03       		.uleb128 0x3
 353 0061 22030000 		.4byte	.LASF6
 354 0065 03       		.byte	0x3
 355 0066 25       		.byte	0x25
 356 0067 18       		.byte	0x18
 357 0068 6C000000 		.4byte	0x6c
 358 006c 04       		.uleb128 0x4
 359 006d 02       		.byte	0x2
 360 006e 05       		.byte	0x5
 361 006f FE080000 		.4byte	.LASF7
 362 0073 03       		.uleb128 0x3
 363 0074 240B0000 		.4byte	.LASF8
 364 0078 03       		.byte	0x3
 365 0079 28       		.byte	0x28
 366 007a 18       		.byte	0x18
 367 007b 7F000000 		.4byte	0x7f
 368 007f 04       		.uleb128 0x4
 369 0080 04       		.byte	0x4
 370 0081 05       		.byte	0x5
 371 0082 41090000 		.4byte	.LASF9
 372 0086 03       		.uleb128 0x3
 373 0087 B2050000 		.4byte	.LASF10
 374 008b 03       		.byte	0x3
 375 008c 2E       		.byte	0x2e
 376 008d 18       		.byte	0x18
 377 008e 97000000 		.4byte	0x97
 378 0092 05       		.uleb128 0x5
 379 0093 86000000 		.4byte	0x86
 380 0097 04       		.uleb128 0x4
 381 0098 01       		.byte	0x1
 382 0099 08       		.byte	0x8
ARM GAS  /tmp/ccjntsk9.s 			page 8


 383 009a 6E0B0000 		.4byte	.LASF11
 384 009e 03       		.uleb128 0x3
 385 009f AC080000 		.4byte	.LASF12
 386 00a3 03       		.byte	0x3
 387 00a4 31       		.byte	0x31
 388 00a5 19       		.byte	0x19
 389 00a6 AA000000 		.4byte	0xaa
 390 00aa 04       		.uleb128 0x4
 391 00ab 02       		.byte	0x2
 392 00ac 07       		.byte	0x7
 393 00ad 470C0000 		.4byte	.LASF13
 394 00b1 03       		.uleb128 0x3
 395 00b2 53020000 		.4byte	.LASF14
 396 00b6 03       		.byte	0x3
 397 00b7 34       		.byte	0x34
 398 00b8 19       		.byte	0x19
 399 00b9 C2000000 		.4byte	0xc2
 400 00bd 05       		.uleb128 0x5
 401 00be B1000000 		.4byte	0xb1
 402 00c2 04       		.uleb128 0x4
 403 00c3 04       		.byte	0x4
 404 00c4 07       		.byte	0x7
 405 00c5 F60A0000 		.4byte	.LASF15
 406 00c9 04       		.uleb128 0x4
 407 00ca 08       		.byte	0x8
 408 00cb 07       		.byte	0x7
 409 00cc 3C030000 		.4byte	.LASF16
 410 00d0 06       		.uleb128 0x6
 411 00d1 1D0B0000 		.4byte	.LASF17
 412 00d5 02       		.byte	0x2
 413 00d6 5E01     		.2byte	0x15e
 414 00d8 17       		.byte	0x17
 415 00d9 38000000 		.4byte	0x38
 416 00dd 03       		.uleb128 0x3
 417 00de 8C0C0000 		.4byte	.LASF18
 418 00e2 04       		.byte	0x4
 419 00e3 2E       		.byte	0x2e
 420 00e4 0E       		.byte	0xe
 421 00e5 7F000000 		.4byte	0x7f
 422 00e9 03       		.uleb128 0x3
 423 00ea 18020000 		.4byte	.LASF19
 424 00ee 04       		.byte	0x4
 425 00ef 74       		.byte	0x74
 426 00f0 0E       		.byte	0xe
 427 00f1 7F000000 		.4byte	0x7f
 428 00f5 07       		.uleb128 0x7
 429 00f6 04       		.byte	0x4
 430 00f7 04       		.byte	0x4
 431 00f8 A5       		.byte	0xa5
 432 00f9 03       		.byte	0x3
 433 00fa 17010000 		.4byte	0x117
 434 00fe 08       		.uleb128 0x8
 435 00ff A6050000 		.4byte	.LASF20
 436 0103 04       		.byte	0x4
 437 0104 A7       		.byte	0xa7
 438 0105 0C       		.byte	0xc
 439 0106 D0000000 		.4byte	0xd0
ARM GAS  /tmp/ccjntsk9.s 			page 9


 440 010a 08       		.uleb128 0x8
 441 010b 8C090000 		.4byte	.LASF21
 442 010f 04       		.byte	0x4
 443 0110 A8       		.byte	0xa8
 444 0111 13       		.byte	0x13
 445 0112 17010000 		.4byte	0x117
 446 0116 00       		.byte	0
 447 0117 09       		.uleb128 0x9
 448 0118 97000000 		.4byte	0x97
 449 011c 27010000 		.4byte	0x127
 450 0120 0A       		.uleb128 0xa
 451 0121 38000000 		.4byte	0x38
 452 0125 03       		.byte	0x3
 453 0126 00       		.byte	0
 454 0127 0B       		.uleb128 0xb
 455 0128 08       		.byte	0x8
 456 0129 04       		.byte	0x4
 457 012a A2       		.byte	0xa2
 458 012b 09       		.byte	0x9
 459 012c 4B010000 		.4byte	0x14b
 460 0130 0C       		.uleb128 0xc
 461 0131 A8020000 		.4byte	.LASF22
 462 0135 04       		.byte	0x4
 463 0136 A4       		.byte	0xa4
 464 0137 07       		.byte	0x7
 465 0138 25000000 		.4byte	0x25
 466 013c 00       		.byte	0
 467 013d 0C       		.uleb128 0xc
 468 013e 76040000 		.4byte	.LASF23
 469 0142 04       		.byte	0x4
 470 0143 A9       		.byte	0xa9
 471 0144 05       		.byte	0x5
 472 0145 F5000000 		.4byte	0xf5
 473 0149 04       		.byte	0x4
 474 014a 00       		.byte	0
 475 014b 03       		.uleb128 0x3
 476 014c 0A080000 		.4byte	.LASF24
 477 0150 04       		.byte	0x4
 478 0151 AA       		.byte	0xaa
 479 0152 03       		.byte	0x3
 480 0153 27010000 		.4byte	0x127
 481 0157 0D       		.uleb128 0xd
 482 0158 04       		.byte	0x4
 483 0159 03       		.uleb128 0x3
 484 015a 79070000 		.4byte	.LASF25
 485 015e 05       		.byte	0x5
 486 015f 16       		.byte	0x16
 487 0160 19       		.byte	0x19
 488 0161 C2000000 		.4byte	0xc2
 489 0165 03       		.uleb128 0x3
 490 0166 C5010000 		.4byte	.LASF26
 491 016a 06       		.byte	0x6
 492 016b 0C       		.byte	0xc
 493 016c 0D       		.byte	0xd
 494 016d 25000000 		.4byte	0x25
 495 0171 03       		.uleb128 0x3
 496 0172 5F050000 		.4byte	.LASF27
ARM GAS  /tmp/ccjntsk9.s 			page 10


 497 0176 05       		.byte	0x5
 498 0177 23       		.byte	0x23
 499 0178 1B       		.byte	0x1b
 500 0179 65010000 		.4byte	0x165
 501 017d 0E       		.uleb128 0xe
 502 017e 39020000 		.4byte	.LASF32
 503 0182 18       		.byte	0x18
 504 0183 05       		.byte	0x5
 505 0184 34       		.byte	0x34
 506 0185 08       		.byte	0x8
 507 0186 D7010000 		.4byte	0x1d7
 508 018a 0C       		.uleb128 0xc
 509 018b 20040000 		.4byte	.LASF28
 510 018f 05       		.byte	0x5
 511 0190 36       		.byte	0x36
 512 0191 13       		.byte	0x13
 513 0192 D7010000 		.4byte	0x1d7
 514 0196 00       		.byte	0
 515 0197 0F       		.uleb128 0xf
 516 0198 5F6B00   		.ascii	"_k\000"
 517 019b 05       		.byte	0x5
 518 019c 37       		.byte	0x37
 519 019d 07       		.byte	0x7
 520 019e 25000000 		.4byte	0x25
 521 01a2 04       		.byte	0x4
 522 01a3 0C       		.uleb128 0xc
 523 01a4 040A0000 		.4byte	.LASF29
 524 01a8 05       		.byte	0x5
 525 01a9 37       		.byte	0x37
 526 01aa 0B       		.byte	0xb
 527 01ab 25000000 		.4byte	0x25
 528 01af 08       		.byte	0x8
 529 01b0 0C       		.uleb128 0xc
 530 01b1 60090000 		.4byte	.LASF30
 531 01b5 05       		.byte	0x5
 532 01b6 37       		.byte	0x37
 533 01b7 14       		.byte	0x14
 534 01b8 25000000 		.4byte	0x25
 535 01bc 0C       		.byte	0xc
 536 01bd 0C       		.uleb128 0xc
 537 01be 68030000 		.4byte	.LASF31
 538 01c2 05       		.byte	0x5
 539 01c3 37       		.byte	0x37
 540 01c4 1B       		.byte	0x1b
 541 01c5 25000000 		.4byte	0x25
 542 01c9 10       		.byte	0x10
 543 01ca 0F       		.uleb128 0xf
 544 01cb 5F7800   		.ascii	"_x\000"
 545 01ce 05       		.byte	0x5
 546 01cf 38       		.byte	0x38
 547 01d0 0B       		.byte	0xb
 548 01d1 DD010000 		.4byte	0x1dd
 549 01d5 14       		.byte	0x14
 550 01d6 00       		.byte	0
 551 01d7 10       		.uleb128 0x10
 552 01d8 04       		.byte	0x4
 553 01d9 7D010000 		.4byte	0x17d
ARM GAS  /tmp/ccjntsk9.s 			page 11


 554 01dd 09       		.uleb128 0x9
 555 01de 59010000 		.4byte	0x159
 556 01e2 ED010000 		.4byte	0x1ed
 557 01e6 0A       		.uleb128 0xa
 558 01e7 38000000 		.4byte	0x38
 559 01eb 00       		.byte	0
 560 01ec 00       		.byte	0
 561 01ed 0E       		.uleb128 0xe
 562 01ee 990A0000 		.4byte	.LASF33
 563 01f2 24       		.byte	0x24
 564 01f3 05       		.byte	0x5
 565 01f4 3C       		.byte	0x3c
 566 01f5 08       		.byte	0x8
 567 01f6 70020000 		.4byte	0x270
 568 01fa 0C       		.uleb128 0xc
 569 01fb 03040000 		.4byte	.LASF34
 570 01ff 05       		.byte	0x5
 571 0200 3E       		.byte	0x3e
 572 0201 09       		.byte	0x9
 573 0202 25000000 		.4byte	0x25
 574 0206 00       		.byte	0
 575 0207 0C       		.uleb128 0xc
 576 0208 FC020000 		.4byte	.LASF35
 577 020c 05       		.byte	0x5
 578 020d 3F       		.byte	0x3f
 579 020e 09       		.byte	0x9
 580 020f 25000000 		.4byte	0x25
 581 0213 04       		.byte	0x4
 582 0214 0C       		.uleb128 0xc
 583 0215 63020000 		.4byte	.LASF36
 584 0219 05       		.byte	0x5
 585 021a 40       		.byte	0x40
 586 021b 09       		.byte	0x9
 587 021c 25000000 		.4byte	0x25
 588 0220 08       		.byte	0x8
 589 0221 0C       		.uleb128 0xc
 590 0222 EF040000 		.4byte	.LASF37
 591 0226 05       		.byte	0x5
 592 0227 41       		.byte	0x41
 593 0228 09       		.byte	0x9
 594 0229 25000000 		.4byte	0x25
 595 022d 0C       		.byte	0xc
 596 022e 0C       		.uleb128 0xc
 597 022f 90080000 		.4byte	.LASF38
 598 0233 05       		.byte	0x5
 599 0234 42       		.byte	0x42
 600 0235 09       		.byte	0x9
 601 0236 25000000 		.4byte	0x25
 602 023a 10       		.byte	0x10
 603 023b 0C       		.uleb128 0xc
 604 023c B1090000 		.4byte	.LASF39
 605 0240 05       		.byte	0x5
 606 0241 43       		.byte	0x43
 607 0242 09       		.byte	0x9
 608 0243 25000000 		.4byte	0x25
 609 0247 14       		.byte	0x14
 610 0248 0C       		.uleb128 0xc
ARM GAS  /tmp/ccjntsk9.s 			page 12


 611 0249 41020000 		.4byte	.LASF40
 612 024d 05       		.byte	0x5
 613 024e 44       		.byte	0x44
 614 024f 09       		.byte	0x9
 615 0250 25000000 		.4byte	0x25
 616 0254 18       		.byte	0x18
 617 0255 0C       		.uleb128 0xc
 618 0256 0C040000 		.4byte	.LASF41
 619 025a 05       		.byte	0x5
 620 025b 45       		.byte	0x45
 621 025c 09       		.byte	0x9
 622 025d 25000000 		.4byte	0x25
 623 0261 1C       		.byte	0x1c
 624 0262 0C       		.uleb128 0xc
 625 0263 15080000 		.4byte	.LASF42
 626 0267 05       		.byte	0x5
 627 0268 46       		.byte	0x46
 628 0269 09       		.byte	0x9
 629 026a 25000000 		.4byte	0x25
 630 026e 20       		.byte	0x20
 631 026f 00       		.byte	0
 632 0270 11       		.uleb128 0x11
 633 0271 8A000000 		.4byte	.LASF43
 634 0275 0801     		.2byte	0x108
 635 0277 05       		.byte	0x5
 636 0278 4F       		.byte	0x4f
 637 0279 08       		.byte	0x8
 638 027a B5020000 		.4byte	0x2b5
 639 027e 0C       		.uleb128 0xc
 640 027f 2C0C0000 		.4byte	.LASF44
 641 0283 05       		.byte	0x5
 642 0284 50       		.byte	0x50
 643 0285 0A       		.byte	0xa
 644 0286 B5020000 		.4byte	0x2b5
 645 028a 00       		.byte	0
 646 028b 0C       		.uleb128 0xc
 647 028c 2C0B0000 		.4byte	.LASF45
 648 0290 05       		.byte	0x5
 649 0291 51       		.byte	0x51
 650 0292 09       		.byte	0x9
 651 0293 B5020000 		.4byte	0x2b5
 652 0297 80       		.byte	0x80
 653 0298 12       		.uleb128 0x12
 654 0299 630C0000 		.4byte	.LASF46
 655 029d 05       		.byte	0x5
 656 029e 53       		.byte	0x53
 657 029f 0A       		.byte	0xa
 658 02a0 59010000 		.4byte	0x159
 659 02a4 0001     		.2byte	0x100
 660 02a6 12       		.uleb128 0x12
 661 02a7 EE0C0000 		.4byte	.LASF47
 662 02ab 05       		.byte	0x5
 663 02ac 56       		.byte	0x56
 664 02ad 0A       		.byte	0xa
 665 02ae 59010000 		.4byte	0x159
 666 02b2 0401     		.2byte	0x104
 667 02b4 00       		.byte	0
ARM GAS  /tmp/ccjntsk9.s 			page 13


 668 02b5 09       		.uleb128 0x9
 669 02b6 57010000 		.4byte	0x157
 670 02ba C5020000 		.4byte	0x2c5
 671 02be 0A       		.uleb128 0xa
 672 02bf 38000000 		.4byte	0x38
 673 02c3 1F       		.byte	0x1f
 674 02c4 00       		.byte	0
 675 02c5 11       		.uleb128 0x11
 676 02c6 ED080000 		.4byte	.LASF48
 677 02ca 9001     		.2byte	0x190
 678 02cc 05       		.byte	0x5
 679 02cd 62       		.byte	0x62
 680 02ce 08       		.byte	0x8
 681 02cf 08030000 		.4byte	0x308
 682 02d3 0C       		.uleb128 0xc
 683 02d4 20040000 		.4byte	.LASF28
 684 02d8 05       		.byte	0x5
 685 02d9 63       		.byte	0x63
 686 02da 12       		.byte	0x12
 687 02db 08030000 		.4byte	0x308
 688 02df 00       		.byte	0
 689 02e0 0C       		.uleb128 0xc
 690 02e1 1B040000 		.4byte	.LASF49
 691 02e5 05       		.byte	0x5
 692 02e6 64       		.byte	0x64
 693 02e7 06       		.byte	0x6
 694 02e8 25000000 		.4byte	0x25
 695 02ec 04       		.byte	0x4
 696 02ed 0C       		.uleb128 0xc
 697 02ee 20020000 		.4byte	.LASF50
 698 02f2 05       		.byte	0x5
 699 02f3 66       		.byte	0x66
 700 02f4 09       		.byte	0x9
 701 02f5 0E030000 		.4byte	0x30e
 702 02f9 08       		.byte	0x8
 703 02fa 0C       		.uleb128 0xc
 704 02fb 8A000000 		.4byte	.LASF43
 705 02ff 05       		.byte	0x5
 706 0300 67       		.byte	0x67
 707 0301 1E       		.byte	0x1e
 708 0302 70020000 		.4byte	0x270
 709 0306 88       		.byte	0x88
 710 0307 00       		.byte	0
 711 0308 10       		.uleb128 0x10
 712 0309 04       		.byte	0x4
 713 030a C5020000 		.4byte	0x2c5
 714 030e 09       		.uleb128 0x9
 715 030f 1E030000 		.4byte	0x31e
 716 0313 1E030000 		.4byte	0x31e
 717 0317 0A       		.uleb128 0xa
 718 0318 38000000 		.4byte	0x38
 719 031c 1F       		.byte	0x1f
 720 031d 00       		.byte	0
 721 031e 10       		.uleb128 0x10
 722 031f 04       		.byte	0x4
 723 0320 24030000 		.4byte	0x324
 724 0324 13       		.uleb128 0x13
ARM GAS  /tmp/ccjntsk9.s 			page 14


 725 0325 0E       		.uleb128 0xe
 726 0326 DE0B0000 		.4byte	.LASF51
 727 032a 08       		.byte	0x8
 728 032b 05       		.byte	0x5
 729 032c 7A       		.byte	0x7a
 730 032d 08       		.byte	0x8
 731 032e 4D030000 		.4byte	0x34d
 732 0332 0C       		.uleb128 0xc
 733 0333 63070000 		.4byte	.LASF52
 734 0337 05       		.byte	0x5
 735 0338 7B       		.byte	0x7b
 736 0339 11       		.byte	0x11
 737 033a 4D030000 		.4byte	0x34d
 738 033e 00       		.byte	0
 739 033f 0C       		.uleb128 0xc
 740 0340 6C0C0000 		.4byte	.LASF53
 741 0344 05       		.byte	0x5
 742 0345 7C       		.byte	0x7c
 743 0346 06       		.byte	0x6
 744 0347 25000000 		.4byte	0x25
 745 034b 04       		.byte	0x4
 746 034c 00       		.byte	0
 747 034d 10       		.uleb128 0x10
 748 034e 04       		.byte	0x4
 749 034f 97000000 		.4byte	0x97
 750 0353 0E       		.uleb128 0xe
 751 0354 60030000 		.4byte	.LASF54
 752 0358 68       		.byte	0x68
 753 0359 05       		.byte	0x5
 754 035a BA       		.byte	0xba
 755 035b 08       		.byte	0x8
 756 035c 96040000 		.4byte	0x496
 757 0360 0F       		.uleb128 0xf
 758 0361 5F7000   		.ascii	"_p\000"
 759 0364 05       		.byte	0x5
 760 0365 BB       		.byte	0xbb
 761 0366 12       		.byte	0x12
 762 0367 4D030000 		.4byte	0x34d
 763 036b 00       		.byte	0
 764 036c 0F       		.uleb128 0xf
 765 036d 5F7200   		.ascii	"_r\000"
 766 0370 05       		.byte	0x5
 767 0371 BC       		.byte	0xbc
 768 0372 07       		.byte	0x7
 769 0373 25000000 		.4byte	0x25
 770 0377 04       		.byte	0x4
 771 0378 0F       		.uleb128 0xf
 772 0379 5F7700   		.ascii	"_w\000"
 773 037c 05       		.byte	0x5
 774 037d BD       		.byte	0xbd
 775 037e 07       		.byte	0x7
 776 037f 25000000 		.4byte	0x25
 777 0383 08       		.byte	0x8
 778 0384 0C       		.uleb128 0xc
 779 0385 42010000 		.4byte	.LASF55
 780 0389 05       		.byte	0x5
 781 038a BE       		.byte	0xbe
ARM GAS  /tmp/ccjntsk9.s 			page 15


 782 038b 09       		.byte	0x9
 783 038c 6C000000 		.4byte	0x6c
 784 0390 0C       		.byte	0xc
 785 0391 0C       		.uleb128 0xc
 786 0392 DF070000 		.4byte	.LASF56
 787 0396 05       		.byte	0x5
 788 0397 BF       		.byte	0xbf
 789 0398 09       		.byte	0x9
 790 0399 6C000000 		.4byte	0x6c
 791 039d 0E       		.byte	0xe
 792 039e 0F       		.uleb128 0xf
 793 039f 5F626600 		.ascii	"_bf\000"
 794 03a3 05       		.byte	0x5
 795 03a4 C0       		.byte	0xc0
 796 03a5 11       		.byte	0x11
 797 03a6 25030000 		.4byte	0x325
 798 03aa 10       		.byte	0x10
 799 03ab 0C       		.uleb128 0xc
 800 03ac 39010000 		.4byte	.LASF57
 801 03b0 05       		.byte	0x5
 802 03b1 C1       		.byte	0xc1
 803 03b2 07       		.byte	0x7
 804 03b3 25000000 		.4byte	0x25
 805 03b7 18       		.byte	0x18
 806 03b8 0C       		.uleb128 0xc
 807 03b9 25020000 		.4byte	.LASF58
 808 03bd 05       		.byte	0x5
 809 03be C8       		.byte	0xc8
 810 03bf 0A       		.byte	0xa
 811 03c0 57010000 		.4byte	0x157
 812 03c4 1C       		.byte	0x1c
 813 03c5 0C       		.uleb128 0xc
 814 03c6 F1010000 		.4byte	.LASF59
 815 03ca 05       		.byte	0x5
 816 03cb CA       		.byte	0xca
 817 03cc 1D       		.byte	0x1d
 818 03cd 1A060000 		.4byte	0x61a
 819 03d1 20       		.byte	0x20
 820 03d2 0C       		.uleb128 0xc
 821 03d3 B5080000 		.4byte	.LASF60
 822 03d7 05       		.byte	0x5
 823 03d8 CC       		.byte	0xcc
 824 03d9 1D       		.byte	0x1d
 825 03da 44060000 		.4byte	0x644
 826 03de 24       		.byte	0x24
 827 03df 0C       		.uleb128 0xc
 828 03e0 120D0000 		.4byte	.LASF61
 829 03e4 05       		.byte	0x5
 830 03e5 CF       		.byte	0xcf
 831 03e6 0D       		.byte	0xd
 832 03e7 68060000 		.4byte	0x668
 833 03eb 28       		.byte	0x28
 834 03ec 0C       		.uleb128 0xc
 835 03ed D3050000 		.4byte	.LASF62
 836 03f1 05       		.byte	0x5
 837 03f2 D0       		.byte	0xd0
 838 03f3 09       		.byte	0x9
ARM GAS  /tmp/ccjntsk9.s 			page 16


 839 03f4 82060000 		.4byte	0x682
 840 03f8 2C       		.byte	0x2c
 841 03f9 0F       		.uleb128 0xf
 842 03fa 5F756200 		.ascii	"_ub\000"
 843 03fe 05       		.byte	0x5
 844 03ff D3       		.byte	0xd3
 845 0400 11       		.byte	0x11
 846 0401 25030000 		.4byte	0x325
 847 0405 30       		.byte	0x30
 848 0406 0F       		.uleb128 0xf
 849 0407 5F757000 		.ascii	"_up\000"
 850 040b 05       		.byte	0x5
 851 040c D4       		.byte	0xd4
 852 040d 12       		.byte	0x12
 853 040e 4D030000 		.4byte	0x34d
 854 0412 38       		.byte	0x38
 855 0413 0F       		.uleb128 0xf
 856 0414 5F757200 		.ascii	"_ur\000"
 857 0418 05       		.byte	0x5
 858 0419 D5       		.byte	0xd5
 859 041a 07       		.byte	0x7
 860 041b 25000000 		.4byte	0x25
 861 041f 3C       		.byte	0x3c
 862 0420 0C       		.uleb128 0xc
 863 0421 290D0000 		.4byte	.LASF63
 864 0425 05       		.byte	0x5
 865 0426 D8       		.byte	0xd8
 866 0427 11       		.byte	0x11
 867 0428 88060000 		.4byte	0x688
 868 042c 40       		.byte	0x40
 869 042d 0C       		.uleb128 0xc
 870 042e 930C0000 		.4byte	.LASF64
 871 0432 05       		.byte	0x5
 872 0433 D9       		.byte	0xd9
 873 0434 11       		.byte	0x11
 874 0435 98060000 		.4byte	0x698
 875 0439 43       		.byte	0x43
 876 043a 0F       		.uleb128 0xf
 877 043b 5F6C6200 		.ascii	"_lb\000"
 878 043f 05       		.byte	0x5
 879 0440 DC       		.byte	0xdc
 880 0441 11       		.byte	0x11
 881 0442 25030000 		.4byte	0x325
 882 0446 44       		.byte	0x44
 883 0447 0C       		.uleb128 0xc
 884 0448 830A0000 		.4byte	.LASF65
 885 044c 05       		.byte	0x5
 886 044d DF       		.byte	0xdf
 887 044e 07       		.byte	0x7
 888 044f 25000000 		.4byte	0x25
 889 0453 4C       		.byte	0x4c
 890 0454 0C       		.uleb128 0xc
 891 0455 7B030000 		.4byte	.LASF66
 892 0459 05       		.byte	0x5
 893 045a E0       		.byte	0xe0
 894 045b 0A       		.byte	0xa
 895 045c DD000000 		.4byte	0xdd
ARM GAS  /tmp/ccjntsk9.s 			page 17


 896 0460 50       		.byte	0x50
 897 0461 0C       		.uleb128 0xc
 898 0462 86090000 		.4byte	.LASF67
 899 0466 05       		.byte	0x5
 900 0467 E3       		.byte	0xe3
 901 0468 12       		.byte	0x12
 902 0469 B4040000 		.4byte	0x4b4
 903 046d 54       		.byte	0x54
 904 046e 0C       		.uleb128 0xc
 905 046f A30A0000 		.4byte	.LASF68
 906 0473 05       		.byte	0x5
 907 0474 E7       		.byte	0xe7
 908 0475 0C       		.byte	0xc
 909 0476 71010000 		.4byte	0x171
 910 047a 58       		.byte	0x58
 911 047b 0C       		.uleb128 0xc
 912 047c F5080000 		.4byte	.LASF69
 913 0480 05       		.byte	0x5
 914 0481 E9       		.byte	0xe9
 915 0482 0E       		.byte	0xe
 916 0483 4B010000 		.4byte	0x14b
 917 0487 5C       		.byte	0x5c
 918 0488 0C       		.uleb128 0xc
 919 0489 C40C0000 		.4byte	.LASF70
 920 048d 05       		.byte	0x5
 921 048e EA       		.byte	0xea
 922 048f 09       		.byte	0x9
 923 0490 25000000 		.4byte	0x25
 924 0494 64       		.byte	0x64
 925 0495 00       		.byte	0
 926 0496 14       		.uleb128 0x14
 927 0497 25000000 		.4byte	0x25
 928 049b B4040000 		.4byte	0x4b4
 929 049f 15       		.uleb128 0x15
 930 04a0 B4040000 		.4byte	0x4b4
 931 04a4 15       		.uleb128 0x15
 932 04a5 57010000 		.4byte	0x157
 933 04a9 15       		.uleb128 0x15
 934 04aa 08060000 		.4byte	0x608
 935 04ae 15       		.uleb128 0x15
 936 04af 25000000 		.4byte	0x25
 937 04b3 00       		.byte	0
 938 04b4 10       		.uleb128 0x10
 939 04b5 04       		.byte	0x4
 940 04b6 BF040000 		.4byte	0x4bf
 941 04ba 05       		.uleb128 0x5
 942 04bb B4040000 		.4byte	0x4b4
 943 04bf 16       		.uleb128 0x16
 944 04c0 400C0000 		.4byte	.LASF71
 945 04c4 2804     		.2byte	0x428
 946 04c6 05       		.byte	0x5
 947 04c7 6502     		.2byte	0x265
 948 04c9 08       		.byte	0x8
 949 04ca 08060000 		.4byte	0x608
 950 04ce 17       		.uleb128 0x17
 951 04cf 6E010000 		.4byte	.LASF72
 952 04d3 05       		.byte	0x5
ARM GAS  /tmp/ccjntsk9.s 			page 18


 953 04d4 6702     		.2byte	0x267
 954 04d6 07       		.byte	0x7
 955 04d7 25000000 		.4byte	0x25
 956 04db 00       		.byte	0
 957 04dc 17       		.uleb128 0x17
 958 04dd 3F070000 		.4byte	.LASF73
 959 04e1 05       		.byte	0x5
 960 04e2 6C02     		.2byte	0x26c
 961 04e4 0B       		.byte	0xb
 962 04e5 F4060000 		.4byte	0x6f4
 963 04e9 04       		.byte	0x4
 964 04ea 17       		.uleb128 0x17
 965 04eb 10020000 		.4byte	.LASF74
 966 04ef 05       		.byte	0x5
 967 04f0 6C02     		.2byte	0x26c
 968 04f2 14       		.byte	0x14
 969 04f3 F4060000 		.4byte	0x6f4
 970 04f7 08       		.byte	0x8
 971 04f8 17       		.uleb128 0x17
 972 04f9 180D0000 		.4byte	.LASF75
 973 04fd 05       		.byte	0x5
 974 04fe 6C02     		.2byte	0x26c
 975 0500 1E       		.byte	0x1e
 976 0501 F4060000 		.4byte	0x6f4
 977 0505 0C       		.byte	0xc
 978 0506 17       		.uleb128 0x17
 979 0507 16040000 		.4byte	.LASF76
 980 050b 05       		.byte	0x5
 981 050c 6E02     		.2byte	0x26e
 982 050e 08       		.byte	0x8
 983 050f 25000000 		.4byte	0x25
 984 0513 10       		.byte	0x10
 985 0514 17       		.uleb128 0x17
 986 0515 CA030000 		.4byte	.LASF77
 987 0519 05       		.byte	0x5
 988 051a 6F02     		.2byte	0x26f
 989 051c 08       		.byte	0x8
 990 051d F4080000 		.4byte	0x8f4
 991 0521 14       		.byte	0x14
 992 0522 17       		.uleb128 0x17
 993 0523 A60C0000 		.4byte	.LASF78
 994 0527 05       		.byte	0x5
 995 0528 7202     		.2byte	0x272
 996 052a 07       		.byte	0x7
 997 052b 25000000 		.4byte	0x25
 998 052f 30       		.byte	0x30
 999 0530 17       		.uleb128 0x17
 1000 0531 1E0C0000 		.4byte	.LASF79
 1001 0535 05       		.byte	0x5
 1002 0536 7302     		.2byte	0x273
 1003 0538 16       		.byte	0x16
 1004 0539 09090000 		.4byte	0x909
 1005 053d 34       		.byte	0x34
 1006 053e 17       		.uleb128 0x17
 1007 053f 0F060000 		.4byte	.LASF80
 1008 0543 05       		.byte	0x5
 1009 0544 7502     		.2byte	0x275
ARM GAS  /tmp/ccjntsk9.s 			page 19


 1010 0546 07       		.byte	0x7
 1011 0547 25000000 		.4byte	0x25
 1012 054b 38       		.byte	0x38
 1013 054c 17       		.uleb128 0x17
 1014 054d 00080000 		.4byte	.LASF81
 1015 0551 05       		.byte	0x5
 1016 0552 7702     		.2byte	0x277
 1017 0554 0A       		.byte	0xa
 1018 0555 1A090000 		.4byte	0x91a
 1019 0559 3C       		.byte	0x3c
 1020 055a 17       		.uleb128 0x17
 1021 055b 4B020000 		.4byte	.LASF82
 1022 055f 05       		.byte	0x5
 1023 0560 7A02     		.2byte	0x27a
 1024 0562 13       		.byte	0x13
 1025 0563 D7010000 		.4byte	0x1d7
 1026 0567 40       		.byte	0x40
 1027 0568 17       		.uleb128 0x17
 1028 0569 32030000 		.4byte	.LASF83
 1029 056d 05       		.byte	0x5
 1030 056e 7B02     		.2byte	0x27b
 1031 0570 07       		.byte	0x7
 1032 0571 25000000 		.4byte	0x25
 1033 0575 44       		.byte	0x44
 1034 0576 17       		.uleb128 0x17
 1035 0577 93040000 		.4byte	.LASF84
 1036 057b 05       		.byte	0x5
 1037 057c 7C02     		.2byte	0x27c
 1038 057e 13       		.byte	0x13
 1039 057f D7010000 		.4byte	0x1d7
 1040 0583 48       		.byte	0x48
 1041 0584 17       		.uleb128 0x17
 1042 0585 69070000 		.4byte	.LASF85
 1043 0589 05       		.byte	0x5
 1044 058a 7D02     		.2byte	0x27d
 1045 058c 14       		.byte	0x14
 1046 058d 20090000 		.4byte	0x920
 1047 0591 4C       		.byte	0x4c
 1048 0592 17       		.uleb128 0x17
 1049 0593 FC090000 		.4byte	.LASF86
 1050 0597 05       		.byte	0x5
 1051 0598 8002     		.2byte	0x280
 1052 059a 07       		.byte	0x7
 1053 059b 25000000 		.4byte	0x25
 1054 059f 50       		.byte	0x50
 1055 05a0 17       		.uleb128 0x17
 1056 05a1 660B0000 		.4byte	.LASF87
 1057 05a5 05       		.byte	0x5
 1058 05a6 8102     		.2byte	0x281
 1059 05a8 09       		.byte	0x9
 1060 05a9 08060000 		.4byte	0x608
 1061 05ad 54       		.byte	0x54
 1062 05ae 17       		.uleb128 0x17
 1063 05af F7090000 		.4byte	.LASF88
 1064 05b3 05       		.byte	0x5
 1065 05b4 A402     		.2byte	0x2a4
 1066 05b6 07       		.byte	0x7
ARM GAS  /tmp/ccjntsk9.s 			page 20


 1067 05b7 CF080000 		.4byte	0x8cf
 1068 05bb 58       		.byte	0x58
 1069 05bc 18       		.uleb128 0x18
 1070 05bd ED080000 		.4byte	.LASF48
 1071 05c1 05       		.byte	0x5
 1072 05c2 A802     		.2byte	0x2a8
 1073 05c4 13       		.byte	0x13
 1074 05c5 08030000 		.4byte	0x308
 1075 05c9 4801     		.2byte	0x148
 1076 05cb 18       		.uleb128 0x18
 1077 05cc 1D050000 		.4byte	.LASF89
 1078 05d0 05       		.byte	0x5
 1079 05d1 A902     		.2byte	0x2a9
 1080 05d3 12       		.byte	0x12
 1081 05d4 C5020000 		.4byte	0x2c5
 1082 05d8 4C01     		.2byte	0x14c
 1083 05da 18       		.uleb128 0x18
 1084 05db 04050000 		.4byte	.LASF90
 1085 05df 05       		.byte	0x5
 1086 05e0 AD02     		.2byte	0x2ad
 1087 05e2 0C       		.byte	0xc
 1088 05e3 31090000 		.4byte	0x931
 1089 05e7 DC02     		.2byte	0x2dc
 1090 05e9 18       		.uleb128 0x18
 1091 05ea FB0B0000 		.4byte	.LASF91
 1092 05ee 05       		.byte	0x5
 1093 05ef B202     		.2byte	0x2b2
 1094 05f1 10       		.byte	0x10
 1095 05f2 B5060000 		.4byte	0x6b5
 1096 05f6 E002     		.2byte	0x2e0
 1097 05f8 18       		.uleb128 0x18
 1098 05f9 5B090000 		.4byte	.LASF92
 1099 05fd 05       		.byte	0x5
 1100 05fe B402     		.2byte	0x2b4
 1101 0600 0A       		.byte	0xa
 1102 0601 3D090000 		.4byte	0x93d
 1103 0605 EC02     		.2byte	0x2ec
 1104 0607 00       		.byte	0
 1105 0608 10       		.uleb128 0x10
 1106 0609 04       		.byte	0x4
 1107 060a 0E060000 		.4byte	0x60e
 1108 060e 04       		.uleb128 0x4
 1109 060f 01       		.byte	0x1
 1110 0610 08       		.byte	0x8
 1111 0611 D4040000 		.4byte	.LASF93
 1112 0615 05       		.uleb128 0x5
 1113 0616 0E060000 		.4byte	0x60e
 1114 061a 10       		.uleb128 0x10
 1115 061b 04       		.byte	0x4
 1116 061c 96040000 		.4byte	0x496
 1117 0620 14       		.uleb128 0x14
 1118 0621 25000000 		.4byte	0x25
 1119 0625 3E060000 		.4byte	0x63e
 1120 0629 15       		.uleb128 0x15
 1121 062a B4040000 		.4byte	0x4b4
 1122 062e 15       		.uleb128 0x15
 1123 062f 57010000 		.4byte	0x157
ARM GAS  /tmp/ccjntsk9.s 			page 21


 1124 0633 15       		.uleb128 0x15
 1125 0634 3E060000 		.4byte	0x63e
 1126 0638 15       		.uleb128 0x15
 1127 0639 25000000 		.4byte	0x25
 1128 063d 00       		.byte	0
 1129 063e 10       		.uleb128 0x10
 1130 063f 04       		.byte	0x4
 1131 0640 15060000 		.4byte	0x615
 1132 0644 10       		.uleb128 0x10
 1133 0645 04       		.byte	0x4
 1134 0646 20060000 		.4byte	0x620
 1135 064a 14       		.uleb128 0x14
 1136 064b E9000000 		.4byte	0xe9
 1137 064f 68060000 		.4byte	0x668
 1138 0653 15       		.uleb128 0x15
 1139 0654 B4040000 		.4byte	0x4b4
 1140 0658 15       		.uleb128 0x15
 1141 0659 57010000 		.4byte	0x157
 1142 065d 15       		.uleb128 0x15
 1143 065e E9000000 		.4byte	0xe9
 1144 0662 15       		.uleb128 0x15
 1145 0663 25000000 		.4byte	0x25
 1146 0667 00       		.byte	0
 1147 0668 10       		.uleb128 0x10
 1148 0669 04       		.byte	0x4
 1149 066a 4A060000 		.4byte	0x64a
 1150 066e 14       		.uleb128 0x14
 1151 066f 25000000 		.4byte	0x25
 1152 0673 82060000 		.4byte	0x682
 1153 0677 15       		.uleb128 0x15
 1154 0678 B4040000 		.4byte	0x4b4
 1155 067c 15       		.uleb128 0x15
 1156 067d 57010000 		.4byte	0x157
 1157 0681 00       		.byte	0
 1158 0682 10       		.uleb128 0x10
 1159 0683 04       		.byte	0x4
 1160 0684 6E060000 		.4byte	0x66e
 1161 0688 09       		.uleb128 0x9
 1162 0689 97000000 		.4byte	0x97
 1163 068d 98060000 		.4byte	0x698
 1164 0691 0A       		.uleb128 0xa
 1165 0692 38000000 		.4byte	0x38
 1166 0696 02       		.byte	0x2
 1167 0697 00       		.byte	0
 1168 0698 09       		.uleb128 0x9
 1169 0699 97000000 		.4byte	0x97
 1170 069d A8060000 		.4byte	0x6a8
 1171 06a1 0A       		.uleb128 0xa
 1172 06a2 38000000 		.4byte	0x38
 1173 06a6 00       		.byte	0
 1174 06a7 00       		.byte	0
 1175 06a8 06       		.uleb128 0x6
 1176 06a9 74030000 		.4byte	.LASF94
 1177 06ad 05       		.byte	0x5
 1178 06ae 2401     		.2byte	0x124
 1179 06b0 1A       		.byte	0x1a
 1180 06b1 53030000 		.4byte	0x353
ARM GAS  /tmp/ccjntsk9.s 			page 22


 1181 06b5 19       		.uleb128 0x19
 1182 06b6 F50B0000 		.4byte	.LASF95
 1183 06ba 0C       		.byte	0xc
 1184 06bb 05       		.byte	0x5
 1185 06bc 2801     		.2byte	0x128
 1186 06be 08       		.byte	0x8
 1187 06bf EE060000 		.4byte	0x6ee
 1188 06c3 17       		.uleb128 0x17
 1189 06c4 20040000 		.4byte	.LASF28
 1190 06c8 05       		.byte	0x5
 1191 06c9 2A01     		.2byte	0x12a
 1192 06cb 11       		.byte	0x11
 1193 06cc EE060000 		.4byte	0x6ee
 1194 06d0 00       		.byte	0
 1195 06d1 17       		.uleb128 0x17
 1196 06d2 160B0000 		.4byte	.LASF96
 1197 06d6 05       		.byte	0x5
 1198 06d7 2B01     		.2byte	0x12b
 1199 06d9 07       		.byte	0x7
 1200 06da 25000000 		.4byte	0x25
 1201 06de 04       		.byte	0x4
 1202 06df 17       		.uleb128 0x17
 1203 06e0 AC050000 		.4byte	.LASF97
 1204 06e4 05       		.byte	0x5
 1205 06e5 2C01     		.2byte	0x12c
 1206 06e7 0B       		.byte	0xb
 1207 06e8 F4060000 		.4byte	0x6f4
 1208 06ec 08       		.byte	0x8
 1209 06ed 00       		.byte	0
 1210 06ee 10       		.uleb128 0x10
 1211 06ef 04       		.byte	0x4
 1212 06f0 B5060000 		.4byte	0x6b5
 1213 06f4 10       		.uleb128 0x10
 1214 06f5 04       		.byte	0x4
 1215 06f6 A8060000 		.4byte	0x6a8
 1216 06fa 19       		.uleb128 0x19
 1217 06fb 2A030000 		.4byte	.LASF98
 1218 06ff 0E       		.byte	0xe
 1219 0700 05       		.byte	0x5
 1220 0701 4401     		.2byte	0x144
 1221 0703 08       		.byte	0x8
 1222 0704 33070000 		.4byte	0x733
 1223 0708 17       		.uleb128 0x17
 1224 0709 F60C0000 		.4byte	.LASF99
 1225 070d 05       		.byte	0x5
 1226 070e 4501     		.2byte	0x145
 1227 0710 12       		.byte	0x12
 1228 0711 33070000 		.4byte	0x733
 1229 0715 00       		.byte	0
 1230 0716 17       		.uleb128 0x17
 1231 0717 73070000 		.4byte	.LASF100
 1232 071b 05       		.byte	0x5
 1233 071c 4601     		.2byte	0x146
 1234 071e 12       		.byte	0x12
 1235 071f 33070000 		.4byte	0x733
 1236 0723 06       		.byte	0x6
 1237 0724 17       		.uleb128 0x17
ARM GAS  /tmp/ccjntsk9.s 			page 23


 1238 0725 C20B0000 		.4byte	.LASF101
 1239 0729 05       		.byte	0x5
 1240 072a 4701     		.2byte	0x147
 1241 072c 12       		.byte	0x12
 1242 072d AA000000 		.4byte	0xaa
 1243 0731 0C       		.byte	0xc
 1244 0732 00       		.byte	0
 1245 0733 09       		.uleb128 0x9
 1246 0734 AA000000 		.4byte	0xaa
 1247 0738 43070000 		.4byte	0x743
 1248 073c 0A       		.uleb128 0xa
 1249 073d 38000000 		.4byte	0x38
 1250 0741 02       		.byte	0x2
 1251 0742 00       		.byte	0
 1252 0743 1A       		.uleb128 0x1a
 1253 0744 D0       		.byte	0xd0
 1254 0745 05       		.byte	0x5
 1255 0746 8502     		.2byte	0x285
 1256 0748 07       		.byte	0x7
 1257 0749 58080000 		.4byte	0x858
 1258 074d 17       		.uleb128 0x17
 1259 074e 990C0000 		.4byte	.LASF102
 1260 0752 05       		.byte	0x5
 1261 0753 8702     		.2byte	0x287
 1262 0755 18       		.byte	0x18
 1263 0756 38000000 		.4byte	0x38
 1264 075a 00       		.byte	0
 1265 075b 17       		.uleb128 0x17
 1266 075c 030C0000 		.4byte	.LASF103
 1267 0760 05       		.byte	0x5
 1268 0761 8802     		.2byte	0x288
 1269 0763 12       		.byte	0x12
 1270 0764 08060000 		.4byte	0x608
 1271 0768 04       		.byte	0x4
 1272 0769 17       		.uleb128 0x17
 1273 076a 53030000 		.4byte	.LASF104
 1274 076e 05       		.byte	0x5
 1275 076f 8902     		.2byte	0x289
 1276 0771 10       		.byte	0x10
 1277 0772 58080000 		.4byte	0x858
 1278 0776 08       		.byte	0x8
 1279 0777 17       		.uleb128 0x17
 1280 0778 CC090000 		.4byte	.LASF105
 1281 077c 05       		.byte	0x5
 1282 077d 8A02     		.2byte	0x28a
 1283 077f 17       		.byte	0x17
 1284 0780 ED010000 		.4byte	0x1ed
 1285 0784 24       		.byte	0x24
 1286 0785 17       		.uleb128 0x17
 1287 0786 46070000 		.4byte	.LASF106
 1288 078a 05       		.byte	0x5
 1289 078b 8B02     		.2byte	0x28b
 1290 078d 0F       		.byte	0xf
 1291 078e 25000000 		.4byte	0x25
 1292 0792 48       		.byte	0x48
 1293 0793 17       		.uleb128 0x17
 1294 0794 FC0C0000 		.4byte	.LASF107
ARM GAS  /tmp/ccjntsk9.s 			page 24


 1295 0798 05       		.byte	0x5
 1296 0799 8C02     		.2byte	0x28c
 1297 079b 2C       		.byte	0x2c
 1298 079c C9000000 		.4byte	0xc9
 1299 07a0 50       		.byte	0x50
 1300 07a1 17       		.uleb128 0x17
 1301 07a2 DB000000 		.4byte	.LASF108
 1302 07a6 05       		.byte	0x5
 1303 07a7 8D02     		.2byte	0x28d
 1304 07a9 1A       		.byte	0x1a
 1305 07aa FA060000 		.4byte	0x6fa
 1306 07ae 58       		.byte	0x58
 1307 07af 17       		.uleb128 0x17
 1308 07b0 A9040000 		.4byte	.LASF109
 1309 07b4 05       		.byte	0x5
 1310 07b5 8E02     		.2byte	0x28e
 1311 07b7 16       		.byte	0x16
 1312 07b8 4B010000 		.4byte	0x14b
 1313 07bc 68       		.byte	0x68
 1314 07bd 17       		.uleb128 0x17
 1315 07be 100C0000 		.4byte	.LASF110
 1316 07c2 05       		.byte	0x5
 1317 07c3 8F02     		.2byte	0x28f
 1318 07c5 16       		.byte	0x16
 1319 07c6 4B010000 		.4byte	0x14b
 1320 07ca 70       		.byte	0x70
 1321 07cb 17       		.uleb128 0x17
 1322 07cc B1000000 		.4byte	.LASF111
 1323 07d0 05       		.byte	0x5
 1324 07d1 9002     		.2byte	0x290
 1325 07d3 16       		.byte	0x16
 1326 07d4 4B010000 		.4byte	0x14b
 1327 07d8 78       		.byte	0x78
 1328 07d9 17       		.uleb128 0x17
 1329 07da 0C0A0000 		.4byte	.LASF112
 1330 07de 05       		.byte	0x5
 1331 07df 9102     		.2byte	0x291
 1332 07e1 10       		.byte	0x10
 1333 07e2 68080000 		.4byte	0x868
 1334 07e6 80       		.byte	0x80
 1335 07e7 17       		.uleb128 0x17
 1336 07e8 E0000000 		.4byte	.LASF113
 1337 07ec 05       		.byte	0x5
 1338 07ed 9202     		.2byte	0x292
 1339 07ef 10       		.byte	0x10
 1340 07f0 78080000 		.4byte	0x878
 1341 07f4 88       		.byte	0x88
 1342 07f5 17       		.uleb128 0x17
 1343 07f6 7C0B0000 		.4byte	.LASF114
 1344 07fa 05       		.byte	0x5
 1345 07fb 9302     		.2byte	0x293
 1346 07fd 0F       		.byte	0xf
 1347 07fe 25000000 		.4byte	0x25
 1348 0802 A0       		.byte	0xa0
 1349 0803 17       		.uleb128 0x17
 1350 0804 F7010000 		.4byte	.LASF115
 1351 0808 05       		.byte	0x5
ARM GAS  /tmp/ccjntsk9.s 			page 25


 1352 0809 9402     		.2byte	0x294
 1353 080b 16       		.byte	0x16
 1354 080c 4B010000 		.4byte	0x14b
 1355 0810 A4       		.byte	0xa4
 1356 0811 17       		.uleb128 0x17
 1357 0812 0E050000 		.4byte	.LASF116
 1358 0816 05       		.byte	0x5
 1359 0817 9502     		.2byte	0x295
 1360 0819 16       		.byte	0x16
 1361 081a 4B010000 		.4byte	0x14b
 1362 081e AC       		.byte	0xac
 1363 081f 17       		.uleb128 0x17
 1364 0820 26040000 		.4byte	.LASF117
 1365 0824 05       		.byte	0x5
 1366 0825 9602     		.2byte	0x296
 1367 0827 16       		.byte	0x16
 1368 0828 4B010000 		.4byte	0x14b
 1369 082c B4       		.byte	0xb4
 1370 082d 17       		.uleb128 0x17
 1371 082e BE070000 		.4byte	.LASF118
 1372 0832 05       		.byte	0x5
 1373 0833 9702     		.2byte	0x297
 1374 0835 16       		.byte	0x16
 1375 0836 4B010000 		.4byte	0x14b
 1376 083a BC       		.byte	0xbc
 1377 083b 17       		.uleb128 0x17
 1378 083c 98040000 		.4byte	.LASF119
 1379 0840 05       		.byte	0x5
 1380 0841 9802     		.2byte	0x298
 1381 0843 16       		.byte	0x16
 1382 0844 4B010000 		.4byte	0x14b
 1383 0848 C4       		.byte	0xc4
 1384 0849 17       		.uleb128 0x17
 1385 084a 62080000 		.4byte	.LASF120
 1386 084e 05       		.byte	0x5
 1387 084f 9902     		.2byte	0x299
 1388 0851 08       		.byte	0x8
 1389 0852 25000000 		.4byte	0x25
 1390 0856 CC       		.byte	0xcc
 1391 0857 00       		.byte	0
 1392 0858 09       		.uleb128 0x9
 1393 0859 0E060000 		.4byte	0x60e
 1394 085d 68080000 		.4byte	0x868
 1395 0861 0A       		.uleb128 0xa
 1396 0862 38000000 		.4byte	0x38
 1397 0866 19       		.byte	0x19
 1398 0867 00       		.byte	0
 1399 0868 09       		.uleb128 0x9
 1400 0869 0E060000 		.4byte	0x60e
 1401 086d 78080000 		.4byte	0x878
 1402 0871 0A       		.uleb128 0xa
 1403 0872 38000000 		.4byte	0x38
 1404 0876 07       		.byte	0x7
 1405 0877 00       		.byte	0
 1406 0878 09       		.uleb128 0x9
 1407 0879 0E060000 		.4byte	0x60e
 1408 087d 88080000 		.4byte	0x888
ARM GAS  /tmp/ccjntsk9.s 			page 26


 1409 0881 0A       		.uleb128 0xa
 1410 0882 38000000 		.4byte	0x38
 1411 0886 17       		.byte	0x17
 1412 0887 00       		.byte	0
 1413 0888 1A       		.uleb128 0x1a
 1414 0889 F0       		.byte	0xf0
 1415 088a 05       		.byte	0x5
 1416 088b 9E02     		.2byte	0x29e
 1417 088d 07       		.byte	0x7
 1418 088e AF080000 		.4byte	0x8af
 1419 0892 17       		.uleb128 0x17
 1420 0893 11030000 		.4byte	.LASF121
 1421 0897 05       		.byte	0x5
 1422 0898 A102     		.2byte	0x2a1
 1423 089a 1B       		.byte	0x1b
 1424 089b AF080000 		.4byte	0x8af
 1425 089f 00       		.byte	0
 1426 08a0 17       		.uleb128 0x17
 1427 08a1 200D0000 		.4byte	.LASF122
 1428 08a5 05       		.byte	0x5
 1429 08a6 A202     		.2byte	0x2a2
 1430 08a8 18       		.byte	0x18
 1431 08a9 BF080000 		.4byte	0x8bf
 1432 08ad 78       		.byte	0x78
 1433 08ae 00       		.byte	0
 1434 08af 09       		.uleb128 0x9
 1435 08b0 4D030000 		.4byte	0x34d
 1436 08b4 BF080000 		.4byte	0x8bf
 1437 08b8 0A       		.uleb128 0xa
 1438 08b9 38000000 		.4byte	0x38
 1439 08bd 1D       		.byte	0x1d
 1440 08be 00       		.byte	0
 1441 08bf 09       		.uleb128 0x9
 1442 08c0 38000000 		.4byte	0x38
 1443 08c4 CF080000 		.4byte	0x8cf
 1444 08c8 0A       		.uleb128 0xa
 1445 08c9 38000000 		.4byte	0x38
 1446 08cd 1D       		.byte	0x1d
 1447 08ce 00       		.byte	0
 1448 08cf 1B       		.uleb128 0x1b
 1449 08d0 F0       		.byte	0xf0
 1450 08d1 05       		.byte	0x5
 1451 08d2 8302     		.2byte	0x283
 1452 08d4 03       		.byte	0x3
 1453 08d5 F4080000 		.4byte	0x8f4
 1454 08d9 1C       		.uleb128 0x1c
 1455 08da 400C0000 		.4byte	.LASF71
 1456 08de 05       		.byte	0x5
 1457 08df 9A02     		.2byte	0x29a
 1458 08e1 0B       		.byte	0xb
 1459 08e2 43070000 		.4byte	0x743
 1460 08e6 1C       		.uleb128 0x1c
 1461 08e7 EF090000 		.4byte	.LASF123
 1462 08eb 05       		.byte	0x5
 1463 08ec A302     		.2byte	0x2a3
 1464 08ee 0B       		.byte	0xb
 1465 08ef 88080000 		.4byte	0x888
ARM GAS  /tmp/ccjntsk9.s 			page 27


 1466 08f3 00       		.byte	0
 1467 08f4 09       		.uleb128 0x9
 1468 08f5 0E060000 		.4byte	0x60e
 1469 08f9 04090000 		.4byte	0x904
 1470 08fd 0A       		.uleb128 0xa
 1471 08fe 38000000 		.4byte	0x38
 1472 0902 18       		.byte	0x18
 1473 0903 00       		.byte	0
 1474 0904 1D       		.uleb128 0x1d
 1475 0905 070D0000 		.4byte	.LASF244
 1476 0909 10       		.uleb128 0x10
 1477 090a 04       		.byte	0x4
 1478 090b 04090000 		.4byte	0x904
 1479 090f 1E       		.uleb128 0x1e
 1480 0910 1A090000 		.4byte	0x91a
 1481 0914 15       		.uleb128 0x15
 1482 0915 B4040000 		.4byte	0x4b4
 1483 0919 00       		.byte	0
 1484 091a 10       		.uleb128 0x10
 1485 091b 04       		.byte	0x4
 1486 091c 0F090000 		.4byte	0x90f
 1487 0920 10       		.uleb128 0x10
 1488 0921 04       		.byte	0x4
 1489 0922 D7010000 		.4byte	0x1d7
 1490 0926 1E       		.uleb128 0x1e
 1491 0927 31090000 		.4byte	0x931
 1492 092b 15       		.uleb128 0x15
 1493 092c 25000000 		.4byte	0x25
 1494 0930 00       		.byte	0
 1495 0931 10       		.uleb128 0x10
 1496 0932 04       		.byte	0x4
 1497 0933 37090000 		.4byte	0x937
 1498 0937 10       		.uleb128 0x10
 1499 0938 04       		.byte	0x4
 1500 0939 26090000 		.4byte	0x926
 1501 093d 09       		.uleb128 0x9
 1502 093e A8060000 		.4byte	0x6a8
 1503 0942 4D090000 		.4byte	0x94d
 1504 0946 0A       		.uleb128 0xa
 1505 0947 38000000 		.4byte	0x38
 1506 094b 02       		.byte	0x2
 1507 094c 00       		.byte	0
 1508 094d 1F       		.uleb128 0x1f
 1509 094e 05030000 		.4byte	.LASF124
 1510 0952 05       		.byte	0x5
 1511 0953 3303     		.2byte	0x333
 1512 0955 17       		.byte	0x17
 1513 0956 B4040000 		.4byte	0x4b4
 1514 095a 1F       		.uleb128 0x1f
 1515 095b 93090000 		.4byte	.LASF125
 1516 095f 05       		.byte	0x5
 1517 0960 3403     		.2byte	0x334
 1518 0962 1D       		.byte	0x1d
 1519 0963 BA040000 		.4byte	0x4ba
 1520 0967 04       		.uleb128 0x4
 1521 0968 04       		.byte	0x4
 1522 0969 04       		.byte	0x4
ARM GAS  /tmp/ccjntsk9.s 			page 28


 1523 096a E4020000 		.4byte	.LASF126
 1524 096e 05       		.uleb128 0x5
 1525 096f 67090000 		.4byte	0x967
 1526 0973 04       		.uleb128 0x4
 1527 0974 08       		.byte	0x8
 1528 0975 04       		.byte	0x4
 1529 0976 720C0000 		.4byte	.LASF127
 1530 097a 20       		.uleb128 0x20
 1531 097b 07       		.byte	0x7
 1532 097c 01       		.byte	0x1
 1533 097d 97000000 		.4byte	0x97
 1534 0981 07       		.byte	0x7
 1535 0982 38       		.byte	0x38
 1536 0983 08       		.byte	0x8
 1537 0984 BF090000 		.4byte	0x9bf
 1538 0988 21       		.uleb128 0x21
 1539 0989 E10A0000 		.4byte	.LASF128
 1540 098d 00       		.byte	0
 1541 098e 21       		.uleb128 0x21
 1542 098f 2B070000 		.4byte	.LASF129
 1543 0993 01       		.byte	0x1
 1544 0994 21       		.uleb128 0x21
 1545 0995 280A0000 		.4byte	.LASF130
 1546 0999 02       		.byte	0x2
 1547 099a 21       		.uleb128 0x21
 1548 099b A10B0000 		.4byte	.LASF131
 1549 099f 03       		.byte	0x3
 1550 09a0 21       		.uleb128 0x21
 1551 09a1 42040000 		.4byte	.LASF132
 1552 09a5 04       		.byte	0x4
 1553 09a6 21       		.uleb128 0x21
 1554 09a7 4D0A0000 		.4byte	.LASF133
 1555 09ab 05       		.byte	0x5
 1556 09ac 21       		.uleb128 0x21
 1557 09ad C70B0000 		.4byte	.LASF134
 1558 09b1 06       		.byte	0x6
 1559 09b2 21       		.uleb128 0x21
 1560 09b3 38050000 		.4byte	.LASF135
 1561 09b7 07       		.byte	0x7
 1562 09b8 21       		.uleb128 0x21
 1563 09b9 790C0000 		.4byte	.LASF136
 1564 09bd 08       		.byte	0x8
 1565 09be 00       		.byte	0
 1566 09bf 20       		.uleb128 0x20
 1567 09c0 07       		.byte	0x7
 1568 09c1 02       		.byte	0x2
 1569 09c2 AA000000 		.4byte	0xaa
 1570 09c6 07       		.byte	0x7
 1571 09c7 6A       		.byte	0x6a
 1572 09c8 08       		.byte	0x8
 1573 09c9 F8090000 		.4byte	0x9f8
 1574 09cd 22       		.uleb128 0x22
 1575 09ce 35080000 		.4byte	.LASF137
 1576 09d2 0003     		.2byte	0x300
 1577 09d4 22       		.uleb128 0x22
 1578 09d5 BE0A0000 		.4byte	.LASF138
 1579 09d9 0003     		.2byte	0x300
ARM GAS  /tmp/ccjntsk9.s 			page 29


 1580 09db 22       		.uleb128 0x22
 1581 09dc CB080000 		.4byte	.LASF139
 1582 09e0 0103     		.2byte	0x301
 1583 09e2 22       		.uleb128 0x22
 1584 09e3 610A0000 		.4byte	.LASF140
 1585 09e7 0203     		.2byte	0x302
 1586 09e9 22       		.uleb128 0x22
 1587 09ea CC0C0000 		.4byte	.LASF141
 1588 09ee 0303     		.2byte	0x303
 1589 09f0 22       		.uleb128 0x22
 1590 09f1 66090000 		.4byte	.LASF142
 1591 09f5 0403     		.2byte	0x304
 1592 09f7 00       		.byte	0
 1593 09f8 20       		.uleb128 0x20
 1594 09f9 07       		.byte	0x7
 1595 09fa 02       		.byte	0x2
 1596 09fb AA000000 		.4byte	0xaa
 1597 09ff 07       		.byte	0x7
 1598 0a00 9C       		.byte	0x9c
 1599 0a01 08       		.byte	0x8
 1600 0a02 1C0A0000 		.4byte	0xa1c
 1601 0a06 22       		.uleb128 0x22
 1602 0a07 BA050000 		.4byte	.LASF143
 1603 0a0b 0006     		.2byte	0x600
 1604 0a0d 22       		.uleb128 0x22
 1605 0a0e 4E010000 		.4byte	.LASF144
 1606 0a12 0006     		.2byte	0x600
 1607 0a14 22       		.uleb128 0x22
 1608 0a15 C1020000 		.4byte	.LASF145
 1609 0a19 0706     		.2byte	0x607
 1610 0a1b 00       		.byte	0
 1611 0a1c 20       		.uleb128 0x20
 1612 0a1d 07       		.byte	0x7
 1613 0a1e 04       		.byte	0x4
 1614 0a1f 38000000 		.4byte	0x38
 1615 0a23 07       		.byte	0x7
 1616 0a24 B4       		.byte	0xb4
 1617 0a25 08       		.byte	0x8
 1618 0a26 460A0000 		.4byte	0xa46
 1619 0a2a 23       		.uleb128 0x23
 1620 0a2b B4010000 		.4byte	.LASF146
 1621 0a2f 00000100 		.4byte	0x10000
 1622 0a33 23       		.uleb128 0x23
 1623 0a34 81070000 		.4byte	.LASF147
 1624 0a38 00010100 		.4byte	0x10100
 1625 0a3c 23       		.uleb128 0x23
 1626 0a3d 3C0A0000 		.4byte	.LASF148
 1627 0a41 00000200 		.4byte	0x20000
 1628 0a45 00       		.byte	0
 1629 0a46 24       		.uleb128 0x24
 1630 0a47 BF000000 		.4byte	.LASF245
 1631 0a4b 07       		.byte	0x7
 1632 0a4c D8       		.byte	0xd8
 1633 0a4d 10       		.byte	0x10
 1634 0a4e 05       		.uleb128 0x5
 1635 0a4f 460A0000 		.4byte	0xa46
 1636 0a53 03       		.uleb128 0x3
ARM GAS  /tmp/ccjntsk9.s 			page 30


 1637 0a54 90030000 		.4byte	.LASF149
 1638 0a58 07       		.byte	0x7
 1639 0a59 E3       		.byte	0xe3
 1640 0a5a 17       		.byte	0x17
 1641 0a5b 5F0A0000 		.4byte	0xa5f
 1642 0a5f 10       		.uleb128 0x10
 1643 0a60 04       		.byte	0x4
 1644 0a61 650A0000 		.4byte	0xa65
 1645 0a65 14       		.uleb128 0x14
 1646 0a66 740A0000 		.4byte	0xa74
 1647 0a6a 740A0000 		.4byte	0xa74
 1648 0a6e 15       		.uleb128 0x15
 1649 0a6f 2C000000 		.4byte	0x2c
 1650 0a73 00       		.byte	0
 1651 0a74 10       		.uleb128 0x10
 1652 0a75 04       		.byte	0x4
 1653 0a76 86000000 		.4byte	0x86
 1654 0a7a 03       		.uleb128 0x3
 1655 0a7b 11000000 		.4byte	.LASF150
 1656 0a7f 07       		.byte	0x7
 1657 0a80 EB       		.byte	0xeb
 1658 0a81 12       		.byte	0x12
 1659 0a82 860A0000 		.4byte	0xa86
 1660 0a86 10       		.uleb128 0x10
 1661 0a87 04       		.byte	0x4
 1662 0a88 8C0A0000 		.4byte	0xa8c
 1663 0a8c 1E       		.uleb128 0x1e
 1664 0a8d 970A0000 		.4byte	0xa97
 1665 0a91 15       		.uleb128 0x15
 1666 0a92 970A0000 		.4byte	0xa97
 1667 0a96 00       		.byte	0
 1668 0a97 10       		.uleb128 0x10
 1669 0a98 04       		.byte	0x4
 1670 0a99 92000000 		.4byte	0x92
 1671 0a9d 03       		.uleb128 0x3
 1672 0a9e EC000000 		.4byte	.LASF151
 1673 0aa2 07       		.byte	0x7
 1674 0aa3 F3       		.byte	0xf3
 1675 0aa4 14       		.byte	0x14
 1676 0aa5 A90A0000 		.4byte	0xaa9
 1677 0aa9 10       		.uleb128 0x10
 1678 0aaa 04       		.byte	0x4
 1679 0aab AF0A0000 		.4byte	0xaaf
 1680 0aaf 25       		.uleb128 0x25
 1681 0ab0 2C000000 		.4byte	0x2c
 1682 0ab4 0E       		.uleb128 0xe
 1683 0ab5 F0030000 		.4byte	.LASF152
 1684 0ab9 10       		.byte	0x10
 1685 0aba 07       		.byte	0x7
 1686 0abb FA       		.byte	0xfa
 1687 0abc 12       		.byte	0x12
 1688 0abd F60A0000 		.4byte	0xaf6
 1689 0ac1 0C       		.uleb128 0xc
 1690 0ac2 C4040000 		.4byte	.LASF153
 1691 0ac6 07       		.byte	0x7
 1692 0ac7 FB       		.byte	0xfb
 1693 0ac8 28       		.byte	0x28
ARM GAS  /tmp/ccjntsk9.s 			page 31


 1694 0ac9 F60A0000 		.4byte	0xaf6
 1695 0acd 00       		.byte	0
 1696 0ace 0C       		.uleb128 0xc
 1697 0acf 6B080000 		.4byte	.LASF154
 1698 0ad3 07       		.byte	0x7
 1699 0ad4 FC       		.byte	0xfc
 1700 0ad5 22       		.byte	0x22
 1701 0ad6 530A0000 		.4byte	0xa53
 1702 0ada 04       		.byte	0x4
 1703 0adb 0C       		.uleb128 0xc
 1704 0adc 37040000 		.4byte	.LASF155
 1705 0ae0 07       		.byte	0x7
 1706 0ae1 FD       		.byte	0xfd
 1707 0ae2 21       		.byte	0x21
 1708 0ae3 7A0A0000 		.4byte	0xa7a
 1709 0ae7 08       		.byte	0x8
 1710 0ae8 0C       		.uleb128 0xc
 1711 0ae9 D5030000 		.4byte	.LASF156
 1712 0aed 07       		.byte	0x7
 1713 0aee FE       		.byte	0xfe
 1714 0aef 22       		.byte	0x22
 1715 0af0 9D0A0000 		.4byte	0xa9d
 1716 0af4 0C       		.byte	0xc
 1717 0af5 00       		.byte	0
 1718 0af6 10       		.uleb128 0x10
 1719 0af7 04       		.byte	0x4
 1720 0af8 4E0A0000 		.4byte	0xa4e
 1721 0afc 03       		.uleb128 0x3
 1722 0afd 7E040000 		.4byte	.LASF157
 1723 0b01 07       		.byte	0x7
 1724 0b02 FF       		.byte	0xff
 1725 0b03 05       		.byte	0x5
 1726 0b04 B40A0000 		.4byte	0xab4
 1727 0b08 19       		.uleb128 0x19
 1728 0b09 64040000 		.4byte	.LASF158
 1729 0b0d 20       		.byte	0x20
 1730 0b0e 07       		.byte	0x7
 1731 0b0f 0601     		.2byte	0x106
 1732 0b11 12       		.byte	0x12
 1733 0b12 790B0000 		.4byte	0xb79
 1734 0b16 17       		.uleb128 0x17
 1735 0b17 E5070000 		.4byte	.LASF159
 1736 0b1b 07       		.byte	0x7
 1737 0b1c 0701     		.2byte	0x107
 1738 0b1e 0E       		.byte	0xe
 1739 0b1f B1000000 		.4byte	0xb1
 1740 0b23 00       		.byte	0
 1741 0b24 26       		.uleb128 0x26
 1742 0b25 61706900 		.ascii	"api\000"
 1743 0b29 07       		.byte	0x7
 1744 0b2a 0801     		.2byte	0x108
 1745 0b2c 0E       		.byte	0xe
 1746 0b2d B1000000 		.4byte	0xb1
 1747 0b31 04       		.byte	0x4
 1748 0b32 17       		.uleb128 0x17
 1749 0b33 D4070000 		.4byte	.LASF160
 1750 0b37 07       		.byte	0x7
ARM GAS  /tmp/ccjntsk9.s 			page 32


 1751 0b38 0901     		.2byte	0x109
 1752 0b3a 0E       		.byte	0xe
 1753 0b3b B1000000 		.4byte	0xb1
 1754 0b3f 08       		.byte	0x8
 1755 0b40 17       		.uleb128 0x17
 1756 0b41 9F000000 		.4byte	.LASF161
 1757 0b45 07       		.byte	0x7
 1758 0b46 0A01     		.2byte	0x10a
 1759 0b48 0E       		.byte	0xe
 1760 0b49 9E000000 		.4byte	0x9e
 1761 0b4d 0C       		.byte	0xc
 1762 0b4e 17       		.uleb128 0x17
 1763 0b4f BC080000 		.4byte	.LASF162
 1764 0b53 07       		.byte	0x7
 1765 0b54 0B01     		.2byte	0x10b
 1766 0b56 0D       		.byte	0xd
 1767 0b57 86000000 		.4byte	0x86
 1768 0b5b 0E       		.byte	0xe
 1769 0b5c 17       		.uleb128 0x17
 1770 0b5d 92070000 		.4byte	.LASF163
 1771 0b61 07       		.byte	0x7
 1772 0b62 0C01     		.2byte	0x10c
 1773 0b64 0D       		.byte	0xd
 1774 0b65 86000000 		.4byte	0x86
 1775 0b69 0F       		.byte	0xf
 1776 0b6a 17       		.uleb128 0x17
 1777 0b6b 260C0000 		.4byte	.LASF164
 1778 0b6f 07       		.byte	0x7
 1779 0b70 0D01     		.2byte	0x10d
 1780 0b72 1A       		.byte	0x1a
 1781 0b73 FC0A0000 		.4byte	0xafc
 1782 0b77 10       		.byte	0x10
 1783 0b78 00       		.byte	0
 1784 0b79 06       		.uleb128 0x6
 1785 0b7a EC070000 		.4byte	.LASF165
 1786 0b7e 07       		.byte	0x7
 1787 0b7f 0E01     		.2byte	0x10e
 1788 0b81 05       		.byte	0x5
 1789 0b82 080B0000 		.4byte	0xb08
 1790 0b86 05       		.uleb128 0x5
 1791 0b87 790B0000 		.4byte	0xb79
 1792 0b8b 19       		.uleb128 0x19
 1793 0b8c 85050000 		.4byte	.LASF166
 1794 0b90 20       		.byte	0x20
 1795 0b91 07       		.byte	0x7
 1796 0b92 4101     		.2byte	0x141
 1797 0b94 12       		.byte	0x12
 1798 0b95 210C0000 		.4byte	0xc21
 1799 0b99 26       		.uleb128 0x26
 1800 0b9a 6D696E00 		.ascii	"min\000"
 1801 0b9e 07       		.byte	0x7
 1802 0b9f 4201     		.2byte	0x142
 1803 0ba1 0D       		.byte	0xd
 1804 0ba2 60000000 		.4byte	0x60
 1805 0ba6 00       		.byte	0
 1806 0ba7 26       		.uleb128 0x26
 1807 0ba8 6D617800 		.ascii	"max\000"
ARM GAS  /tmp/ccjntsk9.s 			page 33


 1808 0bac 07       		.byte	0x7
 1809 0bad 4301     		.2byte	0x143
 1810 0baf 0D       		.byte	0xd
 1811 0bb0 60000000 		.4byte	0x60
 1812 0bb4 02       		.byte	0x2
 1813 0bb5 17       		.uleb128 0x17
 1814 0bb6 7E050000 		.4byte	.LASF167
 1815 0bba 07       		.byte	0x7
 1816 0bbb 4401     		.2byte	0x144
 1817 0bbd 0D       		.byte	0xd
 1818 0bbe 60000000 		.4byte	0x60
 1819 0bc2 04       		.byte	0x4
 1820 0bc3 17       		.uleb128 0x17
 1821 0bc4 9E0A0000 		.4byte	.LASF168
 1822 0bc8 07       		.byte	0x7
 1823 0bc9 4501     		.2byte	0x145
 1824 0bcb 0D       		.byte	0xd
 1825 0bcc 60000000 		.4byte	0x60
 1826 0bd0 06       		.byte	0x6
 1827 0bd1 17       		.uleb128 0x17
 1828 0bd2 610B0000 		.4byte	.LASF169
 1829 0bd6 07       		.byte	0x7
 1830 0bd7 4601     		.2byte	0x146
 1831 0bd9 0D       		.byte	0xd
 1832 0bda 86000000 		.4byte	0x86
 1833 0bde 08       		.byte	0x8
 1834 0bdf 27       		.uleb128 0x27
 1835 0be0 49010000 		.4byte	.LASF170
 1836 0be4 07       		.byte	0x7
 1837 0be5 4701     		.2byte	0x147
 1838 0be7 0D       		.byte	0xd
 1839 0be8 86000000 		.4byte	0x86
 1840 0bec 01       		.byte	0x1
 1841 0bed 04       		.byte	0x4
 1842 0bee 04       		.byte	0x4
 1843 0bef 09       		.byte	0x9
 1844 0bf0 27       		.uleb128 0x27
 1845 0bf1 18030000 		.4byte	.LASF171
 1846 0bf5 07       		.byte	0x7
 1847 0bf6 4801     		.2byte	0x148
 1848 0bf8 0D       		.byte	0xd
 1849 0bf9 86000000 		.4byte	0x86
 1850 0bfd 01       		.byte	0x1
 1851 0bfe 01       		.byte	0x1
 1852 0bff 03       		.byte	0x3
 1853 0c00 09       		.byte	0x9
 1854 0c01 27       		.uleb128 0x27
 1855 0c02 5A0C0000 		.4byte	.LASF172
 1856 0c06 07       		.byte	0x7
 1857 0c07 4901     		.2byte	0x149
 1858 0c09 0D       		.byte	0xd
 1859 0c0a 86000000 		.4byte	0x86
 1860 0c0e 01       		.byte	0x1
 1861 0c0f 03       		.byte	0x3
 1862 0c10 00       		.byte	0
 1863 0c11 09       		.byte	0x9
 1864 0c12 17       		.uleb128 0x17
ARM GAS  /tmp/ccjntsk9.s 			page 34


 1865 0c13 5E000000 		.4byte	.LASF173
 1866 0c17 07       		.byte	0x7
 1867 0c18 4A01     		.2byte	0x14a
 1868 0c1a 0D       		.byte	0xd
 1869 0c1b 210C0000 		.4byte	0xc21
 1870 0c1f 0A       		.byte	0xa
 1871 0c20 00       		.byte	0
 1872 0c21 09       		.uleb128 0x9
 1873 0c22 0E060000 		.4byte	0x60e
 1874 0c26 310C0000 		.4byte	0xc31
 1875 0c2a 0A       		.uleb128 0xa
 1876 0c2b 38000000 		.4byte	0x38
 1877 0c2f 15       		.byte	0x15
 1878 0c30 00       		.byte	0
 1879 0c31 06       		.uleb128 0x6
 1880 0c32 77000000 		.4byte	.LASF174
 1881 0c36 07       		.byte	0x7
 1882 0c37 4B01     		.2byte	0x14b
 1883 0c39 05       		.byte	0x5
 1884 0c3a 8B0B0000 		.4byte	0xb8b
 1885 0c3e 10       		.uleb128 0x10
 1886 0c3f 04       		.byte	0x4
 1887 0c40 860B0000 		.4byte	0xb86
 1888 0c44 10       		.uleb128 0x10
 1889 0c45 04       		.byte	0x4
 1890 0c46 6E090000 		.4byte	0x96e
 1891 0c4a 05       		.uleb128 0x5
 1892 0c4b 440C0000 		.4byte	0xc44
 1893 0c4f 10       		.uleb128 0x10
 1894 0c50 04       		.byte	0x4
 1895 0c51 67090000 		.4byte	0x967
 1896 0c55 16       		.uleb128 0x16
 1897 0c56 33000000 		.4byte	.LASF175
 1898 0c5a 3801     		.2byte	0x138
 1899 0c5c 07       		.byte	0x7
 1900 0c5d D401     		.2byte	0x1d4
 1901 0c5f 12       		.byte	0x12
 1902 0c60 FF0C0000 		.4byte	0xcff
 1903 0c64 17       		.uleb128 0x17
 1904 0c65 6D020000 		.4byte	.LASF176
 1905 0c69 07       		.byte	0x7
 1906 0c6a D501     		.2byte	0x1d5
 1907 0c6c 0E       		.byte	0xe
 1908 0c6d B1000000 		.4byte	0xb1
 1909 0c71 00       		.byte	0
 1910 0c72 17       		.uleb128 0x17
 1911 0c73 E5070000 		.4byte	.LASF159
 1912 0c77 07       		.byte	0x7
 1913 0c78 D601     		.2byte	0x1d6
 1914 0c7a 0E       		.byte	0xe
 1915 0c7b B1000000 		.4byte	0xb1
 1916 0c7f 04       		.byte	0x4
 1917 0c80 26       		.uleb128 0x26
 1918 0c81 61706900 		.ascii	"api\000"
 1919 0c85 07       		.byte	0x7
 1920 0c86 D701     		.2byte	0x1d7
 1921 0c88 0E       		.byte	0xe
ARM GAS  /tmp/ccjntsk9.s 			page 35


 1922 0c89 B1000000 		.4byte	0xb1
 1923 0c8d 08       		.byte	0x8
 1924 0c8e 17       		.uleb128 0x17
 1925 0c8f 99080000 		.4byte	.LASF177
 1926 0c93 07       		.byte	0x7
 1927 0c94 D801     		.2byte	0x1d8
 1928 0c96 0E       		.byte	0xe
 1929 0c97 B1000000 		.4byte	0xb1
 1930 0c9b 0C       		.byte	0xc
 1931 0c9c 17       		.uleb128 0x17
 1932 0c9d AD030000 		.4byte	.LASF178
 1933 0ca1 07       		.byte	0x7
 1934 0ca2 D901     		.2byte	0x1d9
 1935 0ca4 0E       		.byte	0xe
 1936 0ca5 B1000000 		.4byte	0xb1
 1937 0ca9 10       		.byte	0x10
 1938 0caa 17       		.uleb128 0x17
 1939 0cab 16010000 		.4byte	.LASF179
 1940 0caf 07       		.byte	0x7
 1941 0cb0 DA01     		.2byte	0x1da
 1942 0cb2 0E       		.byte	0xe
 1943 0cb3 B1000000 		.4byte	0xb1
 1944 0cb7 14       		.byte	0x14
 1945 0cb8 17       		.uleb128 0x17
 1946 0cb9 5E000000 		.4byte	.LASF173
 1947 0cbd 07       		.byte	0x7
 1948 0cbe DB01     		.2byte	0x1db
 1949 0cc0 0E       		.byte	0xe
 1950 0cc1 FF0C0000 		.4byte	0xcff
 1951 0cc5 18       		.byte	0x18
 1952 0cc6 17       		.uleb128 0x17
 1953 0cc7 DB090000 		.4byte	.LASF180
 1954 0ccb 07       		.byte	0x7
 1955 0ccc DC01     		.2byte	0x1dc
 1956 0cce 0E       		.byte	0xe
 1957 0ccf B1000000 		.4byte	0xb1
 1958 0cd3 2C       		.byte	0x2c
 1959 0cd4 17       		.uleb128 0x17
 1960 0cd5 E5090000 		.4byte	.LASF181
 1961 0cd9 07       		.byte	0x7
 1962 0cda DD01     		.2byte	0x1dd
 1963 0cdc 0E       		.byte	0xe
 1964 0cdd B1000000 		.4byte	0xb1
 1965 0ce1 30       		.byte	0x30
 1966 0ce2 17       		.uleb128 0x17
 1967 0ce3 05020000 		.4byte	.LASF182
 1968 0ce7 07       		.byte	0x7
 1969 0ce8 DE01     		.2byte	0x1de
 1970 0cea 0E       		.byte	0xe
 1971 0ceb B1000000 		.4byte	0xb1
 1972 0cef 34       		.byte	0x34
 1973 0cf0 17       		.uleb128 0x17
 1974 0cf1 57000000 		.4byte	.LASF183
 1975 0cf5 07       		.byte	0x7
 1976 0cf6 DF01     		.2byte	0x1df
 1977 0cf8 12       		.byte	0x12
 1978 0cf9 0F0D0000 		.4byte	0xd0f
ARM GAS  /tmp/ccjntsk9.s 			page 36


 1979 0cfd 38       		.byte	0x38
 1980 0cfe 00       		.byte	0
 1981 0cff 09       		.uleb128 0x9
 1982 0d00 0E060000 		.4byte	0x60e
 1983 0d04 0F0D0000 		.4byte	0xd0f
 1984 0d08 0A       		.uleb128 0xa
 1985 0d09 38000000 		.4byte	0x38
 1986 0d0d 13       		.byte	0x13
 1987 0d0e 00       		.byte	0
 1988 0d0f 09       		.uleb128 0x9
 1989 0d10 310C0000 		.4byte	0xc31
 1990 0d14 1F0D0000 		.4byte	0xd1f
 1991 0d18 0A       		.uleb128 0xa
 1992 0d19 38000000 		.4byte	0x38
 1993 0d1d 07       		.byte	0x7
 1994 0d1e 00       		.byte	0
 1995 0d1f 06       		.uleb128 0x6
 1996 0d20 2B010000 		.4byte	.LASF184
 1997 0d24 07       		.byte	0x7
 1998 0d25 E001     		.2byte	0x1e0
 1999 0d27 05       		.byte	0x5
 2000 0d28 550C0000 		.4byte	0xc55
 2001 0d2c 28       		.uleb128 0x28
 2002 0d2d 05       		.byte	0x5
 2003 0d2e 01       		.byte	0x1
 2004 0d2f 59000000 		.4byte	0x59
 2005 0d33 07       		.byte	0x7
 2006 0d34 E401     		.2byte	0x1e4
 2007 0d36 08       		.byte	0x8
 2008 0d37 660D0000 		.4byte	0xd66
 2009 0d3b 21       		.uleb128 0x21
 2010 0d3c E50B0000 		.4byte	.LASF185
 2011 0d40 00       		.byte	0
 2012 0d41 29       		.uleb128 0x29
 2013 0d42 EA020000 		.4byte	.LASF186
 2014 0d46 7F       		.sleb128 -1
 2015 0d47 29       		.uleb128 0x29
 2016 0d48 4A0B0000 		.4byte	.LASF187
 2017 0d4c 7E       		.sleb128 -2
 2018 0d4d 29       		.uleb128 0x29
 2019 0d4e 79020000 		.4byte	.LASF188
 2020 0d52 7C       		.sleb128 -4
 2021 0d53 29       		.uleb128 0x29
 2022 0d54 A0010000 		.4byte	.LASF189
 2023 0d58 78       		.sleb128 -8
 2024 0d59 29       		.uleb128 0x29
 2025 0d5a 380B0000 		.4byte	.LASF190
 2026 0d5e 70       		.sleb128 -16
 2027 0d5f 29       		.uleb128 0x29
 2028 0d60 00000000 		.4byte	.LASF191
 2029 0d64 60       		.sleb128 -32
 2030 0d65 00       		.byte	0
 2031 0d66 2A       		.uleb128 0x2a
 2032 0d67 2F0D0000 		.4byte	.LASF192
 2033 0d6b 08       		.byte	0x8
 2034 0d6c 47       		.byte	0x47
 2035 0d6d 19       		.byte	0x19
ARM GAS  /tmp/ccjntsk9.s 			page 37


 2036 0d6e BD000000 		.4byte	0xbd
 2037 0d72 2A       		.uleb128 0x2a
 2038 0d73 160A0000 		.4byte	.LASF193
 2039 0d77 08       		.byte	0x8
 2040 0d78 4C       		.byte	0x4c
 2041 0d79 19       		.byte	0x19
 2042 0d7a BD000000 		.4byte	0xbd
 2043 0d7e 09       		.uleb128 0x9
 2044 0d7f 6E090000 		.4byte	0x96e
 2045 0d83 8E0D0000 		.4byte	0xd8e
 2046 0d87 0A       		.uleb128 0xa
 2047 0d88 38000000 		.4byte	0x38
 2048 0d8c 97       		.byte	0x97
 2049 0d8d 00       		.byte	0
 2050 0d8e 05       		.uleb128 0x5
 2051 0d8f 7E0D0000 		.4byte	0xd7e
 2052 0d93 2A       		.uleb128 0x2a
 2053 0d94 B0020000 		.4byte	.LASF194
 2054 0d98 08       		.byte	0x8
 2055 0d99 65       		.byte	0x65
 2056 0d9a 16       		.byte	0x16
 2057 0d9b 8E0D0000 		.4byte	0xd8e
 2058 0d9f 09       		.uleb128 0x9
 2059 0da0 6E090000 		.4byte	0x96e
 2060 0da4 AF0D0000 		.4byte	0xdaf
 2061 0da8 0A       		.uleb128 0xa
 2062 0da9 38000000 		.4byte	0x38
 2063 0dad 80       		.byte	0x80
 2064 0dae 00       		.byte	0
 2065 0daf 05       		.uleb128 0x5
 2066 0db0 9F0D0000 		.4byte	0xd9f
 2067 0db4 2A       		.uleb128 0x2a
 2068 0db5 080B0000 		.4byte	.LASF195
 2069 0db9 08       		.byte	0x8
 2070 0dba 92       		.byte	0x92
 2071 0dbb 16       		.byte	0x16
 2072 0dbc AF0D0000 		.4byte	0xdaf
 2073 0dc0 09       		.uleb128 0x9
 2074 0dc1 92000000 		.4byte	0x92
 2075 0dc5 D00D0000 		.4byte	0xdd0
 2076 0dc9 0A       		.uleb128 0xa
 2077 0dca 38000000 		.4byte	0x38
 2078 0dce 06       		.byte	0x6
 2079 0dcf 00       		.byte	0
 2080 0dd0 05       		.uleb128 0x5
 2081 0dd1 C00D0000 		.4byte	0xdc0
 2082 0dd5 2A       		.uleb128 0x2a
 2083 0dd6 B50B0000 		.4byte	.LASF196
 2084 0dda 08       		.byte	0x8
 2085 0ddb C3       		.byte	0xc3
 2086 0ddc 18       		.byte	0x18
 2087 0ddd D00D0000 		.4byte	0xdd0
 2088 0de1 09       		.uleb128 0x9
 2089 0de2 6E090000 		.4byte	0x96e
 2090 0de6 F20D0000 		.4byte	0xdf2
 2091 0dea 2B       		.uleb128 0x2b
 2092 0deb 38000000 		.4byte	0x38
ARM GAS  /tmp/ccjntsk9.s 			page 38


 2093 0def 8603     		.2byte	0x386
 2094 0df1 00       		.byte	0
 2095 0df2 05       		.uleb128 0x5
 2096 0df3 E10D0000 		.4byte	0xde1
 2097 0df7 2A       		.uleb128 0x2a
 2098 0df8 77080000 		.4byte	.LASF197
 2099 0dfc 08       		.byte	0x8
 2100 0dfd C4       		.byte	0xc4
 2101 0dfe 16       		.byte	0x16
 2102 0dff F20D0000 		.4byte	0xdf2
 2103 0e03 1F       		.uleb128 0x1f
 2104 0e04 8C0A0000 		.4byte	.LASF198
 2105 0e08 08       		.byte	0x8
 2106 0e09 3001     		.2byte	0x130
 2107 0e0b 18       		.byte	0x18
 2108 0e0c D00D0000 		.4byte	0xdd0
 2109 0e10 1F       		.uleb128 0x1f
 2110 0e11 34090000 		.4byte	.LASF199
 2111 0e15 08       		.byte	0x8
 2112 0e16 3101     		.2byte	0x131
 2113 0e18 16       		.byte	0x16
 2114 0e19 F20D0000 		.4byte	0xdf2
 2115 0e1d 1F       		.uleb128 0x1f
 2116 0e1e 83030000 		.4byte	.LASF200
 2117 0e22 08       		.byte	0x8
 2118 0e23 9F01     		.2byte	0x19f
 2119 0e25 18       		.byte	0x18
 2120 0e26 D00D0000 		.4byte	0xdd0
 2121 0e2a 1F       		.uleb128 0x1f
 2122 0e2b 63000000 		.4byte	.LASF201
 2123 0e2f 08       		.byte	0x8
 2124 0e30 A001     		.2byte	0x1a0
 2125 0e32 16       		.byte	0x16
 2126 0e33 F20D0000 		.4byte	0xdf2
 2127 0e37 09       		.uleb128 0x9
 2128 0e38 4A0C0000 		.4byte	0xc4a
 2129 0e3c 470E0000 		.4byte	0xe47
 2130 0e40 0A       		.uleb128 0xa
 2131 0e41 38000000 		.4byte	0x38
 2132 0e45 0F       		.byte	0xf
 2133 0e46 00       		.byte	0
 2134 0e47 05       		.uleb128 0x5
 2135 0e48 370E0000 		.4byte	0xe37
 2136 0e4c 1F       		.uleb128 0x1f
 2137 0e4d A2070000 		.4byte	.LASF202
 2138 0e51 08       		.byte	0x8
 2139 0e52 0502     		.2byte	0x205
 2140 0e54 1E       		.byte	0x1e
 2141 0e55 470E0000 		.4byte	0xe47
 2142 0e59 1F       		.uleb128 0x1f
 2143 0e5a A9070000 		.4byte	.LASF203
 2144 0e5e 08       		.byte	0x8
 2145 0e5f 0902     		.2byte	0x209
 2146 0e61 1E       		.byte	0x1e
 2147 0e62 470E0000 		.4byte	0xe47
 2148 0e66 09       		.uleb128 0x9
 2149 0e67 4A0C0000 		.4byte	0xc4a
ARM GAS  /tmp/ccjntsk9.s 			page 39


 2150 0e6b 760E0000 		.4byte	0xe76
 2151 0e6f 0A       		.uleb128 0xa
 2152 0e70 38000000 		.4byte	0x38
 2153 0e74 0D       		.byte	0xd
 2154 0e75 00       		.byte	0
 2155 0e76 05       		.uleb128 0x5
 2156 0e77 660E0000 		.4byte	0xe66
 2157 0e7b 1F       		.uleb128 0x1f
 2158 0e7c B0070000 		.4byte	.LASF204
 2159 0e80 08       		.byte	0x8
 2160 0e81 0D02     		.2byte	0x20d
 2161 0e83 1E       		.byte	0x1e
 2162 0e84 760E0000 		.4byte	0xe76
 2163 0e88 09       		.uleb128 0x9
 2164 0e89 4A0C0000 		.4byte	0xc4a
 2165 0e8d 980E0000 		.4byte	0xe98
 2166 0e91 0A       		.uleb128 0xa
 2167 0e92 38000000 		.4byte	0x38
 2168 0e96 0C       		.byte	0xc
 2169 0e97 00       		.byte	0
 2170 0e98 05       		.uleb128 0x5
 2171 0e99 880E0000 		.4byte	0xe88
 2172 0e9d 1F       		.uleb128 0x1f
 2173 0e9e B7070000 		.4byte	.LASF205
 2174 0ea2 08       		.byte	0x8
 2175 0ea3 1102     		.2byte	0x211
 2176 0ea5 1E       		.byte	0x1e
 2177 0ea6 980E0000 		.4byte	0xe98
 2178 0eaa 09       		.uleb128 0x9
 2179 0eab 4A0C0000 		.4byte	0xc4a
 2180 0eaf BA0E0000 		.4byte	0xeba
 2181 0eb3 0A       		.uleb128 0xa
 2182 0eb4 38000000 		.4byte	0x38
 2183 0eb8 0E       		.byte	0xe
 2184 0eb9 00       		.byte	0
 2185 0eba 05       		.uleb128 0x5
 2186 0ebb AA0E0000 		.4byte	0xeaa
 2187 0ebf 1F       		.uleb128 0x1f
 2188 0ec0 70000000 		.4byte	.LASF206
 2189 0ec4 08       		.byte	0x8
 2190 0ec5 1502     		.2byte	0x215
 2191 0ec7 1E       		.byte	0x1e
 2192 0ec8 BA0E0000 		.4byte	0xeba
 2193 0ecc 1F       		.uleb128 0x1f
 2194 0ecd CD070000 		.4byte	.LASF207
 2195 0ed1 08       		.byte	0x8
 2196 0ed2 1902     		.2byte	0x219
 2197 0ed4 1E       		.byte	0x1e
 2198 0ed5 470E0000 		.4byte	0xe47
 2199 0ed9 09       		.uleb128 0x9
 2200 0eda 6E090000 		.4byte	0x96e
 2201 0ede EA0E0000 		.4byte	0xeea
 2202 0ee2 2B       		.uleb128 0x2b
 2203 0ee3 38000000 		.4byte	0x38
 2204 0ee7 0001     		.2byte	0x100
 2205 0ee9 00       		.byte	0
 2206 0eea 05       		.uleb128 0x5
ARM GAS  /tmp/ccjntsk9.s 			page 40


 2207 0eeb D90E0000 		.4byte	0xed9
 2208 0eef 1F       		.uleb128 0x1f
 2209 0ef0 05060000 		.4byte	.LASF208
 2210 0ef4 08       		.byte	0x8
 2211 0ef5 3D02     		.2byte	0x23d
 2212 0ef7 16       		.byte	0x16
 2213 0ef8 EA0E0000 		.4byte	0xeea
 2214 0efc 1F       		.uleb128 0x1f
 2215 0efd 2D020000 		.4byte	.LASF209
 2216 0f01 08       		.byte	0x8
 2217 0f02 5402     		.2byte	0x254
 2218 0f04 16       		.byte	0x16
 2219 0f05 EA0E0000 		.4byte	0xeea
 2220 0f09 1F       		.uleb128 0x1f
 2221 0f0a 08090000 		.4byte	.LASF210
 2222 0f0e 08       		.byte	0x8
 2223 0f0f 6C02     		.2byte	0x26c
 2224 0f11 16       		.byte	0x16
 2225 0f12 EA0E0000 		.4byte	0xeea
 2226 0f16 1F       		.uleb128 0x1f
 2227 0f17 25090000 		.4byte	.LASF211
 2228 0f1b 08       		.byte	0x8
 2229 0f1c 9B02     		.2byte	0x29b
 2230 0f1e 16       		.byte	0x16
 2231 0f1f AF0D0000 		.4byte	0xdaf
 2232 0f23 1F       		.uleb128 0x1f
 2233 0f24 97050000 		.4byte	.LASF212
 2234 0f28 08       		.byte	0x8
 2235 0f29 B002     		.2byte	0x2b0
 2236 0f2b 16       		.byte	0x16
 2237 0f2c AF0D0000 		.4byte	0xdaf
 2238 0f30 1F       		.uleb128 0x1f
 2239 0f31 1E010000 		.4byte	.LASF213
 2240 0f35 08       		.byte	0x8
 2241 0f36 CD02     		.2byte	0x2cd
 2242 0f38 16       		.byte	0x16
 2243 0f39 AF0D0000 		.4byte	0xdaf
 2244 0f3d 2A       		.uleb128 0x2a
 2245 0f3e 26050000 		.4byte	.LASF214
 2246 0f42 09       		.byte	0x9
 2247 0f43 47       		.byte	0x47
 2248 0f44 19       		.byte	0x19
 2249 0f45 BD000000 		.4byte	0xbd
 2250 0f49 2A       		.uleb128 0x2a
 2251 0f4a 4A090000 		.4byte	.LASF215
 2252 0f4e 09       		.byte	0x9
 2253 0f4f 4C       		.byte	0x4c
 2254 0f50 19       		.byte	0x19
 2255 0f51 BD000000 		.4byte	0xbd
 2256 0f55 1F       		.uleb128 0x1f
 2257 0f56 F9040000 		.4byte	.LASF216
 2258 0f5a 09       		.byte	0x9
 2259 0f5b 0201     		.2byte	0x102
 2260 0f5d 16       		.byte	0x16
 2261 0f5e EA0E0000 		.4byte	0xeea
 2262 0f62 0E       		.uleb128 0xe
 2263 0f63 3F000000 		.4byte	.LASF217
ARM GAS  /tmp/ccjntsk9.s 			page 41


 2264 0f67 08       		.byte	0x8
 2265 0f68 0A       		.byte	0xa
 2266 0f69 68       		.byte	0x68
 2267 0f6a 12       		.byte	0x12
 2268 0f6b C40F0000 		.4byte	0xfc4
 2269 0f6f 0C       		.uleb128 0xc
 2270 0f70 98000000 		.4byte	.LASF218
 2271 0f74 0A       		.byte	0xa
 2272 0f75 69       		.byte	0x69
 2273 0f76 0D       		.byte	0xd
 2274 0f77 86000000 		.4byte	0x86
 2275 0f7b 00       		.byte	0
 2276 0f7c 2C       		.uleb128 0x2c
 2277 0f7d 2D000000 		.4byte	.LASF219
 2278 0f81 0A       		.byte	0xa
 2279 0f82 6A       		.byte	0x6a
 2280 0f83 0D       		.byte	0xd
 2281 0f84 86000000 		.4byte	0x86
 2282 0f88 01       		.byte	0x1
 2283 0f89 07       		.byte	0x7
 2284 0f8a 01       		.byte	0x1
 2285 0f8b 01       		.byte	0x1
 2286 0f8c 2C       		.uleb128 0x2c
 2287 0f8d 50050000 		.4byte	.LASF220
 2288 0f91 0A       		.byte	0xa
 2289 0f92 6B       		.byte	0x6b
 2290 0f93 0D       		.byte	0xd
 2291 0f94 86000000 		.4byte	0x86
 2292 0f98 01       		.byte	0x1
 2293 0f99 01       		.byte	0x1
 2294 0f9a 00       		.byte	0
 2295 0f9b 01       		.byte	0x1
 2296 0f9c 0F       		.uleb128 0xf
 2297 0f9d 6D696E00 		.ascii	"min\000"
 2298 0fa1 0A       		.byte	0xa
 2299 0fa2 6C       		.byte	0x6c
 2300 0fa3 0D       		.byte	0xd
 2301 0fa4 60000000 		.4byte	0x60
 2302 0fa8 02       		.byte	0x2
 2303 0fa9 0F       		.uleb128 0xf
 2304 0faa 6D617800 		.ascii	"max\000"
 2305 0fae 0A       		.byte	0xa
 2306 0faf 6D       		.byte	0x6d
 2307 0fb0 0D       		.byte	0xd
 2308 0fb1 60000000 		.4byte	0x60
 2309 0fb5 04       		.byte	0x4
 2310 0fb6 0C       		.uleb128 0xc
 2311 0fb7 C4030000 		.4byte	.LASF221
 2312 0fbb 0A       		.byte	0xa
 2313 0fbc 6E       		.byte	0x6e
 2314 0fbd 0D       		.byte	0xd
 2315 0fbe 60000000 		.4byte	0x60
 2316 0fc2 06       		.byte	0x6
 2317 0fc3 00       		.byte	0
 2318 0fc4 03       		.uleb128 0x3
 2319 0fc5 D7010000 		.4byte	.LASF222
 2320 0fc9 0A       		.byte	0xa
ARM GAS  /tmp/ccjntsk9.s 			page 42


 2321 0fca 6F       		.byte	0x6f
 2322 0fcb 05       		.byte	0x5
 2323 0fcc 620F0000 		.4byte	0xf62
 2324 0fd0 11       		.uleb128 0x11
 2325 0fd1 D9040000 		.4byte	.LASF223
 2326 0fd5 7801     		.2byte	0x178
 2327 0fd7 0A       		.byte	0xa
 2328 0fd8 73       		.byte	0x73
 2329 0fd9 12       		.byte	0x12
 2330 0fda FA0F0000 		.4byte	0xffa
 2331 0fde 0C       		.uleb128 0xc
 2332 0fdf 6D030000 		.4byte	.LASF224
 2333 0fe3 0A       		.byte	0xa
 2334 0fe4 74       		.byte	0x74
 2335 0fe5 13       		.byte	0x13
 2336 0fe6 1F0D0000 		.4byte	0xd1f
 2337 0fea 00       		.byte	0
 2338 0feb 12       		.uleb128 0x12
 2339 0fec 51080000 		.4byte	.LASF225
 2340 0ff0 0A       		.byte	0xa
 2341 0ff1 75       		.byte	0x75
 2342 0ff2 1F       		.byte	0x1f
 2343 0ff3 FA0F0000 		.4byte	0xffa
 2344 0ff7 3801     		.2byte	0x138
 2345 0ff9 00       		.byte	0
 2346 0ffa 09       		.uleb128 0x9
 2347 0ffb C40F0000 		.4byte	0xfc4
 2348 0fff 0A100000 		.4byte	0x100a
 2349 1003 0A       		.uleb128 0xa
 2350 1004 38000000 		.4byte	0x38
 2351 1008 07       		.byte	0x7
 2352 1009 00       		.byte	0
 2353 100a 03       		.uleb128 0x3
 2354 100b 890B0000 		.4byte	.LASF226
 2355 100f 0A       		.byte	0xa
 2356 1010 76       		.byte	0x76
 2357 1011 05       		.byte	0x5
 2358 1012 D00F0000 		.4byte	0xfd0
 2359 1016 05       		.uleb128 0x5
 2360 1017 0A100000 		.4byte	0x100a
 2361 101b 2A       		.uleb128 0x2a
 2362 101c 33000000 		.4byte	.LASF175
 2363 1020 0A       		.byte	0xa
 2364 1021 79       		.byte	0x79
 2365 1022 28       		.byte	0x28
 2366 1023 16100000 		.4byte	0x1016
 2367 1027 2D       		.uleb128 0x2d
 2368 1028 1B100000 		.4byte	0x101b
 2369 102c 01       		.byte	0x1
 2370 102d 30       		.byte	0x30
 2371 102e 4E       		.byte	0x4e
 2372 102f 05       		.uleb128 0x5
 2373 1030 03       		.byte	0x3
 2374 1031 00000000 		.4byte	unit_header
 2375 1035 2E       		.uleb128 0x2e
 2376 1036 BB090000 		.4byte	.LASF230
 2377 103a 01       		.byte	0x1
ARM GAS  /tmp/ccjntsk9.s 			page 43


 2378 103b 69       		.byte	0x69
 2379 103c 1C       		.byte	0x1c
 2380 103d 1E000000 		.4byte	.LFB256
 2381 1041 02000000 		.4byte	.LFE256-.LFB256
 2382 1045 01       		.uleb128 0x1
 2383 1046 9C       		.byte	0x9c
 2384 1047 7F100000 		.4byte	0x107f
 2385 104b 2F       		.uleb128 0x2f
 2386 104c 696400   		.ascii	"id\000"
 2387 104f 01       		.byte	0x1
 2388 1050 69       		.byte	0x69
 2389 1051 35       		.byte	0x35
 2390 1052 86000000 		.4byte	0x86
 2391 1056 01       		.uleb128 0x1
 2392 1057 50       		.byte	0x50
 2393 1058 30       		.uleb128 0x30
 2394 1059 84000000 		.4byte	.LASF227
 2395 105d 01       		.byte	0x1
 2396 105e 69       		.byte	0x69
 2397 105f 41       		.byte	0x41
 2398 1060 86000000 		.4byte	0x86
 2399 1064 01       		.uleb128 0x1
 2400 1065 51       		.byte	0x51
 2401 1066 2F       		.uleb128 0x2f
 2402 1067 7800     		.ascii	"x\000"
 2403 1069 01       		.byte	0x1
 2404 106a 69       		.byte	0x69
 2405 106b 51       		.byte	0x51
 2406 106c B1000000 		.4byte	0xb1
 2407 1070 01       		.uleb128 0x1
 2408 1071 52       		.byte	0x52
 2409 1072 2F       		.uleb128 0x2f
 2410 1073 7900     		.ascii	"y\000"
 2411 1075 01       		.byte	0x1
 2412 1076 69       		.byte	0x69
 2413 1077 5D       		.byte	0x5d
 2414 1078 B1000000 		.4byte	0xb1
 2415 107c 01       		.uleb128 0x1
 2416 107d 53       		.byte	0x53
 2417 107e 00       		.byte	0
 2418 107f 31       		.uleb128 0x31
 2419 1080 68050000 		.4byte	.LASF246
 2420 1084 01       		.byte	0x1
 2421 1085 67       		.byte	0x67
 2422 1086 1C       		.byte	0x1c
 2423 1087 98100000 		.4byte	0x1098
 2424 108b 32       		.uleb128 0x32
 2425 108c E1030000 		.4byte	.LASF228
 2426 1090 01       		.byte	0x1
 2427 1091 67       		.byte	0x67
 2428 1092 3B       		.byte	0x3b
 2429 1093 B1000000 		.4byte	0xb1
 2430 1097 00       		.byte	0
 2431 1098 33       		.uleb128 0x33
 2432 1099 B5030000 		.4byte	.LASF247
 2433 109d 01       		.byte	0x1
 2434 109e 65       		.byte	0x65
ARM GAS  /tmp/ccjntsk9.s 			page 44


 2435 109f 1C       		.byte	0x1c
 2436 10a0 01       		.byte	0x1
 2437 10a1 B2100000 		.4byte	0x10b2
 2438 10a5 32       		.uleb128 0x32
 2439 10a6 5E040000 		.4byte	.LASF229
 2440 10aa 01       		.byte	0x1
 2441 10ab 65       		.byte	0x65
 2442 10ac 34       		.byte	0x34
 2443 10ad B1000000 		.4byte	0xb1
 2444 10b1 00       		.byte	0
 2445 10b2 2E       		.uleb128 0x2e
 2446 10b3 20080000 		.4byte	.LASF231
 2447 10b7 01       		.byte	0x1
 2448 10b8 60       		.byte	0x60
 2449 10b9 1C       		.byte	0x1c
 2450 10ba 18000000 		.4byte	.LFB253
 2451 10be 02000000 		.4byte	.LFE253-.LFB253
 2452 10c2 01       		.uleb128 0x1
 2453 10c3 9C       		.byte	0x9c
 2454 10c4 E4100000 		.4byte	0x10e4
 2455 10c8 2F       		.uleb128 0x2f
 2456 10c9 696400   		.ascii	"id\000"
 2457 10cc 01       		.byte	0x1
 2458 10cd 60       		.byte	0x60
 2459 10ce 39       		.byte	0x39
 2460 10cf 86000000 		.4byte	0x86
 2461 10d3 01       		.uleb128 0x1
 2462 10d4 50       		.byte	0x50
 2463 10d5 30       		.uleb128 0x30
 2464 10d6 C4030000 		.4byte	.LASF221
 2465 10da 01       		.byte	0x1
 2466 10db 60       		.byte	0x60
 2467 10dc 45       		.byte	0x45
 2468 10dd 73000000 		.4byte	0x73
 2469 10e1 01       		.uleb128 0x1
 2470 10e2 51       		.byte	0x51
 2471 10e3 00       		.byte	0
 2472 10e4 34       		.uleb128 0x34
 2473 10e5 8F020000 		.4byte	.LASF232
 2474 10e9 01       		.byte	0x1
 2475 10ea 5A       		.byte	0x5a
 2476 10eb 24       		.byte	0x24
 2477 10ec 3E060000 		.4byte	0x63e
 2478 10f0 14000000 		.4byte	.LFB252
 2479 10f4 04000000 		.4byte	.LFE252-.LFB252
 2480 10f8 01       		.uleb128 0x1
 2481 10f9 9C       		.byte	0x9c
 2482 10fa 20110000 		.4byte	0x1120
 2483 10fe 35       		.uleb128 0x35
 2484 10ff 696400   		.ascii	"id\000"
 2485 1102 01       		.byte	0x1
 2486 1103 5A       		.byte	0x5a
 2487 1104 45       		.byte	0x45
 2488 1105 86000000 		.4byte	0x86
 2489 1109 04000000 		.4byte	.LLST2
 2490 110d 00000000 		.4byte	.LVUS2
 2491 1111 30       		.uleb128 0x30
ARM GAS  /tmp/ccjntsk9.s 			page 45


 2492 1112 C4030000 		.4byte	.LASF221
 2493 1116 01       		.byte	0x1
 2494 1117 5A       		.byte	0x5a
 2495 1118 51       		.byte	0x51
 2496 1119 73000000 		.4byte	0x73
 2497 111d 01       		.uleb128 0x1
 2498 111e 51       		.byte	0x51
 2499 111f 00       		.byte	0
 2500 1120 34       		.uleb128 0x34
 2501 1121 A90A0000 		.4byte	.LASF233
 2502 1125 01       		.byte	0x1
 2503 1126 55       		.byte	0x55
 2504 1127 1F       		.byte	0x1f
 2505 1128 73000000 		.4byte	0x73
 2506 112c 10000000 		.4byte	.LFB251
 2507 1130 04000000 		.4byte	.LFE251-.LFB251
 2508 1134 01       		.uleb128 0x1
 2509 1135 9C       		.byte	0x9c
 2510 1136 4E110000 		.4byte	0x114e
 2511 113a 35       		.uleb128 0x35
 2512 113b 696400   		.ascii	"id\000"
 2513 113e 01       		.byte	0x1
 2514 113f 55       		.byte	0x55
 2515 1140 3C       		.byte	0x3c
 2516 1141 86000000 		.4byte	0x86
 2517 1145 29000000 		.4byte	.LLST1
 2518 1149 25000000 		.4byte	.LVUS1
 2519 114d 00       		.byte	0
 2520 114e 2E       		.uleb128 0x2e
 2521 114f 1A060000 		.4byte	.LASF234
 2522 1153 01       		.byte	0x1
 2523 1154 4F       		.byte	0x4f
 2524 1155 1C       		.byte	0x1c
 2525 1156 0E000000 		.4byte	.LFB250
 2526 115a 02000000 		.4byte	.LFE250-.LFB250
 2527 115e 01       		.uleb128 0x1
 2528 115f 9C       		.byte	0x9c
 2529 1160 8E110000 		.4byte	0x118e
 2530 1164 2F       		.uleb128 0x2f
 2531 1165 696E00   		.ascii	"in\000"
 2532 1168 01       		.byte	0x1
 2533 1169 4F       		.byte	0x4f
 2534 116a 36       		.byte	0x36
 2535 116b 440C0000 		.4byte	0xc44
 2536 116f 01       		.uleb128 0x1
 2537 1170 50       		.byte	0x50
 2538 1171 2F       		.uleb128 0x2f
 2539 1172 6F757400 		.ascii	"out\000"
 2540 1176 01       		.byte	0x1
 2541 1177 4F       		.byte	0x4f
 2542 1178 42       		.byte	0x42
 2543 1179 4F0C0000 		.4byte	0xc4f
 2544 117d 01       		.uleb128 0x1
 2545 117e 51       		.byte	0x51
 2546 117f 30       		.uleb128 0x30
 2547 1180 90050000 		.4byte	.LASF235
 2548 1184 01       		.byte	0x1
ARM GAS  /tmp/ccjntsk9.s 			page 46


 2549 1185 4F       		.byte	0x4f
 2550 1186 50       		.byte	0x50
 2551 1187 B1000000 		.4byte	0xb1
 2552 118b 01       		.uleb128 0x1
 2553 118c 52       		.byte	0x52
 2554 118d 00       		.byte	0
 2555 118e 36       		.uleb128 0x36
 2556 118f 18090000 		.4byte	.LASF236
 2557 1193 01       		.byte	0x1
 2558 1194 4D       		.byte	0x4d
 2559 1195 1C       		.byte	0x1c
 2560 1196 36       		.uleb128 0x36
 2561 1197 84080000 		.4byte	.LASF237
 2562 119b 01       		.byte	0x1
 2563 119c 4B       		.byte	0x4b
 2564 119d 1C       		.byte	0x1c
 2565 119e 36       		.uleb128 0x36
 2566 119f A6090000 		.4byte	.LASF238
 2567 11a3 01       		.byte	0x1
 2568 11a4 49       		.byte	0x49
 2569 11a5 1C       		.byte	0x1c
 2570 11a6 37       		.uleb128 0x37
 2571 11a7 B6040000 		.4byte	.LASF248
 2572 11ab 01       		.byte	0x1
 2573 11ac 47       		.byte	0x47
 2574 11ad 1C       		.byte	0x1c
 2575 11ae 01       		.byte	0x1
 2576 11af 34       		.uleb128 0x34
 2577 11b0 54040000 		.4byte	.LASF239
 2578 11b4 01       		.byte	0x1
 2579 11b5 42       		.byte	0x42
 2580 11b6 1E       		.byte	0x1e
 2581 11b7 4D000000 		.4byte	0x4d
 2582 11bb 00000000 		.4byte	.LFB245
 2583 11bf 06000000 		.4byte	.LFE245-.LFB245
 2584 11c3 01       		.uleb128 0x1
 2585 11c4 9C       		.byte	0x9c
 2586 11c5 DE110000 		.4byte	0x11de
 2587 11c9 38       		.uleb128 0x38
 2588 11ca BF0C0000 		.4byte	.LASF240
 2589 11ce 01       		.byte	0x1
 2590 11cf 42       		.byte	0x42
 2591 11d0 44       		.byte	0x44
 2592 11d1 3E0C0000 		.4byte	0xc3e
 2593 11d5 4E000000 		.4byte	.LLST0
 2594 11d9 4A000000 		.4byte	.LVUS0
 2595 11dd 00       		.byte	0
 2596 11de 39       		.uleb128 0x39
 2597 11df A6110000 		.4byte	0x11a6
 2598 11e3 06000000 		.4byte	.LFB246
 2599 11e7 02000000 		.4byte	.LFE246-.LFB246
 2600 11eb 01       		.uleb128 0x1
 2601 11ec 9C       		.byte	0x9c
 2602 11ed 3A       		.uleb128 0x3a
 2603 11ee 98100000 		.4byte	0x1098
 2604 11f2 1A000000 		.4byte	.LFB254
 2605 11f6 02000000 		.4byte	.LFE254-.LFB254
ARM GAS  /tmp/ccjntsk9.s 			page 47


 2606 11fa 01       		.uleb128 0x1
 2607 11fb 9C       		.byte	0x9c
 2608 11fc 3B       		.uleb128 0x3b
 2609 11fd A5100000 		.4byte	0x10a5
 2610 1201 01       		.uleb128 0x1
 2611 1202 50       		.byte	0x50
 2612 1203 00       		.byte	0
 2613 1204 00       		.byte	0
 2614              		.section	.debug_abbrev,"",%progbits
 2615              	.Ldebug_abbrev0:
 2616 0000 01       		.uleb128 0x1
 2617 0001 11       		.uleb128 0x11
 2618 0002 01       		.byte	0x1
 2619 0003 25       		.uleb128 0x25
 2620 0004 0E       		.uleb128 0xe
 2621 0005 13       		.uleb128 0x13
 2622 0006 0B       		.uleb128 0xb
 2623 0007 03       		.uleb128 0x3
 2624 0008 0E       		.uleb128 0xe
 2625 0009 1B       		.uleb128 0x1b
 2626 000a 0E       		.uleb128 0xe
 2627 000b 11       		.uleb128 0x11
 2628 000c 01       		.uleb128 0x1
 2629 000d 12       		.uleb128 0x12
 2630 000e 06       		.uleb128 0x6
 2631 000f 10       		.uleb128 0x10
 2632 0010 17       		.uleb128 0x17
 2633 0011 00       		.byte	0
 2634 0012 00       		.byte	0
 2635 0013 02       		.uleb128 0x2
 2636 0014 24       		.uleb128 0x24
 2637 0015 00       		.byte	0
 2638 0016 0B       		.uleb128 0xb
 2639 0017 0B       		.uleb128 0xb
 2640 0018 3E       		.uleb128 0x3e
 2641 0019 0B       		.uleb128 0xb
 2642 001a 03       		.uleb128 0x3
 2643 001b 08       		.uleb128 0x8
 2644 001c 00       		.byte	0
 2645 001d 00       		.byte	0
 2646 001e 03       		.uleb128 0x3
 2647 001f 16       		.uleb128 0x16
 2648 0020 00       		.byte	0
 2649 0021 03       		.uleb128 0x3
 2650 0022 0E       		.uleb128 0xe
 2651 0023 3A       		.uleb128 0x3a
 2652 0024 0B       		.uleb128 0xb
 2653 0025 3B       		.uleb128 0x3b
 2654 0026 0B       		.uleb128 0xb
 2655 0027 39       		.uleb128 0x39
 2656 0028 0B       		.uleb128 0xb
 2657 0029 49       		.uleb128 0x49
 2658 002a 13       		.uleb128 0x13
 2659 002b 00       		.byte	0
 2660 002c 00       		.byte	0
 2661 002d 04       		.uleb128 0x4
 2662 002e 24       		.uleb128 0x24
ARM GAS  /tmp/ccjntsk9.s 			page 48


 2663 002f 00       		.byte	0
 2664 0030 0B       		.uleb128 0xb
 2665 0031 0B       		.uleb128 0xb
 2666 0032 3E       		.uleb128 0x3e
 2667 0033 0B       		.uleb128 0xb
 2668 0034 03       		.uleb128 0x3
 2669 0035 0E       		.uleb128 0xe
 2670 0036 00       		.byte	0
 2671 0037 00       		.byte	0
 2672 0038 05       		.uleb128 0x5
 2673 0039 26       		.uleb128 0x26
 2674 003a 00       		.byte	0
 2675 003b 49       		.uleb128 0x49
 2676 003c 13       		.uleb128 0x13
 2677 003d 00       		.byte	0
 2678 003e 00       		.byte	0
 2679 003f 06       		.uleb128 0x6
 2680 0040 16       		.uleb128 0x16
 2681 0041 00       		.byte	0
 2682 0042 03       		.uleb128 0x3
 2683 0043 0E       		.uleb128 0xe
 2684 0044 3A       		.uleb128 0x3a
 2685 0045 0B       		.uleb128 0xb
 2686 0046 3B       		.uleb128 0x3b
 2687 0047 05       		.uleb128 0x5
 2688 0048 39       		.uleb128 0x39
 2689 0049 0B       		.uleb128 0xb
 2690 004a 49       		.uleb128 0x49
 2691 004b 13       		.uleb128 0x13
 2692 004c 00       		.byte	0
 2693 004d 00       		.byte	0
 2694 004e 07       		.uleb128 0x7
 2695 004f 17       		.uleb128 0x17
 2696 0050 01       		.byte	0x1
 2697 0051 0B       		.uleb128 0xb
 2698 0052 0B       		.uleb128 0xb
 2699 0053 3A       		.uleb128 0x3a
 2700 0054 0B       		.uleb128 0xb
 2701 0055 3B       		.uleb128 0x3b
 2702 0056 0B       		.uleb128 0xb
 2703 0057 39       		.uleb128 0x39
 2704 0058 0B       		.uleb128 0xb
 2705 0059 01       		.uleb128 0x1
 2706 005a 13       		.uleb128 0x13
 2707 005b 00       		.byte	0
 2708 005c 00       		.byte	0
 2709 005d 08       		.uleb128 0x8
 2710 005e 0D       		.uleb128 0xd
 2711 005f 00       		.byte	0
 2712 0060 03       		.uleb128 0x3
 2713 0061 0E       		.uleb128 0xe
 2714 0062 3A       		.uleb128 0x3a
 2715 0063 0B       		.uleb128 0xb
 2716 0064 3B       		.uleb128 0x3b
 2717 0065 0B       		.uleb128 0xb
 2718 0066 39       		.uleb128 0x39
 2719 0067 0B       		.uleb128 0xb
ARM GAS  /tmp/ccjntsk9.s 			page 49


 2720 0068 49       		.uleb128 0x49
 2721 0069 13       		.uleb128 0x13
 2722 006a 00       		.byte	0
 2723 006b 00       		.byte	0
 2724 006c 09       		.uleb128 0x9
 2725 006d 01       		.uleb128 0x1
 2726 006e 01       		.byte	0x1
 2727 006f 49       		.uleb128 0x49
 2728 0070 13       		.uleb128 0x13
 2729 0071 01       		.uleb128 0x1
 2730 0072 13       		.uleb128 0x13
 2731 0073 00       		.byte	0
 2732 0074 00       		.byte	0
 2733 0075 0A       		.uleb128 0xa
 2734 0076 21       		.uleb128 0x21
 2735 0077 00       		.byte	0
 2736 0078 49       		.uleb128 0x49
 2737 0079 13       		.uleb128 0x13
 2738 007a 2F       		.uleb128 0x2f
 2739 007b 0B       		.uleb128 0xb
 2740 007c 00       		.byte	0
 2741 007d 00       		.byte	0
 2742 007e 0B       		.uleb128 0xb
 2743 007f 13       		.uleb128 0x13
 2744 0080 01       		.byte	0x1
 2745 0081 0B       		.uleb128 0xb
 2746 0082 0B       		.uleb128 0xb
 2747 0083 3A       		.uleb128 0x3a
 2748 0084 0B       		.uleb128 0xb
 2749 0085 3B       		.uleb128 0x3b
 2750 0086 0B       		.uleb128 0xb
 2751 0087 39       		.uleb128 0x39
 2752 0088 0B       		.uleb128 0xb
 2753 0089 01       		.uleb128 0x1
 2754 008a 13       		.uleb128 0x13
 2755 008b 00       		.byte	0
 2756 008c 00       		.byte	0
 2757 008d 0C       		.uleb128 0xc
 2758 008e 0D       		.uleb128 0xd
 2759 008f 00       		.byte	0
 2760 0090 03       		.uleb128 0x3
 2761 0091 0E       		.uleb128 0xe
 2762 0092 3A       		.uleb128 0x3a
 2763 0093 0B       		.uleb128 0xb
 2764 0094 3B       		.uleb128 0x3b
 2765 0095 0B       		.uleb128 0xb
 2766 0096 39       		.uleb128 0x39
 2767 0097 0B       		.uleb128 0xb
 2768 0098 49       		.uleb128 0x49
 2769 0099 13       		.uleb128 0x13
 2770 009a 38       		.uleb128 0x38
 2771 009b 0B       		.uleb128 0xb
 2772 009c 00       		.byte	0
 2773 009d 00       		.byte	0
 2774 009e 0D       		.uleb128 0xd
 2775 009f 0F       		.uleb128 0xf
 2776 00a0 00       		.byte	0
ARM GAS  /tmp/ccjntsk9.s 			page 50


 2777 00a1 0B       		.uleb128 0xb
 2778 00a2 0B       		.uleb128 0xb
 2779 00a3 00       		.byte	0
 2780 00a4 00       		.byte	0
 2781 00a5 0E       		.uleb128 0xe
 2782 00a6 13       		.uleb128 0x13
 2783 00a7 01       		.byte	0x1
 2784 00a8 03       		.uleb128 0x3
 2785 00a9 0E       		.uleb128 0xe
 2786 00aa 0B       		.uleb128 0xb
 2787 00ab 0B       		.uleb128 0xb
 2788 00ac 3A       		.uleb128 0x3a
 2789 00ad 0B       		.uleb128 0xb
 2790 00ae 3B       		.uleb128 0x3b
 2791 00af 0B       		.uleb128 0xb
 2792 00b0 39       		.uleb128 0x39
 2793 00b1 0B       		.uleb128 0xb
 2794 00b2 01       		.uleb128 0x1
 2795 00b3 13       		.uleb128 0x13
 2796 00b4 00       		.byte	0
 2797 00b5 00       		.byte	0
 2798 00b6 0F       		.uleb128 0xf
 2799 00b7 0D       		.uleb128 0xd
 2800 00b8 00       		.byte	0
 2801 00b9 03       		.uleb128 0x3
 2802 00ba 08       		.uleb128 0x8
 2803 00bb 3A       		.uleb128 0x3a
 2804 00bc 0B       		.uleb128 0xb
 2805 00bd 3B       		.uleb128 0x3b
 2806 00be 0B       		.uleb128 0xb
 2807 00bf 39       		.uleb128 0x39
 2808 00c0 0B       		.uleb128 0xb
 2809 00c1 49       		.uleb128 0x49
 2810 00c2 13       		.uleb128 0x13
 2811 00c3 38       		.uleb128 0x38
 2812 00c4 0B       		.uleb128 0xb
 2813 00c5 00       		.byte	0
 2814 00c6 00       		.byte	0
 2815 00c7 10       		.uleb128 0x10
 2816 00c8 0F       		.uleb128 0xf
 2817 00c9 00       		.byte	0
 2818 00ca 0B       		.uleb128 0xb
 2819 00cb 0B       		.uleb128 0xb
 2820 00cc 49       		.uleb128 0x49
 2821 00cd 13       		.uleb128 0x13
 2822 00ce 00       		.byte	0
 2823 00cf 00       		.byte	0
 2824 00d0 11       		.uleb128 0x11
 2825 00d1 13       		.uleb128 0x13
 2826 00d2 01       		.byte	0x1
 2827 00d3 03       		.uleb128 0x3
 2828 00d4 0E       		.uleb128 0xe
 2829 00d5 0B       		.uleb128 0xb
 2830 00d6 05       		.uleb128 0x5
 2831 00d7 3A       		.uleb128 0x3a
 2832 00d8 0B       		.uleb128 0xb
 2833 00d9 3B       		.uleb128 0x3b
ARM GAS  /tmp/ccjntsk9.s 			page 51


 2834 00da 0B       		.uleb128 0xb
 2835 00db 39       		.uleb128 0x39
 2836 00dc 0B       		.uleb128 0xb
 2837 00dd 01       		.uleb128 0x1
 2838 00de 13       		.uleb128 0x13
 2839 00df 00       		.byte	0
 2840 00e0 00       		.byte	0
 2841 00e1 12       		.uleb128 0x12
 2842 00e2 0D       		.uleb128 0xd
 2843 00e3 00       		.byte	0
 2844 00e4 03       		.uleb128 0x3
 2845 00e5 0E       		.uleb128 0xe
 2846 00e6 3A       		.uleb128 0x3a
 2847 00e7 0B       		.uleb128 0xb
 2848 00e8 3B       		.uleb128 0x3b
 2849 00e9 0B       		.uleb128 0xb
 2850 00ea 39       		.uleb128 0x39
 2851 00eb 0B       		.uleb128 0xb
 2852 00ec 49       		.uleb128 0x49
 2853 00ed 13       		.uleb128 0x13
 2854 00ee 38       		.uleb128 0x38
 2855 00ef 05       		.uleb128 0x5
 2856 00f0 00       		.byte	0
 2857 00f1 00       		.byte	0
 2858 00f2 13       		.uleb128 0x13
 2859 00f3 15       		.uleb128 0x15
 2860 00f4 00       		.byte	0
 2861 00f5 27       		.uleb128 0x27
 2862 00f6 19       		.uleb128 0x19
 2863 00f7 00       		.byte	0
 2864 00f8 00       		.byte	0
 2865 00f9 14       		.uleb128 0x14
 2866 00fa 15       		.uleb128 0x15
 2867 00fb 01       		.byte	0x1
 2868 00fc 27       		.uleb128 0x27
 2869 00fd 19       		.uleb128 0x19
 2870 00fe 49       		.uleb128 0x49
 2871 00ff 13       		.uleb128 0x13
 2872 0100 01       		.uleb128 0x1
 2873 0101 13       		.uleb128 0x13
 2874 0102 00       		.byte	0
 2875 0103 00       		.byte	0
 2876 0104 15       		.uleb128 0x15
 2877 0105 05       		.uleb128 0x5
 2878 0106 00       		.byte	0
 2879 0107 49       		.uleb128 0x49
 2880 0108 13       		.uleb128 0x13
 2881 0109 00       		.byte	0
 2882 010a 00       		.byte	0
 2883 010b 16       		.uleb128 0x16
 2884 010c 13       		.uleb128 0x13
 2885 010d 01       		.byte	0x1
 2886 010e 03       		.uleb128 0x3
 2887 010f 0E       		.uleb128 0xe
 2888 0110 0B       		.uleb128 0xb
 2889 0111 05       		.uleb128 0x5
 2890 0112 3A       		.uleb128 0x3a
ARM GAS  /tmp/ccjntsk9.s 			page 52


 2891 0113 0B       		.uleb128 0xb
 2892 0114 3B       		.uleb128 0x3b
 2893 0115 05       		.uleb128 0x5
 2894 0116 39       		.uleb128 0x39
 2895 0117 0B       		.uleb128 0xb
 2896 0118 01       		.uleb128 0x1
 2897 0119 13       		.uleb128 0x13
 2898 011a 00       		.byte	0
 2899 011b 00       		.byte	0
 2900 011c 17       		.uleb128 0x17
 2901 011d 0D       		.uleb128 0xd
 2902 011e 00       		.byte	0
 2903 011f 03       		.uleb128 0x3
 2904 0120 0E       		.uleb128 0xe
 2905 0121 3A       		.uleb128 0x3a
 2906 0122 0B       		.uleb128 0xb
 2907 0123 3B       		.uleb128 0x3b
 2908 0124 05       		.uleb128 0x5
 2909 0125 39       		.uleb128 0x39
 2910 0126 0B       		.uleb128 0xb
 2911 0127 49       		.uleb128 0x49
 2912 0128 13       		.uleb128 0x13
 2913 0129 38       		.uleb128 0x38
 2914 012a 0B       		.uleb128 0xb
 2915 012b 00       		.byte	0
 2916 012c 00       		.byte	0
 2917 012d 18       		.uleb128 0x18
 2918 012e 0D       		.uleb128 0xd
 2919 012f 00       		.byte	0
 2920 0130 03       		.uleb128 0x3
 2921 0131 0E       		.uleb128 0xe
 2922 0132 3A       		.uleb128 0x3a
 2923 0133 0B       		.uleb128 0xb
 2924 0134 3B       		.uleb128 0x3b
 2925 0135 05       		.uleb128 0x5
 2926 0136 39       		.uleb128 0x39
 2927 0137 0B       		.uleb128 0xb
 2928 0138 49       		.uleb128 0x49
 2929 0139 13       		.uleb128 0x13
 2930 013a 38       		.uleb128 0x38
 2931 013b 05       		.uleb128 0x5
 2932 013c 00       		.byte	0
 2933 013d 00       		.byte	0
 2934 013e 19       		.uleb128 0x19
 2935 013f 13       		.uleb128 0x13
 2936 0140 01       		.byte	0x1
 2937 0141 03       		.uleb128 0x3
 2938 0142 0E       		.uleb128 0xe
 2939 0143 0B       		.uleb128 0xb
 2940 0144 0B       		.uleb128 0xb
 2941 0145 3A       		.uleb128 0x3a
 2942 0146 0B       		.uleb128 0xb
 2943 0147 3B       		.uleb128 0x3b
 2944 0148 05       		.uleb128 0x5
 2945 0149 39       		.uleb128 0x39
 2946 014a 0B       		.uleb128 0xb
 2947 014b 01       		.uleb128 0x1
ARM GAS  /tmp/ccjntsk9.s 			page 53


 2948 014c 13       		.uleb128 0x13
 2949 014d 00       		.byte	0
 2950 014e 00       		.byte	0
 2951 014f 1A       		.uleb128 0x1a
 2952 0150 13       		.uleb128 0x13
 2953 0151 01       		.byte	0x1
 2954 0152 0B       		.uleb128 0xb
 2955 0153 0B       		.uleb128 0xb
 2956 0154 3A       		.uleb128 0x3a
 2957 0155 0B       		.uleb128 0xb
 2958 0156 3B       		.uleb128 0x3b
 2959 0157 05       		.uleb128 0x5
 2960 0158 39       		.uleb128 0x39
 2961 0159 0B       		.uleb128 0xb
 2962 015a 01       		.uleb128 0x1
 2963 015b 13       		.uleb128 0x13
 2964 015c 00       		.byte	0
 2965 015d 00       		.byte	0
 2966 015e 1B       		.uleb128 0x1b
 2967 015f 17       		.uleb128 0x17
 2968 0160 01       		.byte	0x1
 2969 0161 0B       		.uleb128 0xb
 2970 0162 0B       		.uleb128 0xb
 2971 0163 3A       		.uleb128 0x3a
 2972 0164 0B       		.uleb128 0xb
 2973 0165 3B       		.uleb128 0x3b
 2974 0166 05       		.uleb128 0x5
 2975 0167 39       		.uleb128 0x39
 2976 0168 0B       		.uleb128 0xb
 2977 0169 01       		.uleb128 0x1
 2978 016a 13       		.uleb128 0x13
 2979 016b 00       		.byte	0
 2980 016c 00       		.byte	0
 2981 016d 1C       		.uleb128 0x1c
 2982 016e 0D       		.uleb128 0xd
 2983 016f 00       		.byte	0
 2984 0170 03       		.uleb128 0x3
 2985 0171 0E       		.uleb128 0xe
 2986 0172 3A       		.uleb128 0x3a
 2987 0173 0B       		.uleb128 0xb
 2988 0174 3B       		.uleb128 0x3b
 2989 0175 05       		.uleb128 0x5
 2990 0176 39       		.uleb128 0x39
 2991 0177 0B       		.uleb128 0xb
 2992 0178 49       		.uleb128 0x49
 2993 0179 13       		.uleb128 0x13
 2994 017a 00       		.byte	0
 2995 017b 00       		.byte	0
 2996 017c 1D       		.uleb128 0x1d
 2997 017d 13       		.uleb128 0x13
 2998 017e 00       		.byte	0
 2999 017f 03       		.uleb128 0x3
 3000 0180 0E       		.uleb128 0xe
 3001 0181 3C       		.uleb128 0x3c
 3002 0182 19       		.uleb128 0x19
 3003 0183 00       		.byte	0
 3004 0184 00       		.byte	0
ARM GAS  /tmp/ccjntsk9.s 			page 54


 3005 0185 1E       		.uleb128 0x1e
 3006 0186 15       		.uleb128 0x15
 3007 0187 01       		.byte	0x1
 3008 0188 27       		.uleb128 0x27
 3009 0189 19       		.uleb128 0x19
 3010 018a 01       		.uleb128 0x1
 3011 018b 13       		.uleb128 0x13
 3012 018c 00       		.byte	0
 3013 018d 00       		.byte	0
 3014 018e 1F       		.uleb128 0x1f
 3015 018f 34       		.uleb128 0x34
 3016 0190 00       		.byte	0
 3017 0191 03       		.uleb128 0x3
 3018 0192 0E       		.uleb128 0xe
 3019 0193 3A       		.uleb128 0x3a
 3020 0194 0B       		.uleb128 0xb
 3021 0195 3B       		.uleb128 0x3b
 3022 0196 05       		.uleb128 0x5
 3023 0197 39       		.uleb128 0x39
 3024 0198 0B       		.uleb128 0xb
 3025 0199 49       		.uleb128 0x49
 3026 019a 13       		.uleb128 0x13
 3027 019b 3F       		.uleb128 0x3f
 3028 019c 19       		.uleb128 0x19
 3029 019d 3C       		.uleb128 0x3c
 3030 019e 19       		.uleb128 0x19
 3031 019f 00       		.byte	0
 3032 01a0 00       		.byte	0
 3033 01a1 20       		.uleb128 0x20
 3034 01a2 04       		.uleb128 0x4
 3035 01a3 01       		.byte	0x1
 3036 01a4 3E       		.uleb128 0x3e
 3037 01a5 0B       		.uleb128 0xb
 3038 01a6 0B       		.uleb128 0xb
 3039 01a7 0B       		.uleb128 0xb
 3040 01a8 49       		.uleb128 0x49
 3041 01a9 13       		.uleb128 0x13
 3042 01aa 3A       		.uleb128 0x3a
 3043 01ab 0B       		.uleb128 0xb
 3044 01ac 3B       		.uleb128 0x3b
 3045 01ad 0B       		.uleb128 0xb
 3046 01ae 39       		.uleb128 0x39
 3047 01af 0B       		.uleb128 0xb
 3048 01b0 01       		.uleb128 0x1
 3049 01b1 13       		.uleb128 0x13
 3050 01b2 00       		.byte	0
 3051 01b3 00       		.byte	0
 3052 01b4 21       		.uleb128 0x21
 3053 01b5 28       		.uleb128 0x28
 3054 01b6 00       		.byte	0
 3055 01b7 03       		.uleb128 0x3
 3056 01b8 0E       		.uleb128 0xe
 3057 01b9 1C       		.uleb128 0x1c
 3058 01ba 0B       		.uleb128 0xb
 3059 01bb 00       		.byte	0
 3060 01bc 00       		.byte	0
 3061 01bd 22       		.uleb128 0x22
ARM GAS  /tmp/ccjntsk9.s 			page 55


 3062 01be 28       		.uleb128 0x28
 3063 01bf 00       		.byte	0
 3064 01c0 03       		.uleb128 0x3
 3065 01c1 0E       		.uleb128 0xe
 3066 01c2 1C       		.uleb128 0x1c
 3067 01c3 05       		.uleb128 0x5
 3068 01c4 00       		.byte	0
 3069 01c5 00       		.byte	0
 3070 01c6 23       		.uleb128 0x23
 3071 01c7 28       		.uleb128 0x28
 3072 01c8 00       		.byte	0
 3073 01c9 03       		.uleb128 0x3
 3074 01ca 0E       		.uleb128 0xe
 3075 01cb 1C       		.uleb128 0x1c
 3076 01cc 06       		.uleb128 0x6
 3077 01cd 00       		.byte	0
 3078 01ce 00       		.byte	0
 3079 01cf 24       		.uleb128 0x24
 3080 01d0 16       		.uleb128 0x16
 3081 01d1 00       		.byte	0
 3082 01d2 03       		.uleb128 0x3
 3083 01d3 0E       		.uleb128 0xe
 3084 01d4 3A       		.uleb128 0x3a
 3085 01d5 0B       		.uleb128 0xb
 3086 01d6 3B       		.uleb128 0x3b
 3087 01d7 0B       		.uleb128 0xb
 3088 01d8 39       		.uleb128 0x39
 3089 01d9 0B       		.uleb128 0xb
 3090 01da 00       		.byte	0
 3091 01db 00       		.byte	0
 3092 01dc 25       		.uleb128 0x25
 3093 01dd 15       		.uleb128 0x15
 3094 01de 00       		.byte	0
 3095 01df 27       		.uleb128 0x27
 3096 01e0 19       		.uleb128 0x19
 3097 01e1 49       		.uleb128 0x49
 3098 01e2 13       		.uleb128 0x13
 3099 01e3 00       		.byte	0
 3100 01e4 00       		.byte	0
 3101 01e5 26       		.uleb128 0x26
 3102 01e6 0D       		.uleb128 0xd
 3103 01e7 00       		.byte	0
 3104 01e8 03       		.uleb128 0x3
 3105 01e9 08       		.uleb128 0x8
 3106 01ea 3A       		.uleb128 0x3a
 3107 01eb 0B       		.uleb128 0xb
 3108 01ec 3B       		.uleb128 0x3b
 3109 01ed 05       		.uleb128 0x5
 3110 01ee 39       		.uleb128 0x39
 3111 01ef 0B       		.uleb128 0xb
 3112 01f0 49       		.uleb128 0x49
 3113 01f1 13       		.uleb128 0x13
 3114 01f2 38       		.uleb128 0x38
 3115 01f3 0B       		.uleb128 0xb
 3116 01f4 00       		.byte	0
 3117 01f5 00       		.byte	0
 3118 01f6 27       		.uleb128 0x27
ARM GAS  /tmp/ccjntsk9.s 			page 56


 3119 01f7 0D       		.uleb128 0xd
 3120 01f8 00       		.byte	0
 3121 01f9 03       		.uleb128 0x3
 3122 01fa 0E       		.uleb128 0xe
 3123 01fb 3A       		.uleb128 0x3a
 3124 01fc 0B       		.uleb128 0xb
 3125 01fd 3B       		.uleb128 0x3b
 3126 01fe 05       		.uleb128 0x5
 3127 01ff 39       		.uleb128 0x39
 3128 0200 0B       		.uleb128 0xb
 3129 0201 49       		.uleb128 0x49
 3130 0202 13       		.uleb128 0x13
 3131 0203 0B       		.uleb128 0xb
 3132 0204 0B       		.uleb128 0xb
 3133 0205 0D       		.uleb128 0xd
 3134 0206 0B       		.uleb128 0xb
 3135 0207 0C       		.uleb128 0xc
 3136 0208 0B       		.uleb128 0xb
 3137 0209 38       		.uleb128 0x38
 3138 020a 0B       		.uleb128 0xb
 3139 020b 00       		.byte	0
 3140 020c 00       		.byte	0
 3141 020d 28       		.uleb128 0x28
 3142 020e 04       		.uleb128 0x4
 3143 020f 01       		.byte	0x1
 3144 0210 3E       		.uleb128 0x3e
 3145 0211 0B       		.uleb128 0xb
 3146 0212 0B       		.uleb128 0xb
 3147 0213 0B       		.uleb128 0xb
 3148 0214 49       		.uleb128 0x49
 3149 0215 13       		.uleb128 0x13
 3150 0216 3A       		.uleb128 0x3a
 3151 0217 0B       		.uleb128 0xb
 3152 0218 3B       		.uleb128 0x3b
 3153 0219 05       		.uleb128 0x5
 3154 021a 39       		.uleb128 0x39
 3155 021b 0B       		.uleb128 0xb
 3156 021c 01       		.uleb128 0x1
 3157 021d 13       		.uleb128 0x13
 3158 021e 00       		.byte	0
 3159 021f 00       		.byte	0
 3160 0220 29       		.uleb128 0x29
 3161 0221 28       		.uleb128 0x28
 3162 0222 00       		.byte	0
 3163 0223 03       		.uleb128 0x3
 3164 0224 0E       		.uleb128 0xe
 3165 0225 1C       		.uleb128 0x1c
 3166 0226 0D       		.uleb128 0xd
 3167 0227 00       		.byte	0
 3168 0228 00       		.byte	0
 3169 0229 2A       		.uleb128 0x2a
 3170 022a 34       		.uleb128 0x34
 3171 022b 00       		.byte	0
 3172 022c 03       		.uleb128 0x3
 3173 022d 0E       		.uleb128 0xe
 3174 022e 3A       		.uleb128 0x3a
 3175 022f 0B       		.uleb128 0xb
ARM GAS  /tmp/ccjntsk9.s 			page 57


 3176 0230 3B       		.uleb128 0x3b
 3177 0231 0B       		.uleb128 0xb
 3178 0232 39       		.uleb128 0x39
 3179 0233 0B       		.uleb128 0xb
 3180 0234 49       		.uleb128 0x49
 3181 0235 13       		.uleb128 0x13
 3182 0236 3F       		.uleb128 0x3f
 3183 0237 19       		.uleb128 0x19
 3184 0238 3C       		.uleb128 0x3c
 3185 0239 19       		.uleb128 0x19
 3186 023a 00       		.byte	0
 3187 023b 00       		.byte	0
 3188 023c 2B       		.uleb128 0x2b
 3189 023d 21       		.uleb128 0x21
 3190 023e 00       		.byte	0
 3191 023f 49       		.uleb128 0x49
 3192 0240 13       		.uleb128 0x13
 3193 0241 2F       		.uleb128 0x2f
 3194 0242 05       		.uleb128 0x5
 3195 0243 00       		.byte	0
 3196 0244 00       		.byte	0
 3197 0245 2C       		.uleb128 0x2c
 3198 0246 0D       		.uleb128 0xd
 3199 0247 00       		.byte	0
 3200 0248 03       		.uleb128 0x3
 3201 0249 0E       		.uleb128 0xe
 3202 024a 3A       		.uleb128 0x3a
 3203 024b 0B       		.uleb128 0xb
 3204 024c 3B       		.uleb128 0x3b
 3205 024d 0B       		.uleb128 0xb
 3206 024e 39       		.uleb128 0x39
 3207 024f 0B       		.uleb128 0xb
 3208 0250 49       		.uleb128 0x49
 3209 0251 13       		.uleb128 0x13
 3210 0252 0B       		.uleb128 0xb
 3211 0253 0B       		.uleb128 0xb
 3212 0254 0D       		.uleb128 0xd
 3213 0255 0B       		.uleb128 0xb
 3214 0256 0C       		.uleb128 0xc
 3215 0257 0B       		.uleb128 0xb
 3216 0258 38       		.uleb128 0x38
 3217 0259 0B       		.uleb128 0xb
 3218 025a 00       		.byte	0
 3219 025b 00       		.byte	0
 3220 025c 2D       		.uleb128 0x2d
 3221 025d 34       		.uleb128 0x34
 3222 025e 00       		.byte	0
 3223 025f 47       		.uleb128 0x47
 3224 0260 13       		.uleb128 0x13
 3225 0261 3A       		.uleb128 0x3a
 3226 0262 0B       		.uleb128 0xb
 3227 0263 3B       		.uleb128 0x3b
 3228 0264 0B       		.uleb128 0xb
 3229 0265 39       		.uleb128 0x39
 3230 0266 0B       		.uleb128 0xb
 3231 0267 02       		.uleb128 0x2
 3232 0268 18       		.uleb128 0x18
ARM GAS  /tmp/ccjntsk9.s 			page 58


 3233 0269 00       		.byte	0
 3234 026a 00       		.byte	0
 3235 026b 2E       		.uleb128 0x2e
 3236 026c 2E       		.uleb128 0x2e
 3237 026d 01       		.byte	0x1
 3238 026e 3F       		.uleb128 0x3f
 3239 026f 19       		.uleb128 0x19
 3240 0270 03       		.uleb128 0x3
 3241 0271 0E       		.uleb128 0xe
 3242 0272 3A       		.uleb128 0x3a
 3243 0273 0B       		.uleb128 0xb
 3244 0274 3B       		.uleb128 0x3b
 3245 0275 0B       		.uleb128 0xb
 3246 0276 39       		.uleb128 0x39
 3247 0277 0B       		.uleb128 0xb
 3248 0278 27       		.uleb128 0x27
 3249 0279 19       		.uleb128 0x19
 3250 027a 11       		.uleb128 0x11
 3251 027b 01       		.uleb128 0x1
 3252 027c 12       		.uleb128 0x12
 3253 027d 06       		.uleb128 0x6
 3254 027e 40       		.uleb128 0x40
 3255 027f 18       		.uleb128 0x18
 3256 0280 9742     		.uleb128 0x2117
 3257 0282 19       		.uleb128 0x19
 3258 0283 01       		.uleb128 0x1
 3259 0284 13       		.uleb128 0x13
 3260 0285 00       		.byte	0
 3261 0286 00       		.byte	0
 3262 0287 2F       		.uleb128 0x2f
 3263 0288 05       		.uleb128 0x5
 3264 0289 00       		.byte	0
 3265 028a 03       		.uleb128 0x3
 3266 028b 08       		.uleb128 0x8
 3267 028c 3A       		.uleb128 0x3a
 3268 028d 0B       		.uleb128 0xb
 3269 028e 3B       		.uleb128 0x3b
 3270 028f 0B       		.uleb128 0xb
 3271 0290 39       		.uleb128 0x39
 3272 0291 0B       		.uleb128 0xb
 3273 0292 49       		.uleb128 0x49
 3274 0293 13       		.uleb128 0x13
 3275 0294 02       		.uleb128 0x2
 3276 0295 18       		.uleb128 0x18
 3277 0296 00       		.byte	0
 3278 0297 00       		.byte	0
 3279 0298 30       		.uleb128 0x30
 3280 0299 05       		.uleb128 0x5
 3281 029a 00       		.byte	0
 3282 029b 03       		.uleb128 0x3
 3283 029c 0E       		.uleb128 0xe
 3284 029d 3A       		.uleb128 0x3a
 3285 029e 0B       		.uleb128 0xb
 3286 029f 3B       		.uleb128 0x3b
 3287 02a0 0B       		.uleb128 0xb
 3288 02a1 39       		.uleb128 0x39
 3289 02a2 0B       		.uleb128 0xb
ARM GAS  /tmp/ccjntsk9.s 			page 59


 3290 02a3 49       		.uleb128 0x49
 3291 02a4 13       		.uleb128 0x13
 3292 02a5 02       		.uleb128 0x2
 3293 02a6 18       		.uleb128 0x18
 3294 02a7 00       		.byte	0
 3295 02a8 00       		.byte	0
 3296 02a9 31       		.uleb128 0x31
 3297 02aa 2E       		.uleb128 0x2e
 3298 02ab 01       		.byte	0x1
 3299 02ac 3F       		.uleb128 0x3f
 3300 02ad 19       		.uleb128 0x19
 3301 02ae 03       		.uleb128 0x3
 3302 02af 0E       		.uleb128 0xe
 3303 02b0 3A       		.uleb128 0x3a
 3304 02b1 0B       		.uleb128 0xb
 3305 02b2 3B       		.uleb128 0x3b
 3306 02b3 0B       		.uleb128 0xb
 3307 02b4 39       		.uleb128 0x39
 3308 02b5 0B       		.uleb128 0xb
 3309 02b6 27       		.uleb128 0x27
 3310 02b7 19       		.uleb128 0x19
 3311 02b8 01       		.uleb128 0x1
 3312 02b9 13       		.uleb128 0x13
 3313 02ba 00       		.byte	0
 3314 02bb 00       		.byte	0
 3315 02bc 32       		.uleb128 0x32
 3316 02bd 05       		.uleb128 0x5
 3317 02be 00       		.byte	0
 3318 02bf 03       		.uleb128 0x3
 3319 02c0 0E       		.uleb128 0xe
 3320 02c1 3A       		.uleb128 0x3a
 3321 02c2 0B       		.uleb128 0xb
 3322 02c3 3B       		.uleb128 0x3b
 3323 02c4 0B       		.uleb128 0xb
 3324 02c5 39       		.uleb128 0x39
 3325 02c6 0B       		.uleb128 0xb
 3326 02c7 49       		.uleb128 0x49
 3327 02c8 13       		.uleb128 0x13
 3328 02c9 00       		.byte	0
 3329 02ca 00       		.byte	0
 3330 02cb 33       		.uleb128 0x33
 3331 02cc 2E       		.uleb128 0x2e
 3332 02cd 01       		.byte	0x1
 3333 02ce 3F       		.uleb128 0x3f
 3334 02cf 19       		.uleb128 0x19
 3335 02d0 03       		.uleb128 0x3
 3336 02d1 0E       		.uleb128 0xe
 3337 02d2 3A       		.uleb128 0x3a
 3338 02d3 0B       		.uleb128 0xb
 3339 02d4 3B       		.uleb128 0x3b
 3340 02d5 0B       		.uleb128 0xb
 3341 02d6 39       		.uleb128 0x39
 3342 02d7 0B       		.uleb128 0xb
 3343 02d8 27       		.uleb128 0x27
 3344 02d9 19       		.uleb128 0x19
 3345 02da 20       		.uleb128 0x20
 3346 02db 0B       		.uleb128 0xb
ARM GAS  /tmp/ccjntsk9.s 			page 60


 3347 02dc 01       		.uleb128 0x1
 3348 02dd 13       		.uleb128 0x13
 3349 02de 00       		.byte	0
 3350 02df 00       		.byte	0
 3351 02e0 34       		.uleb128 0x34
 3352 02e1 2E       		.uleb128 0x2e
 3353 02e2 01       		.byte	0x1
 3354 02e3 3F       		.uleb128 0x3f
 3355 02e4 19       		.uleb128 0x19
 3356 02e5 03       		.uleb128 0x3
 3357 02e6 0E       		.uleb128 0xe
 3358 02e7 3A       		.uleb128 0x3a
 3359 02e8 0B       		.uleb128 0xb
 3360 02e9 3B       		.uleb128 0x3b
 3361 02ea 0B       		.uleb128 0xb
 3362 02eb 39       		.uleb128 0x39
 3363 02ec 0B       		.uleb128 0xb
 3364 02ed 27       		.uleb128 0x27
 3365 02ee 19       		.uleb128 0x19
 3366 02ef 49       		.uleb128 0x49
 3367 02f0 13       		.uleb128 0x13
 3368 02f1 11       		.uleb128 0x11
 3369 02f2 01       		.uleb128 0x1
 3370 02f3 12       		.uleb128 0x12
 3371 02f4 06       		.uleb128 0x6
 3372 02f5 40       		.uleb128 0x40
 3373 02f6 18       		.uleb128 0x18
 3374 02f7 9742     		.uleb128 0x2117
 3375 02f9 19       		.uleb128 0x19
 3376 02fa 01       		.uleb128 0x1
 3377 02fb 13       		.uleb128 0x13
 3378 02fc 00       		.byte	0
 3379 02fd 00       		.byte	0
 3380 02fe 35       		.uleb128 0x35
 3381 02ff 05       		.uleb128 0x5
 3382 0300 00       		.byte	0
 3383 0301 03       		.uleb128 0x3
 3384 0302 08       		.uleb128 0x8
 3385 0303 3A       		.uleb128 0x3a
 3386 0304 0B       		.uleb128 0xb
 3387 0305 3B       		.uleb128 0x3b
 3388 0306 0B       		.uleb128 0xb
 3389 0307 39       		.uleb128 0x39
 3390 0308 0B       		.uleb128 0xb
 3391 0309 49       		.uleb128 0x49
 3392 030a 13       		.uleb128 0x13
 3393 030b 02       		.uleb128 0x2
 3394 030c 17       		.uleb128 0x17
 3395 030d B742     		.uleb128 0x2137
 3396 030f 17       		.uleb128 0x17
 3397 0310 00       		.byte	0
 3398 0311 00       		.byte	0
 3399 0312 36       		.uleb128 0x36
 3400 0313 2E       		.uleb128 0x2e
 3401 0314 00       		.byte	0
 3402 0315 3F       		.uleb128 0x3f
 3403 0316 19       		.uleb128 0x19
ARM GAS  /tmp/ccjntsk9.s 			page 61


 3404 0317 03       		.uleb128 0x3
 3405 0318 0E       		.uleb128 0xe
 3406 0319 3A       		.uleb128 0x3a
 3407 031a 0B       		.uleb128 0xb
 3408 031b 3B       		.uleb128 0x3b
 3409 031c 0B       		.uleb128 0xb
 3410 031d 39       		.uleb128 0x39
 3411 031e 0B       		.uleb128 0xb
 3412 031f 00       		.byte	0
 3413 0320 00       		.byte	0
 3414 0321 37       		.uleb128 0x37
 3415 0322 2E       		.uleb128 0x2e
 3416 0323 00       		.byte	0
 3417 0324 3F       		.uleb128 0x3f
 3418 0325 19       		.uleb128 0x19
 3419 0326 03       		.uleb128 0x3
 3420 0327 0E       		.uleb128 0xe
 3421 0328 3A       		.uleb128 0x3a
 3422 0329 0B       		.uleb128 0xb
 3423 032a 3B       		.uleb128 0x3b
 3424 032b 0B       		.uleb128 0xb
 3425 032c 39       		.uleb128 0x39
 3426 032d 0B       		.uleb128 0xb
 3427 032e 20       		.uleb128 0x20
 3428 032f 0B       		.uleb128 0xb
 3429 0330 00       		.byte	0
 3430 0331 00       		.byte	0
 3431 0332 38       		.uleb128 0x38
 3432 0333 05       		.uleb128 0x5
 3433 0334 00       		.byte	0
 3434 0335 03       		.uleb128 0x3
 3435 0336 0E       		.uleb128 0xe
 3436 0337 3A       		.uleb128 0x3a
 3437 0338 0B       		.uleb128 0xb
 3438 0339 3B       		.uleb128 0x3b
 3439 033a 0B       		.uleb128 0xb
 3440 033b 39       		.uleb128 0x39
 3441 033c 0B       		.uleb128 0xb
 3442 033d 49       		.uleb128 0x49
 3443 033e 13       		.uleb128 0x13
 3444 033f 02       		.uleb128 0x2
 3445 0340 17       		.uleb128 0x17
 3446 0341 B742     		.uleb128 0x2137
 3447 0343 17       		.uleb128 0x17
 3448 0344 00       		.byte	0
 3449 0345 00       		.byte	0
 3450 0346 39       		.uleb128 0x39
 3451 0347 2E       		.uleb128 0x2e
 3452 0348 00       		.byte	0
 3453 0349 31       		.uleb128 0x31
 3454 034a 13       		.uleb128 0x13
 3455 034b 11       		.uleb128 0x11
 3456 034c 01       		.uleb128 0x1
 3457 034d 12       		.uleb128 0x12
 3458 034e 06       		.uleb128 0x6
 3459 034f 40       		.uleb128 0x40
 3460 0350 18       		.uleb128 0x18
ARM GAS  /tmp/ccjntsk9.s 			page 62


 3461 0351 9742     		.uleb128 0x2117
 3462 0353 19       		.uleb128 0x19
 3463 0354 00       		.byte	0
 3464 0355 00       		.byte	0
 3465 0356 3A       		.uleb128 0x3a
 3466 0357 2E       		.uleb128 0x2e
 3467 0358 01       		.byte	0x1
 3468 0359 31       		.uleb128 0x31
 3469 035a 13       		.uleb128 0x13
 3470 035b 11       		.uleb128 0x11
 3471 035c 01       		.uleb128 0x1
 3472 035d 12       		.uleb128 0x12
 3473 035e 06       		.uleb128 0x6
 3474 035f 40       		.uleb128 0x40
 3475 0360 18       		.uleb128 0x18
 3476 0361 9742     		.uleb128 0x2117
 3477 0363 19       		.uleb128 0x19
 3478 0364 00       		.byte	0
 3479 0365 00       		.byte	0
 3480 0366 3B       		.uleb128 0x3b
 3481 0367 05       		.uleb128 0x5
 3482 0368 00       		.byte	0
 3483 0369 31       		.uleb128 0x31
 3484 036a 13       		.uleb128 0x13
 3485 036b 02       		.uleb128 0x2
 3486 036c 18       		.uleb128 0x18
 3487 036d 00       		.byte	0
 3488 036e 00       		.byte	0
 3489 036f 00       		.byte	0
 3490              		.section	.debug_loc,"",%progbits
 3491              	.Ldebug_loc0:
 3492              	.LVUS2:
 3493 0000 00       		.uleb128 0
 3494 0001 00       		.uleb128 .LVU23
 3495 0002 00       		.uleb128 .LVU23
 3496 0003 00       		.uleb128 0
 3497              	.LLST2:
 3498 0004 14000000 		.4byte	.LVL5-.Ltext0
 3499 0008 16000000 		.4byte	.LVL6-.Ltext0
 3500 000c 0100     		.2byte	0x1
 3501 000e 50       		.byte	0x50
 3502 000f 16000000 		.4byte	.LVL6-.Ltext0
 3503 0013 18000000 		.4byte	.LFE252-.Ltext0
 3504 0017 0400     		.2byte	0x4
 3505 0019 F3       		.byte	0xf3
 3506 001a 01       		.uleb128 0x1
 3507 001b 50       		.byte	0x50
 3508 001c 9F       		.byte	0x9f
 3509 001d 00000000 		.4byte	0
 3510 0021 00000000 		.4byte	0
 3511              	.LVUS1:
 3512 0025 00       		.uleb128 0
 3513 0026 00       		.uleb128 .LVU17
 3514 0027 00       		.uleb128 .LVU17
 3515 0028 00       		.uleb128 0
 3516              	.LLST1:
 3517 0029 10000000 		.4byte	.LVL3-.Ltext0
ARM GAS  /tmp/ccjntsk9.s 			page 63


 3518 002d 12000000 		.4byte	.LVL4-.Ltext0
 3519 0031 0100     		.2byte	0x1
 3520 0033 50       		.byte	0x50
 3521 0034 12000000 		.4byte	.LVL4-.Ltext0
 3522 0038 14000000 		.4byte	.LFE251-.Ltext0
 3523 003c 0400     		.2byte	0x4
 3524 003e F3       		.byte	0xf3
 3525 003f 01       		.uleb128 0x1
 3526 0040 50       		.byte	0x50
 3527 0041 9F       		.byte	0x9f
 3528 0042 00000000 		.4byte	0
 3529 0046 00000000 		.4byte	0
 3530              	.LVUS0:
 3531 004a 00       		.uleb128 0
 3532 004b 00       		.uleb128 .LVU4
 3533 004c 00       		.uleb128 .LVU4
 3534 004d 00       		.uleb128 0
 3535              	.LLST0:
 3536 004e 00000000 		.4byte	.LVL0-.Ltext0
 3537 0052 04000000 		.4byte	.LVL1-.Ltext0
 3538 0056 0100     		.2byte	0x1
 3539 0058 50       		.byte	0x50
 3540 0059 04000000 		.4byte	.LVL1-.Ltext0
 3541 005d 06000000 		.4byte	.LFE245-.Ltext0
 3542 0061 0400     		.2byte	0x4
 3543 0063 F3       		.byte	0xf3
 3544 0064 01       		.uleb128 0x1
 3545 0065 50       		.byte	0x50
 3546 0066 9F       		.byte	0x9f
 3547 0067 00000000 		.4byte	0
 3548 006b 00000000 		.4byte	0
 3549              		.section	.debug_aranges,"",%progbits
 3550 0000 1C000000 		.4byte	0x1c
 3551 0004 0200     		.2byte	0x2
 3552 0006 00000000 		.4byte	.Ldebug_info0
 3553 000a 04       		.byte	0x4
 3554 000b 00       		.byte	0
 3555 000c 0000     		.2byte	0
 3556 000e 0000     		.2byte	0
 3557 0010 00000000 		.4byte	.Ltext0
 3558 0014 20000000 		.4byte	.Letext0-.Ltext0
 3559 0018 00000000 		.4byte	0
 3560 001c 00000000 		.4byte	0
 3561              		.section	.debug_line,"",%progbits
 3562              	.Ldebug_line0:
 3563 0000 9F010000 		.section	.debug_str,"MS",%progbits,1
 3563      0300F500 
 3563      00000201 
 3563      FB0E0D00 
 3563      01010101 
 3564              	.LASF191:
 3565 0000 6B5F756E 		.ascii	"k_unit_err_undef\000"
 3565      69745F65 
 3565      72725F75 
 3565      6E646566 
 3565      00
 3566              	.LASF150:
ARM GAS  /tmp/ccjntsk9.s 			page 64


 3567 0011 756E6974 		.ascii	"unit_runtime_sdram_free_ptr\000"
 3567      5F72756E 
 3567      74696D65 
 3567      5F736472 
 3567      616D5F66 
 3568              	.LASF219:
 3569 002d 63757276 		.ascii	"curve\000"
 3569      6500
 3570              	.LASF175:
 3571 0033 756E6974 		.ascii	"unit_header\000"
 3571      5F686561 
 3571      64657200 
 3572              	.LASF217:
 3573 003f 67656E65 		.ascii	"genericfx_param_mapping\000"
 3573      72696366 
 3573      785F7061 
 3573      72616D5F 
 3573      6D617070 
 3574              	.LASF183:
 3575 0057 70617261 		.ascii	"params\000"
 3575      6D7300
 3576              	.LASF173:
 3577 005e 6E616D65 		.ascii	"name\000"
 3577      00
 3578              	.LASF201:
 3579 0063 77745F70 		.ascii	"wt_par_lut_f\000"
 3579      61725F6C 
 3579      75745F66 
 3579      00
 3580              	.LASF206:
 3581 0070 77617665 		.ascii	"wavesE\000"
 3581      734500
 3582              	.LASF174:
 3583 0077 756E6974 		.ascii	"unit_param_t\000"
 3583      5F706172 
 3583      616D5F74 
 3583      00
 3584              	.LASF227:
 3585 0084 70686173 		.ascii	"phase\000"
 3585      6500
 3586              	.LASF43:
 3587 008a 5F6F6E5F 		.ascii	"_on_exit_args\000"
 3587      65786974 
 3587      5F617267 
 3587      7300
 3588              	.LASF218:
 3589 0098 61737369 		.ascii	"assign\000"
 3589      676E00
 3590              	.LASF161:
 3591 009f 6672616D 		.ascii	"frames_per_buffer\000"
 3591      65735F70 
 3591      65725F62 
 3591      75666665 
 3591      7200
 3592              	.LASF111:
 3593 00b1 5F776374 		.ascii	"_wctomb_state\000"
 3593      6F6D625F 
ARM GAS  /tmp/ccjntsk9.s 			page 65


 3593      73746174 
 3593      6500
 3594              	.LASF245:
 3595 00bf 756E6974 		.ascii	"unit_runtime_base_context_t\000"
 3595      5F72756E 
 3595      74696D65 
 3595      5F626173 
 3595      655F636F 
 3596              	.LASF108:
 3597 00db 5F723438 		.ascii	"_r48\000"
 3597      00
 3598              	.LASF113:
 3599 00e0 5F736967 		.ascii	"_signal_buf\000"
 3599      6E616C5F 
 3599      62756600 
 3600              	.LASF151:
 3601 00ec 756E6974 		.ascii	"unit_runtime_sdram_avail_ptr\000"
 3601      5F72756E 
 3601      74696D65 
 3601      5F736472 
 3601      616D5F61 
 3602              	.LASF0:
 3603 0109 756E7369 		.ascii	"unsigned int\000"
 3603      676E6564 
 3603      20696E74 
 3603      00
 3604              	.LASF179:
 3605 0116 76657273 		.ascii	"version\000"
 3605      696F6E00 
 3606              	.LASF213:
 3607 011e 62697472 		.ascii	"bitres_lut_f\000"
 3607      65735F6C 
 3607      75745F66 
 3607      00
 3608              	.LASF184:
 3609 012b 756E6974 		.ascii	"unit_header_t\000"
 3609      5F686561 
 3609      6465725F 
 3609      7400
 3610              	.LASF57:
 3611 0139 5F6C6266 		.ascii	"_lbfsize\000"
 3611      73697A65 
 3611      00
 3612              	.LASF55:
 3613 0142 5F666C61 		.ascii	"_flags\000"
 3613      677300
 3614              	.LASF170:
 3615 0149 66726163 		.ascii	"frac\000"
 3615      00
 3616              	.LASF144:
 3617 014e 6B5F756E 		.ascii	"k_unit_target_nts3_kaoss_global\000"
 3617      69745F74 
 3617      61726765 
 3617      745F6E74 
 3617      73335F6B 
 3618              	.LASF72:
 3619 016e 5F657272 		.ascii	"_errno\000"
ARM GAS  /tmp/ccjntsk9.s 			page 66


 3619      6E6F00
 3620              	.LASF243:
 3621 0175 2F776F72 		.ascii	"/workspace/nts-3_kaoss/rearrange-genericfx\000"
 3621      6B737061 
 3621      63652F6E 
 3621      74732D33 
 3621      5F6B616F 
 3622              	.LASF189:
 3623 01a0 6B5F756E 		.ascii	"k_unit_err_geometry\000"
 3623      69745F65 
 3623      72725F67 
 3623      656F6D65 
 3623      74727900 
 3624              	.LASF146:
 3625 01b4 6B5F756E 		.ascii	"k_unit_api_1_0_0\000"
 3625      69745F61 
 3625      70695F31 
 3625      5F305F30 
 3625      00
 3626              	.LASF26:
 3627 01c5 5F4C4F43 		.ascii	"_LOCK_RECURSIVE_T\000"
 3627      4B5F5245 
 3627      43555253 
 3627      4956455F 
 3627      5400
 3628              	.LASF222:
 3629 01d7 67656E65 		.ascii	"genericfx_param_mapping_t\000"
 3629      72696366 
 3629      785F7061 
 3629      72616D5F 
 3629      6D617070 
 3630              	.LASF59:
 3631 01f1 5F726561 		.ascii	"_read\000"
 3631      6400
 3632              	.LASF115:
 3633 01f7 5F6D6272 		.ascii	"_mbrlen_state\000"
 3633      6C656E5F 
 3633      73746174 
 3633      6500
 3634              	.LASF182:
 3635 0205 6E756D5F 		.ascii	"num_params\000"
 3635      70617261 
 3635      6D7300
 3636              	.LASF74:
 3637 0210 5F737464 		.ascii	"_stdout\000"
 3637      6F757400 
 3638              	.LASF19:
 3639 0218 5F66706F 		.ascii	"_fpos_t\000"
 3639      735F7400 
 3640              	.LASF50:
 3641 0220 5F666E73 		.ascii	"_fns\000"
 3641      00
 3642              	.LASF58:
 3643 0225 5F636F6F 		.ascii	"_cookie\000"
 3643      6B696500 
 3644              	.LASF209:
 3645 022d 74616E70 		.ascii	"tanpi_lut_f\000"
ARM GAS  /tmp/ccjntsk9.s 			page 67


 3645      695F6C75 
 3645      745F6600 
 3646              	.LASF32:
 3647 0239 5F426967 		.ascii	"_Bigint\000"
 3647      696E7400 
 3648              	.LASF40:
 3649 0241 5F5F746D 		.ascii	"__tm_wday\000"
 3649      5F776461 
 3649      7900
 3650              	.LASF82:
 3651 024b 5F726573 		.ascii	"_result\000"
 3651      756C7400 
 3652              	.LASF14:
 3653 0253 75696E74 		.ascii	"uint32_t\000"
 3653      33325F74 
 3653      00
 3654              	.LASF4:
 3655 025c 696E7438 		.ascii	"int8_t\000"
 3655      5F7400
 3656              	.LASF36:
 3657 0263 5F5F746D 		.ascii	"__tm_hour\000"
 3657      5F686F75 
 3657      7200
 3658              	.LASF176:
 3659 026d 68656164 		.ascii	"header_size\000"
 3659      65725F73 
 3659      697A6500 
 3660              	.LASF188:
 3661 0279 6B5F756E 		.ascii	"k_unit_err_samplerate\000"
 3661      69745F65 
 3661      72725F73 
 3661      616D706C 
 3661      65726174 
 3662              	.LASF232:
 3663 028f 756E6974 		.ascii	"unit_get_param_str_value\000"
 3663      5F676574 
 3663      5F706172 
 3663      616D5F73 
 3663      74725F76 
 3664              	.LASF22:
 3665 02a8 5F5F636F 		.ascii	"__count\000"
 3665      756E7400 
 3666              	.LASF194:
 3667 02b0 6D696469 		.ascii	"midi_to_hz_lut_f\000"
 3667      5F746F5F 
 3667      687A5F6C 
 3667      75745F66 
 3667      00
 3668              	.LASF145:
 3669 02c1 6B5F756E 		.ascii	"k_unit_target_nts3_kaoss_genericfx\000"
 3669      69745F74 
 3669      61726765 
 3669      745F6E74 
 3669      73335F6B 
 3670              	.LASF126:
 3671 02e4 666C6F61 		.ascii	"float\000"
 3671      7400
ARM GAS  /tmp/ccjntsk9.s 			page 68


 3672              	.LASF186:
 3673 02ea 6B5F756E 		.ascii	"k_unit_err_target\000"
 3673      69745F65 
 3673      72725F74 
 3673      61726765 
 3673      7400
 3674              	.LASF35:
 3675 02fc 5F5F746D 		.ascii	"__tm_min\000"
 3675      5F6D696E 
 3675      00
 3676              	.LASF124:
 3677 0305 5F696D70 		.ascii	"_impure_ptr\000"
 3677      7572655F 
 3677      70747200 
 3678              	.LASF121:
 3679 0311 5F6E6578 		.ascii	"_nextf\000"
 3679      746600
 3680              	.LASF171:
 3681 0318 66726163 		.ascii	"frac_mode\000"
 3681      5F6D6F64 
 3681      6500
 3682              	.LASF6:
 3683 0322 696E7431 		.ascii	"int16_t\000"
 3683      365F7400 
 3684              	.LASF98:
 3685 032a 5F72616E 		.ascii	"_rand48\000"
 3685      64343800 
 3686              	.LASF83:
 3687 0332 5F726573 		.ascii	"_result_k\000"
 3687      756C745F 
 3687      6B00
 3688              	.LASF16:
 3689 033c 6C6F6E67 		.ascii	"long long unsigned int\000"
 3689      206C6F6E 
 3689      6720756E 
 3689      7369676E 
 3689      65642069 
 3690              	.LASF104:
 3691 0353 5F617363 		.ascii	"_asctime_buf\000"
 3691      74696D65 
 3691      5F627566 
 3691      00
 3692              	.LASF54:
 3693 0360 5F5F7346 		.ascii	"__sFILE\000"
 3693      494C4500 
 3694              	.LASF31:
 3695 0368 5F776473 		.ascii	"_wds\000"
 3695      00
 3696              	.LASF224:
 3697 036d 636F6D6D 		.ascii	"common\000"
 3697      6F6E00
 3698              	.LASF94:
 3699 0374 5F5F4649 		.ascii	"__FILE\000"
 3699      4C4500
 3700              	.LASF66:
 3701 037b 5F6F6666 		.ascii	"_offset\000"
 3701      73657400 
ARM GAS  /tmp/ccjntsk9.s 			page 69


 3702              	.LASF200:
 3703 0383 77745F70 		.ascii	"wt_par_notes\000"
 3703      61725F6E 
 3703      6F746573 
 3703      00
 3704              	.LASF149:
 3705 0390 756E6974 		.ascii	"unit_runtime_sdram_alloc_ptr\000"
 3705      5F72756E 
 3705      74696D65 
 3705      5F736472 
 3705      616D5F61 
 3706              	.LASF178:
 3707 03ad 756E6974 		.ascii	"unit_id\000"
 3707      5F696400 
 3708              	.LASF247:
 3709 03b5 756E6974 		.ascii	"unit_set_tempo\000"
 3709      5F736574 
 3709      5F74656D 
 3709      706F00
 3710              	.LASF221:
 3711 03c4 76616C75 		.ascii	"value\000"
 3711      6500
 3712              	.LASF77:
 3713 03ca 5F656D65 		.ascii	"_emergency\000"
 3713      7267656E 
 3713      637900
 3714              	.LASF156:
 3715 03d5 73647261 		.ascii	"sdram_avail\000"
 3715      6D5F6176 
 3715      61696C00 
 3716              	.LASF228:
 3717 03e1 636F756E 		.ascii	"counter\000"
 3717      74657200 
 3718              	.LASF3:
 3719 03e9 73697A65 		.ascii	"size_t\000"
 3719      5F7400
 3720              	.LASF152:
 3721 03f0 756E6974 		.ascii	"unit_runtime_hooks\000"
 3721      5F72756E 
 3721      74696D65 
 3721      5F686F6F 
 3721      6B7300
 3722              	.LASF34:
 3723 0403 5F5F746D 		.ascii	"__tm_sec\000"
 3723      5F736563 
 3723      00
 3724              	.LASF41:
 3725 040c 5F5F746D 		.ascii	"__tm_yday\000"
 3725      5F796461 
 3725      7900
 3726              	.LASF76:
 3727 0416 5F696E63 		.ascii	"_inc\000"
 3727      00
 3728              	.LASF49:
 3729 041b 5F696E64 		.ascii	"_ind\000"
 3729      00
 3730              	.LASF28:
ARM GAS  /tmp/ccjntsk9.s 			page 70


 3731 0420 5F6E6578 		.ascii	"_next\000"
 3731      7400
 3732              	.LASF117:
 3733 0426 5F6D6273 		.ascii	"_mbsrtowcs_state\000"
 3733      72746F77 
 3733      63735F73 
 3733      74617465 
 3733      00
 3734              	.LASF155:
 3735 0437 73647261 		.ascii	"sdram_free\000"
 3735      6D5F6672 
 3735      656500
 3736              	.LASF132:
 3737 0442 6B5F756E 		.ascii	"k_unit_module_osc\000"
 3737      69745F6D 
 3737      6F64756C 
 3737      655F6F73 
 3737      6300
 3738              	.LASF239:
 3739 0454 756E6974 		.ascii	"unit_init\000"
 3739      5F696E69 
 3739      7400
 3740              	.LASF229:
 3741 045e 74656D70 		.ascii	"tempo\000"
 3741      6F00
 3742              	.LASF158:
 3743 0464 756E6974 		.ascii	"unit_runtime_desc\000"
 3743      5F72756E 
 3743      74696D65 
 3743      5F646573 
 3743      6300
 3744              	.LASF23:
 3745 0476 5F5F7661 		.ascii	"__value\000"
 3745      6C756500 
 3746              	.LASF157:
 3747 047e 756E6974 		.ascii	"unit_runtime_hooks_t\000"
 3747      5F72756E 
 3747      74696D65 
 3747      5F686F6F 
 3747      6B735F74 
 3748              	.LASF84:
 3749 0493 5F703573 		.ascii	"_p5s\000"
 3749      00
 3750              	.LASF119:
 3751 0498 5F776373 		.ascii	"_wcsrtombs_state\000"
 3751      72746F6D 
 3751      62735F73 
 3751      74617465 
 3751      00
 3752              	.LASF109:
 3753 04a9 5F6D626C 		.ascii	"_mblen_state\000"
 3753      656E5F73 
 3753      74617465 
 3753      00
 3754              	.LASF248:
 3755 04b6 756E6974 		.ascii	"unit_teardown\000"
 3755      5F746561 
ARM GAS  /tmp/ccjntsk9.s 			page 71


 3755      72646F77 
 3755      6E00
 3756              	.LASF153:
 3757 04c4 72756E74 		.ascii	"runtime_context\000"
 3757      696D655F 
 3757      636F6E74 
 3757      65787400 
 3758              	.LASF93:
 3759 04d4 63686172 		.ascii	"char\000"
 3759      00
 3760              	.LASF223:
 3761 04d9 67656E65 		.ascii	"genericfx_unit_header\000"
 3761      72696366 
 3761      785F756E 
 3761      69745F68 
 3761      65616465 
 3762              	.LASF37:
 3763 04ef 5F5F746D 		.ascii	"__tm_mday\000"
 3763      5F6D6461 
 3763      7900
 3764              	.LASF216:
 3765 04f9 706F7732 		.ascii	"pow2_lut_f\000"
 3765      5F6C7574 
 3765      5F6600
 3766              	.LASF90:
 3767 0504 5F736967 		.ascii	"_sig_func\000"
 3767      5F66756E 
 3767      6300
 3768              	.LASF116:
 3769 050e 5F6D6272 		.ascii	"_mbrtowc_state\000"
 3769      746F7763 
 3769      5F737461 
 3769      746500
 3770              	.LASF89:
 3771 051d 5F617465 		.ascii	"_atexit0\000"
 3771      78697430 
 3771      00
 3772              	.LASF214:
 3773 0526 6B5F6678 		.ascii	"k_fx_api_platform\000"
 3773      5F617069 
 3773      5F706C61 
 3773      74666F72 
 3773      6D00
 3774              	.LASF135:
 3775 0538 6B5F756E 		.ascii	"k_unit_module_genericfx\000"
 3775      69745F6D 
 3775      6F64756C 
 3775      655F6765 
 3775      6E657269 
 3776              	.LASF220:
 3777 0550 63757276 		.ascii	"curve_polarity\000"
 3777      655F706F 
 3777      6C617269 
 3777      747900
 3778              	.LASF27:
 3779 055f 5F666C6F 		.ascii	"_flock_t\000"
 3779      636B5F74 
ARM GAS  /tmp/ccjntsk9.s 			page 72


 3779      00
 3780              	.LASF246:
 3781 0568 756E6974 		.ascii	"unit_tempo_4ppqn_tick\000"
 3781      5F74656D 
 3781      706F5F34 
 3781      7070716E 
 3781      5F746963 
 3782              	.LASF167:
 3783 057e 63656E74 		.ascii	"center\000"
 3783      657200
 3784              	.LASF166:
 3785 0585 756E6974 		.ascii	"unit_param\000"
 3785      5F706172 
 3785      616D00
 3786              	.LASF235:
 3787 0590 6672616D 		.ascii	"frames\000"
 3787      657300
 3788              	.LASF212:
 3789 0597 73636865 		.ascii	"schetzen_lut_f\000"
 3789      747A656E 
 3789      5F6C7574 
 3789      5F6600
 3790              	.LASF20:
 3791 05a6 5F5F7763 		.ascii	"__wch\000"
 3791      6800
 3792              	.LASF97:
 3793 05ac 5F696F62 		.ascii	"_iobs\000"
 3793      7300
 3794              	.LASF10:
 3795 05b2 75696E74 		.ascii	"uint8_t\000"
 3795      385F7400 
 3796              	.LASF143:
 3797 05ba 6B5F756E 		.ascii	"k_unit_target_nts3_kaoss\000"
 3797      69745F74 
 3797      61726765 
 3797      745F6E74 
 3797      73335F6B 
 3798              	.LASF62:
 3799 05d3 5F636C6F 		.ascii	"_close\000"
 3799      736500
 3800              	.LASF242:
 3801 05da 2F776F72 		.ascii	"/workspace/nts-3_kaoss/common/_unit_base.c\000"
 3801      6B737061 
 3801      63652F6E 
 3801      74732D33 
 3801      5F6B616F 
 3802              	.LASF208:
 3803 0605 6C6F675F 		.ascii	"log_lut_f\000"
 3803      6C75745F 
 3803      6600
 3804              	.LASF80:
 3805 060f 5F5F7364 		.ascii	"__sdidinit\000"
 3805      6964696E 
 3805      697400
 3806              	.LASF234:
 3807 061a 756E6974 		.ascii	"unit_render\000"
 3807      5F72656E 
ARM GAS  /tmp/ccjntsk9.s 			page 73


 3807      64657200 
 3808              	.LASF241:
 3809 0626 474E5520 		.ascii	"GNU C11 9.2.1 20191025 (release) [ARM/arm-9-branch "
 3809      43313120 
 3809      392E322E 
 3809      31203230 
 3809      31393130 
 3810 0659 72657669 		.ascii	"revision 277599] -mcpu=cortex-m7 -mthumb -mno-thumb"
 3810      73696F6E 
 3810      20323737 
 3810      3539395D 
 3810      202D6D63 
 3811 068c 2D696E74 		.ascii	"-interwork -mlittle-endian -mfloat-abi=hard -mfpu=f"
 3811      6572776F 
 3811      726B202D 
 3811      6D6C6974 
 3811      746C652D 
 3812 06bf 7076342D 		.ascii	"pv4-sp-d16 -march=armv7e-m+fp -g -Os -std=c11 -fsin"
 3812      73702D64 
 3812      3136202D 
 3812      6D617263 
 3812      683D6172 
 3813 06f2 676C652D 		.ascii	"gle-precision-constant -fcheck-new -fPIC -fno-excep"
 3813      70726563 
 3813      6973696F 
 3813      6E2D636F 
 3813      6E737461 
 3814 0725 74696F6E 		.ascii	"tions\000"
 3814      7300
 3815              	.LASF129:
 3816 072b 6B5F756E 		.ascii	"k_unit_module_modfx\000"
 3816      69745F6D 
 3816      6F64756C 
 3816      655F6D6F 
 3816      64667800 
 3817              	.LASF73:
 3818 073f 5F737464 		.ascii	"_stdin\000"
 3818      696E00
 3819              	.LASF106:
 3820 0746 5F67616D 		.ascii	"_gamma_signgam\000"
 3820      6D615F73 
 3820      69676E67 
 3820      616D00
 3821              	.LASF1:
 3822 0755 6C6F6E67 		.ascii	"long long int\000"
 3822      206C6F6E 
 3822      6720696E 
 3822      7400
 3823              	.LASF52:
 3824 0763 5F626173 		.ascii	"_base\000"
 3824      6500
 3825              	.LASF85:
 3826 0769 5F667265 		.ascii	"_freelist\000"
 3826      656C6973 
 3826      7400
 3827              	.LASF100:
 3828 0773 5F6D756C 		.ascii	"_mult\000"
ARM GAS  /tmp/ccjntsk9.s 			page 74


 3828      7400
 3829              	.LASF25:
 3830 0779 5F5F554C 		.ascii	"__ULong\000"
 3830      6F6E6700 
 3831              	.LASF147:
 3832 0781 6B5F756E 		.ascii	"k_unit_api_1_1_0\000"
 3832      69745F61 
 3832      70695F31 
 3832      5F315F30 
 3832      00
 3833              	.LASF163:
 3834 0792 6F757470 		.ascii	"output_channels\000"
 3834      75745F63 
 3834      68616E6E 
 3834      656C7300 
 3835              	.LASF202:
 3836 07a2 77617665 		.ascii	"wavesA\000"
 3836      734100
 3837              	.LASF203:
 3838 07a9 77617665 		.ascii	"wavesB\000"
 3838      734200
 3839              	.LASF204:
 3840 07b0 77617665 		.ascii	"wavesC\000"
 3840      734300
 3841              	.LASF205:
 3842 07b7 77617665 		.ascii	"wavesD\000"
 3842      734400
 3843              	.LASF118:
 3844 07be 5F776372 		.ascii	"_wcrtomb_state\000"
 3844      746F6D62 
 3844      5F737461 
 3844      746500
 3845              	.LASF207:
 3846 07cd 77617665 		.ascii	"wavesF\000"
 3846      734600
 3847              	.LASF160:
 3848 07d4 73616D70 		.ascii	"samplerate\000"
 3848      6C657261 
 3848      746500
 3849              	.LASF56:
 3850 07df 5F66696C 		.ascii	"_file\000"
 3850      6500
 3851              	.LASF159:
 3852 07e5 74617267 		.ascii	"target\000"
 3852      657400
 3853              	.LASF165:
 3854 07ec 756E6974 		.ascii	"unit_runtime_desc_t\000"
 3854      5F72756E 
 3854      74696D65 
 3854      5F646573 
 3854      635F7400 
 3855              	.LASF81:
 3856 0800 5F5F636C 		.ascii	"__cleanup\000"
 3856      65616E75 
 3856      7000
 3857              	.LASF24:
 3858 080a 5F6D6273 		.ascii	"_mbstate_t\000"
ARM GAS  /tmp/ccjntsk9.s 			page 75


 3858      74617465 
 3858      5F7400
 3859              	.LASF42:
 3860 0815 5F5F746D 		.ascii	"__tm_isdst\000"
 3860      5F697364 
 3860      737400
 3861              	.LASF231:
 3862 0820 756E6974 		.ascii	"unit_set_param_value\000"
 3862      5F736574 
 3862      5F706172 
 3862      616D5F76 
 3862      616C7565 
 3863              	.LASF137:
 3864 0835 6B5F756E 		.ascii	"k_unit_target_nutektdigital\000"
 3864      69745F74 
 3864      61726765 
 3864      745F6E75 
 3864      74656B74 
 3865              	.LASF225:
 3866 0851 64656661 		.ascii	"default_mappings\000"
 3866      756C745F 
 3866      6D617070 
 3866      696E6773 
 3866      00
 3867              	.LASF120:
 3868 0862 5F685F65 		.ascii	"_h_errno\000"
 3868      72726E6F 
 3868      00
 3869              	.LASF154:
 3870 086b 73647261 		.ascii	"sdram_alloc\000"
 3870      6D5F616C 
 3870      6C6F6300 
 3871              	.LASF197:
 3872 0877 77745F73 		.ascii	"wt_saw_lut_f\000"
 3872      61775F6C 
 3872      75745F66 
 3872      00
 3873              	.LASF237:
 3874 0884 756E6974 		.ascii	"unit_resume\000"
 3874      5F726573 
 3874      756D6500 
 3875              	.LASF38:
 3876 0890 5F5F746D 		.ascii	"__tm_mon\000"
 3876      5F6D6F6E 
 3876      00
 3877              	.LASF177:
 3878 0899 6465765F 		.ascii	"dev_id\000"
 3878      696400
 3879              	.LASF2:
 3880 08a0 6C6F6E67 		.ascii	"long double\000"
 3880      20646F75 
 3880      626C6500 
 3881              	.LASF12:
 3882 08ac 75696E74 		.ascii	"uint16_t\000"
 3882      31365F74 
 3882      00
 3883              	.LASF60:
ARM GAS  /tmp/ccjntsk9.s 			page 76


 3884 08b5 5F777269 		.ascii	"_write\000"
 3884      746500
 3885              	.LASF162:
 3886 08bc 696E7075 		.ascii	"input_channels\000"
 3886      745F6368 
 3886      616E6E65 
 3886      6C7300
 3887              	.LASF139:
 3888 08cb 6B5F756E 		.ascii	"k_unit_target_nutektdigital_modfx\000"
 3888      69745F74 
 3888      61726765 
 3888      745F6E75 
 3888      74656B74 
 3889              	.LASF48:
 3890 08ed 5F617465 		.ascii	"_atexit\000"
 3890      78697400 
 3891              	.LASF69:
 3892 08f5 5F6D6273 		.ascii	"_mbstate\000"
 3892      74617465 
 3892      00
 3893              	.LASF7:
 3894 08fe 73686F72 		.ascii	"short int\000"
 3894      7420696E 
 3894      7400
 3895              	.LASF210:
 3896 0908 73717274 		.ascii	"sqrtm2log_lut_f\000"
 3896      6D326C6F 
 3896      675F6C75 
 3896      745F6600 
 3897              	.LASF236:
 3898 0918 756E6974 		.ascii	"unit_suspend\000"
 3898      5F737573 
 3898      70656E64 
 3898      00
 3899              	.LASF211:
 3900 0925 63756269 		.ascii	"cubicsat_lut_f\000"
 3900      63736174 
 3900      5F6C7574 
 3900      5F6600
 3901              	.LASF199:
 3902 0934 77745F73 		.ascii	"wt_sqr_lut_f\000"
 3902      71725F6C 
 3902      75745F66 
 3902      00
 3903              	.LASF9:
 3904 0941 6C6F6E67 		.ascii	"long int\000"
 3904      20696E74 
 3904      00
 3905              	.LASF215:
 3906 094a 6B5F6678 		.ascii	"k_fx_api_version\000"
 3906      5F617069 
 3906      5F766572 
 3906      73696F6E 
 3906      00
 3907              	.LASF92:
 3908 095b 5F5F7366 		.ascii	"__sf\000"
 3908      00
ARM GAS  /tmp/ccjntsk9.s 			page 77


 3909              	.LASF30:
 3910 0960 5F736967 		.ascii	"_sign\000"
 3910      6E00
 3911              	.LASF142:
 3912 0966 6B5F756E 		.ascii	"k_unit_target_nutektdigital_osc\000"
 3912      69745F74 
 3912      61726765 
 3912      745F6E75 
 3912      74656B74 
 3913              	.LASF67:
 3914 0986 5F646174 		.ascii	"_data\000"
 3914      6100
 3915              	.LASF21:
 3916 098c 5F5F7763 		.ascii	"__wchb\000"
 3916      686200
 3917              	.LASF125:
 3918 0993 5F676C6F 		.ascii	"_global_impure_ptr\000"
 3918      62616C5F 
 3918      696D7075 
 3918      72655F70 
 3918      747200
 3919              	.LASF238:
 3920 09a6 756E6974 		.ascii	"unit_reset\000"
 3920      5F726573 
 3920      657400
 3921              	.LASF39:
 3922 09b1 5F5F746D 		.ascii	"__tm_year\000"
 3922      5F796561 
 3922      7200
 3923              	.LASF230:
 3924 09bb 756E6974 		.ascii	"unit_touch_event\000"
 3924      5F746F75 
 3924      63685F65 
 3924      76656E74 
 3924      00
 3925              	.LASF105:
 3926 09cc 5F6C6F63 		.ascii	"_localtime_buf\000"
 3926      616C7469 
 3926      6D655F62 
 3926      756600
 3927              	.LASF180:
 3928 09db 72657365 		.ascii	"reserved0\000"
 3928      72766564 
 3928      3000
 3929              	.LASF181:
 3930 09e5 72657365 		.ascii	"reserved1\000"
 3930      72766564 
 3930      3100
 3931              	.LASF123:
 3932 09ef 5F756E75 		.ascii	"_unused\000"
 3932      73656400 
 3933              	.LASF88:
 3934 09f7 5F6E6577 		.ascii	"_new\000"
 3934      00
 3935              	.LASF86:
 3936 09fc 5F637674 		.ascii	"_cvtlen\000"
 3936      6C656E00 
ARM GAS  /tmp/ccjntsk9.s 			page 78


 3937              	.LASF29:
 3938 0a04 5F6D6178 		.ascii	"_maxwds\000"
 3938      77647300 
 3939              	.LASF112:
 3940 0a0c 5F6C3634 		.ascii	"_l64a_buf\000"
 3940      615F6275 
 3940      6600
 3941              	.LASF193:
 3942 0a16 6B5F6F73 		.ascii	"k_osc_api_version\000"
 3942      635F6170 
 3942      695F7665 
 3942      7273696F 
 3942      6E00
 3943              	.LASF130:
 3944 0a28 6B5F756E 		.ascii	"k_unit_module_delfx\000"
 3944      69745F6D 
 3944      6F64756C 
 3944      655F6465 
 3944      6C667800 
 3945              	.LASF148:
 3946 0a3c 6B5F756E 		.ascii	"k_unit_api_2_0_0\000"
 3946      69745F61 
 3946      70695F32 
 3946      5F305F30 
 3946      00
 3947              	.LASF133:
 3948 0a4d 6B5F756E 		.ascii	"k_unit_module_synth\000"
 3948      69745F6D 
 3948      6F64756C 
 3948      655F7379 
 3948      6E746800 
 3949              	.LASF140:
 3950 0a61 6B5F756E 		.ascii	"k_unit_target_nutektdigital_delfx\000"
 3950      69745F74 
 3950      61726765 
 3950      745F6E75 
 3950      74656B74 
 3951              	.LASF65:
 3952 0a83 5F626C6B 		.ascii	"_blksize\000"
 3952      73697A65 
 3952      00
 3953              	.LASF198:
 3954 0a8c 77745F73 		.ascii	"wt_sqr_notes\000"
 3954      71725F6E 
 3954      6F746573 
 3954      00
 3955              	.LASF33:
 3956 0a99 5F5F746D 		.ascii	"__tm\000"
 3956      00
 3957              	.LASF168:
 3958 0a9e 696E6974 		.ascii	"init\000"
 3958      00
 3959              	.LASF68:
 3960 0aa3 5F6C6F63 		.ascii	"_lock\000"
 3960      6B00
 3961              	.LASF233:
 3962 0aa9 756E6974 		.ascii	"unit_get_param_value\000"
ARM GAS  /tmp/ccjntsk9.s 			page 79


 3962      5F676574 
 3962      5F706172 
 3962      616D5F76 
 3962      616C7565 
 3963              	.LASF138:
 3964 0abe 6B5F756E 		.ascii	"k_unit_target_nutektdigital_global\000"
 3964      69745F74 
 3964      61726765 
 3964      745F6E75 
 3964      74656B74 
 3965              	.LASF128:
 3966 0ae1 6B5F756E 		.ascii	"k_unit_module_global\000"
 3966      69745F6D 
 3966      6F64756C 
 3966      655F676C 
 3966      6F62616C 
 3967              	.LASF15:
 3968 0af6 6C6F6E67 		.ascii	"long unsigned int\000"
 3968      20756E73 
 3968      69676E65 
 3968      6420696E 
 3968      7400
 3969              	.LASF195:
 3970 0b08 77745F73 		.ascii	"wt_sine_lut_f\000"
 3970      696E655F 
 3970      6C75745F 
 3970      6600
 3971              	.LASF96:
 3972 0b16 5F6E696F 		.ascii	"_niobs\000"
 3972      627300
 3973              	.LASF17:
 3974 0b1d 77696E74 		.ascii	"wint_t\000"
 3974      5F7400
 3975              	.LASF8:
 3976 0b24 696E7433 		.ascii	"int32_t\000"
 3976      325F7400 
 3977              	.LASF45:
 3978 0b2c 5F64736F 		.ascii	"_dso_handle\000"
 3978      5F68616E 
 3978      646C6500 
 3979              	.LASF190:
 3980 0b38 6B5F756E 		.ascii	"k_unit_err_memory\000"
 3980      69745F65 
 3980      72725F6D 
 3980      656D6F72 
 3980      7900
 3981              	.LASF187:
 3982 0b4a 6B5F756E 		.ascii	"k_unit_err_api_version\000"
 3982      69745F65 
 3982      72725F61 
 3982      70695F76 
 3982      65727369 
 3983              	.LASF169:
 3984 0b61 74797065 		.ascii	"type\000"
 3984      00
 3985              	.LASF87:
 3986 0b66 5F637674 		.ascii	"_cvtbuf\000"
ARM GAS  /tmp/ccjntsk9.s 			page 80


 3986      62756600 
 3987              	.LASF11:
 3988 0b6e 756E7369 		.ascii	"unsigned char\000"
 3988      676E6564 
 3988      20636861 
 3988      7200
 3989              	.LASF114:
 3990 0b7c 5F676574 		.ascii	"_getdate_err\000"
 3990      64617465 
 3990      5F657272 
 3990      00
 3991              	.LASF226:
 3992 0b89 67656E65 		.ascii	"genericfx_unit_header_t\000"
 3992      72696366 
 3992      785F756E 
 3992      69745F68 
 3992      65616465 
 3993              	.LASF131:
 3994 0ba1 6B5F756E 		.ascii	"k_unit_module_revfx\000"
 3994      69745F6D 
 3994      6F64756C 
 3994      655F7265 
 3994      76667800 
 3995              	.LASF196:
 3996 0bb5 77745F73 		.ascii	"wt_saw_notes\000"
 3996      61775F6E 
 3996      6F746573 
 3996      00
 3997              	.LASF101:
 3998 0bc2 5F616464 		.ascii	"_add\000"
 3998      00
 3999              	.LASF134:
 4000 0bc7 6B5F756E 		.ascii	"k_unit_module_masterfx\000"
 4000      69745F6D 
 4000      6F64756C 
 4000      655F6D61 
 4000      73746572 
 4001              	.LASF51:
 4002 0bde 5F5F7362 		.ascii	"__sbuf\000"
 4002      756600
 4003              	.LASF185:
 4004 0be5 6B5F756E 		.ascii	"k_unit_err_none\000"
 4004      69745F65 
 4004      72725F6E 
 4004      6F6E6500 
 4005              	.LASF95:
 4006 0bf5 5F676C75 		.ascii	"_glue\000"
 4006      6500
 4007              	.LASF91:
 4008 0bfb 5F5F7367 		.ascii	"__sglue\000"
 4008      6C756500 
 4009              	.LASF103:
 4010 0c03 5F737472 		.ascii	"_strtok_last\000"
 4010      746F6B5F 
 4010      6C617374 
 4010      00
 4011              	.LASF110:
ARM GAS  /tmp/ccjntsk9.s 			page 81


 4012 0c10 5F6D6274 		.ascii	"_mbtowc_state\000"
 4012      6F77635F 
 4012      73746174 
 4012      6500
 4013              	.LASF79:
 4014 0c1e 5F6C6F63 		.ascii	"_locale\000"
 4014      616C6500 
 4015              	.LASF164:
 4016 0c26 686F6F6B 		.ascii	"hooks\000"
 4016      7300
 4017              	.LASF44:
 4018 0c2c 5F666E61 		.ascii	"_fnargs\000"
 4018      72677300 
 4019              	.LASF5:
 4020 0c34 7369676E 		.ascii	"signed char\000"
 4020      65642063 
 4020      68617200 
 4021              	.LASF71:
 4022 0c40 5F726565 		.ascii	"_reent\000"
 4022      6E7400
 4023              	.LASF13:
 4024 0c47 73686F72 		.ascii	"short unsigned int\000"
 4024      7420756E 
 4024      7369676E 
 4024      65642069 
 4024      6E7400
 4025              	.LASF172:
 4026 0c5a 72657365 		.ascii	"reserved\000"
 4026      72766564 
 4026      00
 4027              	.LASF46:
 4028 0c63 5F666E74 		.ascii	"_fntypes\000"
 4028      79706573 
 4028      00
 4029              	.LASF53:
 4030 0c6c 5F73697A 		.ascii	"_size\000"
 4030      6500
 4031              	.LASF127:
 4032 0c72 646F7562 		.ascii	"double\000"
 4032      6C6500
 4033              	.LASF136:
 4034 0c79 6B5F6E75 		.ascii	"k_num_unit_modules\000"
 4034      6D5F756E 
 4034      69745F6D 
 4034      6F64756C 
 4034      657300
 4035              	.LASF18:
 4036 0c8c 5F6F6666 		.ascii	"_off_t\000"
 4036      5F7400
 4037              	.LASF64:
 4038 0c93 5F6E6275 		.ascii	"_nbuf\000"
 4038      6600
 4039              	.LASF102:
 4040 0c99 5F756E75 		.ascii	"_unused_rand\000"
 4040      7365645F 
 4040      72616E64 
 4040      00
ARM GAS  /tmp/ccjntsk9.s 			page 82


 4041              	.LASF78:
 4042 0ca6 5F756E73 		.ascii	"_unspecified_locale_info\000"
 4042      70656369 
 4042      66696564 
 4042      5F6C6F63 
 4042      616C655F 
 4043              	.LASF240:
 4044 0cbf 64657363 		.ascii	"desc\000"
 4044      00
 4045              	.LASF70:
 4046 0cc4 5F666C61 		.ascii	"_flags2\000"
 4046      67733200 
 4047              	.LASF141:
 4048 0ccc 6B5F756E 		.ascii	"k_unit_target_nutektdigital_revfx\000"
 4048      69745F74 
 4048      61726765 
 4048      745F6E75 
 4048      74656B74 
 4049              	.LASF47:
 4050 0cee 5F69735F 		.ascii	"_is_cxa\000"
 4050      63786100 
 4051              	.LASF99:
 4052 0cf6 5F736565 		.ascii	"_seed\000"
 4052      6400
 4053              	.LASF107:
 4054 0cfc 5F72616E 		.ascii	"_rand_next\000"
 4054      645F6E65 
 4054      787400
 4055              	.LASF244:
 4056 0d07 5F5F6C6F 		.ascii	"__locale_t\000"
 4056      63616C65 
 4056      5F7400
 4057              	.LASF61:
 4058 0d12 5F736565 		.ascii	"_seek\000"
 4058      6B00
 4059              	.LASF75:
 4060 0d18 5F737464 		.ascii	"_stderr\000"
 4060      65727200 
 4061              	.LASF122:
 4062 0d20 5F6E6D61 		.ascii	"_nmalloc\000"
 4062      6C6C6F63 
 4062      00
 4063              	.LASF63:
 4064 0d29 5F756275 		.ascii	"_ubuf\000"
 4064      6600
 4065              	.LASF192:
 4066 0d2f 6B5F6F73 		.ascii	"k_osc_api_platform\000"
 4066      635F6170 
 4066      695F706C 
 4066      6174666F 
 4066      726D00
 4067              		.ident	"GCC: (15:9-2019-q4-0ubuntu1) 9.2.1 20191025 (release) [ARM/arm-9-branch revision 277599]"
ARM GAS  /tmp/ccjntsk9.s 			page 83


DEFINED SYMBOLS
                            *ABS*:0000000000000000 _unit_base.c
     /tmp/ccjntsk9.s:17     .text:0000000000000000 $t
     /tmp/ccjntsk9.s:25     .text:0000000000000000 unit_init
     /tmp/ccjntsk9.s:51     .text:0000000000000006 unit_teardown
     /tmp/ccjntsk9.s:71     .text:0000000000000008 unit_reset
     /tmp/ccjntsk9.s:88     .text:000000000000000a unit_resume
     /tmp/ccjntsk9.s:105    .text:000000000000000c unit_suspend
     /tmp/ccjntsk9.s:122    .text:000000000000000e unit_render
     /tmp/ccjntsk9.s:145    .text:0000000000000010 unit_get_param_value
     /tmp/ccjntsk9.s:170    .text:0000000000000014 unit_get_param_str_value
     /tmp/ccjntsk9.s:196    .text:0000000000000018 unit_set_param_value
     /tmp/ccjntsk9.s:218    .text:000000000000001a unit_set_tempo
     /tmp/ccjntsk9.s:239    .text:000000000000001c unit_tempo_4ppqn_tick
     /tmp/ccjntsk9.s:256    .text:000000000000001e unit_touch_event
     /tmp/ccjntsk9.s:277    .unit_header:0000000000000000 unit_header
     /tmp/ccjntsk9.s:285    .unit_header:0000000000000022 $d

NO UNDEFINED SYMBOLS
