ARM GAS  /tmp/ccSzEyJr.s 			page 1


   1              		.cpu cortex-m7
   2              		.eabi_attribute 27, 1
   3              		.eabi_attribute 28, 1
   4              		.eabi_attribute 20, 1
   5              		.eabi_attribute 21, 1
   6              		.eabi_attribute 23, 3
   7              		.eabi_attribute 24, 1
   8              		.eabi_attribute 25, 1
   9              		.eabi_attribute 26, 1
  10              		.eabi_attribute 30, 4
  11              		.eabi_attribute 34, 1
  12              		.eabi_attribute 18, 4
  13              		.file	"unit.cc"
  14              		.text
  15              	.Ltext0:
  16              		.cfi_sections	.debug_frame
  17              		.section	.text._ZNK9DelayLine11readHermiteEf,"axG",%progbits,_ZNK9DelayLine11readHermiteEf,comdat
  18              		.align	1
  19              		.weak	_ZNK9DelayLine11readHermiteEf
  20              		.arch armv7e-m
  21              		.syntax unified
  22              		.thumb
  23              		.thumb_func
  24              		.fpu fpv4-sp-d16
  25              		.type	_ZNK9DelayLine11readHermiteEf, %function
  26              	_ZNK9DelayLine11readHermiteEf:
  27              	.LVL0:
  28              	.LFB488:
  29              		.file 1 "src/delay_line.h"
  30              		.loc 1 42 9 view -0
  31              		.cfi_startproc
  32              		@ args = 0, pretend = 0, frame = 0
  33              		@ frame_needed = 0, uses_anonymous_args = 0
  34              		.loc 1 43 5 view .LVU1
  35              		.loc 1 43 17 is_stmt 0 view .LVU2
  36 0000 D0ED027A 		vldr.32	s15, [r0, #8]	@ int
  37 0004 4368     		ldr	r3, [r0, #4]
  38 0006 F8EE677A 		vcvt.f32.u32	s15, s15
  39              		.loc 1 42 9 view .LVU3
  40 000a 10B5     		push	{r4, lr}
  41              		.cfi_def_cfa_offset 8
  42              		.cfi_offset 4, -8
  43              		.cfi_offset 14, -4
  44              		.loc 1 43 31 view .LVU4
  45 000c 37EEC00A 		vsub.f32	s0, s15, s0
  46              	.LVL1:
  47              		.loc 1 43 11 view .LVU5
  48 0010 F7EE007A 		vmov.f32	s15, #1.0e+0
  49 0014 30EE670A 		vsub.f32	s0, s0, s15
  50              	.LVL2:
  51              		.loc 1 43 11 view .LVU6
  52 0018 07EE903A 		vmov	s15, r3	@ int
  53 001c F8EE677A 		vcvt.f32.u32	s15, s15
  54              	.L4:
  55              		.loc 1 44 5 is_stmt 1 discriminator 2 view .LVU7
  56              		.loc 1 44 16 discriminator 2 view .LVU8
  57 0020 B5EEC00A 		vcmpe.f32	s0, #0
ARM GAS  /tmp/ccSzEyJr.s 			page 2


  58 0024 F1EE10FA 		vmrs	APSR_nzcv, FPSCR
  59 0028 02D5     		bpl	.L2
  60              		.loc 1 44 32 discriminator 1 view .LVU9
  61              		.loc 1 44 36 is_stmt 0 discriminator 1 view .LVU10
  62 002a 30EE270A 		vadd.f32	s0, s0, s15
  63              	.LVL3:
  64              		.loc 1 44 5 discriminator 1 view .LVU11
  65 002e F7E7     		b	.L4
  66              	.L2:
  67              		.loc 1 45 5 is_stmt 1 discriminator 2 view .LVU12
  68              		.loc 1 45 16 discriminator 2 view .LVU13
  69 0030 B4EEE70A 		vcmpe.f32	s0, s15
  70 0034 F1EE10FA 		vmrs	APSR_nzcv, FPSCR
  71 0038 02DB     		blt	.L9
  72              		.loc 1 45 33 discriminator 1 view .LVU14
  73              		.loc 1 45 37 is_stmt 0 discriminator 1 view .LVU15
  74 003a 30EE670A 		vsub.f32	s0, s0, s15
  75              	.LVL4:
  76              		.loc 1 45 5 discriminator 1 view .LVU16
  77 003e F7E7     		b	.L2
  78              	.L9:
  79              		.loc 1 47 5 is_stmt 1 view .LVU17
  80              		.loc 1 47 11 is_stmt 0 view .LVU18
  81 0040 FDEEC07A 		vcvt.s32.f32	s15, s0
  82              		.loc 1 53 16 view .LVU19
  83 0044 0168     		ldr	r1, [r0]
  84              		.loc 1 49 26 view .LVU20
  85 0046 581E     		subs	r0, r3, #1
  86              	.LVL5:
  87              		.loc 1 56 19 view .LVU21
  88 0048 B0EE047A 		vmov.f32	s14, #2.5e+0
  89              		.loc 1 47 11 view .LVU22
  90 004c 17EE902A 		vmov	r2, s15	@ int
  91              	.LVL6:
  92              		.loc 1 48 5 is_stmt 1 view .LVU23
  93              		.loc 1 48 24 is_stmt 0 view .LVU24
  94 0050 F8EEE77A 		vcvt.f32.s32	s15, s15
  95              		.loc 1 49 26 view .LVU25
  96 0054 8418     		adds	r4, r0, r2
  97              		.loc 1 48 11 view .LVU26
  98 0056 70EE677A 		vsub.f32	s15, s0, s15
  99              	.LVL7:
 100              		.loc 1 49 5 is_stmt 1 view .LVU27
 101              		.loc 1 50 5 view .LVU28
 102              		.loc 1 51 5 view .LVU29
 103              		.loc 1 53 5 view .LVU30
 104              		.loc 1 49 11 is_stmt 0 view .LVU31
 105 005a 94FBF3F0 		sdiv	r0, r4, r3
 106 005e 03FB1040 		mls	r0, r3, r0, r4
 107              		.loc 1 50 22 view .LVU32
 108 0062 541C     		adds	r4, r2, #1
 109              		.loc 1 53 11 view .LVU33
 110 0064 01EB8000 		add	r0, r1, r0, lsl #2
 111 0068 90ED005A 		vldr.32	s10, [r0]
 112              	.LVL8:
 113              		.loc 1 53 26 view .LVU34
 114 006c 01EB8200 		add	r0, r1, r2, lsl #2
ARM GAS  /tmp/ccSzEyJr.s 			page 3


 115              		.loc 1 51 22 view .LVU35
 116 0070 0232     		adds	r2, r2, #2
 117              	.LVL9:
 118              		.loc 1 53 26 view .LVU36
 119 0072 90ED000A 		vldr.32	s0, [r0]
 120              	.LVL10:
 121              		.loc 1 56 19 view .LVU37
 122 0076 F0EE455A 		vmov.f32	s11, s10
 123              		.loc 1 50 11 view .LVU38
 124 007a 94FBF3F0 		sdiv	r0, r4, r3
 125              		.loc 1 56 19 view .LVU39
 126 007e E0EE475A 		vfms.f32	s11, s0, s14
 127              		.loc 1 50 11 view .LVU40
 128 0082 03FB1040 		mls	r0, r3, r0, r4
 129              		.loc 1 53 41 view .LVU41
 130 0086 01EB8000 		add	r0, r1, r0, lsl #2
 131 008a D0ED006A 		vldr.32	s13, [r0]
 132              	.LVL11:
 133              		.loc 1 51 11 view .LVU42
 134 008e 92FBF3F0 		sdiv	r0, r2, r3
 135              		.loc 1 56 19 view .LVU43
 136 0092 B0EE657A 		vmov.f32	s14, s11
 137              		.loc 1 51 11 view .LVU44
 138 0096 03FB1022 		mls	r2, r3, r0, r2
 139              	.LVL12:
 140              		.loc 1 56 31 view .LVU45
 141 009a F0EE005A 		vmov.f32	s11, #2.0e+0
 142              		.loc 1 53 56 view .LVU46
 143 009e 01EB8201 		add	r1, r1, r2, lsl #2
 144              		.loc 1 55 27 view .LVU47
 145 00a2 76EEC54A 		vsub.f32	s9, s13, s10
 146              		.loc 1 56 31 view .LVU48
 147 00a6 A6EEA57A 		vfma.f32	s14, s13, s11
 148              		.loc 1 53 56 view .LVU49
 149 00aa 91ED006A 		vldr.32	s12, [r1]
 150              	.LVL13:
 151              		.loc 1 54 5 is_stmt 1 view .LVU50
 152              		.loc 1 55 5 view .LVU51
 153              		.loc 1 56 5 view .LVU52
 154              		.loc 1 56 11 is_stmt 0 view .LVU53
 155 00ae F6EE005A 		vmov.f32	s11, #5.0e-1
 156              		.loc 1 57 46 view .LVU54
 157 00b2 70EE666A 		vsub.f32	s13, s0, s13
 158              	.LVL14:
 159              		.loc 1 56 11 view .LVU55
 160 00b6 A6EE657A 		vfms.f32	s14, s12, s11
 161              	.LVL15:
 162              		.loc 1 57 5 is_stmt 1 view .LVU56
 163              		.loc 1 57 27 is_stmt 0 view .LVU57
 164 00ba 36EE456A 		vsub.f32	s12, s12, s10
 165              	.LVL16:
 166              		.loc 1 57 40 view .LVU58
 167 00be B7EE085A 		vmov.f32	s10, #1.5e+0
 168              	.LVL17:
 169              		.loc 1 57 40 view .LVU59
 170 00c2 66EE856A 		vmul.f32	s13, s13, s10
 171              		.loc 1 57 11 view .LVU60
ARM GAS  /tmp/ccSzEyJr.s 			page 4


 172 00c6 E6EE256A 		vfma.f32	s13, s12, s11
 173              	.LVL18:
 174              		.loc 1 58 5 is_stmt 1 view .LVU61
 175              		.loc 1 58 24 is_stmt 0 view .LVU62
 176 00ca A7EEA67A 		vfma.f32	s14, s15, s13
 177              	.LVL19:
 178              		.loc 1 58 30 view .LVU63
 179 00ce 27EE277A 		vmul.f32	s14, s14, s15
 180              		.loc 1 58 37 view .LVU64
 181 00d2 A4EEA57A 		vfma.f32	s14, s9, s11
 182              		.loc 1 59 3 view .LVU65
 183 00d6 A7EE270A 		vfma.f32	s0, s14, s15
 184              	.LVL20:
 185              		.loc 1 59 3 view .LVU66
 186 00da 10BD     		pop	{r4, pc}
 187              		.loc 1 59 3 view .LVU67
 188              		.cfi_endproc
 189              	.LFE488:
 190              		.size	_ZNK9DelayLine11readHermiteEf, .-_ZNK9DelayLine11readHermiteEf
 191              		.section	.text._ZN14RearrangeDelay9setPresetEi,"axG",%progbits,_ZN14RearrangeDelay9setPresetEi,com
 192              		.align	1
 193              		.weak	_ZN14RearrangeDelay9setPresetEi
 194              		.syntax unified
 195              		.thumb
 196              		.thumb_func
 197              		.fpu fpv4-sp-d16
 198              		.type	_ZN14RearrangeDelay9setPresetEi, %function
 199              	_ZN14RearrangeDelay9setPresetEi:
 200              	.LVL21:
 201              	.LFB502:
 202              		.file 2 "src/delay_multi.h"
 203              		.loc 2 61 8 is_stmt 1 view -0
 204              		.cfi_startproc
 205              		@ args = 0, pretend = 0, frame = 0
 206              		@ frame_needed = 0, uses_anonymous_args = 0
 207              		.loc 2 62 5 view .LVU69
 208              		.loc 2 61 8 is_stmt 0 view .LVU70
 209 0000 F0B5     		push	{r4, r5, r6, r7, lr}
 210              		.cfi_def_cfa_offset 20
 211              		.cfi_offset 4, -20
 212              		.cfi_offset 5, -16
 213              		.cfi_offset 6, -12
 214              		.cfi_offset 7, -8
 215              		.cfi_offset 14, -4
 216 0002 094F     		ldr	r7, .L13
 217              		.loc 2 62 17 view .LVU71
 218 0004 01F00301 		and	r1, r1, #3
 219              	.LVL22:
 220              		.loc 2 62 13 view .LVU72
 221 0008 0025     		movs	r5, #0
 222              	.LBB64:
 223              		.loc 2 64 16 view .LVU73
 224 000a 00F11004 		add	r4, r0, #16
 225              	.LPIC0:
 226 000e 7F44     		add	r7, pc
 227              	.LBE64:
 228              		.loc 2 62 13 view .LVU74
ARM GAS  /tmp/ccSzEyJr.s 			page 5


 229 0010 C160     		str	r1, [r0, #12]
 230              		.loc 2 63 5 is_stmt 1 view .LVU75
 231              	.LVL23:
 232              	.LBB65:
 233              		.loc 2 63 23 view .LVU76
 234 0012 07EBC117 		add	r7, r7, r1, lsl #7
 235              	.LVL24:
 236              	.L11:
 237              		.loc 2 64 7 discriminator 2 view .LVU77
 238              		.loc 2 64 16 is_stmt 0 discriminator 2 view .LVU78
 239 0016 6619     		adds	r6, r4, r5
 240 0018 7B19     		adds	r3, r7, r5
 241 001a 1035     		adds	r5, r5, #16
 242 001c 0FCB     		ldm	r3, {r0, r1, r2, r3}
 243              		.loc 2 63 23 discriminator 2 view .LVU79
 244 001e 802D     		cmp	r5, #128
 245              		.loc 2 64 16 discriminator 2 view .LVU80
 246 0020 86E80F00 		stm	r6, {r0, r1, r2, r3}
 247              		.loc 2 63 5 is_stmt 1 discriminator 2 view .LVU81
 248              		.loc 2 63 23 discriminator 2 view .LVU82
 249 0024 F7D1     		bne	.L11
 250              	.LBE65:
 251              		.loc 2 65 3 is_stmt 0 view .LVU83
 252 0026 F0BD     		pop	{r4, r5, r6, r7, pc}
 253              	.LVL25:
 254              	.L14:
 255              		.loc 2 65 3 view .LVU84
 256              		.align	2
 257              	.L13:
 258 0028 16000000 		.word	.LANCHOR0-(.LPIC0+4)
 259              		.cfi_endproc
 260              	.LFE502:
 261              		.size	_ZN14RearrangeDelay9setPresetEi, .-_ZN14RearrangeDelay9setPresetEi
 262              		.section	.text._ZN14RearrangeDelay8setTempoEm,"axG",%progbits,_ZN14RearrangeDelay8setTempoEm,comda
 263              		.align	1
 264              		.weak	_ZN14RearrangeDelay8setTempoEm
 265              		.syntax unified
 266              		.thumb
 267              		.thumb_func
 268              		.fpu fpv4-sp-d16
 269              		.type	_ZN14RearrangeDelay8setTempoEm, %function
 270              	_ZN14RearrangeDelay8setTempoEm:
 271              	.LVL26:
 272              	.LFB504:
 273              		.loc 2 71 8 is_stmt 1 view -0
 274              		.cfi_startproc
 275              		@ args = 0, pretend = 0, frame = 0
 276              		@ frame_needed = 0, uses_anonymous_args = 0
 277              		@ link register save eliminated.
 278              		.loc 2 72 5 view .LVU86
 279              		.loc 2 72 60 is_stmt 0 view .LVU87
 280 0000 8BB2     		uxth	r3, r1
 281              		.loc 2 72 11 view .LVU88
 282 0002 DFED116A 		vldr.32	s13, .L19
 283              		.loc 2 72 60 view .LVU89
 284 0006 07EE103A 		vmov	s14, r3	@ int
 285              		.loc 2 72 34 view .LVU90
ARM GAS  /tmp/ccSzEyJr.s 			page 6


 286 000a 0B0C     		lsrs	r3, r1, #16
 287 000c 07EE903A 		vmov	s15, r3	@ int
 288              		.loc 2 72 43 view .LVU91
 289 0010 B8EEC77A 		vcvt.f32.s32	s14, s14
 290              		.loc 2 72 17 view .LVU92
 291 0014 F8EEE77A 		vcvt.f32.s32	s15, s15
 292              		.loc 2 72 11 view .LVU93
 293 0018 E7EE267A 		vfma.f32	s15, s14, s13
 294              	.LVL27:
 295              		.loc 2 73 5 is_stmt 1 view .LVU94
 296              		.loc 2 74 20 is_stmt 0 view .LVU95
 297 001c DFED0B6A 		vldr.32	s13, .L19+4
 298              		.loc 2 73 24 view .LVU96
 299 0020 B7EE007A 		vmov.f32	s14, #1.0e+0
 300 0024 F4EE477A 		vcmp.f32	s15, s14
 301 0028 9FED097A 		vldr.32	s14, .L19+8
 302 002c F1EE10FA 		vmrs	APSR_nzcv, FPSCR
 303 0030 48BF     		it	mi
 304 0032 F0EE477A 		vmovmi.f32	s15, s14
 305              	.LVL28:
 306              		.loc 2 74 5 is_stmt 1 view .LVU97
 307              		.loc 2 74 20 is_stmt 0 view .LVU98
 308 0036 90ED007A 		vldr.32	s14, [r0]
 309 003a 27EE267A 		vmul.f32	s14, s14, s13
 310              		.loc 2 74 27 view .LVU99
 311 003e C7EE276A 		vdiv.f32	s13, s14, s15
 312              		.loc 2 74 14 view .LVU100
 313 0042 C0ED016A 		vstr.32	s13, [r0, #4]
 314              		.loc 2 75 3 view .LVU101
 315 0046 7047     		bx	lr
 316              	.L20:
 317              		.align	2
 318              	.L19:
 319 0048 00008037 		.word	931135488
 320 004c 00007042 		.word	1114636288
 321 0050 0000F042 		.word	1123024896
 322              		.cfi_endproc
 323              	.LFE504:
 324              		.size	_ZN14RearrangeDelay8setTempoEm, .-_ZN14RearrangeDelay8setTempoEm
 325              		.section	.text._ZN14RearrangeDelay7processEPKfPfm,"axG",%progbits,_ZN14RearrangeDelay7processEPKfP
 326              		.align	1
 327              		.weak	_ZN14RearrangeDelay7processEPKfPfm
 328              		.syntax unified
 329              		.thumb
 330              		.thumb_func
 331              		.fpu fpv4-sp-d16
 332              		.type	_ZN14RearrangeDelay7processEPKfPfm, %function
 333              	_ZN14RearrangeDelay7processEPKfPfm:
 334              	.LVL29:
 335              	.LFB505:
 336              		.loc 2 77 8 is_stmt 1 view -0
 337              		.cfi_startproc
 338              		@ args = 0, pretend = 0, frame = 8
 339              		@ frame_needed = 0, uses_anonymous_args = 0
 340              		.loc 2 78 5 view .LVU103
 341              		.loc 2 77 8 is_stmt 0 view .LVU104
 342 0000 2DE9F04F 		push	{r4, r5, r6, r7, r8, r9, r10, fp, lr}
ARM GAS  /tmp/ccSzEyJr.s 			page 7


 343              		.cfi_def_cfa_offset 36
 344              		.cfi_offset 4, -36
 345              		.cfi_offset 5, -32
 346              		.cfi_offset 6, -28
 347              		.cfi_offset 7, -24
 348              		.cfi_offset 8, -20
 349              		.cfi_offset 9, -16
 350              		.cfi_offset 10, -12
 351              		.cfi_offset 11, -8
 352              		.cfi_offset 14, -4
 353 0004 0446     		mov	r4, r0
 354 0006 9A46     		mov	r10, r3
 355 0008 1646     		mov	r6, r2
 356 000a 0D46     		mov	r5, r1
 357              	.LBB76:
 358              		.loc 2 78 19 view .LVU105
 359 000c 4FF00008 		mov	r8, #0
 360              	.LBB77:
 361              		.loc 2 79 19 view .LVU106
 362 0010 00F1900B 		add	fp, r0, #144
 363              	.LBE77:
 364              	.LBE76:
 365              		.loc 2 77 8 view .LVU107
 366 0014 2DED068B 		vpush.64	{d8, d9, d10}
 367              		.cfi_def_cfa_offset 60
 368              		.cfi_offset 80, -60
 369              		.cfi_offset 81, -56
 370              		.cfi_offset 82, -52
 371              		.cfi_offset 83, -48
 372              		.cfi_offset 84, -44
 373              		.cfi_offset 85, -40
 374              	.LBB115:
 375              	.LBB112:
 376              	.LBB78:
 377              	.LBB79:
 378              	.LBB80:
 379              	.LBB81:
 380              		.file 3 "src/params.h"
 381              		.loc 3 94 32 view .LVU108
 382 0018 DFED3E9A 		vldr.32	s19, .L32
 383              	.LBE81:
 384              	.LBE80:
 385              	.LBE79:
 386              	.LBE78:
 387              	.LBE112:
 388              	.LBE115:
 389              		.loc 2 77 8 view .LVU109
 390 001c 83B0     		sub	sp, sp, #12
 391              		.cfi_def_cfa_offset 72
 392              	.LVL30:
 393              	.L28:
 394              	.LBB116:
 395              		.loc 2 78 28 is_stmt 1 discriminator 1 view .LVU110
 396 001e D045     		cmp	r8, r10
 397 0020 73D0     		beq	.L21
 398              	.LBB113:
 399              		.loc 2 79 7 view .LVU111
ARM GAS  /tmp/ccSzEyJr.s 			page 8


 400              	.LBB91:
 401              	.LBB92:
 402              		.loc 1 23 10 is_stmt 0 view .LVU112
 403 0022 D4F89830 		ldr	r3, [r4, #152]
 404              	.LBE92:
 405              	.LBE91:
 406              	.LBB98:
 407              	.LBB88:
 408              	.LBB85:
 409              	.LBB82:
 410              		.loc 3 94 17 view .LVU113
 411 0026 F7EE00AA 		vmov.f32	s21, #1.0e+0
 412              	.LBE82:
 413              	.LBE85:
 414              	.LBE88:
 415              	.LBE98:
 416              	.LBB99:
 417              	.LBB93:
 418              		.loc 1 23 18 view .LVU114
 419 002a D4F89020 		ldr	r2, [r4, #144]
 420              	.LBE93:
 421              	.LBE99:
 422              		.loc 2 80 19 view .LVU115
 423 002e 04F19C09 		add	r9, r4, #156
 424              		.loc 2 79 19 view .LVU116
 425 0032 2968     		ldr	r1, [r5]	@ float
 426              	.LVL31:
 427              	.LBB100:
 428              	.LBI91:
 429              		.loc 1 22 8 is_stmt 1 view .LVU117
 430              	.LBB94:
 431              		.loc 1 23 5 view .LVU118
 432 0034 2746     		mov	r7, r4
 433              		.loc 1 23 18 is_stmt 0 view .LVU119
 434 0036 02EB8302 		add	r2, r2, r3, lsl #2
 435              		.loc 1 24 22 view .LVU120
 436 003a 0133     		adds	r3, r3, #1
 437              	.LBE94:
 438              	.LBE100:
 439              		.loc 2 82 25 view .LVU121
 440 003c DFED368A 		vldr.32	s17, .L32+4
 441              	.LBB101:
 442              	.LBB95:
 443              		.loc 1 23 18 view .LVU122
 444 0040 1160     		str	r1, [r2]	@ float
 445              		.loc 1 24 5 is_stmt 1 view .LVU123
 446              		.loc 1 24 27 is_stmt 0 view .LVU124
 447 0042 D4F89410 		ldr	r1, [r4, #148]
 448              	.LVL32:
 449              		.loc 1 24 27 view .LVU125
 450              	.LBE95:
 451              	.LBE101:
 452              		.loc 2 82 13 view .LVU126
 453 0046 B0EE689A 		vmov.f32	s18, s17
 454              	.LBB102:
 455              	.LBB96:
 456              		.loc 1 24 27 view .LVU127
ARM GAS  /tmp/ccSzEyJr.s 			page 9


 457 004a B3FBF1F2 		udiv	r2, r3, r1
 458              	.LVL33:
 459              		.loc 1 24 27 view .LVU128
 460 004e 01FB1233 		mls	r3, r1, r2, r3
 461              	.LBE96:
 462              	.LBE102:
 463              	.LBB103:
 464              	.LBB104:
 465              		.loc 1 23 10 view .LVU129
 466 0052 D4F8A420 		ldr	r2, [r4, #164]
 467              	.LBE104:
 468              	.LBE103:
 469              		.loc 2 80 19 view .LVU130
 470 0056 6968     		ldr	r1, [r5, #4]	@ float
 471              	.LBB107:
 472              	.LBB97:
 473              		.loc 1 24 12 view .LVU131
 474 0058 C4F89830 		str	r3, [r4, #152]
 475              	.LVL34:
 476              		.loc 1 24 12 view .LVU132
 477              	.LBE97:
 478              	.LBE107:
 479              		.loc 2 80 7 is_stmt 1 view .LVU133
 480              	.LBB108:
 481              	.LBI103:
 482              		.loc 1 22 8 view .LVU134
 483              	.LBB105:
 484              		.loc 1 23 5 view .LVU135
 485              		.loc 1 23 18 is_stmt 0 view .LVU136
 486 005c D4F89C30 		ldr	r3, [r4, #156]
 487 0060 03EB8203 		add	r3, r3, r2, lsl #2
 488              		.loc 1 24 22 view .LVU137
 489 0064 0132     		adds	r2, r2, #1
 490              		.loc 1 23 18 view .LVU138
 491 0066 1960     		str	r1, [r3]	@ float
 492              		.loc 1 24 5 is_stmt 1 view .LVU139
 493              		.loc 1 24 27 is_stmt 0 view .LVU140
 494 0068 D4F8A010 		ldr	r1, [r4, #160]
 495              	.LVL35:
 496              		.loc 1 24 27 view .LVU141
 497 006c B2FBF1F3 		udiv	r3, r2, r1
 498              	.LVL36:
 499              		.loc 1 24 27 view .LVU142
 500 0070 01FB1322 		mls	r2, r1, r3, r2
 501              	.LBE105:
 502              	.LBE108:
 503              	.LBB109:
 504              		.loc 2 85 16 view .LVU143
 505 0074 0023     		movs	r3, #0
 506              	.LBE109:
 507              	.LBB110:
 508              	.LBB106:
 509              		.loc 1 24 12 view .LVU144
 510 0076 C4F8A420 		str	r2, [r4, #164]
 511              	.LVL37:
 512              		.loc 1 24 12 view .LVU145
 513              	.LBE106:
ARM GAS  /tmp/ccSzEyJr.s 			page 10


 514              	.LBE110:
 515              		.loc 2 82 7 is_stmt 1 view .LVU146
 516              		.loc 2 83 7 view .LVU147
 517              		.loc 2 83 15 is_stmt 0 view .LVU148
 518 007a A268     		ldr	r2, [r4, #8]
 519              		.loc 2 83 38 view .LVU149
 520 007c 082A     		cmp	r2, #8
 521 007e A8BF     		it	ge
 522 0080 0822     		movge	r2, #8
 523              	.LVL38:
 524              		.loc 2 85 7 is_stmt 1 view .LVU150
 525              	.L27:
 526              	.LBB111:
 527              		.loc 2 85 25 discriminator 1 view .LVU151
 528 0082 9342     		cmp	r3, r2
 529 0084 38DA     		bge	.L24
 530              	.LBB89:
 531              		.loc 2 86 9 view .LVU152
 532              		.loc 2 86 22 is_stmt 0 view .LVU153
 533 0086 97ED048A 		vldr.32	s16, [r7, #16]
 534              		.loc 2 86 9 view .LVU154
 535 008a B5EE408A 		vcmp.f32	s16, #0
 536 008e F1EE10FA 		vmrs	APSR_nzcv, FPSCR
 537 0092 2BD0     		beq	.L25
 538              		.loc 2 87 9 is_stmt 1 view .LVU155
 539              		.loc 2 87 29 is_stmt 0 view .LVU156
 540 0094 D4ED017A 		vldr.32	s15, [r4, #4]
 541 0098 28EE278A 		vmul.f32	s16, s16, s15
 542              	.LVL39:
 543              	.LBB86:
 544              	.LBI80:
 545              		.loc 3 93 14 is_stmt 1 view .LVU157
 546              	.LBB83:
 547              		.loc 3 94 3 view .LVU158
 548              		.loc 3 94 17 is_stmt 0 view .LVU159
 549 009c B4EEEA8A 		vcmpe.f32	s16, s21
 550 00a0 F1EE10FA 		vmrs	APSR_nzcv, FPSCR
 551 00a4 25D4     		bmi	.L30
 552              		.loc 3 94 32 view .LVU160
 553 00a6 B4EE698A 		vcmp.f32	s16, s19
 554 00aa F1EE10FA 		vmrs	APSR_nzcv, FPSCR
 555 00ae C8BF     		it	gt
 556 00b0 B0EE698A 		vmovgt.f32	s16, s19
 557              	.LVL40:
 558              	.L26:
 559              		.loc 3 94 32 view .LVU161
 560              	.LBE83:
 561              	.LBE86:
 562              		.loc 2 88 35 view .LVU162
 563 00b4 5846     		mov	r0, fp
 564 00b6 B0EE480A 		vmov.f32	s0, s16
 565 00ba CDE90023 		strd	r2, r3, [sp]
 566              	.LVL41:
 567              		.loc 2 88 9 is_stmt 1 view .LVU163
 568              		.loc 2 88 35 is_stmt 0 view .LVU164
 569 00be FFF7FEFF 		bl	_ZNK9DelayLine11readHermiteEf(PLT)
 570              	.LVL42:
ARM GAS  /tmp/ccSzEyJr.s 			page 11


 571              		.loc 2 88 43 view .LVU165
 572 00c2 D7ED057A 		vldr.32	s15, [r7, #20]
 573              		.loc 2 88 70 view .LVU166
 574 00c6 97ED07AA 		vldr.32	s20, [r7, #28]
 575              		.loc 2 89 35 view .LVU167
 576 00ca 4846     		mov	r0, r9
 577              		.loc 2 88 43 view .LVU168
 578 00cc 20EE270A 		vmul.f32	s0, s0, s15
 579              		.loc 2 88 14 view .LVU169
 580 00d0 A0EE0A9A 		vfma.f32	s18, s0, s20
 581              	.LVL43:
 582              		.loc 2 89 9 is_stmt 1 view .LVU170
 583              		.loc 2 89 35 is_stmt 0 view .LVU171
 584 00d4 B0EE480A 		vmov.f32	s0, s16
 585 00d8 FFF7FEFF 		bl	_ZNK9DelayLine11readHermiteEf(PLT)
 586              	.LVL44:
 587              		.loc 2 89 43 view .LVU172
 588 00dc D7ED067A 		vldr.32	s15, [r7, #24]
 589 00e0 20EE270A 		vmul.f32	s0, s0, s15
 590              		.loc 2 89 14 view .LVU173
 591 00e4 DDE90023 		ldrd	r2, r3, [sp]
 592 00e8 EAEE008A 		vfma.f32	s17, s20, s0
 593              	.LVL45:
 594              	.L25:
 595              		.loc 2 89 14 view .LVU174
 596              	.LBE89:
 597              		.loc 2 85 7 is_stmt 1 discriminator 2 view .LVU175
 598 00ec 0133     		adds	r3, r3, #1
 599              	.LVL46:
 600              		.loc 2 85 7 is_stmt 0 discriminator 2 view .LVU176
 601 00ee 1037     		adds	r7, r7, #16
 602 00f0 C7E7     		b	.L27
 603              	.LVL47:
 604              	.L30:
 605              	.LBB90:
 606              	.LBB87:
 607              	.LBB84:
 608              		.loc 3 94 17 view .LVU177
 609 00f2 B7EE008A 		vmov.f32	s16, #1.0e+0
 610              	.LVL48:
 611              		.loc 3 94 17 view .LVU178
 612 00f6 DDE7     		b	.L26
 613              	.LVL49:
 614              	.L24:
 615              		.loc 3 94 17 view .LVU179
 616              	.LBE84:
 617              	.LBE87:
 618              	.LBE90:
 619              	.LBE111:
 620              		.loc 2 92 7 is_stmt 1 discriminator 2 view .LVU180
 621              		.loc 2 92 18 is_stmt 0 discriminator 2 view .LVU181
 622 00f8 86ED009A 		vstr.32	s18, [r6]
 623              		.loc 2 93 7 is_stmt 1 discriminator 2 view .LVU182
 624              	.LBE113:
 625              		.loc 2 78 5 is_stmt 0 discriminator 2 view .LVU183
 626 00fc 08F10108 		add	r8, r8, #1
 627              	.LVL50:
ARM GAS  /tmp/ccSzEyJr.s 			page 12


 628              	.LBB114:
 629              		.loc 2 93 18 discriminator 2 view .LVU184
 630 0100 C6ED018A 		vstr.32	s17, [r6, #4]
 631              	.LBE114:
 632              		.loc 2 78 5 is_stmt 1 discriminator 2 view .LVU185
 633              	.LVL51:
 634              		.loc 2 78 5 is_stmt 0 discriminator 2 view .LVU186
 635 0104 0835     		adds	r5, r5, #8
 636 0106 0836     		adds	r6, r6, #8
 637 0108 89E7     		b	.L28
 638              	.LVL52:
 639              	.L21:
 640              		.loc 2 78 5 discriminator 2 view .LVU187
 641              	.LBE116:
 642              		.loc 2 95 3 view .LVU188
 643 010a 03B0     		add	sp, sp, #12
 644              		.cfi_def_cfa_offset 60
 645              		@ sp needed
 646 010c BDEC068B 		vldm	sp!, {d8-d10}
 647              		.cfi_restore 84
 648              		.cfi_restore 85
 649              		.cfi_restore 82
 650              		.cfi_restore 83
 651              		.cfi_restore 80
 652              		.cfi_restore 81
 653              		.cfi_def_cfa_offset 36
 654 0110 BDE8F08F 		pop	{r4, r5, r6, r7, r8, r9, r10, fp, pc}
 655              	.LVL53:
 656              	.L33:
 657              		.loc 2 95 3 view .LVU189
 658              		.align	2
 659              	.L32:
 660 0114 C07F3B48 		.word	1211858880
 661 0118 00000000 		.word	0
 662              		.cfi_endproc
 663              	.LFE505:
 664              		.size	_ZN14RearrangeDelay7processEPKfPfm, .-_ZN14RearrangeDelay7processEPKfPfm
 665              		.section	.text._ZN6Effect4InitEPK17unit_runtime_desc,"axG",%progbits,_ZN6Effect4InitEPK17unit_runt
 666              		.align	1
 667              		.weak	_ZN6Effect4InitEPK17unit_runtime_desc
 668              		.syntax unified
 669              		.thumb
 670              		.thumb_func
 671              		.fpu fpv4-sp-d16
 672              		.type	_ZN6Effect4InitEPK17unit_runtime_desc, %function
 673              	_ZN6Effect4InitEPK17unit_runtime_desc:
 674              	.LVL54:
 675              	.LFB526:
 676              		.file 4 "unit.cc"
 677              		.loc 4 34 17 is_stmt 1 view -0
 678              		.cfi_startproc
 679              		@ args = 0, pretend = 0, frame = 0
 680              		@ frame_needed = 0, uses_anonymous_args = 0
 681              		.loc 4 35 5 view .LVU191
 682              		.loc 4 34 17 is_stmt 0 view .LVU192
 683 0000 434B     		ldr	r3, .L51+16
 684 0002 2DE9F041 		push	{r4, r5, r6, r7, r8, lr}
ARM GAS  /tmp/ccSzEyJr.s 			page 13


 685              		.cfi_def_cfa_offset 24
 686              		.cfi_offset 4, -24
 687              		.cfi_offset 5, -20
 688              		.cfi_offset 6, -16
 689              		.cfi_offset 7, -12
 690              		.cfi_offset 8, -8
 691              		.cfi_offset 14, -4
 692              		.loc 4 34 17 view .LVU193
 693              	.LPIC1:
 694 0006 7B44     		add	r3, pc
 695 0008 0546     		mov	r5, r0
 696              		.loc 4 35 5 view .LVU194
 697 000a 0C46     		mov	r4, r1
 698 000c 0029     		cmp	r1, #0
 699 000e 68D0     		beq	.L38
 700              		.loc 4 38 5 is_stmt 1 view .LVU195
 701              		.loc 4 38 15 is_stmt 0 view .LVU196
 702 0010 0A68     		ldr	r2, [r1]	@ unaligned
 703              		.loc 4 38 44 view .LVU197
 704 0012 4049     		ldr	r1, .L51+20
 705              	.LVL55:
 706              		.loc 4 38 44 view .LVU198
 707 0014 5B58     		ldr	r3, [r3, r1]
 708 0016 5B68     		ldr	r3, [r3, #4]	@ unaligned
 709              		.loc 4 38 5 view .LVU199
 710 0018 9A42     		cmp	r2, r3
 711 001a 65D1     		bne	.L39
 712              		.loc 4 41 5 is_stmt 1 view .LVU200
 713              		.loc 4 41 10 is_stmt 0 view .LVU201
 714 001c 6368     		ldr	r3, [r4, #4]	@ unaligned
 715 001e 03F4FE02 		and	r2, r3, #8323072
 716              		.loc 4 41 5 view .LVU202
 717 0022 B2F5003F 		cmp	r2, #131072
 718 0026 62D1     		bne	.L41
 719              		.loc 4 41 9 discriminator 1 view .LVU203
 720 0028 13F4FE4F 		tst	r3, #32512
 721 002c 5FD1     		bne	.L41
 722              		.loc 4 44 5 is_stmt 1 view .LVU204
 723              		.loc 4 44 15 is_stmt 0 view .LVU205
 724 002e A268     		ldr	r2, [r4, #8]	@ unaligned
 725              		.loc 4 44 5 view .LVU206
 726 0030 4BF68033 		movw	r3, #48000
 727 0034 9A42     		cmp	r2, r3
 728 0036 5DD1     		bne	.L42
 729              		.loc 4 47 5 is_stmt 1 view .LVU207
 730 0038 A37B     		ldrb	r3, [r4, #14]	@ zero_extendqisi2
 731 003a 022B     		cmp	r3, #2
 732 003c 5DD1     		bne	.L44
 733              		.loc 4 47 35 is_stmt 0 discriminator 1 view .LVU208
 734 003e E37B     		ldrb	r3, [r4, #15]	@ zero_extendqisi2
 735 0040 022B     		cmp	r3, #2
 736 0042 5AD1     		bne	.L44
 737              		.loc 4 50 5 is_stmt 1 view .LVU209
 738              		.loc 4 50 22 is_stmt 0 view .LVU210
 739 0044 6369     		ldr	r3, [r4, #20]	@ unaligned
 740              		.loc 4 50 5 view .LVU211
 741 0046 1BB9     		cbnz	r3, .L36
ARM GAS  /tmp/ccSzEyJr.s 			page 14


 742              	.LVL56:
 743              	.L37:
 744              		.loc 4 51 14 view .LVU212
 745 0048 6FF00F00 		mvn	r0, #15
 746              	.LVL57:
 747              	.L35:
 748              		.loc 4 74 3 view .LVU213
 749 004c BDE8F081 		pop	{r4, r5, r6, r7, r8, pc}
 750              	.LVL58:
 751              	.L36:
 752              		.loc 4 53 5 is_stmt 1 view .LVU214
 753              		.loc 4 54 5 view .LVU215
 754              		.loc 4 54 51 is_stmt 0 view .LVU216
 755 0050 2B48     		ldr	r0, .L51
 756              	.LVL59:
 757              		.loc 4 54 51 view .LVU217
 758 0052 9847     		blx	r3
 759              	.LVL60:
 760              		.loc 4 55 5 is_stmt 1 view .LVU218
 761 0054 0746     		mov	r7, r0
 762 0056 0028     		cmp	r0, #0
 763 0058 F6D0     		beq	.L37
 764              		.loc 4 56 5 view .LVU219
 765              		.loc 4 56 40 is_stmt 0 view .LVU220
 766 005a 6369     		ldr	r3, [r4, #20]	@ unaligned
 767              		.loc 4 56 51 view .LVU221
 768 005c 2848     		ldr	r0, .L51
 769              	.LVL61:
 770              		.loc 4 56 51 view .LVU222
 771 005e 9847     		blx	r3
 772              	.LVL62:
 773              		.loc 4 57 5 is_stmt 1 view .LVU223
 774 0060 0646     		mov	r6, r0
 775 0062 0028     		cmp	r0, #0
 776 0064 F0D0     		beq	.L37
 777              		.loc 4 59 5 view .LVU224
 778              	.LBB129:
 779              	.LBB130:
 780              	.LBB131:
 781              	.LBB132:
 782              		.loc 1 17 12 is_stmt 0 view .LVU225
 783 0066 0024     		movs	r4, #0
 784              	.LVL63:
 785              		.loc 1 17 12 view .LVU226
 786              	.LBE132:
 787              	.LBE131:
 788              	.LBE130:
 789              	.LBE129:
 790              		.loc 4 59 15 view .LVU227
 791 0068 FFF7FEFF 		bl	_Z10initSinLutv(PLT)
 792              	.LVL64:
 793              		.loc 4 60 5 is_stmt 1 view .LVU228
 794              	.LBB143:
 795              	.LBB141:
 796              	.LBB136:
 797              	.LBB133:
 798              		.loc 1 17 12 is_stmt 0 view .LVU229
ARM GAS  /tmp/ccSzEyJr.s 			page 15


 799 006c DFF8A880 		ldr	r8, .L51+24
 800              	.LBE133:
 801              	.LBE136:
 802              	.LBE141:
 803              	.LBE143:
 804              		.loc 4 60 16 view .LVU230
 805 0070 FFF7FEFF 		bl	_Z11initHannLutv(PLT)
 806              	.LVL65:
 807              		.loc 4 62 5 is_stmt 1 view .LVU231
 808              	.LBB144:
 809              	.LBI129:
 810              		.loc 2 54 8 view .LVU232
 811              	.LBB142:
 812              		.loc 2 55 5 view .LVU233
 813              		.loc 2 55 9 is_stmt 0 view .LVU234
 814 0074 234B     		ldr	r3, .L51+4
 815              	.LBB137:
 816              	.LBB134:
 817              		.loc 1 18 11 view .LVU235
 818 0076 2146     		mov	r1, r4
 819 0078 214A     		ldr	r2, .L51
 820 007a 3846     		mov	r0, r7
 821              	.LBE134:
 822              	.LBE137:
 823              		.loc 2 55 9 view .LVU236
 824 007c 2B60     		str	r3, [r5]	@ float
 825              		.loc 2 56 5 is_stmt 1 view .LVU237
 826              	.LVL66:
 827              	.LBB138:
 828              	.LBI131:
 829              		.loc 1 14 8 view .LVU238
 830              	.LBB135:
 831              		.loc 1 15 5 view .LVU239
 832              		.loc 1 15 12 is_stmt 0 view .LVU240
 833 007e C5F89070 		str	r7, [r5, #144]
 834              		.loc 1 16 5 is_stmt 1 view .LVU241
 835              		.loc 1 17 12 is_stmt 0 view .LVU242
 836 0082 C5E92584 		strd	r8, r4, [r5, #148]
 837              		.loc 1 18 5 is_stmt 1 view .LVU243
 838              		.loc 1 18 11 is_stmt 0 view .LVU244
 839 0086 FFF7FEFF 		bl	memset(PLT)
 840              	.LVL67:
 841              		.loc 1 18 11 view .LVU245
 842              	.LBE135:
 843              	.LBE138:
 844              		.loc 2 57 5 is_stmt 1 view .LVU246
 845              	.LBB139:
 846              	.LBI139:
 847              		.loc 1 14 8 view .LVU247
 848              	.LBB140:
 849              		.loc 1 15 5 view .LVU248
 850              		.loc 1 18 11 is_stmt 0 view .LVU249
 851 008a 1D4A     		ldr	r2, .L51
 852 008c 2146     		mov	r1, r4
 853 008e 3046     		mov	r0, r6
 854              		.loc 1 17 12 view .LVU250
 855 0090 C5F8A440 		str	r4, [r5, #164]
ARM GAS  /tmp/ccSzEyJr.s 			page 16


 856              		.loc 1 16 12 view .LVU251
 857 0094 C5E92768 		strd	r6, r8, [r5, #156]
 858              		.loc 1 17 5 is_stmt 1 view .LVU252
 859              		.loc 1 18 5 view .LVU253
 860              		.loc 1 18 11 is_stmt 0 view .LVU254
 861 0098 FFF7FEFF 		bl	memset(PLT)
 862              	.LVL68:
 863              		.loc 1 18 11 view .LVU255
 864              	.LBE140:
 865              	.LBE139:
 866              		.loc 2 58 5 is_stmt 1 view .LVU256
 867              		.loc 2 58 14 is_stmt 0 view .LVU257
 868 009c 2146     		mov	r1, r4
 869 009e 2846     		mov	r0, r5
 870 00a0 FFF7FEFF 		bl	_ZN14RearrangeDelay9setPresetEi(PLT)
 871              	.LVL69:
 872              		.loc 2 58 14 view .LVU258
 873              	.LBE142:
 874              	.LBE144:
 875              		.loc 4 65 5 is_stmt 1 view .LVU259
 876              		.loc 4 65 20 is_stmt 0 view .LVU260
 877 00a4 0123     		movs	r3, #1
 878              		.loc 4 68 20 view .LVU261
 879 00a6 40F2FF12 		movw	r2, #511
 880              		.loc 4 69 25 view .LVU262
 881 00aa 2846     		mov	r0, r5
 882              		.loc 4 65 20 view .LVU263
 883 00ac C5F8A830 		str	r3, [r5, #168]
 884              		.loc 4 66 5 is_stmt 1 view .LVU264
 885              		.loc 4 68 20 is_stmt 0 view .LVU265
 886 00b0 4FF4A973 		mov	r3, #338
 887              		.loc 4 69 25 view .LVU266
 888 00b4 2146     		mov	r1, r4
 889              		.loc 4 66 20 view .LVU267
 890 00b6 85F8AC40 		strb	r4, [r5, #172]
 891              		.loc 4 67 5 is_stmt 1 view .LVU268
 892              		.loc 4 68 20 is_stmt 0 view .LVU269
 893 00ba C5E92C23 		strd	r2, r3, [r5, #176]
 894              		.loc 4 69 5 is_stmt 1 view .LVU270
 895              		.loc 4 69 25 is_stmt 0 view .LVU271
 896 00be FFF7FEFF 		bl	_ZN14RearrangeDelay9setPresetEi(PLT)
 897              	.LVL70:
 898              		.loc 4 70 5 is_stmt 1 view .LVU272
 899              		.loc 4 149 5 view .LVU273
 900              		.loc 4 150 5 view .LVU274
 901              		.loc 4 151 5 view .LVU275
 902              	.LBB145:
 903              	.LBI145:
 904              		.loc 2 67 8 view .LVU276
 905              	.LBB146:
 906              		.loc 2 68 5 view .LVU277
 907              	.LBE146:
 908              	.LBE145:
 909              	.LBB149:
 910              	.LBB150:
 911              	.LBB151:
 912              	.LBB152:
ARM GAS  /tmp/ccSzEyJr.s 			page 17


 913              		.loc 2 74 20 is_stmt 0 view .LVU278
 914 00c2 9FED117A 		vldr.32	s14, .L51+8
 915 00c6 D5ED007A 		vldr.32	s15, [r5]
 916              	.LBE152:
 917              	.LBE151:
 918              	.LBE150:
 919              	.LBE149:
 920              	.LBB162:
 921              	.LBB147:
 922              		.loc 2 68 17 view .LVU279
 923 00ca 0523     		movs	r3, #5
 924              	.LBE147:
 925              	.LBE162:
 926              	.LBB163:
 927              	.LBB159:
 928              	.LBB156:
 929              	.LBB153:
 930              		.loc 2 74 27 view .LVU280
 931 00cc DFED0F6A 		vldr.32	s13, .L51+12
 932              	.LBE153:
 933              	.LBE156:
 934              	.LBE159:
 935              	.LBE163:
 936              		.loc 4 73 12 view .LVU281
 937 00d0 2046     		mov	r0, r4
 938              	.LBB164:
 939              	.LBB160:
 940              	.LBB157:
 941              	.LBB154:
 942              		.loc 2 74 20 view .LVU282
 943 00d2 67EE877A 		vmul.f32	s15, s15, s14
 944              	.LBE154:
 945              	.LBE157:
 946              	.LBE160:
 947              	.LBE164:
 948              	.LBB165:
 949              	.LBB148:
 950              		.loc 2 68 17 view .LVU283
 951 00d6 AB60     		str	r3, [r5, #8]
 952              	.LVL71:
 953              		.loc 2 68 17 view .LVU284
 954              	.LBE148:
 955              	.LBE165:
 956              		.loc 4 71 5 is_stmt 1 view .LVU285
 957              	.LBB166:
 958              	.LBI149:
 959              		.loc 4 155 15 view .LVU286
 960              	.LBB161:
 961              		.loc 4 156 5 view .LVU287
 962              		.loc 4 157 5 view .LVU288
 963              		.loc 4 158 5 view .LVU289
 964              		.loc 4 159 5 view .LVU290
 965              	.LBB158:
 966              	.LBI151:
 967              		.loc 2 71 8 view .LVU291
 968              	.LBB155:
 969              		.loc 2 72 5 view .LVU292
ARM GAS  /tmp/ccSzEyJr.s 			page 18


 970              		.loc 2 73 5 view .LVU293
 971              		.loc 2 74 5 view .LVU294
 972              		.loc 2 74 27 is_stmt 0 view .LVU295
 973 00d8 87EEA67A 		vdiv.f32	s14, s15, s13
 974              		.loc 2 74 14 view .LVU296
 975 00dc 85ED017A 		vstr.32	s14, [r5, #4]
 976              		.loc 2 75 3 view .LVU297
 977 00e0 B4E7     		b	.L35
 978              	.LVL72:
 979              	.L38:
 980              		.loc 2 75 3 view .LVU298
 981              	.LBE155:
 982              	.LBE158:
 983              	.LBE161:
 984              	.LBE166:
 985              		.loc 4 36 14 view .LVU299
 986 00e2 6FF01F00 		mvn	r0, #31
 987              	.LVL73:
 988              		.loc 4 36 14 view .LVU300
 989 00e6 B1E7     		b	.L35
 990              	.LVL74:
 991              	.L39:
 992              		.loc 4 39 14 view .LVU301
 993 00e8 4FF0FF30 		mov	r0, #-1
 994              	.LVL75:
 995              		.loc 4 39 14 view .LVU302
 996 00ec AEE7     		b	.L35
 997              	.LVL76:
 998              	.L41:
 999              		.loc 4 42 14 view .LVU303
 1000 00ee 6FF00100 		mvn	r0, #1
 1001              	.LVL77:
 1002              		.loc 4 42 14 view .LVU304
 1003 00f2 ABE7     		b	.L35
 1004              	.LVL78:
 1005              	.L42:
 1006              		.loc 4 45 14 view .LVU305
 1007 00f4 6FF00300 		mvn	r0, #3
 1008              	.LVL79:
 1009              		.loc 4 45 14 view .LVU306
 1010 00f8 A8E7     		b	.L35
 1011              	.LVL80:
 1012              	.L44:
 1013              		.loc 4 48 14 view .LVU307
 1014 00fa 6FF00700 		mvn	r0, #7
 1015              	.LVL81:
 1016              		.loc 4 48 14 view .LVU308
 1017 00fe A5E7     		b	.L35
 1018              	.L52:
 1019              		.align	2
 1020              	.L51:
 1021 0100 00B80B00 		.word	768000
 1022 0104 00803B47 		.word	1195081728
 1023 0108 00007042 		.word	1114636288
 1024 010c 6EBAB942 		.word	1119468142
 1025 0110 06010000 		.word	_GLOBAL_OFFSET_TABLE_-(.LPIC1+4)
 1026 0114 00000000 		.word	unit_header(GOT)
ARM GAS  /tmp/ccSzEyJr.s 			page 19


 1027 0118 00EE0200 		.word	192000
 1028              		.cfi_endproc
 1029              	.LFE526:
 1030              		.size	_ZN6Effect4InitEPK17unit_runtime_desc, .-_ZN6Effect4InitEPK17unit_runtime_desc
 1031              		.text
 1032              		.align	1
 1033              		.global	unit_init
 1034              		.syntax unified
 1035              		.thumb
 1036              		.thumb_func
 1037              		.fpu fpv4-sp-d16
 1038              		.type	unit_init, %function
 1039              	unit_init:
 1040              	.LVL82:
 1041              	.LFB540:
 1042              		.loc 4 175 67 is_stmt 1 view -0
 1043              		.cfi_startproc
 1044              		@ args = 0, pretend = 0, frame = 0
 1045              		@ frame_needed = 0, uses_anonymous_args = 0
 1046              		.loc 4 176 3 view .LVU310
 1047              		.loc 4 175 67 is_stmt 0 view .LVU311
 1048 0000 0146     		mov	r1, r0
 1049              		.loc 4 176 32 view .LVU312
 1050 0002 0348     		ldr	r0, .L54
 1051              	.LVL83:
 1052              		.loc 4 175 67 view .LVU313
 1053 0004 08B5     		push	{r3, lr}
 1054              		.cfi_def_cfa_offset 8
 1055              		.cfi_offset 3, -8
 1056              		.cfi_offset 14, -4
 1057              		.loc 4 176 32 view .LVU314
 1058              	.LPIC2:
 1059 0006 7844     		add	r0, pc
 1060 0008 FFF7FEFF 		bl	_ZN6Effect4InitEPK17unit_runtime_desc(PLT)
 1061              	.LVL84:
 1062              		.loc 4 177 1 view .LVU315
 1063 000c 08BD     		pop	{r3, pc}
 1064              	.L55:
 1065 000e 00BF     		.align	2
 1066              	.L54:
 1067 0010 06000000 		.word	.LANCHOR1-(.LPIC2+4)
 1068              		.cfi_endproc
 1069              	.LFE540:
 1070              		.size	unit_init, .-unit_init
 1071              		.align	1
 1072              		.global	unit_teardown
 1073              		.syntax unified
 1074              		.thumb
 1075              		.thumb_func
 1076              		.fpu fpv4-sp-d16
 1077              		.type	unit_teardown, %function
 1078              	unit_teardown:
 1079              	.LFB541:
 1080              		.loc 4 178 39 is_stmt 1 view -0
 1081              		.cfi_startproc
 1082              		@ args = 0, pretend = 0, frame = 0
 1083              		@ frame_needed = 0, uses_anonymous_args = 0
ARM GAS  /tmp/ccSzEyJr.s 			page 20


 1084              		@ link register save eliminated.
 1085              		.loc 4 178 41 view .LVU317
 1086              	.LVL85:
 1087              		.loc 4 178 71 is_stmt 0 view .LVU318
 1088 0014 7047     		bx	lr
 1089              		.cfi_endproc
 1090              	.LFE541:
 1091              		.size	unit_teardown, .-unit_teardown
 1092              		.align	1
 1093              		.global	unit_reset
 1094              		.syntax unified
 1095              		.thumb
 1096              		.thumb_func
 1097              		.fpu fpv4-sp-d16
 1098              		.type	unit_reset, %function
 1099              	unit_reset:
 1100              	.LFB567:
 1101              		.cfi_startproc
 1102              		@ args = 0, pretend = 0, frame = 0
 1103              		@ frame_needed = 0, uses_anonymous_args = 0
 1104              		@ link register save eliminated.
 1105 0016 7047     		bx	lr
 1106              		.cfi_endproc
 1107              	.LFE567:
 1108              		.size	unit_reset, .-unit_reset
 1109              		.align	1
 1110              		.global	unit_resume
 1111              		.syntax unified
 1112              		.thumb
 1113              		.thumb_func
 1114              		.fpu fpv4-sp-d16
 1115              		.type	unit_resume, %function
 1116              	unit_resume:
 1117              	.LFB569:
 1118              		.cfi_startproc
 1119              		@ args = 0, pretend = 0, frame = 0
 1120              		@ frame_needed = 0, uses_anonymous_args = 0
 1121              		@ link register save eliminated.
 1122 0018 7047     		bx	lr
 1123              		.cfi_endproc
 1124              	.LFE569:
 1125              		.size	unit_resume, .-unit_resume
 1126              		.align	1
 1127              		.global	unit_suspend
 1128              		.syntax unified
 1129              		.thumb
 1130              		.thumb_func
 1131              		.fpu fpv4-sp-d16
 1132              		.type	unit_suspend, %function
 1133              	unit_suspend:
 1134              	.LFB571:
 1135              		.cfi_startproc
 1136              		@ args = 0, pretend = 0, frame = 0
 1137              		@ frame_needed = 0, uses_anonymous_args = 0
 1138              		@ link register save eliminated.
 1139 001a 7047     		bx	lr
 1140              		.cfi_endproc
ARM GAS  /tmp/ccSzEyJr.s 			page 21


 1141              	.LFE571:
 1142              		.size	unit_suspend, .-unit_suspend
 1143              		.align	1
 1144              		.global	unit_render
 1145              		.syntax unified
 1146              		.thumb
 1147              		.thumb_func
 1148              		.fpu fpv4-sp-d16
 1149              		.type	unit_render, %function
 1150              	unit_render:
 1151              	.LVL86:
 1152              	.LFB545:
 1153              		.loc 4 182 80 is_stmt 1 view -0
 1154              		.cfi_startproc
 1155              		@ args = 0, pretend = 0, frame = 0
 1156              		@ frame_needed = 0, uses_anonymous_args = 0
 1157              		.loc 4 183 3 view .LVU320
 1158              	.LBB175:
 1159              	.LBI175:
 1160              		.loc 4 81 15 view .LVU321
 1161              	.LBE175:
 1162              		.loc 4 82 5 view .LVU322
 1163              		.loc 4 182 80 is_stmt 0 view .LVU323
 1164 001c 10B5     		push	{r4, lr}
 1165              		.cfi_def_cfa_offset 8
 1166              		.cfi_offset 4, -8
 1167              		.cfi_offset 14, -4
 1168              	.LBB180:
 1169              	.LBB176:
 1170              		.loc 4 82 9 view .LVU324
 1171 001e 0E4C     		ldr	r4, .L65
 1172              	.LPIC3:
 1173 0020 7C44     		add	r4, pc
 1174              		.loc 4 82 5 view .LVU325
 1175 0022 94F8AC30 		ldrb	r3, [r4, #172]	@ zero_extendqisi2
 1176 0026 83B1     		cbz	r3, .L61
 1177              	.LBE176:
 1178              	.LBB177:
 1179              	.LBB178:
 1180              		.loc 4 83 21 view .LVU326
 1181 0028 0023     		movs	r3, #0
 1182              	.LVL87:
 1183              	.L63:
 1184              		.loc 4 83 30 is_stmt 1 view .LVU327
 1185 002a 9A42     		cmp	r2, r3
 1186 002c 00F10800 		add	r0, r0, #8
 1187 0030 01F10801 		add	r1, r1, #8
 1188 0034 0FD0     		beq	.L60
 1189              		.loc 4 84 9 view .LVU328
 1190              		.loc 4 84 34 is_stmt 0 view .LVU329
 1191 0036 50F8084C 		ldr	r4, [r0, #-8]	@ float
 1192              		.loc 4 83 7 view .LVU330
 1193 003a 0133     		adds	r3, r3, #1
 1194              	.LVL88:
 1195              		.loc 4 84 24 view .LVU331
 1196 003c 41F8084C 		str	r4, [r1, #-8]	@ float
 1197              		.loc 4 85 9 is_stmt 1 view .LVU332
ARM GAS  /tmp/ccSzEyJr.s 			page 22


 1198              		.loc 4 85 38 is_stmt 0 view .LVU333
 1199 0040 50F8044C 		ldr	r4, [r0, #-4]	@ float
 1200              		.loc 4 85 24 view .LVU334
 1201 0044 41F8044C 		str	r4, [r1, #-4]	@ float
 1202              		.loc 4 83 7 is_stmt 1 view .LVU335
 1203              	.LVL89:
 1204              		.loc 4 83 7 is_stmt 0 view .LVU336
 1205 0048 EFE7     		b	.L63
 1206              	.LVL90:
 1207              	.L61:
 1208              		.loc 4 83 7 view .LVU337
 1209              	.LBE178:
 1210              	.LBE177:
 1211              	.LBB179:
 1212              		.loc 4 88 7 is_stmt 1 view .LVU338
 1213              		.loc 4 88 25 is_stmt 0 view .LVU339
 1214 004a 1346     		mov	r3, r2
 1215 004c 0A46     		mov	r2, r1
 1216              	.LVL91:
 1217              		.loc 4 88 25 view .LVU340
 1218 004e 0146     		mov	r1, r0
 1219              	.LVL92:
 1220              		.loc 4 88 25 view .LVU341
 1221 0050 2046     		mov	r0, r4
 1222              	.LVL93:
 1223              		.loc 4 88 25 view .LVU342
 1224 0052 FFF7FEFF 		bl	_ZN14RearrangeDelay7processEPKfPfm(PLT)
 1225              	.LVL94:
 1226              	.L60:
 1227              		.loc 4 88 25 view .LVU343
 1228              	.LBE179:
 1229              	.LBE180:
 1230              		.loc 4 184 1 view .LVU344
 1231 0056 10BD     		pop	{r4, pc}
 1232              	.L66:
 1233              		.align	2
 1234              	.L65:
 1235 0058 34000000 		.word	.LANCHOR1-(.LPIC3+4)
 1236              		.cfi_endproc
 1237              	.LFE545:
 1238              		.size	unit_render, .-unit_render
 1239              		.align	1
 1240              		.global	unit_set_param_value
 1241              		.syntax unified
 1242              		.thumb
 1243              		.thumb_func
 1244              		.fpu fpv4-sp-d16
 1245              		.type	unit_set_param_value, %function
 1246              	unit_set_param_value:
 1247              	.LVL95:
 1248              	.LFB546:
 1249              		.loc 4 185 70 is_stmt 1 view -0
 1250              		.cfi_startproc
 1251              		@ args = 0, pretend = 0, frame = 0
 1252              		@ frame_needed = 0, uses_anonymous_args = 0
 1253              		.loc 4 186 3 view .LVU346
 1254              	.LBB197:
ARM GAS  /tmp/ccSzEyJr.s 			page 23


 1255              	.LBI197:
 1256              		.loc 4 92 15 view .LVU347
 1257              	.LBB198:
 1258              		.loc 4 93 5 view .LVU348
 1259 005c 0128     		cmp	r0, #1
 1260              	.LBE198:
 1261              	.LBE197:
 1262              		.loc 4 185 70 is_stmt 0 view .LVU349
 1263 005e 08B5     		push	{r3, lr}
 1264              		.cfi_def_cfa_offset 8
 1265              		.cfi_offset 3, -8
 1266              		.cfi_offset 14, -4
 1267              	.LBB228:
 1268              	.LBB223:
 1269              		.loc 4 93 5 view .LVU350
 1270 0060 16D0     		beq	.L68
 1271 0062 0228     		cmp	r0, #2
 1272 0064 4ED0     		beq	.L69
 1273 0066 90B9     		cbnz	r0, .L67
 1274              	.LVL96:
 1275              	.LBB199:
 1276              	.LBI199:
 1277              		.loc 4 92 15 is_stmt 1 view .LVU351
 1278              	.LBB200:
 1279              		.loc 4 94 7 view .LVU352
 1280              		.loc 4 94 15 view .LVU353
 1281              		.loc 4 96 9 view .LVU354
 1282              		.loc 4 96 9 is_stmt 0 view .LVU355
 1283              	.LBE200:
 1284              	.LBE199:
 1285              	.LBE223:
 1286              	.LBE228:
 1287              		.file 5 "/workspace/nts-3_kaoss/common/utils/int_math.h"
 1288              		.loc 5 78 3 is_stmt 1 view .LVU356
 1289 0068 21EAE173 		bic	r3, r1, r1, asr #31
 1290              	.LBB229:
 1291              	.LBB224:
 1292              	.LBB202:
 1293              	.LBB201:
 1294              		.loc 4 96 19 is_stmt 0 view .LVU357
 1295 006c 3F48     		ldr	r0, .L74+20
 1296              	.LVL97:
 1297              		.loc 4 96 19 view .LVU358
 1298 006e 042B     		cmp	r3, #4
 1299              	.LPIC5:
 1300 0070 7844     		add	r0, pc
 1301 0072 A8BF     		it	ge
 1302 0074 0423     		movge	r3, #4
 1303              	.LVL98:
 1304              		.loc 4 97 30 view .LVU359
 1305 0076 0029     		cmp	r1, #0
 1306 0078 D4BF     		ite	le
 1307 007a 0122     		movle	r2, #1
 1308 007c 0022     		movgt	r2, #0
 1309              		.loc 4 96 19 view .LVU360
 1310 007e C0F8A830 		str	r3, [r0, #168]
 1311              		.loc 4 97 9 is_stmt 1 view .LVU361
ARM GAS  /tmp/ccSzEyJr.s 			page 24


 1312              		.loc 4 97 30 is_stmt 0 view .LVU362
 1313 0082 80F8AC20 		strb	r2, [r0, #172]
 1314              		.loc 4 98 9 is_stmt 1 view .LVU363
 1315 0086 02DD     		ble	.L67
 1316              		.loc 4 99 11 view .LVU364
 1317              		.loc 4 99 31 is_stmt 0 view .LVU365
 1318 0088 591E     		subs	r1, r3, #1
 1319              	.LVL99:
 1320              		.loc 4 99 31 view .LVU366
 1321 008a FFF7FEFF 		bl	_ZN14RearrangeDelay9setPresetEi(PLT)
 1322              	.LVL100:
 1323              	.L67:
 1324              		.loc 4 99 31 view .LVU367
 1325              	.LBE201:
 1326              	.LBE202:
 1327              	.LBE224:
 1328              	.LBE229:
 1329              		.loc 4 187 1 view .LVU368
 1330 008e 08BD     		pop	{r3, pc}
 1331              	.LVL101:
 1332              	.L68:
 1333              	.LBB230:
 1334              	.LBB225:
 1335              		.loc 4 102 7 is_stmt 1 view .LVU369
 1336              		.loc 4 102 15 view .LVU370
 1337              		.loc 4 104 9 view .LVU371
 1338              		.loc 4 104 9 is_stmt 0 view .LVU372
 1339              	.LBE225:
 1340              	.LBE230:
 1341              		.loc 5 78 3 is_stmt 1 view .LVU373
 1342 0090 81F30A01 		usat	r1, #10, r1
 1343              	.LVL102:
 1344              	.LBB231:
 1345              	.LBB226:
 1346              	.LBB203:
 1347              	.LBB204:
 1348              		.loc 4 149 17 is_stmt 0 view .LVU374
 1349 0094 DFED306A 		vldr.32	s13, .L74
 1350              		.loc 4 150 54 view .LVU375
 1351 0098 B2EE046A 		vmov.f32	s12, #1.0e+1
 1352              	.LBE204:
 1353              	.LBE203:
 1354              		.loc 4 104 24 view .LVU376
 1355 009c 344B     		ldr	r3, .L74+24
 1356              	.LBB209:
 1357              	.LBB205:
 1358              		.loc 4 149 29 view .LVU377
 1359 009e 07EE901A 		vmov	s15, r1	@ int
 1360              	.LBE205:
 1361              	.LBE209:
 1362              		.loc 4 104 24 view .LVU378
 1363              	.LPIC8:
 1364 00a2 7B44     		add	r3, pc
 1365              	.LBB210:
 1366              	.LBB206:
 1367              		.loc 4 149 29 view .LVU379
 1368 00a4 F8EEE77A 		vcvt.f32.s32	s15, s15
ARM GAS  /tmp/ccSzEyJr.s 			page 25


 1369              	.LBE206:
 1370              	.LBE210:
 1371              		.loc 4 104 24 view .LVU380
 1372 00a8 C3F8B010 		str	r1, [r3, #176]
 1373              		.loc 4 105 9 is_stmt 1 view .LVU381
 1374              	.LVL103:
 1375              	.LBB211:
 1376              	.LBI203:
 1377              		.loc 4 148 23 view .LVU382
 1378              	.LBB207:
 1379              		.loc 4 149 5 view .LVU383
 1380              		.loc 4 150 5 view .LVU384
 1381              		.loc 4 149 17 is_stmt 0 view .LVU385
 1382 00ac 87EEA67A 		vdiv.f32	s14, s15, s13
 1383              	.LVL104:
 1384              		.loc 4 150 54 view .LVU386
 1385 00b0 F6EE007A 		vmov.f32	s15, #5.0e-1
 1386 00b4 F0EE676A 		vmov.f32	s13, s15
 1387 00b8 E7EE066A 		vfma.f32	s13, s14, s12
 1388              		.loc 4 150 36 view .LVU387
 1389 00bc FDEEE66A 		vcvt.s32.f32	s13, s13
 1390              		.loc 4 150 29 view .LVU388
 1391 00c0 F8EEE66A 		vcvt.f32.s32	s13, s13
 1392              		.loc 4 150 17 view .LVU389
 1393 00c4 86EE867A 		vdiv.f32	s14, s13, s12
 1394              	.LVL105:
 1395              		.loc 4 151 5 is_stmt 1 view .LVU390
 1396              		.loc 4 151 30 is_stmt 0 view .LVU391
 1397 00c8 B5EEC07A 		vcmpe.f32	s14, #0
 1398 00cc F1EE10FA 		vmrs	APSR_nzcv, FPSCR
 1399 00d0 15D4     		bmi	.L72
 1400              		.loc 4 151 56 view .LVU392
 1401 00d2 F7EE006A 		vmov.f32	s13, #1.0e+0
 1402 00d6 B4EE667A 		vcmp.f32	s14, s13
 1403 00da F1EE10FA 		vmrs	APSR_nzcv, FPSCR
 1404 00de C8BF     		it	gt
 1405 00e0 B0EE667A 		vmovgt.f32	s14, s13
 1406              	.LVL106:
 1407              	.L71:
 1408              		.loc 4 151 56 view .LVU393
 1409              	.LBE207:
 1410              	.LBE211:
 1411              	.LBB212:
 1412              	.LBI212:
 1413              		.loc 2 67 8 is_stmt 1 view .LVU394
 1414              	.LBB213:
 1415              		.loc 2 68 5 view .LVU395
 1416              		.loc 2 68 51 is_stmt 0 view .LVU396
 1417 00e4 F1EE0C6A 		vmov.f32	s13, #7.0e+0
 1418              		.loc 2 68 17 view .LVU397
 1419 00e8 224A     		ldr	r2, .L74+28
 1420              	.LPIC9:
 1421 00ea 7A44     		add	r2, pc
 1422              		.loc 2 68 51 view .LVU398
 1423 00ec E7EE267A 		vfma.f32	s15, s14, s13
 1424              		.loc 2 68 23 view .LVU399
 1425 00f0 FDEEE77A 		vcvt.s32.f32	s15, s15
ARM GAS  /tmp/ccSzEyJr.s 			page 26


 1426              		.loc 2 68 21 view .LVU400
 1427 00f4 17EE903A 		vmov	r3, s15	@ int
 1428 00f8 0133     		adds	r3, r3, #1
 1429              		.loc 2 68 17 view .LVU401
 1430 00fa 9360     		str	r3, [r2, #8]
 1431              		.loc 2 69 3 view .LVU402
 1432 00fc C7E7     		b	.L67
 1433              	.LVL107:
 1434              	.L72:
 1435              		.loc 2 69 3 view .LVU403
 1436              	.LBE213:
 1437              	.LBE212:
 1438              	.LBB214:
 1439              	.LBB208:
 1440              		.loc 4 151 30 view .LVU404
 1441 00fe 9FED177A 		vldr.32	s14, .L74+4
 1442              	.LVL108:
 1443              		.loc 4 151 30 view .LVU405
 1444 0102 EFE7     		b	.L71
 1445              	.LVL109:
 1446              	.L69:
 1447              		.loc 4 151 30 view .LVU406
 1448              	.LBE208:
 1449              	.LBE214:
 1450              		.loc 4 108 7 is_stmt 1 view .LVU407
 1451              		.loc 4 108 15 view .LVU408
 1452              		.loc 4 110 9 view .LVU409
 1453              		.loc 4 110 9 is_stmt 0 view .LVU410
 1454              	.LBE226:
 1455              	.LBE231:
 1456              		.loc 5 78 3 is_stmt 1 view .LVU411
 1457 0104 81F30A01 		usat	r1, #10, r1
 1458              	.LVL110:
 1459              	.LBB232:
 1460              	.LBB227:
 1461              	.LBB215:
 1462              	.LBB216:
 1463              		.loc 4 156 51 is_stmt 0 view .LVU412
 1464 0108 9FED137A 		vldr.32	s14, .L74
 1465              	.LBE216:
 1466              	.LBE215:
 1467              		.loc 4 110 21 view .LVU413
 1468 010c 1A48     		ldr	r0, .L74+32
 1469              	.LVL111:
 1470              	.LBB220:
 1471              	.LBB217:
 1472              		.loc 4 156 35 view .LVU414
 1473 010e 07EE901A 		vmov	s15, r1	@ int
 1474              	.LBE217:
 1475              	.LBE220:
 1476              		.loc 4 110 21 view .LVU415
 1477              	.LPIC10:
 1478 0112 7844     		add	r0, pc
 1479              	.LBB221:
 1480              	.LBB218:
 1481              		.loc 4 156 35 view .LVU416
 1482 0114 F8EEE77A 		vcvt.f32.s32	s15, s15
ARM GAS  /tmp/ccSzEyJr.s 			page 27


 1483              	.LBE218:
 1484              	.LBE221:
 1485              		.loc 4 110 21 view .LVU417
 1486 0118 C0F8B410 		str	r1, [r0, #180]
 1487              		.loc 4 111 9 is_stmt 1 view .LVU418
 1488              	.LVL112:
 1489              	.LBB222:
 1490              	.LBI215:
 1491              		.loc 4 155 15 view .LVU419
 1492              	.LBB219:
 1493              		.loc 4 156 5 view .LVU420
 1494              		.loc 4 156 51 is_stmt 0 view .LVU421
 1495 011c C7EE876A 		vdiv.f32	s13, s15, s14
 1496              		.loc 4 156 17 view .LVU422
 1497 0120 9FED0F7A 		vldr.32	s14, .L74+8
 1498 0124 DFED0F7A 		vldr.32	s15, .L74+12
 1499 0128 E6EE877A 		vfma.f32	s15, s13, s14
 1500              	.LVL113:
 1501              		.loc 4 157 5 is_stmt 1 view .LVU423
 1502              		.loc 4 157 20 is_stmt 0 view .LVU424
 1503 012c BCEEE77A 		vcvt.u32.f32	s14, s15
 1504              	.LVL114:
 1505              		.loc 4 158 5 is_stmt 1 view .LVU425
 1506              		.loc 4 159 5 view .LVU426
 1507              		.loc 4 158 46 is_stmt 0 view .LVU427
 1508 0130 F8EE476A 		vcvt.f32.u32	s13, s14
 1509              		.loc 4 159 24 view .LVU428
 1510 0134 17EE103A 		vmov	r3, s14	@ int
 1511              		.loc 4 158 44 view .LVU429
 1512 0138 77EEE67A 		vsub.f32	s15, s15, s13
 1513              	.LVL115:
 1514              		.loc 4 158 59 view .LVU430
 1515 013c DFED0A6A 		vldr.32	s13, .L74+16
 1516 0140 67EEA67A 		vmul.f32	s15, s15, s13
 1517              		.loc 4 158 20 view .LVU431
 1518 0144 FCEEE77A 		vcvt.u32.f32	s15, s15
 1519 0148 17EE901A 		vmov	r1, s15	@ int
 1520              	.LVL116:
 1521              		.loc 4 159 24 view .LVU432
 1522 014c 41EA0341 		orr	r1, r1, r3, lsl #16
 1523 0150 FFF7FEFF 		bl	_ZN14RearrangeDelay8setTempoEm(PLT)
 1524              	.LVL117:
 1525              		.loc 4 159 24 view .LVU433
 1526              	.LBE219:
 1527              	.LBE222:
 1528              	.LBE227:
 1529              	.LBE232:
 1530              		.loc 4 187 1 view .LVU434
 1531 0154 9BE7     		b	.L67
 1532              	.L75:
 1533 0156 00BF     		.align	2
 1534              	.L74:
 1535 0158 00C07F44 		.word	1149222912
 1536 015c 00000000 		.word	0
 1537 0160 00002043 		.word	1126170624
 1538 0164 00002042 		.word	1109393408
 1539 0168 00008047 		.word	1199570944
ARM GAS  /tmp/ccSzEyJr.s 			page 28


 1540 016c F8000000 		.word	.LANCHOR1-(.LPIC5+4)
 1541 0170 CA000000 		.word	.LANCHOR1-(.LPIC8+4)
 1542 0174 86000000 		.word	.LANCHOR1-(.LPIC9+4)
 1543 0178 62000000 		.word	.LANCHOR1-(.LPIC10+4)
 1544              		.cfi_endproc
 1545              	.LFE546:
 1546              		.size	unit_set_param_value, .-unit_set_param_value
 1547              		.align	1
 1548              		.global	unit_get_param_value
 1549              		.syntax unified
 1550              		.thumb
 1551              		.thumb_func
 1552              		.fpu fpv4-sp-d16
 1553              		.type	unit_get_param_value, %function
 1554              	unit_get_param_value:
 1555              	.LVL118:
 1556              	.LFB547:
 1557              		.loc 4 188 58 is_stmt 1 view -0
 1558              		.cfi_startproc
 1559              		@ args = 0, pretend = 0, frame = 0
 1560              		@ frame_needed = 0, uses_anonymous_args = 0
 1561              		@ link register save eliminated.
 1562              		.loc 4 189 3 view .LVU436
 1563              	.LBB235:
 1564              	.LBI235:
 1565              		.loc 4 119 18 view .LVU437
 1566              	.LBB236:
 1567              		.loc 4 120 5 view .LVU438
 1568 017c 0128     		cmp	r0, #1
 1569 017e 07D0     		beq	.L77
 1570 0180 0228     		cmp	r0, #2
 1571 0182 0AD0     		beq	.L78
 1572 0184 70B9     		cbnz	r0, .L80
 1573              		.loc 4 121 7 view .LVU439
 1574              		.loc 4 121 15 view .LVU440
 1575              		.loc 4 121 22 is_stmt 0 view .LVU441
 1576 0186 094B     		ldr	r3, .L81
 1577              	.LPIC12:
 1578 0188 7B44     		add	r3, pc
 1579 018a D3F8A800 		ldr	r0, [r3, #168]
 1580              	.LVL119:
 1581              		.loc 4 121 22 view .LVU442
 1582 018e 7047     		bx	lr
 1583              	.LVL120:
 1584              	.L77:
 1585              		.loc 4 122 7 is_stmt 1 view .LVU443
 1586              		.loc 4 122 15 view .LVU444
 1587              		.loc 4 122 22 is_stmt 0 view .LVU445
 1588 0190 074B     		ldr	r3, .L81+4
 1589              	.LPIC13:
 1590 0192 7B44     		add	r3, pc
 1591 0194 D3F8B000 		ldr	r0, [r3, #176]
 1592              	.LVL121:
 1593              		.loc 4 122 22 view .LVU446
 1594 0198 7047     		bx	lr
 1595              	.LVL122:
 1596              	.L78:
ARM GAS  /tmp/ccSzEyJr.s 			page 29


 1597              		.loc 4 123 7 is_stmt 1 view .LVU447
 1598              		.loc 4 123 15 view .LVU448
 1599              		.loc 4 123 22 is_stmt 0 view .LVU449
 1600 019a 064B     		ldr	r3, .L81+8
 1601              	.LPIC14:
 1602 019c 7B44     		add	r3, pc
 1603 019e D3F8B400 		ldr	r0, [r3, #180]
 1604              	.LVL123:
 1605              		.loc 4 123 22 view .LVU450
 1606 01a2 7047     		bx	lr
 1607              	.LVL124:
 1608              	.L80:
 1609              		.loc 4 120 5 view .LVU451
 1610 01a4 4FF00040 		mov	r0, #-2147483648
 1611              	.LVL125:
 1612              		.loc 4 120 5 view .LVU452
 1613              	.LBE236:
 1614              	.LBE235:
 1615              		.loc 4 190 1 view .LVU453
 1616 01a8 7047     		bx	lr
 1617              	.L82:
 1618 01aa 00BF     		.align	2
 1619              	.L81:
 1620 01ac 20000000 		.word	.LANCHOR1-(.LPIC12+4)
 1621 01b0 1A000000 		.word	.LANCHOR1-(.LPIC13+4)
 1622 01b4 14000000 		.word	.LANCHOR1-(.LPIC14+4)
 1623              		.cfi_endproc
 1624              	.LFE547:
 1625              		.size	unit_get_param_value, .-unit_get_param_value
 1626              		.align	1
 1627              		.global	unit_get_param_str_value
 1628              		.syntax unified
 1629              		.thumb
 1630              		.thumb_func
 1631              		.fpu fpv4-sp-d16
 1632              		.type	unit_get_param_str_value, %function
 1633              	unit_get_param_str_value:
 1634              	.LVL126:
 1635              	.LFB548:
 1636              		.loc 4 191 81 is_stmt 1 view -0
 1637              		.cfi_startproc
 1638              		@ args = 0, pretend = 0, frame = 0
 1639              		@ frame_needed = 0, uses_anonymous_args = 0
 1640              		@ link register save eliminated.
 1641              		.loc 4 192 3 view .LVU455
 1642              	.LBB241:
 1643              	.LBI241:
 1644              		.loc 4 128 22 view .LVU456
 1645              	.LBB242:
 1646              		.loc 4 129 5 view .LVU457
 1647              	.LBE242:
 1648              	.LBE241:
 1649              		.loc 4 191 81 is_stmt 0 view .LVU458
 1650 01b8 054B     		ldr	r3, .L87
 1651              	.LPIC15:
 1652 01ba 7B44     		add	r3, pc
 1653              	.LBB246:
ARM GAS  /tmp/ccSzEyJr.s 			page 30


 1654              	.LBB245:
 1655              	.LBB243:
 1656              		.loc 4 129 5 view .LVU459
 1657 01bc 30B9     		cbnz	r0, .L85
 1658              	.LBB244:
 1659              		.loc 4 130 7 is_stmt 1 view .LVU460
 1660              		.loc 4 131 7 view .LVU461
 1661 01be 0429     		cmp	r1, #4
 1662 01c0 05D8     		bhi	.L83
 1663              		.loc 4 131 37 view .LVU462
 1664              		.loc 4 131 55 is_stmt 0 view .LVU463
 1665 01c2 044A     		ldr	r2, .L87+4
 1666 01c4 9B58     		ldr	r3, [r3, r2]
 1667 01c6 53F82100 		ldr	r0, [r3, r1, lsl #2]
 1668              	.LVL127:
 1669              		.loc 4 131 55 view .LVU464
 1670 01ca 7047     		bx	lr
 1671              	.LVL128:
 1672              	.L85:
 1673              		.loc 4 131 55 view .LVU465
 1674              	.LBE244:
 1675              	.LBE243:
 1676              		.loc 4 133 12 view .LVU466
 1677 01cc 0020     		movs	r0, #0
 1678              	.LVL129:
 1679              	.L83:
 1680              		.loc 4 133 12 view .LVU467
 1681              	.LBE245:
 1682              	.LBE246:
 1683              		.loc 4 193 1 view .LVU468
 1684 01ce 7047     		bx	lr
 1685              	.L88:
 1686              		.align	2
 1687              	.L87:
 1688 01d0 12000000 		.word	_GLOBAL_OFFSET_TABLE_-(.LPIC15+4)
 1689 01d4 00000000 		.word	_ZZNK6Effect20getParameterStrValueEhlE5names(GOT)
 1690              		.cfi_endproc
 1691              	.LFE548:
 1692              		.size	unit_get_param_str_value, .-unit_get_param_str_value
 1693              		.align	1
 1694              		.global	unit_set_tempo
 1695              		.syntax unified
 1696              		.thumb
 1697              		.thumb_func
 1698              		.fpu fpv4-sp-d16
 1699              		.type	unit_set_tempo, %function
 1700              	unit_set_tempo:
 1701              	.LVL130:
 1702              	.LFB549:
 1703              		.loc 4 194 53 is_stmt 1 view -0
 1704              		.cfi_startproc
 1705              		@ args = 0, pretend = 0, frame = 0
 1706              		@ frame_needed = 0, uses_anonymous_args = 0
 1707              		.loc 4 195 3 view .LVU470
 1708              		.loc 4 194 53 is_stmt 0 view .LVU471
 1709 01d8 0146     		mov	r1, r0
 1710              	.LVL131:
ARM GAS  /tmp/ccSzEyJr.s 			page 31


 1711              	.LBB247:
 1712              	.LBI247:
 1713              		.loc 4 137 15 is_stmt 1 view .LVU472
 1714              	.LBB248:
 1715              		.loc 4 138 5 view .LVU473
 1716              		.loc 4 138 24 is_stmt 0 view .LVU474
 1717 01da 0348     		ldr	r0, .L90
 1718              	.LVL132:
 1719              		.loc 4 138 24 view .LVU475
 1720              	.LBE248:
 1721              	.LBE247:
 1722              		.loc 4 194 53 view .LVU476
 1723 01dc 08B5     		push	{r3, lr}
 1724              		.cfi_def_cfa_offset 8
 1725              		.cfi_offset 3, -8
 1726              		.cfi_offset 14, -4
 1727              	.LBB250:
 1728              	.LBB249:
 1729              		.loc 4 138 24 view .LVU477
 1730              	.LPIC16:
 1731 01de 7844     		add	r0, pc
 1732 01e0 FFF7FEFF 		bl	_ZN14RearrangeDelay8setTempoEm(PLT)
 1733              	.LVL133:
 1734              		.loc 4 138 24 view .LVU478
 1735              	.LBE249:
 1736              	.LBE250:
 1737              		.loc 4 196 1 view .LVU479
 1738 01e4 08BD     		pop	{r3, pc}
 1739              	.L91:
 1740 01e6 00BF     		.align	2
 1741              	.L90:
 1742 01e8 06000000 		.word	.LANCHOR1-(.LPIC16+4)
 1743              		.cfi_endproc
 1744              	.LFE549:
 1745              		.size	unit_set_tempo, .-unit_set_tempo
 1746              		.align	1
 1747              		.global	unit_tempo_4ppqn_tick
 1748              		.syntax unified
 1749              		.thumb
 1750              		.thumb_func
 1751              		.fpu fpv4-sp-d16
 1752              		.type	unit_tempo_4ppqn_tick, %function
 1753              	unit_tempo_4ppqn_tick:
 1754              	.LVL134:
 1755              	.LFB550:
 1756              		.loc 4 197 62 is_stmt 1 view -0
 1757              		.cfi_startproc
 1758              		@ args = 0, pretend = 0, frame = 0
 1759              		@ frame_needed = 0, uses_anonymous_args = 0
 1760              		@ link register save eliminated.
 1761              		.loc 4 198 3 view .LVU481
 1762              		.loc 4 141 50 view .LVU482
 1763              		.loc 4 199 1 is_stmt 0 view .LVU483
 1764 01ec 7047     		bx	lr
 1765              		.cfi_endproc
 1766              	.LFE550:
 1767              		.size	unit_tempo_4ppqn_tick, .-unit_tempo_4ppqn_tick
ARM GAS  /tmp/ccSzEyJr.s 			page 32


 1768              		.align	1
 1769              		.global	unit_touch_event
 1770              		.syntax unified
 1771              		.thumb
 1772              		.thumb_func
 1773              		.fpu fpv4-sp-d16
 1774              		.type	unit_touch_event, %function
 1775              	unit_touch_event:
 1776              	.LVL135:
 1777              	.LFB551:
 1778              		.loc 4 200 90 is_stmt 1 view -0
 1779              		.cfi_startproc
 1780              		@ args = 0, pretend = 0, frame = 0
 1781              		@ frame_needed = 0, uses_anonymous_args = 0
 1782              		@ link register save eliminated.
 1783              		.loc 4 201 3 view .LVU485
 1784              		.loc 4 143 5 view .LVU486
 1785              		.loc 4 143 15 view .LVU487
 1786              		.loc 4 143 28 view .LVU488
 1787              		.loc 4 143 37 view .LVU489
 1788              		.loc 4 202 1 is_stmt 0 view .LVU490
 1789 01ee 7047     		bx	lr
 1790              		.cfi_endproc
 1791              	.LFE551:
 1792              		.size	unit_touch_event, .-unit_touch_event
 1793              		.section	.text.startup,"ax",%progbits
 1794              		.align	1
 1795              		.syntax unified
 1796              		.thumb
 1797              		.thumb_func
 1798              		.fpu fpv4-sp-d16
 1799              		.type	_GLOBAL__sub_I_unit.cc, %function
 1800              	_GLOBAL__sub_I_unit.cc:
 1801              	.LFB553:
 1802              		.loc 4 202 1 is_stmt 1 view -0
 1803              		.cfi_startproc
 1804              		@ args = 0, pretend = 0, frame = 0
 1805              		@ frame_needed = 0, uses_anonymous_args = 0
 1806              		@ link register save eliminated.
 1807              	.LVL136:
 1808              	.LBB271:
 1809              	.LBI271:
 1810              		.loc 4 202 1 view .LVU492
 1811              	.LBB272:
 1812              	.LBI272:
 1813              		.loc 4 202 1 view .LVU493
 1814              	.LBB273:
 1815              	.LBB274:
 1816              	.LBI274:
 1817              		.loc 4 31 3 view .LVU494
 1818              	.LBB275:
 1819              	.LBB276:
 1820              	.LBB277:
 1821              	.LBI277:
 1822              		.loc 2 52 3 view .LVU495
 1823              	.LBB278:
 1824              	.LBB279:
ARM GAS  /tmp/ccSzEyJr.s 			page 33


 1825              		.loc 2 52 80 is_stmt 0 view .LVU496
 1826 0000 0F4B     		ldr	r3, .L95+8
 1827 0002 0421     		movs	r1, #4
 1828 0004 0C4A     		ldr	r2, .L95
 1829              	.LBE279:
 1830              	.LBE278:
 1831              	.LBE277:
 1832              		.loc 4 31 80 view .LVU497
 1833 0006 40F2FF10 		movw	r0, #511
 1834              	.LBB290:
 1835              	.LBB288:
 1836              	.LBB286:
 1837              		.loc 2 52 80 view .LVU498
 1838              	.LPIC17:
 1839 000a 7B44     		add	r3, pc
 1840 000c 1A60     		str	r2, [r3]	@ float
 1841 000e 0B4A     		ldr	r2, .L95+4
 1842 0010 5A60     		str	r2, [r3, #4]	@ float
 1843 0012 0022     		movs	r2, #0
 1844 0014 C3E90212 		strd	r1, r2, [r3, #8]
 1845              	.LVL137:
 1846              	.LBB280:
 1847              	.LBI280:
 1848              		.loc 1 12 3 is_stmt 1 view .LVU499
 1849              	.LBB281:
 1850              	.LBB282:
 1851              		.loc 1 12 49 is_stmt 0 view .LVU500
 1852 0018 C3E92422 		strd	r2, r2, [r3, #144]
 1853              	.LBE282:
 1854              	.LBE281:
 1855              	.LBE280:
 1856              	.LBE286:
 1857              	.LBE288:
 1858              	.LBE290:
 1859              		.loc 4 31 80 view .LVU501
 1860 001c 0121     		movs	r1, #1
 1861 001e 83F8AC20 		strb	r2, [r3, #172]
 1862              	.LBB291:
 1863              	.LBB289:
 1864              	.LBB287:
 1865              	.LBB283:
 1866              	.LBB284:
 1867              	.LBB285:
 1868              		.loc 1 12 49 view .LVU502
 1869 0022 C3E92622 		strd	r2, r2, [r3, #152]
 1870 0026 C3E92822 		strd	r2, r2, [r3, #160]
 1871              	.LVL138:
 1872              		.loc 1 12 49 view .LVU503
 1873              	.LBE285:
 1874              	.LBE284:
 1875              	.LBE283:
 1876              	.LBE287:
 1877              	.LBE289:
 1878              	.LBE291:
 1879              		.loc 4 31 80 view .LVU504
 1880 002a 4FF4A972 		mov	r2, #338
 1881 002e C3F8A810 		str	r1, [r3, #168]
ARM GAS  /tmp/ccSzEyJr.s 			page 34


 1882 0032 C3E92C02 		strd	r0, r2, [r3, #176]
 1883              	.LVL139:
 1884              		.loc 4 31 80 view .LVU505
 1885              	.LBE276:
 1886              	.LBE275:
 1887              	.LBE274:
 1888              	.LBE273:
 1889              	.LBE272:
 1890              	.LBE271:
 1891              		.loc 4 202 1 view .LVU506
 1892 0036 7047     		bx	lr
 1893              	.L96:
 1894              		.align	2
 1895              	.L95:
 1896 0038 00803B47 		.word	1195081728
 1897 003c 0080BB46 		.word	1186693120
 1898 0040 32000000 		.word	.LANCHOR1-(.LPIC17+4)
 1899              		.cfi_endproc
 1900              	.LFE553:
 1901              		.size	_GLOBAL__sub_I_unit.cc, .-_GLOBAL__sub_I_unit.cc
 1902              		.section	.init_array,"aw",%init_array
 1903              		.align	2
 1904 0000 00000000 		.word	_GLOBAL__sub_I_unit.cc(target1)
 1905              		.weak	_ZZNK6Effect20getParameterStrValueEhlE5names
 1906              		.section	.rodata.str1.1,"aMS",%progbits,1
 1907              	.LC0:
 1908 0000 4F464600 		.ascii	"OFF\000"
 1909              	.LC1:
 1910 0004 4100     		.ascii	"A\000"
 1911              	.LC2:
 1912 0006 4200     		.ascii	"B\000"
 1913              	.LC3:
 1914 0008 4300     		.ascii	"C\000"
 1915              	.LC4:
 1916 000a 4400     		.ascii	"D\000"
 1917              		.section	.data.rel.local._ZZNK6Effect20getParameterStrValueEhlE5names,"awG",%progbits,_ZZNK6Effect
 1918              		.align	2
 1919              		.type	_ZZNK6Effect20getParameterStrValueEhlE5names, %object
 1920              		.size	_ZZNK6Effect20getParameterStrValueEhlE5names, 20
 1921              	_ZZNK6Effect20getParameterStrValueEhlE5names:
 1922 0000 00000000 		.word	.LC0
 1923 0004 04000000 		.word	.LC1
 1924 0008 06000000 		.word	.LC2
 1925 000c 08000000 		.word	.LC3
 1926 0010 0A000000 		.word	.LC4
 1927              		.section	.rodata
 1928              		.align	2
 1929              		.set	.LANCHOR0,. + 0
 1930              		.type	_ZL12kPatternTaps, %object
 1931              		.size	_ZL12kPatternTaps, 512
 1932              	_ZL12kPatternTaps:
 1933 0000 0000803F 		.word	1065353216
 1934 0004 3333333F 		.word	1060320051
 1935 0008 3333333F 		.word	1060320051
 1936 000c CDCC4C3F 		.word	1061997773
 1937 0010 00000040 		.word	1073741824
 1938 0014 3333333F 		.word	1060320051
ARM GAS  /tmp/ccSzEyJr.s 			page 35


 1939 0018 3333333F 		.word	1060320051
 1940 001c 9A99193F 		.word	1058642330
 1941 0020 00004040 		.word	1077936128
 1942 0024 3333333F 		.word	1060320051
 1943 0028 3333333F 		.word	1060320051
 1944 002c CDCCCC3E 		.word	1053609165
 1945 0030 00008040 		.word	1082130432
 1946 0034 3333333F 		.word	1060320051
 1947 0038 3333333F 		.word	1060320051
 1948 003c CDCC4C3E 		.word	1045220557
 1949 0040 00000000 		.space	64
 1949      00000000 
 1949      00000000 
 1949      00000000 
 1949      00000000 
 1950 0080 0000403F 		.word	1061158912
 1951 0084 CDCC4C3F 		.word	1061997773
 1952 0088 CDCCCC3E 		.word	1053609165
 1953 008c CDCC4C3F 		.word	1061997773
 1954 0090 0000C03F 		.word	1069547520
 1955 0094 CDCCCC3E 		.word	1053609165
 1956 0098 CDCC4C3F 		.word	1061997773
 1957 009c 3333333F 		.word	1060320051
 1958 00a0 00001040 		.word	1074790400
 1959 00a4 CDCC4C3F 		.word	1061997773
 1960 00a8 CDCCCC3E 		.word	1053609165
 1961 00ac 9A99193F 		.word	1058642330
 1962 00b0 00004040 		.word	1077936128
 1963 00b4 CDCCCC3E 		.word	1053609165
 1964 00b8 CDCC4C3F 		.word	1061997773
 1965 00bc 0000003F 		.word	1056964608
 1966 00c0 00000000 		.space	64
 1966      00000000 
 1966      00000000 
 1966      00000000 
 1966      00000000 
 1967 0100 83C02A3F 		.word	1059766403
 1968 0104 CDCC4C3F 		.word	1061997773
 1969 0108 0000003F 		.word	1056964608
 1970 010c CDCC4C3F 		.word	1061997773
 1971 0110 BE9FAA3F 		.word	1068146622
 1972 0114 0000003F 		.word	1056964608
 1973 0118 CDCC4C3F 		.word	1061997773
 1974 011c 3333333F 		.word	1060320051
 1975 0120 00000040 		.word	1073741824
 1976 0124 CDCC4C3F 		.word	1061997773
 1977 0128 0000003F 		.word	1056964608
 1978 012c 9A99193F 		.word	1058642330
 1979 0130 21B02A40 		.word	1076539425
 1980 0134 0000003F 		.word	1056964608
 1981 0138 CDCC4C3F 		.word	1061997773
 1982 013c 0000003F 		.word	1056964608
 1983 0140 DF4F5540 		.word	1079332831
 1984 0144 CDCC4C3F 		.word	1061997773
 1985 0148 0000003F 		.word	1056964608
 1986 014c CDCCCC3E 		.word	1053609165
 1987 0150 00008040 		.word	1082130432
ARM GAS  /tmp/ccSzEyJr.s 			page 36


 1988 0154 0000003F 		.word	1056964608
 1989 0158 CDCC4C3F 		.word	1061997773
 1990 015c 9A99993E 		.word	1050253722
 1991 0160 00000000 		.space	32
 1991      00000000 
 1991      00000000 
 1991      00000000 
 1991      00000000 
 1992 0180 0000003F 		.word	1056964608
 1993 0184 3333333F 		.word	1060320051
 1994 0188 3333333F 		.word	1060320051
 1995 018c CDCC4C3F 		.word	1061997773
 1996 0190 0000803F 		.word	1065353216
 1997 0194 3333333F 		.word	1060320051
 1998 0198 3333333F 		.word	1060320051
 1999 019c 3333333F 		.word	1060320051
 2000 01a0 0000C03F 		.word	1069547520
 2001 01a4 3333333F 		.word	1060320051
 2002 01a8 3333333F 		.word	1060320051
 2003 01ac 9A99193F 		.word	1058642330
 2004 01b0 00000040 		.word	1073741824
 2005 01b4 3333333F 		.word	1060320051
 2006 01b8 3333333F 		.word	1060320051
 2007 01bc 0000003F 		.word	1056964608
 2008 01c0 00002040 		.word	1075838976
 2009 01c4 3333333F 		.word	1060320051
 2010 01c8 3333333F 		.word	1060320051
 2011 01cc CDCCCC3E 		.word	1053609165
 2012 01d0 00004040 		.word	1077936128
 2013 01d4 3333333F 		.word	1060320051
 2014 01d8 3333333F 		.word	1060320051
 2015 01dc 9A99993E 		.word	1050253722
 2016 01e0 00006040 		.word	1080033280
 2017 01e4 3333333F 		.word	1060320051
 2018 01e8 3333333F 		.word	1060320051
 2019 01ec CDCC4C3E 		.word	1045220557
 2020 01f0 00008040 		.word	1082130432
 2021 01f4 3333333F 		.word	1060320051
 2022 01f8 3333333F 		.word	1060320051
 2023 01fc CDCCCC3D 		.word	1036831949
 2024              		.bss
 2025              		.align	2
 2026              		.set	.LANCHOR1,. + 0
 2027              		.type	_ZL17s_effect_instance, %object
 2028              		.size	_ZL17s_effect_instance, 184
 2029              	_ZL17s_effect_instance:
 2030 0000 00000000 		.space	184
 2030      00000000 
 2030      00000000 
 2030      00000000 
 2030      00000000 
 2031              		.text
 2032              	.Letext0:
 2033              		.file 6 "/usr/lib/gcc/arm-none-eabi/9.2.1/include/stdint.h"
 2034              		.file 7 "/usr/include/newlib/c++/9.2.1/cmath"
 2035              		.file 8 "/usr/include/newlib/c++/9.2.1/bits/std_abs.h"
 2036              		.file 9 "/usr/include/newlib/c++/9.2.1/cstdint"
ARM GAS  /tmp/ccSzEyJr.s 			page 37


 2037              		.file 10 "/usr/include/newlib/c++/9.2.1/cstddef"
 2038              		.file 11 "/usr/include/newlib/c++/9.2.1/cstdlib"
 2039              		.file 12 "/usr/include/newlib/c++/9.2.1/cstring"
 2040              		.file 13 "/usr/include/newlib/c++/9.2.1/arm-none-eabi/thumb/v7e-m+fp/hard/bits/c++config.h"
 2041              		.file 14 "/usr/lib/gcc/arm-none-eabi/9.2.1/include/stddef.h"
 2042              		.file 15 "/usr/include/newlib/sys/_types.h"
 2043              		.file 16 "/usr/include/newlib/sys/reent.h"
 2044              		.file 17 "/usr/include/newlib/sys/lock.h"
 2045              		.file 18 "/usr/include/newlib/math.h"
 2046              		.file 19 "/usr/include/newlib/stdlib.h"
 2047              		.file 20 "/usr/include/newlib/c++/9.2.1/math.h"
 2048              		.file 21 "/workspace/nts-3_kaoss/common/runtime.h"
 2049              		.file 22 "/workspace/nts-3_kaoss/common/osc_api.h"
 2050              		.file 23 "/workspace/nts-3_kaoss/common/fx_api.h"
 2051              		.file 24 "/workspace/nts-3_kaoss/common/unit_genericfx.h"
 2052              		.file 25 "/usr/include/newlib/string.h"
 2053              		.file 26 "<built-in>"
 2054              		.section	.debug_info,"",%progbits
 2055              	.Ldebug_info0:
 2056 0000 0C4C0000 		.4byte	0x4c0c
 2057 0004 0400     		.2byte	0x4
 2058 0006 00000000 		.4byte	.Ldebug_abbrev0
 2059 000a 04       		.byte	0x4
 2060 000b 56       		.uleb128 0x56
 2061 000c ED0A0000 		.4byte	.LASF618
 2062 0010 04       		.byte	0x4
 2063 0011 9D190000 		.4byte	.LASF619
 2064 0015 F3050000 		.4byte	.LASF620
 2065 0019 D0020000 		.4byte	.Ldebug_ranges0+0x2d0
 2066 001d 00000000 		.4byte	0
 2067 0021 00000000 		.4byte	.Ldebug_line0
 2068 0025 14       		.uleb128 0x14
 2069 0026 04       		.byte	0x4
 2070 0027 04       		.byte	0x4
 2071 0028 40120000 		.4byte	.LASF0
 2072 002c 57       		.uleb128 0x57
 2073 002d 04       		.byte	0x4
 2074 002e 05       		.byte	0x5
 2075 002f 696E7400 		.ascii	"int\000"
 2076 0033 14       		.uleb128 0x14
 2077 0034 04       		.byte	0x4
 2078 0035 07       		.byte	0x7
 2079 0036 97120000 		.4byte	.LASF1
 2080 003a 07       		.uleb128 0x7
 2081 003b 42000000 		.4byte	.LASF3
 2082 003f 06       		.byte	0x6
 2083 0040 22       		.byte	0x22
 2084 0041 17       		.byte	0x17
 2085 0042 46000000 		.4byte	0x46
 2086 0046 14       		.uleb128 0x14
 2087 0047 01       		.byte	0x1
 2088 0048 06       		.byte	0x6
 2089 0049 50060000 		.4byte	.LASF2
 2090 004d 07       		.uleb128 0x7
 2091 004e 021A0000 		.4byte	.LASF4
 2092 0052 06       		.byte	0x6
 2093 0053 25       		.byte	0x25
ARM GAS  /tmp/ccSzEyJr.s 			page 38


 2094 0054 18       		.byte	0x18
 2095 0055 59000000 		.4byte	0x59
 2096 0059 14       		.uleb128 0x14
 2097 005a 02       		.byte	0x2
 2098 005b 05       		.byte	0x5
 2099 005c C0190000 		.4byte	.LASF5
 2100 0060 07       		.uleb128 0x7
 2101 0061 3F010000 		.4byte	.LASF6
 2102 0065 06       		.byte	0x6
 2103 0066 28       		.byte	0x28
 2104 0067 18       		.byte	0x18
 2105 0068 71000000 		.4byte	0x71
 2106 006c 0C       		.uleb128 0xc
 2107 006d 60000000 		.4byte	0x60
 2108 0071 14       		.uleb128 0x14
 2109 0072 04       		.byte	0x4
 2110 0073 05       		.byte	0x5
 2111 0074 72040000 		.4byte	.LASF7
 2112 0078 07       		.uleb128 0x7
 2113 0079 A21D0000 		.4byte	.LASF8
 2114 007d 06       		.byte	0x6
 2115 007e 2B       		.byte	0x2b
 2116 007f 18       		.byte	0x18
 2117 0080 84000000 		.4byte	0x84
 2118 0084 14       		.uleb128 0x14
 2119 0085 08       		.byte	0x8
 2120 0086 05       		.byte	0x5
 2121 0087 41110000 		.4byte	.LASF9
 2122 008b 07       		.uleb128 0x7
 2123 008c 67060000 		.4byte	.LASF10
 2124 0090 06       		.byte	0x6
 2125 0091 2E       		.byte	0x2e
 2126 0092 18       		.byte	0x18
 2127 0093 9C000000 		.4byte	0x9c
 2128 0097 0C       		.uleb128 0xc
 2129 0098 8B000000 		.4byte	0x8b
 2130 009c 14       		.uleb128 0x14
 2131 009d 01       		.byte	0x1
 2132 009e 08       		.byte	0x8
 2133 009f 39070000 		.4byte	.LASF11
 2134 00a3 07       		.uleb128 0x7
 2135 00a4 DB160000 		.4byte	.LASF12
 2136 00a8 06       		.byte	0x6
 2137 00a9 31       		.byte	0x31
 2138 00aa 19       		.byte	0x19
 2139 00ab AF000000 		.4byte	0xaf
 2140 00af 14       		.uleb128 0x14
 2141 00b0 02       		.byte	0x2
 2142 00b1 07       		.byte	0x7
 2143 00b2 F01C0000 		.4byte	.LASF13
 2144 00b6 07       		.uleb128 0x7
 2145 00b7 351C0000 		.4byte	.LASF14
 2146 00bb 06       		.byte	0x6
 2147 00bc 34       		.byte	0x34
 2148 00bd 19       		.byte	0x19
 2149 00be C7000000 		.4byte	0xc7
 2150 00c2 0C       		.uleb128 0xc
ARM GAS  /tmp/ccSzEyJr.s 			page 39


 2151 00c3 B6000000 		.4byte	0xb6
 2152 00c7 14       		.uleb128 0x14
 2153 00c8 04       		.byte	0x4
 2154 00c9 07       		.byte	0x7
 2155 00ca D30E0000 		.4byte	.LASF15
 2156 00ce 07       		.uleb128 0x7
 2157 00cf D1190000 		.4byte	.LASF16
 2158 00d3 06       		.byte	0x6
 2159 00d4 37       		.byte	0x37
 2160 00d5 19       		.byte	0x19
 2161 00d6 DA000000 		.4byte	0xda
 2162 00da 14       		.uleb128 0x14
 2163 00db 08       		.byte	0x8
 2164 00dc 07       		.byte	0x7
 2165 00dd 69160000 		.4byte	.LASF17
 2166 00e1 07       		.uleb128 0x7
 2167 00e2 FE140000 		.4byte	.LASF18
 2168 00e6 06       		.byte	0x6
 2169 00e7 3C       		.byte	0x3c
 2170 00e8 1D       		.byte	0x1d
 2171 00e9 46000000 		.4byte	0x46
 2172 00ed 07       		.uleb128 0x7
 2173 00ee 510A0000 		.4byte	.LASF19
 2174 00f2 06       		.byte	0x6
 2175 00f3 3D       		.byte	0x3d
 2176 00f4 1E       		.byte	0x1e
 2177 00f5 59000000 		.4byte	0x59
 2178 00f9 07       		.uleb128 0x7
 2179 00fa 82110000 		.4byte	.LASF20
 2180 00fe 06       		.byte	0x6
 2181 00ff 3E       		.byte	0x3e
 2182 0100 1E       		.byte	0x1e
 2183 0101 71000000 		.4byte	0x71
 2184 0105 07       		.uleb128 0x7
 2185 0106 950F0000 		.4byte	.LASF21
 2186 010a 06       		.byte	0x6
 2187 010b 3F       		.byte	0x3f
 2188 010c 1E       		.byte	0x1e
 2189 010d 84000000 		.4byte	0x84
 2190 0111 07       		.uleb128 0x7
 2191 0112 B8140000 		.4byte	.LASF22
 2192 0116 06       		.byte	0x6
 2193 0117 40       		.byte	0x40
 2194 0118 1E       		.byte	0x1e
 2195 0119 9C000000 		.4byte	0x9c
 2196 011d 07       		.uleb128 0x7
 2197 011e 71020000 		.4byte	.LASF23
 2198 0122 06       		.byte	0x6
 2199 0123 41       		.byte	0x41
 2200 0124 1F       		.byte	0x1f
 2201 0125 AF000000 		.4byte	0xaf
 2202 0129 07       		.uleb128 0x7
 2203 012a 0D090000 		.4byte	.LASF24
 2204 012e 06       		.byte	0x6
 2205 012f 42       		.byte	0x42
 2206 0130 1F       		.byte	0x1f
 2207 0131 C7000000 		.4byte	0xc7
ARM GAS  /tmp/ccSzEyJr.s 			page 40


 2208 0135 07       		.uleb128 0x7
 2209 0136 1E060000 		.4byte	.LASF25
 2210 013a 06       		.byte	0x6
 2211 013b 43       		.byte	0x43
 2212 013c 1F       		.byte	0x1f
 2213 013d DA000000 		.4byte	0xda
 2214 0141 07       		.uleb128 0x7
 2215 0142 B1020000 		.4byte	.LASF26
 2216 0146 06       		.byte	0x6
 2217 0147 47       		.byte	0x47
 2218 0148 1C       		.byte	0x1c
 2219 0149 2C000000 		.4byte	0x2c
 2220 014d 0C       		.uleb128 0xc
 2221 014e 2C000000 		.4byte	0x2c
 2222 0152 07       		.uleb128 0x7
 2223 0153 71130000 		.4byte	.LASF27
 2224 0157 06       		.byte	0x6
 2225 0158 48       		.byte	0x48
 2226 0159 1D       		.byte	0x1d
 2227 015a 2C000000 		.4byte	0x2c
 2228 015e 07       		.uleb128 0x7
 2229 015f 19190000 		.4byte	.LASF28
 2230 0163 06       		.byte	0x6
 2231 0164 49       		.byte	0x49
 2232 0165 1D       		.byte	0x1d
 2233 0166 2C000000 		.4byte	0x2c
 2234 016a 07       		.uleb128 0x7
 2235 016b 51170000 		.4byte	.LASF29
 2236 016f 06       		.byte	0x6
 2237 0170 4A       		.byte	0x4a
 2238 0171 1D       		.byte	0x1d
 2239 0172 84000000 		.4byte	0x84
 2240 0176 07       		.uleb128 0x7
 2241 0177 70190000 		.4byte	.LASF30
 2242 017b 06       		.byte	0x6
 2243 017c 4B       		.byte	0x4b
 2244 017d 1D       		.byte	0x1d
 2245 017e 33000000 		.4byte	0x33
 2246 0182 07       		.uleb128 0x7
 2247 0183 4C1C0000 		.4byte	.LASF31
 2248 0187 06       		.byte	0x6
 2249 0188 4C       		.byte	0x4c
 2250 0189 1E       		.byte	0x1e
 2251 018a 33000000 		.4byte	0x33
 2252 018e 07       		.uleb128 0x7
 2253 018f 9D030000 		.4byte	.LASF32
 2254 0193 06       		.byte	0x6
 2255 0194 4D       		.byte	0x4d
 2256 0195 1E       		.byte	0x1e
 2257 0196 33000000 		.4byte	0x33
 2258 019a 07       		.uleb128 0x7
 2259 019b 31010000 		.4byte	.LASF33
 2260 019f 06       		.byte	0x6
 2261 01a0 4E       		.byte	0x4e
 2262 01a1 1E       		.byte	0x1e
 2263 01a2 DA000000 		.4byte	0xda
 2264 01a6 07       		.uleb128 0x7
ARM GAS  /tmp/ccSzEyJr.s 			page 41


 2265 01a7 CB120000 		.4byte	.LASF34
 2266 01ab 06       		.byte	0x6
 2267 01ac 53       		.byte	0x53
 2268 01ad 19       		.byte	0x19
 2269 01ae 2C000000 		.4byte	0x2c
 2270 01b2 07       		.uleb128 0x7
 2271 01b3 13100000 		.4byte	.LASF35
 2272 01b7 06       		.byte	0x6
 2273 01b8 56       		.byte	0x56
 2274 01b9 1A       		.byte	0x1a
 2275 01ba 33000000 		.4byte	0x33
 2276 01be 07       		.uleb128 0x7
 2277 01bf 24150000 		.4byte	.LASF36
 2278 01c3 06       		.byte	0x6
 2279 01c4 5B       		.byte	0x5b
 2280 01c5 19       		.byte	0x19
 2281 01c6 84000000 		.4byte	0x84
 2282 01ca 07       		.uleb128 0x7
 2283 01cb CE110000 		.4byte	.LASF37
 2284 01cf 06       		.byte	0x6
 2285 01d0 5C       		.byte	0x5c
 2286 01d1 1A       		.byte	0x1a
 2287 01d2 DA000000 		.4byte	0xda
 2288 01d6 58       		.uleb128 0x58
 2289 01d7 73746400 		.ascii	"std\000"
 2290 01db 1A       		.byte	0x1a
 2291 01dc 00       		.byte	0
 2292 01dd 2C150000 		.4byte	0x152c
 2293 01e1 45       		.uleb128 0x45
 2294 01e2 D6170000 		.4byte	.LASF251
 2295 01e6 0D       		.byte	0xd
 2296 01e7 1401     		.2byte	0x114
 2297 01e9 41       		.byte	0x41
 2298 01ea 46       		.uleb128 0x46
 2299 01eb 0D       		.byte	0xd
 2300 01ec 1401     		.2byte	0x114
 2301 01ee 41       		.byte	0x41
 2302 01ef E1010000 		.4byte	0x1e1
 2303 01f3 47       		.uleb128 0x47
 2304 01f4 07       		.byte	0x7
 2305 01f5 2904     		.2byte	0x429
 2306 01f7 0B       		.byte	0xb
 2307 01f8 AB1E0000 		.4byte	0x1eab
 2308 01fc 47       		.uleb128 0x47
 2309 01fd 07       		.byte	0x7
 2310 01fe 2A04     		.2byte	0x42a
 2311 0200 0B       		.byte	0xb
 2312 0201 9F1E0000 		.4byte	0x1e9f
 2313 0205 1E       		.uleb128 0x1e
 2314 0206 61627300 		.ascii	"abs\000"
 2315 020a 08       		.byte	0x8
 2316 020b 4F       		.byte	0x4f
 2317 020c 03       		.byte	0x3
 2318 020d 1B000000 		.4byte	.LASF38
 2319 0211 9F150000 		.4byte	0x159f
 2320 0215 1F020000 		.4byte	0x21f
 2321 0219 01       		.uleb128 0x1
ARM GAS  /tmp/ccSzEyJr.s 			page 42


 2322 021a 9F150000 		.4byte	0x159f
 2323 021e 00       		.byte	0
 2324 021f 1E       		.uleb128 0x1e
 2325 0220 61627300 		.ascii	"abs\000"
 2326 0224 08       		.byte	0x8
 2327 0225 4B       		.byte	0x4b
 2328 0226 03       		.byte	0x3
 2329 0227 25000000 		.4byte	.LASF39
 2330 022b 25000000 		.4byte	0x25
 2331 022f 39020000 		.4byte	0x239
 2332 0233 01       		.uleb128 0x1
 2333 0234 25000000 		.4byte	0x25
 2334 0238 00       		.byte	0
 2335 0239 1E       		.uleb128 0x1e
 2336 023a 61627300 		.ascii	"abs\000"
 2337 023e 08       		.byte	0x8
 2338 023f 47       		.byte	0x47
 2339 0240 03       		.byte	0x3
 2340 0241 11000000 		.4byte	.LASF40
 2341 0245 A6150000 		.4byte	0x15a6
 2342 0249 53020000 		.4byte	0x253
 2343 024d 01       		.uleb128 0x1
 2344 024e A6150000 		.4byte	0x15a6
 2345 0252 00       		.byte	0
 2346 0253 1E       		.uleb128 0x1e
 2347 0254 61627300 		.ascii	"abs\000"
 2348 0258 08       		.byte	0x8
 2349 0259 3D       		.byte	0x3d
 2350 025a 03       		.byte	0x3
 2351 025b 8B000000 		.4byte	.LASF41
 2352 025f 84000000 		.4byte	0x84
 2353 0263 6D020000 		.4byte	0x26d
 2354 0267 01       		.uleb128 0x1
 2355 0268 84000000 		.4byte	0x84
 2356 026c 00       		.byte	0
 2357 026d 1E       		.uleb128 0x1e
 2358 026e 61627300 		.ascii	"abs\000"
 2359 0272 08       		.byte	0x8
 2360 0273 38       		.byte	0x38
 2361 0274 03       		.byte	0x3
 2362 0275 49000000 		.4byte	.LASF42
 2363 0279 71000000 		.4byte	0x71
 2364 027d 87020000 		.4byte	0x287
 2365 0281 01       		.uleb128 0x1
 2366 0282 71000000 		.4byte	0x71
 2367 0286 00       		.byte	0
 2368 0287 18       		.uleb128 0x18
 2369 0288 29170000 		.4byte	.LASF43
 2370 028c 07       		.byte	0x7
 2371 028d 5B       		.byte	0x5b
 2372 028e 03       		.byte	0x3
 2373 028f 06140000 		.4byte	.LASF44
 2374 0293 9F150000 		.4byte	0x159f
 2375 0297 A1020000 		.4byte	0x2a1
 2376 029b 01       		.uleb128 0x1
 2377 029c 9F150000 		.4byte	0x159f
 2378 02a0 00       		.byte	0
ARM GAS  /tmp/ccSzEyJr.s 			page 43


 2379 02a1 18       		.uleb128 0x18
 2380 02a2 29170000 		.4byte	.LASF43
 2381 02a6 07       		.byte	0x7
 2382 02a7 57       		.byte	0x57
 2383 02a8 03       		.byte	0x3
 2384 02a9 11140000 		.4byte	.LASF45
 2385 02ad 25000000 		.4byte	0x25
 2386 02b1 BB020000 		.4byte	0x2bb
 2387 02b5 01       		.uleb128 0x1
 2388 02b6 25000000 		.4byte	0x25
 2389 02ba 00       		.byte	0
 2390 02bb 18       		.uleb128 0x18
 2391 02bc B6170000 		.4byte	.LASF46
 2392 02c0 07       		.byte	0x7
 2393 02c1 6E       		.byte	0x6e
 2394 02c2 03       		.byte	0x3
 2395 02c3 820A0000 		.4byte	.LASF47
 2396 02c7 9F150000 		.4byte	0x159f
 2397 02cb D5020000 		.4byte	0x2d5
 2398 02cf 01       		.uleb128 0x1
 2399 02d0 9F150000 		.4byte	0x159f
 2400 02d4 00       		.byte	0
 2401 02d5 18       		.uleb128 0x18
 2402 02d6 B6170000 		.4byte	.LASF46
 2403 02da 07       		.byte	0x7
 2404 02db 6A       		.byte	0x6a
 2405 02dc 03       		.byte	0x3
 2406 02dd 8D0A0000 		.4byte	.LASF48
 2407 02e1 25000000 		.4byte	0x25
 2408 02e5 EF020000 		.4byte	0x2ef
 2409 02e9 01       		.uleb128 0x1
 2410 02ea 25000000 		.4byte	0x25
 2411 02ee 00       		.byte	0
 2412 02ef 18       		.uleb128 0x18
 2413 02f0 00160000 		.4byte	.LASF49
 2414 02f4 07       		.byte	0x7
 2415 02f5 81       		.byte	0x81
 2416 02f6 03       		.byte	0x3
 2417 02f7 79060000 		.4byte	.LASF50
 2418 02fb 9F150000 		.4byte	0x159f
 2419 02ff 09030000 		.4byte	0x309
 2420 0303 01       		.uleb128 0x1
 2421 0304 9F150000 		.4byte	0x159f
 2422 0308 00       		.byte	0
 2423 0309 18       		.uleb128 0x18
 2424 030a 00160000 		.4byte	.LASF49
 2425 030e 07       		.byte	0x7
 2426 030f 7D       		.byte	0x7d
 2427 0310 03       		.byte	0x3
 2428 0311 84060000 		.4byte	.LASF51
 2429 0315 25000000 		.4byte	0x25
 2430 0319 23030000 		.4byte	0x323
 2431 031d 01       		.uleb128 0x1
 2432 031e 25000000 		.4byte	0x25
 2433 0322 00       		.byte	0
 2434 0323 18       		.uleb128 0x18
 2435 0324 BE0A0000 		.4byte	.LASF52
ARM GAS  /tmp/ccSzEyJr.s 			page 44


 2436 0328 07       		.byte	0x7
 2437 0329 94       		.byte	0x94
 2438 032a 03       		.byte	0x3
 2439 032b 49130000 		.4byte	.LASF53
 2440 032f 9F150000 		.4byte	0x159f
 2441 0333 42030000 		.4byte	0x342
 2442 0337 01       		.uleb128 0x1
 2443 0338 9F150000 		.4byte	0x159f
 2444 033c 01       		.uleb128 0x1
 2445 033d 9F150000 		.4byte	0x159f
 2446 0341 00       		.byte	0
 2447 0342 18       		.uleb128 0x18
 2448 0343 BE0A0000 		.4byte	.LASF52
 2449 0347 07       		.byte	0x7
 2450 0348 90       		.byte	0x90
 2451 0349 03       		.byte	0x3
 2452 034a 6E140000 		.4byte	.LASF54
 2453 034e 25000000 		.4byte	0x25
 2454 0352 61030000 		.4byte	0x361
 2455 0356 01       		.uleb128 0x1
 2456 0357 25000000 		.4byte	0x25
 2457 035b 01       		.uleb128 0x1
 2458 035c 25000000 		.4byte	0x25
 2459 0360 00       		.byte	0
 2460 0361 1E       		.uleb128 0x1e
 2461 0362 636F7300 		.ascii	"cos\000"
 2462 0366 07       		.byte	0x7
 2463 0367 BC       		.byte	0xbc
 2464 0368 03       		.byte	0x3
 2465 0369 EA140000 		.4byte	.LASF55
 2466 036d 9F150000 		.4byte	0x159f
 2467 0371 7B030000 		.4byte	0x37b
 2468 0375 01       		.uleb128 0x1
 2469 0376 9F150000 		.4byte	0x159f
 2470 037a 00       		.byte	0
 2471 037b 1E       		.uleb128 0x1e
 2472 037c 636F7300 		.ascii	"cos\000"
 2473 0380 07       		.byte	0x7
 2474 0381 B8       		.byte	0xb8
 2475 0382 03       		.byte	0x3
 2476 0383 F4140000 		.4byte	.LASF56
 2477 0387 25000000 		.4byte	0x25
 2478 038b 95030000 		.4byte	0x395
 2479 038f 01       		.uleb128 0x1
 2480 0390 25000000 		.4byte	0x25
 2481 0394 00       		.byte	0
 2482 0395 1A       		.uleb128 0x1a
 2483 0396 73696E00 		.ascii	"sin\000"
 2484 039a 07       		.byte	0x7
 2485 039b AD01     		.2byte	0x1ad
 2486 039d 03       		.byte	0x3
 2487 039e 960C0000 		.4byte	.LASF57
 2488 03a2 9F150000 		.4byte	0x159f
 2489 03a6 B0030000 		.4byte	0x3b0
 2490 03aa 01       		.uleb128 0x1
 2491 03ab 9F150000 		.4byte	0x159f
 2492 03af 00       		.byte	0
ARM GAS  /tmp/ccSzEyJr.s 			page 45


 2493 03b0 1A       		.uleb128 0x1a
 2494 03b1 73696E00 		.ascii	"sin\000"
 2495 03b5 07       		.byte	0x7
 2496 03b6 A901     		.2byte	0x1a9
 2497 03b8 03       		.byte	0x3
 2498 03b9 A00C0000 		.4byte	.LASF58
 2499 03bd 25000000 		.4byte	0x25
 2500 03c1 CB030000 		.4byte	0x3cb
 2501 03c5 01       		.uleb128 0x1
 2502 03c6 25000000 		.4byte	0x25
 2503 03ca 00       		.byte	0
 2504 03cb 1A       		.uleb128 0x1a
 2505 03cc 74616E00 		.ascii	"tan\000"
 2506 03d0 07       		.byte	0x7
 2507 03d1 E601     		.2byte	0x1e6
 2508 03d3 03       		.byte	0x3
 2509 03d4 80070000 		.4byte	.LASF59
 2510 03d8 9F150000 		.4byte	0x159f
 2511 03dc E6030000 		.4byte	0x3e6
 2512 03e0 01       		.uleb128 0x1
 2513 03e1 9F150000 		.4byte	0x159f
 2514 03e5 00       		.byte	0
 2515 03e6 1A       		.uleb128 0x1a
 2516 03e7 74616E00 		.ascii	"tan\000"
 2517 03eb 07       		.byte	0x7
 2518 03ec E201     		.2byte	0x1e2
 2519 03ee 03       		.byte	0x3
 2520 03ef 8A070000 		.4byte	.LASF60
 2521 03f3 25000000 		.4byte	0x25
 2522 03f7 01040000 		.4byte	0x401
 2523 03fb 01       		.uleb128 0x1
 2524 03fc 25000000 		.4byte	0x25
 2525 0400 00       		.byte	0
 2526 0401 18       		.uleb128 0x18
 2527 0402 B8080000 		.4byte	.LASF61
 2528 0406 07       		.byte	0x7
 2529 0407 CF       		.byte	0xcf
 2530 0408 03       		.byte	0x3
 2531 0409 4C190000 		.4byte	.LASF62
 2532 040d 9F150000 		.4byte	0x159f
 2533 0411 1B040000 		.4byte	0x41b
 2534 0415 01       		.uleb128 0x1
 2535 0416 9F150000 		.4byte	0x159f
 2536 041a 00       		.byte	0
 2537 041b 18       		.uleb128 0x18
 2538 041c B8080000 		.4byte	.LASF61
 2539 0420 07       		.byte	0x7
 2540 0421 CB       		.byte	0xcb
 2541 0422 03       		.byte	0x3
 2542 0423 57190000 		.4byte	.LASF63
 2543 0427 25000000 		.4byte	0x25
 2544 042b 35040000 		.4byte	0x435
 2545 042f 01       		.uleb128 0x1
 2546 0430 25000000 		.4byte	0x25
 2547 0434 00       		.byte	0
 2548 0435 03       		.uleb128 0x3
 2549 0436 B4090000 		.4byte	.LASF64
ARM GAS  /tmp/ccSzEyJr.s 			page 46


 2550 043a 07       		.byte	0x7
 2551 043b C001     		.2byte	0x1c0
 2552 043d 03       		.byte	0x3
 2553 043e 37090000 		.4byte	.LASF65
 2554 0442 9F150000 		.4byte	0x159f
 2555 0446 50040000 		.4byte	0x450
 2556 044a 01       		.uleb128 0x1
 2557 044b 9F150000 		.4byte	0x159f
 2558 044f 00       		.byte	0
 2559 0450 03       		.uleb128 0x3
 2560 0451 B4090000 		.4byte	.LASF64
 2561 0455 07       		.byte	0x7
 2562 0456 BC01     		.2byte	0x1bc
 2563 0458 03       		.byte	0x3
 2564 0459 42090000 		.4byte	.LASF66
 2565 045d 25000000 		.4byte	0x25
 2566 0461 6B040000 		.4byte	0x46b
 2567 0465 01       		.uleb128 0x1
 2568 0466 25000000 		.4byte	0x25
 2569 046a 00       		.byte	0
 2570 046b 03       		.uleb128 0x3
 2571 046c BB050000 		.4byte	.LASF67
 2572 0470 07       		.byte	0x7
 2573 0471 F901     		.2byte	0x1f9
 2574 0473 03       		.byte	0x3
 2575 0474 E8020000 		.4byte	.LASF68
 2576 0478 9F150000 		.4byte	0x159f
 2577 047c 86040000 		.4byte	0x486
 2578 0480 01       		.uleb128 0x1
 2579 0481 9F150000 		.4byte	0x159f
 2580 0485 00       		.byte	0
 2581 0486 03       		.uleb128 0x3
 2582 0487 BB050000 		.4byte	.LASF67
 2583 048b 07       		.byte	0x7
 2584 048c F501     		.2byte	0x1f5
 2585 048e 03       		.byte	0x3
 2586 048f F3020000 		.4byte	.LASF69
 2587 0493 25000000 		.4byte	0x25
 2588 0497 A1040000 		.4byte	0x4a1
 2589 049b 01       		.uleb128 0x1
 2590 049c 25000000 		.4byte	0x25
 2591 04a0 00       		.byte	0
 2592 04a1 1E       		.uleb128 0x1e
 2593 04a2 65787000 		.ascii	"exp\000"
 2594 04a6 07       		.byte	0x7
 2595 04a7 E2       		.byte	0xe2
 2596 04a8 03       		.byte	0x3
 2597 04a9 0C0D0000 		.4byte	.LASF70
 2598 04ad 9F150000 		.4byte	0x159f
 2599 04b1 BB040000 		.4byte	0x4bb
 2600 04b5 01       		.uleb128 0x1
 2601 04b6 9F150000 		.4byte	0x159f
 2602 04ba 00       		.byte	0
 2603 04bb 1E       		.uleb128 0x1e
 2604 04bc 65787000 		.ascii	"exp\000"
 2605 04c0 07       		.byte	0x7
 2606 04c1 DE       		.byte	0xde
ARM GAS  /tmp/ccSzEyJr.s 			page 47


 2607 04c2 03       		.byte	0x3
 2608 04c3 160D0000 		.4byte	.LASF71
 2609 04c7 25000000 		.4byte	0x25
 2610 04cb D5040000 		.4byte	0x4d5
 2611 04cf 01       		.uleb128 0x1
 2612 04d0 25000000 		.4byte	0x25
 2613 04d4 00       		.byte	0
 2614 04d5 03       		.uleb128 0x3
 2615 04d6 E4160000 		.4byte	.LASF72
 2616 04da 07       		.byte	0x7
 2617 04db 3001     		.2byte	0x130
 2618 04dd 03       		.byte	0x3
 2619 04de 7F0E0000 		.4byte	.LASF73
 2620 04e2 9F150000 		.4byte	0x159f
 2621 04e6 F5040000 		.4byte	0x4f5
 2622 04ea 01       		.uleb128 0x1
 2623 04eb 9F150000 		.4byte	0x159f
 2624 04ef 01       		.uleb128 0x1
 2625 04f0 C5210000 		.4byte	0x21c5
 2626 04f4 00       		.byte	0
 2627 04f5 03       		.uleb128 0x3
 2628 04f6 E4160000 		.4byte	.LASF72
 2629 04fa 07       		.byte	0x7
 2630 04fb 2C01     		.2byte	0x12c
 2631 04fd 03       		.byte	0x3
 2632 04fe E0130000 		.4byte	.LASF74
 2633 0502 25000000 		.4byte	0x25
 2634 0506 15050000 		.4byte	0x515
 2635 050a 01       		.uleb128 0x1
 2636 050b 25000000 		.4byte	0x25
 2637 050f 01       		.uleb128 0x1
 2638 0510 C5210000 		.4byte	0x21c5
 2639 0514 00       		.byte	0
 2640 0515 03       		.uleb128 0x3
 2641 0516 CE160000 		.4byte	.LASF75
 2642 051a 07       		.byte	0x7
 2643 051b 4301     		.2byte	0x143
 2644 051d 03       		.byte	0x3
 2645 051e AA1C0000 		.4byte	.LASF76
 2646 0522 9F150000 		.4byte	0x159f
 2647 0526 35050000 		.4byte	0x535
 2648 052a 01       		.uleb128 0x1
 2649 052b 9F150000 		.4byte	0x159f
 2650 052f 01       		.uleb128 0x1
 2651 0530 2C000000 		.4byte	0x2c
 2652 0534 00       		.byte	0
 2653 0535 03       		.uleb128 0x3
 2654 0536 CE160000 		.4byte	.LASF75
 2655 053a 07       		.byte	0x7
 2656 053b 3F01     		.2byte	0x13f
 2657 053d 03       		.byte	0x3
 2658 053e AA1D0000 		.4byte	.LASF77
 2659 0542 25000000 		.4byte	0x25
 2660 0546 55050000 		.4byte	0x555
 2661 054a 01       		.uleb128 0x1
 2662 054b 25000000 		.4byte	0x25
 2663 054f 01       		.uleb128 0x1
ARM GAS  /tmp/ccSzEyJr.s 			page 48


 2664 0550 2C000000 		.4byte	0x2c
 2665 0554 00       		.byte	0
 2666 0555 1A       		.uleb128 0x1a
 2667 0556 6C6F6700 		.ascii	"log\000"
 2668 055a 07       		.byte	0x7
 2669 055b 5601     		.2byte	0x156
 2670 055d 03       		.byte	0x3
 2671 055e DA180000 		.4byte	.LASF78
 2672 0562 9F150000 		.4byte	0x159f
 2673 0566 70050000 		.4byte	0x570
 2674 056a 01       		.uleb128 0x1
 2675 056b 9F150000 		.4byte	0x159f
 2676 056f 00       		.byte	0
 2677 0570 1A       		.uleb128 0x1a
 2678 0571 6C6F6700 		.ascii	"log\000"
 2679 0575 07       		.byte	0x7
 2680 0576 5201     		.2byte	0x152
 2681 0578 03       		.byte	0x3
 2682 0579 E4180000 		.4byte	.LASF79
 2683 057d 25000000 		.4byte	0x25
 2684 0581 8B050000 		.4byte	0x58b
 2685 0585 01       		.uleb128 0x1
 2686 0586 25000000 		.4byte	0x25
 2687 058a 00       		.byte	0
 2688 058b 03       		.uleb128 0x3
 2689 058c AE090000 		.4byte	.LASF80
 2690 0590 07       		.byte	0x7
 2691 0591 6901     		.2byte	0x169
 2692 0593 03       		.byte	0x3
 2693 0594 DA000000 		.4byte	.LASF81
 2694 0598 9F150000 		.4byte	0x159f
 2695 059c A6050000 		.4byte	0x5a6
 2696 05a0 01       		.uleb128 0x1
 2697 05a1 9F150000 		.4byte	0x159f
 2698 05a5 00       		.byte	0
 2699 05a6 03       		.uleb128 0x3
 2700 05a7 AE090000 		.4byte	.LASF80
 2701 05ab 07       		.byte	0x7
 2702 05ac 6501     		.2byte	0x165
 2703 05ae 03       		.byte	0x3
 2704 05af E6000000 		.4byte	.LASF82
 2705 05b3 25000000 		.4byte	0x25
 2706 05b7 C1050000 		.4byte	0x5c1
 2707 05bb 01       		.uleb128 0x1
 2708 05bc 25000000 		.4byte	0x25
 2709 05c0 00       		.byte	0
 2710 05c1 03       		.uleb128 0x3
 2711 05c2 F4190000 		.4byte	.LASF83
 2712 05c6 07       		.byte	0x7
 2713 05c7 7C01     		.2byte	0x17c
 2714 05c9 03       		.byte	0x3
 2715 05ca 66070000 		.4byte	.LASF84
 2716 05ce 9F150000 		.4byte	0x159f
 2717 05d2 E1050000 		.4byte	0x5e1
 2718 05d6 01       		.uleb128 0x1
 2719 05d7 9F150000 		.4byte	0x159f
 2720 05db 01       		.uleb128 0x1
ARM GAS  /tmp/ccSzEyJr.s 			page 49


 2721 05dc 8D220000 		.4byte	0x228d
 2722 05e0 00       		.byte	0
 2723 05e1 03       		.uleb128 0x3
 2724 05e2 F4190000 		.4byte	.LASF83
 2725 05e6 07       		.byte	0x7
 2726 05e7 7801     		.2byte	0x178
 2727 05e9 03       		.byte	0x3
 2728 05ea 880F0000 		.4byte	.LASF85
 2729 05ee 25000000 		.4byte	0x25
 2730 05f2 01060000 		.4byte	0x601
 2731 05f6 01       		.uleb128 0x1
 2732 05f7 25000000 		.4byte	0x25
 2733 05fb 01       		.uleb128 0x1
 2734 05fc 9B220000 		.4byte	0x229b
 2735 0600 00       		.byte	0
 2736 0601 1A       		.uleb128 0x1a
 2737 0602 706F7700 		.ascii	"pow\000"
 2738 0606 07       		.byte	0x7
 2739 0607 8801     		.2byte	0x188
 2740 0609 03       		.byte	0x3
 2741 060a 3A1B0000 		.4byte	.LASF86
 2742 060e 9F150000 		.4byte	0x159f
 2743 0612 21060000 		.4byte	0x621
 2744 0616 01       		.uleb128 0x1
 2745 0617 9F150000 		.4byte	0x159f
 2746 061b 01       		.uleb128 0x1
 2747 061c 9F150000 		.4byte	0x159f
 2748 0620 00       		.byte	0
 2749 0621 1A       		.uleb128 0x1a
 2750 0622 706F7700 		.ascii	"pow\000"
 2751 0626 07       		.byte	0x7
 2752 0627 8401     		.2byte	0x184
 2753 0629 03       		.byte	0x3
 2754 062a 5A1C0000 		.4byte	.LASF87
 2755 062e 25000000 		.4byte	0x25
 2756 0632 41060000 		.4byte	0x641
 2757 0636 01       		.uleb128 0x1
 2758 0637 25000000 		.4byte	0x25
 2759 063b 01       		.uleb128 0x1
 2760 063c 25000000 		.4byte	0x25
 2761 0640 00       		.byte	0
 2762 0641 03       		.uleb128 0x3
 2763 0642 89010000 		.4byte	.LASF88
 2764 0646 07       		.byte	0x7
 2765 0647 D301     		.2byte	0x1d3
 2766 0649 03       		.byte	0x3
 2767 064a B3110000 		.4byte	.LASF89
 2768 064e 9F150000 		.4byte	0x159f
 2769 0652 5C060000 		.4byte	0x65c
 2770 0656 01       		.uleb128 0x1
 2771 0657 9F150000 		.4byte	0x159f
 2772 065b 00       		.byte	0
 2773 065c 03       		.uleb128 0x3
 2774 065d 89010000 		.4byte	.LASF88
 2775 0661 07       		.byte	0x7
 2776 0662 CF01     		.2byte	0x1cf
 2777 0664 03       		.byte	0x3
ARM GAS  /tmp/ccSzEyJr.s 			page 50


 2778 0665 BE110000 		.4byte	.LASF90
 2779 0669 25000000 		.4byte	0x25
 2780 066d 77060000 		.4byte	0x677
 2781 0671 01       		.uleb128 0x1
 2782 0672 25000000 		.4byte	0x25
 2783 0676 00       		.byte	0
 2784 0677 18       		.uleb128 0x18
 2785 0678 CC1C0000 		.4byte	.LASF91
 2786 067c 07       		.byte	0x7
 2787 067d A9       		.byte	0xa9
 2788 067e 03       		.byte	0x3
 2789 067f F91A0000 		.4byte	.LASF92
 2790 0683 9F150000 		.4byte	0x159f
 2791 0687 91060000 		.4byte	0x691
 2792 068b 01       		.uleb128 0x1
 2793 068c 9F150000 		.4byte	0x159f
 2794 0690 00       		.byte	0
 2795 0691 18       		.uleb128 0x18
 2796 0692 CC1C0000 		.4byte	.LASF91
 2797 0696 07       		.byte	0x7
 2798 0697 A5       		.byte	0xa5
 2799 0698 03       		.byte	0x3
 2800 0699 041B0000 		.4byte	.LASF93
 2801 069d 25000000 		.4byte	0x25
 2802 06a1 AB060000 		.4byte	0x6ab
 2803 06a5 01       		.uleb128 0x1
 2804 06a6 25000000 		.4byte	0x25
 2805 06aa 00       		.byte	0
 2806 06ab 18       		.uleb128 0x18
 2807 06ac 8D0E0000 		.4byte	.LASF94
 2808 06b0 07       		.byte	0x7
 2809 06b1 F5       		.byte	0xf5
 2810 06b2 03       		.byte	0x3
 2811 06b3 2D060000 		.4byte	.LASF95
 2812 06b7 9F150000 		.4byte	0x159f
 2813 06bb C5060000 		.4byte	0x6c5
 2814 06bf 01       		.uleb128 0x1
 2815 06c0 9F150000 		.4byte	0x159f
 2816 06c4 00       		.byte	0
 2817 06c5 18       		.uleb128 0x18
 2818 06c6 8D0E0000 		.4byte	.LASF94
 2819 06ca 07       		.byte	0x7
 2820 06cb F1       		.byte	0xf1
 2821 06cc 03       		.byte	0x3
 2822 06cd 38060000 		.4byte	.LASF96
 2823 06d1 25000000 		.4byte	0x25
 2824 06d5 DF060000 		.4byte	0x6df
 2825 06d9 01       		.uleb128 0x1
 2826 06da 25000000 		.4byte	0x25
 2827 06de 00       		.byte	0
 2828 06df 03       		.uleb128 0x3
 2829 06e0 090E0000 		.4byte	.LASF97
 2830 06e4 07       		.byte	0x7
 2831 06e5 0801     		.2byte	0x108
 2832 06e7 03       		.byte	0x3
 2833 06e8 861A0000 		.4byte	.LASF98
 2834 06ec 9F150000 		.4byte	0x159f
ARM GAS  /tmp/ccSzEyJr.s 			page 51


 2835 06f0 FA060000 		.4byte	0x6fa
 2836 06f4 01       		.uleb128 0x1
 2837 06f5 9F150000 		.4byte	0x159f
 2838 06f9 00       		.byte	0
 2839 06fa 03       		.uleb128 0x3
 2840 06fb 090E0000 		.4byte	.LASF97
 2841 06ff 07       		.byte	0x7
 2842 0700 0401     		.2byte	0x104
 2843 0702 03       		.byte	0x3
 2844 0703 921A0000 		.4byte	.LASF99
 2845 0707 25000000 		.4byte	0x25
 2846 070b 15070000 		.4byte	0x715
 2847 070f 01       		.uleb128 0x1
 2848 0710 25000000 		.4byte	0x25
 2849 0714 00       		.byte	0
 2850 0715 03       		.uleb128 0x3
 2851 0716 33080000 		.4byte	.LASF100
 2852 071a 07       		.byte	0x7
 2853 071b 1B01     		.2byte	0x11b
 2854 071d 03       		.byte	0x3
 2855 071e 05000000 		.4byte	.LASF101
 2856 0722 9F150000 		.4byte	0x159f
 2857 0726 35070000 		.4byte	0x735
 2858 072a 01       		.uleb128 0x1
 2859 072b 9F150000 		.4byte	0x159f
 2860 072f 01       		.uleb128 0x1
 2861 0730 9F150000 		.4byte	0x159f
 2862 0734 00       		.byte	0
 2863 0735 03       		.uleb128 0x3
 2864 0736 33080000 		.4byte	.LASF100
 2865 073a 07       		.byte	0x7
 2866 073b 1701     		.2byte	0x117
 2867 073d 03       		.byte	0x3
 2868 073e 56110000 		.4byte	.LASF102
 2869 0742 25000000 		.4byte	0x25
 2870 0746 55070000 		.4byte	0x755
 2871 074a 01       		.uleb128 0x1
 2872 074b 25000000 		.4byte	0x25
 2873 074f 01       		.uleb128 0x1
 2874 0750 25000000 		.4byte	0x25
 2875 0754 00       		.byte	0
 2876 0755 03       		.uleb128 0x3
 2877 0756 0D070000 		.4byte	.LASF103
 2878 075a 07       		.byte	0x7
 2879 075b 2302     		.2byte	0x223
 2880 075d 03       		.byte	0x3
 2881 075e A9060000 		.4byte	.LASF104
 2882 0762 2C000000 		.4byte	0x2c
 2883 0766 70070000 		.4byte	0x770
 2884 076a 01       		.uleb128 0x1
 2885 076b 9F150000 		.4byte	0x159f
 2886 076f 00       		.byte	0
 2887 0770 03       		.uleb128 0x3
 2888 0771 0D070000 		.4byte	.LASF103
 2889 0775 07       		.byte	0x7
 2890 0776 1E02     		.2byte	0x21e
 2891 0778 03       		.byte	0x3
ARM GAS  /tmp/ccSzEyJr.s 			page 52


 2892 0779 97060000 		.4byte	.LASF105
 2893 077d 2C000000 		.4byte	0x2c
 2894 0781 8B070000 		.4byte	0x78b
 2895 0785 01       		.uleb128 0x1
 2896 0786 A6150000 		.4byte	0x15a6
 2897 078a 00       		.byte	0
 2898 078b 03       		.uleb128 0x3
 2899 078c 0D070000 		.4byte	.LASF103
 2900 0790 07       		.byte	0x7
 2901 0791 1902     		.2byte	0x219
 2902 0793 03       		.byte	0x3
 2903 0794 BB060000 		.4byte	.LASF106
 2904 0798 2C000000 		.4byte	0x2c
 2905 079c A6070000 		.4byte	0x7a6
 2906 07a0 01       		.uleb128 0x1
 2907 07a1 25000000 		.4byte	0x25
 2908 07a5 00       		.byte	0
 2909 07a6 03       		.uleb128 0x3
 2910 07a7 F9190000 		.4byte	.LASF107
 2911 07ab 07       		.byte	0x7
 2912 07ac 3A02     		.2byte	0x23a
 2913 07ae 03       		.byte	0x3
 2914 07af B0160000 		.4byte	.LASF108
 2915 07b3 08240000 		.4byte	0x2408
 2916 07b7 C1070000 		.4byte	0x7c1
 2917 07bb 01       		.uleb128 0x1
 2918 07bc 9F150000 		.4byte	0x159f
 2919 07c0 00       		.byte	0
 2920 07c1 03       		.uleb128 0x3
 2921 07c2 F9190000 		.4byte	.LASF107
 2922 07c6 07       		.byte	0x7
 2923 07c7 3602     		.2byte	0x236
 2924 07c9 03       		.byte	0x3
 2925 07ca A1160000 		.4byte	.LASF109
 2926 07ce 08240000 		.4byte	0x2408
 2927 07d2 DC070000 		.4byte	0x7dc
 2928 07d6 01       		.uleb128 0x1
 2929 07d7 A6150000 		.4byte	0x15a6
 2930 07db 00       		.byte	0
 2931 07dc 03       		.uleb128 0x3
 2932 07dd F9190000 		.4byte	.LASF107
 2933 07e1 07       		.byte	0x7
 2934 07e2 3202     		.2byte	0x232
 2935 07e4 03       		.byte	0x3
 2936 07e5 BF160000 		.4byte	.LASF110
 2937 07e9 08240000 		.4byte	0x2408
 2938 07ed F7070000 		.4byte	0x7f7
 2939 07f1 01       		.uleb128 0x1
 2940 07f2 25000000 		.4byte	0x25
 2941 07f6 00       		.byte	0
 2942 07f7 03       		.uleb128 0x3
 2943 07f8 DD060000 		.4byte	.LASF111
 2944 07fc 07       		.byte	0x7
 2945 07fd 5502     		.2byte	0x255
 2946 07ff 03       		.byte	0x3
 2947 0800 2B0A0000 		.4byte	.LASF112
 2948 0804 08240000 		.4byte	0x2408
ARM GAS  /tmp/ccSzEyJr.s 			page 53


 2949 0808 12080000 		.4byte	0x812
 2950 080c 01       		.uleb128 0x1
 2951 080d 9F150000 		.4byte	0x159f
 2952 0811 00       		.byte	0
 2953 0812 03       		.uleb128 0x3
 2954 0813 DD060000 		.4byte	.LASF111
 2955 0817 07       		.byte	0x7
 2956 0818 5002     		.2byte	0x250
 2957 081a 03       		.byte	0x3
 2958 081b 1F0A0000 		.4byte	.LASF113
 2959 081f 08240000 		.4byte	0x2408
 2960 0823 2D080000 		.4byte	0x82d
 2961 0827 01       		.uleb128 0x1
 2962 0828 A6150000 		.4byte	0x15a6
 2963 082c 00       		.byte	0
 2964 082d 03       		.uleb128 0x3
 2965 082e DD060000 		.4byte	.LASF111
 2966 0832 07       		.byte	0x7
 2967 0833 4802     		.2byte	0x248
 2968 0835 03       		.byte	0x3
 2969 0836 370A0000 		.4byte	.LASF114
 2970 083a 08240000 		.4byte	0x2408
 2971 083e 48080000 		.4byte	0x848
 2972 0842 01       		.uleb128 0x1
 2973 0843 25000000 		.4byte	0x25
 2974 0847 00       		.byte	0
 2975 0848 03       		.uleb128 0x3
 2976 0849 13190000 		.4byte	.LASF115
 2977 084d 07       		.byte	0x7
 2978 084e 7002     		.2byte	0x270
 2979 0850 03       		.byte	0x3
 2980 0851 F7100000 		.4byte	.LASF116
 2981 0855 08240000 		.4byte	0x2408
 2982 0859 63080000 		.4byte	0x863
 2983 085d 01       		.uleb128 0x1
 2984 085e 9F150000 		.4byte	0x159f
 2985 0862 00       		.byte	0
 2986 0863 03       		.uleb128 0x3
 2987 0864 13190000 		.4byte	.LASF115
 2988 0868 07       		.byte	0x7
 2989 0869 6B02     		.2byte	0x26b
 2990 086b 03       		.byte	0x3
 2991 086c EB100000 		.4byte	.LASF117
 2992 0870 08240000 		.4byte	0x2408
 2993 0874 7E080000 		.4byte	0x87e
 2994 0878 01       		.uleb128 0x1
 2995 0879 A6150000 		.4byte	0x15a6
 2996 087d 00       		.byte	0
 2997 087e 03       		.uleb128 0x3
 2998 087f 13190000 		.4byte	.LASF115
 2999 0883 07       		.byte	0x7
 3000 0884 6302     		.2byte	0x263
 3001 0886 03       		.byte	0x3
 3002 0887 03110000 		.4byte	.LASF118
 3003 088b 08240000 		.4byte	0x2408
 3004 088f 99080000 		.4byte	0x899
 3005 0893 01       		.uleb128 0x1
ARM GAS  /tmp/ccSzEyJr.s 			page 54


 3006 0894 25000000 		.4byte	0x25
 3007 0898 00       		.byte	0
 3008 0899 03       		.uleb128 0x3
 3009 089a A11E0000 		.4byte	.LASF119
 3010 089e 07       		.byte	0x7
 3011 089f 8602     		.2byte	0x286
 3012 08a1 03       		.byte	0x3
 3013 08a2 E6070000 		.4byte	.LASF120
 3014 08a6 08240000 		.4byte	0x2408
 3015 08aa B4080000 		.4byte	0x8b4
 3016 08ae 01       		.uleb128 0x1
 3017 08af 9F150000 		.4byte	0x159f
 3018 08b3 00       		.byte	0
 3019 08b4 03       		.uleb128 0x3
 3020 08b5 A11E0000 		.4byte	.LASF119
 3021 08b9 07       		.byte	0x7
 3022 08ba 8202     		.2byte	0x282
 3023 08bc 03       		.byte	0x3
 3024 08bd D7070000 		.4byte	.LASF121
 3025 08c1 08240000 		.4byte	0x2408
 3026 08c5 CF080000 		.4byte	0x8cf
 3027 08c9 01       		.uleb128 0x1
 3028 08ca A6150000 		.4byte	0x15a6
 3029 08ce 00       		.byte	0
 3030 08cf 03       		.uleb128 0x3
 3031 08d0 A11E0000 		.4byte	.LASF119
 3032 08d4 07       		.byte	0x7
 3033 08d5 7E02     		.2byte	0x27e
 3034 08d7 03       		.byte	0x3
 3035 08d8 F5070000 		.4byte	.LASF122
 3036 08dc 08240000 		.4byte	0x2408
 3037 08e0 EA080000 		.4byte	0x8ea
 3038 08e4 01       		.uleb128 0x1
 3039 08e5 25000000 		.4byte	0x25
 3040 08e9 00       		.byte	0
 3041 08ea 03       		.uleb128 0x3
 3042 08eb 72050000 		.4byte	.LASF123
 3043 08ef 07       		.byte	0x7
 3044 08f0 9D02     		.2byte	0x29d
 3045 08f2 03       		.byte	0x3
 3046 08f3 6F000000 		.4byte	.LASF124
 3047 08f7 08240000 		.4byte	0x2408
 3048 08fb 05090000 		.4byte	0x905
 3049 08ff 01       		.uleb128 0x1
 3050 0900 9F150000 		.4byte	0x159f
 3051 0904 00       		.byte	0
 3052 0905 03       		.uleb128 0x3
 3053 0906 72050000 		.4byte	.LASF123
 3054 090a 07       		.byte	0x7
 3055 090b 9902     		.2byte	0x299
 3056 090d 03       		.byte	0x3
 3057 090e 61000000 		.4byte	.LASF125
 3058 0912 08240000 		.4byte	0x2408
 3059 0916 20090000 		.4byte	0x920
 3060 091a 01       		.uleb128 0x1
 3061 091b A6150000 		.4byte	0x15a6
 3062 091f 00       		.byte	0
ARM GAS  /tmp/ccSzEyJr.s 			page 55


 3063 0920 03       		.uleb128 0x3
 3064 0921 72050000 		.4byte	.LASF123
 3065 0925 07       		.byte	0x7
 3066 0926 9502     		.2byte	0x295
 3067 0928 03       		.byte	0x3
 3068 0929 7D000000 		.4byte	.LASF126
 3069 092d 08240000 		.4byte	0x2408
 3070 0931 3B090000 		.4byte	0x93b
 3071 0935 01       		.uleb128 0x1
 3072 0936 25000000 		.4byte	0x25
 3073 093a 00       		.byte	0
 3074 093b 03       		.uleb128 0x3
 3075 093c 6D090000 		.4byte	.LASF127
 3076 0940 07       		.byte	0x7
 3077 0941 B302     		.2byte	0x2b3
 3078 0943 03       		.byte	0x3
 3079 0944 FE0E0000 		.4byte	.LASF128
 3080 0948 08240000 		.4byte	0x2408
 3081 094c 5B090000 		.4byte	0x95b
 3082 0950 01       		.uleb128 0x1
 3083 0951 9F150000 		.4byte	0x159f
 3084 0955 01       		.uleb128 0x1
 3085 0956 9F150000 		.4byte	0x159f
 3086 095a 00       		.byte	0
 3087 095b 03       		.uleb128 0x3
 3088 095c 6D090000 		.4byte	.LASF127
 3089 0960 07       		.byte	0x7
 3090 0961 AF02     		.2byte	0x2af
 3091 0963 03       		.byte	0x3
 3092 0964 F80D0000 		.4byte	.LASF129
 3093 0968 08240000 		.4byte	0x2408
 3094 096c 7B090000 		.4byte	0x97b
 3095 0970 01       		.uleb128 0x1
 3096 0971 A6150000 		.4byte	0x15a6
 3097 0975 01       		.uleb128 0x1
 3098 0976 A6150000 		.4byte	0x15a6
 3099 097a 00       		.byte	0
 3100 097b 03       		.uleb128 0x3
 3101 097c 6D090000 		.4byte	.LASF127
 3102 0980 07       		.byte	0x7
 3103 0981 AB02     		.2byte	0x2ab
 3104 0983 03       		.byte	0x3
 3105 0984 1D100000 		.4byte	.LASF130
 3106 0988 08240000 		.4byte	0x2408
 3107 098c 9B090000 		.4byte	0x99b
 3108 0990 01       		.uleb128 0x1
 3109 0991 25000000 		.4byte	0x25
 3110 0995 01       		.uleb128 0x1
 3111 0996 25000000 		.4byte	0x25
 3112 099a 00       		.byte	0
 3113 099b 03       		.uleb128 0x3
 3114 099c 9C140000 		.4byte	.LASF131
 3115 09a0 07       		.byte	0x7
 3116 09a1 CD02     		.2byte	0x2cd
 3117 09a3 03       		.byte	0x3
 3118 09a4 6F1A0000 		.4byte	.LASF132
 3119 09a8 08240000 		.4byte	0x2408
ARM GAS  /tmp/ccSzEyJr.s 			page 56


 3120 09ac BB090000 		.4byte	0x9bb
 3121 09b0 01       		.uleb128 0x1
 3122 09b1 9F150000 		.4byte	0x159f
 3123 09b5 01       		.uleb128 0x1
 3124 09b6 9F150000 		.4byte	0x159f
 3125 09ba 00       		.byte	0
 3126 09bb 03       		.uleb128 0x3
 3127 09bc 9C140000 		.4byte	.LASF131
 3128 09c0 07       		.byte	0x7
 3129 09c1 C902     		.2byte	0x2c9
 3130 09c3 03       		.byte	0x3
 3131 09c4 DD120000 		.4byte	.LASF133
 3132 09c8 08240000 		.4byte	0x2408
 3133 09cc DB090000 		.4byte	0x9db
 3134 09d0 01       		.uleb128 0x1
 3135 09d1 A6150000 		.4byte	0x15a6
 3136 09d5 01       		.uleb128 0x1
 3137 09d6 A6150000 		.4byte	0x15a6
 3138 09da 00       		.byte	0
 3139 09db 03       		.uleb128 0x3
 3140 09dc 9C140000 		.4byte	.LASF131
 3141 09e0 07       		.byte	0x7
 3142 09e1 C502     		.2byte	0x2c5
 3143 09e3 03       		.byte	0x3
 3144 09e4 931B0000 		.4byte	.LASF134
 3145 09e8 08240000 		.4byte	0x2408
 3146 09ec FB090000 		.4byte	0x9fb
 3147 09f0 01       		.uleb128 0x1
 3148 09f1 25000000 		.4byte	0x25
 3149 09f5 01       		.uleb128 0x1
 3150 09f6 25000000 		.4byte	0x25
 3151 09fa 00       		.byte	0
 3152 09fb 03       		.uleb128 0x3
 3153 09fc 7E1C0000 		.4byte	.LASF135
 3154 0a00 07       		.byte	0x7
 3155 0a01 E702     		.2byte	0x2e7
 3156 0a03 03       		.byte	0x3
 3157 0a04 111A0000 		.4byte	.LASF136
 3158 0a08 08240000 		.4byte	0x2408
 3159 0a0c 1B0A0000 		.4byte	0xa1b
 3160 0a10 01       		.uleb128 0x1
 3161 0a11 9F150000 		.4byte	0x159f
 3162 0a15 01       		.uleb128 0x1
 3163 0a16 9F150000 		.4byte	0x159f
 3164 0a1a 00       		.byte	0
 3165 0a1b 03       		.uleb128 0x3
 3166 0a1c 7E1C0000 		.4byte	.LASF135
 3167 0a20 07       		.byte	0x7
 3168 0a21 E302     		.2byte	0x2e3
 3169 0a23 03       		.byte	0x3
 3170 0a24 26190000 		.4byte	.LASF137
 3171 0a28 08240000 		.4byte	0x2408
 3172 0a2c 3B0A0000 		.4byte	0xa3b
 3173 0a30 01       		.uleb128 0x1
 3174 0a31 A6150000 		.4byte	0x15a6
 3175 0a35 01       		.uleb128 0x1
 3176 0a36 A6150000 		.4byte	0x15a6
ARM GAS  /tmp/ccSzEyJr.s 			page 57


 3177 0a3a 00       		.byte	0
 3178 0a3b 03       		.uleb128 0x3
 3179 0a3c 7E1C0000 		.4byte	.LASF135
 3180 0a40 07       		.byte	0x7
 3181 0a41 DF02     		.2byte	0x2df
 3182 0a43 03       		.byte	0x3
 3183 0a44 EB1A0000 		.4byte	.LASF138
 3184 0a48 08240000 		.4byte	0x2408
 3185 0a4c 5B0A0000 		.4byte	0xa5b
 3186 0a50 01       		.uleb128 0x1
 3187 0a51 25000000 		.4byte	0x25
 3188 0a55 01       		.uleb128 0x1
 3189 0a56 25000000 		.4byte	0x25
 3190 0a5a 00       		.byte	0
 3191 0a5b 03       		.uleb128 0x3
 3192 0a5c 94070000 		.4byte	.LASF139
 3193 0a60 07       		.byte	0x7
 3194 0a61 0103     		.2byte	0x301
 3195 0a63 03       		.byte	0x3
 3196 0a64 50160000 		.4byte	.LASF140
 3197 0a68 08240000 		.4byte	0x2408
 3198 0a6c 7B0A0000 		.4byte	0xa7b
 3199 0a70 01       		.uleb128 0x1
 3200 0a71 9F150000 		.4byte	0x159f
 3201 0a75 01       		.uleb128 0x1
 3202 0a76 9F150000 		.4byte	0x159f
 3203 0a7a 00       		.byte	0
 3204 0a7b 03       		.uleb128 0x3
 3205 0a7c 94070000 		.4byte	.LASF139
 3206 0a80 07       		.byte	0x7
 3207 0a81 FD02     		.2byte	0x2fd
 3208 0a83 03       		.byte	0x3
 3209 0a84 7C150000 		.4byte	.LASF141
 3210 0a88 08240000 		.4byte	0x2408
 3211 0a8c 9B0A0000 		.4byte	0xa9b
 3212 0a90 01       		.uleb128 0x1
 3213 0a91 A6150000 		.4byte	0x15a6
 3214 0a95 01       		.uleb128 0x1
 3215 0a96 A6150000 		.4byte	0x15a6
 3216 0a9a 00       		.byte	0
 3217 0a9b 03       		.uleb128 0x3
 3218 0a9c 94070000 		.4byte	.LASF139
 3219 0aa0 07       		.byte	0x7
 3220 0aa1 F902     		.2byte	0x2f9
 3221 0aa3 03       		.byte	0x3
 3222 0aa4 67170000 		.4byte	.LASF142
 3223 0aa8 08240000 		.4byte	0x2408
 3224 0aac BB0A0000 		.4byte	0xabb
 3225 0ab0 01       		.uleb128 0x1
 3226 0ab1 25000000 		.4byte	0x25
 3227 0ab5 01       		.uleb128 0x1
 3228 0ab6 25000000 		.4byte	0x25
 3229 0aba 00       		.byte	0
 3230 0abb 03       		.uleb128 0x3
 3231 0abc 430A0000 		.4byte	.LASF143
 3232 0ac0 07       		.byte	0x7
 3233 0ac1 1B03     		.2byte	0x31b
ARM GAS  /tmp/ccSzEyJr.s 			page 58


 3234 0ac3 03       		.byte	0x3
 3235 0ac4 3A0D0000 		.4byte	.LASF144
 3236 0ac8 08240000 		.4byte	0x2408
 3237 0acc DB0A0000 		.4byte	0xadb
 3238 0ad0 01       		.uleb128 0x1
 3239 0ad1 9F150000 		.4byte	0x159f
 3240 0ad5 01       		.uleb128 0x1
 3241 0ad6 9F150000 		.4byte	0x159f
 3242 0ada 00       		.byte	0
 3243 0adb 03       		.uleb128 0x3
 3244 0adc 430A0000 		.4byte	.LASF143
 3245 0ae0 07       		.byte	0x7
 3246 0ae1 1703     		.2byte	0x317
 3247 0ae3 03       		.byte	0x3
 3248 0ae4 4C0C0000 		.4byte	.LASF145
 3249 0ae8 08240000 		.4byte	0x2408
 3250 0aec FB0A0000 		.4byte	0xafb
 3251 0af0 01       		.uleb128 0x1
 3252 0af1 A6150000 		.4byte	0x15a6
 3253 0af5 01       		.uleb128 0x1
 3254 0af6 A6150000 		.4byte	0x15a6
 3255 0afa 00       		.byte	0
 3256 0afb 03       		.uleb128 0x3
 3257 0afc 430A0000 		.4byte	.LASF143
 3258 0b00 07       		.byte	0x7
 3259 0b01 1303     		.2byte	0x313
 3260 0b03 03       		.byte	0x3
 3261 0b04 690E0000 		.4byte	.LASF146
 3262 0b08 08240000 		.4byte	0x2408
 3263 0b0c 1B0B0000 		.4byte	0xb1b
 3264 0b10 01       		.uleb128 0x1
 3265 0b11 25000000 		.4byte	0x25
 3266 0b15 01       		.uleb128 0x1
 3267 0b16 25000000 		.4byte	0x25
 3268 0b1a 00       		.byte	0
 3269 0b1b 03       		.uleb128 0x3
 3270 0b1c E9010000 		.4byte	.LASF147
 3271 0b20 07       		.byte	0x7
 3272 0b21 3503     		.2byte	0x335
 3273 0b23 03       		.byte	0x3
 3274 0b24 5E040000 		.4byte	.LASF148
 3275 0b28 08240000 		.4byte	0x2408
 3276 0b2c 3B0B0000 		.4byte	0xb3b
 3277 0b30 01       		.uleb128 0x1
 3278 0b31 9F150000 		.4byte	0x159f
 3279 0b35 01       		.uleb128 0x1
 3280 0b36 9F150000 		.4byte	0x159f
 3281 0b3a 00       		.byte	0
 3282 0b3b 03       		.uleb128 0x3
 3283 0b3c E9010000 		.4byte	.LASF147
 3284 0b40 07       		.byte	0x7
 3285 0b41 3103     		.2byte	0x331
 3286 0b43 03       		.byte	0x3
 3287 0b44 7B030000 		.4byte	.LASF149
 3288 0b48 08240000 		.4byte	0x2408
 3289 0b4c 5B0B0000 		.4byte	0xb5b
 3290 0b50 01       		.uleb128 0x1
ARM GAS  /tmp/ccSzEyJr.s 			page 59


 3291 0b51 A6150000 		.4byte	0x15a6
 3292 0b55 01       		.uleb128 0x1
 3293 0b56 A6150000 		.4byte	0x15a6
 3294 0b5a 00       		.byte	0
 3295 0b5b 03       		.uleb128 0x3
 3296 0b5c E9010000 		.4byte	.LASF147
 3297 0b60 07       		.byte	0x7
 3298 0b61 2D03     		.2byte	0x32d
 3299 0b63 03       		.byte	0x3
 3300 0b64 9B050000 		.4byte	.LASF150
 3301 0b68 08240000 		.4byte	0x2408
 3302 0b6c 7B0B0000 		.4byte	0xb7b
 3303 0b70 01       		.uleb128 0x1
 3304 0b71 25000000 		.4byte	0x25
 3305 0b75 01       		.uleb128 0x1
 3306 0b76 25000000 		.4byte	0x25
 3307 0b7a 00       		.byte	0
 3308 0b7b 03       		.uleb128 0x3
 3309 0b7c 11180000 		.4byte	.LASF151
 3310 0b80 07       		.byte	0x7
 3311 0b81 C204     		.2byte	0x4c2
 3312 0b83 03       		.byte	0x3
 3313 0b84 AA1E0000 		.4byte	.LASF152
 3314 0b88 9F150000 		.4byte	0x159f
 3315 0b8c 960B0000 		.4byte	0xb96
 3316 0b90 01       		.uleb128 0x1
 3317 0b91 9F150000 		.4byte	0x159f
 3318 0b95 00       		.byte	0
 3319 0b96 03       		.uleb128 0x3
 3320 0b97 11180000 		.4byte	.LASF151
 3321 0b9b 07       		.byte	0x7
 3322 0b9c BE04     		.2byte	0x4be
 3323 0b9e 03       		.byte	0x3
 3324 0b9f B61E0000 		.4byte	.LASF153
 3325 0ba3 25000000 		.4byte	0x25
 3326 0ba7 B10B0000 		.4byte	0xbb1
 3327 0bab 01       		.uleb128 0x1
 3328 0bac 25000000 		.4byte	0x25
 3329 0bb0 00       		.byte	0
 3330 0bb1 03       		.uleb128 0x3
 3331 0bb2 2E100000 		.4byte	.LASF154
 3332 0bb6 07       		.byte	0x7
 3333 0bb7 D404     		.2byte	0x4d4
 3334 0bb9 03       		.byte	0x3
 3335 0bba 34190000 		.4byte	.LASF155
 3336 0bbe 9F150000 		.4byte	0x159f
 3337 0bc2 CC0B0000 		.4byte	0xbcc
 3338 0bc6 01       		.uleb128 0x1
 3339 0bc7 9F150000 		.4byte	0x159f
 3340 0bcb 00       		.byte	0
 3341 0bcc 03       		.uleb128 0x3
 3342 0bcd 2E100000 		.4byte	.LASF154
 3343 0bd1 07       		.byte	0x7
 3344 0bd2 D004     		.2byte	0x4d0
 3345 0bd4 03       		.byte	0x3
 3346 0bd5 40190000 		.4byte	.LASF156
 3347 0bd9 25000000 		.4byte	0x25
ARM GAS  /tmp/ccSzEyJr.s 			page 60


 3348 0bdd E70B0000 		.4byte	0xbe7
 3349 0be1 01       		.uleb128 0x1
 3350 0be2 25000000 		.4byte	0x25
 3351 0be6 00       		.byte	0
 3352 0be7 03       		.uleb128 0x3
 3353 0be8 BE0C0000 		.4byte	.LASF157
 3354 0bec 07       		.byte	0x7
 3355 0bed E604     		.2byte	0x4e6
 3356 0bef 03       		.byte	0x3
 3357 0bf0 EE130000 		.4byte	.LASF158
 3358 0bf4 9F150000 		.4byte	0x159f
 3359 0bf8 020C0000 		.4byte	0xc02
 3360 0bfc 01       		.uleb128 0x1
 3361 0bfd 9F150000 		.4byte	0x159f
 3362 0c01 00       		.byte	0
 3363 0c02 03       		.uleb128 0x3
 3364 0c03 BE0C0000 		.4byte	.LASF157
 3365 0c07 07       		.byte	0x7
 3366 0c08 E204     		.2byte	0x4e2
 3367 0c0a 03       		.byte	0x3
 3368 0c0b FA130000 		.4byte	.LASF159
 3369 0c0f 25000000 		.4byte	0x25
 3370 0c13 1D0C0000 		.4byte	0xc1d
 3371 0c17 01       		.uleb128 0x1
 3372 0c18 25000000 		.4byte	0x25
 3373 0c1c 00       		.byte	0
 3374 0c1d 03       		.uleb128 0x3
 3375 0c1e 69140000 		.4byte	.LASF160
 3376 0c22 07       		.byte	0x7
 3377 0c23 F804     		.2byte	0x4f8
 3378 0c25 03       		.byte	0x3
 3379 0c26 5D0F0000 		.4byte	.LASF161
 3380 0c2a 9F150000 		.4byte	0x159f
 3381 0c2e 380C0000 		.4byte	0xc38
 3382 0c32 01       		.uleb128 0x1
 3383 0c33 9F150000 		.4byte	0x159f
 3384 0c37 00       		.byte	0
 3385 0c38 03       		.uleb128 0x3
 3386 0c39 69140000 		.4byte	.LASF160
 3387 0c3d 07       		.byte	0x7
 3388 0c3e F404     		.2byte	0x4f4
 3389 0c40 03       		.byte	0x3
 3390 0c41 680F0000 		.4byte	.LASF162
 3391 0c45 25000000 		.4byte	0x25
 3392 0c49 530C0000 		.4byte	0xc53
 3393 0c4d 01       		.uleb128 0x1
 3394 0c4e 25000000 		.4byte	0x25
 3395 0c52 00       		.byte	0
 3396 0c53 03       		.uleb128 0x3
 3397 0c54 7B170000 		.4byte	.LASF163
 3398 0c58 07       		.byte	0x7
 3399 0c59 0A05     		.2byte	0x50a
 3400 0c5b 03       		.byte	0x3
 3401 0c5c FA090000 		.4byte	.LASF164
 3402 0c60 9F150000 		.4byte	0x159f
 3403 0c64 730C0000 		.4byte	0xc73
 3404 0c68 01       		.uleb128 0x1
ARM GAS  /tmp/ccSzEyJr.s 			page 61


 3405 0c69 9F150000 		.4byte	0x159f
 3406 0c6d 01       		.uleb128 0x1
 3407 0c6e 9F150000 		.4byte	0x159f
 3408 0c72 00       		.byte	0
 3409 0c73 03       		.uleb128 0x3
 3410 0c74 7B170000 		.4byte	.LASF163
 3411 0c78 07       		.byte	0x7
 3412 0c79 0605     		.2byte	0x506
 3413 0c7b 03       		.byte	0x3
 3414 0c7c 6E0C0000 		.4byte	.LASF165
 3415 0c80 25000000 		.4byte	0x25
 3416 0c84 930C0000 		.4byte	0xc93
 3417 0c88 01       		.uleb128 0x1
 3418 0c89 25000000 		.4byte	0x25
 3419 0c8d 01       		.uleb128 0x1
 3420 0c8e 25000000 		.4byte	0x25
 3421 0c92 00       		.byte	0
 3422 0c93 1A       		.uleb128 0x1a
 3423 0c94 65726600 		.ascii	"erf\000"
 3424 0c98 07       		.byte	0x7
 3425 0c99 1E05     		.2byte	0x51e
 3426 0c9b 03       		.byte	0x3
 3427 0c9c EA190000 		.4byte	.LASF166
 3428 0ca0 9F150000 		.4byte	0x159f
 3429 0ca4 AE0C0000 		.4byte	0xcae
 3430 0ca8 01       		.uleb128 0x1
 3431 0ca9 9F150000 		.4byte	0x159f
 3432 0cad 00       		.byte	0
 3433 0cae 1A       		.uleb128 0x1a
 3434 0caf 65726600 		.ascii	"erf\000"
 3435 0cb3 07       		.byte	0x7
 3436 0cb4 1A05     		.2byte	0x51a
 3437 0cb6 03       		.byte	0x3
 3438 0cb7 DA1D0000 		.4byte	.LASF167
 3439 0cbb 25000000 		.4byte	0x25
 3440 0cbf C90C0000 		.4byte	0xcc9
 3441 0cc3 01       		.uleb128 0x1
 3442 0cc4 25000000 		.4byte	0x25
 3443 0cc8 00       		.byte	0
 3444 0cc9 03       		.uleb128 0x3
 3445 0cca FC0F0000 		.4byte	.LASF168
 3446 0cce 07       		.byte	0x7
 3447 0ccf 3005     		.2byte	0x530
 3448 0cd1 03       		.byte	0x3
 3449 0cd2 23070000 		.4byte	.LASF169
 3450 0cd6 9F150000 		.4byte	0x159f
 3451 0cda E40C0000 		.4byte	0xce4
 3452 0cde 01       		.uleb128 0x1
 3453 0cdf 9F150000 		.4byte	0x159f
 3454 0ce3 00       		.byte	0
 3455 0ce4 03       		.uleb128 0x3
 3456 0ce5 FC0F0000 		.4byte	.LASF168
 3457 0ce9 07       		.byte	0x7
 3458 0cea 2C05     		.2byte	0x52c
 3459 0cec 03       		.byte	0x3
 3460 0ced 2E070000 		.4byte	.LASF170
 3461 0cf1 25000000 		.4byte	0x25
ARM GAS  /tmp/ccSzEyJr.s 			page 62


 3462 0cf5 FF0C0000 		.4byte	0xcff
 3463 0cf9 01       		.uleb128 0x1
 3464 0cfa 25000000 		.4byte	0x25
 3465 0cfe 00       		.byte	0
 3466 0cff 03       		.uleb128 0x3
 3467 0d00 F01D0000 		.4byte	.LASF171
 3468 0d04 07       		.byte	0x7
 3469 0d05 4205     		.2byte	0x542
 3470 0d07 03       		.byte	0x3
 3471 0d08 96150000 		.4byte	.LASF172
 3472 0d0c 9F150000 		.4byte	0x159f
 3473 0d10 1A0D0000 		.4byte	0xd1a
 3474 0d14 01       		.uleb128 0x1
 3475 0d15 9F150000 		.4byte	0x159f
 3476 0d19 00       		.byte	0
 3477 0d1a 03       		.uleb128 0x3
 3478 0d1b F01D0000 		.4byte	.LASF171
 3479 0d1f 07       		.byte	0x7
 3480 0d20 3E05     		.2byte	0x53e
 3481 0d22 03       		.byte	0x3
 3482 0d23 A1150000 		.4byte	.LASF173
 3483 0d27 25000000 		.4byte	0x25
 3484 0d2b 350D0000 		.4byte	0xd35
 3485 0d2f 01       		.uleb128 0x1
 3486 0d30 25000000 		.4byte	0x25
 3487 0d34 00       		.byte	0
 3488 0d35 03       		.uleb128 0x3
 3489 0d36 2E170000 		.4byte	.LASF174
 3490 0d3a 07       		.byte	0x7
 3491 0d3b 5405     		.2byte	0x554
 3492 0d3d 03       		.byte	0x3
 3493 0d3e 7E0C0000 		.4byte	.LASF175
 3494 0d42 9F150000 		.4byte	0x159f
 3495 0d46 500D0000 		.4byte	0xd50
 3496 0d4a 01       		.uleb128 0x1
 3497 0d4b 9F150000 		.4byte	0x159f
 3498 0d4f 00       		.byte	0
 3499 0d50 03       		.uleb128 0x3
 3500 0d51 2E170000 		.4byte	.LASF174
 3501 0d55 07       		.byte	0x7
 3502 0d56 5005     		.2byte	0x550
 3503 0d58 03       		.byte	0x3
 3504 0d59 8A0C0000 		.4byte	.LASF176
 3505 0d5d 25000000 		.4byte	0x25
 3506 0d61 6B0D0000 		.4byte	0xd6b
 3507 0d65 01       		.uleb128 0x1
 3508 0d66 25000000 		.4byte	0x25
 3509 0d6a 00       		.byte	0
 3510 0d6b 03       		.uleb128 0x3
 3511 0d6c 00000000 		.4byte	.LASF177
 3512 0d70 07       		.byte	0x7
 3513 0d71 6605     		.2byte	0x566
 3514 0d73 03       		.byte	0x3
 3515 0d74 7A050000 		.4byte	.LASF178
 3516 0d78 9F150000 		.4byte	0x159f
 3517 0d7c 8B0D0000 		.4byte	0xd8b
 3518 0d80 01       		.uleb128 0x1
ARM GAS  /tmp/ccSzEyJr.s 			page 63


 3519 0d81 9F150000 		.4byte	0x159f
 3520 0d85 01       		.uleb128 0x1
 3521 0d86 9F150000 		.4byte	0x159f
 3522 0d8a 00       		.byte	0
 3523 0d8b 03       		.uleb128 0x3
 3524 0d8c 00000000 		.4byte	.LASF177
 3525 0d90 07       		.byte	0x7
 3526 0d91 6205     		.2byte	0x562
 3527 0d93 03       		.byte	0x3
 3528 0d94 05160000 		.4byte	.LASF179
 3529 0d98 25000000 		.4byte	0x25
 3530 0d9c AB0D0000 		.4byte	0xdab
 3531 0da0 01       		.uleb128 0x1
 3532 0da1 25000000 		.4byte	0x25
 3533 0da5 01       		.uleb128 0x1
 3534 0da6 25000000 		.4byte	0x25
 3535 0daa 00       		.byte	0
 3536 0dab 1A       		.uleb128 0x1a
 3537 0dac 666D6100 		.ascii	"fma\000"
 3538 0db0 07       		.byte	0x7
 3539 0db1 7A05     		.2byte	0x57a
 3540 0db3 03       		.byte	0x3
 3541 0db4 80020000 		.4byte	.LASF180
 3542 0db8 9F150000 		.4byte	0x159f
 3543 0dbc D00D0000 		.4byte	0xdd0
 3544 0dc0 01       		.uleb128 0x1
 3545 0dc1 9F150000 		.4byte	0x159f
 3546 0dc5 01       		.uleb128 0x1
 3547 0dc6 9F150000 		.4byte	0x159f
 3548 0dca 01       		.uleb128 0x1
 3549 0dcb 9F150000 		.4byte	0x159f
 3550 0dcf 00       		.byte	0
 3551 0dd0 1A       		.uleb128 0x1a
 3552 0dd1 666D6100 		.ascii	"fma\000"
 3553 0dd5 07       		.byte	0x7
 3554 0dd6 7605     		.2byte	0x576
 3555 0dd8 03       		.byte	0x3
 3556 0dd9 980A0000 		.4byte	.LASF181
 3557 0ddd 25000000 		.4byte	0x25
 3558 0de1 F50D0000 		.4byte	0xdf5
 3559 0de5 01       		.uleb128 0x1
 3560 0de6 25000000 		.4byte	0x25
 3561 0dea 01       		.uleb128 0x1
 3562 0deb 25000000 		.4byte	0x25
 3563 0def 01       		.uleb128 0x1
 3564 0df0 25000000 		.4byte	0x25
 3565 0df4 00       		.byte	0
 3566 0df5 03       		.uleb128 0x3
 3567 0df6 FE180000 		.4byte	.LASF182
 3568 0dfa 07       		.byte	0x7
 3569 0dfb 8E05     		.2byte	0x58e
 3570 0dfd 03       		.byte	0x3
 3571 0dfe E41D0000 		.4byte	.LASF183
 3572 0e02 9F150000 		.4byte	0x159f
 3573 0e06 150E0000 		.4byte	0xe15
 3574 0e0a 01       		.uleb128 0x1
 3575 0e0b 9F150000 		.4byte	0x159f
ARM GAS  /tmp/ccSzEyJr.s 			page 64


 3576 0e0f 01       		.uleb128 0x1
 3577 0e10 9F150000 		.4byte	0x159f
 3578 0e14 00       		.byte	0
 3579 0e15 03       		.uleb128 0x3
 3580 0e16 FE180000 		.4byte	.LASF182
 3581 0e1a 07       		.byte	0x7
 3582 0e1b 8A05     		.2byte	0x58a
 3583 0e1d 03       		.byte	0x3
 3584 0e1e 881E0000 		.4byte	.LASF184
 3585 0e22 25000000 		.4byte	0x25
 3586 0e26 350E0000 		.4byte	0xe35
 3587 0e2a 01       		.uleb128 0x1
 3588 0e2b 25000000 		.4byte	0x25
 3589 0e2f 01       		.uleb128 0x1
 3590 0e30 25000000 		.4byte	0x25
 3591 0e34 00       		.byte	0
 3592 0e35 03       		.uleb128 0x3
 3593 0e36 A5010000 		.4byte	.LASF185
 3594 0e3a 07       		.byte	0x7
 3595 0e3b A205     		.2byte	0x5a2
 3596 0e3d 03       		.byte	0x3
 3597 0e3e 581E0000 		.4byte	.LASF186
 3598 0e42 9F150000 		.4byte	0x159f
 3599 0e46 550E0000 		.4byte	0xe55
 3600 0e4a 01       		.uleb128 0x1
 3601 0e4b 9F150000 		.4byte	0x159f
 3602 0e4f 01       		.uleb128 0x1
 3603 0e50 9F150000 		.4byte	0x159f
 3604 0e54 00       		.byte	0
 3605 0e55 03       		.uleb128 0x3
 3606 0e56 A5010000 		.4byte	.LASF185
 3607 0e5a 07       		.byte	0x7
 3608 0e5b 9E05     		.2byte	0x59e
 3609 0e5d 03       		.byte	0x3
 3610 0e5e CE000000 		.4byte	.LASF187
 3611 0e62 25000000 		.4byte	0x25
 3612 0e66 750E0000 		.4byte	0xe75
 3613 0e6a 01       		.uleb128 0x1
 3614 0e6b 25000000 		.4byte	0x25
 3615 0e6f 01       		.uleb128 0x1
 3616 0e70 25000000 		.4byte	0x25
 3617 0e74 00       		.byte	0
 3618 0e75 03       		.uleb128 0x3
 3619 0e76 691A0000 		.4byte	.LASF188
 3620 0e7a 07       		.byte	0x7
 3621 0e7b B605     		.2byte	0x5b6
 3622 0e7d 03       		.byte	0x3
 3623 0e7e 2D0D0000 		.4byte	.LASF189
 3624 0e82 9F150000 		.4byte	0x159f
 3625 0e86 950E0000 		.4byte	0xe95
 3626 0e8a 01       		.uleb128 0x1
 3627 0e8b 9F150000 		.4byte	0x159f
 3628 0e8f 01       		.uleb128 0x1
 3629 0e90 9F150000 		.4byte	0x159f
 3630 0e94 00       		.byte	0
 3631 0e95 03       		.uleb128 0x3
 3632 0e96 691A0000 		.4byte	.LASF188
ARM GAS  /tmp/ccSzEyJr.s 			page 65


 3633 0e9a 07       		.byte	0x7
 3634 0e9b B205     		.2byte	0x5b2
 3635 0e9d 03       		.byte	0x3
 3636 0e9e 7B0F0000 		.4byte	.LASF190
 3637 0ea2 25000000 		.4byte	0x25
 3638 0ea6 B50E0000 		.4byte	0xeb5
 3639 0eaa 01       		.uleb128 0x1
 3640 0eab 25000000 		.4byte	0x25
 3641 0eaf 01       		.uleb128 0x1
 3642 0eb0 25000000 		.4byte	0x25
 3643 0eb4 00       		.byte	0
 3644 0eb5 03       		.uleb128 0x3
 3645 0eb6 26030000 		.4byte	.LASF191
 3646 0eba 07       		.byte	0x7
 3647 0ebb CA05     		.2byte	0x5ca
 3648 0ebd 03       		.byte	0x3
 3649 0ebe 871B0000 		.4byte	.LASF192
 3650 0ec2 2C000000 		.4byte	0x2c
 3651 0ec6 D00E0000 		.4byte	0xed0
 3652 0eca 01       		.uleb128 0x1
 3653 0ecb 9F150000 		.4byte	0x159f
 3654 0ecf 00       		.byte	0
 3655 0ed0 03       		.uleb128 0x3
 3656 0ed1 26030000 		.4byte	.LASF191
 3657 0ed5 07       		.byte	0x7
 3658 0ed6 C605     		.2byte	0x5c6
 3659 0ed8 03       		.byte	0x3
 3660 0ed9 271B0000 		.4byte	.LASF193
 3661 0edd 2C000000 		.4byte	0x2c
 3662 0ee1 EB0E0000 		.4byte	0xeeb
 3663 0ee5 01       		.uleb128 0x1
 3664 0ee6 25000000 		.4byte	0x25
 3665 0eea 00       		.byte	0
 3666 0eeb 03       		.uleb128 0x3
 3667 0eec 6C1C0000 		.4byte	.LASF194
 3668 0ef0 07       		.byte	0x7
 3669 0ef1 DD05     		.2byte	0x5dd
 3670 0ef3 03       		.byte	0x3
 3671 0ef4 AA010000 		.4byte	.LASF195
 3672 0ef8 9F150000 		.4byte	0x159f
 3673 0efc 060F0000 		.4byte	0xf06
 3674 0f00 01       		.uleb128 0x1
 3675 0f01 9F150000 		.4byte	0x159f
 3676 0f05 00       		.byte	0
 3677 0f06 03       		.uleb128 0x3
 3678 0f07 6C1C0000 		.4byte	.LASF194
 3679 0f0b 07       		.byte	0x7
 3680 0f0c D905     		.2byte	0x5d9
 3681 0f0e 03       		.byte	0x3
 3682 0f0f B7010000 		.4byte	.LASF196
 3683 0f13 25000000 		.4byte	0x25
 3684 0f17 210F0000 		.4byte	0xf21
 3685 0f1b 01       		.uleb128 0x1
 3686 0f1c 25000000 		.4byte	0x25
 3687 0f20 00       		.byte	0
 3688 0f21 03       		.uleb128 0x3
 3689 0f22 521A0000 		.4byte	.LASF197
ARM GAS  /tmp/ccSzEyJr.s 			page 66


 3690 0f26 07       		.byte	0x7
 3691 0f27 EF05     		.2byte	0x5ef
 3692 0f29 03       		.byte	0x3
 3693 0f2a 521D0000 		.4byte	.LASF198
 3694 0f2e 84000000 		.4byte	0x84
 3695 0f32 3C0F0000 		.4byte	0xf3c
 3696 0f36 01       		.uleb128 0x1
 3697 0f37 9F150000 		.4byte	0x159f
 3698 0f3b 00       		.byte	0
 3699 0f3c 03       		.uleb128 0x3
 3700 0f3d 521A0000 		.4byte	.LASF197
 3701 0f41 07       		.byte	0x7
 3702 0f42 EB05     		.2byte	0x5eb
 3703 0f44 03       		.byte	0x3
 3704 0f45 5F1D0000 		.4byte	.LASF199
 3705 0f49 84000000 		.4byte	0x84
 3706 0f4d 570F0000 		.4byte	0xf57
 3707 0f51 01       		.uleb128 0x1
 3708 0f52 25000000 		.4byte	0x25
 3709 0f56 00       		.byte	0
 3710 0f57 03       		.uleb128 0x3
 3711 0f58 B0120000 		.4byte	.LASF200
 3712 0f5c 07       		.byte	0x7
 3713 0f5d 0106     		.2byte	0x601
 3714 0f5f 03       		.byte	0x3
 3715 0f60 820D0000 		.4byte	.LASF201
 3716 0f64 84000000 		.4byte	0x84
 3717 0f68 720F0000 		.4byte	0xf72
 3718 0f6c 01       		.uleb128 0x1
 3719 0f6d 9F150000 		.4byte	0x159f
 3720 0f71 00       		.byte	0
 3721 0f72 03       		.uleb128 0x3
 3722 0f73 B0120000 		.4byte	.LASF200
 3723 0f77 07       		.byte	0x7
 3724 0f78 FD05     		.2byte	0x5fd
 3725 0f7a 03       		.byte	0x3
 3726 0f7b 900D0000 		.4byte	.LASF202
 3727 0f7f 84000000 		.4byte	0x84
 3728 0f83 8D0F0000 		.4byte	0xf8d
 3729 0f87 01       		.uleb128 0x1
 3730 0f88 25000000 		.4byte	0x25
 3731 0f8c 00       		.byte	0
 3732 0f8d 03       		.uleb128 0x3
 3733 0f8e C40A0000 		.4byte	.LASF203
 3734 0f92 07       		.byte	0x7
 3735 0f93 1306     		.2byte	0x613
 3736 0f95 03       		.byte	0x3
 3737 0f96 C2030000 		.4byte	.LASF204
 3738 0f9a 9F150000 		.4byte	0x159f
 3739 0f9e A80F0000 		.4byte	0xfa8
 3740 0fa2 01       		.uleb128 0x1
 3741 0fa3 9F150000 		.4byte	0x159f
 3742 0fa7 00       		.byte	0
 3743 0fa8 03       		.uleb128 0x3
 3744 0fa9 C40A0000 		.4byte	.LASF203
 3745 0fad 07       		.byte	0x7
 3746 0fae 0F06     		.2byte	0x60f
ARM GAS  /tmp/ccSzEyJr.s 			page 67


 3747 0fb0 03       		.byte	0x3
 3748 0fb1 CE030000 		.4byte	.LASF205
 3749 0fb5 25000000 		.4byte	0x25
 3750 0fb9 C30F0000 		.4byte	0xfc3
 3751 0fbd 01       		.uleb128 0x1
 3752 0fbe 25000000 		.4byte	0x25
 3753 0fc2 00       		.byte	0
 3754 0fc3 03       		.uleb128 0x3
 3755 0fc4 0F0E0000 		.4byte	.LASF206
 3756 0fc8 07       		.byte	0x7
 3757 0fc9 2606     		.2byte	0x626
 3758 0fcb 03       		.byte	0x3
 3759 0fcc F0060000 		.4byte	.LASF207
 3760 0fd0 9F150000 		.4byte	0x159f
 3761 0fd4 DE0F0000 		.4byte	0xfde
 3762 0fd8 01       		.uleb128 0x1
 3763 0fd9 9F150000 		.4byte	0x159f
 3764 0fdd 00       		.byte	0
 3765 0fde 03       		.uleb128 0x3
 3766 0fdf 0F0E0000 		.4byte	.LASF206
 3767 0fe3 07       		.byte	0x7
 3768 0fe4 2206     		.2byte	0x622
 3769 0fe6 03       		.byte	0x3
 3770 0fe7 FB060000 		.4byte	.LASF208
 3771 0feb 25000000 		.4byte	0x25
 3772 0fef F90F0000 		.4byte	0xff9
 3773 0ff3 01       		.uleb128 0x1
 3774 0ff4 25000000 		.4byte	0x25
 3775 0ff8 00       		.byte	0
 3776 0ff9 03       		.uleb128 0x3
 3777 0ffa CE0E0000 		.4byte	.LASF209
 3778 0ffe 07       		.byte	0x7
 3779 0fff 3806     		.2byte	0x638
 3780 1001 03       		.byte	0x3
 3781 1002 F3180000 		.4byte	.LASF210
 3782 1006 9F150000 		.4byte	0x159f
 3783 100a 14100000 		.4byte	0x1014
 3784 100e 01       		.uleb128 0x1
 3785 100f 9F150000 		.4byte	0x159f
 3786 1013 00       		.byte	0
 3787 1014 03       		.uleb128 0x3
 3788 1015 CE0E0000 		.4byte	.LASF209
 3789 1019 07       		.byte	0x7
 3790 101a 3406     		.2byte	0x634
 3791 101c 03       		.byte	0x3
 3792 101d 5E0E0000 		.4byte	.LASF211
 3793 1021 25000000 		.4byte	0x25
 3794 1025 2F100000 		.4byte	0x102f
 3795 1029 01       		.uleb128 0x1
 3796 102a 25000000 		.4byte	0x25
 3797 102e 00       		.byte	0
 3798 102f 03       		.uleb128 0x3
 3799 1030 67080000 		.4byte	.LASF212
 3800 1034 07       		.byte	0x7
 3801 1035 4A06     		.2byte	0x64a
 3802 1037 03       		.byte	0x3
 3803 1038 09030000 		.4byte	.LASF213
ARM GAS  /tmp/ccSzEyJr.s 			page 68


 3804 103c 71000000 		.4byte	0x71
 3805 1040 4A100000 		.4byte	0x104a
 3806 1044 01       		.uleb128 0x1
 3807 1045 9F150000 		.4byte	0x159f
 3808 1049 00       		.byte	0
 3809 104a 03       		.uleb128 0x3
 3810 104b 67080000 		.4byte	.LASF212
 3811 104f 07       		.byte	0x7
 3812 1050 4606     		.2byte	0x646
 3813 1052 03       		.byte	0x3
 3814 1053 15030000 		.4byte	.LASF214
 3815 1057 71000000 		.4byte	0x71
 3816 105b 65100000 		.4byte	0x1065
 3817 105f 01       		.uleb128 0x1
 3818 1060 25000000 		.4byte	0x25
 3819 1064 00       		.byte	0
 3820 1065 03       		.uleb128 0x3
 3821 1066 96190000 		.4byte	.LASF215
 3822 106a 07       		.byte	0x7
 3823 106b 5C06     		.2byte	0x65c
 3824 106d 03       		.byte	0x3
 3825 106e 8F090000 		.4byte	.LASF216
 3826 1072 71000000 		.4byte	0x71
 3827 1076 80100000 		.4byte	0x1080
 3828 107a 01       		.uleb128 0x1
 3829 107b 9F150000 		.4byte	0x159f
 3830 107f 00       		.byte	0
 3831 1080 03       		.uleb128 0x3
 3832 1081 96190000 		.4byte	.LASF215
 3833 1085 07       		.byte	0x7
 3834 1086 5806     		.2byte	0x658
 3835 1088 03       		.byte	0x3
 3836 1089 9C090000 		.4byte	.LASF217
 3837 108d 71000000 		.4byte	0x71
 3838 1091 9B100000 		.4byte	0x109b
 3839 1095 01       		.uleb128 0x1
 3840 1096 25000000 		.4byte	0x25
 3841 109a 00       		.byte	0
 3842 109b 03       		.uleb128 0x3
 3843 109c 6F060000 		.4byte	.LASF218
 3844 10a0 07       		.byte	0x7
 3845 10a1 6E06     		.2byte	0x66e
 3846 10a3 03       		.byte	0x3
 3847 10a4 05050000 		.4byte	.LASF219
 3848 10a8 9F150000 		.4byte	0x159f
 3849 10ac B6100000 		.4byte	0x10b6
 3850 10b0 01       		.uleb128 0x1
 3851 10b1 9F150000 		.4byte	0x159f
 3852 10b5 00       		.byte	0
 3853 10b6 03       		.uleb128 0x3
 3854 10b7 6F060000 		.4byte	.LASF218
 3855 10bb 07       		.byte	0x7
 3856 10bc 6A06     		.2byte	0x66a
 3857 10be 03       		.byte	0x3
 3858 10bf 15050000 		.4byte	.LASF220
 3859 10c3 25000000 		.4byte	0x25
 3860 10c7 D1100000 		.4byte	0x10d1
ARM GAS  /tmp/ccSzEyJr.s 			page 69


 3861 10cb 01       		.uleb128 0x1
 3862 10cc 25000000 		.4byte	0x25
 3863 10d0 00       		.byte	0
 3864 10d1 03       		.uleb128 0x3
 3865 10d2 34170000 		.4byte	.LASF221
 3866 10d6 07       		.byte	0x7
 3867 10d7 8006     		.2byte	0x680
 3868 10d9 03       		.byte	0x3
 3869 10da 94010000 		.4byte	.LASF222
 3870 10de 9F150000 		.4byte	0x159f
 3871 10e2 F1100000 		.4byte	0x10f1
 3872 10e6 01       		.uleb128 0x1
 3873 10e7 9F150000 		.4byte	0x159f
 3874 10eb 01       		.uleb128 0x1
 3875 10ec 9F150000 		.4byte	0x159f
 3876 10f0 00       		.byte	0
 3877 10f1 03       		.uleb128 0x3
 3878 10f2 34170000 		.4byte	.LASF221
 3879 10f6 07       		.byte	0x7
 3880 10f7 7C06     		.2byte	0x67c
 3881 10f9 03       		.byte	0x3
 3882 10fa 6A030000 		.4byte	.LASF223
 3883 10fe 25000000 		.4byte	0x25
 3884 1102 11110000 		.4byte	0x1111
 3885 1106 01       		.uleb128 0x1
 3886 1107 25000000 		.4byte	0x25
 3887 110b 01       		.uleb128 0x1
 3888 110c 25000000 		.4byte	0x25
 3889 1110 00       		.byte	0
 3890 1111 03       		.uleb128 0x3
 3891 1112 DA030000 		.4byte	.LASF224
 3892 1116 07       		.byte	0x7
 3893 1117 9406     		.2byte	0x694
 3894 1119 03       		.byte	0x3
 3895 111a 2F000000 		.4byte	.LASF225
 3896 111e 9F150000 		.4byte	0x159f
 3897 1122 31110000 		.4byte	0x1131
 3898 1126 01       		.uleb128 0x1
 3899 1127 9F150000 		.4byte	0x159f
 3900 112b 01       		.uleb128 0x1
 3901 112c 9F150000 		.4byte	0x159f
 3902 1130 00       		.byte	0
 3903 1131 03       		.uleb128 0x3
 3904 1132 DA030000 		.4byte	.LASF224
 3905 1136 07       		.byte	0x7
 3906 1137 9006     		.2byte	0x690
 3907 1139 03       		.byte	0x3
 3908 113a 2F020000 		.4byte	.LASF226
 3909 113e 25000000 		.4byte	0x25
 3910 1142 51110000 		.4byte	0x1151
 3911 1146 01       		.uleb128 0x1
 3912 1147 25000000 		.4byte	0x25
 3913 114b 01       		.uleb128 0x1
 3914 114c 9F150000 		.4byte	0x159f
 3915 1150 00       		.byte	0
 3916 1151 03       		.uleb128 0x3
 3917 1152 381E0000 		.4byte	.LASF227
ARM GAS  /tmp/ccSzEyJr.s 			page 70


 3918 1156 07       		.byte	0x7
 3919 1157 A606     		.2byte	0x6a6
 3920 1159 03       		.byte	0x3
 3921 115a EF1B0000 		.4byte	.LASF228
 3922 115e 9F150000 		.4byte	0x159f
 3923 1162 71110000 		.4byte	0x1171
 3924 1166 01       		.uleb128 0x1
 3925 1167 9F150000 		.4byte	0x159f
 3926 116b 01       		.uleb128 0x1
 3927 116c 9F150000 		.4byte	0x159f
 3928 1170 00       		.byte	0
 3929 1171 03       		.uleb128 0x3
 3930 1172 381E0000 		.4byte	.LASF227
 3931 1176 07       		.byte	0x7
 3932 1177 A206     		.2byte	0x6a2
 3933 1179 03       		.byte	0x3
 3934 117a DF1C0000 		.4byte	.LASF229
 3935 117e 25000000 		.4byte	0x25
 3936 1182 91110000 		.4byte	0x1191
 3937 1186 01       		.uleb128 0x1
 3938 1187 25000000 		.4byte	0x25
 3939 118b 01       		.uleb128 0x1
 3940 118c 25000000 		.4byte	0x25
 3941 1190 00       		.byte	0
 3942 1191 03       		.uleb128 0x3
 3943 1192 2C130000 		.4byte	.LASF230
 3944 1196 07       		.byte	0x7
 3945 1197 BA06     		.2byte	0x6ba
 3946 1199 03       		.byte	0x3
 3947 119a 5B130000 		.4byte	.LASF231
 3948 119e 9F150000 		.4byte	0x159f
 3949 11a2 B6110000 		.4byte	0x11b6
 3950 11a6 01       		.uleb128 0x1
 3951 11a7 9F150000 		.4byte	0x159f
 3952 11ab 01       		.uleb128 0x1
 3953 11ac 9F150000 		.4byte	0x159f
 3954 11b0 01       		.uleb128 0x1
 3955 11b1 C5210000 		.4byte	0x21c5
 3956 11b5 00       		.byte	0
 3957 11b6 03       		.uleb128 0x3
 3958 11b7 2C130000 		.4byte	.LASF230
 3959 11bb 07       		.byte	0x7
 3960 11bc B606     		.2byte	0x6b6
 3961 11be 03       		.byte	0x3
 3962 11bf 1B1E0000 		.4byte	.LASF232
 3963 11c3 25000000 		.4byte	0x25
 3964 11c7 DB110000 		.4byte	0x11db
 3965 11cb 01       		.uleb128 0x1
 3966 11cc 25000000 		.4byte	0x25
 3967 11d0 01       		.uleb128 0x1
 3968 11d1 25000000 		.4byte	0x25
 3969 11d5 01       		.uleb128 0x1
 3970 11d6 C5210000 		.4byte	0x21c5
 3971 11da 00       		.byte	0
 3972 11db 03       		.uleb128 0x3
 3973 11dc 0E190000 		.4byte	.LASF233
 3974 11e0 07       		.byte	0x7
ARM GAS  /tmp/ccSzEyJr.s 			page 71


 3975 11e1 CE06     		.2byte	0x6ce
 3976 11e3 03       		.byte	0x3
 3977 11e4 1F1A0000 		.4byte	.LASF234
 3978 11e8 9F150000 		.4byte	0x159f
 3979 11ec F6110000 		.4byte	0x11f6
 3980 11f0 01       		.uleb128 0x1
 3981 11f1 9F150000 		.4byte	0x159f
 3982 11f5 00       		.byte	0
 3983 11f6 03       		.uleb128 0x3
 3984 11f7 0E190000 		.4byte	.LASF233
 3985 11fb 07       		.byte	0x7
 3986 11fc CA06     		.2byte	0x6ca
 3987 11fe 03       		.byte	0x3
 3988 11ff 2A1A0000 		.4byte	.LASF235
 3989 1203 25000000 		.4byte	0x25
 3990 1207 11120000 		.4byte	0x1211
 3991 120b 01       		.uleb128 0x1
 3992 120c 25000000 		.4byte	0x25
 3993 1210 00       		.byte	0
 3994 1211 03       		.uleb128 0x3
 3995 1212 1B120000 		.4byte	.LASF236
 3996 1216 07       		.byte	0x7
 3997 1217 E006     		.2byte	0x6e0
 3998 1219 03       		.byte	0x3
 3999 121a B50F0000 		.4byte	.LASF237
 4000 121e 9F150000 		.4byte	0x159f
 4001 1222 2C120000 		.4byte	0x122c
 4002 1226 01       		.uleb128 0x1
 4003 1227 9F150000 		.4byte	0x159f
 4004 122b 00       		.byte	0
 4005 122c 03       		.uleb128 0x3
 4006 122d 1B120000 		.4byte	.LASF236
 4007 1231 07       		.byte	0x7
 4008 1232 DC06     		.2byte	0x6dc
 4009 1234 03       		.byte	0x3
 4010 1235 C10F0000 		.4byte	.LASF238
 4011 1239 25000000 		.4byte	0x25
 4012 123d 47120000 		.4byte	0x1247
 4013 1241 01       		.uleb128 0x1
 4014 1242 25000000 		.4byte	0x25
 4015 1246 00       		.byte	0
 4016 1247 03       		.uleb128 0x3
 4017 1248 AB140000 		.4byte	.LASF239
 4018 124c 07       		.byte	0x7
 4019 124d F206     		.2byte	0x6f2
 4020 124f 03       		.byte	0x3
 4021 1250 D80C0000 		.4byte	.LASF240
 4022 1254 9F150000 		.4byte	0x159f
 4023 1258 67120000 		.4byte	0x1267
 4024 125c 01       		.uleb128 0x1
 4025 125d 9F150000 		.4byte	0x159f
 4026 1261 01       		.uleb128 0x1
 4027 1262 71000000 		.4byte	0x71
 4028 1266 00       		.byte	0
 4029 1267 03       		.uleb128 0x3
 4030 1268 AB140000 		.4byte	.LASF239
 4031 126c 07       		.byte	0x7
ARM GAS  /tmp/ccSzEyJr.s 			page 72


 4032 126d EE06     		.2byte	0x6ee
 4033 126f 03       		.byte	0x3
 4034 1270 D70D0000 		.4byte	.LASF241
 4035 1274 25000000 		.4byte	0x25
 4036 1278 87120000 		.4byte	0x1287
 4037 127c 01       		.uleb128 0x1
 4038 127d 25000000 		.4byte	0x25
 4039 1281 01       		.uleb128 0x1
 4040 1282 71000000 		.4byte	0x71
 4041 1286 00       		.byte	0
 4042 1287 03       		.uleb128 0x3
 4043 1288 CA190000 		.4byte	.LASF242
 4044 128c 07       		.byte	0x7
 4045 128d 0407     		.2byte	0x704
 4046 128f 03       		.byte	0x3
 4047 1290 BD020000 		.4byte	.LASF243
 4048 1294 9F150000 		.4byte	0x159f
 4049 1298 A7120000 		.4byte	0x12a7
 4050 129c 01       		.uleb128 0x1
 4051 129d 9F150000 		.4byte	0x159f
 4052 12a1 01       		.uleb128 0x1
 4053 12a2 2C000000 		.4byte	0x2c
 4054 12a6 00       		.byte	0
 4055 12a7 03       		.uleb128 0x3
 4056 12a8 CA190000 		.4byte	.LASF242
 4057 12ac 07       		.byte	0x7
 4058 12ad 0007     		.2byte	0x700
 4059 12af 03       		.byte	0x3
 4060 12b0 53000000 		.4byte	.LASF244
 4061 12b4 25000000 		.4byte	0x25
 4062 12b8 C7120000 		.4byte	0x12c7
 4063 12bc 01       		.uleb128 0x1
 4064 12bd 25000000 		.4byte	0x25
 4065 12c1 01       		.uleb128 0x1
 4066 12c2 2C000000 		.4byte	0x2c
 4067 12c6 00       		.byte	0
 4068 12c7 03       		.uleb128 0x3
 4069 12c8 6D0D0000 		.4byte	.LASF245
 4070 12cc 07       		.byte	0x7
 4071 12cd 1607     		.2byte	0x716
 4072 12cf 03       		.byte	0x3
 4073 12d0 34100000 		.4byte	.LASF246
 4074 12d4 9F150000 		.4byte	0x159f
 4075 12d8 E2120000 		.4byte	0x12e2
 4076 12dc 01       		.uleb128 0x1
 4077 12dd 9F150000 		.4byte	0x159f
 4078 12e1 00       		.byte	0
 4079 12e2 03       		.uleb128 0x3
 4080 12e3 6D0D0000 		.4byte	.LASF245
 4081 12e7 07       		.byte	0x7
 4082 12e8 1207     		.2byte	0x712
 4083 12ea 03       		.byte	0x3
 4084 12eb 41100000 		.4byte	.LASF247
 4085 12ef 25000000 		.4byte	0x25
 4086 12f3 FD120000 		.4byte	0x12fd
 4087 12f7 01       		.uleb128 0x1
 4088 12f8 25000000 		.4byte	0x25
ARM GAS  /tmp/ccSzEyJr.s 			page 73


 4089 12fc 00       		.byte	0
 4090 12fd 03       		.uleb128 0x3
 4091 12fe EA170000 		.4byte	.LASF248
 4092 1302 07       		.byte	0x7
 4093 1303 2807     		.2byte	0x728
 4094 1305 03       		.byte	0x3
 4095 1306 29110000 		.4byte	.LASF249
 4096 130a 9F150000 		.4byte	0x159f
 4097 130e 18130000 		.4byte	0x1318
 4098 1312 01       		.uleb128 0x1
 4099 1313 9F150000 		.4byte	0x159f
 4100 1317 00       		.byte	0
 4101 1318 03       		.uleb128 0x3
 4102 1319 EA170000 		.4byte	.LASF248
 4103 131d 07       		.byte	0x7
 4104 131e 2407     		.2byte	0x724
 4105 1320 03       		.byte	0x3
 4106 1321 35110000 		.4byte	.LASF250
 4107 1325 25000000 		.4byte	0x25
 4108 1329 33130000 		.4byte	0x1333
 4109 132d 01       		.uleb128 0x1
 4110 132e 25000000 		.4byte	0x25
 4111 1332 00       		.byte	0
 4112 1333 02       		.uleb128 0x2
 4113 1334 09       		.byte	0x9
 4114 1335 2F       		.byte	0x2f
 4115 1336 0B       		.byte	0xb
 4116 1337 3A000000 		.4byte	0x3a
 4117 133b 02       		.uleb128 0x2
 4118 133c 09       		.byte	0x9
 4119 133d 30       		.byte	0x30
 4120 133e 0B       		.byte	0xb
 4121 133f 4D000000 		.4byte	0x4d
 4122 1343 02       		.uleb128 0x2
 4123 1344 09       		.byte	0x9
 4124 1345 31       		.byte	0x31
 4125 1346 0B       		.byte	0xb
 4126 1347 60000000 		.4byte	0x60
 4127 134b 02       		.uleb128 0x2
 4128 134c 09       		.byte	0x9
 4129 134d 32       		.byte	0x32
 4130 134e 0B       		.byte	0xb
 4131 134f 78000000 		.4byte	0x78
 4132 1353 02       		.uleb128 0x2
 4133 1354 09       		.byte	0x9
 4134 1355 34       		.byte	0x34
 4135 1356 0B       		.byte	0xb
 4136 1357 41010000 		.4byte	0x141
 4137 135b 02       		.uleb128 0x2
 4138 135c 09       		.byte	0x9
 4139 135d 35       		.byte	0x35
 4140 135e 0B       		.byte	0xb
 4141 135f 52010000 		.4byte	0x152
 4142 1363 02       		.uleb128 0x2
 4143 1364 09       		.byte	0x9
 4144 1365 36       		.byte	0x36
 4145 1366 0B       		.byte	0xb
ARM GAS  /tmp/ccSzEyJr.s 			page 74


 4146 1367 5E010000 		.4byte	0x15e
 4147 136b 02       		.uleb128 0x2
 4148 136c 09       		.byte	0x9
 4149 136d 37       		.byte	0x37
 4150 136e 0B       		.byte	0xb
 4151 136f 6A010000 		.4byte	0x16a
 4152 1373 02       		.uleb128 0x2
 4153 1374 09       		.byte	0x9
 4154 1375 39       		.byte	0x39
 4155 1376 0B       		.byte	0xb
 4156 1377 E1000000 		.4byte	0xe1
 4157 137b 02       		.uleb128 0x2
 4158 137c 09       		.byte	0x9
 4159 137d 3A       		.byte	0x3a
 4160 137e 0B       		.byte	0xb
 4161 137f ED000000 		.4byte	0xed
 4162 1383 02       		.uleb128 0x2
 4163 1384 09       		.byte	0x9
 4164 1385 3B       		.byte	0x3b
 4165 1386 0B       		.byte	0xb
 4166 1387 F9000000 		.4byte	0xf9
 4167 138b 02       		.uleb128 0x2
 4168 138c 09       		.byte	0x9
 4169 138d 3C       		.byte	0x3c
 4170 138e 0B       		.byte	0xb
 4171 138f 05010000 		.4byte	0x105
 4172 1393 02       		.uleb128 0x2
 4173 1394 09       		.byte	0x9
 4174 1395 3E       		.byte	0x3e
 4175 1396 0B       		.byte	0xb
 4176 1397 BE010000 		.4byte	0x1be
 4177 139b 02       		.uleb128 0x2
 4178 139c 09       		.byte	0x9
 4179 139d 3F       		.byte	0x3f
 4180 139e 0B       		.byte	0xb
 4181 139f A6010000 		.4byte	0x1a6
 4182 13a3 02       		.uleb128 0x2
 4183 13a4 09       		.byte	0x9
 4184 13a5 41       		.byte	0x41
 4185 13a6 0B       		.byte	0xb
 4186 13a7 8B000000 		.4byte	0x8b
 4187 13ab 02       		.uleb128 0x2
 4188 13ac 09       		.byte	0x9
 4189 13ad 42       		.byte	0x42
 4190 13ae 0B       		.byte	0xb
 4191 13af A3000000 		.4byte	0xa3
 4192 13b3 02       		.uleb128 0x2
 4193 13b4 09       		.byte	0x9
 4194 13b5 43       		.byte	0x43
 4195 13b6 0B       		.byte	0xb
 4196 13b7 B6000000 		.4byte	0xb6
 4197 13bb 02       		.uleb128 0x2
 4198 13bc 09       		.byte	0x9
 4199 13bd 44       		.byte	0x44
 4200 13be 0B       		.byte	0xb
 4201 13bf CE000000 		.4byte	0xce
 4202 13c3 02       		.uleb128 0x2
ARM GAS  /tmp/ccSzEyJr.s 			page 75


 4203 13c4 09       		.byte	0x9
 4204 13c5 46       		.byte	0x46
 4205 13c6 0B       		.byte	0xb
 4206 13c7 76010000 		.4byte	0x176
 4207 13cb 02       		.uleb128 0x2
 4208 13cc 09       		.byte	0x9
 4209 13cd 47       		.byte	0x47
 4210 13ce 0B       		.byte	0xb
 4211 13cf 82010000 		.4byte	0x182
 4212 13d3 02       		.uleb128 0x2
 4213 13d4 09       		.byte	0x9
 4214 13d5 48       		.byte	0x48
 4215 13d6 0B       		.byte	0xb
 4216 13d7 8E010000 		.4byte	0x18e
 4217 13db 02       		.uleb128 0x2
 4218 13dc 09       		.byte	0x9
 4219 13dd 49       		.byte	0x49
 4220 13de 0B       		.byte	0xb
 4221 13df 9A010000 		.4byte	0x19a
 4222 13e3 02       		.uleb128 0x2
 4223 13e4 09       		.byte	0x9
 4224 13e5 4B       		.byte	0x4b
 4225 13e6 0B       		.byte	0xb
 4226 13e7 11010000 		.4byte	0x111
 4227 13eb 02       		.uleb128 0x2
 4228 13ec 09       		.byte	0x9
 4229 13ed 4C       		.byte	0x4c
 4230 13ee 0B       		.byte	0xb
 4231 13ef 1D010000 		.4byte	0x11d
 4232 13f3 02       		.uleb128 0x2
 4233 13f4 09       		.byte	0x9
 4234 13f5 4D       		.byte	0x4d
 4235 13f6 0B       		.byte	0xb
 4236 13f7 29010000 		.4byte	0x129
 4237 13fb 02       		.uleb128 0x2
 4238 13fc 09       		.byte	0x9
 4239 13fd 4E       		.byte	0x4e
 4240 13fe 0B       		.byte	0xb
 4241 13ff 35010000 		.4byte	0x135
 4242 1403 02       		.uleb128 0x2
 4243 1404 09       		.byte	0x9
 4244 1405 50       		.byte	0x50
 4245 1406 0B       		.byte	0xb
 4246 1407 CA010000 		.4byte	0x1ca
 4247 140b 02       		.uleb128 0x2
 4248 140c 09       		.byte	0x9
 4249 140d 51       		.byte	0x51
 4250 140e 0B       		.byte	0xb
 4251 140f B2010000 		.4byte	0x1b2
 4252 1413 02       		.uleb128 0x2
 4253 1414 0A       		.byte	0xa
 4254 1415 3A       		.byte	0x3a
 4255 1416 0B       		.byte	0xb
 4256 1417 F1150000 		.4byte	0x15f1
 4257 141b 02       		.uleb128 0x2
 4258 141c 0B       		.byte	0xb
 4259 141d 7F       		.byte	0x7f
ARM GAS  /tmp/ccSzEyJr.s 			page 76


 4260 141e 0B       		.byte	0xb
 4261 141f DF1E0000 		.4byte	0x1edf
 4262 1423 02       		.uleb128 0x2
 4263 1424 0B       		.byte	0xb
 4264 1425 80       		.byte	0x80
 4265 1426 0B       		.byte	0xb
 4266 1427 131F0000 		.4byte	0x1f13
 4267 142b 02       		.uleb128 0x2
 4268 142c 0B       		.byte	0xb
 4269 142d 86       		.byte	0x86
 4270 142e 0B       		.byte	0xb
 4271 142f A0310000 		.4byte	0x31a0
 4272 1433 02       		.uleb128 0x2
 4273 1434 0B       		.byte	0xb
 4274 1435 8C       		.byte	0x8c
 4275 1436 0B       		.byte	0xb
 4276 1437 B6310000 		.4byte	0x31b6
 4277 143b 02       		.uleb128 0x2
 4278 143c 0B       		.byte	0xb
 4279 143d 8D       		.byte	0x8d
 4280 143e 0B       		.byte	0xb
 4281 143f CC310000 		.4byte	0x31cc
 4282 1443 02       		.uleb128 0x2
 4283 1444 0B       		.byte	0xb
 4284 1445 8E       		.byte	0x8e
 4285 1446 0B       		.byte	0xb
 4286 1447 E2310000 		.4byte	0x31e2
 4287 144b 02       		.uleb128 0x2
 4288 144c 0B       		.byte	0xb
 4289 144d 8F       		.byte	0x8f
 4290 144e 0B       		.byte	0xb
 4291 144f F8310000 		.4byte	0x31f8
 4292 1453 02       		.uleb128 0x2
 4293 1454 0B       		.byte	0xb
 4294 1455 91       		.byte	0x91
 4295 1456 0B       		.byte	0xb
 4296 1457 22320000 		.4byte	0x3222
 4297 145b 02       		.uleb128 0x2
 4298 145c 0B       		.byte	0xb
 4299 145d 94       		.byte	0x94
 4300 145e 0B       		.byte	0xb
 4301 145f 3D320000 		.4byte	0x323d
 4302 1463 02       		.uleb128 0x2
 4303 1464 0B       		.byte	0xb
 4304 1465 96       		.byte	0x96
 4305 1466 0B       		.byte	0xb
 4306 1467 53320000 		.4byte	0x3253
 4307 146b 02       		.uleb128 0x2
 4308 146c 0B       		.byte	0xb
 4309 146d 99       		.byte	0x99
 4310 146e 0B       		.byte	0xb
 4311 146f 6E320000 		.4byte	0x326e
 4312 1473 02       		.uleb128 0x2
 4313 1474 0B       		.byte	0xb
 4314 1475 9A       		.byte	0x9a
 4315 1476 0B       		.byte	0xb
 4316 1477 89320000 		.4byte	0x3289
ARM GAS  /tmp/ccSzEyJr.s 			page 77


 4317 147b 02       		.uleb128 0x2
 4318 147c 0B       		.byte	0xb
 4319 147d 9B       		.byte	0x9b
 4320 147e 0B       		.byte	0xb
 4321 147f BB320000 		.4byte	0x32bb
 4322 1483 02       		.uleb128 0x2
 4323 1484 0B       		.byte	0xb
 4324 1485 9D       		.byte	0x9d
 4325 1486 0B       		.byte	0xb
 4326 1487 DB320000 		.4byte	0x32db
 4327 148b 02       		.uleb128 0x2
 4328 148c 0B       		.byte	0xb
 4329 148d A3       		.byte	0xa3
 4330 148e 0B       		.byte	0xb
 4331 148f FC320000 		.4byte	0x32fc
 4332 1493 02       		.uleb128 0x2
 4333 1494 0B       		.byte	0xb
 4334 1495 A5       		.byte	0xa5
 4335 1496 0B       		.byte	0xb
 4336 1497 08330000 		.4byte	0x3308
 4337 149b 02       		.uleb128 0x2
 4338 149c 0B       		.byte	0xb
 4339 149d A6       		.byte	0xa6
 4340 149e 0B       		.byte	0xb
 4341 149f 1A330000 		.4byte	0x331a
 4342 14a3 02       		.uleb128 0x2
 4343 14a4 0B       		.byte	0xb
 4344 14a5 A7       		.byte	0xa7
 4345 14a6 0B       		.byte	0xb
 4346 14a7 3B330000 		.4byte	0x333b
 4347 14ab 02       		.uleb128 0x2
 4348 14ac 0B       		.byte	0xb
 4349 14ad A8       		.byte	0xa8
 4350 14ae 0B       		.byte	0xb
 4351 14af 5B330000 		.4byte	0x335b
 4352 14b3 02       		.uleb128 0x2
 4353 14b4 0B       		.byte	0xb
 4354 14b5 A9       		.byte	0xa9
 4355 14b6 0B       		.byte	0xb
 4356 14b7 7B330000 		.4byte	0x337b
 4357 14bb 02       		.uleb128 0x2
 4358 14bc 0B       		.byte	0xb
 4359 14bd AB       		.byte	0xab
 4360 14be 0B       		.byte	0xb
 4361 14bf 91330000 		.4byte	0x3391
 4362 14c3 02       		.uleb128 0x2
 4363 14c4 0B       		.byte	0xb
 4364 14c5 AC       		.byte	0xac
 4365 14c6 0B       		.byte	0xb
 4366 14c7 B7330000 		.4byte	0x33b7
 4367 14cb 02       		.uleb128 0x2
 4368 14cc 0B       		.byte	0xb
 4369 14cd F0       		.byte	0xf0
 4370 14ce 16       		.byte	0x16
 4371 14cf 471F0000 		.4byte	0x1f47
 4372 14d3 02       		.uleb128 0x2
 4373 14d4 0B       		.byte	0xb
ARM GAS  /tmp/ccSzEyJr.s 			page 78


 4374 14d5 F5       		.byte	0xf5
 4375 14d6 16       		.byte	0x16
 4376 14d7 83150000 		.4byte	0x1583
 4377 14db 02       		.uleb128 0x2
 4378 14dc 0B       		.byte	0xb
 4379 14dd F6       		.byte	0xf6
 4380 14de 16       		.byte	0x16
 4381 14df D2330000 		.4byte	0x33d2
 4382 14e3 02       		.uleb128 0x2
 4383 14e4 0B       		.byte	0xb
 4384 14e5 F8       		.byte	0xf8
 4385 14e6 16       		.byte	0x16
 4386 14e7 EE330000 		.4byte	0x33ee
 4387 14eb 02       		.uleb128 0x2
 4388 14ec 0B       		.byte	0xb
 4389 14ed F9       		.byte	0xf9
 4390 14ee 16       		.byte	0x16
 4391 14ef 47340000 		.4byte	0x3447
 4392 14f3 02       		.uleb128 0x2
 4393 14f4 0B       		.byte	0xb
 4394 14f5 FA       		.byte	0xfa
 4395 14f6 16       		.byte	0x16
 4396 14f7 05340000 		.4byte	0x3405
 4397 14fb 02       		.uleb128 0x2
 4398 14fc 0B       		.byte	0xb
 4399 14fd FB       		.byte	0xfb
 4400 14fe 16       		.byte	0x16
 4401 14ff 26340000 		.4byte	0x3426
 4402 1503 02       		.uleb128 0x2
 4403 1504 0B       		.byte	0xb
 4404 1505 FC       		.byte	0xfc
 4405 1506 16       		.byte	0x16
 4406 1507 62340000 		.4byte	0x3462
 4407 150b 02       		.uleb128 0x2
 4408 150c 0C       		.byte	0xc
 4409 150d 54       		.byte	0x54
 4410 150e 0B       		.byte	0xb
 4411 150f 2F350000 		.4byte	0x352f
 4412 1513 02       		.uleb128 0x2
 4413 1514 0C       		.byte	0xc
 4414 1515 57       		.byte	0x57
 4415 1516 0B       		.byte	0xb
 4416 1517 4A350000 		.4byte	0x354a
 4417 151b 02       		.uleb128 0x2
 4418 151c 0C       		.byte	0xc
 4419 151d 5D       		.byte	0x5d
 4420 151e 0B       		.byte	0xb
 4421 151f 60350000 		.4byte	0x3560
 4422 1523 02       		.uleb128 0x2
 4423 1524 0C       		.byte	0xc
 4424 1525 5E       		.byte	0x5e
 4425 1526 0B       		.byte	0xb
 4426 1527 7B350000 		.4byte	0x357b
 4427 152b 00       		.byte	0
 4428 152c 59       		.uleb128 0x59
 4429 152d 83140000 		.4byte	.LASF621
 4430 1531 0D       		.byte	0xd
ARM GAS  /tmp/ccSzEyJr.s 			page 79


 4431 1532 1601     		.2byte	0x116
 4432 1534 0B       		.byte	0xb
 4433 1535 9F150000 		.4byte	0x159f
 4434 1539 45       		.uleb128 0x45
 4435 153a D6170000 		.4byte	.LASF251
 4436 153e 0D       		.byte	0xd
 4437 153f 1801     		.2byte	0x118
 4438 1541 41       		.byte	0x41
 4439 1542 46       		.uleb128 0x46
 4440 1543 0D       		.byte	0xd
 4441 1544 1801     		.2byte	0x118
 4442 1546 41       		.byte	0x41
 4443 1547 39150000 		.4byte	0x1539
 4444 154b 02       		.uleb128 0x2
 4445 154c 0B       		.byte	0xb
 4446 154d C8       		.byte	0xc8
 4447 154e 0B       		.byte	0xb
 4448 154f 471F0000 		.4byte	0x1f47
 4449 1553 02       		.uleb128 0x2
 4450 1554 0B       		.byte	0xb
 4451 1555 D8       		.byte	0xd8
 4452 1556 0B       		.byte	0xb
 4453 1557 D2330000 		.4byte	0x33d2
 4454 155b 02       		.uleb128 0x2
 4455 155c 0B       		.byte	0xb
 4456 155d E3       		.byte	0xe3
 4457 155e 0B       		.byte	0xb
 4458 155f EE330000 		.4byte	0x33ee
 4459 1563 02       		.uleb128 0x2
 4460 1564 0B       		.byte	0xb
 4461 1565 E4       		.byte	0xe4
 4462 1566 0B       		.byte	0xb
 4463 1567 05340000 		.4byte	0x3405
 4464 156b 02       		.uleb128 0x2
 4465 156c 0B       		.byte	0xb
 4466 156d E5       		.byte	0xe5
 4467 156e 0B       		.byte	0xb
 4468 156f 26340000 		.4byte	0x3426
 4469 1573 02       		.uleb128 0x2
 4470 1574 0B       		.byte	0xb
 4471 1575 E7       		.byte	0xe7
 4472 1576 0B       		.byte	0xb
 4473 1577 47340000 		.4byte	0x3447
 4474 157b 02       		.uleb128 0x2
 4475 157c 0B       		.byte	0xb
 4476 157d E8       		.byte	0xe8
 4477 157e 0B       		.byte	0xb
 4478 157f 62340000 		.4byte	0x3462
 4479 1583 5A       		.uleb128 0x5a
 4480 1584 64697600 		.ascii	"div\000"
 4481 1588 0B       		.byte	0xb
 4482 1589 D5       		.byte	0xd5
 4483 158a 03       		.byte	0x3
 4484 158b D3080000 		.4byte	.LASF622
 4485 158f 471F0000 		.4byte	0x1f47
 4486 1593 01       		.uleb128 0x1
 4487 1594 84000000 		.4byte	0x84
ARM GAS  /tmp/ccSzEyJr.s 			page 80


 4488 1598 01       		.uleb128 0x1
 4489 1599 84000000 		.4byte	0x84
 4490 159d 00       		.byte	0
 4491 159e 00       		.byte	0
 4492 159f 14       		.uleb128 0x14
 4493 15a0 08       		.byte	0x8
 4494 15a1 04       		.byte	0x4
 4495 15a2 2D150000 		.4byte	.LASF252
 4496 15a6 14       		.uleb128 0x14
 4497 15a7 08       		.byte	0x8
 4498 15a8 04       		.byte	0x4
 4499 15a9 41030000 		.4byte	.LASF253
 4500 15ad 0C       		.uleb128 0xc
 4501 15ae 25000000 		.4byte	0x25
 4502 15b2 07       		.uleb128 0x7
 4503 15b3 851C0000 		.4byte	.LASF254
 4504 15b7 0E       		.byte	0xe
 4505 15b8 D1       		.byte	0xd1
 4506 15b9 17       		.byte	0x17
 4507 15ba 33000000 		.4byte	0x33
 4508 15be 0C       		.uleb128 0xc
 4509 15bf B2150000 		.4byte	0x15b2
 4510 15c3 5B       		.uleb128 0x5b
 4511 15c4 10       		.byte	0x10
 4512 15c5 08       		.byte	0x8
 4513 15c6 0E       		.byte	0xe
 4514 15c7 9F01     		.2byte	0x19f
 4515 15c9 10       		.byte	0x10
 4516 15ca B71C0000 		.4byte	.LASF623
 4517 15ce F1150000 		.4byte	0x15f1
 4518 15d2 48       		.uleb128 0x48
 4519 15d3 49140000 		.4byte	.LASF255
 4520 15d7 0E       		.byte	0xe
 4521 15d8 A001     		.2byte	0x1a0
 4522 15da 0D       		.byte	0xd
 4523 15db 84000000 		.4byte	0x84
 4524 15df 08       		.byte	0x8
 4525 15e0 00       		.byte	0
 4526 15e1 48       		.uleb128 0x48
 4527 15e2 21140000 		.4byte	.LASF256
 4528 15e6 0E       		.byte	0xe
 4529 15e7 A101     		.2byte	0x1a1
 4530 15e9 0F       		.byte	0xf
 4531 15ea 9F150000 		.4byte	0x159f
 4532 15ee 08       		.byte	0x8
 4533 15ef 08       		.byte	0x8
 4534 15f0 00       		.byte	0
 4535 15f1 5C       		.uleb128 0x5c
 4536 15f2 A4120000 		.4byte	.LASF624
 4537 15f6 0E       		.byte	0xe
 4538 15f7 AA01     		.2byte	0x1aa
 4539 15f9 03       		.byte	0x3
 4540 15fa C3150000 		.4byte	0x15c3
 4541 15fe 08       		.byte	0x8
 4542 15ff 5D       		.uleb128 0x5d
 4543 1600 E8090000 		.4byte	.LASF625
 4544 1604 2B       		.uleb128 0x2b
ARM GAS  /tmp/ccSzEyJr.s 			page 81


 4545 1605 73180000 		.4byte	.LASF257
 4546 1609 0E       		.byte	0xe
 4547 160a 5E01     		.2byte	0x15e
 4548 160c 17       		.byte	0x17
 4549 160d 33000000 		.4byte	0x33
 4550 1611 07       		.uleb128 0x7
 4551 1612 C51C0000 		.4byte	.LASF258
 4552 1616 0F       		.byte	0xf
 4553 1617 2E       		.byte	0x2e
 4554 1618 0E       		.byte	0xe
 4555 1619 71000000 		.4byte	0x71
 4556 161d 07       		.uleb128 0x7
 4557 161e C8150000 		.4byte	.LASF259
 4558 1622 0F       		.byte	0xf
 4559 1623 74       		.byte	0x74
 4560 1624 0E       		.byte	0xe
 4561 1625 71000000 		.4byte	0x71
 4562 1629 2F       		.uleb128 0x2f
 4563 162a 08       		.byte	0x8
 4564 162b 0F       		.byte	0xf
 4565 162c A3       		.byte	0xa3
 4566 162d 01       		.byte	0x1
 4567 162e BB040000 		.4byte	.LASF368
 4568 1632 73160000 		.4byte	0x1673
 4569 1636 5E       		.uleb128 0x5e
 4570 1637 04       		.byte	0x4
 4571 1638 0F       		.byte	0xf
 4572 1639 A6       		.byte	0xa6
 4573 163a 03       		.byte	0x3
 4574 163b 58160000 		.4byte	0x1658
 4575 163f 49       		.uleb128 0x49
 4576 1640 B6030000 		.4byte	.LASF260
 4577 1644 0F       		.byte	0xf
 4578 1645 A7       		.byte	0xa7
 4579 1646 0C       		.byte	0xc
 4580 1647 04160000 		.4byte	0x1604
 4581 164b 49       		.uleb128 0x49
 4582 164c F9150000 		.4byte	.LASF261
 4583 1650 0F       		.byte	0xf
 4584 1651 A8       		.byte	0xa8
 4585 1652 13       		.byte	0x13
 4586 1653 73160000 		.4byte	0x1673
 4587 1657 00       		.byte	0
 4588 1658 04       		.uleb128 0x4
 4589 1659 7B140000 		.4byte	.LASF262
 4590 165d 0F       		.byte	0xf
 4591 165e A4       		.byte	0xa4
 4592 165f 07       		.byte	0x7
 4593 1660 2C000000 		.4byte	0x2c
 4594 1664 00       		.byte	0
 4595 1665 04       		.uleb128 0x4
 4596 1666 A0000000 		.4byte	.LASF263
 4597 166a 0F       		.byte	0xf
 4598 166b A9       		.byte	0xa9
 4599 166c 05       		.byte	0x5
 4600 166d 36160000 		.4byte	0x1636
 4601 1671 04       		.byte	0x4
ARM GAS  /tmp/ccSzEyJr.s 			page 82


 4602 1672 00       		.byte	0
 4603 1673 0B       		.uleb128 0xb
 4604 1674 9C000000 		.4byte	0x9c
 4605 1678 83160000 		.4byte	0x1683
 4606 167c 0D       		.uleb128 0xd
 4607 167d 33000000 		.4byte	0x33
 4608 1681 03       		.byte	0x3
 4609 1682 00       		.byte	0
 4610 1683 07       		.uleb128 0x7
 4611 1684 33180000 		.4byte	.LASF264
 4612 1688 0F       		.byte	0xf
 4613 1689 AA       		.byte	0xaa
 4614 168a 03       		.byte	0x3
 4615 168b 29160000 		.4byte	0x1629
 4616 168f 5F       		.uleb128 0x5f
 4617 1690 04       		.byte	0x4
 4618 1691 07       		.uleb128 0x7
 4619 1692 001C0000 		.4byte	.LASF265
 4620 1696 10       		.byte	0x10
 4621 1697 16       		.byte	0x16
 4622 1698 19       		.byte	0x19
 4623 1699 C7000000 		.4byte	0xc7
 4624 169d 07       		.uleb128 0x7
 4625 169e A30F0000 		.4byte	.LASF266
 4626 16a2 11       		.byte	0x11
 4627 16a3 0C       		.byte	0xc
 4628 16a4 0D       		.byte	0xd
 4629 16a5 2C000000 		.4byte	0x2c
 4630 16a9 07       		.uleb128 0x7
 4631 16aa FC040000 		.4byte	.LASF267
 4632 16ae 10       		.byte	0x10
 4633 16af 23       		.byte	0x23
 4634 16b0 1B       		.byte	0x1b
 4635 16b1 9D160000 		.4byte	0x169d
 4636 16b5 26       		.uleb128 0x26
 4637 16b6 8C100000 		.4byte	.LASF272
 4638 16ba 18       		.byte	0x18
 4639 16bb 10       		.byte	0x10
 4640 16bc 34       		.byte	0x34
 4641 16bd 08       		.byte	0x8
 4642 16be 0F170000 		.4byte	0x170f
 4643 16c2 04       		.uleb128 0x4
 4644 16c3 7A180000 		.4byte	.LASF268
 4645 16c7 10       		.byte	0x10
 4646 16c8 36       		.byte	0x36
 4647 16c9 13       		.byte	0x13
 4648 16ca 0F170000 		.4byte	0x170f
 4649 16ce 00       		.byte	0
 4650 16cf 16       		.uleb128 0x16
 4651 16d0 5F6B00   		.ascii	"_k\000"
 4652 16d3 10       		.byte	0x10
 4653 16d4 37       		.byte	0x37
 4654 16d5 07       		.byte	0x7
 4655 16d6 2C000000 		.4byte	0x2c
 4656 16da 04       		.byte	0x4
 4657 16db 04       		.uleb128 0x4
 4658 16dc 9C100000 		.4byte	.LASF269
ARM GAS  /tmp/ccSzEyJr.s 			page 83


 4659 16e0 10       		.byte	0x10
 4660 16e1 37       		.byte	0x37
 4661 16e2 0B       		.byte	0xb
 4662 16e3 2C000000 		.4byte	0x2c
 4663 16e7 08       		.byte	0x8
 4664 16e8 04       		.uleb128 0x4
 4665 16e9 E5030000 		.4byte	.LASF270
 4666 16ed 10       		.byte	0x10
 4667 16ee 37       		.byte	0x37
 4668 16ef 14       		.byte	0x14
 4669 16f0 2C000000 		.4byte	0x2c
 4670 16f4 0C       		.byte	0xc
 4671 16f5 04       		.uleb128 0x4
 4672 16f6 580D0000 		.4byte	.LASF271
 4673 16fa 10       		.byte	0x10
 4674 16fb 37       		.byte	0x37
 4675 16fc 1B       		.byte	0x1b
 4676 16fd 2C000000 		.4byte	0x2c
 4677 1701 10       		.byte	0x10
 4678 1702 16       		.uleb128 0x16
 4679 1703 5F7800   		.ascii	"_x\000"
 4680 1706 10       		.byte	0x10
 4681 1707 38       		.byte	0x38
 4682 1708 0B       		.byte	0xb
 4683 1709 15170000 		.4byte	0x1715
 4684 170d 14       		.byte	0x14
 4685 170e 00       		.byte	0
 4686 170f 08       		.uleb128 0x8
 4687 1710 04       		.byte	0x4
 4688 1711 B5160000 		.4byte	0x16b5
 4689 1715 0B       		.uleb128 0xb
 4690 1716 91160000 		.4byte	0x1691
 4691 171a 25170000 		.4byte	0x1725
 4692 171e 0D       		.uleb128 0xd
 4693 171f 33000000 		.4byte	0x33
 4694 1723 00       		.byte	0
 4695 1724 00       		.byte	0
 4696 1725 26       		.uleb128 0x26
 4697 1726 C4010000 		.4byte	.LASF273
 4698 172a 24       		.byte	0x24
 4699 172b 10       		.byte	0x10
 4700 172c 3C       		.byte	0x3c
 4701 172d 08       		.byte	0x8
 4702 172e A8170000 		.4byte	0x17a8
 4703 1732 04       		.uleb128 0x4
 4704 1733 E0010000 		.4byte	.LASF274
 4705 1737 10       		.byte	0x10
 4706 1738 3E       		.byte	0x3e
 4707 1739 09       		.byte	0x9
 4708 173a 2C000000 		.4byte	0x2c
 4709 173e 00       		.byte	0
 4710 173f 04       		.uleb128 0x4
 4711 1740 4F1E0000 		.4byte	.LASF275
 4712 1744 10       		.byte	0x10
 4713 1745 3F       		.byte	0x3f
 4714 1746 09       		.byte	0x9
 4715 1747 2C000000 		.4byte	0x2c
ARM GAS  /tmp/ccSzEyJr.s 			page 84


 4716 174b 04       		.byte	0x4
 4717 174c 04       		.uleb128 0x4
 4718 174d 031D0000 		.4byte	.LASF276
 4719 1751 10       		.byte	0x10
 4720 1752 40       		.byte	0x40
 4721 1753 09       		.byte	0x9
 4722 1754 2C000000 		.4byte	0x2c
 4723 1758 08       		.byte	0x8
 4724 1759 04       		.uleb128 0x4
 4725 175a EE0D0000 		.4byte	.LASF277
 4726 175e 10       		.byte	0x10
 4727 175f 41       		.byte	0x41
 4728 1760 09       		.byte	0x9
 4729 1761 2C000000 		.4byte	0x2c
 4730 1765 0C       		.byte	0xc
 4731 1766 04       		.uleb128 0x4
 4732 1767 92050000 		.4byte	.LASF278
 4733 176b 10       		.byte	0x10
 4734 176c 42       		.byte	0x42
 4735 176d 09       		.byte	0x9
 4736 176e 2C000000 		.4byte	0x2c
 4737 1772 10       		.byte	0x10
 4738 1773 04       		.uleb128 0x4
 4739 1774 591A0000 		.4byte	.LASF279
 4740 1778 10       		.byte	0x10
 4741 1779 43       		.byte	0x43
 4742 177a 09       		.byte	0x9
 4743 177b 2C000000 		.4byte	0x2c
 4744 177f 14       		.byte	0x14
 4745 1780 04       		.uleb128 0x4
 4746 1781 0B150000 		.4byte	.LASF280
 4747 1785 10       		.byte	0x10
 4748 1786 44       		.byte	0x44
 4749 1787 09       		.byte	0x9
 4750 1788 2C000000 		.4byte	0x2c
 4751 178c 18       		.byte	0x18
 4752 178d 04       		.uleb128 0x4
 4753 178e 41150000 		.4byte	.LASF281
 4754 1792 10       		.byte	0x10
 4755 1793 45       		.byte	0x45
 4756 1794 09       		.byte	0x9
 4757 1795 2C000000 		.4byte	0x2c
 4758 1799 1C       		.byte	0x1c
 4759 179a 04       		.uleb128 0x4
 4760 179b 101E0000 		.4byte	.LASF282
 4761 179f 10       		.byte	0x10
 4762 17a0 46       		.byte	0x46
 4763 17a1 09       		.byte	0x9
 4764 17a2 2C000000 		.4byte	0x2c
 4765 17a6 20       		.byte	0x20
 4766 17a7 00       		.byte	0
 4767 17a8 37       		.uleb128 0x37
 4768 17a9 08040000 		.4byte	.LASF283
 4769 17ad 0801     		.2byte	0x108
 4770 17af 10       		.byte	0x10
 4771 17b0 4F       		.byte	0x4f
 4772 17b1 08       		.byte	0x8
ARM GAS  /tmp/ccSzEyJr.s 			page 85


 4773 17b2 ED170000 		.4byte	0x17ed
 4774 17b6 04       		.uleb128 0x4
 4775 17b7 FC1D0000 		.4byte	.LASF284
 4776 17bb 10       		.byte	0x10
 4777 17bc 50       		.byte	0x50
 4778 17bd 0A       		.byte	0xa
 4779 17be ED170000 		.4byte	0x17ed
 4780 17c2 00       		.byte	0
 4781 17c3 04       		.uleb128 0x4
 4782 17c4 EA160000 		.4byte	.LASF285
 4783 17c8 10       		.byte	0x10
 4784 17c9 51       		.byte	0x51
 4785 17ca 09       		.byte	0x9
 4786 17cb ED170000 		.4byte	0x17ed
 4787 17cf 80       		.byte	0x80
 4788 17d0 38       		.uleb128 0x38
 4789 17d1 3A1A0000 		.4byte	.LASF286
 4790 17d5 10       		.byte	0x10
 4791 17d6 53       		.byte	0x53
 4792 17d7 0A       		.byte	0xa
 4793 17d8 91160000 		.4byte	0x1691
 4794 17dc 0001     		.2byte	0x100
 4795 17de 38       		.uleb128 0x38
 4796 17df 561B0000 		.4byte	.LASF287
 4797 17e3 10       		.byte	0x10
 4798 17e4 56       		.byte	0x56
 4799 17e5 0A       		.byte	0xa
 4800 17e6 91160000 		.4byte	0x1691
 4801 17ea 0401     		.2byte	0x104
 4802 17ec 00       		.byte	0
 4803 17ed 0B       		.uleb128 0xb
 4804 17ee 8F160000 		.4byte	0x168f
 4805 17f2 FD170000 		.4byte	0x17fd
 4806 17f6 0D       		.uleb128 0xd
 4807 17f7 33000000 		.4byte	0x33
 4808 17fb 1F       		.byte	0x1f
 4809 17fc 00       		.byte	0
 4810 17fd 37       		.uleb128 0x37
 4811 17fe 30140000 		.4byte	.LASF288
 4812 1802 9001     		.2byte	0x190
 4813 1804 10       		.byte	0x10
 4814 1805 62       		.byte	0x62
 4815 1806 08       		.byte	0x8
 4816 1807 40180000 		.4byte	0x1840
 4817 180b 04       		.uleb128 0x4
 4818 180c 7A180000 		.4byte	.LASF268
 4819 1810 10       		.byte	0x10
 4820 1811 63       		.byte	0x63
 4821 1812 12       		.byte	0x12
 4822 1813 40180000 		.4byte	0x1840
 4823 1817 00       		.byte	0
 4824 1818 04       		.uleb128 0x4
 4825 1819 1B1B0000 		.4byte	.LASF289
 4826 181d 10       		.byte	0x10
 4827 181e 64       		.byte	0x64
 4828 181f 06       		.byte	0x6
 4829 1820 2C000000 		.4byte	0x2c
ARM GAS  /tmp/ccSzEyJr.s 			page 86


 4830 1824 04       		.byte	0x4
 4831 1825 04       		.uleb128 0x4
 4832 1826 C9080000 		.4byte	.LASF290
 4833 182a 10       		.byte	0x10
 4834 182b 66       		.byte	0x66
 4835 182c 09       		.byte	0x9
 4836 182d 46180000 		.4byte	0x1846
 4837 1831 08       		.byte	0x8
 4838 1832 04       		.uleb128 0x4
 4839 1833 08040000 		.4byte	.LASF283
 4840 1837 10       		.byte	0x10
 4841 1838 67       		.byte	0x67
 4842 1839 1E       		.byte	0x1e
 4843 183a A8170000 		.4byte	0x17a8
 4844 183e 88       		.byte	0x88
 4845 183f 00       		.byte	0
 4846 1840 08       		.uleb128 0x8
 4847 1841 04       		.byte	0x4
 4848 1842 FD170000 		.4byte	0x17fd
 4849 1846 0B       		.uleb128 0xb
 4850 1847 56180000 		.4byte	0x1856
 4851 184b 56180000 		.4byte	0x1856
 4852 184f 0D       		.uleb128 0xd
 4853 1850 33000000 		.4byte	0x33
 4854 1854 1F       		.byte	0x1f
 4855 1855 00       		.byte	0
 4856 1856 08       		.uleb128 0x8
 4857 1857 04       		.byte	0x4
 4858 1858 5C180000 		.4byte	0x185c
 4859 185c 60       		.uleb128 0x60
 4860 185d 26       		.uleb128 0x26
 4861 185e 331B0000 		.4byte	.LASF291
 4862 1862 08       		.byte	0x8
 4863 1863 10       		.byte	0x10
 4864 1864 7A       		.byte	0x7a
 4865 1865 08       		.byte	0x8
 4866 1866 85180000 		.4byte	0x1885
 4867 186a 04       		.uleb128 0x4
 4868 186b 8D170000 		.4byte	.LASF292
 4869 186f 10       		.byte	0x10
 4870 1870 7B       		.byte	0x7b
 4871 1871 11       		.byte	0x11
 4872 1872 85180000 		.4byte	0x1885
 4873 1876 00       		.byte	0
 4874 1877 04       		.uleb128 0x4
 4875 1878 42020000 		.4byte	.LASF293
 4876 187c 10       		.byte	0x10
 4877 187d 7C       		.byte	0x7c
 4878 187e 06       		.byte	0x6
 4879 187f 2C000000 		.4byte	0x2c
 4880 1883 04       		.byte	0x4
 4881 1884 00       		.byte	0
 4882 1885 08       		.uleb128 0x8
 4883 1886 04       		.byte	0x4
 4884 1887 9C000000 		.4byte	0x9c
 4885 188b 26       		.uleb128 0x26
 4886 188c 210F0000 		.4byte	.LASF294
ARM GAS  /tmp/ccSzEyJr.s 			page 87


 4887 1890 68       		.byte	0x68
 4888 1891 10       		.byte	0x10
 4889 1892 BA       		.byte	0xba
 4890 1893 08       		.byte	0x8
 4891 1894 CE190000 		.4byte	0x19ce
 4892 1898 16       		.uleb128 0x16
 4893 1899 5F7000   		.ascii	"_p\000"
 4894 189c 10       		.byte	0x10
 4895 189d BB       		.byte	0xbb
 4896 189e 12       		.byte	0x12
 4897 189f 85180000 		.4byte	0x1885
 4898 18a3 00       		.byte	0
 4899 18a4 16       		.uleb128 0x16
 4900 18a5 5F7200   		.ascii	"_r\000"
 4901 18a8 10       		.byte	0x10
 4902 18a9 BC       		.byte	0xbc
 4903 18aa 07       		.byte	0x7
 4904 18ab 2C000000 		.4byte	0x2c
 4905 18af 04       		.byte	0x4
 4906 18b0 16       		.uleb128 0x16
 4907 18b1 5F7700   		.ascii	"_w\000"
 4908 18b4 10       		.byte	0x10
 4909 18b5 BD       		.byte	0xbd
 4910 18b6 07       		.byte	0x7
 4911 18b7 2C000000 		.4byte	0x2c
 4912 18bb 08       		.byte	0x8
 4913 18bc 04       		.uleb128 0x4
 4914 18bd D9130000 		.4byte	.LASF295
 4915 18c1 10       		.byte	0x10
 4916 18c2 BE       		.byte	0xbe
 4917 18c3 09       		.byte	0x9
 4918 18c4 59000000 		.4byte	0x59
 4919 18c8 0C       		.byte	0xc
 4920 18c9 04       		.uleb128 0x4
 4921 18ca EB030000 		.4byte	.LASF296
 4922 18ce 10       		.byte	0x10
 4923 18cf BF       		.byte	0xbf
 4924 18d0 09       		.byte	0x9
 4925 18d1 59000000 		.4byte	0x59
 4926 18d5 0E       		.byte	0xe
 4927 18d6 16       		.uleb128 0x16
 4928 18d7 5F626600 		.ascii	"_bf\000"
 4929 18db 10       		.byte	0x10
 4930 18dc C0       		.byte	0xc0
 4931 18dd 11       		.byte	0x11
 4932 18de 5D180000 		.4byte	0x185d
 4933 18e2 10       		.byte	0x10
 4934 18e3 04       		.uleb128 0x4
 4935 18e4 66120000 		.4byte	.LASF297
 4936 18e8 10       		.byte	0x10
 4937 18e9 C1       		.byte	0xc1
 4938 18ea 07       		.byte	0x7
 4939 18eb 2C000000 		.4byte	0x2c
 4940 18ef 18       		.byte	0x18
 4941 18f0 04       		.uleb128 0x4
 4942 18f1 200D0000 		.4byte	.LASF298
 4943 18f5 10       		.byte	0x10
ARM GAS  /tmp/ccSzEyJr.s 			page 88


 4944 18f6 C8       		.byte	0xc8
 4945 18f7 0A       		.byte	0xa
 4946 18f8 8F160000 		.4byte	0x168f
 4947 18fc 1C       		.byte	0x1c
 4948 18fd 04       		.uleb128 0x4
 4949 18fe F2000000 		.4byte	.LASF299
 4950 1902 10       		.byte	0x10
 4951 1903 CA       		.byte	0xca
 4952 1904 1D       		.byte	0x1d
 4953 1905 B31C0000 		.4byte	0x1cb3
 4954 1909 20       		.byte	0x20
 4955 190a 04       		.uleb128 0x4
 4956 190b 0D010000 		.4byte	.LASF300
 4957 190f 10       		.byte	0x10
 4958 1910 CC       		.byte	0xcc
 4959 1911 1D       		.byte	0x1d
 4960 1912 DD1C0000 		.4byte	0x1cdd
 4961 1916 24       		.byte	0x24
 4962 1917 04       		.uleb128 0x4
 4963 1918 B6150000 		.4byte	.LASF301
 4964 191c 10       		.byte	0x10
 4965 191d CF       		.byte	0xcf
 4966 191e 0D       		.byte	0xd
 4967 191f 011D0000 		.4byte	0x1d01
 4968 1923 28       		.byte	0x28
 4969 1924 04       		.uleb128 0x4
 4970 1925 E8080000 		.4byte	.LASF302
 4971 1929 10       		.byte	0x10
 4972 192a D0       		.byte	0xd0
 4973 192b 09       		.byte	0x9
 4974 192c 1B1D0000 		.4byte	0x1d1b
 4975 1930 2C       		.byte	0x2c
 4976 1931 16       		.uleb128 0x16
 4977 1932 5F756200 		.ascii	"_ub\000"
 4978 1936 10       		.byte	0x10
 4979 1937 D3       		.byte	0xd3
 4980 1938 11       		.byte	0x11
 4981 1939 5D180000 		.4byte	0x185d
 4982 193d 30       		.byte	0x30
 4983 193e 16       		.uleb128 0x16
 4984 193f 5F757000 		.ascii	"_up\000"
 4985 1943 10       		.byte	0x10
 4986 1944 D4       		.byte	0xd4
 4987 1945 12       		.byte	0x12
 4988 1946 85180000 		.4byte	0x1885
 4989 194a 38       		.byte	0x38
 4990 194b 16       		.uleb128 0x16
 4991 194c 5F757200 		.ascii	"_ur\000"
 4992 1950 10       		.byte	0x10
 4993 1951 D5       		.byte	0xd5
 4994 1952 07       		.byte	0x7
 4995 1953 2C000000 		.4byte	0x2c
 4996 1957 3C       		.byte	0x3c
 4997 1958 04       		.uleb128 0x4
 4998 1959 6B130000 		.4byte	.LASF303
 4999 195d 10       		.byte	0x10
 5000 195e D8       		.byte	0xd8
ARM GAS  /tmp/ccSzEyJr.s 			page 89


 5001 195f 11       		.byte	0x11
 5002 1960 211D0000 		.4byte	0x1d21
 5003 1964 40       		.byte	0x40
 5004 1965 04       		.uleb128 0x4
 5005 1966 DA010000 		.4byte	.LASF304
 5006 196a 10       		.byte	0x10
 5007 196b D9       		.byte	0xd9
 5008 196c 11       		.byte	0x11
 5009 196d 311D0000 		.4byte	0x1d31
 5010 1971 43       		.byte	0x43
 5011 1972 16       		.uleb128 0x16
 5012 1973 5F6C6200 		.ascii	"_lb\000"
 5013 1977 10       		.byte	0x10
 5014 1978 DC       		.byte	0xdc
 5015 1979 11       		.byte	0x11
 5016 197a 5D180000 		.4byte	0x185d
 5017 197e 44       		.byte	0x44
 5018 197f 04       		.uleb128 0x4
 5019 1980 5E170000 		.4byte	.LASF305
 5020 1984 10       		.byte	0x10
 5021 1985 DF       		.byte	0xdf
 5022 1986 07       		.byte	0x7
 5023 1987 2C000000 		.4byte	0x2c
 5024 198b 4C       		.byte	0x4c
 5025 198c 04       		.uleb128 0x4
 5026 198d CF0D0000 		.4byte	.LASF306
 5027 1991 10       		.byte	0x10
 5028 1992 E0       		.byte	0xe0
 5029 1993 0A       		.byte	0xa
 5030 1994 11160000 		.4byte	0x1611
 5031 1998 50       		.byte	0x50
 5032 1999 04       		.uleb128 0x4
 5033 199a 80180000 		.4byte	.LASF307
 5034 199e 10       		.byte	0x10
 5035 199f E3       		.byte	0xe3
 5036 19a0 12       		.byte	0x12
 5037 19a1 EC190000 		.4byte	0x19ec
 5038 19a5 54       		.byte	0x54
 5039 19a6 04       		.uleb128 0x4
 5040 19a7 6B020000 		.4byte	.LASF308
 5041 19ab 10       		.byte	0x10
 5042 19ac E7       		.byte	0xe7
 5043 19ad 0C       		.byte	0xc
 5044 19ae A9160000 		.4byte	0x16a9
 5045 19b2 58       		.byte	0x58
 5046 19b3 04       		.uleb128 0x4
 5047 19b4 A8130000 		.4byte	.LASF309
 5048 19b8 10       		.byte	0x10
 5049 19b9 E9       		.byte	0xe9
 5050 19ba 0E       		.byte	0xe
 5051 19bb 83160000 		.4byte	0x1683
 5052 19bf 5C       		.byte	0x5c
 5053 19c0 04       		.uleb128 0x4
 5054 19c1 340F0000 		.4byte	.LASF310
 5055 19c5 10       		.byte	0x10
 5056 19c6 EA       		.byte	0xea
 5057 19c7 09       		.byte	0x9
ARM GAS  /tmp/ccSzEyJr.s 			page 90


 5058 19c8 2C000000 		.4byte	0x2c
 5059 19cc 64       		.byte	0x64
 5060 19cd 00       		.byte	0
 5061 19ce 29       		.uleb128 0x29
 5062 19cf 2C000000 		.4byte	0x2c
 5063 19d3 EC190000 		.4byte	0x19ec
 5064 19d7 01       		.uleb128 0x1
 5065 19d8 EC190000 		.4byte	0x19ec
 5066 19dc 01       		.uleb128 0x1
 5067 19dd 8F160000 		.4byte	0x168f
 5068 19e1 01       		.uleb128 0x1
 5069 19e2 A11C0000 		.4byte	0x1ca1
 5070 19e6 01       		.uleb128 0x1
 5071 19e7 2C000000 		.4byte	0x2c
 5072 19eb 00       		.byte	0
 5073 19ec 08       		.uleb128 0x8
 5074 19ed 04       		.byte	0x4
 5075 19ee F7190000 		.4byte	0x19f7
 5076 19f2 0C       		.uleb128 0xc
 5077 19f3 EC190000 		.4byte	0x19ec
 5078 19f7 4A       		.uleb128 0x4a
 5079 19f8 2C080000 		.4byte	.LASF311
 5080 19fc 2804     		.2byte	0x428
 5081 19fe 10       		.byte	0x10
 5082 19ff 6502     		.2byte	0x265
 5083 1a01 08       		.byte	0x8
 5084 1a02 A11C0000 		.4byte	0x1ca1
 5085 1a06 61       		.uleb128 0x61
 5086 1a07 F0       		.byte	0xf0
 5087 1a08 10       		.byte	0x10
 5088 1a09 8402     		.2byte	0x284
 5089 1a0b 05       		.byte	0x5
 5090 1a0c 671B0000 		.4byte	0x1b67
 5091 1a10 4B       		.uleb128 0x4b
 5092 1a11 D0       		.byte	0xd0
 5093 1a12 10       		.byte	0x10
 5094 1a13 8602     		.2byte	0x286
 5095 1a15 09       		.byte	0x9
 5096 1a16 251B0000 		.4byte	0x1b25
 5097 1a1a 05       		.uleb128 0x5
 5098 1a1b 43060000 		.4byte	.LASF312
 5099 1a1f 10       		.byte	0x10
 5100 1a20 8702     		.2byte	0x287
 5101 1a22 18       		.byte	0x18
 5102 1a23 33000000 		.4byte	0x33
 5103 1a27 00       		.byte	0
 5104 1a28 05       		.uleb128 0x5
 5105 1a29 A9170000 		.4byte	.LASF313
 5106 1a2d 10       		.byte	0x10
 5107 1a2e 8802     		.2byte	0x288
 5108 1a30 12       		.byte	0x12
 5109 1a31 A11C0000 		.4byte	0x1ca1
 5110 1a35 04       		.byte	0x4
 5111 1a36 05       		.uleb128 0x5
 5112 1a37 47010000 		.4byte	.LASF314
 5113 1a3b 10       		.byte	0x10
 5114 1a3c 8902     		.2byte	0x289
ARM GAS  /tmp/ccSzEyJr.s 			page 91


 5115 1a3e 10       		.byte	0x10
 5116 1a3f DC1D0000 		.4byte	0x1ddc
 5117 1a43 08       		.byte	0x8
 5118 1a44 05       		.uleb128 0x5
 5119 1a45 E6040000 		.4byte	.LASF315
 5120 1a49 10       		.byte	0x10
 5121 1a4a 8A02     		.2byte	0x28a
 5122 1a4c 17       		.byte	0x17
 5123 1a4d 25170000 		.4byte	0x1725
 5124 1a51 24       		.byte	0x24
 5125 1a52 05       		.uleb128 0x5
 5126 1a53 90110000 		.4byte	.LASF316
 5127 1a57 10       		.byte	0x10
 5128 1a58 8B02     		.2byte	0x28b
 5129 1a5a 0F       		.byte	0xf
 5130 1a5b 2C000000 		.4byte	0x2c
 5131 1a5f 48       		.byte	0x48
 5132 1a60 05       		.uleb128 0x5
 5133 1a61 C7130000 		.4byte	.LASF317
 5134 1a65 10       		.byte	0x10
 5135 1a66 8C02     		.2byte	0x28c
 5136 1a68 2C       		.byte	0x2c
 5137 1a69 DA000000 		.4byte	0xda
 5138 1a6d 50       		.byte	0x50
 5139 1a6e 05       		.uleb128 0x5
 5140 1a6f 52180000 		.4byte	.LASF318
 5141 1a73 10       		.byte	0x10
 5142 1a74 8D02     		.2byte	0x28d
 5143 1a76 1A       		.byte	0x1a
 5144 1a77 931D0000 		.4byte	0x1d93
 5145 1a7b 58       		.byte	0x58
 5146 1a7c 05       		.uleb128 0x5
 5147 1a7d A5190000 		.4byte	.LASF319
 5148 1a81 10       		.byte	0x10
 5149 1a82 8E02     		.2byte	0x28e
 5150 1a84 16       		.byte	0x16
 5151 1a85 83160000 		.4byte	0x1683
 5152 1a89 68       		.byte	0x68
 5153 1a8a 05       		.uleb128 0x5
 5154 1a8b 30160000 		.4byte	.LASF320
 5155 1a8f 10       		.byte	0x10
 5156 1a90 8F02     		.2byte	0x28f
 5157 1a92 16       		.byte	0x16
 5158 1a93 83160000 		.4byte	0x1683
 5159 1a97 70       		.byte	0x70
 5160 1a98 05       		.uleb128 0x5
 5161 1a99 9A130000 		.4byte	.LASF321
 5162 1a9d 10       		.byte	0x10
 5163 1a9e 9002     		.2byte	0x290
 5164 1aa0 16       		.byte	0x16
 5165 1aa1 83160000 		.4byte	0x1683
 5166 1aa5 78       		.byte	0x78
 5167 1aa6 05       		.uleb128 0x5
 5168 1aa7 F5010000 		.4byte	.LASF322
 5169 1aab 10       		.byte	0x10
 5170 1aac 9102     		.2byte	0x291
 5171 1aae 10       		.byte	0x10
ARM GAS  /tmp/ccSzEyJr.s 			page 92


 5172 1aaf EC1D0000 		.4byte	0x1dec
 5173 1ab3 80       		.byte	0x80
 5174 1ab4 05       		.uleb128 0x5
 5175 1ab5 07100000 		.4byte	.LASF323
 5176 1ab9 10       		.byte	0x10
 5177 1aba 9202     		.2byte	0x292
 5178 1abc 10       		.byte	0x10
 5179 1abd FC1D0000 		.4byte	0x1dfc
 5180 1ac1 88       		.byte	0x88
 5181 1ac2 05       		.uleb128 0x5
 5182 1ac3 641E0000 		.4byte	.LASF324
 5183 1ac7 10       		.byte	0x10
 5184 1ac8 9302     		.2byte	0x293
 5185 1aca 0F       		.byte	0xf
 5186 1acb 2C000000 		.4byte	0x2c
 5187 1acf A0       		.byte	0xa0
 5188 1ad0 05       		.uleb128 0x5
 5189 1ad1 3E040000 		.4byte	.LASF325
 5190 1ad5 10       		.byte	0x10
 5191 1ad6 9402     		.2byte	0x294
 5192 1ad8 16       		.byte	0x16
 5193 1ad9 83160000 		.4byte	0x1683
 5194 1add A4       		.byte	0xa4
 5195 1ade 05       		.uleb128 0x5
 5196 1adf BB170000 		.4byte	.LASF326
 5197 1ae3 10       		.byte	0x10
 5198 1ae4 9502     		.2byte	0x295
 5199 1ae6 16       		.byte	0x16
 5200 1ae7 83160000 		.4byte	0x1683
 5201 1aeb AC       		.byte	0xac
 5202 1aec 05       		.uleb128 0x5
 5203 1aed 411D0000 		.4byte	.LASF327
 5204 1af1 10       		.byte	0x10
 5205 1af2 9602     		.2byte	0x296
 5206 1af4 16       		.byte	0x16
 5207 1af5 83160000 		.4byte	0x1683
 5208 1af9 B4       		.byte	0xb4
 5209 1afa 05       		.uleb128 0x5
 5210 1afb 1D130000 		.4byte	.LASF328
 5211 1aff 10       		.byte	0x10
 5212 1b00 9702     		.2byte	0x297
 5213 1b02 16       		.byte	0x16
 5214 1b03 83160000 		.4byte	0x1683
 5215 1b07 BC       		.byte	0xbc
 5216 1b08 05       		.uleb128 0x5
 5217 1b09 C9010000 		.4byte	.LASF329
 5218 1b0d 10       		.byte	0x10
 5219 1b0e 9802     		.2byte	0x298
 5220 1b10 16       		.byte	0x16
 5221 1b11 83160000 		.4byte	0x1683
 5222 1b15 C4       		.byte	0xc4
 5223 1b16 05       		.uleb128 0x5
 5224 1b17 D4120000 		.4byte	.LASF330
 5225 1b1b 10       		.byte	0x10
 5226 1b1c 9902     		.2byte	0x299
 5227 1b1e 08       		.byte	0x8
 5228 1b1f 2C000000 		.4byte	0x2c
ARM GAS  /tmp/ccSzEyJr.s 			page 93


 5229 1b23 CC       		.byte	0xcc
 5230 1b24 00       		.byte	0
 5231 1b25 4B       		.uleb128 0x4b
 5232 1b26 F0       		.byte	0xf0
 5233 1b27 10       		.byte	0x10
 5234 1b28 9F02     		.2byte	0x29f
 5235 1b2a 09       		.byte	0x9
 5236 1b2b 4C1B0000 		.4byte	0x1b4c
 5237 1b2f 05       		.uleb128 0x5
 5238 1b30 D2130000 		.4byte	.LASF331
 5239 1b34 10       		.byte	0x10
 5240 1b35 A102     		.2byte	0x2a1
 5241 1b37 1B       		.byte	0x1b
 5242 1b38 0C1E0000 		.4byte	0x1e0c
 5243 1b3c 00       		.byte	0
 5244 1b3d 05       		.uleb128 0x5
 5245 1b3e 79110000 		.4byte	.LASF332
 5246 1b42 10       		.byte	0x10
 5247 1b43 A202     		.2byte	0x2a2
 5248 1b45 18       		.byte	0x18
 5249 1b46 1C1E0000 		.4byte	0x1e1c
 5250 1b4a 78       		.byte	0x78
 5251 1b4b 00       		.byte	0
 5252 1b4c 4C       		.uleb128 0x4c
 5253 1b4d 2C080000 		.4byte	.LASF311
 5254 1b51 10       		.byte	0x10
 5255 1b52 9A02     		.2byte	0x29a
 5256 1b54 0B       		.byte	0xb
 5257 1b55 101A0000 		.4byte	0x1a10
 5258 1b59 4C       		.uleb128 0x4c
 5259 1b5a 76080000 		.4byte	.LASF333
 5260 1b5e 10       		.byte	0x10
 5261 1b5f A302     		.2byte	0x2a3
 5262 1b61 0B       		.byte	0xb
 5263 1b62 251B0000 		.4byte	0x1b25
 5264 1b66 00       		.byte	0
 5265 1b67 05       		.uleb128 0x5
 5266 1b68 DB0F0000 		.4byte	.LASF334
 5267 1b6c 10       		.byte	0x10
 5268 1b6d 6702     		.2byte	0x267
 5269 1b6f 07       		.byte	0x7
 5270 1b70 2C000000 		.4byte	0x2c
 5271 1b74 00       		.byte	0
 5272 1b75 05       		.uleb128 0x5
 5273 1b76 B9090000 		.4byte	.LASF335
 5274 1b7a 10       		.byte	0x10
 5275 1b7b 6C02     		.2byte	0x26c
 5276 1b7d 0B       		.byte	0xb
 5277 1b7e 8D1D0000 		.4byte	0x1d8d
 5278 1b82 04       		.byte	0x4
 5279 1b83 05       		.uleb128 0x5
 5280 1b84 21170000 		.4byte	.LASF336
 5281 1b88 10       		.byte	0x10
 5282 1b89 6C02     		.2byte	0x26c
 5283 1b8b 14       		.byte	0x14
 5284 1b8c 8D1D0000 		.4byte	0x1d8d
 5285 1b90 08       		.byte	0x8
ARM GAS  /tmp/ccSzEyJr.s 			page 94


 5286 1b91 05       		.uleb128 0x5
 5287 1b92 440C0000 		.4byte	.LASF337
 5288 1b96 10       		.byte	0x10
 5289 1b97 6C02     		.2byte	0x26c
 5290 1b99 1E       		.byte	0x1e
 5291 1b9a 8D1D0000 		.4byte	0x1d8d
 5292 1b9e 0C       		.byte	0xc
 5293 1b9f 05       		.uleb128 0x5
 5294 1ba0 161B0000 		.4byte	.LASF338
 5295 1ba4 10       		.byte	0x10
 5296 1ba5 6E02     		.2byte	0x26e
 5297 1ba7 08       		.byte	0x8
 5298 1ba8 2C000000 		.4byte	0x2c
 5299 1bac 10       		.byte	0x10
 5300 1bad 05       		.uleb128 0x5
 5301 1bae 1E110000 		.4byte	.LASF339
 5302 1bb2 10       		.byte	0x10
 5303 1bb3 6F02     		.2byte	0x26f
 5304 1bb5 08       		.byte	0x8
 5305 1bb6 2C1E0000 		.4byte	0x1e2c
 5306 1bba 14       		.byte	0x14
 5307 1bbb 05       		.uleb128 0x5
 5308 1bbc F6160000 		.4byte	.LASF340
 5309 1bc0 10       		.byte	0x10
 5310 1bc1 7202     		.2byte	0x272
 5311 1bc3 07       		.byte	0x7
 5312 1bc4 2C000000 		.4byte	0x2c
 5313 1bc8 30       		.byte	0x30
 5314 1bc9 05       		.uleb128 0x5
 5315 1bca 2D0C0000 		.4byte	.LASF341
 5316 1bce 10       		.byte	0x10
 5317 1bcf 7302     		.2byte	0x273
 5318 1bd1 16       		.byte	0x16
 5319 1bd2 411E0000 		.4byte	0x1e41
 5320 1bd6 34       		.byte	0x34
 5321 1bd7 05       		.uleb128 0x5
 5322 1bd8 290F0000 		.4byte	.LASF342
 5323 1bdc 10       		.byte	0x10
 5324 1bdd 7502     		.2byte	0x275
 5325 1bdf 07       		.byte	0x7
 5326 1be0 2C000000 		.4byte	0x2c
 5327 1be4 38       		.byte	0x38
 5328 1be5 05       		.uleb128 0x5
 5329 1be6 D8100000 		.4byte	.LASF343
 5330 1bea 10       		.byte	0x10
 5331 1beb 7702     		.2byte	0x277
 5332 1bed 0A       		.byte	0xa
 5333 1bee 521E0000 		.4byte	0x1e52
 5334 1bf2 3C       		.byte	0x3c
 5335 1bf3 05       		.uleb128 0x5
 5336 1bf4 3E1C0000 		.4byte	.LASF344
 5337 1bf8 10       		.byte	0x10
 5338 1bf9 7A02     		.2byte	0x27a
 5339 1bfb 13       		.byte	0x13
 5340 1bfc 0F170000 		.4byte	0x170f
 5341 1c00 40       		.byte	0x40
 5342 1c01 05       		.uleb128 0x5
ARM GAS  /tmp/ccSzEyJr.s 			page 95


 5343 1c02 B1040000 		.4byte	.LASF345
 5344 1c06 10       		.byte	0x10
 5345 1c07 7B02     		.2byte	0x27b
 5346 1c09 07       		.byte	0x7
 5347 1c0a 2C000000 		.4byte	0x2c
 5348 1c0e 44       		.byte	0x44
 5349 1c0f 05       		.uleb128 0x5
 5350 1c10 280D0000 		.4byte	.LASF346
 5351 1c14 10       		.byte	0x10
 5352 1c15 7C02     		.2byte	0x27c
 5353 1c17 13       		.byte	0x13
 5354 1c18 0F170000 		.4byte	0x170f
 5355 1c1c 48       		.byte	0x48
 5356 1c1d 05       		.uleb128 0x5
 5357 1c1e D8110000 		.4byte	.LASF347
 5358 1c22 10       		.byte	0x10
 5359 1c23 7D02     		.2byte	0x27d
 5360 1c25 14       		.byte	0x14
 5361 1c26 581E0000 		.4byte	0x1e58
 5362 1c2a 4C       		.byte	0x4c
 5363 1c2b 05       		.uleb128 0x5
 5364 1c2c 81010000 		.4byte	.LASF348
 5365 1c30 10       		.byte	0x10
 5366 1c31 8002     		.2byte	0x280
 5367 1c33 07       		.byte	0x7
 5368 1c34 2C000000 		.4byte	0x2c
 5369 1c38 50       		.byte	0x50
 5370 1c39 05       		.uleb128 0x5
 5371 1c3a E60D0000 		.4byte	.LASF349
 5372 1c3e 10       		.byte	0x10
 5373 1c3f 8102     		.2byte	0x281
 5374 1c41 09       		.byte	0x9
 5375 1c42 A11C0000 		.4byte	0x1ca1
 5376 1c46 54       		.byte	0x54
 5377 1c47 05       		.uleb128 0x5
 5378 1c48 56130000 		.4byte	.LASF350
 5379 1c4c 10       		.byte	0x10
 5380 1c4d A402     		.2byte	0x2a4
 5381 1c4f 07       		.byte	0x7
 5382 1c50 061A0000 		.4byte	0x1a06
 5383 1c54 58       		.byte	0x58
 5384 1c55 2C       		.uleb128 0x2c
 5385 1c56 30140000 		.4byte	.LASF288
 5386 1c5a 10       		.byte	0x10
 5387 1c5b A802     		.2byte	0x2a8
 5388 1c5d 13       		.byte	0x13
 5389 1c5e 40180000 		.4byte	0x1840
 5390 1c62 4801     		.2byte	0x148
 5391 1c64 2C       		.uleb128 0x2c
 5392 1c65 E2100000 		.4byte	.LASF351
 5393 1c69 10       		.byte	0x10
 5394 1c6a A902     		.2byte	0x2a9
 5395 1c6c 12       		.byte	0x12
 5396 1c6d FD170000 		.4byte	0x17fd
 5397 1c71 4C01     		.2byte	0x14c
 5398 1c73 2C       		.uleb128 0x2c
 5399 1c74 9E0D0000 		.4byte	.LASF352
ARM GAS  /tmp/ccSzEyJr.s 			page 96


 5400 1c78 10       		.byte	0x10
 5401 1c79 AD02     		.2byte	0x2ad
 5402 1c7b 0C       		.byte	0xc
 5403 1c7c 691E0000 		.4byte	0x1e69
 5404 1c80 DC02     		.2byte	0x2dc
 5405 1c82 2C       		.uleb128 0x2c
 5406 1c83 71110000 		.4byte	.LASF353
 5407 1c87 10       		.byte	0x10
 5408 1c88 B202     		.2byte	0x2b2
 5409 1c8a 10       		.byte	0x10
 5410 1c8b 4E1D0000 		.4byte	0x1d4e
 5411 1c8f E002     		.2byte	0x2e0
 5412 1c91 2C       		.uleb128 0x2c
 5413 1c92 BC000000 		.4byte	.LASF354
 5414 1c96 10       		.byte	0x10
 5415 1c97 B402     		.2byte	0x2b4
 5416 1c99 0A       		.byte	0xa
 5417 1c9a 751E0000 		.4byte	0x1e75
 5418 1c9e EC02     		.2byte	0x2ec
 5419 1ca0 00       		.byte	0
 5420 1ca1 08       		.uleb128 0x8
 5421 1ca2 04       		.byte	0x4
 5422 1ca3 A71C0000 		.4byte	0x1ca7
 5423 1ca7 14       		.uleb128 0x14
 5424 1ca8 01       		.byte	0x1
 5425 1ca9 08       		.byte	0x8
 5426 1caa BD080000 		.4byte	.LASF355
 5427 1cae 0C       		.uleb128 0xc
 5428 1caf A71C0000 		.4byte	0x1ca7
 5429 1cb3 08       		.uleb128 0x8
 5430 1cb4 04       		.byte	0x4
 5431 1cb5 CE190000 		.4byte	0x19ce
 5432 1cb9 29       		.uleb128 0x29
 5433 1cba 2C000000 		.4byte	0x2c
 5434 1cbe D71C0000 		.4byte	0x1cd7
 5435 1cc2 01       		.uleb128 0x1
 5436 1cc3 EC190000 		.4byte	0x19ec
 5437 1cc7 01       		.uleb128 0x1
 5438 1cc8 8F160000 		.4byte	0x168f
 5439 1ccc 01       		.uleb128 0x1
 5440 1ccd D71C0000 		.4byte	0x1cd7
 5441 1cd1 01       		.uleb128 0x1
 5442 1cd2 2C000000 		.4byte	0x2c
 5443 1cd6 00       		.byte	0
 5444 1cd7 08       		.uleb128 0x8
 5445 1cd8 04       		.byte	0x4
 5446 1cd9 AE1C0000 		.4byte	0x1cae
 5447 1cdd 08       		.uleb128 0x8
 5448 1cde 04       		.byte	0x4
 5449 1cdf B91C0000 		.4byte	0x1cb9
 5450 1ce3 29       		.uleb128 0x29
 5451 1ce4 1D160000 		.4byte	0x161d
 5452 1ce8 011D0000 		.4byte	0x1d01
 5453 1cec 01       		.uleb128 0x1
 5454 1ced EC190000 		.4byte	0x19ec
 5455 1cf1 01       		.uleb128 0x1
 5456 1cf2 8F160000 		.4byte	0x168f
ARM GAS  /tmp/ccSzEyJr.s 			page 97


 5457 1cf6 01       		.uleb128 0x1
 5458 1cf7 1D160000 		.4byte	0x161d
 5459 1cfb 01       		.uleb128 0x1
 5460 1cfc 2C000000 		.4byte	0x2c
 5461 1d00 00       		.byte	0
 5462 1d01 08       		.uleb128 0x8
 5463 1d02 04       		.byte	0x4
 5464 1d03 E31C0000 		.4byte	0x1ce3
 5465 1d07 29       		.uleb128 0x29
 5466 1d08 2C000000 		.4byte	0x2c
 5467 1d0c 1B1D0000 		.4byte	0x1d1b
 5468 1d10 01       		.uleb128 0x1
 5469 1d11 EC190000 		.4byte	0x19ec
 5470 1d15 01       		.uleb128 0x1
 5471 1d16 8F160000 		.4byte	0x168f
 5472 1d1a 00       		.byte	0
 5473 1d1b 08       		.uleb128 0x8
 5474 1d1c 04       		.byte	0x4
 5475 1d1d 071D0000 		.4byte	0x1d07
 5476 1d21 0B       		.uleb128 0xb
 5477 1d22 9C000000 		.4byte	0x9c
 5478 1d26 311D0000 		.4byte	0x1d31
 5479 1d2a 0D       		.uleb128 0xd
 5480 1d2b 33000000 		.4byte	0x33
 5481 1d2f 02       		.byte	0x2
 5482 1d30 00       		.byte	0
 5483 1d31 0B       		.uleb128 0xb
 5484 1d32 9C000000 		.4byte	0x9c
 5485 1d36 411D0000 		.4byte	0x1d41
 5486 1d3a 0D       		.uleb128 0xd
 5487 1d3b 33000000 		.4byte	0x33
 5488 1d3f 00       		.byte	0
 5489 1d40 00       		.byte	0
 5490 1d41 2B       		.uleb128 0x2b
 5491 1d42 0A180000 		.4byte	.LASF356
 5492 1d46 10       		.byte	0x10
 5493 1d47 2401     		.2byte	0x124
 5494 1d49 1A       		.byte	0x1a
 5495 1d4a 8B180000 		.4byte	0x188b
 5496 1d4e 30       		.uleb128 0x30
 5497 1d4f 15120000 		.4byte	.LASF357
 5498 1d53 0C       		.byte	0xc
 5499 1d54 10       		.byte	0x10
 5500 1d55 2801     		.2byte	0x128
 5501 1d57 08       		.byte	0x8
 5502 1d58 871D0000 		.4byte	0x1d87
 5503 1d5c 05       		.uleb128 0x5
 5504 1d5d 7A180000 		.4byte	.LASF268
 5505 1d61 10       		.byte	0x10
 5506 1d62 2A01     		.2byte	0x12a
 5507 1d64 11       		.byte	0x11
 5508 1d65 871D0000 		.4byte	0x1d87
 5509 1d69 00       		.byte	0
 5510 1d6a 05       		.uleb128 0x5
 5511 1d6b 6A110000 		.4byte	.LASF358
 5512 1d6f 10       		.byte	0x10
 5513 1d70 2B01     		.2byte	0x12b
ARM GAS  /tmp/ccSzEyJr.s 			page 98


 5514 1d72 07       		.byte	0x7
 5515 1d73 2C000000 		.4byte	0x2c
 5516 1d77 04       		.byte	0x4
 5517 1d78 05       		.uleb128 0x5
 5518 1d79 F9110000 		.4byte	.LASF359
 5519 1d7d 10       		.byte	0x10
 5520 1d7e 2C01     		.2byte	0x12c
 5521 1d80 0B       		.byte	0xb
 5522 1d81 8D1D0000 		.4byte	0x1d8d
 5523 1d85 08       		.byte	0x8
 5524 1d86 00       		.byte	0
 5525 1d87 08       		.uleb128 0x8
 5526 1d88 04       		.byte	0x4
 5527 1d89 4E1D0000 		.4byte	0x1d4e
 5528 1d8d 08       		.uleb128 0x8
 5529 1d8e 04       		.byte	0x4
 5530 1d8f 411D0000 		.4byte	0x1d41
 5531 1d93 30       		.uleb128 0x30
 5532 1d94 0F170000 		.4byte	.LASF360
 5533 1d98 0E       		.byte	0xe
 5534 1d99 10       		.byte	0x10
 5535 1d9a 4401     		.2byte	0x144
 5536 1d9c 08       		.byte	0x8
 5537 1d9d CC1D0000 		.4byte	0x1dcc
 5538 1da1 05       		.uleb128 0x5
 5539 1da2 90150000 		.4byte	.LASF361
 5540 1da6 10       		.byte	0x10
 5541 1da7 4501     		.2byte	0x145
 5542 1da9 12       		.byte	0x12
 5543 1daa CC1D0000 		.4byte	0x1dcc
 5544 1dae 00       		.byte	0
 5545 1daf 05       		.uleb128 0x5
 5546 1db0 03030000 		.4byte	.LASF362
 5547 1db4 10       		.byte	0x10
 5548 1db5 4601     		.2byte	0x146
 5549 1db7 12       		.byte	0x12
 5550 1db8 CC1D0000 		.4byte	0x1dcc
 5551 1dbc 06       		.byte	0x6
 5552 1dbd 05       		.uleb128 0x5
 5553 1dbe DA1C0000 		.4byte	.LASF363
 5554 1dc2 10       		.byte	0x10
 5555 1dc3 4701     		.2byte	0x147
 5556 1dc5 12       		.byte	0x12
 5557 1dc6 AF000000 		.4byte	0xaf
 5558 1dca 0C       		.byte	0xc
 5559 1dcb 00       		.byte	0
 5560 1dcc 0B       		.uleb128 0xb
 5561 1dcd AF000000 		.4byte	0xaf
 5562 1dd1 DC1D0000 		.4byte	0x1ddc
 5563 1dd5 0D       		.uleb128 0xd
 5564 1dd6 33000000 		.4byte	0x33
 5565 1dda 02       		.byte	0x2
 5566 1ddb 00       		.byte	0
 5567 1ddc 0B       		.uleb128 0xb
 5568 1ddd A71C0000 		.4byte	0x1ca7
 5569 1de1 EC1D0000 		.4byte	0x1dec
 5570 1de5 0D       		.uleb128 0xd
ARM GAS  /tmp/ccSzEyJr.s 			page 99


 5571 1de6 33000000 		.4byte	0x33
 5572 1dea 19       		.byte	0x19
 5573 1deb 00       		.byte	0
 5574 1dec 0B       		.uleb128 0xb
 5575 1ded A71C0000 		.4byte	0x1ca7
 5576 1df1 FC1D0000 		.4byte	0x1dfc
 5577 1df5 0D       		.uleb128 0xd
 5578 1df6 33000000 		.4byte	0x33
 5579 1dfa 07       		.byte	0x7
 5580 1dfb 00       		.byte	0
 5581 1dfc 0B       		.uleb128 0xb
 5582 1dfd A71C0000 		.4byte	0x1ca7
 5583 1e01 0C1E0000 		.4byte	0x1e0c
 5584 1e05 0D       		.uleb128 0xd
 5585 1e06 33000000 		.4byte	0x33
 5586 1e0a 17       		.byte	0x17
 5587 1e0b 00       		.byte	0
 5588 1e0c 0B       		.uleb128 0xb
 5589 1e0d 85180000 		.4byte	0x1885
 5590 1e11 1C1E0000 		.4byte	0x1e1c
 5591 1e15 0D       		.uleb128 0xd
 5592 1e16 33000000 		.4byte	0x33
 5593 1e1a 1D       		.byte	0x1d
 5594 1e1b 00       		.byte	0
 5595 1e1c 0B       		.uleb128 0xb
 5596 1e1d 33000000 		.4byte	0x33
 5597 1e21 2C1E0000 		.4byte	0x1e2c
 5598 1e25 0D       		.uleb128 0xd
 5599 1e26 33000000 		.4byte	0x33
 5600 1e2a 1D       		.byte	0x1d
 5601 1e2b 00       		.byte	0
 5602 1e2c 0B       		.uleb128 0xb
 5603 1e2d A71C0000 		.4byte	0x1ca7
 5604 1e31 3C1E0000 		.4byte	0x1e3c
 5605 1e35 0D       		.uleb128 0xd
 5606 1e36 33000000 		.4byte	0x33
 5607 1e3a 18       		.byte	0x18
 5608 1e3b 00       		.byte	0
 5609 1e3c 62       		.uleb128 0x62
 5610 1e3d 95000000 		.4byte	.LASF626
 5611 1e41 08       		.uleb128 0x8
 5612 1e42 04       		.byte	0x4
 5613 1e43 3C1E0000 		.4byte	0x1e3c
 5614 1e47 39       		.uleb128 0x39
 5615 1e48 521E0000 		.4byte	0x1e52
 5616 1e4c 01       		.uleb128 0x1
 5617 1e4d EC190000 		.4byte	0x19ec
 5618 1e51 00       		.byte	0
 5619 1e52 08       		.uleb128 0x8
 5620 1e53 04       		.byte	0x4
 5621 1e54 471E0000 		.4byte	0x1e47
 5622 1e58 08       		.uleb128 0x8
 5623 1e59 04       		.byte	0x4
 5624 1e5a 0F170000 		.4byte	0x170f
 5625 1e5e 39       		.uleb128 0x39
 5626 1e5f 691E0000 		.4byte	0x1e69
 5627 1e63 01       		.uleb128 0x1
ARM GAS  /tmp/ccSzEyJr.s 			page 100


 5628 1e64 2C000000 		.4byte	0x2c
 5629 1e68 00       		.byte	0
 5630 1e69 08       		.uleb128 0x8
 5631 1e6a 04       		.byte	0x4
 5632 1e6b 6F1E0000 		.4byte	0x1e6f
 5633 1e6f 08       		.uleb128 0x8
 5634 1e70 04       		.byte	0x4
 5635 1e71 5E1E0000 		.4byte	0x1e5e
 5636 1e75 0B       		.uleb128 0xb
 5637 1e76 411D0000 		.4byte	0x1d41
 5638 1e7a 851E0000 		.4byte	0x1e85
 5639 1e7e 0D       		.uleb128 0xd
 5640 1e7f 33000000 		.4byte	0x33
 5641 1e83 02       		.byte	0x2
 5642 1e84 00       		.byte	0
 5643 1e85 12       		.uleb128 0x12
 5644 1e86 86040000 		.4byte	.LASF364
 5645 1e8a 10       		.byte	0x10
 5646 1e8b 3303     		.2byte	0x333
 5647 1e8d 17       		.byte	0x17
 5648 1e8e EC190000 		.4byte	0x19ec
 5649 1e92 12       		.uleb128 0x12
 5650 1e93 38080000 		.4byte	.LASF365
 5651 1e97 10       		.byte	0x10
 5652 1e98 3403     		.2byte	0x334
 5653 1e9a 1D       		.byte	0x1d
 5654 1e9b F2190000 		.4byte	0x19f2
 5655 1e9f 07       		.uleb128 0x7
 5656 1ea0 39150000 		.4byte	.LASF366
 5657 1ea4 12       		.byte	0x12
 5658 1ea5 96       		.byte	0x96
 5659 1ea6 14       		.byte	0x14
 5660 1ea7 25000000 		.4byte	0x25
 5661 1eab 07       		.uleb128 0x7
 5662 1eac 4B0E0000 		.4byte	.LASF367
 5663 1eb0 12       		.byte	0x12
 5664 1eb1 97       		.byte	0x97
 5665 1eb2 14       		.byte	0x14
 5666 1eb3 A6150000 		.4byte	0x15a6
 5667 1eb7 2F       		.uleb128 0x2f
 5668 1eb8 08       		.byte	0x8
 5669 1eb9 13       		.byte	0x13
 5670 1eba 24       		.byte	0x24
 5671 1ebb 01       		.byte	0x1
 5672 1ebc C8090000 		.4byte	.LASF369
 5673 1ec0 DF1E0000 		.4byte	0x1edf
 5674 1ec4 04       		.uleb128 0x4
 5675 1ec5 F0170000 		.4byte	.LASF370
 5676 1ec9 13       		.byte	0x13
 5677 1eca 25       		.byte	0x25
 5678 1ecb 07       		.byte	0x7
 5679 1ecc 2C000000 		.4byte	0x2c
 5680 1ed0 00       		.byte	0
 5681 1ed1 16       		.uleb128 0x16
 5682 1ed2 72656D00 		.ascii	"rem\000"
 5683 1ed6 13       		.byte	0x13
 5684 1ed7 26       		.byte	0x26
ARM GAS  /tmp/ccSzEyJr.s 			page 101


 5685 1ed8 07       		.byte	0x7
 5686 1ed9 2C000000 		.4byte	0x2c
 5687 1edd 04       		.byte	0x4
 5688 1ede 00       		.byte	0
 5689 1edf 07       		.uleb128 0x7
 5690 1ee0 631A0000 		.4byte	.LASF371
 5691 1ee4 13       		.byte	0x13
 5692 1ee5 27       		.byte	0x27
 5693 1ee6 03       		.byte	0x3
 5694 1ee7 B71E0000 		.4byte	0x1eb7
 5695 1eeb 2F       		.uleb128 0x2f
 5696 1eec 08       		.byte	0x8
 5697 1eed 13       		.byte	0x13
 5698 1eee 2A       		.byte	0x2a
 5699 1eef 01       		.byte	0x1
 5700 1ef0 730F0000 		.4byte	.LASF372
 5701 1ef4 131F0000 		.4byte	0x1f13
 5702 1ef8 04       		.uleb128 0x4
 5703 1ef9 F0170000 		.4byte	.LASF370
 5704 1efd 13       		.byte	0x13
 5705 1efe 2B       		.byte	0x2b
 5706 1eff 08       		.byte	0x8
 5707 1f00 71000000 		.4byte	0x71
 5708 1f04 00       		.byte	0
 5709 1f05 16       		.uleb128 0x16
 5710 1f06 72656D00 		.ascii	"rem\000"
 5711 1f0a 13       		.byte	0x13
 5712 1f0b 2C       		.byte	0x2c
 5713 1f0c 08       		.byte	0x8
 5714 1f0d 71000000 		.4byte	0x71
 5715 1f11 04       		.byte	0x4
 5716 1f12 00       		.byte	0
 5717 1f13 07       		.uleb128 0x7
 5718 1f14 BC150000 		.4byte	.LASF373
 5719 1f18 13       		.byte	0x13
 5720 1f19 2D       		.byte	0x2d
 5721 1f1a 03       		.byte	0x3
 5722 1f1b EB1E0000 		.4byte	0x1eeb
 5723 1f1f 2F       		.uleb128 0x2f
 5724 1f20 10       		.byte	0x10
 5725 1f21 13       		.byte	0x13
 5726 1f22 31       		.byte	0x31
 5727 1f23 01       		.byte	0x1
 5728 1f24 4B080000 		.4byte	.LASF374
 5729 1f28 471F0000 		.4byte	0x1f47
 5730 1f2c 04       		.uleb128 0x4
 5731 1f2d F0170000 		.4byte	.LASF370
 5732 1f31 13       		.byte	0x13
 5733 1f32 32       		.byte	0x32
 5734 1f33 11       		.byte	0x11
 5735 1f34 84000000 		.4byte	0x84
 5736 1f38 00       		.byte	0
 5737 1f39 16       		.uleb128 0x16
 5738 1f3a 72656D00 		.ascii	"rem\000"
 5739 1f3e 13       		.byte	0x13
 5740 1f3f 33       		.byte	0x33
 5741 1f40 11       		.byte	0x11
ARM GAS  /tmp/ccSzEyJr.s 			page 102


 5742 1f41 84000000 		.4byte	0x84
 5743 1f45 08       		.byte	0x8
 5744 1f46 00       		.byte	0
 5745 1f47 07       		.uleb128 0x7
 5746 1f48 F60E0000 		.4byte	.LASF375
 5747 1f4c 13       		.byte	0x13
 5748 1f4d 34       		.byte	0x34
 5749 1f4e 03       		.byte	0x3
 5750 1f4f 1F1F0000 		.4byte	0x1f1f
 5751 1f53 07       		.uleb128 0x7
 5752 1f54 46120000 		.4byte	.LASF376
 5753 1f58 13       		.byte	0x13
 5754 1f59 39       		.byte	0x39
 5755 1f5a 0F       		.byte	0xf
 5756 1f5b 5F1F0000 		.4byte	0x1f5f
 5757 1f5f 08       		.uleb128 0x8
 5758 1f60 04       		.byte	0x4
 5759 1f61 651F0000 		.4byte	0x1f65
 5760 1f65 29       		.uleb128 0x29
 5761 1f66 2C000000 		.4byte	0x2c
 5762 1f6a 791F0000 		.4byte	0x1f79
 5763 1f6e 01       		.uleb128 0x1
 5764 1f6f 791F0000 		.4byte	0x1f79
 5765 1f73 01       		.uleb128 0x1
 5766 1f74 791F0000 		.4byte	0x1f79
 5767 1f78 00       		.byte	0
 5768 1f79 08       		.uleb128 0x8
 5769 1f7a 04       		.byte	0x4
 5770 1f7b 7F1F0000 		.4byte	0x1f7f
 5771 1f7f 63       		.uleb128 0x63
 5772 1f80 02       		.uleb128 0x2
 5773 1f81 14       		.byte	0x14
 5774 1f82 26       		.byte	0x26
 5775 1f83 0C       		.byte	0xc
 5776 1f84 05020000 		.4byte	0x205
 5777 1f88 02       		.uleb128 0x2
 5778 1f89 14       		.byte	0x14
 5779 1f8a 26       		.byte	0x26
 5780 1f8b 0C       		.byte	0xc
 5781 1f8c 1F020000 		.4byte	0x21f
 5782 1f90 02       		.uleb128 0x2
 5783 1f91 14       		.byte	0x14
 5784 1f92 26       		.byte	0x26
 5785 1f93 0C       		.byte	0xc
 5786 1f94 39020000 		.4byte	0x239
 5787 1f98 02       		.uleb128 0x2
 5788 1f99 14       		.byte	0x14
 5789 1f9a 26       		.byte	0x26
 5790 1f9b 0C       		.byte	0xc
 5791 1f9c 53020000 		.4byte	0x253
 5792 1fa0 02       		.uleb128 0x2
 5793 1fa1 14       		.byte	0x14
 5794 1fa2 26       		.byte	0x26
 5795 1fa3 0C       		.byte	0xc
 5796 1fa4 6D020000 		.4byte	0x26d
 5797 1fa8 21       		.uleb128 0x21
 5798 1fa9 61627300 		.ascii	"abs\000"
ARM GAS  /tmp/ccSzEyJr.s 			page 103


 5799 1fad 13       		.byte	0x13
 5800 1fae 46       		.byte	0x46
 5801 1faf 05       		.byte	0x5
 5802 1fb0 2C000000 		.4byte	0x2c
 5803 1fb4 BE1F0000 		.4byte	0x1fbe
 5804 1fb8 01       		.uleb128 0x1
 5805 1fb9 2C000000 		.4byte	0x2c
 5806 1fbd 00       		.byte	0
 5807 1fbe 02       		.uleb128 0x2
 5808 1fbf 14       		.byte	0x14
 5809 1fc0 26       		.byte	0x26
 5810 1fc1 0C       		.byte	0xc
 5811 1fc2 A81F0000 		.4byte	0x1fa8
 5812 1fc6 02       		.uleb128 0x2
 5813 1fc7 14       		.byte	0x14
 5814 1fc8 27       		.byte	0x27
 5815 1fc9 0C       		.byte	0xc
 5816 1fca 87020000 		.4byte	0x287
 5817 1fce 02       		.uleb128 0x2
 5818 1fcf 14       		.byte	0x14
 5819 1fd0 27       		.byte	0x27
 5820 1fd1 0C       		.byte	0xc
 5821 1fd2 A1020000 		.4byte	0x2a1
 5822 1fd6 09       		.uleb128 0x9
 5823 1fd7 29170000 		.4byte	.LASF43
 5824 1fdb 12       		.byte	0x12
 5825 1fdc 66       		.byte	0x66
 5826 1fdd 0F       		.byte	0xf
 5827 1fde A6150000 		.4byte	0x15a6
 5828 1fe2 EC1F0000 		.4byte	0x1fec
 5829 1fe6 01       		.uleb128 0x1
 5830 1fe7 A6150000 		.4byte	0x15a6
 5831 1feb 00       		.byte	0
 5832 1fec 02       		.uleb128 0x2
 5833 1fed 14       		.byte	0x14
 5834 1fee 27       		.byte	0x27
 5835 1fef 0C       		.byte	0xc
 5836 1ff0 D61F0000 		.4byte	0x1fd6
 5837 1ff4 02       		.uleb128 0x2
 5838 1ff5 14       		.byte	0x14
 5839 1ff6 28       		.byte	0x28
 5840 1ff7 0C       		.byte	0xc
 5841 1ff8 BB020000 		.4byte	0x2bb
 5842 1ffc 02       		.uleb128 0x2
 5843 1ffd 14       		.byte	0x14
 5844 1ffe 28       		.byte	0x28
 5845 1fff 0C       		.byte	0xc
 5846 2000 D5020000 		.4byte	0x2d5
 5847 2004 09       		.uleb128 0x9
 5848 2005 B6170000 		.4byte	.LASF46
 5849 2009 12       		.byte	0x12
 5850 200a 67       		.byte	0x67
 5851 200b 0F       		.byte	0xf
 5852 200c A6150000 		.4byte	0x15a6
 5853 2010 1A200000 		.4byte	0x201a
 5854 2014 01       		.uleb128 0x1
 5855 2015 A6150000 		.4byte	0x15a6
ARM GAS  /tmp/ccSzEyJr.s 			page 104


 5856 2019 00       		.byte	0
 5857 201a 02       		.uleb128 0x2
 5858 201b 14       		.byte	0x14
 5859 201c 28       		.byte	0x28
 5860 201d 0C       		.byte	0xc
 5861 201e 04200000 		.4byte	0x2004
 5862 2022 02       		.uleb128 0x2
 5863 2023 14       		.byte	0x14
 5864 2024 29       		.byte	0x29
 5865 2025 0C       		.byte	0xc
 5866 2026 EF020000 		.4byte	0x2ef
 5867 202a 02       		.uleb128 0x2
 5868 202b 14       		.byte	0x14
 5869 202c 29       		.byte	0x29
 5870 202d 0C       		.byte	0xc
 5871 202e 09030000 		.4byte	0x309
 5872 2032 09       		.uleb128 0x9
 5873 2033 00160000 		.4byte	.LASF49
 5874 2037 12       		.byte	0x12
 5875 2038 56       		.byte	0x56
 5876 2039 0F       		.byte	0xf
 5877 203a A6150000 		.4byte	0x15a6
 5878 203e 48200000 		.4byte	0x2048
 5879 2042 01       		.uleb128 0x1
 5880 2043 A6150000 		.4byte	0x15a6
 5881 2047 00       		.byte	0
 5882 2048 02       		.uleb128 0x2
 5883 2049 14       		.byte	0x14
 5884 204a 29       		.byte	0x29
 5885 204b 0C       		.byte	0xc
 5886 204c 32200000 		.4byte	0x2032
 5887 2050 02       		.uleb128 0x2
 5888 2051 14       		.byte	0x14
 5889 2052 2A       		.byte	0x2a
 5890 2053 0C       		.byte	0xc
 5891 2054 23030000 		.4byte	0x323
 5892 2058 02       		.uleb128 0x2
 5893 2059 14       		.byte	0x14
 5894 205a 2A       		.byte	0x2a
 5895 205b 0C       		.byte	0xc
 5896 205c 42030000 		.4byte	0x342
 5897 2060 09       		.uleb128 0x9
 5898 2061 BE0A0000 		.4byte	.LASF52
 5899 2065 12       		.byte	0x12
 5900 2066 68       		.byte	0x68
 5901 2067 0F       		.byte	0xf
 5902 2068 A6150000 		.4byte	0x15a6
 5903 206c 7B200000 		.4byte	0x207b
 5904 2070 01       		.uleb128 0x1
 5905 2071 A6150000 		.4byte	0x15a6
 5906 2075 01       		.uleb128 0x1
 5907 2076 A6150000 		.4byte	0x15a6
 5908 207a 00       		.byte	0
 5909 207b 02       		.uleb128 0x2
 5910 207c 14       		.byte	0x14
 5911 207d 2A       		.byte	0x2a
 5912 207e 0C       		.byte	0xc
ARM GAS  /tmp/ccSzEyJr.s 			page 105


 5913 207f 60200000 		.4byte	0x2060
 5914 2083 02       		.uleb128 0x2
 5915 2084 14       		.byte	0x14
 5916 2085 2B       		.byte	0x2b
 5917 2086 0C       		.byte	0xc
 5918 2087 61030000 		.4byte	0x361
 5919 208b 02       		.uleb128 0x2
 5920 208c 14       		.byte	0x14
 5921 208d 2B       		.byte	0x2b
 5922 208e 0C       		.byte	0xc
 5923 208f 7B030000 		.4byte	0x37b
 5924 2093 21       		.uleb128 0x21
 5925 2094 636F7300 		.ascii	"cos\000"
 5926 2098 12       		.byte	0x12
 5927 2099 57       		.byte	0x57
 5928 209a 0F       		.byte	0xf
 5929 209b A6150000 		.4byte	0x15a6
 5930 209f A9200000 		.4byte	0x20a9
 5931 20a3 01       		.uleb128 0x1
 5932 20a4 A6150000 		.4byte	0x15a6
 5933 20a8 00       		.byte	0
 5934 20a9 02       		.uleb128 0x2
 5935 20aa 14       		.byte	0x14
 5936 20ab 2B       		.byte	0x2b
 5937 20ac 0C       		.byte	0xc
 5938 20ad 93200000 		.4byte	0x2093
 5939 20b1 02       		.uleb128 0x2
 5940 20b2 14       		.byte	0x14
 5941 20b3 2C       		.byte	0x2c
 5942 20b4 0C       		.byte	0xc
 5943 20b5 95030000 		.4byte	0x395
 5944 20b9 02       		.uleb128 0x2
 5945 20ba 14       		.byte	0x14
 5946 20bb 2C       		.byte	0x2c
 5947 20bc 0C       		.byte	0xc
 5948 20bd B0030000 		.4byte	0x3b0
 5949 20c1 21       		.uleb128 0x21
 5950 20c2 73696E00 		.ascii	"sin\000"
 5951 20c6 12       		.byte	0x12
 5952 20c7 58       		.byte	0x58
 5953 20c8 0F       		.byte	0xf
 5954 20c9 A6150000 		.4byte	0x15a6
 5955 20cd D7200000 		.4byte	0x20d7
 5956 20d1 01       		.uleb128 0x1
 5957 20d2 A6150000 		.4byte	0x15a6
 5958 20d6 00       		.byte	0
 5959 20d7 02       		.uleb128 0x2
 5960 20d8 14       		.byte	0x14
 5961 20d9 2C       		.byte	0x2c
 5962 20da 0C       		.byte	0xc
 5963 20db C1200000 		.4byte	0x20c1
 5964 20df 02       		.uleb128 0x2
 5965 20e0 14       		.byte	0x14
 5966 20e1 2D       		.byte	0x2d
 5967 20e2 0C       		.byte	0xc
 5968 20e3 CB030000 		.4byte	0x3cb
 5969 20e7 02       		.uleb128 0x2
ARM GAS  /tmp/ccSzEyJr.s 			page 106


 5970 20e8 14       		.byte	0x14
 5971 20e9 2D       		.byte	0x2d
 5972 20ea 0C       		.byte	0xc
 5973 20eb E6030000 		.4byte	0x3e6
 5974 20ef 21       		.uleb128 0x21
 5975 20f0 74616E00 		.ascii	"tan\000"
 5976 20f4 12       		.byte	0x12
 5977 20f5 59       		.byte	0x59
 5978 20f6 0F       		.byte	0xf
 5979 20f7 A6150000 		.4byte	0x15a6
 5980 20fb 05210000 		.4byte	0x2105
 5981 20ff 01       		.uleb128 0x1
 5982 2100 A6150000 		.4byte	0x15a6
 5983 2104 00       		.byte	0
 5984 2105 02       		.uleb128 0x2
 5985 2106 14       		.byte	0x14
 5986 2107 2D       		.byte	0x2d
 5987 2108 0C       		.byte	0xc
 5988 2109 EF200000 		.4byte	0x20ef
 5989 210d 02       		.uleb128 0x2
 5990 210e 14       		.byte	0x14
 5991 210f 2E       		.byte	0x2e
 5992 2110 0C       		.byte	0xc
 5993 2111 01040000 		.4byte	0x401
 5994 2115 02       		.uleb128 0x2
 5995 2116 14       		.byte	0x14
 5996 2117 2E       		.byte	0x2e
 5997 2118 0C       		.byte	0xc
 5998 2119 1B040000 		.4byte	0x41b
 5999 211d 09       		.uleb128 0x9
 6000 211e B8080000 		.4byte	.LASF61
 6001 2122 12       		.byte	0x12
 6002 2123 69       		.byte	0x69
 6003 2124 0F       		.byte	0xf
 6004 2125 A6150000 		.4byte	0x15a6
 6005 2129 33210000 		.4byte	0x2133
 6006 212d 01       		.uleb128 0x1
 6007 212e A6150000 		.4byte	0x15a6
 6008 2132 00       		.byte	0
 6009 2133 02       		.uleb128 0x2
 6010 2134 14       		.byte	0x14
 6011 2135 2E       		.byte	0x2e
 6012 2136 0C       		.byte	0xc
 6013 2137 1D210000 		.4byte	0x211d
 6014 213b 02       		.uleb128 0x2
 6015 213c 14       		.byte	0x14
 6016 213d 2F       		.byte	0x2f
 6017 213e 0C       		.byte	0xc
 6018 213f 35040000 		.4byte	0x435
 6019 2143 02       		.uleb128 0x2
 6020 2144 14       		.byte	0x14
 6021 2145 2F       		.byte	0x2f
 6022 2146 0C       		.byte	0xc
 6023 2147 50040000 		.4byte	0x450
 6024 214b 09       		.uleb128 0x9
 6025 214c B4090000 		.4byte	.LASF64
 6026 2150 12       		.byte	0x12
ARM GAS  /tmp/ccSzEyJr.s 			page 107


 6027 2151 6A       		.byte	0x6a
 6028 2152 0F       		.byte	0xf
 6029 2153 A6150000 		.4byte	0x15a6
 6030 2157 61210000 		.4byte	0x2161
 6031 215b 01       		.uleb128 0x1
 6032 215c A6150000 		.4byte	0x15a6
 6033 2160 00       		.byte	0
 6034 2161 02       		.uleb128 0x2
 6035 2162 14       		.byte	0x14
 6036 2163 2F       		.byte	0x2f
 6037 2164 0C       		.byte	0xc
 6038 2165 4B210000 		.4byte	0x214b
 6039 2169 02       		.uleb128 0x2
 6040 216a 14       		.byte	0x14
 6041 216b 30       		.byte	0x30
 6042 216c 0C       		.byte	0xc
 6043 216d 6B040000 		.4byte	0x46b
 6044 2171 02       		.uleb128 0x2
 6045 2172 14       		.byte	0x14
 6046 2173 30       		.byte	0x30
 6047 2174 0C       		.byte	0xc
 6048 2175 86040000 		.4byte	0x486
 6049 2179 09       		.uleb128 0x9
 6050 217a BB050000 		.4byte	.LASF67
 6051 217e 12       		.byte	0x12
 6052 217f 5A       		.byte	0x5a
 6053 2180 0F       		.byte	0xf
 6054 2181 A6150000 		.4byte	0x15a6
 6055 2185 8F210000 		.4byte	0x218f
 6056 2189 01       		.uleb128 0x1
 6057 218a A6150000 		.4byte	0x15a6
 6058 218e 00       		.byte	0
 6059 218f 02       		.uleb128 0x2
 6060 2190 14       		.byte	0x14
 6061 2191 30       		.byte	0x30
 6062 2192 0C       		.byte	0xc
 6063 2193 79210000 		.4byte	0x2179
 6064 2197 02       		.uleb128 0x2
 6065 2198 14       		.byte	0x14
 6066 2199 31       		.byte	0x31
 6067 219a 0C       		.byte	0xc
 6068 219b A1040000 		.4byte	0x4a1
 6069 219f 02       		.uleb128 0x2
 6070 21a0 14       		.byte	0x14
 6071 21a1 31       		.byte	0x31
 6072 21a2 0C       		.byte	0xc
 6073 21a3 BB040000 		.4byte	0x4bb
 6074 21a7 21       		.uleb128 0x21
 6075 21a8 65787000 		.ascii	"exp\000"
 6076 21ac 12       		.byte	0x12
 6077 21ad 6B       		.byte	0x6b
 6078 21ae 0F       		.byte	0xf
 6079 21af A6150000 		.4byte	0x15a6
 6080 21b3 BD210000 		.4byte	0x21bd
 6081 21b7 01       		.uleb128 0x1
 6082 21b8 A6150000 		.4byte	0x15a6
 6083 21bc 00       		.byte	0
ARM GAS  /tmp/ccSzEyJr.s 			page 108


 6084 21bd 02       		.uleb128 0x2
 6085 21be 14       		.byte	0x14
 6086 21bf 31       		.byte	0x31
 6087 21c0 0C       		.byte	0xc
 6088 21c1 A7210000 		.4byte	0x21a7
 6089 21c5 08       		.uleb128 0x8
 6090 21c6 04       		.byte	0x4
 6091 21c7 2C000000 		.4byte	0x2c
 6092 21cb 02       		.uleb128 0x2
 6093 21cc 14       		.byte	0x14
 6094 21cd 32       		.byte	0x32
 6095 21ce 0C       		.byte	0xc
 6096 21cf D5040000 		.4byte	0x4d5
 6097 21d3 02       		.uleb128 0x2
 6098 21d4 14       		.byte	0x14
 6099 21d5 32       		.byte	0x32
 6100 21d6 0C       		.byte	0xc
 6101 21d7 F5040000 		.4byte	0x4f5
 6102 21db 09       		.uleb128 0x9
 6103 21dc E4160000 		.4byte	.LASF72
 6104 21e0 12       		.byte	0x12
 6105 21e1 5B       		.byte	0x5b
 6106 21e2 0F       		.byte	0xf
 6107 21e3 A6150000 		.4byte	0x15a6
 6108 21e7 F6210000 		.4byte	0x21f6
 6109 21eb 01       		.uleb128 0x1
 6110 21ec A6150000 		.4byte	0x15a6
 6111 21f0 01       		.uleb128 0x1
 6112 21f1 C5210000 		.4byte	0x21c5
 6113 21f5 00       		.byte	0
 6114 21f6 02       		.uleb128 0x2
 6115 21f7 14       		.byte	0x14
 6116 21f8 32       		.byte	0x32
 6117 21f9 0C       		.byte	0xc
 6118 21fa DB210000 		.4byte	0x21db
 6119 21fe 02       		.uleb128 0x2
 6120 21ff 14       		.byte	0x14
 6121 2200 33       		.byte	0x33
 6122 2201 0C       		.byte	0xc
 6123 2202 15050000 		.4byte	0x515
 6124 2206 02       		.uleb128 0x2
 6125 2207 14       		.byte	0x14
 6126 2208 33       		.byte	0x33
 6127 2209 0C       		.byte	0xc
 6128 220a 35050000 		.4byte	0x535
 6129 220e 09       		.uleb128 0x9
 6130 220f CE160000 		.4byte	.LASF75
 6131 2213 12       		.byte	0x12
 6132 2214 6C       		.byte	0x6c
 6133 2215 0F       		.byte	0xf
 6134 2216 A6150000 		.4byte	0x15a6
 6135 221a 29220000 		.4byte	0x2229
 6136 221e 01       		.uleb128 0x1
 6137 221f A6150000 		.4byte	0x15a6
 6138 2223 01       		.uleb128 0x1
 6139 2224 2C000000 		.4byte	0x2c
 6140 2228 00       		.byte	0
ARM GAS  /tmp/ccSzEyJr.s 			page 109


 6141 2229 02       		.uleb128 0x2
 6142 222a 14       		.byte	0x14
 6143 222b 33       		.byte	0x33
 6144 222c 0C       		.byte	0xc
 6145 222d 0E220000 		.4byte	0x220e
 6146 2231 02       		.uleb128 0x2
 6147 2232 14       		.byte	0x14
 6148 2233 34       		.byte	0x34
 6149 2234 0C       		.byte	0xc
 6150 2235 55050000 		.4byte	0x555
 6151 2239 02       		.uleb128 0x2
 6152 223a 14       		.byte	0x14
 6153 223b 34       		.byte	0x34
 6154 223c 0C       		.byte	0xc
 6155 223d 70050000 		.4byte	0x570
 6156 2241 21       		.uleb128 0x21
 6157 2242 6C6F6700 		.ascii	"log\000"
 6158 2246 12       		.byte	0x12
 6159 2247 6D       		.byte	0x6d
 6160 2248 0F       		.byte	0xf
 6161 2249 A6150000 		.4byte	0x15a6
 6162 224d 57220000 		.4byte	0x2257
 6163 2251 01       		.uleb128 0x1
 6164 2252 A6150000 		.4byte	0x15a6
 6165 2256 00       		.byte	0
 6166 2257 02       		.uleb128 0x2
 6167 2258 14       		.byte	0x14
 6168 2259 34       		.byte	0x34
 6169 225a 0C       		.byte	0xc
 6170 225b 41220000 		.4byte	0x2241
 6171 225f 02       		.uleb128 0x2
 6172 2260 14       		.byte	0x14
 6173 2261 35       		.byte	0x35
 6174 2262 0C       		.byte	0xc
 6175 2263 8B050000 		.4byte	0x58b
 6176 2267 02       		.uleb128 0x2
 6177 2268 14       		.byte	0x14
 6178 2269 35       		.byte	0x35
 6179 226a 0C       		.byte	0xc
 6180 226b A6050000 		.4byte	0x5a6
 6181 226f 09       		.uleb128 0x9
 6182 2270 AE090000 		.4byte	.LASF80
 6183 2274 12       		.byte	0x12
 6184 2275 6E       		.byte	0x6e
 6185 2276 0F       		.byte	0xf
 6186 2277 A6150000 		.4byte	0x15a6
 6187 227b 85220000 		.4byte	0x2285
 6188 227f 01       		.uleb128 0x1
 6189 2280 A6150000 		.4byte	0x15a6
 6190 2284 00       		.byte	0
 6191 2285 02       		.uleb128 0x2
 6192 2286 14       		.byte	0x14
 6193 2287 35       		.byte	0x35
 6194 2288 0C       		.byte	0xc
 6195 2289 6F220000 		.4byte	0x226f
 6196 228d 08       		.uleb128 0x8
 6197 228e 04       		.byte	0x4
ARM GAS  /tmp/ccSzEyJr.s 			page 110


 6198 228f 9F150000 		.4byte	0x159f
 6199 2293 02       		.uleb128 0x2
 6200 2294 14       		.byte	0x14
 6201 2295 36       		.byte	0x36
 6202 2296 0C       		.byte	0xc
 6203 2297 C1050000 		.4byte	0x5c1
 6204 229b 08       		.uleb128 0x8
 6205 229c 04       		.byte	0x4
 6206 229d 25000000 		.4byte	0x25
 6207 22a1 02       		.uleb128 0x2
 6208 22a2 14       		.byte	0x14
 6209 22a3 36       		.byte	0x36
 6210 22a4 0C       		.byte	0xc
 6211 22a5 E1050000 		.4byte	0x5e1
 6212 22a9 09       		.uleb128 0x9
 6213 22aa F4190000 		.4byte	.LASF83
 6214 22ae 12       		.byte	0x12
 6215 22af 5C       		.byte	0x5c
 6216 22b0 0F       		.byte	0xf
 6217 22b1 A6150000 		.4byte	0x15a6
 6218 22b5 C4220000 		.4byte	0x22c4
 6219 22b9 01       		.uleb128 0x1
 6220 22ba A6150000 		.4byte	0x15a6
 6221 22be 01       		.uleb128 0x1
 6222 22bf C4220000 		.4byte	0x22c4
 6223 22c3 00       		.byte	0
 6224 22c4 08       		.uleb128 0x8
 6225 22c5 04       		.byte	0x4
 6226 22c6 A6150000 		.4byte	0x15a6
 6227 22ca 02       		.uleb128 0x2
 6228 22cb 14       		.byte	0x14
 6229 22cc 36       		.byte	0x36
 6230 22cd 0C       		.byte	0xc
 6231 22ce A9220000 		.4byte	0x22a9
 6232 22d2 02       		.uleb128 0x2
 6233 22d3 14       		.byte	0x14
 6234 22d4 37       		.byte	0x37
 6235 22d5 0C       		.byte	0xc
 6236 22d6 01060000 		.4byte	0x601
 6237 22da 02       		.uleb128 0x2
 6238 22db 14       		.byte	0x14
 6239 22dc 37       		.byte	0x37
 6240 22dd 0C       		.byte	0xc
 6241 22de 21060000 		.4byte	0x621
 6242 22e2 21       		.uleb128 0x21
 6243 22e3 706F7700 		.ascii	"pow\000"
 6244 22e7 12       		.byte	0x12
 6245 22e8 6F       		.byte	0x6f
 6246 22e9 0F       		.byte	0xf
 6247 22ea A6150000 		.4byte	0x15a6
 6248 22ee FD220000 		.4byte	0x22fd
 6249 22f2 01       		.uleb128 0x1
 6250 22f3 A6150000 		.4byte	0x15a6
 6251 22f7 01       		.uleb128 0x1
 6252 22f8 A6150000 		.4byte	0x15a6
 6253 22fc 00       		.byte	0
 6254 22fd 02       		.uleb128 0x2
ARM GAS  /tmp/ccSzEyJr.s 			page 111


 6255 22fe 14       		.byte	0x14
 6256 22ff 37       		.byte	0x37
 6257 2300 0C       		.byte	0xc
 6258 2301 E2220000 		.4byte	0x22e2
 6259 2305 02       		.uleb128 0x2
 6260 2306 14       		.byte	0x14
 6261 2307 38       		.byte	0x38
 6262 2308 0C       		.byte	0xc
 6263 2309 41060000 		.4byte	0x641
 6264 230d 02       		.uleb128 0x2
 6265 230e 14       		.byte	0x14
 6266 230f 38       		.byte	0x38
 6267 2310 0C       		.byte	0xc
 6268 2311 5C060000 		.4byte	0x65c
 6269 2315 09       		.uleb128 0x9
 6270 2316 89010000 		.4byte	.LASF88
 6271 231a 12       		.byte	0x12
 6272 231b 70       		.byte	0x70
 6273 231c 0F       		.byte	0xf
 6274 231d A6150000 		.4byte	0x15a6
 6275 2321 2B230000 		.4byte	0x232b
 6276 2325 01       		.uleb128 0x1
 6277 2326 A6150000 		.4byte	0x15a6
 6278 232a 00       		.byte	0
 6279 232b 02       		.uleb128 0x2
 6280 232c 14       		.byte	0x14
 6281 232d 38       		.byte	0x38
 6282 232e 0C       		.byte	0xc
 6283 232f 15230000 		.4byte	0x2315
 6284 2333 02       		.uleb128 0x2
 6285 2334 14       		.byte	0x14
 6286 2335 39       		.byte	0x39
 6287 2336 0C       		.byte	0xc
 6288 2337 77060000 		.4byte	0x677
 6289 233b 02       		.uleb128 0x2
 6290 233c 14       		.byte	0x14
 6291 233d 39       		.byte	0x39
 6292 233e 0C       		.byte	0xc
 6293 233f 91060000 		.4byte	0x691
 6294 2343 09       		.uleb128 0x9
 6295 2344 CC1C0000 		.4byte	.LASF91
 6296 2348 12       		.byte	0x12
 6297 2349 5D       		.byte	0x5d
 6298 234a 0F       		.byte	0xf
 6299 234b A6150000 		.4byte	0x15a6
 6300 234f 59230000 		.4byte	0x2359
 6301 2353 01       		.uleb128 0x1
 6302 2354 A6150000 		.4byte	0x15a6
 6303 2358 00       		.byte	0
 6304 2359 02       		.uleb128 0x2
 6305 235a 14       		.byte	0x14
 6306 235b 39       		.byte	0x39
 6307 235c 0C       		.byte	0xc
 6308 235d 43230000 		.4byte	0x2343
 6309 2361 02       		.uleb128 0x2
 6310 2362 14       		.byte	0x14
 6311 2363 3A       		.byte	0x3a
ARM GAS  /tmp/ccSzEyJr.s 			page 112


 6312 2364 0C       		.byte	0xc
 6313 2365 AB060000 		.4byte	0x6ab
 6314 2369 02       		.uleb128 0x2
 6315 236a 14       		.byte	0x14
 6316 236b 3A       		.byte	0x3a
 6317 236c 0C       		.byte	0xc
 6318 236d C5060000 		.4byte	0x6c5
 6319 2371 09       		.uleb128 0x9
 6320 2372 8D0E0000 		.4byte	.LASF94
 6321 2376 12       		.byte	0x12
 6322 2377 5E       		.byte	0x5e
 6323 2378 0F       		.byte	0xf
 6324 2379 A6150000 		.4byte	0x15a6
 6325 237d 87230000 		.4byte	0x2387
 6326 2381 01       		.uleb128 0x1
 6327 2382 A6150000 		.4byte	0x15a6
 6328 2386 00       		.byte	0
 6329 2387 02       		.uleb128 0x2
 6330 2388 14       		.byte	0x14
 6331 2389 3A       		.byte	0x3a
 6332 238a 0C       		.byte	0xc
 6333 238b 71230000 		.4byte	0x2371
 6334 238f 02       		.uleb128 0x2
 6335 2390 14       		.byte	0x14
 6336 2391 3B       		.byte	0x3b
 6337 2392 0C       		.byte	0xc
 6338 2393 DF060000 		.4byte	0x6df
 6339 2397 02       		.uleb128 0x2
 6340 2398 14       		.byte	0x14
 6341 2399 3B       		.byte	0x3b
 6342 239a 0C       		.byte	0xc
 6343 239b FA060000 		.4byte	0x6fa
 6344 239f 09       		.uleb128 0x9
 6345 23a0 090E0000 		.4byte	.LASF97
 6346 23a4 12       		.byte	0x12
 6347 23a5 5F       		.byte	0x5f
 6348 23a6 0F       		.byte	0xf
 6349 23a7 A6150000 		.4byte	0x15a6
 6350 23ab B5230000 		.4byte	0x23b5
 6351 23af 01       		.uleb128 0x1
 6352 23b0 A6150000 		.4byte	0x15a6
 6353 23b4 00       		.byte	0
 6354 23b5 02       		.uleb128 0x2
 6355 23b6 14       		.byte	0x14
 6356 23b7 3B       		.byte	0x3b
 6357 23b8 0C       		.byte	0xc
 6358 23b9 9F230000 		.4byte	0x239f
 6359 23bd 02       		.uleb128 0x2
 6360 23be 14       		.byte	0x14
 6361 23bf 3C       		.byte	0x3c
 6362 23c0 0C       		.byte	0xc
 6363 23c1 15070000 		.4byte	0x715
 6364 23c5 02       		.uleb128 0x2
 6365 23c6 14       		.byte	0x14
 6366 23c7 3C       		.byte	0x3c
 6367 23c8 0C       		.byte	0xc
 6368 23c9 35070000 		.4byte	0x735
ARM GAS  /tmp/ccSzEyJr.s 			page 113


 6369 23cd 09       		.uleb128 0x9
 6370 23ce 33080000 		.4byte	.LASF100
 6371 23d2 12       		.byte	0x12
 6372 23d3 71       		.byte	0x71
 6373 23d4 0F       		.byte	0xf
 6374 23d5 A6150000 		.4byte	0x15a6
 6375 23d9 E8230000 		.4byte	0x23e8
 6376 23dd 01       		.uleb128 0x1
 6377 23de A6150000 		.4byte	0x15a6
 6378 23e2 01       		.uleb128 0x1
 6379 23e3 A6150000 		.4byte	0x15a6
 6380 23e7 00       		.byte	0
 6381 23e8 02       		.uleb128 0x2
 6382 23e9 14       		.byte	0x14
 6383 23ea 3C       		.byte	0x3c
 6384 23eb 0C       		.byte	0xc
 6385 23ec CD230000 		.4byte	0x23cd
 6386 23f0 02       		.uleb128 0x2
 6387 23f1 14       		.byte	0x14
 6388 23f2 3F       		.byte	0x3f
 6389 23f3 0C       		.byte	0xc
 6390 23f4 55070000 		.4byte	0x755
 6391 23f8 02       		.uleb128 0x2
 6392 23f9 14       		.byte	0x14
 6393 23fa 3F       		.byte	0x3f
 6394 23fb 0C       		.byte	0xc
 6395 23fc 70070000 		.4byte	0x770
 6396 2400 02       		.uleb128 0x2
 6397 2401 14       		.byte	0x14
 6398 2402 3F       		.byte	0x3f
 6399 2403 0C       		.byte	0xc
 6400 2404 8B070000 		.4byte	0x78b
 6401 2408 14       		.uleb128 0x14
 6402 2409 01       		.byte	0x1
 6403 240a 02       		.byte	0x2
 6404 240b B3140000 		.4byte	.LASF377
 6405 240f 02       		.uleb128 0x2
 6406 2410 14       		.byte	0x14
 6407 2411 40       		.byte	0x40
 6408 2412 0C       		.byte	0xc
 6409 2413 A6070000 		.4byte	0x7a6
 6410 2417 02       		.uleb128 0x2
 6411 2418 14       		.byte	0x14
 6412 2419 40       		.byte	0x40
 6413 241a 0C       		.byte	0xc
 6414 241b C1070000 		.4byte	0x7c1
 6415 241f 02       		.uleb128 0x2
 6416 2420 14       		.byte	0x14
 6417 2421 40       		.byte	0x40
 6418 2422 0C       		.byte	0xc
 6419 2423 DC070000 		.4byte	0x7dc
 6420 2427 02       		.uleb128 0x2
 6421 2428 14       		.byte	0x14
 6422 2429 41       		.byte	0x41
 6423 242a 0C       		.byte	0xc
 6424 242b F7070000 		.4byte	0x7f7
 6425 242f 02       		.uleb128 0x2
ARM GAS  /tmp/ccSzEyJr.s 			page 114


 6426 2430 14       		.byte	0x14
 6427 2431 41       		.byte	0x41
 6428 2432 0C       		.byte	0xc
 6429 2433 12080000 		.4byte	0x812
 6430 2437 02       		.uleb128 0x2
 6431 2438 14       		.byte	0x14
 6432 2439 41       		.byte	0x41
 6433 243a 0C       		.byte	0xc
 6434 243b 2D080000 		.4byte	0x82d
 6435 243f 02       		.uleb128 0x2
 6436 2440 14       		.byte	0x14
 6437 2441 42       		.byte	0x42
 6438 2442 0C       		.byte	0xc
 6439 2443 48080000 		.4byte	0x848
 6440 2447 02       		.uleb128 0x2
 6441 2448 14       		.byte	0x14
 6442 2449 42       		.byte	0x42
 6443 244a 0C       		.byte	0xc
 6444 244b 63080000 		.4byte	0x863
 6445 244f 02       		.uleb128 0x2
 6446 2450 14       		.byte	0x14
 6447 2451 42       		.byte	0x42
 6448 2452 0C       		.byte	0xc
 6449 2453 7E080000 		.4byte	0x87e
 6450 2457 02       		.uleb128 0x2
 6451 2458 14       		.byte	0x14
 6452 2459 43       		.byte	0x43
 6453 245a 0C       		.byte	0xc
 6454 245b 99080000 		.4byte	0x899
 6455 245f 02       		.uleb128 0x2
 6456 2460 14       		.byte	0x14
 6457 2461 43       		.byte	0x43
 6458 2462 0C       		.byte	0xc
 6459 2463 B4080000 		.4byte	0x8b4
 6460 2467 02       		.uleb128 0x2
 6461 2468 14       		.byte	0x14
 6462 2469 43       		.byte	0x43
 6463 246a 0C       		.byte	0xc
 6464 246b CF080000 		.4byte	0x8cf
 6465 246f 02       		.uleb128 0x2
 6466 2470 14       		.byte	0x14
 6467 2471 44       		.byte	0x44
 6468 2472 0C       		.byte	0xc
 6469 2473 EA080000 		.4byte	0x8ea
 6470 2477 02       		.uleb128 0x2
 6471 2478 14       		.byte	0x14
 6472 2479 44       		.byte	0x44
 6473 247a 0C       		.byte	0xc
 6474 247b 05090000 		.4byte	0x905
 6475 247f 02       		.uleb128 0x2
 6476 2480 14       		.byte	0x14
 6477 2481 44       		.byte	0x44
 6478 2482 0C       		.byte	0xc
 6479 2483 20090000 		.4byte	0x920
 6480 2487 02       		.uleb128 0x2
 6481 2488 14       		.byte	0x14
 6482 2489 45       		.byte	0x45
ARM GAS  /tmp/ccSzEyJr.s 			page 115


 6483 248a 0C       		.byte	0xc
 6484 248b 3B090000 		.4byte	0x93b
 6485 248f 02       		.uleb128 0x2
 6486 2490 14       		.byte	0x14
 6487 2491 45       		.byte	0x45
 6488 2492 0C       		.byte	0xc
 6489 2493 5B090000 		.4byte	0x95b
 6490 2497 02       		.uleb128 0x2
 6491 2498 14       		.byte	0x14
 6492 2499 45       		.byte	0x45
 6493 249a 0C       		.byte	0xc
 6494 249b 7B090000 		.4byte	0x97b
 6495 249f 02       		.uleb128 0x2
 6496 24a0 14       		.byte	0x14
 6497 24a1 46       		.byte	0x46
 6498 24a2 0C       		.byte	0xc
 6499 24a3 9B090000 		.4byte	0x99b
 6500 24a7 02       		.uleb128 0x2
 6501 24a8 14       		.byte	0x14
 6502 24a9 46       		.byte	0x46
 6503 24aa 0C       		.byte	0xc
 6504 24ab BB090000 		.4byte	0x9bb
 6505 24af 02       		.uleb128 0x2
 6506 24b0 14       		.byte	0x14
 6507 24b1 46       		.byte	0x46
 6508 24b2 0C       		.byte	0xc
 6509 24b3 DB090000 		.4byte	0x9db
 6510 24b7 02       		.uleb128 0x2
 6511 24b8 14       		.byte	0x14
 6512 24b9 47       		.byte	0x47
 6513 24ba 0C       		.byte	0xc
 6514 24bb FB090000 		.4byte	0x9fb
 6515 24bf 02       		.uleb128 0x2
 6516 24c0 14       		.byte	0x14
 6517 24c1 47       		.byte	0x47
 6518 24c2 0C       		.byte	0xc
 6519 24c3 1B0A0000 		.4byte	0xa1b
 6520 24c7 02       		.uleb128 0x2
 6521 24c8 14       		.byte	0x14
 6522 24c9 47       		.byte	0x47
 6523 24ca 0C       		.byte	0xc
 6524 24cb 3B0A0000 		.4byte	0xa3b
 6525 24cf 02       		.uleb128 0x2
 6526 24d0 14       		.byte	0x14
 6527 24d1 48       		.byte	0x48
 6528 24d2 0C       		.byte	0xc
 6529 24d3 5B0A0000 		.4byte	0xa5b
 6530 24d7 02       		.uleb128 0x2
 6531 24d8 14       		.byte	0x14
 6532 24d9 48       		.byte	0x48
 6533 24da 0C       		.byte	0xc
 6534 24db 7B0A0000 		.4byte	0xa7b
 6535 24df 02       		.uleb128 0x2
 6536 24e0 14       		.byte	0x14
 6537 24e1 48       		.byte	0x48
 6538 24e2 0C       		.byte	0xc
 6539 24e3 9B0A0000 		.4byte	0xa9b
ARM GAS  /tmp/ccSzEyJr.s 			page 116


 6540 24e7 02       		.uleb128 0x2
 6541 24e8 14       		.byte	0x14
 6542 24e9 49       		.byte	0x49
 6543 24ea 0C       		.byte	0xc
 6544 24eb BB0A0000 		.4byte	0xabb
 6545 24ef 02       		.uleb128 0x2
 6546 24f0 14       		.byte	0x14
 6547 24f1 49       		.byte	0x49
 6548 24f2 0C       		.byte	0xc
 6549 24f3 DB0A0000 		.4byte	0xadb
 6550 24f7 02       		.uleb128 0x2
 6551 24f8 14       		.byte	0x14
 6552 24f9 49       		.byte	0x49
 6553 24fa 0C       		.byte	0xc
 6554 24fb FB0A0000 		.4byte	0xafb
 6555 24ff 02       		.uleb128 0x2
 6556 2500 14       		.byte	0x14
 6557 2501 4A       		.byte	0x4a
 6558 2502 0C       		.byte	0xc
 6559 2503 1B0B0000 		.4byte	0xb1b
 6560 2507 02       		.uleb128 0x2
 6561 2508 14       		.byte	0x14
 6562 2509 4A       		.byte	0x4a
 6563 250a 0C       		.byte	0xc
 6564 250b 3B0B0000 		.4byte	0xb3b
 6565 250f 02       		.uleb128 0x2
 6566 2510 14       		.byte	0x14
 6567 2511 4A       		.byte	0x4a
 6568 2512 0C       		.byte	0xc
 6569 2513 5B0B0000 		.4byte	0xb5b
 6570 2517 02       		.uleb128 0x2
 6571 2518 14       		.byte	0x14
 6572 2519 4E       		.byte	0x4e
 6573 251a 0C       		.byte	0xc
 6574 251b 7B0B0000 		.4byte	0xb7b
 6575 251f 02       		.uleb128 0x2
 6576 2520 14       		.byte	0x14
 6577 2521 4E       		.byte	0x4e
 6578 2522 0C       		.byte	0xc
 6579 2523 960B0000 		.4byte	0xb96
 6580 2527 0A       		.uleb128 0xa
 6581 2528 11180000 		.4byte	.LASF151
 6582 252c 12       		.byte	0x12
 6583 252d 4401     		.2byte	0x144
 6584 252f 0F       		.byte	0xf
 6585 2530 A6150000 		.4byte	0x15a6
 6586 2534 3E250000 		.4byte	0x253e
 6587 2538 01       		.uleb128 0x1
 6588 2539 A6150000 		.4byte	0x15a6
 6589 253d 00       		.byte	0
 6590 253e 02       		.uleb128 0x2
 6591 253f 14       		.byte	0x14
 6592 2540 4E       		.byte	0x4e
 6593 2541 0C       		.byte	0xc
 6594 2542 27250000 		.4byte	0x2527
 6595 2546 02       		.uleb128 0x2
 6596 2547 14       		.byte	0x14
ARM GAS  /tmp/ccSzEyJr.s 			page 117


 6597 2548 4F       		.byte	0x4f
 6598 2549 0C       		.byte	0xc
 6599 254a B10B0000 		.4byte	0xbb1
 6600 254e 02       		.uleb128 0x2
 6601 254f 14       		.byte	0x14
 6602 2550 4F       		.byte	0x4f
 6603 2551 0C       		.byte	0xc
 6604 2552 CC0B0000 		.4byte	0xbcc
 6605 2556 0A       		.uleb128 0xa
 6606 2557 2E100000 		.4byte	.LASF154
 6607 255b 12       		.byte	0x12
 6608 255c 2801     		.2byte	0x128
 6609 255e 0F       		.byte	0xf
 6610 255f A6150000 		.4byte	0x15a6
 6611 2563 6D250000 		.4byte	0x256d
 6612 2567 01       		.uleb128 0x1
 6613 2568 A6150000 		.4byte	0x15a6
 6614 256c 00       		.byte	0
 6615 256d 02       		.uleb128 0x2
 6616 256e 14       		.byte	0x14
 6617 256f 4F       		.byte	0x4f
 6618 2570 0C       		.byte	0xc
 6619 2571 56250000 		.4byte	0x2556
 6620 2575 02       		.uleb128 0x2
 6621 2576 14       		.byte	0x14
 6622 2577 50       		.byte	0x50
 6623 2578 0C       		.byte	0xc
 6624 2579 E70B0000 		.4byte	0xbe7
 6625 257d 02       		.uleb128 0x2
 6626 257e 14       		.byte	0x14
 6627 257f 50       		.byte	0x50
 6628 2580 0C       		.byte	0xc
 6629 2581 020C0000 		.4byte	0xc02
 6630 2585 0A       		.uleb128 0xa
 6631 2586 BE0C0000 		.4byte	.LASF157
 6632 258a 12       		.byte	0x12
 6633 258b 4501     		.2byte	0x145
 6634 258d 0F       		.byte	0xf
 6635 258e A6150000 		.4byte	0x15a6
 6636 2592 9C250000 		.4byte	0x259c
 6637 2596 01       		.uleb128 0x1
 6638 2597 A6150000 		.4byte	0x15a6
 6639 259b 00       		.byte	0
 6640 259c 02       		.uleb128 0x2
 6641 259d 14       		.byte	0x14
 6642 259e 50       		.byte	0x50
 6643 259f 0C       		.byte	0xc
 6644 25a0 85250000 		.4byte	0x2585
 6645 25a4 02       		.uleb128 0x2
 6646 25a5 14       		.byte	0x14
 6647 25a6 51       		.byte	0x51
 6648 25a7 0C       		.byte	0xc
 6649 25a8 1D0C0000 		.4byte	0xc1d
 6650 25ac 02       		.uleb128 0x2
 6651 25ad 14       		.byte	0x14
 6652 25ae 51       		.byte	0x51
 6653 25af 0C       		.byte	0xc
ARM GAS  /tmp/ccSzEyJr.s 			page 118


 6654 25b0 380C0000 		.4byte	0xc38
 6655 25b4 0A       		.uleb128 0xa
 6656 25b5 69140000 		.4byte	.LASF160
 6657 25b9 12       		.byte	0x12
 6658 25ba 2901     		.2byte	0x129
 6659 25bc 0F       		.byte	0xf
 6660 25bd A6150000 		.4byte	0x15a6
 6661 25c1 CB250000 		.4byte	0x25cb
 6662 25c5 01       		.uleb128 0x1
 6663 25c6 A6150000 		.4byte	0x15a6
 6664 25ca 00       		.byte	0
 6665 25cb 02       		.uleb128 0x2
 6666 25cc 14       		.byte	0x14
 6667 25cd 51       		.byte	0x51
 6668 25ce 0C       		.byte	0xc
 6669 25cf B4250000 		.4byte	0x25b4
 6670 25d3 02       		.uleb128 0x2
 6671 25d4 14       		.byte	0x14
 6672 25d5 52       		.byte	0x52
 6673 25d6 0C       		.byte	0xc
 6674 25d7 530C0000 		.4byte	0xc53
 6675 25db 02       		.uleb128 0x2
 6676 25dc 14       		.byte	0x14
 6677 25dd 52       		.byte	0x52
 6678 25de 0C       		.byte	0xc
 6679 25df 730C0000 		.4byte	0xc73
 6680 25e3 0A       		.uleb128 0xa
 6681 25e4 7B170000 		.4byte	.LASF163
 6682 25e8 12       		.byte	0x12
 6683 25e9 2401     		.2byte	0x124
 6684 25eb 0F       		.byte	0xf
 6685 25ec A6150000 		.4byte	0x15a6
 6686 25f0 FF250000 		.4byte	0x25ff
 6687 25f4 01       		.uleb128 0x1
 6688 25f5 A6150000 		.4byte	0x15a6
 6689 25f9 01       		.uleb128 0x1
 6690 25fa A6150000 		.4byte	0x15a6
 6691 25fe 00       		.byte	0
 6692 25ff 02       		.uleb128 0x2
 6693 2600 14       		.byte	0x14
 6694 2601 52       		.byte	0x52
 6695 2602 0C       		.byte	0xc
 6696 2603 E3250000 		.4byte	0x25e3
 6697 2607 02       		.uleb128 0x2
 6698 2608 14       		.byte	0x14
 6699 2609 53       		.byte	0x53
 6700 260a 0C       		.byte	0xc
 6701 260b 930C0000 		.4byte	0xc93
 6702 260f 02       		.uleb128 0x2
 6703 2610 14       		.byte	0x14
 6704 2611 53       		.byte	0x53
 6705 2612 0C       		.byte	0xc
 6706 2613 AE0C0000 		.4byte	0xcae
 6707 2617 4D       		.uleb128 0x4d
 6708 2618 65726600 		.ascii	"erf\000"
 6709 261c 12       		.byte	0x12
 6710 261d 4901     		.2byte	0x149
ARM GAS  /tmp/ccSzEyJr.s 			page 119


 6711 261f 0F       		.byte	0xf
 6712 2620 A6150000 		.4byte	0x15a6
 6713 2624 2E260000 		.4byte	0x262e
 6714 2628 01       		.uleb128 0x1
 6715 2629 A6150000 		.4byte	0x15a6
 6716 262d 00       		.byte	0
 6717 262e 02       		.uleb128 0x2
 6718 262f 14       		.byte	0x14
 6719 2630 53       		.byte	0x53
 6720 2631 0C       		.byte	0xc
 6721 2632 17260000 		.4byte	0x2617
 6722 2636 02       		.uleb128 0x2
 6723 2637 14       		.byte	0x14
 6724 2638 54       		.byte	0x54
 6725 2639 0C       		.byte	0xc
 6726 263a C90C0000 		.4byte	0xcc9
 6727 263e 02       		.uleb128 0x2
 6728 263f 14       		.byte	0x14
 6729 2640 54       		.byte	0x54
 6730 2641 0C       		.byte	0xc
 6731 2642 E40C0000 		.4byte	0xce4
 6732 2646 0A       		.uleb128 0xa
 6733 2647 FC0F0000 		.4byte	.LASF168
 6734 264b 12       		.byte	0x12
 6735 264c 4A01     		.2byte	0x14a
 6736 264e 0F       		.byte	0xf
 6737 264f A6150000 		.4byte	0x15a6
 6738 2653 5D260000 		.4byte	0x265d
 6739 2657 01       		.uleb128 0x1
 6740 2658 A6150000 		.4byte	0x15a6
 6741 265c 00       		.byte	0
 6742 265d 02       		.uleb128 0x2
 6743 265e 14       		.byte	0x14
 6744 265f 54       		.byte	0x54
 6745 2660 0C       		.byte	0xc
 6746 2661 46260000 		.4byte	0x2646
 6747 2665 02       		.uleb128 0x2
 6748 2666 14       		.byte	0x14
 6749 2667 55       		.byte	0x55
 6750 2668 0C       		.byte	0xc
 6751 2669 FF0C0000 		.4byte	0xcff
 6752 266d 02       		.uleb128 0x2
 6753 266e 14       		.byte	0x14
 6754 266f 55       		.byte	0x55
 6755 2670 0C       		.byte	0xc
 6756 2671 1A0D0000 		.4byte	0xd1a
 6757 2675 0A       		.uleb128 0xa
 6758 2676 F01D0000 		.4byte	.LASF171
 6759 267a 12       		.byte	0x12
 6760 267b 2E01     		.2byte	0x12e
 6761 267d 0F       		.byte	0xf
 6762 267e A6150000 		.4byte	0x15a6
 6763 2682 8C260000 		.4byte	0x268c
 6764 2686 01       		.uleb128 0x1
 6765 2687 A6150000 		.4byte	0x15a6
 6766 268b 00       		.byte	0
 6767 268c 02       		.uleb128 0x2
ARM GAS  /tmp/ccSzEyJr.s 			page 120


 6768 268d 14       		.byte	0x14
 6769 268e 55       		.byte	0x55
 6770 268f 0C       		.byte	0xc
 6771 2690 75260000 		.4byte	0x2675
 6772 2694 02       		.uleb128 0x2
 6773 2695 14       		.byte	0x14
 6774 2696 56       		.byte	0x56
 6775 2697 0C       		.byte	0xc
 6776 2698 350D0000 		.4byte	0xd35
 6777 269c 02       		.uleb128 0x2
 6778 269d 14       		.byte	0x14
 6779 269e 56       		.byte	0x56
 6780 269f 0C       		.byte	0xc
 6781 26a0 500D0000 		.4byte	0xd50
 6782 26a4 0A       		.uleb128 0xa
 6783 26a5 2E170000 		.4byte	.LASF174
 6784 26a9 12       		.byte	0x12
 6785 26aa 4001     		.2byte	0x140
 6786 26ac 0F       		.byte	0xf
 6787 26ad A6150000 		.4byte	0x15a6
 6788 26b1 BB260000 		.4byte	0x26bb
 6789 26b5 01       		.uleb128 0x1
 6790 26b6 A6150000 		.4byte	0x15a6
 6791 26ba 00       		.byte	0
 6792 26bb 02       		.uleb128 0x2
 6793 26bc 14       		.byte	0x14
 6794 26bd 56       		.byte	0x56
 6795 26be 0C       		.byte	0xc
 6796 26bf A4260000 		.4byte	0x26a4
 6797 26c3 02       		.uleb128 0x2
 6798 26c4 14       		.byte	0x14
 6799 26c5 57       		.byte	0x57
 6800 26c6 0C       		.byte	0xc
 6801 26c7 6B0D0000 		.4byte	0xd6b
 6802 26cb 02       		.uleb128 0x2
 6803 26cc 14       		.byte	0x14
 6804 26cd 57       		.byte	0x57
 6805 26ce 0C       		.byte	0xc
 6806 26cf 8B0D0000 		.4byte	0xd8b
 6807 26d3 0A       		.uleb128 0xa
 6808 26d4 00000000 		.4byte	.LASF177
 6809 26d8 12       		.byte	0x12
 6810 26d9 3901     		.2byte	0x139
 6811 26db 0F       		.byte	0xf
 6812 26dc A6150000 		.4byte	0x15a6
 6813 26e0 EF260000 		.4byte	0x26ef
 6814 26e4 01       		.uleb128 0x1
 6815 26e5 A6150000 		.4byte	0x15a6
 6816 26e9 01       		.uleb128 0x1
 6817 26ea A6150000 		.4byte	0x15a6
 6818 26ee 00       		.byte	0
 6819 26ef 02       		.uleb128 0x2
 6820 26f0 14       		.byte	0x14
 6821 26f1 57       		.byte	0x57
 6822 26f2 0C       		.byte	0xc
 6823 26f3 D3260000 		.4byte	0x26d3
 6824 26f7 02       		.uleb128 0x2
ARM GAS  /tmp/ccSzEyJr.s 			page 121


 6825 26f8 14       		.byte	0x14
 6826 26f9 58       		.byte	0x58
 6827 26fa 0C       		.byte	0xc
 6828 26fb AB0D0000 		.4byte	0xdab
 6829 26ff 02       		.uleb128 0x2
 6830 2700 14       		.byte	0x14
 6831 2701 58       		.byte	0x58
 6832 2702 0C       		.byte	0xc
 6833 2703 D00D0000 		.4byte	0xdd0
 6834 2707 4D       		.uleb128 0x4d
 6835 2708 666D6100 		.ascii	"fma\000"
 6836 270c 12       		.byte	0x12
 6837 270d 3C01     		.2byte	0x13c
 6838 270f 0F       		.byte	0xf
 6839 2710 A6150000 		.4byte	0x15a6
 6840 2714 28270000 		.4byte	0x2728
 6841 2718 01       		.uleb128 0x1
 6842 2719 A6150000 		.4byte	0x15a6
 6843 271d 01       		.uleb128 0x1
 6844 271e A6150000 		.4byte	0x15a6
 6845 2722 01       		.uleb128 0x1
 6846 2723 A6150000 		.4byte	0x15a6
 6847 2727 00       		.byte	0
 6848 2728 02       		.uleb128 0x2
 6849 2729 14       		.byte	0x14
 6850 272a 58       		.byte	0x58
 6851 272b 0C       		.byte	0xc
 6852 272c 07270000 		.4byte	0x2707
 6853 2730 02       		.uleb128 0x2
 6854 2731 14       		.byte	0x14
 6855 2732 59       		.byte	0x59
 6856 2733 0C       		.byte	0xc
 6857 2734 F50D0000 		.4byte	0xdf5
 6858 2738 02       		.uleb128 0x2
 6859 2739 14       		.byte	0x14
 6860 273a 59       		.byte	0x59
 6861 273b 0C       		.byte	0xc
 6862 273c 150E0000 		.4byte	0xe15
 6863 2740 0A       		.uleb128 0xa
 6864 2741 FE180000 		.4byte	.LASF182
 6865 2745 12       		.byte	0x12
 6866 2746 3A01     		.2byte	0x13a
 6867 2748 0F       		.byte	0xf
 6868 2749 A6150000 		.4byte	0x15a6
 6869 274d 5C270000 		.4byte	0x275c
 6870 2751 01       		.uleb128 0x1
 6871 2752 A6150000 		.4byte	0x15a6
 6872 2756 01       		.uleb128 0x1
 6873 2757 A6150000 		.4byte	0x15a6
 6874 275b 00       		.byte	0
 6875 275c 02       		.uleb128 0x2
 6876 275d 14       		.byte	0x14
 6877 275e 59       		.byte	0x59
 6878 275f 0C       		.byte	0xc
 6879 2760 40270000 		.4byte	0x2740
 6880 2764 02       		.uleb128 0x2
 6881 2765 14       		.byte	0x14
ARM GAS  /tmp/ccSzEyJr.s 			page 122


 6882 2766 5A       		.byte	0x5a
 6883 2767 0C       		.byte	0xc
 6884 2768 350E0000 		.4byte	0xe35
 6885 276c 02       		.uleb128 0x2
 6886 276d 14       		.byte	0x14
 6887 276e 5A       		.byte	0x5a
 6888 276f 0C       		.byte	0xc
 6889 2770 550E0000 		.4byte	0xe55
 6890 2774 0A       		.uleb128 0xa
 6891 2775 A5010000 		.4byte	.LASF185
 6892 2779 12       		.byte	0x12
 6893 277a 3B01     		.2byte	0x13b
 6894 277c 0F       		.byte	0xf
 6895 277d A6150000 		.4byte	0x15a6
 6896 2781 90270000 		.4byte	0x2790
 6897 2785 01       		.uleb128 0x1
 6898 2786 A6150000 		.4byte	0x15a6
 6899 278a 01       		.uleb128 0x1
 6900 278b A6150000 		.4byte	0x15a6
 6901 278f 00       		.byte	0
 6902 2790 02       		.uleb128 0x2
 6903 2791 14       		.byte	0x14
 6904 2792 5A       		.byte	0x5a
 6905 2793 0C       		.byte	0xc
 6906 2794 74270000 		.4byte	0x2774
 6907 2798 02       		.uleb128 0x2
 6908 2799 14       		.byte	0x14
 6909 279a 5B       		.byte	0x5b
 6910 279b 0C       		.byte	0xc
 6911 279c 750E0000 		.4byte	0xe75
 6912 27a0 02       		.uleb128 0x2
 6913 27a1 14       		.byte	0x14
 6914 27a2 5B       		.byte	0x5b
 6915 27a3 0C       		.byte	0xc
 6916 27a4 950E0000 		.4byte	0xe95
 6917 27a8 0A       		.uleb128 0xa
 6918 27a9 691A0000 		.4byte	.LASF188
 6919 27ad 12       		.byte	0x12
 6920 27ae 5101     		.2byte	0x151
 6921 27b0 0F       		.byte	0xf
 6922 27b1 A6150000 		.4byte	0x15a6
 6923 27b5 C4270000 		.4byte	0x27c4
 6924 27b9 01       		.uleb128 0x1
 6925 27ba A6150000 		.4byte	0x15a6
 6926 27be 01       		.uleb128 0x1
 6927 27bf A6150000 		.4byte	0x15a6
 6928 27c3 00       		.byte	0
 6929 27c4 02       		.uleb128 0x2
 6930 27c5 14       		.byte	0x14
 6931 27c6 5B       		.byte	0x5b
 6932 27c7 0C       		.byte	0xc
 6933 27c8 A8270000 		.4byte	0x27a8
 6934 27cc 02       		.uleb128 0x2
 6935 27cd 14       		.byte	0x14
 6936 27ce 5C       		.byte	0x5c
 6937 27cf 0C       		.byte	0xc
 6938 27d0 B50E0000 		.4byte	0xeb5
ARM GAS  /tmp/ccSzEyJr.s 			page 123


 6939 27d4 02       		.uleb128 0x2
 6940 27d5 14       		.byte	0x14
 6941 27d6 5C       		.byte	0x5c
 6942 27d7 0C       		.byte	0xc
 6943 27d8 D00E0000 		.4byte	0xed0
 6944 27dc 0A       		.uleb128 0xa
 6945 27dd 26030000 		.4byte	.LASF191
 6946 27e1 12       		.byte	0x12
 6947 27e2 2601     		.2byte	0x126
 6948 27e4 0C       		.byte	0xc
 6949 27e5 2C000000 		.4byte	0x2c
 6950 27e9 F3270000 		.4byte	0x27f3
 6951 27ed 01       		.uleb128 0x1
 6952 27ee A6150000 		.4byte	0x15a6
 6953 27f2 00       		.byte	0
 6954 27f3 02       		.uleb128 0x2
 6955 27f4 14       		.byte	0x14
 6956 27f5 5C       		.byte	0x5c
 6957 27f6 0C       		.byte	0xc
 6958 27f7 DC270000 		.4byte	0x27dc
 6959 27fb 02       		.uleb128 0x2
 6960 27fc 14       		.byte	0x14
 6961 27fd 5D       		.byte	0x5d
 6962 27fe 0C       		.byte	0xc
 6963 27ff EB0E0000 		.4byte	0xeeb
 6964 2803 02       		.uleb128 0x2
 6965 2804 14       		.byte	0x14
 6966 2805 5D       		.byte	0x5d
 6967 2806 0C       		.byte	0xc
 6968 2807 060F0000 		.4byte	0xf06
 6969 280b 0A       		.uleb128 0xa
 6970 280c 6C1C0000 		.4byte	.LASF194
 6971 2810 12       		.byte	0x12
 6972 2811 4801     		.2byte	0x148
 6973 2813 0F       		.byte	0xf
 6974 2814 A6150000 		.4byte	0x15a6
 6975 2818 22280000 		.4byte	0x2822
 6976 281c 01       		.uleb128 0x1
 6977 281d A6150000 		.4byte	0x15a6
 6978 2821 00       		.byte	0
 6979 2822 02       		.uleb128 0x2
 6980 2823 14       		.byte	0x14
 6981 2824 5D       		.byte	0x5d
 6982 2825 0C       		.byte	0xc
 6983 2826 0B280000 		.4byte	0x280b
 6984 282a 02       		.uleb128 0x2
 6985 282b 14       		.byte	0x14
 6986 282c 5E       		.byte	0x5e
 6987 282d 0C       		.byte	0xc
 6988 282e 210F0000 		.4byte	0xf21
 6989 2832 02       		.uleb128 0x2
 6990 2833 14       		.byte	0x14
 6991 2834 5E       		.byte	0x5e
 6992 2835 0C       		.byte	0xc
 6993 2836 3C0F0000 		.4byte	0xf3c
 6994 283a 0A       		.uleb128 0xa
 6995 283b 521A0000 		.4byte	.LASF197
ARM GAS  /tmp/ccSzEyJr.s 			page 124


 6996 283f 12       		.byte	0x12
 6997 2840 3301     		.2byte	0x133
 6998 2842 16       		.byte	0x16
 6999 2843 84000000 		.4byte	0x84
 7000 2847 51280000 		.4byte	0x2851
 7001 284b 01       		.uleb128 0x1
 7002 284c A6150000 		.4byte	0x15a6
 7003 2850 00       		.byte	0
 7004 2851 02       		.uleb128 0x2
 7005 2852 14       		.byte	0x14
 7006 2853 5E       		.byte	0x5e
 7007 2854 0C       		.byte	0xc
 7008 2855 3A280000 		.4byte	0x283a
 7009 2859 02       		.uleb128 0x2
 7010 285a 14       		.byte	0x14
 7011 285b 5F       		.byte	0x5f
 7012 285c 0C       		.byte	0xc
 7013 285d 570F0000 		.4byte	0xf57
 7014 2861 02       		.uleb128 0x2
 7015 2862 14       		.byte	0x14
 7016 2863 5F       		.byte	0x5f
 7017 2864 0C       		.byte	0xc
 7018 2865 720F0000 		.4byte	0xf72
 7019 2869 0A       		.uleb128 0xa
 7020 286a B0120000 		.4byte	.LASF200
 7021 286e 12       		.byte	0x12
 7022 286f 3601     		.2byte	0x136
 7023 2871 16       		.byte	0x16
 7024 2872 84000000 		.4byte	0x84
 7025 2876 80280000 		.4byte	0x2880
 7026 287a 01       		.uleb128 0x1
 7027 287b A6150000 		.4byte	0x15a6
 7028 287f 00       		.byte	0
 7029 2880 02       		.uleb128 0x2
 7030 2881 14       		.byte	0x14
 7031 2882 5F       		.byte	0x5f
 7032 2883 0C       		.byte	0xc
 7033 2884 69280000 		.4byte	0x2869
 7034 2888 02       		.uleb128 0x2
 7035 2889 14       		.byte	0x14
 7036 288a 60       		.byte	0x60
 7037 288b 0C       		.byte	0xc
 7038 288c 8D0F0000 		.4byte	0xf8d
 7039 2890 02       		.uleb128 0x2
 7040 2891 14       		.byte	0x14
 7041 2892 60       		.byte	0x60
 7042 2893 0C       		.byte	0xc
 7043 2894 A80F0000 		.4byte	0xfa8
 7044 2898 0A       		.uleb128 0xa
 7045 2899 C40A0000 		.4byte	.LASF203
 7046 289d 12       		.byte	0x12
 7047 289e 3F01     		.2byte	0x13f
 7048 28a0 0F       		.byte	0xf
 7049 28a1 A6150000 		.4byte	0x15a6
 7050 28a5 AF280000 		.4byte	0x28af
 7051 28a9 01       		.uleb128 0x1
 7052 28aa A6150000 		.4byte	0x15a6
ARM GAS  /tmp/ccSzEyJr.s 			page 125


 7053 28ae 00       		.byte	0
 7054 28af 02       		.uleb128 0x2
 7055 28b0 14       		.byte	0x14
 7056 28b1 60       		.byte	0x60
 7057 28b2 0C       		.byte	0xc
 7058 28b3 98280000 		.4byte	0x2898
 7059 28b7 02       		.uleb128 0x2
 7060 28b8 14       		.byte	0x14
 7061 28b9 61       		.byte	0x61
 7062 28ba 0C       		.byte	0xc
 7063 28bb C30F0000 		.4byte	0xfc3
 7064 28bf 02       		.uleb128 0x2
 7065 28c0 14       		.byte	0x14
 7066 28c1 61       		.byte	0x61
 7067 28c2 0C       		.byte	0xc
 7068 28c3 DE0F0000 		.4byte	0xfde
 7069 28c7 0A       		.uleb128 0xa
 7070 28c8 0F0E0000 		.4byte	.LASF206
 7071 28cc 12       		.byte	0x12
 7072 28cd 4B01     		.2byte	0x14b
 7073 28cf 0F       		.byte	0xf
 7074 28d0 A6150000 		.4byte	0x15a6
 7075 28d4 DE280000 		.4byte	0x28de
 7076 28d8 01       		.uleb128 0x1
 7077 28d9 A6150000 		.4byte	0x15a6
 7078 28dd 00       		.byte	0
 7079 28de 02       		.uleb128 0x2
 7080 28df 14       		.byte	0x14
 7081 28e0 61       		.byte	0x61
 7082 28e1 0C       		.byte	0xc
 7083 28e2 C7280000 		.4byte	0x28c7
 7084 28e6 02       		.uleb128 0x2
 7085 28e7 14       		.byte	0x14
 7086 28e8 62       		.byte	0x62
 7087 28e9 0C       		.byte	0xc
 7088 28ea F90F0000 		.4byte	0xff9
 7089 28ee 02       		.uleb128 0x2
 7090 28ef 14       		.byte	0x14
 7091 28f0 62       		.byte	0x62
 7092 28f1 0C       		.byte	0xc
 7093 28f2 14100000 		.4byte	0x1014
 7094 28f6 0A       		.uleb128 0xa
 7095 28f7 CE0E0000 		.4byte	.LASF209
 7096 28fb 12       		.byte	0x12
 7097 28fc 2501     		.2byte	0x125
 7098 28fe 0F       		.byte	0xf
 7099 28ff A6150000 		.4byte	0x15a6
 7100 2903 0D290000 		.4byte	0x290d
 7101 2907 01       		.uleb128 0x1
 7102 2908 A6150000 		.4byte	0x15a6
 7103 290c 00       		.byte	0
 7104 290d 02       		.uleb128 0x2
 7105 290e 14       		.byte	0x14
 7106 290f 62       		.byte	0x62
 7107 2910 0C       		.byte	0xc
 7108 2911 F6280000 		.4byte	0x28f6
 7109 2915 02       		.uleb128 0x2
ARM GAS  /tmp/ccSzEyJr.s 			page 126


 7110 2916 14       		.byte	0x14
 7111 2917 63       		.byte	0x63
 7112 2918 0C       		.byte	0xc
 7113 2919 2F100000 		.4byte	0x102f
 7114 291d 02       		.uleb128 0x2
 7115 291e 14       		.byte	0x14
 7116 291f 63       		.byte	0x63
 7117 2920 0C       		.byte	0xc
 7118 2921 4A100000 		.4byte	0x104a
 7119 2925 0A       		.uleb128 0xa
 7120 2926 67080000 		.4byte	.LASF212
 7121 292a 12       		.byte	0x12
 7122 292b 3201     		.2byte	0x132
 7123 292d 11       		.byte	0x11
 7124 292e 71000000 		.4byte	0x71
 7125 2932 3C290000 		.4byte	0x293c
 7126 2936 01       		.uleb128 0x1
 7127 2937 A6150000 		.4byte	0x15a6
 7128 293b 00       		.byte	0
 7129 293c 02       		.uleb128 0x2
 7130 293d 14       		.byte	0x14
 7131 293e 63       		.byte	0x63
 7132 293f 0C       		.byte	0xc
 7133 2940 25290000 		.4byte	0x2925
 7134 2944 02       		.uleb128 0x2
 7135 2945 14       		.byte	0x14
 7136 2946 64       		.byte	0x64
 7137 2947 0C       		.byte	0xc
 7138 2948 65100000 		.4byte	0x1065
 7139 294c 02       		.uleb128 0x2
 7140 294d 14       		.byte	0x14
 7141 294e 64       		.byte	0x64
 7142 294f 0C       		.byte	0xc
 7143 2950 80100000 		.4byte	0x1080
 7144 2954 0A       		.uleb128 0xa
 7145 2955 96190000 		.4byte	.LASF215
 7146 2959 12       		.byte	0x12
 7147 295a 3501     		.2byte	0x135
 7148 295c 11       		.byte	0x11
 7149 295d 71000000 		.4byte	0x71
 7150 2961 6B290000 		.4byte	0x296b
 7151 2965 01       		.uleb128 0x1
 7152 2966 A6150000 		.4byte	0x15a6
 7153 296a 00       		.byte	0
 7154 296b 02       		.uleb128 0x2
 7155 296c 14       		.byte	0x14
 7156 296d 64       		.byte	0x64
 7157 296e 0C       		.byte	0xc
 7158 296f 54290000 		.4byte	0x2954
 7159 2973 02       		.uleb128 0x2
 7160 2974 14       		.byte	0x14
 7161 2975 65       		.byte	0x65
 7162 2976 0C       		.byte	0xc
 7163 2977 9B100000 		.4byte	0x109b
 7164 297b 02       		.uleb128 0x2
 7165 297c 14       		.byte	0x14
 7166 297d 65       		.byte	0x65
ARM GAS  /tmp/ccSzEyJr.s 			page 127


 7167 297e 0C       		.byte	0xc
 7168 297f B6100000 		.4byte	0x10b6
 7169 2983 0A       		.uleb128 0xa
 7170 2984 6F060000 		.4byte	.LASF218
 7171 2988 12       		.byte	0x12
 7172 2989 3101     		.2byte	0x131
 7173 298b 0F       		.byte	0xf
 7174 298c A6150000 		.4byte	0x15a6
 7175 2990 9A290000 		.4byte	0x299a
 7176 2994 01       		.uleb128 0x1
 7177 2995 A6150000 		.4byte	0x15a6
 7178 2999 00       		.byte	0
 7179 299a 02       		.uleb128 0x2
 7180 299b 14       		.byte	0x14
 7181 299c 65       		.byte	0x65
 7182 299d 0C       		.byte	0xc
 7183 299e 83290000 		.4byte	0x2983
 7184 29a2 02       		.uleb128 0x2
 7185 29a3 14       		.byte	0x14
 7186 29a4 66       		.byte	0x66
 7187 29a5 0C       		.byte	0xc
 7188 29a6 D1100000 		.4byte	0x10d1
 7189 29aa 02       		.uleb128 0x2
 7190 29ab 14       		.byte	0x14
 7191 29ac 66       		.byte	0x66
 7192 29ad 0C       		.byte	0xc
 7193 29ae F1100000 		.4byte	0x10f1
 7194 29b2 0A       		.uleb128 0xa
 7195 29b3 34170000 		.4byte	.LASF221
 7196 29b7 12       		.byte	0x12
 7197 29b8 2A01     		.2byte	0x12a
 7198 29ba 0F       		.byte	0xf
 7199 29bb A6150000 		.4byte	0x15a6
 7200 29bf CE290000 		.4byte	0x29ce
 7201 29c3 01       		.uleb128 0x1
 7202 29c4 A6150000 		.4byte	0x15a6
 7203 29c8 01       		.uleb128 0x1
 7204 29c9 A6150000 		.4byte	0x15a6
 7205 29cd 00       		.byte	0
 7206 29ce 02       		.uleb128 0x2
 7207 29cf 14       		.byte	0x14
 7208 29d0 66       		.byte	0x66
 7209 29d1 0C       		.byte	0xc
 7210 29d2 B2290000 		.4byte	0x29b2
 7211 29d6 02       		.uleb128 0x2
 7212 29d7 14       		.byte	0x14
 7213 29d8 67       		.byte	0x67
 7214 29d9 0C       		.byte	0xc
 7215 29da 11110000 		.4byte	0x1111
 7216 29de 02       		.uleb128 0x2
 7217 29df 14       		.byte	0x14
 7218 29e0 67       		.byte	0x67
 7219 29e1 0C       		.byte	0xc
 7220 29e2 31110000 		.4byte	0x1131
 7221 29e6 0A       		.uleb128 0xa
 7222 29e7 DA030000 		.4byte	.LASF224
 7223 29eb 12       		.byte	0x12
ARM GAS  /tmp/ccSzEyJr.s 			page 128


 7224 29ec CC01     		.2byte	0x1cc
 7225 29ee 0F       		.byte	0xf
 7226 29ef A6150000 		.4byte	0x15a6
 7227 29f3 022A0000 		.4byte	0x2a02
 7228 29f7 01       		.uleb128 0x1
 7229 29f8 A6150000 		.4byte	0x15a6
 7230 29fc 01       		.uleb128 0x1
 7231 29fd 9F150000 		.4byte	0x159f
 7232 2a01 00       		.byte	0
 7233 2a02 02       		.uleb128 0x2
 7234 2a03 14       		.byte	0x14
 7235 2a04 67       		.byte	0x67
 7236 2a05 0C       		.byte	0xc
 7237 2a06 E6290000 		.4byte	0x29e6
 7238 2a0a 02       		.uleb128 0x2
 7239 2a0b 14       		.byte	0x14
 7240 2a0c 68       		.byte	0x68
 7241 2a0d 0C       		.byte	0xc
 7242 2a0e 51110000 		.4byte	0x1151
 7243 2a12 02       		.uleb128 0x2
 7244 2a13 14       		.byte	0x14
 7245 2a14 68       		.byte	0x68
 7246 2a15 0C       		.byte	0xc
 7247 2a16 71110000 		.4byte	0x1171
 7248 2a1a 0A       		.uleb128 0xa
 7249 2a1b 381E0000 		.4byte	.LASF227
 7250 2a1f 12       		.byte	0x12
 7251 2a20 4601     		.2byte	0x146
 7252 2a22 0F       		.byte	0xf
 7253 2a23 A6150000 		.4byte	0x15a6
 7254 2a27 362A0000 		.4byte	0x2a36
 7255 2a2b 01       		.uleb128 0x1
 7256 2a2c A6150000 		.4byte	0x15a6
 7257 2a30 01       		.uleb128 0x1
 7258 2a31 A6150000 		.4byte	0x15a6
 7259 2a35 00       		.byte	0
 7260 2a36 02       		.uleb128 0x2
 7261 2a37 14       		.byte	0x14
 7262 2a38 68       		.byte	0x68
 7263 2a39 0C       		.byte	0xc
 7264 2a3a 1A2A0000 		.4byte	0x2a1a
 7265 2a3e 02       		.uleb128 0x2
 7266 2a3f 14       		.byte	0x14
 7267 2a40 69       		.byte	0x69
 7268 2a41 0C       		.byte	0xc
 7269 2a42 91110000 		.4byte	0x1191
 7270 2a46 02       		.uleb128 0x2
 7271 2a47 14       		.byte	0x14
 7272 2a48 69       		.byte	0x69
 7273 2a49 0C       		.byte	0xc
 7274 2a4a B6110000 		.4byte	0x11b6
 7275 2a4e 0A       		.uleb128 0xa
 7276 2a4f 2C130000 		.4byte	.LASF230
 7277 2a53 12       		.byte	0x12
 7278 2a54 3801     		.2byte	0x138
 7279 2a56 0F       		.byte	0xf
 7280 2a57 A6150000 		.4byte	0x15a6
ARM GAS  /tmp/ccSzEyJr.s 			page 129


 7281 2a5b 6F2A0000 		.4byte	0x2a6f
 7282 2a5f 01       		.uleb128 0x1
 7283 2a60 A6150000 		.4byte	0x15a6
 7284 2a64 01       		.uleb128 0x1
 7285 2a65 A6150000 		.4byte	0x15a6
 7286 2a69 01       		.uleb128 0x1
 7287 2a6a C5210000 		.4byte	0x21c5
 7288 2a6e 00       		.byte	0
 7289 2a6f 02       		.uleb128 0x2
 7290 2a70 14       		.byte	0x14
 7291 2a71 69       		.byte	0x69
 7292 2a72 0C       		.byte	0xc
 7293 2a73 4E2A0000 		.4byte	0x2a4e
 7294 2a77 02       		.uleb128 0x2
 7295 2a78 14       		.byte	0x14
 7296 2a79 6A       		.byte	0x6a
 7297 2a7a 0C       		.byte	0xc
 7298 2a7b DB110000 		.4byte	0x11db
 7299 2a7f 02       		.uleb128 0x2
 7300 2a80 14       		.byte	0x14
 7301 2a81 6A       		.byte	0x6a
 7302 2a82 0C       		.byte	0xc
 7303 2a83 F6110000 		.4byte	0x11f6
 7304 2a87 0A       		.uleb128 0xa
 7305 2a88 0E190000 		.4byte	.LASF233
 7306 2a8c 12       		.byte	0x12
 7307 2a8d 2B01     		.2byte	0x12b
 7308 2a8f 0F       		.byte	0xf
 7309 2a90 A6150000 		.4byte	0x15a6
 7310 2a94 9E2A0000 		.4byte	0x2a9e
 7311 2a98 01       		.uleb128 0x1
 7312 2a99 A6150000 		.4byte	0x15a6
 7313 2a9d 00       		.byte	0
 7314 2a9e 02       		.uleb128 0x2
 7315 2a9f 14       		.byte	0x14
 7316 2aa0 6A       		.byte	0x6a
 7317 2aa1 0C       		.byte	0xc
 7318 2aa2 872A0000 		.4byte	0x2a87
 7319 2aa6 02       		.uleb128 0x2
 7320 2aa7 14       		.byte	0x14
 7321 2aa8 6B       		.byte	0x6b
 7322 2aa9 0C       		.byte	0xc
 7323 2aaa 11120000 		.4byte	0x1211
 7324 2aae 02       		.uleb128 0x2
 7325 2aaf 14       		.byte	0x14
 7326 2ab0 6B       		.byte	0x6b
 7327 2ab1 0C       		.byte	0xc
 7328 2ab2 2C120000 		.4byte	0x122c
 7329 2ab6 0A       		.uleb128 0xa
 7330 2ab7 1B120000 		.4byte	.LASF236
 7331 2abb 12       		.byte	0x12
 7332 2abc 3401     		.2byte	0x134
 7333 2abe 0F       		.byte	0xf
 7334 2abf A6150000 		.4byte	0x15a6
 7335 2ac3 CD2A0000 		.4byte	0x2acd
 7336 2ac7 01       		.uleb128 0x1
 7337 2ac8 A6150000 		.4byte	0x15a6
ARM GAS  /tmp/ccSzEyJr.s 			page 130


 7338 2acc 00       		.byte	0
 7339 2acd 02       		.uleb128 0x2
 7340 2ace 14       		.byte	0x14
 7341 2acf 6B       		.byte	0x6b
 7342 2ad0 0C       		.byte	0xc
 7343 2ad1 B62A0000 		.4byte	0x2ab6
 7344 2ad5 02       		.uleb128 0x2
 7345 2ad6 14       		.byte	0x14
 7346 2ad7 6C       		.byte	0x6c
 7347 2ad8 0C       		.byte	0xc
 7348 2ad9 47120000 		.4byte	0x1247
 7349 2add 02       		.uleb128 0x2
 7350 2ade 14       		.byte	0x14
 7351 2adf 6C       		.byte	0x6c
 7352 2ae0 0C       		.byte	0xc
 7353 2ae1 67120000 		.4byte	0x1267
 7354 2ae5 0A       		.uleb128 0xa
 7355 2ae6 AB140000 		.4byte	.LASF239
 7356 2aea 12       		.byte	0x12
 7357 2aeb 2F01     		.2byte	0x12f
 7358 2aed 0F       		.byte	0xf
 7359 2aee A6150000 		.4byte	0x15a6
 7360 2af2 012B0000 		.4byte	0x2b01
 7361 2af6 01       		.uleb128 0x1
 7362 2af7 A6150000 		.4byte	0x15a6
 7363 2afb 01       		.uleb128 0x1
 7364 2afc 71000000 		.4byte	0x71
 7365 2b00 00       		.byte	0
 7366 2b01 02       		.uleb128 0x2
 7367 2b02 14       		.byte	0x14
 7368 2b03 6C       		.byte	0x6c
 7369 2b04 0C       		.byte	0xc
 7370 2b05 E52A0000 		.4byte	0x2ae5
 7371 2b09 02       		.uleb128 0x2
 7372 2b0a 14       		.byte	0x14
 7373 2b0b 6D       		.byte	0x6d
 7374 2b0c 0C       		.byte	0xc
 7375 2b0d 87120000 		.4byte	0x1287
 7376 2b11 02       		.uleb128 0x2
 7377 2b12 14       		.byte	0x14
 7378 2b13 6D       		.byte	0x6d
 7379 2b14 0C       		.byte	0xc
 7380 2b15 A7120000 		.4byte	0x12a7
 7381 2b19 0A       		.uleb128 0xa
 7382 2b1a CA190000 		.4byte	.LASF242
 7383 2b1e 12       		.byte	0x12
 7384 2b1f 2C01     		.2byte	0x12c
 7385 2b21 0F       		.byte	0xf
 7386 2b22 A6150000 		.4byte	0x15a6
 7387 2b26 352B0000 		.4byte	0x2b35
 7388 2b2a 01       		.uleb128 0x1
 7389 2b2b A6150000 		.4byte	0x15a6
 7390 2b2f 01       		.uleb128 0x1
 7391 2b30 2C000000 		.4byte	0x2c
 7392 2b34 00       		.byte	0
 7393 2b35 02       		.uleb128 0x2
 7394 2b36 14       		.byte	0x14
ARM GAS  /tmp/ccSzEyJr.s 			page 131


 7395 2b37 6D       		.byte	0x6d
 7396 2b38 0C       		.byte	0xc
 7397 2b39 192B0000 		.4byte	0x2b19
 7398 2b3d 02       		.uleb128 0x2
 7399 2b3e 14       		.byte	0x14
 7400 2b3f 6E       		.byte	0x6e
 7401 2b40 0C       		.byte	0xc
 7402 2b41 C7120000 		.4byte	0x12c7
 7403 2b45 02       		.uleb128 0x2
 7404 2b46 14       		.byte	0x14
 7405 2b47 6E       		.byte	0x6e
 7406 2b48 0C       		.byte	0xc
 7407 2b49 E2120000 		.4byte	0x12e2
 7408 2b4d 0A       		.uleb128 0xa
 7409 2b4e 6D0D0000 		.4byte	.LASF245
 7410 2b52 12       		.byte	0x12
 7411 2b53 3001     		.2byte	0x130
 7412 2b55 0F       		.byte	0xf
 7413 2b56 A6150000 		.4byte	0x15a6
 7414 2b5a 642B0000 		.4byte	0x2b64
 7415 2b5e 01       		.uleb128 0x1
 7416 2b5f A6150000 		.4byte	0x15a6
 7417 2b63 00       		.byte	0
 7418 2b64 02       		.uleb128 0x2
 7419 2b65 14       		.byte	0x14
 7420 2b66 6E       		.byte	0x6e
 7421 2b67 0C       		.byte	0xc
 7422 2b68 4D2B0000 		.4byte	0x2b4d
 7423 2b6c 02       		.uleb128 0x2
 7424 2b6d 14       		.byte	0x14
 7425 2b6e 6F       		.byte	0x6f
 7426 2b6f 0C       		.byte	0xc
 7427 2b70 FD120000 		.4byte	0x12fd
 7428 2b74 02       		.uleb128 0x2
 7429 2b75 14       		.byte	0x14
 7430 2b76 6F       		.byte	0x6f
 7431 2b77 0C       		.byte	0xc
 7432 2b78 18130000 		.4byte	0x1318
 7433 2b7c 0A       		.uleb128 0xa
 7434 2b7d EA170000 		.4byte	.LASF248
 7435 2b81 12       		.byte	0x12
 7436 2b82 3701     		.2byte	0x137
 7437 2b84 0F       		.byte	0xf
 7438 2b85 A6150000 		.4byte	0x15a6
 7439 2b89 932B0000 		.4byte	0x2b93
 7440 2b8d 01       		.uleb128 0x1
 7441 2b8e A6150000 		.4byte	0x15a6
 7442 2b92 00       		.byte	0
 7443 2b93 02       		.uleb128 0x2
 7444 2b94 14       		.byte	0x14
 7445 2b95 6F       		.byte	0x6f
 7446 2b96 0C       		.byte	0xc
 7447 2b97 7C2B0000 		.4byte	0x2b7c
 7448 2b9b 64       		.uleb128 0x64
 7449 2b9c 07       		.byte	0x7
 7450 2b9d 04       		.byte	0x4
 7451 2b9e 33000000 		.4byte	0x33
ARM GAS  /tmp/ccSzEyJr.s 			page 132


 7452 2ba2 15       		.byte	0x15
 7453 2ba3 B4       		.byte	0xb4
 7454 2ba4 08       		.byte	0x8
 7455 2ba5 C52B0000 		.4byte	0x2bc5
 7456 2ba9 3A       		.uleb128 0x3a
 7457 2baa 58140000 		.4byte	.LASF378
 7458 2bae 00000100 		.4byte	0x10000
 7459 2bb2 3A       		.uleb128 0x3a
 7460 2bb3 E50E0000 		.4byte	.LASF379
 7461 2bb7 00010100 		.4byte	0x10100
 7462 2bbb 3A       		.uleb128 0x3a
 7463 2bbc FF010000 		.4byte	.LASF380
 7464 2bc0 00000200 		.4byte	0x20000
 7465 2bc4 00       		.byte	0
 7466 2bc5 65       		.uleb128 0x65
 7467 2bc6 6B1B0000 		.4byte	.LASF627
 7468 2bca 15       		.byte	0x15
 7469 2bcb D8       		.byte	0xd8
 7470 2bcc 10       		.byte	0x10
 7471 2bcd 0C       		.uleb128 0xc
 7472 2bce C52B0000 		.4byte	0x2bc5
 7473 2bd2 07       		.uleb128 0x7
 7474 2bd3 BA070000 		.4byte	.LASF381
 7475 2bd7 15       		.byte	0x15
 7476 2bd8 E3       		.byte	0xe3
 7477 2bd9 17       		.byte	0x17
 7478 2bda DE2B0000 		.4byte	0x2bde
 7479 2bde 08       		.uleb128 0x8
 7480 2bdf 04       		.byte	0x4
 7481 2be0 E42B0000 		.4byte	0x2be4
 7482 2be4 29       		.uleb128 0x29
 7483 2be5 F32B0000 		.4byte	0x2bf3
 7484 2be9 F32B0000 		.4byte	0x2bf3
 7485 2bed 01       		.uleb128 0x1
 7486 2bee B2150000 		.4byte	0x15b2
 7487 2bf2 00       		.byte	0
 7488 2bf3 08       		.uleb128 0x8
 7489 2bf4 04       		.byte	0x4
 7490 2bf5 8B000000 		.4byte	0x8b
 7491 2bf9 07       		.uleb128 0x7
 7492 2bfa 10080000 		.4byte	.LASF382
 7493 2bfe 15       		.byte	0x15
 7494 2bff EB       		.byte	0xeb
 7495 2c00 12       		.byte	0x12
 7496 2c01 052C0000 		.4byte	0x2c05
 7497 2c05 08       		.uleb128 0x8
 7498 2c06 04       		.byte	0x4
 7499 2c07 0B2C0000 		.4byte	0x2c0b
 7500 2c0b 39       		.uleb128 0x39
 7501 2c0c 162C0000 		.4byte	0x2c16
 7502 2c10 01       		.uleb128 0x1
 7503 2c11 162C0000 		.4byte	0x2c16
 7504 2c15 00       		.byte	0
 7505 2c16 08       		.uleb128 0x8
 7506 2c17 04       		.byte	0x4
 7507 2c18 97000000 		.4byte	0x97
 7508 2c1c 07       		.uleb128 0x7
ARM GAS  /tmp/ccSzEyJr.s 			page 133


 7509 2c1d D0150000 		.4byte	.LASF383
 7510 2c21 15       		.byte	0x15
 7511 2c22 F3       		.byte	0xf3
 7512 2c23 14       		.byte	0x14
 7513 2c24 282C0000 		.4byte	0x2c28
 7514 2c28 08       		.uleb128 0x8
 7515 2c29 04       		.byte	0x4
 7516 2c2a 2E2C0000 		.4byte	0x2c2e
 7517 2c2e 66       		.uleb128 0x66
 7518 2c2f B2150000 		.4byte	0x15b2
 7519 2c33 26       		.uleb128 0x26
 7520 2c34 3E170000 		.4byte	.LASF384
 7521 2c38 10       		.byte	0x10
 7522 2c39 15       		.byte	0x15
 7523 2c3a FA       		.byte	0xfa
 7524 2c3b 12       		.byte	0x12
 7525 2c3c 752C0000 		.4byte	0x2c75
 7526 2c40 04       		.uleb128 0x4
 7527 2c41 5D0D0000 		.4byte	.LASF385
 7528 2c45 15       		.byte	0x15
 7529 2c46 FB       		.byte	0xfb
 7530 2c47 28       		.byte	0x28
 7531 2c48 752C0000 		.4byte	0x2c75
 7532 2c4c 00       		.byte	0
 7533 2c4d 04       		.uleb128 0x4
 7534 2c4e ED150000 		.4byte	.LASF386
 7535 2c52 15       		.byte	0x15
 7536 2c53 FC       		.byte	0xfc
 7537 2c54 22       		.byte	0x22
 7538 2c55 D22B0000 		.4byte	0x2bd2
 7539 2c59 04       		.byte	0x4
 7540 2c5a 04       		.uleb128 0x4
 7541 2c5b 5C060000 		.4byte	.LASF387
 7542 2c5f 15       		.byte	0x15
 7543 2c60 FD       		.byte	0xfd
 7544 2c61 21       		.byte	0x21
 7545 2c62 F92B0000 		.4byte	0x2bf9
 7546 2c66 08       		.byte	0x8
 7547 2c67 04       		.uleb128 0x4
 7548 2c68 AF050000 		.4byte	.LASF388
 7549 2c6c 15       		.byte	0x15
 7550 2c6d FE       		.byte	0xfe
 7551 2c6e 22       		.byte	0x22
 7552 2c6f 1C2C0000 		.4byte	0x2c1c
 7553 2c73 0C       		.byte	0xc
 7554 2c74 00       		.byte	0
 7555 2c75 08       		.uleb128 0x8
 7556 2c76 04       		.byte	0x4
 7557 2c77 CD2B0000 		.4byte	0x2bcd
 7558 2c7b 07       		.uleb128 0x7
 7559 2c7c 2C030000 		.4byte	.LASF389
 7560 2c80 15       		.byte	0x15
 7561 2c81 FF       		.byte	0xff
 7562 2c82 05       		.byte	0x5
 7563 2c83 332C0000 		.4byte	0x2c33
 7564 2c87 30       		.uleb128 0x30
 7565 2c88 E2110000 		.4byte	.LASF390
ARM GAS  /tmp/ccSzEyJr.s 			page 134


 7566 2c8c 20       		.byte	0x20
 7567 2c8d 15       		.byte	0x15
 7568 2c8e 0601     		.2byte	0x106
 7569 2c90 12       		.byte	0x12
 7570 2c91 F82C0000 		.4byte	0x2cf8
 7571 2c95 05       		.uleb128 0x5
 7572 2c96 3C0F0000 		.4byte	.LASF391
 7573 2c9a 15       		.byte	0x15
 7574 2c9b 0701     		.2byte	0x107
 7575 2c9d 0E       		.byte	0xe
 7576 2c9e B6000000 		.4byte	0xb6
 7577 2ca2 00       		.byte	0
 7578 2ca3 31       		.uleb128 0x31
 7579 2ca4 61706900 		.ascii	"api\000"
 7580 2ca8 15       		.byte	0x15
 7581 2ca9 0801     		.2byte	0x108
 7582 2cab 0E       		.byte	0xe
 7583 2cac B6000000 		.4byte	0xb6
 7584 2cb0 04       		.byte	0x4
 7585 2cb1 05       		.uleb128 0x5
 7586 2cb2 03190000 		.4byte	.LASF392
 7587 2cb6 15       		.byte	0x15
 7588 2cb7 0901     		.2byte	0x109
 7589 2cb9 0E       		.byte	0xe
 7590 2cba B6000000 		.4byte	0xb6
 7591 2cbe 08       		.byte	0x8
 7592 2cbf 05       		.uleb128 0x5
 7593 2cc0 1B040000 		.4byte	.LASF393
 7594 2cc4 15       		.byte	0x15
 7595 2cc5 0A01     		.2byte	0x10a
 7596 2cc7 0E       		.byte	0xe
 7597 2cc8 A3000000 		.4byte	0xa3
 7598 2ccc 0C       		.byte	0xc
 7599 2ccd 05       		.uleb128 0x5
 7600 2cce 43180000 		.4byte	.LASF394
 7601 2cd2 15       		.byte	0x15
 7602 2cd3 0B01     		.2byte	0x10b
 7603 2cd5 0D       		.byte	0xd
 7604 2cd6 8B000000 		.4byte	0x8b
 7605 2cda 0E       		.byte	0xe
 7606 2cdb 05       		.uleb128 0x5
 7607 2cdc DA190000 		.4byte	.LASF395
 7608 2ce0 15       		.byte	0x15
 7609 2ce1 0C01     		.2byte	0x10c
 7610 2ce3 0D       		.byte	0xd
 7611 2ce4 8B000000 		.4byte	0x8b
 7612 2ce8 0F       		.byte	0xf
 7613 2ce9 05       		.uleb128 0x5
 7614 2cea 01100000 		.4byte	.LASF396
 7615 2cee 15       		.byte	0x15
 7616 2cef 0D01     		.2byte	0x10d
 7617 2cf1 1A       		.byte	0x1a
 7618 2cf2 7B2C0000 		.4byte	0x2c7b
 7619 2cf6 10       		.byte	0x10
 7620 2cf7 00       		.byte	0
 7621 2cf8 2B       		.uleb128 0x2b
 7622 2cf9 4D070000 		.4byte	.LASF397
ARM GAS  /tmp/ccSzEyJr.s 			page 135


 7623 2cfd 15       		.byte	0x15
 7624 2cfe 0E01     		.2byte	0x10e
 7625 2d00 05       		.byte	0x5
 7626 2d01 872C0000 		.4byte	0x2c87
 7627 2d05 0C       		.uleb128 0xc
 7628 2d06 F82C0000 		.4byte	0x2cf8
 7629 2d0a 30       		.uleb128 0x30
 7630 2d0b 48020000 		.4byte	.LASF398
 7631 2d0f 20       		.byte	0x20
 7632 2d10 15       		.byte	0x15
 7633 2d11 4101     		.2byte	0x141
 7634 2d13 12       		.byte	0x12
 7635 2d14 A02D0000 		.4byte	0x2da0
 7636 2d18 31       		.uleb128 0x31
 7637 2d19 6D696E00 		.ascii	"min\000"
 7638 2d1d 15       		.byte	0x15
 7639 2d1e 4201     		.2byte	0x142
 7640 2d20 0D       		.byte	0xd
 7641 2d21 4D000000 		.4byte	0x4d
 7642 2d25 00       		.byte	0
 7643 2d26 31       		.uleb128 0x31
 7644 2d27 6D617800 		.ascii	"max\000"
 7645 2d2b 15       		.byte	0x15
 7646 2d2c 4301     		.2byte	0x143
 7647 2d2e 0D       		.byte	0xd
 7648 2d2f 4D000000 		.4byte	0x4d
 7649 2d33 02       		.byte	0x2
 7650 2d34 05       		.uleb128 0x5
 7651 2d35 AA0A0000 		.4byte	.LASF399
 7652 2d39 15       		.byte	0x15
 7653 2d3a 4401     		.2byte	0x144
 7654 2d3c 0D       		.byte	0xd
 7655 2d3d 4D000000 		.4byte	0x4d
 7656 2d41 04       		.byte	0x4
 7657 2d42 05       		.uleb128 0x5
 7658 2d43 95180000 		.4byte	.LASF400
 7659 2d47 15       		.byte	0x15
 7660 2d48 4501     		.2byte	0x145
 7661 2d4a 0D       		.byte	0xd
 7662 2d4b 4D000000 		.4byte	0x4d
 7663 2d4f 06       		.byte	0x6
 7664 2d50 05       		.uleb128 0x5
 7665 2d51 FE020000 		.4byte	.LASF401
 7666 2d55 15       		.byte	0x15
 7667 2d56 4601     		.2byte	0x146
 7668 2d58 0D       		.byte	0xd
 7669 2d59 8B000000 		.4byte	0x8b
 7670 2d5d 08       		.byte	0x8
 7671 2d5e 3B       		.uleb128 0x3b
 7672 2d5f EE180000 		.4byte	.LASF402
 7673 2d63 15       		.byte	0x15
 7674 2d64 4701     		.2byte	0x147
 7675 2d66 0D       		.byte	0xd
 7676 2d67 8B000000 		.4byte	0x8b
 7677 2d6b 01       		.byte	0x1
 7678 2d6c 04       		.byte	0x4
 7679 2d6d 04       		.byte	0x4
ARM GAS  /tmp/ccSzEyJr.s 			page 136


 7680 2d6e 09       		.byte	0x9
 7681 2d6f 3B       		.uleb128 0x3b
 7682 2d70 9A180000 		.4byte	.LASF403
 7683 2d74 15       		.byte	0x15
 7684 2d75 4801     		.2byte	0x148
 7685 2d77 0D       		.byte	0xd
 7686 2d78 8B000000 		.4byte	0x8b
 7687 2d7c 01       		.byte	0x1
 7688 2d7d 01       		.byte	0x1
 7689 2d7e 03       		.byte	0x3
 7690 2d7f 09       		.byte	0x9
 7691 2d80 3B       		.uleb128 0x3b
 7692 2d81 A11C0000 		.4byte	.LASF404
 7693 2d85 15       		.byte	0x15
 7694 2d86 4901     		.2byte	0x149
 7695 2d88 0D       		.byte	0xd
 7696 2d89 8B000000 		.4byte	0x8b
 7697 2d8d 01       		.byte	0x1
 7698 2d8e 03       		.byte	0x3
 7699 2d8f 00       		.byte	0
 7700 2d90 09       		.byte	0x9
 7701 2d91 05       		.uleb128 0x5
 7702 2d92 08090000 		.4byte	.LASF405
 7703 2d96 15       		.byte	0x15
 7704 2d97 4A01     		.2byte	0x14a
 7705 2d99 0D       		.byte	0xd
 7706 2d9a A02D0000 		.4byte	0x2da0
 7707 2d9e 0A       		.byte	0xa
 7708 2d9f 00       		.byte	0
 7709 2da0 0B       		.uleb128 0xb
 7710 2da1 A71C0000 		.4byte	0x1ca7
 7711 2da5 B02D0000 		.4byte	0x2db0
 7712 2da9 0D       		.uleb128 0xd
 7713 2daa 33000000 		.4byte	0x33
 7714 2dae 15       		.byte	0x15
 7715 2daf 00       		.byte	0
 7716 2db0 2B       		.uleb128 0x2b
 7717 2db1 941E0000 		.4byte	.LASF406
 7718 2db5 15       		.byte	0x15
 7719 2db6 4B01     		.2byte	0x14b
 7720 2db8 05       		.byte	0x5
 7721 2db9 0A2D0000 		.4byte	0x2d0a
 7722 2dbd 08       		.uleb128 0x8
 7723 2dbe 04       		.byte	0x4
 7724 2dbf 052D0000 		.4byte	0x2d05
 7725 2dc3 08       		.uleb128 0x8
 7726 2dc4 04       		.byte	0x4
 7727 2dc5 AD150000 		.4byte	0x15ad
 7728 2dc9 0C       		.uleb128 0xc
 7729 2dca C32D0000 		.4byte	0x2dc3
 7730 2dce 4A       		.uleb128 0x4a
 7731 2dcf 961D0000 		.4byte	.LASF407
 7732 2dd3 3801     		.2byte	0x138
 7733 2dd5 15       		.byte	0x15
 7734 2dd6 D401     		.2byte	0x1d4
 7735 2dd8 12       		.byte	0x12
 7736 2dd9 782E0000 		.4byte	0x2e78
ARM GAS  /tmp/ccSzEyJr.s 			page 137


 7737 2ddd 05       		.uleb128 0x5
 7738 2dde CA170000 		.4byte	.LASF408
 7739 2de2 15       		.byte	0x15
 7740 2de3 D501     		.2byte	0x1d5
 7741 2de5 0E       		.byte	0xe
 7742 2de6 B6000000 		.4byte	0xb6
 7743 2dea 00       		.byte	0
 7744 2deb 05       		.uleb128 0x5
 7745 2dec 3C0F0000 		.4byte	.LASF391
 7746 2df0 15       		.byte	0x15
 7747 2df1 D601     		.2byte	0x1d6
 7748 2df3 0E       		.byte	0xe
 7749 2df4 B6000000 		.4byte	0xb6
 7750 2df8 04       		.byte	0x4
 7751 2df9 31       		.uleb128 0x31
 7752 2dfa 61706900 		.ascii	"api\000"
 7753 2dfe 15       		.byte	0x15
 7754 2dff D701     		.2byte	0x1d7
 7755 2e01 0E       		.byte	0xe
 7756 2e02 B6000000 		.4byte	0xb6
 7757 2e06 08       		.byte	0x8
 7758 2e07 05       		.uleb128 0x5
 7759 2e08 0F1B0000 		.4byte	.LASF409
 7760 2e0c 15       		.byte	0x15
 7761 2e0d D801     		.2byte	0x1d8
 7762 2e0f 0E       		.byte	0xe
 7763 2e10 B6000000 		.4byte	0xb6
 7764 2e14 0C       		.byte	0xc
 7765 2e15 05       		.uleb128 0x5
 7766 2e16 C21B0000 		.4byte	.LASF410
 7767 2e1a 15       		.byte	0x15
 7768 2e1b D901     		.2byte	0x1d9
 7769 2e1d 0E       		.byte	0xe
 7770 2e1e B6000000 		.4byte	0xb6
 7771 2e22 10       		.byte	0x10
 7772 2e23 05       		.uleb128 0x5
 7773 2e24 F5170000 		.4byte	.LASF411
 7774 2e28 15       		.byte	0x15
 7775 2e29 DA01     		.2byte	0x1da
 7776 2e2b 0E       		.byte	0xe
 7777 2e2c B6000000 		.4byte	0xb6
 7778 2e30 14       		.byte	0x14
 7779 2e31 05       		.uleb128 0x5
 7780 2e32 08090000 		.4byte	.LASF405
 7781 2e36 15       		.byte	0x15
 7782 2e37 DB01     		.2byte	0x1db
 7783 2e39 0E       		.byte	0xe
 7784 2e3a 782E0000 		.4byte	0x2e78
 7785 2e3e 18       		.byte	0x18
 7786 2e3f 05       		.uleb128 0x5
 7787 2e40 E70C0000 		.4byte	.LASF412
 7788 2e44 15       		.byte	0x15
 7789 2e45 DC01     		.2byte	0x1dc
 7790 2e47 0E       		.byte	0xe
 7791 2e48 B6000000 		.4byte	0xb6
 7792 2e4c 2C       		.byte	0x2c
 7793 2e4d 05       		.uleb128 0x5
ARM GAS  /tmp/ccSzEyJr.s 			page 138


 7794 2e4e F10C0000 		.4byte	.LASF413
 7795 2e52 15       		.byte	0x15
 7796 2e53 DD01     		.2byte	0x1dd
 7797 2e55 0E       		.byte	0xe
 7798 2e56 B6000000 		.4byte	0xb6
 7799 2e5a 30       		.byte	0x30
 7800 2e5b 05       		.uleb128 0x5
 7801 2e5c CD0C0000 		.4byte	.LASF414
 7802 2e60 15       		.byte	0x15
 7803 2e61 DE01     		.2byte	0x1de
 7804 2e63 0E       		.byte	0xe
 7805 2e64 B6000000 		.4byte	0xb6
 7806 2e68 34       		.byte	0x34
 7807 2e69 05       		.uleb128 0x5
 7808 2e6a 80160000 		.4byte	.LASF415
 7809 2e6e 15       		.byte	0x15
 7810 2e6f DF01     		.2byte	0x1df
 7811 2e71 12       		.byte	0x12
 7812 2e72 882E0000 		.4byte	0x2e88
 7813 2e76 38       		.byte	0x38
 7814 2e77 00       		.byte	0
 7815 2e78 0B       		.uleb128 0xb
 7816 2e79 A71C0000 		.4byte	0x1ca7
 7817 2e7d 882E0000 		.4byte	0x2e88
 7818 2e81 0D       		.uleb128 0xd
 7819 2e82 33000000 		.4byte	0x33
 7820 2e86 13       		.byte	0x13
 7821 2e87 00       		.byte	0
 7822 2e88 0B       		.uleb128 0xb
 7823 2e89 B02D0000 		.4byte	0x2db0
 7824 2e8d 982E0000 		.4byte	0x2e98
 7825 2e91 0D       		.uleb128 0xd
 7826 2e92 33000000 		.4byte	0x33
 7827 2e96 07       		.byte	0x7
 7828 2e97 00       		.byte	0
 7829 2e98 2B       		.uleb128 0x2b
 7830 2e99 B2190000 		.4byte	.LASF416
 7831 2e9d 15       		.byte	0x15
 7832 2e9e E001     		.2byte	0x1e0
 7833 2ea0 05       		.byte	0x5
 7834 2ea1 CE2D0000 		.4byte	0x2dce
 7835 2ea5 67       		.uleb128 0x67
 7836 2ea6 05       		.byte	0x5
 7837 2ea7 01       		.byte	0x1
 7838 2ea8 46000000 		.4byte	0x46
 7839 2eac 15       		.byte	0x15
 7840 2ead E401     		.2byte	0x1e4
 7841 2eaf 08       		.byte	0x8
 7842 2eb0 DF2E0000 		.4byte	0x2edf
 7843 2eb4 68       		.uleb128 0x68
 7844 2eb5 7C100000 		.4byte	.LASF417
 7845 2eb9 00       		.byte	0
 7846 2eba 2A       		.uleb128 0x2a
 7847 2ebb F6030000 		.4byte	.LASF418
 7848 2ebf 7F       		.sleb128 -1
 7849 2ec0 2A       		.uleb128 0x2a
 7850 2ec1 18020000 		.4byte	.LASF419
ARM GAS  /tmp/ccSzEyJr.s 			page 139


 7851 2ec5 7E       		.sleb128 -2
 7852 2ec6 2A       		.uleb128 0x2a
 7853 2ec7 21120000 		.4byte	.LASF420
 7854 2ecb 7C       		.sleb128 -4
 7855 2ecc 2A       		.uleb128 0x2a
 7856 2ecd A8000000 		.4byte	.LASF421
 7857 2ed1 78       		.sleb128 -8
 7858 2ed2 2A       		.uleb128 0x2a
 7859 2ed3 17180000 		.4byte	.LASF422
 7860 2ed7 70       		.sleb128 -16
 7861 2ed8 2A       		.uleb128 0x2a
 7862 2ed9 CA1B0000 		.4byte	.LASF423
 7863 2edd 60       		.sleb128 -32
 7864 2ede 00       		.byte	0
 7865 2edf 1B       		.uleb128 0x1b
 7866 2ee0 54080000 		.4byte	.LASF424
 7867 2ee4 16       		.byte	0x16
 7868 2ee5 47       		.byte	0x47
 7869 2ee6 19       		.byte	0x19
 7870 2ee7 C2000000 		.4byte	0xc2
 7871 2eeb 1B       		.uleb128 0x1b
 7872 2eec BC0E0000 		.4byte	.LASF425
 7873 2ef0 16       		.byte	0x16
 7874 2ef1 4C       		.byte	0x4c
 7875 2ef2 19       		.byte	0x19
 7876 2ef3 C2000000 		.4byte	0xc2
 7877 2ef7 0B       		.uleb128 0xb
 7878 2ef8 AD150000 		.4byte	0x15ad
 7879 2efc 072F0000 		.4byte	0x2f07
 7880 2f00 0D       		.uleb128 0xd
 7881 2f01 33000000 		.4byte	0x33
 7882 2f05 97       		.byte	0x97
 7883 2f06 00       		.byte	0
 7884 2f07 0C       		.uleb128 0xc
 7885 2f08 F72E0000 		.4byte	0x2ef7
 7886 2f0c 1B       		.uleb128 0x1b
 7887 2f0d 2D040000 		.4byte	.LASF426
 7888 2f11 16       		.byte	0x16
 7889 2f12 65       		.byte	0x65
 7890 2f13 16       		.byte	0x16
 7891 2f14 072F0000 		.4byte	0x2f07
 7892 2f18 0B       		.uleb128 0xb
 7893 2f19 AD150000 		.4byte	0x15ad
 7894 2f1d 282F0000 		.4byte	0x2f28
 7895 2f21 0D       		.uleb128 0xd
 7896 2f22 33000000 		.4byte	0x33
 7897 2f26 80       		.byte	0x80
 7898 2f27 00       		.byte	0
 7899 2f28 0C       		.uleb128 0xc
 7900 2f29 182F0000 		.4byte	0x2f18
 7901 2f2d 1B       		.uleb128 0x1b
 7902 2f2e 740D0000 		.4byte	.LASF427
 7903 2f32 16       		.byte	0x16
 7904 2f33 92       		.byte	0x92
 7905 2f34 16       		.byte	0x16
 7906 2f35 282F0000 		.4byte	0x2f28
 7907 2f39 0B       		.uleb128 0xb
ARM GAS  /tmp/ccSzEyJr.s 			page 140


 7908 2f3a 97000000 		.4byte	0x97
 7909 2f3e 492F0000 		.4byte	0x2f49
 7910 2f42 0D       		.uleb128 0xd
 7911 2f43 33000000 		.4byte	0x33
 7912 2f47 06       		.byte	0x6
 7913 2f48 00       		.byte	0
 7914 2f49 0C       		.uleb128 0xc
 7915 2f4a 392F0000 		.4byte	0x2f39
 7916 2f4e 1B       		.uleb128 0x1b
 7917 2f4f 2B1E0000 		.4byte	.LASF428
 7918 2f53 16       		.byte	0x16
 7919 2f54 C3       		.byte	0xc3
 7920 2f55 18       		.byte	0x18
 7921 2f56 492F0000 		.4byte	0x2f49
 7922 2f5a 0B       		.uleb128 0xb
 7923 2f5b AD150000 		.4byte	0x15ad
 7924 2f5f 6B2F0000 		.4byte	0x2f6b
 7925 2f63 3C       		.uleb128 0x3c
 7926 2f64 33000000 		.4byte	0x33
 7927 2f68 8603     		.2byte	0x386
 7928 2f6a 00       		.byte	0
 7929 2f6b 0C       		.uleb128 0xc
 7930 2f6c 5A2F0000 		.4byte	0x2f5a
 7931 2f70 1B       		.uleb128 0x1b
 7932 2f71 33050000 		.4byte	.LASF429
 7933 2f75 16       		.byte	0x16
 7934 2f76 C4       		.byte	0xc4
 7935 2f77 16       		.byte	0x16
 7936 2f78 6B2F0000 		.4byte	0x2f6b
 7937 2f7c 12       		.uleb128 0x12
 7938 2f7d 73070000 		.4byte	.LASF430
 7939 2f81 16       		.byte	0x16
 7940 2f82 3001     		.2byte	0x130
 7941 2f84 18       		.byte	0x18
 7942 2f85 492F0000 		.4byte	0x2f49
 7943 2f89 12       		.uleb128 0x12
 7944 2f8a E3060000 		.4byte	.LASF431
 7945 2f8e 16       		.byte	0x16
 7946 2f8f 3101     		.2byte	0x131
 7947 2f91 16       		.byte	0x16
 7948 2f92 6B2F0000 		.4byte	0x2f6b
 7949 2f96 12       		.uleb128 0x12
 7950 2f97 FD170000 		.4byte	.LASF432
 7951 2f9b 16       		.byte	0x16
 7952 2f9c 9F01     		.2byte	0x19f
 7953 2f9e 18       		.byte	0x18
 7954 2f9f 492F0000 		.4byte	0x2f49
 7955 2fa3 12       		.uleb128 0x12
 7956 2fa4 5E1B0000 		.4byte	.LASF433
 7957 2fa8 16       		.byte	0x16
 7958 2fa9 A001     		.2byte	0x1a0
 7959 2fab 16       		.byte	0x16
 7960 2fac 6B2F0000 		.4byte	0x2f6b
 7961 2fb0 0B       		.uleb128 0xb
 7962 2fb1 C92D0000 		.4byte	0x2dc9
 7963 2fb5 C02F0000 		.4byte	0x2fc0
 7964 2fb9 0D       		.uleb128 0xd
ARM GAS  /tmp/ccSzEyJr.s 			page 141


 7965 2fba 33000000 		.4byte	0x33
 7966 2fbe 0F       		.byte	0xf
 7967 2fbf 00       		.byte	0
 7968 2fc0 0C       		.uleb128 0xc
 7969 2fc1 B02F0000 		.4byte	0x2fb0
 7970 2fc5 12       		.uleb128 0x12
 7971 2fc6 52150000 		.4byte	.LASF434
 7972 2fca 16       		.byte	0x16
 7973 2fcb 0502     		.2byte	0x205
 7974 2fcd 1E       		.byte	0x1e
 7975 2fce C02F0000 		.4byte	0x2fc0
 7976 2fd2 12       		.uleb128 0x12
 7977 2fd3 59150000 		.4byte	.LASF435
 7978 2fd7 16       		.byte	0x16
 7979 2fd8 0902     		.2byte	0x209
 7980 2fda 1E       		.byte	0x1e
 7981 2fdb C02F0000 		.4byte	0x2fc0
 7982 2fdf 0B       		.uleb128 0xb
 7983 2fe0 C92D0000 		.4byte	0x2dc9
 7984 2fe4 EF2F0000 		.4byte	0x2fef
 7985 2fe8 0D       		.uleb128 0xd
 7986 2fe9 33000000 		.4byte	0x33
 7987 2fed 0D       		.byte	0xd
 7988 2fee 00       		.byte	0
 7989 2fef 0C       		.uleb128 0xc
 7990 2ff0 DF2F0000 		.4byte	0x2fdf
 7991 2ff4 12       		.uleb128 0x12
 7992 2ff5 60150000 		.4byte	.LASF436
 7993 2ff9 16       		.byte	0x16
 7994 2ffa 0D02     		.2byte	0x20d
 7995 2ffc 1E       		.byte	0x1e
 7996 2ffd EF2F0000 		.4byte	0x2fef
 7997 3001 0B       		.uleb128 0xb
 7998 3002 C92D0000 		.4byte	0x2dc9
 7999 3006 11300000 		.4byte	0x3011
 8000 300a 0D       		.uleb128 0xd
 8001 300b 33000000 		.4byte	0x33
 8002 300f 0C       		.byte	0xc
 8003 3010 00       		.byte	0
 8004 3011 0C       		.uleb128 0xc
 8005 3012 01300000 		.4byte	0x3001
 8006 3016 12       		.uleb128 0x12
 8007 3017 67150000 		.4byte	.LASF437
 8008 301b 16       		.byte	0x16
 8009 301c 1102     		.2byte	0x211
 8010 301e 1E       		.byte	0x1e
 8011 301f 11300000 		.4byte	0x3011
 8012 3023 0B       		.uleb128 0xb
 8013 3024 C92D0000 		.4byte	0x2dc9
 8014 3028 33300000 		.4byte	0x3033
 8015 302c 0D       		.uleb128 0xd
 8016 302d 33000000 		.4byte	0x33
 8017 3031 0E       		.byte	0xe
 8018 3032 00       		.byte	0
 8019 3033 0C       		.uleb128 0xc
 8020 3034 23300000 		.4byte	0x3023
 8021 3038 12       		.uleb128 0x12
ARM GAS  /tmp/ccSzEyJr.s 			page 142


 8022 3039 6E150000 		.4byte	.LASF438
 8023 303d 16       		.byte	0x16
 8024 303e 1502     		.2byte	0x215
 8025 3040 1E       		.byte	0x1e
 8026 3041 33300000 		.4byte	0x3033
 8027 3045 12       		.uleb128 0x12
 8028 3046 75150000 		.4byte	.LASF439
 8029 304a 16       		.byte	0x16
 8030 304b 1902     		.2byte	0x219
 8031 304d 1E       		.byte	0x1e
 8032 304e C02F0000 		.4byte	0x2fc0
 8033 3052 0B       		.uleb128 0xb
 8034 3053 AD150000 		.4byte	0x15ad
 8035 3057 63300000 		.4byte	0x3063
 8036 305b 3C       		.uleb128 0x3c
 8037 305c 33000000 		.4byte	0x33
 8038 3060 0001     		.2byte	0x100
 8039 3062 00       		.byte	0
 8040 3063 0C       		.uleb128 0xc
 8041 3064 52300000 		.4byte	0x3052
 8042 3068 12       		.uleb128 0x12
 8043 3069 13130000 		.4byte	.LASF440
 8044 306d 16       		.byte	0x16
 8045 306e 3D02     		.2byte	0x23d
 8046 3070 16       		.byte	0x16
 8047 3071 63300000 		.4byte	0x3063
 8048 3075 12       		.uleb128 0x12
 8049 3076 6F120000 		.4byte	.LASF441
 8050 307a 16       		.byte	0x16
 8051 307b 5402     		.2byte	0x254
 8052 307d 16       		.byte	0x16
 8053 307e 63300000 		.4byte	0x3063
 8054 3082 12       		.uleb128 0x12
 8055 3083 99170000 		.4byte	.LASF442
 8056 3087 16       		.byte	0x16
 8057 3088 6C02     		.2byte	0x26c
 8058 308a 16       		.byte	0x16
 8059 308b 63300000 		.4byte	0x3063
 8060 308f 12       		.uleb128 0x12
 8061 3090 88120000 		.4byte	.LASF443
 8062 3094 16       		.byte	0x16
 8063 3095 9B02     		.2byte	0x29b
 8064 3097 16       		.byte	0x16
 8065 3098 282F0000 		.4byte	0x2f28
 8066 309c 12       		.uleb128 0x12
 8067 309d 081C0000 		.4byte	.LASF444
 8068 30a1 16       		.byte	0x16
 8069 30a2 B002     		.2byte	0x2b0
 8070 30a4 16       		.byte	0x16
 8071 30a5 282F0000 		.4byte	0x2f28
 8072 30a9 12       		.uleb128 0x12
 8073 30aa 1C090000 		.4byte	.LASF445
 8074 30ae 16       		.byte	0x16
 8075 30af CD02     		.2byte	0x2cd
 8076 30b1 16       		.byte	0x16
 8077 30b2 282F0000 		.4byte	0x2f28
 8078 30b6 1B       		.uleb128 0x1b
ARM GAS  /tmp/ccSzEyJr.s 			page 143


 8079 30b7 4C040000 		.4byte	.LASF446
 8080 30bb 17       		.byte	0x17
 8081 30bc 47       		.byte	0x47
 8082 30bd 19       		.byte	0x19
 8083 30be C2000000 		.4byte	0xc2
 8084 30c2 1B       		.uleb128 0x1b
 8085 30c3 CF090000 		.4byte	.LASF447
 8086 30c7 17       		.byte	0x17
 8087 30c8 4C       		.byte	0x4c
 8088 30c9 19       		.byte	0x19
 8089 30ca C2000000 		.4byte	0xc2
 8090 30ce 12       		.uleb128 0x12
 8091 30cf 18070000 		.4byte	.LASF448
 8092 30d3 17       		.byte	0x17
 8093 30d4 0201     		.2byte	0x102
 8094 30d6 16       		.byte	0x16
 8095 30d7 63300000 		.4byte	0x3063
 8096 30db 26       		.uleb128 0x26
 8097 30dc 53020000 		.4byte	.LASF449
 8098 30e0 08       		.byte	0x8
 8099 30e1 18       		.byte	0x18
 8100 30e2 68       		.byte	0x68
 8101 30e3 12       		.byte	0x12
 8102 30e4 3D310000 		.4byte	0x313d
 8103 30e8 04       		.uleb128 0x4
 8104 30e9 F51D0000 		.4byte	.LASF450
 8105 30ed 18       		.byte	0x18
 8106 30ee 69       		.byte	0x69
 8107 30ef 0D       		.byte	0xd
 8108 30f0 8B000000 		.4byte	0x8b
 8109 30f4 00       		.byte	0
 8110 30f5 4E       		.uleb128 0x4e
 8111 30f6 47070000 		.4byte	.LASF451
 8112 30fa 18       		.byte	0x18
 8113 30fb 6A       		.byte	0x6a
 8114 30fc 0D       		.byte	0xd
 8115 30fd 8B000000 		.4byte	0x8b
 8116 3101 01       		.byte	0x1
 8117 3102 07       		.byte	0x7
 8118 3103 01       		.byte	0x1
 8119 3104 01       		.byte	0x1
 8120 3105 4E       		.uleb128 0x4e
 8121 3106 350C0000 		.4byte	.LASF452
 8122 310a 18       		.byte	0x18
 8123 310b 6B       		.byte	0x6b
 8124 310c 0D       		.byte	0xd
 8125 310d 8B000000 		.4byte	0x8b
 8126 3111 01       		.byte	0x1
 8127 3112 01       		.byte	0x1
 8128 3113 00       		.byte	0
 8129 3114 01       		.byte	0x1
 8130 3115 16       		.uleb128 0x16
 8131 3116 6D696E00 		.ascii	"min\000"
 8132 311a 18       		.byte	0x18
 8133 311b 6C       		.byte	0x6c
 8134 311c 0D       		.byte	0xd
 8135 311d 4D000000 		.4byte	0x4d
ARM GAS  /tmp/ccSzEyJr.s 			page 144


 8136 3121 02       		.byte	0x2
 8137 3122 16       		.uleb128 0x16
 8138 3123 6D617800 		.ascii	"max\000"
 8139 3127 18       		.byte	0x18
 8140 3128 6D       		.byte	0x6d
 8141 3129 0D       		.byte	0xd
 8142 312a 4D000000 		.4byte	0x4d
 8143 312e 04       		.byte	0x4
 8144 312f 04       		.uleb128 0x4
 8145 3130 A3080000 		.4byte	.LASF453
 8146 3134 18       		.byte	0x18
 8147 3135 6E       		.byte	0x6e
 8148 3136 0D       		.byte	0xd
 8149 3137 4D000000 		.4byte	0x4d
 8150 313b 06       		.byte	0x6
 8151 313c 00       		.byte	0
 8152 313d 07       		.uleb128 0x7
 8153 313e A0070000 		.4byte	.LASF454
 8154 3142 18       		.byte	0x18
 8155 3143 6F       		.byte	0x6f
 8156 3144 05       		.byte	0x5
 8157 3145 DB300000 		.4byte	0x30db
 8158 3149 37       		.uleb128 0x37
 8159 314a 66100000 		.4byte	.LASF455
 8160 314e 7801     		.2byte	0x178
 8161 3150 18       		.byte	0x18
 8162 3151 73       		.byte	0x73
 8163 3152 12       		.byte	0x12
 8164 3153 73310000 		.4byte	0x3173
 8165 3157 04       		.uleb128 0x4
 8166 3158 A80D0000 		.4byte	.LASF456
 8167 315c 18       		.byte	0x18
 8168 315d 74       		.byte	0x74
 8169 315e 13       		.byte	0x13
 8170 315f 982E0000 		.4byte	0x2e98
 8171 3163 00       		.byte	0
 8172 3164 38       		.uleb128 0x38
 8173 3165 EB0F0000 		.4byte	.LASF457
 8174 3169 18       		.byte	0x18
 8175 316a 75       		.byte	0x75
 8176 316b 1F       		.byte	0x1f
 8177 316c 73310000 		.4byte	0x3173
 8178 3170 3801     		.2byte	0x138
 8179 3172 00       		.byte	0
 8180 3173 0B       		.uleb128 0xb
 8181 3174 3D310000 		.4byte	0x313d
 8182 3178 83310000 		.4byte	0x3183
 8183 317c 0D       		.uleb128 0xd
 8184 317d 33000000 		.4byte	0x33
 8185 3181 07       		.byte	0x7
 8186 3182 00       		.byte	0
 8187 3183 07       		.uleb128 0x7
 8188 3184 C2180000 		.4byte	.LASF458
 8189 3188 18       		.byte	0x18
 8190 3189 76       		.byte	0x76
 8191 318a 05       		.byte	0x5
 8192 318b 49310000 		.4byte	0x3149
ARM GAS  /tmp/ccSzEyJr.s 			page 145


 8193 318f 0C       		.uleb128 0xc
 8194 3190 83310000 		.4byte	0x3183
 8195 3194 1B       		.uleb128 0x1b
 8196 3195 961D0000 		.4byte	.LASF407
 8197 3199 18       		.byte	0x18
 8198 319a 79       		.byte	0x79
 8199 319b 28       		.byte	0x28
 8200 319c 8F310000 		.4byte	0x318f
 8201 31a0 09       		.uleb128 0x9
 8202 31a1 0A1A0000 		.4byte	.LASF459
 8203 31a5 13       		.byte	0x13
 8204 31a6 4C       		.byte	0x4c
 8205 31a7 05       		.byte	0x5
 8206 31a8 2C000000 		.4byte	0x2c
 8207 31ac B6310000 		.4byte	0x31b6
 8208 31b0 01       		.uleb128 0x1
 8209 31b1 56180000 		.4byte	0x1856
 8210 31b5 00       		.byte	0
 8211 31b6 09       		.uleb128 0x9
 8212 31b7 F1030000 		.4byte	.LASF460
 8213 31bb 13       		.byte	0x13
 8214 31bc 4D       		.byte	0x4d
 8215 31bd 08       		.byte	0x8
 8216 31be A6150000 		.4byte	0x15a6
 8217 31c2 CC310000 		.4byte	0x31cc
 8218 31c6 01       		.uleb128 0x1
 8219 31c7 D71C0000 		.4byte	0x1cd7
 8220 31cb 00       		.byte	0
 8221 31cc 09       		.uleb128 0x9
 8222 31cd 21030000 		.4byte	.LASF461
 8223 31d1 13       		.byte	0x13
 8224 31d2 51       		.byte	0x51
 8225 31d3 05       		.byte	0x5
 8226 31d4 2C000000 		.4byte	0x2c
 8227 31d8 E2310000 		.4byte	0x31e2
 8228 31dc 01       		.uleb128 0x1
 8229 31dd D71C0000 		.4byte	0x1cd7
 8230 31e1 00       		.byte	0
 8231 31e2 09       		.uleb128 0x9
 8232 31e3 16040000 		.4byte	.LASF462
 8233 31e7 13       		.byte	0x13
 8234 31e8 53       		.byte	0x53
 8235 31e9 06       		.byte	0x6
 8236 31ea 71000000 		.4byte	0x71
 8237 31ee F8310000 		.4byte	0x31f8
 8238 31f2 01       		.uleb128 0x1
 8239 31f3 D71C0000 		.4byte	0x1cd7
 8240 31f7 00       		.byte	0
 8241 31f8 09       		.uleb128 0x9
 8242 31f9 11160000 		.4byte	.LASF463
 8243 31fd 13       		.byte	0x13
 8244 31fe 55       		.byte	0x55
 8245 31ff 08       		.byte	0x8
 8246 3200 8F160000 		.4byte	0x168f
 8247 3204 22320000 		.4byte	0x3222
 8248 3208 01       		.uleb128 0x1
 8249 3209 791F0000 		.4byte	0x1f79
ARM GAS  /tmp/ccSzEyJr.s 			page 146


 8250 320d 01       		.uleb128 0x1
 8251 320e 791F0000 		.4byte	0x1f79
 8252 3212 01       		.uleb128 0x1
 8253 3213 B2150000 		.4byte	0x15b2
 8254 3217 01       		.uleb128 0x1
 8255 3218 B2150000 		.4byte	0x15b2
 8256 321c 01       		.uleb128 0x1
 8257 321d 531F0000 		.4byte	0x1f53
 8258 3221 00       		.byte	0
 8259 3222 21       		.uleb128 0x21
 8260 3223 64697600 		.ascii	"div\000"
 8261 3227 13       		.byte	0x13
 8262 3228 5C       		.byte	0x5c
 8263 3229 07       		.byte	0x7
 8264 322a DF1E0000 		.4byte	0x1edf
 8265 322e 3D320000 		.4byte	0x323d
 8266 3232 01       		.uleb128 0x1
 8267 3233 2C000000 		.4byte	0x2c
 8268 3237 01       		.uleb128 0x1
 8269 3238 2C000000 		.4byte	0x2c
 8270 323c 00       		.byte	0
 8271 323d 09       		.uleb128 0x9
 8272 323e AA0E0000 		.4byte	.LASF464
 8273 3242 13       		.byte	0x13
 8274 3243 5F       		.byte	0x5f
 8275 3244 09       		.byte	0x9
 8276 3245 A11C0000 		.4byte	0x1ca1
 8277 3249 53320000 		.4byte	0x3253
 8278 324d 01       		.uleb128 0x1
 8279 324e D71C0000 		.4byte	0x1cd7
 8280 3252 00       		.byte	0
 8281 3253 09       		.uleb128 0x9
 8282 3254 CE080000 		.4byte	.LASF465
 8283 3258 13       		.byte	0x13
 8284 3259 6B       		.byte	0x6b
 8285 325a 08       		.byte	0x8
 8286 325b 131F0000 		.4byte	0x1f13
 8287 325f 6E320000 		.4byte	0x326e
 8288 3263 01       		.uleb128 0x1
 8289 3264 71000000 		.4byte	0x71
 8290 3268 01       		.uleb128 0x1
 8291 3269 71000000 		.4byte	0x71
 8292 326d 00       		.byte	0
 8293 326e 09       		.uleb128 0x9
 8294 326f A40A0000 		.4byte	.LASF466
 8295 3273 13       		.byte	0x13
 8296 3274 6D       		.byte	0x6d
 8297 3275 05       		.byte	0x5
 8298 3276 2C000000 		.4byte	0x2c
 8299 327a 89320000 		.4byte	0x3289
 8300 327e 01       		.uleb128 0x1
 8301 327f D71C0000 		.4byte	0x1cd7
 8302 3283 01       		.uleb128 0x1
 8303 3284 B2150000 		.4byte	0x15b2
 8304 3288 00       		.byte	0
 8305 3289 09       		.uleb128 0x9
 8306 328a DB1B0000 		.4byte	.LASF467
ARM GAS  /tmp/ccSzEyJr.s 			page 147


 8307 328e 13       		.byte	0x13
 8308 328f 73       		.byte	0x73
 8309 3290 08       		.byte	0x8
 8310 3291 B2150000 		.4byte	0x15b2
 8311 3295 A9320000 		.4byte	0x32a9
 8312 3299 01       		.uleb128 0x1
 8313 329a A9320000 		.4byte	0x32a9
 8314 329e 01       		.uleb128 0x1
 8315 329f D71C0000 		.4byte	0x1cd7
 8316 32a3 01       		.uleb128 0x1
 8317 32a4 B2150000 		.4byte	0x15b2
 8318 32a8 00       		.byte	0
 8319 32a9 08       		.uleb128 0x8
 8320 32aa 04       		.byte	0x4
 8321 32ab AF320000 		.4byte	0x32af
 8322 32af 14       		.uleb128 0x14
 8323 32b0 04       		.byte	0x4
 8324 32b1 07       		.byte	0x7
 8325 32b2 711E0000 		.4byte	.LASF468
 8326 32b6 0C       		.uleb128 0xc
 8327 32b7 AF320000 		.4byte	0x32af
 8328 32bb 09       		.uleb128 0x9
 8329 32bc 9F110000 		.4byte	.LASF469
 8330 32c0 13       		.byte	0x13
 8331 32c1 6F       		.byte	0x6f
 8332 32c2 05       		.byte	0x5
 8333 32c3 2C000000 		.4byte	0x2c
 8334 32c7 DB320000 		.4byte	0x32db
 8335 32cb 01       		.uleb128 0x1
 8336 32cc A9320000 		.4byte	0x32a9
 8337 32d0 01       		.uleb128 0x1
 8338 32d1 D71C0000 		.4byte	0x1cd7
 8339 32d5 01       		.uleb128 0x1
 8340 32d6 B2150000 		.4byte	0x15b2
 8341 32da 00       		.byte	0
 8342 32db 4F       		.uleb128 0x4f
 8343 32dc 1E150000 		.4byte	.LASF470
 8344 32e0 13       		.byte	0x13
 8345 32e1 8F       		.byte	0x8f
 8346 32e2 06       		.byte	0x6
 8347 32e3 FC320000 		.4byte	0x32fc
 8348 32e7 01       		.uleb128 0x1
 8349 32e8 8F160000 		.4byte	0x168f
 8350 32ec 01       		.uleb128 0x1
 8351 32ed B2150000 		.4byte	0x15b2
 8352 32f1 01       		.uleb128 0x1
 8353 32f2 B2150000 		.4byte	0x15b2
 8354 32f6 01       		.uleb128 0x1
 8355 32f7 531F0000 		.4byte	0x1f53
 8356 32fb 00       		.byte	0
 8357 32fc 69       		.uleb128 0x69
 8358 32fd 4D050000 		.4byte	.LASF628
 8359 3301 13       		.byte	0x13
 8360 3302 90       		.byte	0x90
 8361 3303 05       		.byte	0x5
 8362 3304 2C000000 		.4byte	0x2c
 8363 3308 4F       		.uleb128 0x4f
ARM GAS  /tmp/ccSzEyJr.s 			page 148


 8364 3309 E51A0000 		.4byte	.LASF471
 8365 330d 13       		.byte	0x13
 8366 330e 9F       		.byte	0x9f
 8367 330f 06       		.byte	0x6
 8368 3310 1A330000 		.4byte	0x331a
 8369 3314 01       		.uleb128 0x1
 8370 3315 33000000 		.4byte	0x33
 8371 3319 00       		.byte	0
 8372 331a 09       		.uleb128 0x9
 8373 331b 62190000 		.4byte	.LASF472
 8374 331f 13       		.byte	0x13
 8375 3320 A0       		.byte	0xa0
 8376 3321 08       		.byte	0x8
 8377 3322 A6150000 		.4byte	0x15a6
 8378 3326 35330000 		.4byte	0x3335
 8379 332a 01       		.uleb128 0x1
 8380 332b D71C0000 		.4byte	0x1cd7
 8381 332f 01       		.uleb128 0x1
 8382 3330 35330000 		.4byte	0x3335
 8383 3334 00       		.byte	0
 8384 3335 08       		.uleb128 0x8
 8385 3336 04       		.byte	0x4
 8386 3337 A11C0000 		.4byte	0x1ca1
 8387 333b 09       		.uleb128 0x9
 8388 333c 84190000 		.4byte	.LASF473
 8389 3340 13       		.byte	0x13
 8390 3341 AB       		.byte	0xab
 8391 3342 06       		.byte	0x6
 8392 3343 71000000 		.4byte	0x71
 8393 3347 5B330000 		.4byte	0x335b
 8394 334b 01       		.uleb128 0x1
 8395 334c D71C0000 		.4byte	0x1cd7
 8396 3350 01       		.uleb128 0x1
 8397 3351 35330000 		.4byte	0x3335
 8398 3355 01       		.uleb128 0x1
 8399 3356 2C000000 		.4byte	0x2c
 8400 335a 00       		.byte	0
 8401 335b 09       		.uleb128 0x9
 8402 335c 040D0000 		.4byte	.LASF474
 8403 3360 13       		.byte	0x13
 8404 3361 AD       		.byte	0xad
 8405 3362 0F       		.byte	0xf
 8406 3363 C7000000 		.4byte	0xc7
 8407 3367 7B330000 		.4byte	0x337b
 8408 336b 01       		.uleb128 0x1
 8409 336c D71C0000 		.4byte	0x1cd7
 8410 3370 01       		.uleb128 0x1
 8411 3371 35330000 		.4byte	0x3335
 8412 3375 01       		.uleb128 0x1
 8413 3376 2C000000 		.4byte	0x2c
 8414 337a 00       		.byte	0
 8415 337b 09       		.uleb128 0x9
 8416 337c D6060000 		.4byte	.LASF475
 8417 3380 13       		.byte	0x13
 8418 3381 BF       		.byte	0xbf
 8419 3382 05       		.byte	0x5
 8420 3383 2C000000 		.4byte	0x2c
ARM GAS  /tmp/ccSzEyJr.s 			page 149


 8421 3387 91330000 		.4byte	0x3391
 8422 338b 01       		.uleb128 0x1
 8423 338c D71C0000 		.4byte	0x1cd7
 8424 3390 00       		.byte	0
 8425 3391 09       		.uleb128 0x9
 8426 3392 E20F0000 		.4byte	.LASF476
 8427 3396 13       		.byte	0x13
 8428 3397 75       		.byte	0x75
 8429 3398 08       		.byte	0x8
 8430 3399 B2150000 		.4byte	0x15b2
 8431 339d B1330000 		.4byte	0x33b1
 8432 33a1 01       		.uleb128 0x1
 8433 33a2 A11C0000 		.4byte	0x1ca1
 8434 33a6 01       		.uleb128 0x1
 8435 33a7 B1330000 		.4byte	0x33b1
 8436 33ab 01       		.uleb128 0x1
 8437 33ac B2150000 		.4byte	0x15b2
 8438 33b0 00       		.byte	0
 8439 33b1 08       		.uleb128 0x8
 8440 33b2 04       		.byte	0x4
 8441 33b3 B6320000 		.4byte	0x32b6
 8442 33b7 09       		.uleb128 0x9
 8443 33b8 F5040000 		.4byte	.LASF477
 8444 33bc 13       		.byte	0x13
 8445 33bd 71       		.byte	0x71
 8446 33be 05       		.byte	0x5
 8447 33bf 2C000000 		.4byte	0x2c
 8448 33c3 D2330000 		.4byte	0x33d2
 8449 33c7 01       		.uleb128 0x1
 8450 33c8 A11C0000 		.4byte	0x1ca1
 8451 33cc 01       		.uleb128 0x1
 8452 33cd AF320000 		.4byte	0x32af
 8453 33d1 00       		.byte	0
 8454 33d2 0A       		.uleb128 0xa
 8455 33d3 8E010000 		.4byte	.LASF478
 8456 33d7 13       		.byte	0x13
 8457 33d8 0C01     		.2byte	0x10c
 8458 33da 09       		.byte	0x9
 8459 33db 471F0000 		.4byte	0x1f47
 8460 33df EE330000 		.4byte	0x33ee
 8461 33e3 01       		.uleb128 0x1
 8462 33e4 84000000 		.4byte	0x84
 8463 33e8 01       		.uleb128 0x1
 8464 33e9 84000000 		.4byte	0x84
 8465 33ed 00       		.byte	0
 8466 33ee 0A       		.uleb128 0xa
 8467 33ef 58030000 		.4byte	.LASF479
 8468 33f3 13       		.byte	0x13
 8469 33f4 0701     		.2byte	0x107
 8470 33f6 0B       		.byte	0xb
 8471 33f7 84000000 		.4byte	0x84
 8472 33fb 05340000 		.4byte	0x3405
 8473 33ff 01       		.uleb128 0x1
 8474 3400 D71C0000 		.4byte	0x1cd7
 8475 3404 00       		.byte	0
 8476 3405 0A       		.uleb128 0xa
 8477 3406 10020000 		.4byte	.LASF480
ARM GAS  /tmp/ccSzEyJr.s 			page 150


 8478 340a 13       		.byte	0x13
 8479 340b 0D01     		.2byte	0x10d
 8480 340d 0B       		.byte	0xb
 8481 340e 84000000 		.4byte	0x84
 8482 3412 26340000 		.4byte	0x3426
 8483 3416 01       		.uleb128 0x1
 8484 3417 D71C0000 		.4byte	0x1cd7
 8485 341b 01       		.uleb128 0x1
 8486 341c 35330000 		.4byte	0x3335
 8487 3420 01       		.uleb128 0x1
 8488 3421 2C000000 		.4byte	0x2c
 8489 3425 00       		.byte	0
 8490 3426 0A       		.uleb128 0xa
 8491 3427 15150000 		.4byte	.LASF481
 8492 342b 13       		.byte	0x13
 8493 342c 1101     		.2byte	0x111
 8494 342e 14       		.byte	0x14
 8495 342f DA000000 		.4byte	0xda
 8496 3433 47340000 		.4byte	0x3447
 8497 3437 01       		.uleb128 0x1
 8498 3438 D71C0000 		.4byte	0x1cd7
 8499 343c 01       		.uleb128 0x1
 8500 343d 35330000 		.4byte	0x3335
 8501 3441 01       		.uleb128 0x1
 8502 3442 2C000000 		.4byte	0x2c
 8503 3446 00       		.byte	0
 8504 3447 09       		.uleb128 0x9
 8505 3448 69190000 		.4byte	.LASF482
 8506 344c 13       		.byte	0x13
 8507 344d A3       		.byte	0xa3
 8508 344e 07       		.byte	0x7
 8509 344f 25000000 		.4byte	0x25
 8510 3453 62340000 		.4byte	0x3462
 8511 3457 01       		.uleb128 0x1
 8512 3458 D71C0000 		.4byte	0x1cd7
 8513 345c 01       		.uleb128 0x1
 8514 345d 35330000 		.4byte	0x3335
 8515 3461 00       		.byte	0
 8516 3462 0A       		.uleb128 0xa
 8517 3463 BA180000 		.4byte	.LASF483
 8518 3467 13       		.byte	0x13
 8519 3468 4401     		.2byte	0x144
 8520 346a 14       		.byte	0x14
 8521 346b 9F150000 		.4byte	0x159f
 8522 346f 7E340000 		.4byte	0x347e
 8523 3473 01       		.uleb128 0x1
 8524 3474 D71C0000 		.4byte	0x1cd7
 8525 3478 01       		.uleb128 0x1
 8526 3479 35330000 		.4byte	0x3335
 8527 347d 00       		.byte	0
 8528 347e 0B       		.uleb128 0xb
 8529 347f D71C0000 		.4byte	0x1cd7
 8530 3483 8E340000 		.4byte	0x348e
 8531 3487 0D       		.uleb128 0xd
 8532 3488 33000000 		.4byte	0x33
 8533 348c 0A       		.byte	0xa
 8534 348d 00       		.byte	0
ARM GAS  /tmp/ccSzEyJr.s 			page 151


 8535 348e 2D       		.uleb128 0x2d
 8536 348f 421E0000 		.4byte	.LASF589
 8537 3493 03       		.byte	0x3
 8538 3494 25       		.byte	0x25
 8539 3495 14       		.byte	0x14
 8540 3496 7E340000 		.4byte	0x347e
 8541 349a 50       		.uleb128 0x50
 8542 349b DE170000 		.4byte	.LASF484
 8543 349f 03       		.byte	0x3
 8544 34a0 3E       		.byte	0x3e
 8545 34a1 19       		.byte	0x19
 8546 34a2 AD150000 		.4byte	0x15ad
 8547 34a6 04       		.byte	0x4
 8548 34a7 00803B47 		.4byte	0x473b8000
 8549 34ab 6A       		.uleb128 0x6a
 8550 34ac 731C0000 		.4byte	.LASF485
 8551 34b0 03       		.byte	0x3
 8552 34b1 3F       		.byte	0x3f
 8553 34b2 19       		.byte	0x19
 8554 34b3 BE150000 		.4byte	0x15be
 8555 34b7 04       		.byte	0x4
 8556 34b8 6B       		.uleb128 0x6b
 8557 34b9 80120000 		.4byte	.LASF486
 8558 34bd 03       		.byte	0x3
 8559 34be 40       		.byte	0x40
 8560 34bf 19       		.byte	0x19
 8561 34c0 BE150000 		.4byte	0x15be
 8562 34c4 00EE0200 		.4byte	0x2ee00
 8563 34c8 6C       		.uleb128 0x6c
 8564 34c9 6B506900 		.ascii	"kPi\000"
 8565 34cd 03       		.byte	0x3
 8566 34ce 41       		.byte	0x41
 8567 34cf 19       		.byte	0x19
 8568 34d0 AD150000 		.4byte	0x15ad
 8569 34d4 04       		.byte	0x4
 8570 34d5 DB0F4940 		.4byte	0x40490fdb
 8571 34d9 50       		.uleb128 0x50
 8572 34da 651C0000 		.4byte	.LASF487
 8573 34de 03       		.byte	0x3
 8574 34df 42       		.byte	0x42
 8575 34e0 19       		.byte	0x19
 8576 34e1 AD150000 		.4byte	0x15ad
 8577 34e5 04       		.byte	0x4
 8578 34e6 DB0FC940 		.4byte	0x40c90fdb
 8579 34ea 51       		.uleb128 0x51
 8580 34eb CD060000 		.4byte	.LASF488
 8581 34ef 03       		.byte	0x3
 8582 34f0 47       		.byte	0x47
 8583 34f1 16       		.byte	0x16
 8584 34f2 4D010000 		.4byte	0x14d
 8585 34f6 0004     		.2byte	0x400
 8586 34f8 51       		.uleb128 0x51
 8587 34f9 AC150000 		.4byte	.LASF489
 8588 34fd 03       		.byte	0x3
 8589 34fe 48       		.byte	0x48
 8590 34ff 16       		.byte	0x16
 8591 3500 4D010000 		.4byte	0x14d
ARM GAS  /tmp/ccSzEyJr.s 			page 152


 8592 3504 0004     		.2byte	0x400
 8593 3506 0B       		.uleb128 0xb
 8594 3507 25000000 		.4byte	0x25
 8595 350b 17350000 		.4byte	0x3517
 8596 350f 3C       		.uleb128 0x3c
 8597 3510 33000000 		.4byte	0x33
 8598 3514 FF03     		.2byte	0x3ff
 8599 3516 00       		.byte	0
 8600 3517 1B       		.uleb128 0x1b
 8601 3518 84170000 		.4byte	.LASF490
 8602 351c 03       		.byte	0x3
 8603 351d 49       		.byte	0x49
 8604 351e 0E       		.byte	0xe
 8605 351f 06350000 		.4byte	0x3506
 8606 3523 1B       		.uleb128 0x1b
 8607 3524 99080000 		.4byte	.LASF491
 8608 3528 03       		.byte	0x3
 8609 3529 4A       		.byte	0x4a
 8610 352a 0E       		.byte	0xe
 8611 352b 06350000 		.4byte	0x3506
 8612 352f 09       		.uleb128 0x9
 8613 3530 CA100000 		.4byte	.LASF492
 8614 3534 19       		.byte	0x19
 8615 3535 25       		.byte	0x25
 8616 3536 06       		.byte	0x6
 8617 3537 2C000000 		.4byte	0x2c
 8618 353b 4A350000 		.4byte	0x354a
 8619 353f 01       		.uleb128 0x1
 8620 3540 D71C0000 		.4byte	0x1cd7
 8621 3544 01       		.uleb128 0x1
 8622 3545 D71C0000 		.4byte	0x1cd7
 8623 3549 00       		.byte	0
 8624 354a 09       		.uleb128 0x9
 8625 354b 37120000 		.4byte	.LASF493
 8626 354f 19       		.byte	0x19
 8627 3550 28       		.byte	0x28
 8628 3551 08       		.byte	0x8
 8629 3552 A11C0000 		.4byte	0x1ca1
 8630 3556 60350000 		.4byte	0x3560
 8631 355a 01       		.uleb128 0x1
 8632 355b 2C000000 		.4byte	0x2c
 8633 355f 00       		.byte	0
 8634 3560 09       		.uleb128 0x9
 8635 3561 7D190000 		.4byte	.LASF494
 8636 3565 19       		.byte	0x19
 8637 3566 32       		.byte	0x32
 8638 3567 08       		.byte	0x8
 8639 3568 A11C0000 		.4byte	0x1ca1
 8640 356c 7B350000 		.4byte	0x357b
 8641 3570 01       		.uleb128 0x1
 8642 3571 A11C0000 		.4byte	0x1ca1
 8643 3575 01       		.uleb128 0x1
 8644 3576 D71C0000 		.4byte	0x1cd7
 8645 357a 00       		.byte	0
 8646 357b 09       		.uleb128 0x9
 8647 357c 94100000 		.4byte	.LASF495
 8648 3580 19       		.byte	0x19
ARM GAS  /tmp/ccSzEyJr.s 			page 153


 8649 3581 34       		.byte	0x34
 8650 3582 09       		.byte	0x9
 8651 3583 B2150000 		.4byte	0x15b2
 8652 3587 9B350000 		.4byte	0x359b
 8653 358b 01       		.uleb128 0x1
 8654 358c A11C0000 		.4byte	0x1ca1
 8655 3590 01       		.uleb128 0x1
 8656 3591 D71C0000 		.4byte	0x1cd7
 8657 3595 01       		.uleb128 0x1
 8658 3596 B2150000 		.4byte	0x15b2
 8659 359a 00       		.byte	0
 8660 359b 3D       		.uleb128 0x3d
 8661 359c 540E0000 		.4byte	.LASF499
 8662 35a0 0C       		.byte	0xc
 8663 35a1 01       		.byte	0x1
 8664 35a2 0A       		.byte	0xa
 8665 35a3 07       		.byte	0x7
 8666 35a4 BA360000 		.4byte	0x36ba
 8667 35a8 1C       		.uleb128 0x1c
 8668 35a9 540E0000 		.4byte	.LASF499
 8669 35ad 01       		.byte	0x1
 8670 35ae 0C       		.byte	0xc
 8671 35af 03       		.byte	0x3
 8672 35b0 4E100000 		.4byte	.LASF501
 8673 35b4 BF360000 		.4byte	0x36bf
 8674 35b8 01       		.byte	0x1
 8675 35b9 C1350000 		.4byte	0x35c1
 8676 35bd C7350000 		.4byte	0x35c7
 8677 35c1 0E       		.uleb128 0xe
 8678 35c2 BF360000 		.4byte	0x36bf
 8679 35c6 00       		.byte	0
 8680 35c7 17       		.uleb128 0x17
 8681 35c8 95180000 		.4byte	.LASF400
 8682 35cc 01       		.byte	0x1
 8683 35cd 0E       		.byte	0xe
 8684 35ce 08       		.byte	0x8
 8685 35cf 19160000 		.4byte	.LASF497
 8686 35d3 01       		.byte	0x1
 8687 35d4 DC350000 		.4byte	0x35dc
 8688 35d8 EC350000 		.4byte	0x35ec
 8689 35dc 0E       		.uleb128 0xe
 8690 35dd BF360000 		.4byte	0x36bf
 8691 35e1 01       		.uleb128 0x1
 8692 35e2 9B220000 		.4byte	0x229b
 8693 35e6 01       		.uleb128 0x1
 8694 35e7 B2150000 		.4byte	0x15b2
 8695 35eb 00       		.byte	0
 8696 35ec 17       		.uleb128 0x17
 8697 35ed 60100000 		.4byte	.LASF496
 8698 35f1 01       		.byte	0x1
 8699 35f2 16       		.byte	0x16
 8700 35f3 08       		.byte	0x8
 8701 35f4 A4180000 		.4byte	.LASF498
 8702 35f8 01       		.byte	0x1
 8703 35f9 01360000 		.4byte	0x3601
 8704 35fd 0C360000 		.4byte	0x360c
 8705 3601 0E       		.uleb128 0xe
ARM GAS  /tmp/ccSzEyJr.s 			page 154


 8706 3602 BF360000 		.4byte	0x36bf
 8707 3606 01       		.uleb128 0x1
 8708 3607 25000000 		.4byte	0x25
 8709 360b 00       		.byte	0
 8710 360c 1C       		.uleb128 0x1c
 8711 360d 7B120000 		.4byte	.LASF500
 8712 3611 01       		.byte	0x1
 8713 3612 1C       		.byte	0x1c
 8714 3613 09       		.byte	0x9
 8715 3614 0D1D0000 		.4byte	.LASF502
 8716 3618 25000000 		.4byte	0x25
 8717 361c 01       		.byte	0x1
 8718 361d 25360000 		.4byte	0x3625
 8719 3621 30360000 		.4byte	0x3630
 8720 3625 0E       		.uleb128 0xe
 8721 3626 CA360000 		.4byte	0x36ca
 8722 362a 01       		.uleb128 0x1
 8723 362b 25000000 		.4byte	0x25
 8724 362f 00       		.byte	0
 8725 3630 1C       		.uleb128 0x1c
 8726 3631 2C1D0000 		.4byte	.LASF503
 8727 3635 01       		.byte	0x1
 8728 3636 2A       		.byte	0x2a
 8729 3637 09       		.byte	0x9
 8730 3638 CC140000 		.4byte	.LASF504
 8731 363c 25000000 		.4byte	0x25
 8732 3640 01       		.byte	0x1
 8733 3641 49360000 		.4byte	0x3649
 8734 3645 54360000 		.4byte	0x3654
 8735 3649 0E       		.uleb128 0xe
 8736 364a CA360000 		.4byte	0x36ca
 8737 364e 01       		.uleb128 0x1
 8738 364f 25000000 		.4byte	0x25
 8739 3653 00       		.byte	0
 8740 3654 1C       		.uleb128 0x1c
 8741 3655 D4160000 		.4byte	.LASF505
 8742 3659 01       		.byte	0x1
 8743 365a 3D       		.byte	0x3d
 8744 365b 0A       		.byte	0xa
 8745 365c 920E0000 		.4byte	.LASF506
 8746 3660 B2150000 		.4byte	0x15b2
 8747 3664 01       		.byte	0x1
 8748 3665 6D360000 		.4byte	0x366d
 8749 3669 73360000 		.4byte	0x3673
 8750 366d 0E       		.uleb128 0xe
 8751 366e CA360000 		.4byte	0x36ca
 8752 3672 00       		.byte	0
 8753 3673 1C       		.uleb128 0x1c
 8754 3674 38140000 		.4byte	.LASF507
 8755 3678 01       		.byte	0x1
 8756 3679 3E       		.byte	0x3e
 8757 367a 0A       		.byte	0xa
 8758 367b 7E080000 		.4byte	.LASF508
 8759 367f B2150000 		.4byte	0x15b2
 8760 3683 01       		.byte	0x1
 8761 3684 8C360000 		.4byte	0x368c
 8762 3688 92360000 		.4byte	0x3692
ARM GAS  /tmp/ccSzEyJr.s 			page 155


 8763 368c 0E       		.uleb128 0xe
 8764 368d CA360000 		.4byte	0x36ca
 8765 3691 00       		.byte	0
 8766 3692 04       		.uleb128 0x4
 8767 3693 64160000 		.4byte	.LASF509
 8768 3697 01       		.byte	0x1
 8769 3698 41       		.byte	0x41
 8770 3699 0B       		.byte	0xb
 8771 369a 9B220000 		.4byte	0x229b
 8772 369e 00       		.byte	0
 8773 369f 04       		.uleb128 0x4
 8774 36a0 E41B0000 		.4byte	.LASF510
 8775 36a4 01       		.byte	0x1
 8776 36a5 42       		.byte	0x42
 8777 36a6 0B       		.byte	0xb
 8778 36a7 B2150000 		.4byte	0x15b2
 8779 36ab 04       		.byte	0x4
 8780 36ac 04       		.uleb128 0x4
 8781 36ad 0D010000 		.4byte	.LASF300
 8782 36b1 01       		.byte	0x1
 8783 36b2 43       		.byte	0x43
 8784 36b3 0B       		.byte	0xb
 8785 36b4 B2150000 		.4byte	0x15b2
 8786 36b8 08       		.byte	0x8
 8787 36b9 00       		.byte	0
 8788 36ba 0C       		.uleb128 0xc
 8789 36bb 9B350000 		.4byte	0x359b
 8790 36bf 08       		.uleb128 0x8
 8791 36c0 04       		.byte	0x4
 8792 36c1 9B350000 		.4byte	0x359b
 8793 36c5 0C       		.uleb128 0xc
 8794 36c6 BF360000 		.4byte	0x36bf
 8795 36ca 08       		.uleb128 0x8
 8796 36cb 04       		.byte	0x4
 8797 36cc BA360000 		.4byte	0x36ba
 8798 36d0 0C       		.uleb128 0xc
 8799 36d1 CA360000 		.4byte	0x36ca
 8800 36d5 26       		.uleb128 0x26
 8801 36d6 6D080000 		.4byte	.LASF511
 8802 36da 10       		.byte	0x10
 8803 36db 02       		.byte	0x2
 8804 36dc 14       		.byte	0x14
 8805 36dd 08       		.byte	0x8
 8806 36de 17370000 		.4byte	0x3717
 8807 36e2 04       		.uleb128 0x4
 8808 36e3 381D0000 		.4byte	.LASF512
 8809 36e7 02       		.byte	0x2
 8810 36e8 15       		.byte	0x15
 8811 36e9 09       		.byte	0x9
 8812 36ea 25000000 		.4byte	0x25
 8813 36ee 00       		.byte	0
 8814 36ef 04       		.uleb128 0x4
 8815 36f0 61070000 		.4byte	.LASF513
 8816 36f4 02       		.byte	0x2
 8817 36f5 16       		.byte	0x16
 8818 36f6 09       		.byte	0x9
 8819 36f7 25000000 		.4byte	0x25
ARM GAS  /tmp/ccSzEyJr.s 			page 156


 8820 36fb 04       		.byte	0x4
 8821 36fc 04       		.uleb128 0x4
 8822 36fd 351A0000 		.4byte	.LASF514
 8823 3701 02       		.byte	0x2
 8824 3702 17       		.byte	0x17
 8825 3703 09       		.byte	0x9
 8826 3704 25000000 		.4byte	0x25
 8827 3708 08       		.byte	0x8
 8828 3709 04       		.uleb128 0x4
 8829 370a 461C0000 		.4byte	.LASF515
 8830 370e 02       		.byte	0x2
 8831 370f 18       		.byte	0x18
 8832 3710 09       		.byte	0x9
 8833 3711 25000000 		.4byte	0x25
 8834 3715 0C       		.byte	0xc
 8835 3716 00       		.byte	0
 8836 3717 0C       		.uleb128 0xc
 8837 3718 D5360000 		.4byte	0x36d5
 8838 371c 0B       		.uleb128 0xb
 8839 371d 17370000 		.4byte	0x3717
 8840 3721 32370000 		.4byte	0x3732
 8841 3725 0D       		.uleb128 0xd
 8842 3726 33000000 		.4byte	0x33
 8843 372a 03       		.byte	0x3
 8844 372b 0D       		.uleb128 0xd
 8845 372c 33000000 		.4byte	0x33
 8846 3730 07       		.byte	0x7
 8847 3731 00       		.byte	0
 8848 3732 0C       		.uleb128 0xc
 8849 3733 1C370000 		.4byte	0x371c
 8850 3737 52       		.uleb128 0x52
 8851 3738 A6110000 		.4byte	.LASF568
 8852 373c 02       		.byte	0x2
 8853 373d 1B       		.byte	0x1b
 8854 373e 17       		.byte	0x17
 8855 373f 32370000 		.4byte	0x3732
 8856 3743 05       		.uleb128 0x5
 8857 3744 03       		.byte	0x3
 8858 3745 00000000 		.4byte	_ZL12kPatternTaps
 8859 3749 3D       		.uleb128 0x3d
 8860 374a 791E0000 		.4byte	.LASF516
 8861 374e A8       		.byte	0xa8
 8862 374f 02       		.byte	0x2
 8863 3750 30       		.byte	0x30
 8864 3751 07       		.byte	0x7
 8865 3752 93380000 		.4byte	0x3893
 8866 3756 6D       		.uleb128 0x6d
 8867 3757 B71D0000 		.4byte	.LASF629
 8868 375b 02       		.byte	0x2
 8869 375c 32       		.byte	0x32
 8870 375d 18       		.byte	0x18
 8871 375e 4D010000 		.4byte	0x14d
 8872 3762 01       		.byte	0x1
 8873 3763 08       		.byte	0x8
 8874 3764 1C       		.uleb128 0x1c
 8875 3765 791E0000 		.4byte	.LASF516
 8876 3769 02       		.byte	0x2
ARM GAS  /tmp/ccSzEyJr.s 			page 157


 8877 376a 34       		.byte	0x34
 8878 376b 03       		.byte	0x3
 8879 376c 77090000 		.4byte	.LASF517
 8880 3770 93380000 		.4byte	0x3893
 8881 3774 01       		.byte	0x1
 8882 3775 7D370000 		.4byte	0x377d
 8883 3779 83370000 		.4byte	0x3783
 8884 377d 0E       		.uleb128 0xe
 8885 377e 93380000 		.4byte	0x3893
 8886 3782 00       		.byte	0
 8887 3783 17       		.uleb128 0x17
 8888 3784 95180000 		.4byte	.LASF400
 8889 3788 02       		.byte	0x2
 8890 3789 36       		.byte	0x36
 8891 378a 08       		.byte	0x8
 8892 378b AF0D0000 		.4byte	.LASF518
 8893 378f 01       		.byte	0x1
 8894 3790 98370000 		.4byte	0x3798
 8895 3794 AD370000 		.4byte	0x37ad
 8896 3798 0E       		.uleb128 0xe
 8897 3799 93380000 		.4byte	0x3893
 8898 379d 01       		.uleb128 0x1
 8899 379e 25000000 		.4byte	0x25
 8900 37a2 01       		.uleb128 0x1
 8901 37a3 9B220000 		.4byte	0x229b
 8902 37a7 01       		.uleb128 0x1
 8903 37a8 9B220000 		.4byte	0x229b
 8904 37ac 00       		.byte	0
 8905 37ad 17       		.uleb128 0x17
 8906 37ae 5C120000 		.4byte	.LASF519
 8907 37b2 02       		.byte	0x2
 8908 37b3 3D       		.byte	0x3d
 8909 37b4 08       		.byte	0x8
 8910 37b5 52050000 		.4byte	.LASF520
 8911 37b9 01       		.byte	0x1
 8912 37ba C2370000 		.4byte	0x37c2
 8913 37be CD370000 		.4byte	0x37cd
 8914 37c2 0E       		.uleb128 0xe
 8915 37c3 93380000 		.4byte	0x3893
 8916 37c7 01       		.uleb128 0x1
 8917 37c8 2C000000 		.4byte	0x2c
 8918 37cc 00       		.byte	0
 8919 37cd 17       		.uleb128 0x17
 8920 37ce 14010000 		.4byte	.LASF521
 8921 37d2 02       		.byte	0x2
 8922 37d3 43       		.byte	0x43
 8923 37d4 08       		.byte	0x8
 8924 37d5 CA0A0000 		.4byte	.LASF522
 8925 37d9 01       		.byte	0x1
 8926 37da E2370000 		.4byte	0x37e2
 8927 37de ED370000 		.4byte	0x37ed
 8928 37e2 0E       		.uleb128 0xe
 8929 37e3 93380000 		.4byte	0x3893
 8930 37e7 01       		.uleb128 0x1
 8931 37e8 25000000 		.4byte	0x25
 8932 37ec 00       		.byte	0
 8933 37ed 17       		.uleb128 0x17
ARM GAS  /tmp/ccSzEyJr.s 			page 158


 8934 37ee 8F030000 		.4byte	.LASF523
 8935 37f2 02       		.byte	0x2
 8936 37f3 47       		.byte	0x47
 8937 37f4 08       		.byte	0x8
 8938 37f5 92040000 		.4byte	.LASF524
 8939 37f9 01       		.byte	0x1
 8940 37fa 02380000 		.4byte	0x3802
 8941 37fe 0D380000 		.4byte	0x380d
 8942 3802 0E       		.uleb128 0xe
 8943 3803 93380000 		.4byte	0x3893
 8944 3807 01       		.uleb128 0x1
 8945 3808 B6000000 		.4byte	0xb6
 8946 380c 00       		.byte	0
 8947 380d 17       		.uleb128 0x17
 8948 380e 500D0000 		.4byte	.LASF525
 8949 3812 02       		.byte	0x2
 8950 3813 4D       		.byte	0x4d
 8951 3814 08       		.byte	0x8
 8952 3815 5F0A0000 		.4byte	.LASF526
 8953 3819 01       		.byte	0x1
 8954 381a 22380000 		.4byte	0x3822
 8955 381e 37380000 		.4byte	0x3837
 8956 3822 0E       		.uleb128 0xe
 8957 3823 93380000 		.4byte	0x3893
 8958 3827 01       		.uleb128 0x1
 8959 3828 C32D0000 		.4byte	0x2dc3
 8960 382c 01       		.uleb128 0x1
 8961 382d 9B220000 		.4byte	0x229b
 8962 3831 01       		.uleb128 0x1
 8963 3832 B6000000 		.4byte	0xb6
 8964 3836 00       		.byte	0
 8965 3837 16       		.uleb128 0x16
 8966 3838 5F737200 		.ascii	"_sr\000"
 8967 383c 02       		.byte	0x2
 8968 383d 62       		.byte	0x62
 8969 383e 0D       		.byte	0xd
 8970 383f 25000000 		.4byte	0x25
 8971 3843 00       		.byte	0
 8972 3844 04       		.uleb128 0x4
 8973 3845 4D090000 		.4byte	.LASF527
 8974 3849 02       		.byte	0x2
 8975 384a 62       		.byte	0x62
 8976 384b 12       		.byte	0x12
 8977 384c 25000000 		.4byte	0x25
 8978 3850 04       		.byte	0x4
 8979 3851 04       		.uleb128 0x4
 8980 3852 5E030000 		.4byte	.LASF528
 8981 3856 02       		.byte	0x2
 8982 3857 63       		.byte	0x63
 8983 3858 0D       		.byte	0xd
 8984 3859 2C000000 		.4byte	0x2c
 8985 385d 08       		.byte	0x8
 8986 385e 04       		.uleb128 0x4
 8987 385f 54120000 		.4byte	.LASF529
 8988 3863 02       		.byte	0x2
 8989 3864 63       		.byte	0x63
 8990 3865 1A       		.byte	0x1a
ARM GAS  /tmp/ccSzEyJr.s 			page 159


 8991 3866 2C000000 		.4byte	0x2c
 8992 386a 0C       		.byte	0xc
 8993 386b 04       		.uleb128 0x4
 8994 386c 93170000 		.4byte	.LASF530
 8995 3870 02       		.byte	0x2
 8996 3871 64       		.byte	0x64
 8997 3872 0D       		.byte	0xd
 8998 3873 9E380000 		.4byte	0x389e
 8999 3877 10       		.byte	0x10
 9000 3878 04       		.uleb128 0x4
 9001 3879 87160000 		.4byte	.LASF531
 9002 387d 02       		.byte	0x2
 9003 387e 65       		.byte	0x65
 9004 387f 0D       		.byte	0xd
 9005 3880 9B350000 		.4byte	0x359b
 9006 3884 90       		.byte	0x90
 9007 3885 04       		.uleb128 0x4
 9008 3886 9A160000 		.4byte	.LASF532
 9009 388a 02       		.byte	0x2
 9010 388b 65       		.byte	0x65
 9011 388c 15       		.byte	0x15
 9012 388d 9B350000 		.4byte	0x359b
 9013 3891 9C       		.byte	0x9c
 9014 3892 00       		.byte	0
 9015 3893 08       		.uleb128 0x8
 9016 3894 04       		.byte	0x4
 9017 3895 49370000 		.4byte	0x3749
 9018 3899 0C       		.uleb128 0xc
 9019 389a 93380000 		.4byte	0x3893
 9020 389e 0B       		.uleb128 0xb
 9021 389f D5360000 		.4byte	0x36d5
 9022 38a3 AE380000 		.4byte	0x38ae
 9023 38a7 0D       		.uleb128 0xd
 9024 38a8 33000000 		.4byte	0x33
 9025 38ac 07       		.byte	0x7
 9026 38ad 00       		.byte	0
 9027 38ae 3D       		.uleb128 0x3d
 9028 38af 4B150000 		.4byte	.LASF533
 9029 38b3 B8       		.byte	0xb8
 9030 38b4 04       		.byte	0x4
 9031 38b5 1D       		.byte	0x1d
 9032 38b6 07       		.byte	0x7
 9033 38b7 143B0000 		.4byte	0x3b14
 9034 38bb 1C       		.uleb128 0x1c
 9035 38bc 4B150000 		.4byte	.LASF533
 9036 38c0 04       		.byte	0x4
 9037 38c1 1F       		.byte	0x1f
 9038 38c2 03       		.byte	0x3
 9039 38c3 A9080000 		.4byte	.LASF534
 9040 38c7 193B0000 		.4byte	0x3b19
 9041 38cb 01       		.byte	0x1
 9042 38cc D4380000 		.4byte	0x38d4
 9043 38d0 DA380000 		.4byte	0x38da
 9044 38d4 0E       		.uleb128 0xe
 9045 38d5 193B0000 		.4byte	0x3b19
 9046 38d9 00       		.byte	0
 9047 38da 1C       		.uleb128 0x1c
ARM GAS  /tmp/ccSzEyJr.s 			page 160


 9048 38db C0090000 		.4byte	.LASF535
 9049 38df 04       		.byte	0x4
 9050 38e0 20       		.byte	0x20
 9051 38e1 03       		.byte	0x3
 9052 38e2 86180000 		.4byte	.LASF536
 9053 38e6 8F160000 		.4byte	0x168f
 9054 38ea 01       		.byte	0x1
 9055 38eb F3380000 		.4byte	0x38f3
 9056 38ef FE380000 		.4byte	0x38fe
 9057 38f3 0E       		.uleb128 0xe
 9058 38f4 193B0000 		.4byte	0x3b19
 9059 38f8 0E       		.uleb128 0xe
 9060 38f9 2C000000 		.4byte	0x2c
 9061 38fd 00       		.byte	0
 9062 38fe 1C       		.uleb128 0x1c
 9063 38ff 1C140000 		.4byte	.LASF537
 9064 3903 04       		.byte	0x4
 9065 3904 22       		.byte	0x22
 9066 3905 11       		.byte	0x11
 9067 3906 A4100000 		.4byte	.LASF538
 9068 390a 3A000000 		.4byte	0x3a
 9069 390e 01       		.byte	0x1
 9070 390f 17390000 		.4byte	0x3917
 9071 3913 22390000 		.4byte	0x3922
 9072 3917 0E       		.uleb128 0xe
 9073 3918 193B0000 		.4byte	0x3b19
 9074 391c 01       		.uleb128 0x1
 9075 391d BD2D0000 		.4byte	0x2dbd
 9076 3921 00       		.byte	0
 9077 3922 17       		.uleb128 0x17
 9078 3923 231D0000 		.4byte	.LASF539
 9079 3927 04       		.byte	0x4
 9080 3928 4C       		.byte	0x4c
 9081 3929 0F       		.byte	0xf
 9082 392a 33130000 		.4byte	.LASF540
 9083 392e 01       		.byte	0x1
 9084 392f 37390000 		.4byte	0x3937
 9085 3933 3D390000 		.4byte	0x393d
 9086 3937 0E       		.uleb128 0xe
 9087 3938 193B0000 		.4byte	0x3b19
 9088 393c 00       		.byte	0
 9089 393d 17       		.uleb128 0x17
 9090 393e D2100000 		.4byte	.LASF541
 9091 3942 04       		.byte	0x4
 9092 3943 4D       		.byte	0x4d
 9093 3944 0F       		.byte	0xf
 9094 3945 B8120000 		.4byte	.LASF542
 9095 3949 01       		.byte	0x1
 9096 394a 52390000 		.4byte	0x3952
 9097 394e 58390000 		.4byte	0x3958
 9098 3952 0E       		.uleb128 0xe
 9099 3953 193B0000 		.4byte	0x3b19
 9100 3957 00       		.byte	0
 9101 3958 17       		.uleb128 0x17
 9102 3959 06070000 		.4byte	.LASF543
 9103 395d 04       		.byte	0x4
 9104 395e 4E       		.byte	0x4e
ARM GAS  /tmp/ccSzEyJr.s 			page 161


 9105 395f 0F       		.byte	0xf
 9106 3960 AA0C0000 		.4byte	.LASF544
 9107 3964 01       		.byte	0x1
 9108 3965 6D390000 		.4byte	0x396d
 9109 3969 73390000 		.4byte	0x3973
 9110 396d 0E       		.uleb128 0xe
 9111 396e 193B0000 		.4byte	0x3b19
 9112 3972 00       		.byte	0
 9113 3973 17       		.uleb128 0x17
 9114 3974 E0090000 		.4byte	.LASF545
 9115 3978 04       		.byte	0x4
 9116 3979 4F       		.byte	0x4f
 9117 397a 0F       		.byte	0xf
 9118 397b 9E1A0000 		.4byte	.LASF546
 9119 397f 01       		.byte	0x1
 9120 3980 88390000 		.4byte	0x3988
 9121 3984 8E390000 		.4byte	0x398e
 9122 3988 0E       		.uleb128 0xe
 9123 3989 193B0000 		.4byte	0x3b19
 9124 398d 00       		.byte	0
 9125 398e 17       		.uleb128 0x17
 9126 398f 8F060000 		.4byte	.LASF547
 9127 3993 04       		.byte	0x4
 9128 3994 51       		.byte	0x51
 9129 3995 0F       		.byte	0xf
 9130 3996 430F0000 		.4byte	.LASF548
 9131 399a 01       		.byte	0x1
 9132 399b A3390000 		.4byte	0x39a3
 9133 399f B8390000 		.4byte	0x39b8
 9134 39a3 0E       		.uleb128 0xe
 9135 39a4 193B0000 		.4byte	0x3b19
 9136 39a8 01       		.uleb128 0x1
 9137 39a9 C32D0000 		.4byte	0x2dc3
 9138 39ad 01       		.uleb128 0x1
 9139 39ae 9B220000 		.4byte	0x229b
 9140 39b2 01       		.uleb128 0x1
 9141 39b3 B6000000 		.4byte	0xb6
 9142 39b7 00       		.byte	0
 9143 39b8 17       		.uleb128 0x17
 9144 39b9 40050000 		.4byte	.LASF549
 9145 39bd 04       		.byte	0x4
 9146 39be 5C       		.byte	0x5c
 9147 39bf 0F       		.byte	0xf
 9148 39c0 7E130000 		.4byte	.LASF550
 9149 39c4 01       		.byte	0x1
 9150 39c5 CD390000 		.4byte	0x39cd
 9151 39c9 DD390000 		.4byte	0x39dd
 9152 39cd 0E       		.uleb128 0xe
 9153 39ce 193B0000 		.4byte	0x3b19
 9154 39d2 01       		.uleb128 0x1
 9155 39d3 8B000000 		.4byte	0x8b
 9156 39d7 01       		.uleb128 0x1
 9157 39d8 60000000 		.4byte	0x60
 9158 39dc 00       		.byte	0
 9159 39dd 1C       		.uleb128 0x1c
 9160 39de CD1A0000 		.4byte	.LASF551
 9161 39e2 04       		.byte	0x4
ARM GAS  /tmp/ccSzEyJr.s 			page 162


 9162 39e3 77       		.byte	0x77
 9163 39e4 12       		.byte	0x12
 9164 39e5 D2050000 		.4byte	.LASF552
 9165 39e9 60000000 		.4byte	0x60
 9166 39ed 01       		.byte	0x1
 9167 39ee F6390000 		.4byte	0x39f6
 9168 39f2 013A0000 		.4byte	0x3a01
 9169 39f6 0E       		.uleb128 0xe
 9170 39f7 243B0000 		.4byte	0x3b24
 9171 39fb 01       		.uleb128 0x1
 9172 39fc 8B000000 		.4byte	0x8b
 9173 3a00 00       		.byte	0
 9174 3a01 1C       		.uleb128 0x1c
 9175 3a02 0A0A0000 		.4byte	.LASF553
 9176 3a06 04       		.byte	0x4
 9177 3a07 80       		.byte	0x80
 9178 3a08 16       		.byte	0x16
 9179 3a09 8C020000 		.4byte	.LASF554
 9180 3a0d D71C0000 		.4byte	0x1cd7
 9181 3a11 01       		.byte	0x1
 9182 3a12 1A3A0000 		.4byte	0x3a1a
 9183 3a16 2A3A0000 		.4byte	0x3a2a
 9184 3a1a 0E       		.uleb128 0xe
 9185 3a1b 243B0000 		.4byte	0x3b24
 9186 3a1f 01       		.uleb128 0x1
 9187 3a20 8B000000 		.4byte	0x8b
 9188 3a24 01       		.uleb128 0x1
 9189 3a25 60000000 		.4byte	0x60
 9190 3a29 00       		.byte	0
 9191 3a2a 17       		.uleb128 0x17
 9192 3a2b 8F030000 		.4byte	.LASF523
 9193 3a2f 04       		.byte	0x4
 9194 3a30 89       		.byte	0x89
 9195 3a31 0F       		.byte	0xf
 9196 3a32 FF110000 		.4byte	.LASF555
 9197 3a36 01       		.byte	0x1
 9198 3a37 3F3A0000 		.4byte	0x3a3f
 9199 3a3b 4A3A0000 		.4byte	0x3a4a
 9200 3a3f 0E       		.uleb128 0xe
 9201 3a40 193B0000 		.4byte	0x3b19
 9202 3a44 01       		.uleb128 0x1
 9203 3a45 B6000000 		.4byte	0xb6
 9204 3a49 00       		.byte	0
 9205 3a4a 17       		.uleb128 0x17
 9206 3a4b 171C0000 		.4byte	.LASF556
 9207 3a4f 04       		.byte	0x4
 9208 3a50 8D       		.byte	0x8d
 9209 3a51 0F       		.byte	0xf
 9210 3a52 CB020000 		.4byte	.LASF557
 9211 3a56 01       		.byte	0x1
 9212 3a57 5F3A0000 		.4byte	0x3a5f
 9213 3a5b 6A3A0000 		.4byte	0x3a6a
 9214 3a5f 0E       		.uleb128 0xe
 9215 3a60 193B0000 		.4byte	0x3b19
 9216 3a64 01       		.uleb128 0x1
 9217 3a65 B6000000 		.4byte	0xb6
 9218 3a69 00       		.byte	0
ARM GAS  /tmp/ccSzEyJr.s 			page 163


 9219 3a6a 17       		.uleb128 0x17
 9220 3a6b B31A0000 		.4byte	.LASF558
 9221 3a6f 04       		.byte	0x4
 9222 3a70 8E       		.byte	0x8e
 9223 3a71 0F       		.byte	0xf
 9224 3a72 57180000 		.4byte	.LASF559
 9225 3a76 01       		.byte	0x1
 9226 3a77 7F3A0000 		.4byte	0x3a7f
 9227 3a7b 993A0000 		.4byte	0x3a99
 9228 3a7f 0E       		.uleb128 0xe
 9229 3a80 193B0000 		.4byte	0x3b19
 9230 3a84 01       		.uleb128 0x1
 9231 3a85 8B000000 		.4byte	0x8b
 9232 3a89 01       		.uleb128 0x1
 9233 3a8a 8B000000 		.4byte	0x8b
 9234 3a8e 01       		.uleb128 0x1
 9235 3a8f B6000000 		.4byte	0xb6
 9236 3a93 01       		.uleb128 0x1
 9237 3a94 B6000000 		.4byte	0xb6
 9238 3a98 00       		.byte	0
 9239 3a99 18       		.uleb128 0x18
 9240 3a9a C0050000 		.4byte	.LASF560
 9241 3a9e 04       		.byte	0x4
 9242 3a9f 94       		.byte	0x94
 9243 3aa0 17       		.byte	0x17
 9244 3aa1 2B0E0000 		.4byte	.LASF561
 9245 3aa5 25000000 		.4byte	0x25
 9246 3aa9 B33A0000 		.4byte	0x3ab3
 9247 3aad 01       		.uleb128 0x1
 9248 3aae 60000000 		.4byte	0x60
 9249 3ab2 00       		.byte	0
 9250 3ab3 6E       		.uleb128 0x6e
 9251 3ab4 8E160000 		.4byte	.LASF562
 9252 3ab8 04       		.byte	0x4
 9253 3ab9 9B       		.byte	0x9b
 9254 3aba 0F       		.byte	0xf
 9255 3abb F9120000 		.4byte	.LASF563
 9256 3abf C73A0000 		.4byte	0x3ac7
 9257 3ac3 D23A0000 		.4byte	0x3ad2
 9258 3ac7 0E       		.uleb128 0xe
 9259 3ac8 193B0000 		.4byte	0x3b19
 9260 3acc 01       		.uleb128 0x1
 9261 3acd 60000000 		.4byte	0x60
 9262 3ad1 00       		.byte	0
 9263 3ad2 04       		.uleb128 0x4
 9264 3ad3 7B040000 		.4byte	.LASF564
 9265 3ad7 04       		.byte	0x4
 9266 3ad8 A2       		.byte	0xa2
 9267 3ad9 12       		.byte	0x12
 9268 3ada 49370000 		.4byte	0x3749
 9269 3ade 00       		.byte	0
 9270 3adf 04       		.uleb128 0x4
 9271 3ae0 54120000 		.4byte	.LASF529
 9272 3ae4 04       		.byte	0x4
 9273 3ae5 A3       		.byte	0xa3
 9274 3ae6 10       		.byte	0x10
 9275 3ae7 2C000000 		.4byte	0x2c
ARM GAS  /tmp/ccSzEyJr.s 			page 164


 9276 3aeb A8       		.byte	0xa8
 9277 3aec 04       		.uleb128 0x4
 9278 3aed 4E030000 		.4byte	.LASF565
 9279 3af1 04       		.byte	0x4
 9280 3af2 A4       		.byte	0xa4
 9281 3af3 10       		.byte	0x10
 9282 3af4 08240000 		.4byte	0x2408
 9283 3af8 AC       		.byte	0xac
 9284 3af9 04       		.uleb128 0x4
 9285 3afa 431A0000 		.4byte	.LASF566
 9286 3afe 04       		.byte	0x4
 9287 3aff A5       		.byte	0xa5
 9288 3b00 10       		.byte	0x10
 9289 3b01 60000000 		.4byte	0x60
 9290 3b05 B0       		.byte	0xb0
 9291 3b06 04       		.uleb128 0x4
 9292 3b07 04080000 		.4byte	.LASF567
 9293 3b0b 04       		.byte	0x4
 9294 3b0c A6       		.byte	0xa6
 9295 3b0d 10       		.byte	0x10
 9296 3b0e 60000000 		.4byte	0x60
 9297 3b12 B4       		.byte	0xb4
 9298 3b13 00       		.byte	0
 9299 3b14 0C       		.uleb128 0xc
 9300 3b15 AE380000 		.4byte	0x38ae
 9301 3b19 08       		.uleb128 0x8
 9302 3b1a 04       		.byte	0x4
 9303 3b1b AE380000 		.4byte	0x38ae
 9304 3b1f 0C       		.uleb128 0xc
 9305 3b20 193B0000 		.4byte	0x3b19
 9306 3b24 08       		.uleb128 0x8
 9307 3b25 04       		.byte	0x4
 9308 3b26 143B0000 		.4byte	0x3b14
 9309 3b2a 0C       		.uleb128 0xc
 9310 3b2b 243B0000 		.4byte	0x3b24
 9311 3b2f 52       		.uleb128 0x52
 9312 3b30 0F0F0000 		.4byte	.LASF569
 9313 3b34 04       		.byte	0x4
 9314 3b35 AB       		.byte	0xab
 9315 3b36 0F       		.byte	0xf
 9316 3b37 AE380000 		.4byte	0x38ae
 9317 3b3b 05       		.uleb128 0x5
 9318 3b3c 03       		.byte	0x3
 9319 3b3d 00000000 		.4byte	_ZL17s_effect_instance
 9320 3b41 6F       		.uleb128 0x6f
 9321 3b42 56090000 		.4byte	.LASF630
 9322 3b46 70       		.uleb128 0x70
 9323 3b47 140E0000 		.4byte	.LASF610
 9324 3b4b 00000000 		.4byte	.LFB553
 9325 3b4f 44000000 		.4byte	.LFE553-.LFB553
 9326 3b53 01       		.uleb128 0x1
 9327 3b54 9C       		.byte	0x9c
 9328 3b55 383C0000 		.4byte	0x3c38
 9329 3b59 32       		.uleb128 0x32
 9330 3b5a 383C0000 		.4byte	0x3c38
 9331 3b5e 00000000 		.4byte	.LBI271
 9332 3b62 01       		.byte	.LVU492
ARM GAS  /tmp/ccSzEyJr.s 			page 165


 9333 3b63 00000000 		.4byte	.LBB271
 9334 3b67 36000000 		.4byte	.LBE271-.LBB271
 9335 3b6b 04       		.byte	0x4
 9336 3b6c CA       		.byte	0xca
 9337 3b6d 01       		.byte	0x1
 9338 3b6e 06       		.uleb128 0x6
 9339 3b6f 4E3C0000 		.4byte	0x3c4e
 9340 3b73 02000000 		.4byte	.LLST98
 9341 3b77 00000000 		.4byte	.LVUS98
 9342 3b7b 06       		.uleb128 0x6
 9343 3b7c 423C0000 		.4byte	0x3c42
 9344 3b80 1A000000 		.4byte	.LLST99
 9345 3b84 18000000 		.4byte	.LVUS99
 9346 3b88 32       		.uleb128 0x32
 9347 3b89 383C0000 		.4byte	0x3c38
 9348 3b8d 00000000 		.4byte	.LBI272
 9349 3b91 02       		.byte	.LVU493
 9350 3b92 00000000 		.4byte	.LBB272
 9351 3b96 36000000 		.4byte	.LBE272-.LBB272
 9352 3b9a 04       		.byte	0x4
 9353 3b9b CA       		.byte	0xca
 9354 3b9c 01       		.byte	0x1
 9355 3b9d 06       		.uleb128 0x6
 9356 3b9e 4E3C0000 		.4byte	0x3c4e
 9357 3ba2 30000000 		.4byte	.LLST100
 9358 3ba6 2E000000 		.4byte	.LVUS100
 9359 3baa 06       		.uleb128 0x6
 9360 3bab 423C0000 		.4byte	0x3c42
 9361 3baf 48000000 		.4byte	.LLST101
 9362 3bb3 46000000 		.4byte	.LVUS101
 9363 3bb7 32       		.uleb128 0x32
 9364 3bb8 6B460000 		.4byte	0x466b
 9365 3bbc 00000000 		.4byte	.LBI274
 9366 3bc0 03       		.byte	.LVU494
 9367 3bc1 00000000 		.4byte	.LBB274
 9368 3bc5 36000000 		.4byte	.LBE274-.LBB274
 9369 3bc9 04       		.byte	0x4
 9370 3bca AB       		.byte	0xab
 9371 3bcb 0F       		.byte	0xf
 9372 3bcc 06       		.uleb128 0x6
 9373 3bcd 79460000 		.4byte	0x4679
 9374 3bd1 5E000000 		.4byte	.LLST102
 9375 3bd5 5C000000 		.4byte	.LVUS102
 9376 3bd9 22       		.uleb128 0x22
 9377 3bda 3B490000 		.4byte	0x493b
 9378 3bde 00000000 		.4byte	.LBI277
 9379 3be2 04       		.byte	.LVU495
 9380 3be3 B0020000 		.4byte	.Ldebug_ranges0+0x2b0
 9381 3be7 04       		.byte	0x4
 9382 3be8 1F       		.byte	0x1f
 9383 3be9 50       		.byte	0x50
 9384 3bea 06       		.uleb128 0x6
 9385 3beb 49490000 		.4byte	0x4949
 9386 3bef 78000000 		.4byte	.LLST103
 9387 3bf3 76000000 		.4byte	.LVUS103
 9388 3bf7 3E       		.uleb128 0x3e
 9389 3bf8 054B0000 		.4byte	0x4b05
ARM GAS  /tmp/ccSzEyJr.s 			page 166


 9390 3bfc 18000000 		.4byte	.LBI280
 9391 3c00 00       		.byte	.LVU499
 9392 3c01 18000000 		.4byte	.LBB280
 9393 3c05 04000000 		.4byte	.LBE280-.LBB280
 9394 3c09 02       		.byte	0x2
 9395 3c0a 34       		.byte	0x34
 9396 3c0b 50       		.byte	0x50
 9397 3c0c 1D3C0000 		.4byte	0x3c1d
 9398 3c10 33       		.uleb128 0x33
 9399 3c11 134B0000 		.4byte	0x4b13
 9400 3c15 06       		.uleb128 0x6
 9401 3c16 03       		.byte	0x3
 9402 3c17 90000000 		.4byte	_ZL17s_effect_instance+144
 9403 3c1b 9F       		.byte	0x9f
 9404 3c1c 00       		.byte	0
 9405 3c1d 71       		.uleb128 0x71
 9406 3c1e 054B0000 		.4byte	0x4b05
 9407 3c22 22000000 		.4byte	.LBB283
 9408 3c26 08000000 		.4byte	.LBE283-.LBB283
 9409 3c2a 02       		.byte	0x2
 9410 3c2b 34       		.byte	0x34
 9411 3c2c 50       		.byte	0x50
 9412 3c2d 1F       		.uleb128 0x1f
 9413 3c2e 134B0000 		.4byte	0x4b13
 9414 3c32 00       		.byte	0
 9415 3c33 00       		.byte	0
 9416 3c34 00       		.byte	0
 9417 3c35 00       		.byte	0
 9418 3c36 00       		.byte	0
 9419 3c37 00       		.byte	0
 9420 3c38 72       		.uleb128 0x72
 9421 3c39 6C1D0000 		.4byte	.LASF631
 9422 3c3d 01       		.byte	0x1
 9423 3c3e 5B3C0000 		.4byte	0x3c5b
 9424 3c42 19       		.uleb128 0x19
 9425 3c43 0F110000 		.4byte	.LASF570
 9426 3c47 04       		.byte	0x4
 9427 3c48 CA       		.byte	0xca
 9428 3c49 01       		.byte	0x1
 9429 3c4a 2C000000 		.4byte	0x2c
 9430 3c4e 19       		.uleb128 0x19
 9431 3c4f B10E0000 		.4byte	.LASF571
 9432 3c53 04       		.byte	0x4
 9433 3c54 CA       		.byte	0xca
 9434 3c55 01       		.byte	0x1
 9435 3c56 2C000000 		.4byte	0x2c
 9436 3c5a 00       		.byte	0
 9437 3c5b 2E       		.uleb128 0x2e
 9438 3c5c 20010000 		.4byte	.LASF572
 9439 3c60 04       		.byte	0x4
 9440 3c61 C8       		.byte	0xc8
 9441 3c62 16       		.byte	0x16
 9442 3c63 EE010000 		.4byte	.LFB551
 9443 3c67 02000000 		.4byte	.LFE551-.LFB551
 9444 3c6b 01       		.uleb128 0x1
 9445 3c6c 9C       		.byte	0x9c
 9446 3c6d A53C0000 		.4byte	0x3ca5
ARM GAS  /tmp/ccSzEyJr.s 			page 167


 9447 3c71 3F       		.uleb128 0x3f
 9448 3c72 696400   		.ascii	"id\000"
 9449 3c75 04       		.byte	0x4
 9450 3c76 C8       		.byte	0xc8
 9451 3c77 2F       		.byte	0x2f
 9452 3c78 8B000000 		.4byte	0x8b
 9453 3c7c 01       		.uleb128 0x1
 9454 3c7d 50       		.byte	0x50
 9455 3c7e 40       		.uleb128 0x40
 9456 3c7f BC030000 		.4byte	.LASF573
 9457 3c83 04       		.byte	0x4
 9458 3c84 C8       		.byte	0xc8
 9459 3c85 3B       		.byte	0x3b
 9460 3c86 8B000000 		.4byte	0x8b
 9461 3c8a 01       		.uleb128 0x1
 9462 3c8b 51       		.byte	0x51
 9463 3c8c 3F       		.uleb128 0x3f
 9464 3c8d 7800     		.ascii	"x\000"
 9465 3c8f 04       		.byte	0x4
 9466 3c90 C8       		.byte	0xc8
 9467 3c91 4B       		.byte	0x4b
 9468 3c92 B6000000 		.4byte	0xb6
 9469 3c96 01       		.uleb128 0x1
 9470 3c97 52       		.byte	0x52
 9471 3c98 3F       		.uleb128 0x3f
 9472 3c99 7900     		.ascii	"y\000"
 9473 3c9b 04       		.byte	0x4
 9474 3c9c C8       		.byte	0xc8
 9475 3c9d 57       		.byte	0x57
 9476 3c9e B6000000 		.4byte	0xb6
 9477 3ca2 01       		.uleb128 0x1
 9478 3ca3 53       		.byte	0x53
 9479 3ca4 00       		.byte	0
 9480 3ca5 2E       		.uleb128 0x2e
 9481 3ca6 B1130000 		.4byte	.LASF574
 9482 3caa 04       		.byte	0x4
 9483 3cab C5       		.byte	0xc5
 9484 3cac 16       		.byte	0x16
 9485 3cad EC010000 		.4byte	.LFB550
 9486 3cb1 02000000 		.4byte	.LFE550-.LFB550
 9487 3cb5 01       		.uleb128 0x1
 9488 3cb6 9C       		.byte	0x9c
 9489 3cb7 CA3C0000 		.4byte	0x3cca
 9490 3cbb 40       		.uleb128 0x40
 9491 3cbc 62110000 		.4byte	.LASF575
 9492 3cc0 04       		.byte	0x4
 9493 3cc1 C5       		.byte	0xc5
 9494 3cc2 35       		.byte	0x35
 9495 3cc3 B6000000 		.4byte	0xb6
 9496 3cc7 01       		.uleb128 0x1
 9497 3cc8 50       		.byte	0x50
 9498 3cc9 00       		.byte	0
 9499 3cca 2E       		.uleb128 0x2e
 9500 3ccb 8D140000 		.4byte	.LASF576
 9501 3ccf 04       		.byte	0x4
 9502 3cd0 C2       		.byte	0xc2
 9503 3cd1 16       		.byte	0x16
ARM GAS  /tmp/ccSzEyJr.s 			page 168


 9504 3cd2 D8010000 		.4byte	.LFB549
 9505 3cd6 14000000 		.4byte	.LFE549-.LFB549
 9506 3cda 01       		.uleb128 0x1
 9507 3cdb 9C       		.byte	0x9c
 9508 3cdc 323D0000 		.4byte	0x3d32
 9509 3ce0 27       		.uleb128 0x27
 9510 3ce1 C6140000 		.4byte	.LASF578
 9511 3ce5 04       		.byte	0x4
 9512 3ce6 C2       		.byte	0xc2
 9513 3ce7 2E       		.byte	0x2e
 9514 3ce8 B6000000 		.4byte	0xb6
 9515 3cec 96000000 		.4byte	.LLST95
 9516 3cf0 90000000 		.4byte	.LVUS95
 9517 3cf4 22       		.uleb128 0x22
 9518 3cf5 10420000 		.4byte	0x4210
 9519 3cf9 DA010000 		.4byte	.LBI247
 9520 3cfd 00       		.byte	.LVU472
 9521 3cfe 98020000 		.4byte	.Ldebug_ranges0+0x298
 9522 3d02 04       		.byte	0x4
 9523 3d03 C3       		.byte	0xc3
 9524 3d04 1D       		.byte	0x1d
 9525 3d05 06       		.uleb128 0x6
 9526 3d06 27420000 		.4byte	0x4227
 9527 3d0a C8000000 		.4byte	.LLST96
 9528 3d0e C2000000 		.4byte	.LVUS96
 9529 3d12 06       		.uleb128 0x6
 9530 3d13 1E420000 		.4byte	0x421e
 9531 3d17 F6000000 		.4byte	.LLST97
 9532 3d1b F4000000 		.4byte	.LVUS97
 9533 3d1f 20       		.uleb128 0x20
 9534 3d20 E4010000 		.4byte	.LVL133
 9535 3d24 59480000 		.4byte	0x4859
 9536 3d28 0F       		.uleb128 0xf
 9537 3d29 01       		.uleb128 0x1
 9538 3d2a 51       		.byte	0x51
 9539 3d2b 03       		.uleb128 0x3
 9540 3d2c F3       		.byte	0xf3
 9541 3d2d 01       		.uleb128 0x1
 9542 3d2e 50       		.byte	0x50
 9543 3d2f 00       		.byte	0
 9544 3d30 00       		.byte	0
 9545 3d31 00       		.byte	0
 9546 3d32 41       		.uleb128 0x41
 9547 3d33 EF080000 		.4byte	.LASF577
 9548 3d37 04       		.byte	0x4
 9549 3d38 BF       		.byte	0xbf
 9550 3d39 1D       		.byte	0x1d
 9551 3d3a D71C0000 		.4byte	0x1cd7
 9552 3d3e B8010000 		.4byte	.LFB548
 9553 3d42 20000000 		.4byte	.LFE548-.LFB548
 9554 3d46 01       		.uleb128 0x1
 9555 3d47 9C       		.byte	0x9c
 9556 3d48 B33D0000 		.4byte	0x3db3
 9557 3d4c 23       		.uleb128 0x23
 9558 3d4d 696400   		.ascii	"id\000"
 9559 3d50 04       		.byte	0x4
 9560 3d51 BF       		.byte	0xbf
ARM GAS  /tmp/ccSzEyJr.s 			page 169


 9561 3d52 3E       		.byte	0x3e
 9562 3d53 8B000000 		.4byte	0x8b
 9563 3d57 16010000 		.4byte	.LLST92
 9564 3d5b 0E010000 		.4byte	.LVUS92
 9565 3d5f 40       		.uleb128 0x40
 9566 3d60 A3080000 		.4byte	.LASF453
 9567 3d64 04       		.byte	0x4
 9568 3d65 BF       		.byte	0xbf
 9569 3d66 4A       		.byte	0x4a
 9570 3d67 60000000 		.4byte	0x60
 9571 3d6b 01       		.uleb128 0x1
 9572 3d6c 51       		.byte	0x51
 9573 3d6d 22       		.uleb128 0x22
 9574 3d6e 34420000 		.4byte	0x4234
 9575 3d72 B8010000 		.4byte	.LBI241
 9576 3d76 02       		.byte	.LVU456
 9577 3d77 80020000 		.4byte	.Ldebug_ranges0+0x280
 9578 3d7b 04       		.byte	0x4
 9579 3d7c C0       		.byte	0xc0
 9580 3d7d 30       		.byte	0x30
 9581 3d7e 33       		.uleb128 0x33
 9582 3d7f 42420000 		.4byte	0x4242
 9583 3d83 06       		.uleb128 0x6
 9584 3d84 03       		.byte	0x3
 9585 3d85 00000000 		.4byte	_ZL17s_effect_instance
 9586 3d89 9F       		.byte	0x9f
 9587 3d8a 06       		.uleb128 0x6
 9588 3d8b 56420000 		.4byte	0x4256
 9589 3d8f 52010000 		.4byte	.LLST93
 9590 3d93 50010000 		.4byte	.LVUS93
 9591 3d97 06       		.uleb128 0x6
 9592 3d98 4B420000 		.4byte	0x424b
 9593 3d9c 6D010000 		.4byte	.LLST94
 9594 3da0 65010000 		.4byte	.LVUS94
 9595 3da4 73       		.uleb128 0x73
 9596 3da5 62420000 		.4byte	0x4262
 9597 3da9 BE010000 		.4byte	.LBB244
 9598 3dad 0E000000 		.4byte	.LBE244-.LBB244
 9599 3db1 00       		.byte	0
 9600 3db2 00       		.byte	0
 9601 3db3 41       		.uleb128 0x41
 9602 3db4 F8000000 		.4byte	.LASF579
 9603 3db8 04       		.byte	0x4
 9604 3db9 BC       		.byte	0xbc
 9605 3dba 19       		.byte	0x19
 9606 3dbb 60000000 		.4byte	0x60
 9607 3dbf 7C010000 		.4byte	.LFB547
 9608 3dc3 3C000000 		.4byte	.LFE547-.LFB547
 9609 3dc7 01       		.uleb128 0x1
 9610 3dc8 9C       		.byte	0x9c
 9611 3dc9 113E0000 		.4byte	0x3e11
 9612 3dcd 23       		.uleb128 0x23
 9613 3dce 696400   		.ascii	"id\000"
 9614 3dd1 04       		.byte	0x4
 9615 3dd2 BC       		.byte	0xbc
 9616 3dd3 36       		.byte	0x36
 9617 3dd4 8B000000 		.4byte	0x8b
ARM GAS  /tmp/ccSzEyJr.s 			page 170


 9618 3dd8 B7010000 		.4byte	.LLST89
 9619 3ddc A7010000 		.4byte	.LVUS89
 9620 3de0 32       		.uleb128 0x32
 9621 3de1 8B420000 		.4byte	0x428b
 9622 3de5 7C010000 		.4byte	.LBI235
 9623 3de9 02       		.byte	.LVU437
 9624 3dea 7C010000 		.4byte	.LBB235
 9625 3dee 2C000000 		.4byte	.LBE235-.LBB235
 9626 3df2 04       		.byte	0x4
 9627 3df3 BD       		.byte	0xbd
 9628 3df4 2D       		.byte	0x2d
 9629 3df5 06       		.uleb128 0x6
 9630 3df6 A2420000 		.4byte	0x42a2
 9631 3dfa 31020000 		.4byte	.LLST90
 9632 3dfe 23020000 		.4byte	.LVUS90
 9633 3e02 06       		.uleb128 0x6
 9634 3e03 99420000 		.4byte	0x4299
 9635 3e07 91020000 		.4byte	.LLST91
 9636 3e0b 8F020000 		.4byte	.LVUS91
 9637 3e0f 00       		.byte	0
 9638 3e10 00       		.byte	0
 9639 3e11 2E       		.uleb128 0x2e
 9640 3e12 8C1C0000 		.4byte	.LASF580
 9641 3e16 04       		.byte	0x4
 9642 3e17 B9       		.byte	0xb9
 9643 3e18 16       		.byte	0x16
 9644 3e19 5C000000 		.4byte	.LFB546
 9645 3e1d 20010000 		.4byte	.LFE546-.LFB546
 9646 3e21 01       		.uleb128 0x1
 9647 3e22 9C       		.byte	0x9c
 9648 3e23 D03F0000 		.4byte	0x3fd0
 9649 3e27 23       		.uleb128 0x23
 9650 3e28 696400   		.ascii	"id\000"
 9651 3e2b 04       		.byte	0x4
 9652 3e2c B9       		.byte	0xb9
 9653 3e2d 33       		.byte	0x33
 9654 3e2e 8B000000 		.4byte	0x8b
 9655 3e32 B1020000 		.4byte	.LLST71
 9656 3e36 A9020000 		.4byte	.LVUS71
 9657 3e3a 27       		.uleb128 0x27
 9658 3e3b A3080000 		.4byte	.LASF453
 9659 3e3f 04       		.byte	0x4
 9660 3e40 B9       		.byte	0xb9
 9661 3e41 3F       		.byte	0x3f
 9662 3e42 60000000 		.4byte	0x60
 9663 3e46 F7020000 		.4byte	.LLST72
 9664 3e4a EB020000 		.4byte	.LVUS72
 9665 3e4e 22       		.uleb128 0x22
 9666 3e4f AE420000 		.4byte	0x42ae
 9667 3e53 5C000000 		.4byte	.LBI197
 9668 3e57 02       		.byte	.LVU347
 9669 3e58 D8010000 		.4byte	.Ldebug_ranges0+0x1d8
 9670 3e5c 04       		.byte	0x4
 9671 3e5d BA       		.byte	0xba
 9672 3e5e 21       		.byte	0x21
 9673 3e5f 06       		.uleb128 0x6
 9674 3e60 D0420000 		.4byte	0x42d0
ARM GAS  /tmp/ccSzEyJr.s 			page 171


 9675 3e64 56030000 		.4byte	.LLST73
 9676 3e68 4A030000 		.4byte	.LVUS73
 9677 3e6c 06       		.uleb128 0x6
 9678 3e6d C5420000 		.4byte	0x42c5
 9679 3e71 B1030000 		.4byte	.LLST74
 9680 3e75 A9030000 		.4byte	.LVUS74
 9681 3e79 06       		.uleb128 0x6
 9682 3e7a BC420000 		.4byte	0x42bc
 9683 3e7e EF030000 		.4byte	.LLST75
 9684 3e82 EB030000 		.4byte	.LVUS75
 9685 3e86 24       		.uleb128 0x24
 9686 3e87 AE420000 		.4byte	0x42ae
 9687 3e8b 68000000 		.4byte	.LBI199
 9688 3e8f 00       		.byte	.LVU351
 9689 3e90 10020000 		.4byte	.Ldebug_ranges0+0x210
 9690 3e94 04       		.byte	0x4
 9691 3e95 5C       		.byte	0x5c
 9692 3e96 0F       		.byte	0xf
 9693 3e97 F53E0000 		.4byte	0x3ef5
 9694 3e9b 06       		.uleb128 0x6
 9695 3e9c C5420000 		.4byte	0x42c5
 9696 3ea0 19040000 		.4byte	.LLST76
 9697 3ea4 17040000 		.4byte	.LVUS76
 9698 3ea8 06       		.uleb128 0x6
 9699 3ea9 D0420000 		.4byte	0x42d0
 9700 3ead 31040000 		.4byte	.LLST77
 9701 3eb1 2D040000 		.4byte	.LVUS77
 9702 3eb5 06       		.uleb128 0x6
 9703 3eb6 BC420000 		.4byte	0x42bc
 9704 3eba 54040000 		.4byte	.LLST78
 9705 3ebe 52040000 		.4byte	.LVUS78
 9706 3ec2 20       		.uleb128 0x20
 9707 3ec3 8E000000 		.4byte	.LVL100
 9708 3ec7 AD480000 		.4byte	0x48ad
 9709 3ecb 0F       		.uleb128 0xf
 9710 3ecc 01       		.uleb128 0x1
 9711 3ecd 51       		.byte	0x51
 9712 3ece 24       		.uleb128 0x24
 9713 3ecf 34       		.byte	0x34
 9714 3ed0 F3       		.byte	0xf3
 9715 3ed1 01       		.uleb128 0x1
 9716 3ed2 51       		.byte	0x51
 9717 3ed3 12       		.byte	0x12
 9718 3ed4 30       		.byte	0x30
 9719 3ed5 16       		.byte	0x16
 9720 3ed6 14       		.byte	0x14
 9721 3ed7 2B       		.byte	0x2b
 9722 3ed8 28       		.byte	0x28
 9723 3ed9 0100     		.2byte	0x1
 9724 3edb 16       		.byte	0x16
 9725 3edc 13       		.byte	0x13
 9726 3edd F3       		.byte	0xf3
 9727 3ede 01       		.uleb128 0x1
 9728 3edf 51       		.byte	0x51
 9729 3ee0 12       		.byte	0x12
 9730 3ee1 30       		.byte	0x30
 9731 3ee2 16       		.byte	0x16
ARM GAS  /tmp/ccSzEyJr.s 			page 172


 9732 3ee3 14       		.byte	0x14
 9733 3ee4 2B       		.byte	0x2b
 9734 3ee5 28       		.byte	0x28
 9735 3ee6 0100     		.2byte	0x1
 9736 3ee8 16       		.byte	0x16
 9737 3ee9 13       		.byte	0x13
 9738 3eea 34       		.byte	0x34
 9739 3eeb 2A       		.byte	0x2a
 9740 3eec 28       		.byte	0x28
 9741 3eed 0100     		.2byte	0x1
 9742 3eef 16       		.byte	0x16
 9743 3ef0 13       		.byte	0x13
 9744 3ef1 31       		.byte	0x31
 9745 3ef2 1C       		.byte	0x1c
 9746 3ef3 00       		.byte	0
 9747 3ef4 00       		.byte	0
 9748 3ef5 24       		.uleb128 0x24
 9749 3ef6 7A410000 		.4byte	0x417a
 9750 3efa AC000000 		.4byte	.LBI203
 9751 3efe 01       		.byte	.LVU382
 9752 3eff 28020000 		.4byte	.Ldebug_ranges0+0x228
 9753 3f03 04       		.byte	0x4
 9754 3f04 69       		.byte	0x69
 9755 3f05 1F       		.byte	0x1f
 9756 3f06 383F0000 		.4byte	0x3f38
 9757 3f0a 06       		.uleb128 0x6
 9758 3f0b 84410000 		.4byte	0x4184
 9759 3f0f 70040000 		.4byte	.LLST79
 9760 3f13 6C040000 		.4byte	.LVUS79
 9761 3f17 25       		.uleb128 0x25
 9762 3f18 28020000 		.4byte	.Ldebug_ranges0+0x228
 9763 3f1c 1D       		.uleb128 0x1d
 9764 3f1d 90410000 		.4byte	0x4190
 9765 3f21 96040000 		.4byte	.LLST80
 9766 3f25 8E040000 		.4byte	.LVUS80
 9767 3f29 1D       		.uleb128 0x1d
 9768 3f2a 9C410000 		.4byte	0x419c
 9769 3f2e FB040000 		.4byte	.LLST81
 9770 3f32 F5040000 		.4byte	.LVUS81
 9771 3f36 00       		.byte	0
 9772 3f37 00       		.byte	0
 9773 3f38 3E       		.uleb128 0x3e
 9774 3f39 89480000 		.4byte	0x4889
 9775 3f3d E4000000 		.4byte	.LBI212
 9776 3f41 01       		.byte	.LVU394
 9777 3f42 E4000000 		.4byte	.LBB212
 9778 3f46 1A000000 		.4byte	.LBE212-.LBB212
 9779 3f4a 04       		.byte	0x4
 9780 3f4b 69       		.byte	0x69
 9781 3f4c 1F       		.byte	0x1f
 9782 3f4d 6C3F0000 		.4byte	0x3f6c
 9783 3f51 06       		.uleb128 0x6
 9784 3f52 97480000 		.4byte	0x4897
 9785 3f56 2F050000 		.4byte	.LLST82
 9786 3f5a 2D050000 		.4byte	.LVUS82
 9787 3f5e 06       		.uleb128 0x6
 9788 3f5f A0480000 		.4byte	0x48a0
ARM GAS  /tmp/ccSzEyJr.s 			page 173


 9789 3f63 49050000 		.4byte	.LLST83
 9790 3f67 47050000 		.4byte	.LVUS83
 9791 3f6b 00       		.byte	0
 9792 3f6c 22       		.uleb128 0x22
 9793 3f6d 32410000 		.4byte	0x4132
 9794 3f71 1C010000 		.4byte	.LBI215
 9795 3f75 01       		.byte	.LVU419
 9796 3f76 58020000 		.4byte	.Ldebug_ranges0+0x258
 9797 3f7a 04       		.byte	0x4
 9798 3f7b 6F       		.byte	0x6f
 9799 3f7c 14       		.byte	0x14
 9800 3f7d 06       		.uleb128 0x6
 9801 3f7e 49410000 		.4byte	0x4149
 9802 3f82 63050000 		.4byte	.LLST84
 9803 3f86 5D050000 		.4byte	.LVUS84
 9804 3f8a 06       		.uleb128 0x6
 9805 3f8b 40410000 		.4byte	0x4140
 9806 3f8f AB050000 		.4byte	.LLST85
 9807 3f93 A9050000 		.4byte	.LVUS85
 9808 3f97 25       		.uleb128 0x25
 9809 3f98 58020000 		.4byte	.Ldebug_ranges0+0x258
 9810 3f9c 1D       		.uleb128 0x1d
 9811 3f9d 55410000 		.4byte	0x4155
 9812 3fa1 C5050000 		.4byte	.LLST86
 9813 3fa5 C3050000 		.4byte	.LVUS86
 9814 3fa9 1D       		.uleb128 0x1d
 9815 3faa 61410000 		.4byte	0x4161
 9816 3fae DB050000 		.4byte	.LLST87
 9817 3fb2 D9050000 		.4byte	.LVUS87
 9818 3fb6 1D       		.uleb128 0x1d
 9819 3fb7 6D410000 		.4byte	0x416d
 9820 3fbb F1050000 		.4byte	.LLST88
 9821 3fbf EF050000 		.4byte	.LVUS88
 9822 3fc3 42       		.uleb128 0x42
 9823 3fc4 54010000 		.4byte	.LVL117
 9824 3fc8 59480000 		.4byte	0x4859
 9825 3fcc 00       		.byte	0
 9826 3fcd 00       		.byte	0
 9827 3fce 00       		.byte	0
 9828 3fcf 00       		.byte	0
 9829 3fd0 2E       		.uleb128 0x2e
 9830 3fd1 041E0000 		.4byte	.LASF581
 9831 3fd5 04       		.byte	0x4
 9832 3fd6 B6       		.byte	0xb6
 9833 3fd7 16       		.byte	0x16
 9834 3fd8 1C000000 		.4byte	.LFB545
 9835 3fdc 40000000 		.4byte	.LFE545-.LFB545
 9836 3fe0 01       		.uleb128 0x1
 9837 3fe1 9C       		.byte	0x9c
 9838 3fe2 D1400000 		.4byte	0x40d1
 9839 3fe6 23       		.uleb128 0x23
 9840 3fe7 696E00   		.ascii	"in\000"
 9841 3fea 04       		.byte	0x4
 9842 3feb B6       		.byte	0xb6
 9843 3fec 2F       		.byte	0x2f
 9844 3fed C32D0000 		.4byte	0x2dc3
 9845 3ff1 23060000 		.4byte	.LLST63
ARM GAS  /tmp/ccSzEyJr.s 			page 174


 9846 3ff5 19060000 		.4byte	.LVUS63
 9847 3ff9 23       		.uleb128 0x23
 9848 3ffa 6F757400 		.ascii	"out\000"
 9849 3ffe 04       		.byte	0x4
 9850 3fff B6       		.byte	0xb6
 9851 4000 3A       		.byte	0x3a
 9852 4001 9B220000 		.4byte	0x229b
 9853 4005 72060000 		.4byte	.LLST64
 9854 4009 68060000 		.4byte	.LVUS64
 9855 400d 27       		.uleb128 0x27
 9856 400e 4F110000 		.4byte	.LASF582
 9857 4012 04       		.byte	0x4
 9858 4013 B6       		.byte	0xb6
 9859 4014 48       		.byte	0x48
 9860 4015 B6000000 		.4byte	0xb6
 9861 4019 BD060000 		.4byte	.LLST65
 9862 401d B7060000 		.4byte	.LVUS65
 9863 4021 22       		.uleb128 0x22
 9864 4022 DD420000 		.4byte	0x42dd
 9865 4026 1C000000 		.4byte	.LBI175
 9866 402a 02       		.byte	.LVU321
 9867 402b C0010000 		.4byte	.Ldebug_ranges0+0x1c0
 9868 402f 04       		.byte	0x4
 9869 4030 B7       		.byte	0xb7
 9870 4031 1C       		.byte	0x1c
 9871 4032 06       		.uleb128 0x6
 9872 4033 0B430000 		.4byte	0x430b
 9873 4037 EF060000 		.4byte	.LLST66
 9874 403b E9060000 		.4byte	.LVUS66
 9875 403f 06       		.uleb128 0x6
 9876 4040 FF420000 		.4byte	0x42ff
 9877 4044 25070000 		.4byte	.LLST67
 9878 4048 1B070000 		.4byte	.LVUS67
 9879 404c 06       		.uleb128 0x6
 9880 404d F4420000 		.4byte	0x42f4
 9881 4051 74070000 		.4byte	.LLST68
 9882 4055 6A070000 		.4byte	.LVUS68
 9883 4059 06       		.uleb128 0x6
 9884 405a EB420000 		.4byte	0x42eb
 9885 405e BB070000 		.4byte	.LLST69
 9886 4062 B9070000 		.4byte	.LVUS69
 9887 4066 74       		.uleb128 0x74
 9888 4067 DD420000 		.4byte	0x42dd
 9889 406b 28000000 		.4byte	.LBB177
 9890 406f 22000000 		.4byte	.LBE177-.LBB177
 9891 4073 04       		.byte	0x4
 9892 4074 51       		.byte	0x51
 9893 4075 0F       		.byte	0xf
 9894 4076 AA400000 		.4byte	0x40aa
 9895 407a 1F       		.uleb128 0x1f
 9896 407b EB420000 		.4byte	0x42eb
 9897 407f 1F       		.uleb128 0x1f
 9898 4080 0B430000 		.4byte	0x430b
 9899 4084 1F       		.uleb128 0x1f
 9900 4085 FF420000 		.4byte	0x42ff
 9901 4089 1F       		.uleb128 0x1f
 9902 408a F4420000 		.4byte	0x42f4
ARM GAS  /tmp/ccSzEyJr.s 			page 175


 9903 408e 75       		.uleb128 0x75
 9904 408f 17430000 		.4byte	0x4317
 9905 4093 28000000 		.4byte	.LBB178
 9906 4097 22000000 		.4byte	.LBE178-.LBB178
 9907 409b 1D       		.uleb128 0x1d
 9908 409c 18430000 		.4byte	0x4318
 9909 40a0 D9070000 		.4byte	.LLST70
 9910 40a4 D3070000 		.4byte	.LVUS70
 9911 40a8 00       		.byte	0
 9912 40a9 00       		.byte	0
 9913 40aa 20       		.uleb128 0x20
 9914 40ab 56000000 		.4byte	.LVL94
 9915 40af 9A460000 		.4byte	0x469a
 9916 40b3 0F       		.uleb128 0xf
 9917 40b4 01       		.uleb128 0x1
 9918 40b5 50       		.byte	0x50
 9919 40b6 02       		.uleb128 0x2
 9920 40b7 74       		.byte	0x74
 9921 40b8 00       		.sleb128 0
 9922 40b9 0F       		.uleb128 0xf
 9923 40ba 01       		.uleb128 0x1
 9924 40bb 51       		.byte	0x51
 9925 40bc 03       		.uleb128 0x3
 9926 40bd F3       		.byte	0xf3
 9927 40be 01       		.uleb128 0x1
 9928 40bf 50       		.byte	0x50
 9929 40c0 0F       		.uleb128 0xf
 9930 40c1 01       		.uleb128 0x1
 9931 40c2 52       		.byte	0x52
 9932 40c3 03       		.uleb128 0x3
 9933 40c4 F3       		.byte	0xf3
 9934 40c5 01       		.uleb128 0x1
 9935 40c6 51       		.byte	0x51
 9936 40c7 0F       		.uleb128 0xf
 9937 40c8 01       		.uleb128 0x1
 9938 40c9 53       		.byte	0x53
 9939 40ca 03       		.uleb128 0x3
 9940 40cb F3       		.byte	0xf3
 9941 40cc 01       		.uleb128 0x1
 9942 40cd 52       		.byte	0x52
 9943 40ce 00       		.byte	0
 9944 40cf 00       		.byte	0
 9945 40d0 00       		.byte	0
 9946 40d1 43       		.uleb128 0x43
 9947 40d2 C1000000 		.4byte	.LASF583
 9948 40d6 04       		.byte	0x4
 9949 40d7 B5       		.byte	0xb5
 9950 40d8 16       		.byte	0x16
 9951 40d9 43       		.uleb128 0x43
 9952 40da 86050000 		.4byte	.LASF584
 9953 40de 04       		.byte	0x4
 9954 40df B4       		.byte	0xb4
 9955 40e0 16       		.byte	0x16
 9956 40e1 43       		.uleb128 0x43
 9957 40e2 AB030000 		.4byte	.LASF585
 9958 40e6 04       		.byte	0x4
 9959 40e7 B3       		.byte	0xb3
ARM GAS  /tmp/ccSzEyJr.s 			page 176


 9960 40e8 16       		.byte	0x16
 9961 40e9 76       		.uleb128 0x76
 9962 40ea 29090000 		.4byte	.LASF632
 9963 40ee 04       		.byte	0x4
 9964 40ef B2       		.byte	0xb2
 9965 40f0 16       		.byte	0x16
 9966 40f1 01       		.byte	0x1
 9967 40f2 41       		.uleb128 0x41
 9968 40f3 17170000 		.4byte	.LASF586
 9969 40f7 04       		.byte	0x4
 9970 40f8 AF       		.byte	0xaf
 9971 40f9 18       		.byte	0x18
 9972 40fa 3A000000 		.4byte	0x3a
 9973 40fe 00000000 		.4byte	.LFB540
 9974 4102 14000000 		.4byte	.LFE540-.LFB540
 9975 4106 01       		.uleb128 0x1
 9976 4107 9C       		.byte	0x9c
 9977 4108 32410000 		.4byte	0x4132
 9978 410c 27       		.uleb128 0x27
 9979 410d 3E180000 		.4byte	.LASF587
 9980 4111 04       		.byte	0x4
 9981 4112 AF       		.byte	0xaf
 9982 4113 3D       		.byte	0x3d
 9983 4114 BD2D0000 		.4byte	0x2dbd
 9984 4118 0A080000 		.4byte	.LLST62
 9985 411c 04080000 		.4byte	.LVUS62
 9986 4120 20       		.uleb128 0x20
 9987 4121 0C000000 		.4byte	.LVL84
 9988 4125 84430000 		.4byte	0x4384
 9989 4129 0F       		.uleb128 0xf
 9990 412a 01       		.uleb128 0x1
 9991 412b 51       		.byte	0x51
 9992 412c 03       		.uleb128 0x3
 9993 412d F3       		.byte	0xf3
 9994 412e 01       		.uleb128 0x1
 9995 412f 50       		.byte	0x50
 9996 4130 00       		.byte	0
 9997 4131 00       		.byte	0
 9998 4132 11       		.uleb128 0x11
 9999 4133 B33A0000 		.4byte	0x3ab3
 10000 4137 40410000 		.4byte	0x4140
 10001 413b 03       		.byte	0x3
 10002 413c 7A410000 		.4byte	0x417a
 10003 4140 10       		.uleb128 0x10
 10004 4141 CD0F0000 		.4byte	.LASF594
 10005 4145 1F3B0000 		.4byte	0x3b1f
 10006 4149 19       		.uleb128 0x19
 10007 414a C40C0000 		.4byte	.LASF588
 10008 414e 04       		.byte	0x4
 10009 414f 9B       		.byte	0x9b
 10010 4150 23       		.byte	0x23
 10011 4151 60000000 		.4byte	0x60
 10012 4155 44       		.uleb128 0x44
 10013 4156 62706D00 		.ascii	"bpm\000"
 10014 415a 04       		.byte	0x4
 10015 415b 9C       		.byte	0x9c
 10016 415c 11       		.byte	0x11
ARM GAS  /tmp/ccSzEyJr.s 			page 177


 10017 415d AD150000 		.4byte	0x15ad
 10018 4161 2D       		.uleb128 0x2d
 10019 4162 98030000 		.4byte	.LASF590
 10020 4166 04       		.byte	0x4
 10021 4167 9D       		.byte	0x9d
 10022 4168 14       		.byte	0x14
 10023 4169 C2000000 		.4byte	0xc2
 10024 416d 2D       		.uleb128 0x2d
 10025 416e E91B0000 		.4byte	.LASF591
 10026 4172 04       		.byte	0x4
 10027 4173 9E       		.byte	0x9e
 10028 4174 14       		.byte	0x14
 10029 4175 C2000000 		.4byte	0xc2
 10030 4179 00       		.byte	0
 10031 417a 77       		.uleb128 0x77
 10032 417b 993A0000 		.4byte	0x3a99
 10033 417f 03       		.byte	0x3
 10034 4180 A9410000 		.4byte	0x41a9
 10035 4184 13       		.uleb128 0x13
 10036 4185 72617700 		.ascii	"raw\000"
 10037 4189 04       		.byte	0x4
 10038 418a 94       		.byte	0x94
 10039 418b 31       		.byte	0x31
 10040 418c 60000000 		.4byte	0x60
 10041 4190 2D       		.uleb128 0x2d
 10042 4191 A9090000 		.4byte	.LASF592
 10043 4195 04       		.byte	0x4
 10044 4196 95       		.byte	0x95
 10045 4197 11       		.byte	0x11
 10046 4198 AD150000 		.4byte	0x15ad
 10047 419c 2D       		.uleb128 0x2d
 10048 419d 29180000 		.4byte	.LASF593
 10049 41a1 04       		.byte	0x4
 10050 41a2 96       		.byte	0x96
 10051 41a3 11       		.byte	0x11
 10052 41a4 AD150000 		.4byte	0x15ad
 10053 41a8 00       		.byte	0
 10054 41a9 11       		.uleb128 0x11
 10055 41aa 6A3A0000 		.4byte	0x3a6a
 10056 41ae B7410000 		.4byte	0x41b7
 10057 41b2 03       		.byte	0x3
 10058 41b3 EC410000 		.4byte	0x41ec
 10059 41b7 10       		.uleb128 0x10
 10060 41b8 CD0F0000 		.4byte	.LASF594
 10061 41bc 1F3B0000 		.4byte	0x3b1f
 10062 41c0 13       		.uleb128 0x13
 10063 41c1 696400   		.ascii	"id\000"
 10064 41c4 04       		.byte	0x4
 10065 41c5 8E       		.byte	0x8e
 10066 41c6 22       		.byte	0x22
 10067 41c7 8B000000 		.4byte	0x8b
 10068 41cb 19       		.uleb128 0x19
 10069 41cc BC030000 		.4byte	.LASF573
 10070 41d0 04       		.byte	0x4
 10071 41d1 8E       		.byte	0x8e
 10072 41d2 2E       		.byte	0x2e
 10073 41d3 8B000000 		.4byte	0x8b
ARM GAS  /tmp/ccSzEyJr.s 			page 178


 10074 41d7 13       		.uleb128 0x13
 10075 41d8 7800     		.ascii	"x\000"
 10076 41da 04       		.byte	0x4
 10077 41db 8E       		.byte	0x8e
 10078 41dc 3E       		.byte	0x3e
 10079 41dd B6000000 		.4byte	0xb6
 10080 41e1 13       		.uleb128 0x13
 10081 41e2 7900     		.ascii	"y\000"
 10082 41e4 04       		.byte	0x4
 10083 41e5 8E       		.byte	0x8e
 10084 41e6 4A       		.byte	0x4a
 10085 41e7 B6000000 		.4byte	0xb6
 10086 41eb 00       		.byte	0
 10087 41ec 11       		.uleb128 0x11
 10088 41ed 4A3A0000 		.4byte	0x3a4a
 10089 41f1 FA410000 		.4byte	0x41fa
 10090 41f5 03       		.byte	0x3
 10091 41f6 10420000 		.4byte	0x4210
 10092 41fa 10       		.uleb128 0x10
 10093 41fb CD0F0000 		.4byte	.LASF594
 10094 41ff 1F3B0000 		.4byte	0x3b1f
 10095 4203 19       		.uleb128 0x19
 10096 4204 62110000 		.4byte	.LASF575
 10097 4208 04       		.byte	0x4
 10098 4209 8D       		.byte	0x8d
 10099 420a 27       		.byte	0x27
 10100 420b B6000000 		.4byte	0xb6
 10101 420f 00       		.byte	0
 10102 4210 11       		.uleb128 0x11
 10103 4211 2A3A0000 		.4byte	0x3a2a
 10104 4215 1E420000 		.4byte	0x421e
 10105 4219 03       		.byte	0x3
 10106 421a 34420000 		.4byte	0x4234
 10107 421e 10       		.uleb128 0x10
 10108 421f CD0F0000 		.4byte	.LASF594
 10109 4223 1F3B0000 		.4byte	0x3b1f
 10110 4227 19       		.uleb128 0x19
 10111 4228 FB0C0000 		.4byte	.LASF595
 10112 422c 04       		.byte	0x4
 10113 422d 89       		.byte	0x89
 10114 422e 21       		.byte	0x21
 10115 422f B6000000 		.4byte	0xb6
 10116 4233 00       		.byte	0
 10117 4234 11       		.uleb128 0x11
 10118 4235 013A0000 		.4byte	0x3a01
 10119 4239 42420000 		.4byte	0x4242
 10120 423d 03       		.byte	0x3
 10121 423e 7B420000 		.4byte	0x427b
 10122 4242 10       		.uleb128 0x10
 10123 4243 CD0F0000 		.4byte	.LASF594
 10124 4247 2A3B0000 		.4byte	0x3b2a
 10125 424b 13       		.uleb128 0x13
 10126 424c 696400   		.ascii	"id\000"
 10127 424f 04       		.byte	0x4
 10128 4250 80       		.byte	0x80
 10129 4251 33       		.byte	0x33
 10130 4252 8B000000 		.4byte	0x8b
ARM GAS  /tmp/ccSzEyJr.s 			page 179


 10131 4256 19       		.uleb128 0x19
 10132 4257 A3080000 		.4byte	.LASF453
 10133 425b 04       		.byte	0x4
 10134 425c 80       		.byte	0x80
 10135 425d 3F       		.byte	0x3f
 10136 425e 60000000 		.4byte	0x60
 10137 4262 53       		.uleb128 0x53
 10138 4263 78       		.uleb128 0x78
 10139 4264 DF1A0000 		.4byte	.LASF633
 10140 4268 04       		.byte	0x4
 10141 4269 82       		.byte	0x82
 10142 426a 1A       		.byte	0x1a
 10143 426b 54010000 		.4byte	.LASF634
 10144 426f 7B420000 		.4byte	0x427b
 10145 4273 05       		.uleb128 0x5
 10146 4274 03       		.byte	0x3
 10147 4275 00000000 		.4byte	_ZZNK6Effect20getParameterStrValueEhlE5names
 10148 4279 00       		.byte	0
 10149 427a 00       		.byte	0
 10150 427b 0B       		.uleb128 0xb
 10151 427c D71C0000 		.4byte	0x1cd7
 10152 4280 8B420000 		.4byte	0x428b
 10153 4284 0D       		.uleb128 0xd
 10154 4285 33000000 		.4byte	0x33
 10155 4289 04       		.byte	0x4
 10156 428a 00       		.byte	0
 10157 428b 11       		.uleb128 0x11
 10158 428c DD390000 		.4byte	0x39dd
 10159 4290 99420000 		.4byte	0x4299
 10160 4294 03       		.byte	0x3
 10161 4295 AE420000 		.4byte	0x42ae
 10162 4299 10       		.uleb128 0x10
 10163 429a CD0F0000 		.4byte	.LASF594
 10164 429e 2A3B0000 		.4byte	0x3b2a
 10165 42a2 13       		.uleb128 0x13
 10166 42a3 696400   		.ascii	"id\000"
 10167 42a6 04       		.byte	0x4
 10168 42a7 77       		.byte	0x77
 10169 42a8 2C       		.byte	0x2c
 10170 42a9 8B000000 		.4byte	0x8b
 10171 42ad 00       		.byte	0
 10172 42ae 11       		.uleb128 0x11
 10173 42af B8390000 		.4byte	0x39b8
 10174 42b3 BC420000 		.4byte	0x42bc
 10175 42b7 03       		.byte	0x3
 10176 42b8 DD420000 		.4byte	0x42dd
 10177 42bc 10       		.uleb128 0x10
 10178 42bd CD0F0000 		.4byte	.LASF594
 10179 42c1 1F3B0000 		.4byte	0x3b1f
 10180 42c5 13       		.uleb128 0x13
 10181 42c6 696400   		.ascii	"id\000"
 10182 42c9 04       		.byte	0x4
 10183 42ca 5C       		.byte	0x5c
 10184 42cb 24       		.byte	0x24
 10185 42cc 8B000000 		.4byte	0x8b
 10186 42d0 19       		.uleb128 0x19
 10187 42d1 A3080000 		.4byte	.LASF453
ARM GAS  /tmp/ccSzEyJr.s 			page 180


 10188 42d5 04       		.byte	0x4
 10189 42d6 5C       		.byte	0x5c
 10190 42d7 30       		.byte	0x30
 10191 42d8 60000000 		.4byte	0x60
 10192 42dc 00       		.byte	0
 10193 42dd 11       		.uleb128 0x11
 10194 42de 8E390000 		.4byte	0x398e
 10195 42e2 EB420000 		.4byte	0x42eb
 10196 42e6 03       		.byte	0x3
 10197 42e7 24430000 		.4byte	0x4324
 10198 42eb 10       		.uleb128 0x10
 10199 42ec CD0F0000 		.4byte	.LASF594
 10200 42f0 1F3B0000 		.4byte	0x3b1f
 10201 42f4 13       		.uleb128 0x13
 10202 42f5 696E00   		.ascii	"in\000"
 10203 42f8 04       		.byte	0x4
 10204 42f9 51       		.byte	0x51
 10205 42fa 24       		.byte	0x24
 10206 42fb C32D0000 		.4byte	0x2dc3
 10207 42ff 13       		.uleb128 0x13
 10208 4300 6F757400 		.ascii	"out\000"
 10209 4304 04       		.byte	0x4
 10210 4305 51       		.byte	0x51
 10211 4306 2F       		.byte	0x2f
 10212 4307 9B220000 		.4byte	0x229b
 10213 430b 19       		.uleb128 0x19
 10214 430c 4F110000 		.4byte	.LASF582
 10215 4310 04       		.byte	0x4
 10216 4311 51       		.byte	0x51
 10217 4312 3D       		.byte	0x3d
 10218 4313 B6000000 		.4byte	0xb6
 10219 4317 53       		.uleb128 0x53
 10220 4318 44       		.uleb128 0x44
 10221 4319 6600     		.ascii	"f\000"
 10222 431b 04       		.byte	0x4
 10223 431c 53       		.byte	0x53
 10224 431d 15       		.byte	0x15
 10225 431e B6000000 		.4byte	0xb6
 10226 4322 00       		.byte	0
 10227 4323 00       		.byte	0
 10228 4324 11       		.uleb128 0x11
 10229 4325 73390000 		.4byte	0x3973
 10230 4329 32430000 		.4byte	0x4332
 10231 432d 03       		.byte	0x3
 10232 432e 3C430000 		.4byte	0x433c
 10233 4332 10       		.uleb128 0x10
 10234 4333 CD0F0000 		.4byte	.LASF594
 10235 4337 1F3B0000 		.4byte	0x3b1f
 10236 433b 00       		.byte	0
 10237 433c 11       		.uleb128 0x11
 10238 433d 58390000 		.4byte	0x3958
 10239 4341 4A430000 		.4byte	0x434a
 10240 4345 03       		.byte	0x3
 10241 4346 54430000 		.4byte	0x4354
 10242 434a 10       		.uleb128 0x10
 10243 434b CD0F0000 		.4byte	.LASF594
 10244 434f 1F3B0000 		.4byte	0x3b1f
ARM GAS  /tmp/ccSzEyJr.s 			page 181


 10245 4353 00       		.byte	0
 10246 4354 11       		.uleb128 0x11
 10247 4355 3D390000 		.4byte	0x393d
 10248 4359 62430000 		.4byte	0x4362
 10249 435d 03       		.byte	0x3
 10250 435e 6C430000 		.4byte	0x436c
 10251 4362 10       		.uleb128 0x10
 10252 4363 CD0F0000 		.4byte	.LASF594
 10253 4367 1F3B0000 		.4byte	0x3b1f
 10254 436b 00       		.byte	0
 10255 436c 11       		.uleb128 0x11
 10256 436d 22390000 		.4byte	0x3922
 10257 4371 7A430000 		.4byte	0x437a
 10258 4375 03       		.byte	0x3
 10259 4376 84430000 		.4byte	0x4384
 10260 437a 10       		.uleb128 0x10
 10261 437b CD0F0000 		.4byte	.LASF594
 10262 437f 1F3B0000 		.4byte	0x3b1f
 10263 4383 00       		.byte	0
 10264 4384 34       		.uleb128 0x34
 10265 4385 FE380000 		.4byte	0x38fe
 10266 4389 9B430000 		.4byte	0x439b
 10267 438d 00000000 		.4byte	.LFB526
 10268 4391 1C010000 		.4byte	.LFE526-.LFB526
 10269 4395 01       		.uleb128 0x1
 10270 4396 9C       		.byte	0x9c
 10271 4397 33460000 		.4byte	0x4633
 10272 439b 35       		.uleb128 0x35
 10273 439c CD0F0000 		.4byte	.LASF594
 10274 43a0 1F3B0000 		.4byte	0x3b1f
 10275 43a4 52080000 		.4byte	.LLST37
 10276 43a8 36080000 		.4byte	.LVUS37
 10277 43ac 27       		.uleb128 0x27
 10278 43ad 3E180000 		.4byte	.LASF587
 10279 43b1 04       		.byte	0x4
 10280 43b2 22       		.byte	0x22
 10281 43b3 31       		.byte	0x31
 10282 43b4 BD2D0000 		.4byte	0x2dbd
 10283 43b8 02090000 		.4byte	.LLST38
 10284 43bc F4080000 		.4byte	.LVUS38
 10285 43c0 28       		.uleb128 0x28
 10286 43c1 201B0000 		.4byte	.LASF596
 10287 43c5 04       		.byte	0x4
 10288 43c6 35       		.byte	0x35
 10289 43c7 12       		.byte	0x12
 10290 43c8 BE150000 		.4byte	0x15be
 10291 43cc 5F090000 		.4byte	.LLST39
 10292 43d0 5D090000 		.4byte	.LVUS39
 10293 43d4 28       		.uleb128 0x28
 10294 43d5 C9110000 		.4byte	.LASF597
 10295 43d9 04       		.byte	0x4
 10296 43da 36       		.byte	0x36
 10297 43db 0C       		.byte	0xc
 10298 43dc 9B220000 		.4byte	0x229b
 10299 43e0 7B090000 		.4byte	.LLST40
 10300 43e4 77090000 		.4byte	.LVUS40
 10301 43e8 28       		.uleb128 0x28
ARM GAS  /tmp/ccSzEyJr.s 			page 182


 10302 43e9 F4110000 		.4byte	.LASF598
 10303 43ed 04       		.byte	0x4
 10304 43ee 38       		.byte	0x38
 10305 43ef 0C       		.byte	0xc
 10306 43f0 9B220000 		.4byte	0x229b
 10307 43f4 9D090000 		.4byte	.LLST41
 10308 43f8 99090000 		.4byte	.LVUS41
 10309 43fc 24       		.uleb128 0x24
 10310 43fd 00490000 		.4byte	0x4900
 10311 4401 74000000 		.4byte	.LBI129
 10312 4405 01       		.byte	.LVU232
 10313 4406 30010000 		.4byte	.Ldebug_ranges0+0x130
 10314 440a 04       		.byte	0x4
 10315 440b 3E       		.byte	0x3e
 10316 440c 14       		.byte	0x14
 10317 440d 18450000 		.4byte	0x4518
 10318 4411 06       		.uleb128 0x6
 10319 4412 2E490000 		.4byte	0x492e
 10320 4416 BD090000 		.4byte	.LLST42
 10321 441a BB090000 		.4byte	.LVUS42
 10322 441e 06       		.uleb128 0x6
 10323 441f 22490000 		.4byte	0x4922
 10324 4423 D2090000 		.4byte	.LLST43
 10325 4427 D0090000 		.4byte	.LVUS43
 10326 442b 06       		.uleb128 0x6
 10327 442c 17490000 		.4byte	0x4917
 10328 4430 E7090000 		.4byte	.LLST44
 10329 4434 E5090000 		.4byte	.LVUS44
 10330 4438 06       		.uleb128 0x6
 10331 4439 0E490000 		.4byte	0x490e
 10332 443d 010A0000 		.4byte	.LLST45
 10333 4441 FF090000 		.4byte	.LVUS45
 10334 4445 24       		.uleb128 0x24
 10335 4446 D54A0000 		.4byte	0x4ad5
 10336 444a 7E000000 		.4byte	.LBI131
 10337 444e 01       		.byte	.LVU238
 10338 444f 50010000 		.4byte	.Ldebug_ranges0+0x150
 10339 4453 02       		.byte	0x2
 10340 4454 38       		.byte	0x38
 10341 4455 10       		.byte	0x10
 10342 4456 A1440000 		.4byte	0x44a1
 10343 445a 06       		.uleb128 0x6
 10344 445b F84A0000 		.4byte	0x4af8
 10345 445f 160A0000 		.4byte	.LLST46
 10346 4463 140A0000 		.4byte	.LVUS46
 10347 4467 06       		.uleb128 0x6
 10348 4468 EC4A0000 		.4byte	0x4aec
 10349 446c 300A0000 		.4byte	.LLST47
 10350 4470 2E0A0000 		.4byte	.LVUS47
 10351 4474 06       		.uleb128 0x6
 10352 4475 E34A0000 		.4byte	0x4ae3
 10353 4479 450A0000 		.4byte	.LLST48
 10354 447d 430A0000 		.4byte	.LVUS48
 10355 4481 20       		.uleb128 0x20
 10356 4482 8A000000 		.4byte	.LVL67
 10357 4486 EE4B0000 		.4byte	0x4bee
 10358 448a 0F       		.uleb128 0xf
ARM GAS  /tmp/ccSzEyJr.s 			page 183


 10359 448b 01       		.uleb128 0x1
 10360 448c 50       		.byte	0x50
 10361 448d 02       		.uleb128 0x2
 10362 448e 77       		.byte	0x77
 10363 448f 00       		.sleb128 0
 10364 4490 0F       		.uleb128 0xf
 10365 4491 01       		.uleb128 0x1
 10366 4492 51       		.byte	0x51
 10367 4493 02       		.uleb128 0x2
 10368 4494 74       		.byte	0x74
 10369 4495 00       		.sleb128 0
 10370 4496 0F       		.uleb128 0xf
 10371 4497 01       		.uleb128 0x1
 10372 4498 52       		.byte	0x52
 10373 4499 05       		.uleb128 0x5
 10374 449a 0C       		.byte	0xc
 10375 449b 00B80B00 		.4byte	0xbb800
 10376 449f 00       		.byte	0
 10377 44a0 00       		.byte	0
 10378 44a1 3E       		.uleb128 0x3e
 10379 44a2 D54A0000 		.4byte	0x4ad5
 10380 44a6 8A000000 		.4byte	.LBI139
 10381 44aa 02       		.byte	.LVU247
 10382 44ab 8A000000 		.4byte	.LBB139
 10383 44af 12000000 		.4byte	.LBE139-.LBB139
 10384 44b3 02       		.byte	0x2
 10385 44b4 39       		.byte	0x39
 10386 44b5 10       		.byte	0x10
 10387 44b6 01450000 		.4byte	0x4501
 10388 44ba 06       		.uleb128 0x6
 10389 44bb F84A0000 		.4byte	0x4af8
 10390 44bf 5D0A0000 		.4byte	.LLST49
 10391 44c3 5B0A0000 		.4byte	.LVUS49
 10392 44c7 06       		.uleb128 0x6
 10393 44c8 EC4A0000 		.4byte	0x4aec
 10394 44cc 770A0000 		.4byte	.LLST50
 10395 44d0 750A0000 		.4byte	.LVUS50
 10396 44d4 06       		.uleb128 0x6
 10397 44d5 E34A0000 		.4byte	0x4ae3
 10398 44d9 8C0A0000 		.4byte	.LLST51
 10399 44dd 8A0A0000 		.4byte	.LVUS51
 10400 44e1 20       		.uleb128 0x20
 10401 44e2 9C000000 		.4byte	.LVL68
 10402 44e6 EE4B0000 		.4byte	0x4bee
 10403 44ea 0F       		.uleb128 0xf
 10404 44eb 01       		.uleb128 0x1
 10405 44ec 50       		.byte	0x50
 10406 44ed 02       		.uleb128 0x2
 10407 44ee 76       		.byte	0x76
 10408 44ef 00       		.sleb128 0
 10409 44f0 0F       		.uleb128 0xf
 10410 44f1 01       		.uleb128 0x1
 10411 44f2 51       		.byte	0x51
 10412 44f3 02       		.uleb128 0x2
 10413 44f4 74       		.byte	0x74
 10414 44f5 00       		.sleb128 0
 10415 44f6 0F       		.uleb128 0xf
ARM GAS  /tmp/ccSzEyJr.s 			page 184


 10416 44f7 01       		.uleb128 0x1
 10417 44f8 52       		.byte	0x52
 10418 44f9 05       		.uleb128 0x5
 10419 44fa 0C       		.byte	0xc
 10420 44fb 00B80B00 		.4byte	0xbb800
 10421 44ff 00       		.byte	0
 10422 4500 00       		.byte	0
 10423 4501 20       		.uleb128 0x20
 10424 4502 A4000000 		.4byte	.LVL69
 10425 4506 AD480000 		.4byte	0x48ad
 10426 450a 0F       		.uleb128 0xf
 10427 450b 01       		.uleb128 0x1
 10428 450c 50       		.byte	0x50
 10429 450d 02       		.uleb128 0x2
 10430 450e 75       		.byte	0x75
 10431 450f 00       		.sleb128 0
 10432 4510 0F       		.uleb128 0xf
 10433 4511 01       		.uleb128 0x1
 10434 4512 51       		.byte	0x51
 10435 4513 02       		.uleb128 0x2
 10436 4514 74       		.byte	0x74
 10437 4515 00       		.sleb128 0
 10438 4516 00       		.byte	0
 10439 4517 00       		.byte	0
 10440 4518 24       		.uleb128 0x24
 10441 4519 89480000 		.4byte	0x4889
 10442 451d C2000000 		.4byte	.LBI145
 10443 4521 04       		.byte	.LVU276
 10444 4522 78010000 		.4byte	.Ldebug_ranges0+0x178
 10445 4526 04       		.byte	0x4
 10446 4527 46       		.byte	0x46
 10447 4528 1B       		.byte	0x1b
 10448 4529 48450000 		.4byte	0x4548
 10449 452d 06       		.uleb128 0x6
 10450 452e 97480000 		.4byte	0x4897
 10451 4532 A40A0000 		.4byte	.LLST52
 10452 4536 A20A0000 		.4byte	.LVUS52
 10453 453a 06       		.uleb128 0x6
 10454 453b A0480000 		.4byte	0x48a0
 10455 453f B90A0000 		.4byte	.LLST53
 10456 4543 B70A0000 		.4byte	.LVUS53
 10457 4547 00       		.byte	0
 10458 4548 24       		.uleb128 0x24
 10459 4549 32410000 		.4byte	0x4132
 10460 454d D8000000 		.4byte	.LBI149
 10461 4551 02       		.byte	.LVU286
 10462 4552 98010000 		.4byte	.Ldebug_ranges0+0x198
 10463 4556 04       		.byte	0x4
 10464 4557 47       		.byte	0x47
 10465 4558 10       		.byte	0x10
 10466 4559 E4450000 		.4byte	0x45e4
 10467 455d 06       		.uleb128 0x6
 10468 455e 49410000 		.4byte	0x4149
 10469 4562 D30A0000 		.4byte	.LLST54
 10470 4566 D10A0000 		.4byte	.LVUS54
 10471 456a 06       		.uleb128 0x6
 10472 456b 40410000 		.4byte	0x4140
ARM GAS  /tmp/ccSzEyJr.s 			page 185


 10473 456f EB0A0000 		.4byte	.LLST55
 10474 4573 E90A0000 		.4byte	.LVUS55
 10475 4577 25       		.uleb128 0x25
 10476 4578 98010000 		.4byte	.Ldebug_ranges0+0x198
 10477 457c 1D       		.uleb128 0x1d
 10478 457d 55410000 		.4byte	0x4155
 10479 4581 000B0000 		.4byte	.LLST56
 10480 4585 FE0A0000 		.4byte	.LVUS56
 10481 4589 1D       		.uleb128 0x1d
 10482 458a 61410000 		.4byte	0x4161
 10483 458e 1A0B0000 		.4byte	.LLST57
 10484 4592 180B0000 		.4byte	.LVUS57
 10485 4596 1D       		.uleb128 0x1d
 10486 4597 6D410000 		.4byte	0x416d
 10487 459b 310B0000 		.4byte	.LLST58
 10488 459f 2F0B0000 		.4byte	.LVUS58
 10489 45a3 22       		.uleb128 0x22
 10490 45a4 59480000 		.4byte	0x4859
 10491 45a8 D8000000 		.4byte	.LBI151
 10492 45ac 07       		.byte	.LVU291
 10493 45ad 98010000 		.4byte	.Ldebug_ranges0+0x198
 10494 45b1 04       		.byte	0x4
 10495 45b2 9F       		.byte	0x9f
 10496 45b3 18       		.byte	0x18
 10497 45b4 06       		.uleb128 0x6
 10498 45b5 70480000 		.4byte	0x4870
 10499 45b9 490B0000 		.4byte	.LLST59
 10500 45bd 470B0000 		.4byte	.LVUS59
 10501 45c1 06       		.uleb128 0x6
 10502 45c2 67480000 		.4byte	0x4867
 10503 45c6 630B0000 		.4byte	.LLST60
 10504 45ca 610B0000 		.4byte	.LVUS60
 10505 45ce 25       		.uleb128 0x25
 10506 45cf 98010000 		.4byte	.Ldebug_ranges0+0x198
 10507 45d3 1D       		.uleb128 0x1d
 10508 45d4 7C480000 		.4byte	0x487c
 10509 45d8 780B0000 		.4byte	.LLST61
 10510 45dc 760B0000 		.4byte	.LVUS61
 10511 45e0 00       		.byte	0
 10512 45e1 00       		.byte	0
 10513 45e2 00       		.byte	0
 10514 45e3 00       		.byte	0
 10515 45e4 54       		.uleb128 0x54
 10516 45e5 54000000 		.4byte	.LVL60
 10517 45e9 F7450000 		.4byte	0x45f7
 10518 45ed 0F       		.uleb128 0xf
 10519 45ee 01       		.uleb128 0x1
 10520 45ef 50       		.byte	0x50
 10521 45f0 05       		.uleb128 0x5
 10522 45f1 0C       		.byte	0xc
 10523 45f2 00B80B00 		.4byte	0xbb800
 10524 45f6 00       		.byte	0
 10525 45f7 54       		.uleb128 0x54
 10526 45f8 60000000 		.4byte	.LVL62
 10527 45fc 0A460000 		.4byte	0x460a
 10528 4600 0F       		.uleb128 0xf
 10529 4601 01       		.uleb128 0x1
ARM GAS  /tmp/ccSzEyJr.s 			page 186


 10530 4602 50       		.byte	0x50
 10531 4603 05       		.uleb128 0x5
 10532 4604 0C       		.byte	0xc
 10533 4605 00B80B00 		.4byte	0xbb800
 10534 4609 00       		.byte	0
 10535 460a 42       		.uleb128 0x42
 10536 460b 6C000000 		.4byte	.LVL64
 10537 460f F74B0000 		.4byte	0x4bf7
 10538 4613 42       		.uleb128 0x42
 10539 4614 74000000 		.4byte	.LVL65
 10540 4618 034C0000 		.4byte	0x4c03
 10541 461c 20       		.uleb128 0x20
 10542 461d C2000000 		.4byte	.LVL70
 10543 4621 AD480000 		.4byte	0x48ad
 10544 4625 0F       		.uleb128 0xf
 10545 4626 01       		.uleb128 0x1
 10546 4627 50       		.byte	0x50
 10547 4628 02       		.uleb128 0x2
 10548 4629 75       		.byte	0x75
 10549 462a 00       		.sleb128 0
 10550 462b 0F       		.uleb128 0xf
 10551 462c 01       		.uleb128 0x1
 10552 462d 51       		.byte	0x51
 10553 462e 02       		.uleb128 0x2
 10554 462f 74       		.byte	0x74
 10555 4630 00       		.sleb128 0
 10556 4631 00       		.byte	0
 10557 4632 00       		.byte	0
 10558 4633 11       		.uleb128 0x11
 10559 4634 DA380000 		.4byte	0x38da
 10560 4638 41460000 		.4byte	0x4641
 10561 463c 02       		.byte	0x2
 10562 463d 54460000 		.4byte	0x4654
 10563 4641 10       		.uleb128 0x10
 10564 4642 CD0F0000 		.4byte	.LASF594
 10565 4646 1F3B0000 		.4byte	0x3b1f
 10566 464a 10       		.uleb128 0x10
 10567 464b C01D0000 		.4byte	.LASF599
 10568 464f 4D010000 		.4byte	0x14d
 10569 4653 00       		.byte	0
 10570 4654 36       		.uleb128 0x36
 10571 4655 33460000 		.4byte	0x4633
 10572 4659 261C0000 		.4byte	.LASF600
 10573 465d 65460000 		.4byte	0x4665
 10574 4661 6B460000 		.4byte	0x466b
 10575 4665 1F       		.uleb128 0x1f
 10576 4666 41460000 		.4byte	0x4641
 10577 466a 00       		.byte	0
 10578 466b 11       		.uleb128 0x11
 10579 466c BB380000 		.4byte	0x38bb
 10580 4670 79460000 		.4byte	0x4679
 10581 4674 02       		.byte	0x2
 10582 4675 83460000 		.4byte	0x4683
 10583 4679 10       		.uleb128 0x10
 10584 467a CD0F0000 		.4byte	.LASF594
 10585 467e 1F3B0000 		.4byte	0x3b1f
 10586 4682 00       		.byte	0
ARM GAS  /tmp/ccSzEyJr.s 			page 187


 10587 4683 36       		.uleb128 0x36
 10588 4684 6B460000 		.4byte	0x466b
 10589 4688 BE1A0000 		.4byte	.LASF601
 10590 468c 94460000 		.4byte	0x4694
 10591 4690 9A460000 		.4byte	0x469a
 10592 4694 1F       		.uleb128 0x1f
 10593 4695 79460000 		.4byte	0x4679
 10594 4699 00       		.byte	0
 10595 469a 34       		.uleb128 0x34
 10596 469b 0D380000 		.4byte	0x380d
 10597 469f B1460000 		.4byte	0x46b1
 10598 46a3 00000000 		.4byte	.LFB505
 10599 46a7 1C010000 		.4byte	.LFE505-.LFB505
 10600 46ab 01       		.uleb128 0x1
 10601 46ac 9C       		.byte	0x9c
 10602 46ad 59480000 		.4byte	0x4859
 10603 46b1 35       		.uleb128 0x35
 10604 46b2 CD0F0000 		.4byte	.LASF594
 10605 46b6 99380000 		.4byte	0x3899
 10606 46ba 960B0000 		.4byte	.LLST20
 10607 46be 900B0000 		.4byte	.LVUS20
 10608 46c2 23       		.uleb128 0x23
 10609 46c3 696E00   		.ascii	"in\000"
 10610 46c6 02       		.byte	0x2
 10611 46c7 4D       		.byte	0x4d
 10612 46c8 1D       		.byte	0x1d
 10613 46c9 C32D0000 		.4byte	0x2dc3
 10614 46cd C60B0000 		.4byte	.LLST21
 10615 46d1 C20B0000 		.4byte	.LVUS21
 10616 46d5 23       		.uleb128 0x23
 10617 46d6 6F757400 		.ascii	"out\000"
 10618 46da 02       		.byte	0x2
 10619 46db 4D       		.byte	0x4d
 10620 46dc 28       		.byte	0x28
 10621 46dd 9B220000 		.4byte	0x229b
 10622 46e1 EB0B0000 		.4byte	.LLST22
 10623 46e5 E70B0000 		.4byte	.LVUS22
 10624 46e9 27       		.uleb128 0x27
 10625 46ea 4F110000 		.4byte	.LASF582
 10626 46ee 02       		.byte	0x2
 10627 46ef 4D       		.byte	0x4d
 10628 46f0 36       		.byte	0x36
 10629 46f1 B6000000 		.4byte	0xb6
 10630 46f5 120C0000 		.4byte	.LLST23
 10631 46f9 0C0C0000 		.4byte	.LVUS23
 10632 46fd 25       		.uleb128 0x25
 10633 46fe 18000000 		.4byte	.Ldebug_ranges0+0x18
 10634 4702 15       		.uleb128 0x15
 10635 4703 6600     		.ascii	"f\000"
 10636 4705 02       		.byte	0x2
 10637 4706 4E       		.byte	0x4e
 10638 4707 13       		.byte	0x13
 10639 4708 B6000000 		.4byte	0xb6
 10640 470c 460C0000 		.4byte	.LLST24
 10641 4710 3E0C0000 		.4byte	.LVUS24
 10642 4714 25       		.uleb128 0x25
 10643 4715 38000000 		.4byte	.Ldebug_ranges0+0x38
ARM GAS  /tmp/ccSzEyJr.s 			page 188


 10644 4719 28       		.uleb128 0x28
 10645 471a C3150000 		.4byte	.LASF602
 10646 471e 02       		.byte	0x2
 10647 471f 52       		.byte	0x52
 10648 4720 0D       		.byte	0xd
 10649 4721 25000000 		.4byte	0x25
 10650 4725 810C0000 		.4byte	.LLST25
 10651 4729 7D0C0000 		.4byte	.LVUS25
 10652 472d 28       		.uleb128 0x28
 10653 472e F4120000 		.4byte	.LASF603
 10654 4732 02       		.byte	0x2
 10655 4733 52       		.byte	0x52
 10656 4734 19       		.byte	0x19
 10657 4735 25000000 		.4byte	0x25
 10658 4739 A90C0000 		.4byte	.LLST26
 10659 473d A50C0000 		.4byte	.LVUS26
 10660 4741 15       		.uleb128 0x15
 10661 4742 6E00     		.ascii	"n\000"
 10662 4744 02       		.byte	0x2
 10663 4745 53       		.byte	0x53
 10664 4746 0B       		.byte	0xb
 10665 4747 2C000000 		.4byte	0x2c
 10666 474b CF0C0000 		.4byte	.LLST27
 10667 474f CD0C0000 		.4byte	.LVUS27
 10668 4753 79       		.uleb128 0x79
 10669 4754 60000000 		.4byte	.Ldebug_ranges0+0x60
 10670 4758 FA470000 		.4byte	0x47fa
 10671 475c 15       		.uleb128 0x15
 10672 475d 7400     		.ascii	"t\000"
 10673 475f 02       		.byte	0x2
 10674 4760 55       		.byte	0x55
 10675 4761 10       		.byte	0x10
 10676 4762 2C000000 		.4byte	0x2c
 10677 4766 E80C0000 		.4byte	.LLST28
 10678 476a E20C0000 		.4byte	.LVUS28
 10679 476e 25       		.uleb128 0x25
 10680 476f 88000000 		.4byte	.Ldebug_ranges0+0x88
 10681 4773 28       		.uleb128 0x28
 10682 4774 48030000 		.4byte	.LASF604
 10683 4778 02       		.byte	0x2
 10684 4779 57       		.byte	0x57
 10685 477a 0F       		.byte	0xf
 10686 477b 25000000 		.4byte	0x25
 10687 477f 170D0000 		.4byte	.LLST29
 10688 4783 130D0000 		.4byte	.LVUS29
 10689 4787 24       		.uleb128 0x24
 10690 4788 344B0000 		.4byte	0x4b34
 10691 478c 9C000000 		.4byte	.LBI80
 10692 4790 00       		.byte	.LVU157
 10693 4791 B0000000 		.4byte	.Ldebug_ranges0+0xb0
 10694 4795 02       		.byte	0x2
 10695 4796 57       		.byte	0x57
 10696 4797 1D       		.byte	0x1d
 10697 4798 C4470000 		.4byte	0x47c4
 10698 479c 06       		.uleb128 0x6
 10699 479d 5E4B0000 		.4byte	0x4b5e
 10700 47a1 3B0D0000 		.4byte	.LLST30
ARM GAS  /tmp/ccSzEyJr.s 			page 189


 10701 47a5 370D0000 		.4byte	.LVUS30
 10702 47a9 06       		.uleb128 0x6
 10703 47aa 534B0000 		.4byte	0x4b53
 10704 47ae 670D0000 		.4byte	.LLST31
 10705 47b2 630D0000 		.4byte	.LVUS31
 10706 47b6 06       		.uleb128 0x6
 10707 47b7 494B0000 		.4byte	0x4b49
 10708 47bb 970D0000 		.4byte	.LLST32
 10709 47bf 8F0D0000 		.4byte	.LVUS32
 10710 47c3 00       		.byte	0
 10711 47c4 7A       		.uleb128 0x7a
 10712 47c5 C2000000 		.4byte	.LVL42
 10713 47c9 6A490000 		.4byte	0x496a
 10714 47cd E0470000 		.4byte	0x47e0
 10715 47d1 0F       		.uleb128 0xf
 10716 47d2 01       		.uleb128 0x1
 10717 47d3 50       		.byte	0x50
 10718 47d4 02       		.uleb128 0x2
 10719 47d5 7B       		.byte	0x7b
 10720 47d6 00       		.sleb128 0
 10721 47d7 0F       		.uleb128 0xf
 10722 47d8 02       		.uleb128 0x2
 10723 47d9 90       		.byte	0x90
 10724 47da 40       		.uleb128 0x40
 10725 47db 03       		.uleb128 0x3
 10726 47dc F5       		.byte	0xf5
 10727 47dd 50       		.uleb128 0x50
 10728 47de 25       		.uleb128 0x25
 10729 47df 00       		.byte	0
 10730 47e0 20       		.uleb128 0x20
 10731 47e1 DC000000 		.4byte	.LVL44
 10732 47e5 6A490000 		.4byte	0x496a
 10733 47e9 0F       		.uleb128 0xf
 10734 47ea 01       		.uleb128 0x1
 10735 47eb 50       		.byte	0x50
 10736 47ec 02       		.uleb128 0x2
 10737 47ed 79       		.byte	0x79
 10738 47ee 00       		.sleb128 0
 10739 47ef 0F       		.uleb128 0xf
 10740 47f0 02       		.uleb128 0x2
 10741 47f1 90       		.byte	0x90
 10742 47f2 40       		.uleb128 0x40
 10743 47f3 03       		.uleb128 0x3
 10744 47f4 F5       		.byte	0xf5
 10745 47f5 50       		.uleb128 0x50
 10746 47f6 25       		.uleb128 0x25
 10747 47f7 00       		.byte	0
 10748 47f8 00       		.byte	0
 10749 47f9 00       		.byte	0
 10750 47fa 24       		.uleb128 0x24
 10751 47fb B34A0000 		.4byte	0x4ab3
 10752 47ff 34000000 		.4byte	.LBI91
 10753 4803 00       		.byte	.LVU117
 10754 4804 D8000000 		.4byte	.Ldebug_ranges0+0xd8
 10755 4808 02       		.byte	0x2
 10756 4809 4F       		.byte	0x4f
 10757 480a 13       		.byte	0x13
ARM GAS  /tmp/ccSzEyJr.s 			page 190


 10758 480b 2A480000 		.4byte	0x482a
 10759 480f 06       		.uleb128 0x6
 10760 4810 CA4A0000 		.4byte	0x4aca
 10761 4814 E50D0000 		.4byte	.LLST33
 10762 4818 DF0D0000 		.4byte	.LVUS33
 10763 481c 06       		.uleb128 0x6
 10764 481d C14A0000 		.4byte	0x4ac1
 10765 4821 1B0E0000 		.4byte	.LLST34
 10766 4825 190E0000 		.4byte	.LVUS34
 10767 4829 00       		.byte	0
 10768 482a 22       		.uleb128 0x22
 10769 482b B34A0000 		.4byte	0x4ab3
 10770 482f 5C000000 		.4byte	.LBI103
 10771 4833 02       		.byte	.LVU134
 10772 4834 10010000 		.4byte	.Ldebug_ranges0+0x110
 10773 4838 02       		.byte	0x2
 10774 4839 50       		.byte	0x50
 10775 483a 13       		.byte	0x13
 10776 483b 06       		.uleb128 0x6
 10777 483c CA4A0000 		.4byte	0x4aca
 10778 4840 340E0000 		.4byte	.LLST35
 10779 4844 2E0E0000 		.4byte	.LVUS35
 10780 4848 06       		.uleb128 0x6
 10781 4849 C14A0000 		.4byte	0x4ac1
 10782 484d 690E0000 		.4byte	.LLST36
 10783 4851 670E0000 		.4byte	.LVUS36
 10784 4855 00       		.byte	0
 10785 4856 00       		.byte	0
 10786 4857 00       		.byte	0
 10787 4858 00       		.byte	0
 10788 4859 11       		.uleb128 0x11
 10789 485a ED370000 		.4byte	0x37ed
 10790 485e 67480000 		.4byte	0x4867
 10791 4862 03       		.byte	0x3
 10792 4863 89480000 		.4byte	0x4889
 10793 4867 10       		.uleb128 0x10
 10794 4868 CD0F0000 		.4byte	.LASF594
 10795 486c 99380000 		.4byte	0x3899
 10796 4870 19       		.uleb128 0x19
 10797 4871 FB0C0000 		.4byte	.LASF595
 10798 4875 02       		.byte	0x2
 10799 4876 47       		.byte	0x47
 10800 4877 1A       		.byte	0x1a
 10801 4878 B6000000 		.4byte	0xb6
 10802 487c 44       		.uleb128 0x44
 10803 487d 62706D00 		.ascii	"bpm\000"
 10804 4881 02       		.byte	0x2
 10805 4882 48       		.byte	0x48
 10806 4883 0B       		.byte	0xb
 10807 4884 25000000 		.4byte	0x25
 10808 4888 00       		.byte	0
 10809 4889 11       		.uleb128 0x11
 10810 488a CD370000 		.4byte	0x37cd
 10811 488e 97480000 		.4byte	0x4897
 10812 4892 03       		.byte	0x3
 10813 4893 AD480000 		.4byte	0x48ad
 10814 4897 10       		.uleb128 0x10
ARM GAS  /tmp/ccSzEyJr.s 			page 191


 10815 4898 CD0F0000 		.4byte	.LASF594
 10816 489c 99380000 		.4byte	0x3899
 10817 48a0 19       		.uleb128 0x19
 10818 48a1 A9090000 		.4byte	.LASF592
 10819 48a5 02       		.byte	0x2
 10820 48a6 43       		.byte	0x43
 10821 48a7 1A       		.byte	0x1a
 10822 48a8 25000000 		.4byte	0x25
 10823 48ac 00       		.byte	0
 10824 48ad 34       		.uleb128 0x34
 10825 48ae AD370000 		.4byte	0x37ad
 10826 48b2 C4480000 		.4byte	0x48c4
 10827 48b6 00000000 		.4byte	.LFB502
 10828 48ba 2C000000 		.4byte	.LFE502-.LFB502
 10829 48be 01       		.uleb128 0x1
 10830 48bf 9C       		.byte	0x9c
 10831 48c0 00490000 		.4byte	0x4900
 10832 48c4 35       		.uleb128 0x35
 10833 48c5 CD0F0000 		.4byte	.LASF594
 10834 48c9 99380000 		.4byte	0x3899
 10835 48cd 820E0000 		.4byte	.LLST16
 10836 48d1 7C0E0000 		.4byte	.LVUS16
 10837 48d5 23       		.uleb128 0x23
 10838 48d6 7000     		.ascii	"p\000"
 10839 48d8 02       		.byte	0x2
 10840 48d9 3D       		.byte	0x3d
 10841 48da 16       		.byte	0x16
 10842 48db 2C000000 		.4byte	0x2c
 10843 48df B40E0000 		.4byte	.LLST17
 10844 48e3 B00E0000 		.4byte	.LVUS17
 10845 48e7 25       		.uleb128 0x25
 10846 48e8 00000000 		.4byte	.Ldebug_ranges0+0
 10847 48ec 15       		.uleb128 0x15
 10848 48ed 6900     		.ascii	"i\000"
 10849 48ef 02       		.byte	0x2
 10850 48f0 3F       		.byte	0x3f
 10851 48f1 0E       		.byte	0xe
 10852 48f2 2C000000 		.4byte	0x2c
 10853 48f6 D70E0000 		.4byte	.LLST18
 10854 48fa D50E0000 		.4byte	.LVUS18
 10855 48fe 00       		.byte	0
 10856 48ff 00       		.byte	0
 10857 4900 11       		.uleb128 0x11
 10858 4901 83370000 		.4byte	0x3783
 10859 4905 0E490000 		.4byte	0x490e
 10860 4909 03       		.byte	0x3
 10861 490a 3B490000 		.4byte	0x493b
 10862 490e 10       		.uleb128 0x10
 10863 490f CD0F0000 		.4byte	.LASF594
 10864 4913 99380000 		.4byte	0x3899
 10865 4917 13       		.uleb128 0x13
 10866 4918 737200   		.ascii	"sr\000"
 10867 491b 02       		.byte	0x2
 10868 491c 36       		.byte	0x36
 10869 491d 13       		.byte	0x13
 10870 491e 25000000 		.4byte	0x25
 10871 4922 19       		.uleb128 0x19
ARM GAS  /tmp/ccSzEyJr.s 			page 192


 10872 4923 C9110000 		.4byte	.LASF597
 10873 4927 02       		.byte	0x2
 10874 4928 36       		.byte	0x36
 10875 4929 1E       		.byte	0x1e
 10876 492a 9B220000 		.4byte	0x229b
 10877 492e 19       		.uleb128 0x19
 10878 492f F4110000 		.4byte	.LASF598
 10879 4933 02       		.byte	0x2
 10880 4934 36       		.byte	0x36
 10881 4935 2B       		.byte	0x2b
 10882 4936 9B220000 		.4byte	0x229b
 10883 493a 00       		.byte	0
 10884 493b 11       		.uleb128 0x11
 10885 493c 64370000 		.4byte	0x3764
 10886 4940 49490000 		.4byte	0x4949
 10887 4944 02       		.byte	0x2
 10888 4945 53490000 		.4byte	0x4953
 10889 4949 10       		.uleb128 0x10
 10890 494a CD0F0000 		.4byte	.LASF594
 10891 494e 99380000 		.4byte	0x3899
 10892 4952 00       		.byte	0
 10893 4953 36       		.uleb128 0x36
 10894 4954 3B490000 		.4byte	0x493b
 10895 4958 AA1B0000 		.4byte	.LASF605
 10896 495c 64490000 		.4byte	0x4964
 10897 4960 6A490000 		.4byte	0x496a
 10898 4964 1F       		.uleb128 0x1f
 10899 4965 49490000 		.4byte	0x4949
 10900 4969 00       		.byte	0
 10901 496a 34       		.uleb128 0x34
 10902 496b 30360000 		.4byte	0x3630
 10903 496f 81490000 		.4byte	0x4981
 10904 4973 00000000 		.4byte	.LFB488
 10905 4977 DC000000 		.4byte	.LFE488-.LFB488
 10906 497b 01       		.uleb128 0x1
 10907 497c 9C       		.byte	0x9c
 10908 497d B34A0000 		.4byte	0x4ab3
 10909 4981 35       		.uleb128 0x35
 10910 4982 CD0F0000 		.4byte	.LASF594
 10911 4986 D0360000 		.4byte	0x36d0
 10912 498a EF0E0000 		.4byte	.LLST0
 10913 498e EB0E0000 		.4byte	.LVUS0
 10914 4992 27       		.uleb128 0x27
 10915 4993 B10A0000 		.4byte	.LASF606
 10916 4997 01       		.byte	0x1
 10917 4998 2A       		.byte	0x2a
 10918 4999 1B       		.byte	0x1b
 10919 499a 25000000 		.4byte	0x25
 10920 499e 140F0000 		.4byte	.LLST1
 10921 49a2 100F0000 		.4byte	.LVUS1
 10922 49a6 15       		.uleb128 0x15
 10923 49a7 706F7300 		.ascii	"pos\000"
 10924 49ab 01       		.byte	0x1
 10925 49ac 2B       		.byte	0x2b
 10926 49ad 0B       		.byte	0xb
 10927 49ae 25000000 		.4byte	0x25
 10928 49b2 3A0F0000 		.4byte	.LLST2
ARM GAS  /tmp/ccSzEyJr.s 			page 193


 10929 49b6 380F0000 		.4byte	.LVUS2
 10930 49ba 15       		.uleb128 0x15
 10931 49bb 693100   		.ascii	"i1\000"
 10932 49be 01       		.byte	0x1
 10933 49bf 2F       		.byte	0x2f
 10934 49c0 0B       		.byte	0xb
 10935 49c1 2C000000 		.4byte	0x2c
 10936 49c5 540F0000 		.4byte	.LLST3
 10937 49c9 4E0F0000 		.4byte	.LVUS3
 10938 49cd 28       		.uleb128 0x28
 10939 49ce EE180000 		.4byte	.LASF402
 10940 49d2 01       		.byte	0x1
 10941 49d3 30       		.byte	0x30
 10942 49d4 0B       		.byte	0xb
 10943 49d5 25000000 		.4byte	0x25
 10944 49d9 830F0000 		.4byte	.LLST4
 10945 49dd 810F0000 		.4byte	.LVUS4
 10946 49e1 15       		.uleb128 0x15
 10947 49e2 693000   		.ascii	"i0\000"
 10948 49e5 01       		.byte	0x1
 10949 49e6 31       		.byte	0x31
 10950 49e7 0B       		.byte	0xb
 10951 49e8 2C000000 		.4byte	0x2c
 10952 49ec 9D0F0000 		.4byte	.LLST5
 10953 49f0 970F0000 		.4byte	.LVUS5
 10954 49f4 15       		.uleb128 0x15
 10955 49f5 693200   		.ascii	"i2\000"
 10956 49f8 01       		.byte	0x1
 10957 49f9 32       		.byte	0x32
 10958 49fa 0B       		.byte	0xb
 10959 49fb 2C000000 		.4byte	0x2c
 10960 49ff F60F0000 		.4byte	.LLST6
 10961 4a03 F00F0000 		.4byte	.LVUS6
 10962 4a07 15       		.uleb128 0x15
 10963 4a08 693300   		.ascii	"i3\000"
 10964 4a0b 01       		.byte	0x1
 10965 4a0c 33       		.byte	0x33
 10966 4a0d 0B       		.byte	0xb
 10967 4a0e 2C000000 		.4byte	0x2c
 10968 4a12 40100000 		.4byte	.LLST7
 10969 4a16 3A100000 		.4byte	.LVUS7
 10970 4a1a 15       		.uleb128 0x15
 10971 4a1b 703000   		.ascii	"p0\000"
 10972 4a1e 01       		.byte	0x1
 10973 4a1f 35       		.byte	0x35
 10974 4a20 0B       		.byte	0xb
 10975 4a21 25000000 		.4byte	0x25
 10976 4a25 88100000 		.4byte	.LLST8
 10977 4a29 84100000 		.4byte	.LVUS8
 10978 4a2d 15       		.uleb128 0x15
 10979 4a2e 703100   		.ascii	"p1\000"
 10980 4a31 01       		.byte	0x1
 10981 4a32 35       		.byte	0x35
 10982 4a33 1A       		.byte	0x1a
 10983 4a34 25000000 		.4byte	0x25
 10984 4a38 C6100000 		.4byte	.LLST9
 10985 4a3c C2100000 		.4byte	.LVUS9
ARM GAS  /tmp/ccSzEyJr.s 			page 194


 10986 4a40 15       		.uleb128 0x15
 10987 4a41 703200   		.ascii	"p2\000"
 10988 4a44 01       		.byte	0x1
 10989 4a45 35       		.byte	0x35
 10990 4a46 29       		.byte	0x29
 10991 4a47 25000000 		.4byte	0x25
 10992 4a4b F1100000 		.4byte	.LLST10
 10993 4a4f ED100000 		.4byte	.LVUS10
 10994 4a53 15       		.uleb128 0x15
 10995 4a54 703300   		.ascii	"p3\000"
 10996 4a57 01       		.byte	0x1
 10997 4a58 35       		.byte	0x35
 10998 4a59 38       		.byte	0x38
 10999 4a5a 25000000 		.4byte	0x25
 11000 4a5e 25110000 		.4byte	.LLST11
 11001 4a62 21110000 		.4byte	.LVUS11
 11002 4a66 15       		.uleb128 0x15
 11003 4a67 633000   		.ascii	"c0\000"
 11004 4a6a 01       		.byte	0x1
 11005 4a6b 36       		.byte	0x36
 11006 4a6c 0B       		.byte	0xb
 11007 4a6d 25000000 		.4byte	0x25
 11008 4a71 49110000 		.4byte	.LLST12
 11009 4a75 45110000 		.4byte	.LVUS12
 11010 4a79 15       		.uleb128 0x15
 11011 4a7a 633100   		.ascii	"c1\000"
 11012 4a7d 01       		.byte	0x1
 11013 4a7e 37       		.byte	0x37
 11014 4a7f 0B       		.byte	0xb
 11015 4a80 25000000 		.4byte	0x25
 11016 4a84 72110000 		.4byte	.LLST13
 11017 4a88 70110000 		.4byte	.LVUS13
 11018 4a8c 15       		.uleb128 0x15
 11019 4a8d 633200   		.ascii	"c2\000"
 11020 4a90 01       		.byte	0x1
 11021 4a91 38       		.byte	0x38
 11022 4a92 0B       		.byte	0xb
 11023 4a93 25000000 		.4byte	0x25
 11024 4a97 92110000 		.4byte	.LLST14
 11025 4a9b 90110000 		.4byte	.LVUS14
 11026 4a9f 15       		.uleb128 0x15
 11027 4aa0 633300   		.ascii	"c3\000"
 11028 4aa3 01       		.byte	0x1
 11029 4aa4 39       		.byte	0x39
 11030 4aa5 0B       		.byte	0xb
 11031 4aa6 25000000 		.4byte	0x25
 11032 4aaa A8110000 		.4byte	.LLST15
 11033 4aae A6110000 		.4byte	.LVUS15
 11034 4ab2 00       		.byte	0
 11035 4ab3 11       		.uleb128 0x11
 11036 4ab4 EC350000 		.4byte	0x35ec
 11037 4ab8 C14A0000 		.4byte	0x4ac1
 11038 4abc 03       		.byte	0x3
 11039 4abd D54A0000 		.4byte	0x4ad5
 11040 4ac1 10       		.uleb128 0x10
 11041 4ac2 CD0F0000 		.4byte	.LASF594
 11042 4ac6 C5360000 		.4byte	0x36c5
ARM GAS  /tmp/ccSzEyJr.s 			page 195


 11043 4aca 13       		.uleb128 0x13
 11044 4acb 7300     		.ascii	"s\000"
 11045 4acd 01       		.byte	0x1
 11046 4ace 16       		.byte	0x16
 11047 4acf 14       		.byte	0x14
 11048 4ad0 25000000 		.4byte	0x25
 11049 4ad4 00       		.byte	0
 11050 4ad5 11       		.uleb128 0x11
 11051 4ad6 C7350000 		.4byte	0x35c7
 11052 4ada E34A0000 		.4byte	0x4ae3
 11053 4ade 03       		.byte	0x3
 11054 4adf 054B0000 		.4byte	0x4b05
 11055 4ae3 10       		.uleb128 0x10
 11056 4ae4 CD0F0000 		.4byte	.LASF594
 11057 4ae8 C5360000 		.4byte	0x36c5
 11058 4aec 13       		.uleb128 0x13
 11059 4aed 62756600 		.ascii	"buf\000"
 11060 4af1 01       		.byte	0x1
 11061 4af2 0E       		.byte	0xe
 11062 4af3 14       		.byte	0x14
 11063 4af4 9B220000 		.4byte	0x229b
 11064 4af8 13       		.uleb128 0x13
 11065 4af9 6C656E00 		.ascii	"len\000"
 11066 4afd 01       		.byte	0x1
 11067 4afe 0E       		.byte	0xe
 11068 4aff 20       		.byte	0x20
 11069 4b00 B2150000 		.4byte	0x15b2
 11070 4b04 00       		.byte	0
 11071 4b05 11       		.uleb128 0x11
 11072 4b06 A8350000 		.4byte	0x35a8
 11073 4b0a 134B0000 		.4byte	0x4b13
 11074 4b0e 02       		.byte	0x2
 11075 4b0f 1D4B0000 		.4byte	0x4b1d
 11076 4b13 10       		.uleb128 0x10
 11077 4b14 CD0F0000 		.4byte	.LASF594
 11078 4b18 C5360000 		.4byte	0x36c5
 11079 4b1c 00       		.byte	0
 11080 4b1d 36       		.uleb128 0x36
 11081 4b1e 054B0000 		.4byte	0x4b05
 11082 4b22 3E160000 		.4byte	.LASF607
 11083 4b26 2E4B0000 		.4byte	0x4b2e
 11084 4b2a 344B0000 		.4byte	0x4b34
 11085 4b2e 1F       		.uleb128 0x1f
 11086 4b2f 134B0000 		.4byte	0x4b13
 11087 4b33 00       		.byte	0
 11088 4b34 7B       		.uleb128 0x7b
 11089 4b35 42140000 		.4byte	.LASF608
 11090 4b39 03       		.byte	0x3
 11091 4b3a 5D       		.byte	0x5d
 11092 4b3b 0E       		.byte	0xe
 11093 4b3c C8040000 		.4byte	.LASF609
 11094 4b40 25000000 		.4byte	0x25
 11095 4b44 03       		.byte	0x3
 11096 4b45 6A4B0000 		.4byte	0x4b6a
 11097 4b49 13       		.uleb128 0x13
 11098 4b4a 7600     		.ascii	"v\000"
 11099 4b4c 03       		.byte	0x3
ARM GAS  /tmp/ccSzEyJr.s 			page 196


 11100 4b4d 5D       		.byte	0x5d
 11101 4b4e 1B       		.byte	0x1b
 11102 4b4f 25000000 		.4byte	0x25
 11103 4b53 13       		.uleb128 0x13
 11104 4b54 6C6F00   		.ascii	"lo\000"
 11105 4b57 03       		.byte	0x3
 11106 4b58 5D       		.byte	0x5d
 11107 4b59 24       		.byte	0x24
 11108 4b5a 25000000 		.4byte	0x25
 11109 4b5e 13       		.uleb128 0x13
 11110 4b5f 686900   		.ascii	"hi\000"
 11111 4b62 03       		.byte	0x3
 11112 4b63 5D       		.byte	0x5d
 11113 4b64 2E       		.byte	0x2e
 11114 4b65 25000000 		.4byte	0x25
 11115 4b69 00       		.byte	0
 11116 4b6a 7C       		.uleb128 0x7c
 11117 4b6b 25050000 		.4byte	.LASF611
 11118 4b6f 05       		.byte	0x5
 11119 4b70 4D       		.byte	0x4d
 11120 4b71 09       		.byte	0x9
 11121 4b72 60000000 		.4byte	0x60
 11122 4b76 03       		.byte	0x3
 11123 4b77 9E4B0000 		.4byte	0x4b9e
 11124 4b7b 13       		.uleb128 0x13
 11125 4b7c 6D696E00 		.ascii	"min\000"
 11126 4b80 05       		.byte	0x5
 11127 4b81 4D       		.byte	0x4d
 11128 4b82 25       		.byte	0x25
 11129 4b83 6C000000 		.4byte	0x6c
 11130 4b87 13       		.uleb128 0x13
 11131 4b88 7800     		.ascii	"x\000"
 11132 4b8a 05       		.byte	0x5
 11133 4b8b 4D       		.byte	0x4d
 11134 4b8c 38       		.byte	0x38
 11135 4b8d 6C000000 		.4byte	0x6c
 11136 4b91 13       		.uleb128 0x13
 11137 4b92 6D617800 		.ascii	"max\000"
 11138 4b96 05       		.byte	0x5
 11139 4b97 4D       		.byte	0x4d
 11140 4b98 49       		.byte	0x49
 11141 4b99 6C000000 		.4byte	0x6c
 11142 4b9d 00       		.byte	0
 11143 4b9e 14       		.uleb128 0x14
 11144 4b9f 02       		.byte	0x2
 11145 4ba0 10       		.byte	0x10
 11146 4ba1 D11C0000 		.4byte	.LASF612
 11147 4ba5 14       		.uleb128 0x14
 11148 4ba6 04       		.byte	0x4
 11149 4ba7 10       		.byte	0x10
 11150 4ba8 D20F0000 		.4byte	.LASF613
 11151 4bac 7D       		.uleb128 0x7d
 11152 4bad 59480000 		.4byte	0x4859
 11153 4bb1 92040000 		.4byte	.LASF524
 11154 4bb5 00000000 		.4byte	.LFB504
 11155 4bb9 54000000 		.4byte	.LFE504-.LFB504
 11156 4bbd 01       		.uleb128 0x1
ARM GAS  /tmp/ccSzEyJr.s 			page 197


 11157 4bbe 9C       		.byte	0x9c
 11158 4bbf DF4B0000 		.4byte	0x4bdf
 11159 4bc3 33       		.uleb128 0x33
 11160 4bc4 67480000 		.4byte	0x4867
 11161 4bc8 01       		.uleb128 0x1
 11162 4bc9 50       		.byte	0x50
 11163 4bca 33       		.uleb128 0x33
 11164 4bcb 70480000 		.4byte	0x4870
 11165 4bcf 01       		.uleb128 0x1
 11166 4bd0 51       		.byte	0x51
 11167 4bd1 1D       		.uleb128 0x1d
 11168 4bd2 7C480000 		.4byte	0x487c
 11169 4bd6 BE110000 		.4byte	.LLST19
 11170 4bda BC110000 		.4byte	.LVUS19
 11171 4bde 00       		.byte	0
 11172 4bdf 7E       		.uleb128 0x7e
 11173 4be0 E9400000 		.4byte	0x40e9
 11174 4be4 14000000 		.4byte	.LFB541
 11175 4be8 02000000 		.4byte	.LFE541-.LFB541
 11176 4bec 01       		.uleb128 0x1
 11177 4bed 9C       		.byte	0x9c
 11178 4bee 7F       		.uleb128 0x7f
 11179 4bef C2080000 		.4byte	.LASF635
 11180 4bf3 D5040000 		.4byte	.LASF636
 11181 4bf7 55       		.uleb128 0x55
 11182 4bf8 CA1D0000 		.4byte	.LASF614
 11183 4bfc 8B190000 		.4byte	.LASF616
 11184 4c00 03       		.byte	0x3
 11185 4c01 4B       		.byte	0x4b
 11186 4c02 06       		.byte	0x6
 11187 4c03 55       		.uleb128 0x55
 11188 4c04 451B0000 		.4byte	.LASF615
 11189 4c08 620C0000 		.4byte	.LASF617
 11190 4c0c 03       		.byte	0x3
 11191 4c0d 4C       		.byte	0x4c
 11192 4c0e 06       		.byte	0x6
 11193 4c0f 00       		.byte	0
 11194              		.section	.debug_abbrev,"",%progbits
 11195              	.Ldebug_abbrev0:
 11196 0000 01       		.uleb128 0x1
 11197 0001 05       		.uleb128 0x5
 11198 0002 00       		.byte	0
 11199 0003 49       		.uleb128 0x49
 11200 0004 13       		.uleb128 0x13
 11201 0005 00       		.byte	0
 11202 0006 00       		.byte	0
 11203 0007 02       		.uleb128 0x2
 11204 0008 08       		.uleb128 0x8
 11205 0009 00       		.byte	0
 11206 000a 3A       		.uleb128 0x3a
 11207 000b 0B       		.uleb128 0xb
 11208 000c 3B       		.uleb128 0x3b
 11209 000d 0B       		.uleb128 0xb
 11210 000e 39       		.uleb128 0x39
 11211 000f 0B       		.uleb128 0xb
 11212 0010 18       		.uleb128 0x18
 11213 0011 13       		.uleb128 0x13
ARM GAS  /tmp/ccSzEyJr.s 			page 198


 11214 0012 00       		.byte	0
 11215 0013 00       		.byte	0
 11216 0014 03       		.uleb128 0x3
 11217 0015 2E       		.uleb128 0x2e
 11218 0016 01       		.byte	0x1
 11219 0017 3F       		.uleb128 0x3f
 11220 0018 19       		.uleb128 0x19
 11221 0019 03       		.uleb128 0x3
 11222 001a 0E       		.uleb128 0xe
 11223 001b 3A       		.uleb128 0x3a
 11224 001c 0B       		.uleb128 0xb
 11225 001d 3B       		.uleb128 0x3b
 11226 001e 05       		.uleb128 0x5
 11227 001f 39       		.uleb128 0x39
 11228 0020 0B       		.uleb128 0xb
 11229 0021 6E       		.uleb128 0x6e
 11230 0022 0E       		.uleb128 0xe
 11231 0023 49       		.uleb128 0x49
 11232 0024 13       		.uleb128 0x13
 11233 0025 3C       		.uleb128 0x3c
 11234 0026 19       		.uleb128 0x19
 11235 0027 01       		.uleb128 0x1
 11236 0028 13       		.uleb128 0x13
 11237 0029 00       		.byte	0
 11238 002a 00       		.byte	0
 11239 002b 04       		.uleb128 0x4
 11240 002c 0D       		.uleb128 0xd
 11241 002d 00       		.byte	0
 11242 002e 03       		.uleb128 0x3
 11243 002f 0E       		.uleb128 0xe
 11244 0030 3A       		.uleb128 0x3a
 11245 0031 0B       		.uleb128 0xb
 11246 0032 3B       		.uleb128 0x3b
 11247 0033 0B       		.uleb128 0xb
 11248 0034 39       		.uleb128 0x39
 11249 0035 0B       		.uleb128 0xb
 11250 0036 49       		.uleb128 0x49
 11251 0037 13       		.uleb128 0x13
 11252 0038 38       		.uleb128 0x38
 11253 0039 0B       		.uleb128 0xb
 11254 003a 00       		.byte	0
 11255 003b 00       		.byte	0
 11256 003c 05       		.uleb128 0x5
 11257 003d 0D       		.uleb128 0xd
 11258 003e 00       		.byte	0
 11259 003f 03       		.uleb128 0x3
 11260 0040 0E       		.uleb128 0xe
 11261 0041 3A       		.uleb128 0x3a
 11262 0042 0B       		.uleb128 0xb
 11263 0043 3B       		.uleb128 0x3b
 11264 0044 05       		.uleb128 0x5
 11265 0045 39       		.uleb128 0x39
 11266 0046 0B       		.uleb128 0xb
 11267 0047 49       		.uleb128 0x49
 11268 0048 13       		.uleb128 0x13
 11269 0049 38       		.uleb128 0x38
 11270 004a 0B       		.uleb128 0xb
ARM GAS  /tmp/ccSzEyJr.s 			page 199


 11271 004b 00       		.byte	0
 11272 004c 00       		.byte	0
 11273 004d 06       		.uleb128 0x6
 11274 004e 05       		.uleb128 0x5
 11275 004f 00       		.byte	0
 11276 0050 31       		.uleb128 0x31
 11277 0051 13       		.uleb128 0x13
 11278 0052 02       		.uleb128 0x2
 11279 0053 17       		.uleb128 0x17
 11280 0054 B742     		.uleb128 0x2137
 11281 0056 17       		.uleb128 0x17
 11282 0057 00       		.byte	0
 11283 0058 00       		.byte	0
 11284 0059 07       		.uleb128 0x7
 11285 005a 16       		.uleb128 0x16
 11286 005b 00       		.byte	0
 11287 005c 03       		.uleb128 0x3
 11288 005d 0E       		.uleb128 0xe
 11289 005e 3A       		.uleb128 0x3a
 11290 005f 0B       		.uleb128 0xb
 11291 0060 3B       		.uleb128 0x3b
 11292 0061 0B       		.uleb128 0xb
 11293 0062 39       		.uleb128 0x39
 11294 0063 0B       		.uleb128 0xb
 11295 0064 49       		.uleb128 0x49
 11296 0065 13       		.uleb128 0x13
 11297 0066 00       		.byte	0
 11298 0067 00       		.byte	0
 11299 0068 08       		.uleb128 0x8
 11300 0069 0F       		.uleb128 0xf
 11301 006a 00       		.byte	0
 11302 006b 0B       		.uleb128 0xb
 11303 006c 0B       		.uleb128 0xb
 11304 006d 49       		.uleb128 0x49
 11305 006e 13       		.uleb128 0x13
 11306 006f 00       		.byte	0
 11307 0070 00       		.byte	0
 11308 0071 09       		.uleb128 0x9
 11309 0072 2E       		.uleb128 0x2e
 11310 0073 01       		.byte	0x1
 11311 0074 3F       		.uleb128 0x3f
 11312 0075 19       		.uleb128 0x19
 11313 0076 03       		.uleb128 0x3
 11314 0077 0E       		.uleb128 0xe
 11315 0078 3A       		.uleb128 0x3a
 11316 0079 0B       		.uleb128 0xb
 11317 007a 3B       		.uleb128 0x3b
 11318 007b 0B       		.uleb128 0xb
 11319 007c 39       		.uleb128 0x39
 11320 007d 0B       		.uleb128 0xb
 11321 007e 49       		.uleb128 0x49
 11322 007f 13       		.uleb128 0x13
 11323 0080 3C       		.uleb128 0x3c
 11324 0081 19       		.uleb128 0x19
 11325 0082 01       		.uleb128 0x1
 11326 0083 13       		.uleb128 0x13
 11327 0084 00       		.byte	0
ARM GAS  /tmp/ccSzEyJr.s 			page 200


 11328 0085 00       		.byte	0
 11329 0086 0A       		.uleb128 0xa
 11330 0087 2E       		.uleb128 0x2e
 11331 0088 01       		.byte	0x1
 11332 0089 3F       		.uleb128 0x3f
 11333 008a 19       		.uleb128 0x19
 11334 008b 03       		.uleb128 0x3
 11335 008c 0E       		.uleb128 0xe
 11336 008d 3A       		.uleb128 0x3a
 11337 008e 0B       		.uleb128 0xb
 11338 008f 3B       		.uleb128 0x3b
 11339 0090 05       		.uleb128 0x5
 11340 0091 39       		.uleb128 0x39
 11341 0092 0B       		.uleb128 0xb
 11342 0093 49       		.uleb128 0x49
 11343 0094 13       		.uleb128 0x13
 11344 0095 3C       		.uleb128 0x3c
 11345 0096 19       		.uleb128 0x19
 11346 0097 01       		.uleb128 0x1
 11347 0098 13       		.uleb128 0x13
 11348 0099 00       		.byte	0
 11349 009a 00       		.byte	0
 11350 009b 0B       		.uleb128 0xb
 11351 009c 01       		.uleb128 0x1
 11352 009d 01       		.byte	0x1
 11353 009e 49       		.uleb128 0x49
 11354 009f 13       		.uleb128 0x13
 11355 00a0 01       		.uleb128 0x1
 11356 00a1 13       		.uleb128 0x13
 11357 00a2 00       		.byte	0
 11358 00a3 00       		.byte	0
 11359 00a4 0C       		.uleb128 0xc
 11360 00a5 26       		.uleb128 0x26
 11361 00a6 00       		.byte	0
 11362 00a7 49       		.uleb128 0x49
 11363 00a8 13       		.uleb128 0x13
 11364 00a9 00       		.byte	0
 11365 00aa 00       		.byte	0
 11366 00ab 0D       		.uleb128 0xd
 11367 00ac 21       		.uleb128 0x21
 11368 00ad 00       		.byte	0
 11369 00ae 49       		.uleb128 0x49
 11370 00af 13       		.uleb128 0x13
 11371 00b0 2F       		.uleb128 0x2f
 11372 00b1 0B       		.uleb128 0xb
 11373 00b2 00       		.byte	0
 11374 00b3 00       		.byte	0
 11375 00b4 0E       		.uleb128 0xe
 11376 00b5 05       		.uleb128 0x5
 11377 00b6 00       		.byte	0
 11378 00b7 49       		.uleb128 0x49
 11379 00b8 13       		.uleb128 0x13
 11380 00b9 34       		.uleb128 0x34
 11381 00ba 19       		.uleb128 0x19
 11382 00bb 00       		.byte	0
 11383 00bc 00       		.byte	0
 11384 00bd 0F       		.uleb128 0xf
ARM GAS  /tmp/ccSzEyJr.s 			page 201


 11385 00be 8A8201   		.uleb128 0x410a
 11386 00c1 00       		.byte	0
 11387 00c2 02       		.uleb128 0x2
 11388 00c3 18       		.uleb128 0x18
 11389 00c4 9142     		.uleb128 0x2111
 11390 00c6 18       		.uleb128 0x18
 11391 00c7 00       		.byte	0
 11392 00c8 00       		.byte	0
 11393 00c9 10       		.uleb128 0x10
 11394 00ca 05       		.uleb128 0x5
 11395 00cb 00       		.byte	0
 11396 00cc 03       		.uleb128 0x3
 11397 00cd 0E       		.uleb128 0xe
 11398 00ce 49       		.uleb128 0x49
 11399 00cf 13       		.uleb128 0x13
 11400 00d0 34       		.uleb128 0x34
 11401 00d1 19       		.uleb128 0x19
 11402 00d2 00       		.byte	0
 11403 00d3 00       		.byte	0
 11404 00d4 11       		.uleb128 0x11
 11405 00d5 2E       		.uleb128 0x2e
 11406 00d6 01       		.byte	0x1
 11407 00d7 47       		.uleb128 0x47
 11408 00d8 13       		.uleb128 0x13
 11409 00d9 64       		.uleb128 0x64
 11410 00da 13       		.uleb128 0x13
 11411 00db 20       		.uleb128 0x20
 11412 00dc 0B       		.uleb128 0xb
 11413 00dd 01       		.uleb128 0x1
 11414 00de 13       		.uleb128 0x13
 11415 00df 00       		.byte	0
 11416 00e0 00       		.byte	0
 11417 00e1 12       		.uleb128 0x12
 11418 00e2 34       		.uleb128 0x34
 11419 00e3 00       		.byte	0
 11420 00e4 03       		.uleb128 0x3
 11421 00e5 0E       		.uleb128 0xe
 11422 00e6 3A       		.uleb128 0x3a
 11423 00e7 0B       		.uleb128 0xb
 11424 00e8 3B       		.uleb128 0x3b
 11425 00e9 05       		.uleb128 0x5
 11426 00ea 39       		.uleb128 0x39
 11427 00eb 0B       		.uleb128 0xb
 11428 00ec 49       		.uleb128 0x49
 11429 00ed 13       		.uleb128 0x13
 11430 00ee 3F       		.uleb128 0x3f
 11431 00ef 19       		.uleb128 0x19
 11432 00f0 3C       		.uleb128 0x3c
 11433 00f1 19       		.uleb128 0x19
 11434 00f2 00       		.byte	0
 11435 00f3 00       		.byte	0
 11436 00f4 13       		.uleb128 0x13
 11437 00f5 05       		.uleb128 0x5
 11438 00f6 00       		.byte	0
 11439 00f7 03       		.uleb128 0x3
 11440 00f8 08       		.uleb128 0x8
 11441 00f9 3A       		.uleb128 0x3a
ARM GAS  /tmp/ccSzEyJr.s 			page 202


 11442 00fa 0B       		.uleb128 0xb
 11443 00fb 3B       		.uleb128 0x3b
 11444 00fc 0B       		.uleb128 0xb
 11445 00fd 39       		.uleb128 0x39
 11446 00fe 0B       		.uleb128 0xb
 11447 00ff 49       		.uleb128 0x49
 11448 0100 13       		.uleb128 0x13
 11449 0101 00       		.byte	0
 11450 0102 00       		.byte	0
 11451 0103 14       		.uleb128 0x14
 11452 0104 24       		.uleb128 0x24
 11453 0105 00       		.byte	0
 11454 0106 0B       		.uleb128 0xb
 11455 0107 0B       		.uleb128 0xb
 11456 0108 3E       		.uleb128 0x3e
 11457 0109 0B       		.uleb128 0xb
 11458 010a 03       		.uleb128 0x3
 11459 010b 0E       		.uleb128 0xe
 11460 010c 00       		.byte	0
 11461 010d 00       		.byte	0
 11462 010e 15       		.uleb128 0x15
 11463 010f 34       		.uleb128 0x34
 11464 0110 00       		.byte	0
 11465 0111 03       		.uleb128 0x3
 11466 0112 08       		.uleb128 0x8
 11467 0113 3A       		.uleb128 0x3a
 11468 0114 0B       		.uleb128 0xb
 11469 0115 3B       		.uleb128 0x3b
 11470 0116 0B       		.uleb128 0xb
 11471 0117 39       		.uleb128 0x39
 11472 0118 0B       		.uleb128 0xb
 11473 0119 49       		.uleb128 0x49
 11474 011a 13       		.uleb128 0x13
 11475 011b 02       		.uleb128 0x2
 11476 011c 17       		.uleb128 0x17
 11477 011d B742     		.uleb128 0x2137
 11478 011f 17       		.uleb128 0x17
 11479 0120 00       		.byte	0
 11480 0121 00       		.byte	0
 11481 0122 16       		.uleb128 0x16
 11482 0123 0D       		.uleb128 0xd
 11483 0124 00       		.byte	0
 11484 0125 03       		.uleb128 0x3
 11485 0126 08       		.uleb128 0x8
 11486 0127 3A       		.uleb128 0x3a
 11487 0128 0B       		.uleb128 0xb
 11488 0129 3B       		.uleb128 0x3b
 11489 012a 0B       		.uleb128 0xb
 11490 012b 39       		.uleb128 0x39
 11491 012c 0B       		.uleb128 0xb
 11492 012d 49       		.uleb128 0x49
 11493 012e 13       		.uleb128 0x13
 11494 012f 38       		.uleb128 0x38
 11495 0130 0B       		.uleb128 0xb
 11496 0131 00       		.byte	0
 11497 0132 00       		.byte	0
 11498 0133 17       		.uleb128 0x17
ARM GAS  /tmp/ccSzEyJr.s 			page 203


 11499 0134 2E       		.uleb128 0x2e
 11500 0135 01       		.byte	0x1
 11501 0136 3F       		.uleb128 0x3f
 11502 0137 19       		.uleb128 0x19
 11503 0138 03       		.uleb128 0x3
 11504 0139 0E       		.uleb128 0xe
 11505 013a 3A       		.uleb128 0x3a
 11506 013b 0B       		.uleb128 0xb
 11507 013c 3B       		.uleb128 0x3b
 11508 013d 0B       		.uleb128 0xb
 11509 013e 39       		.uleb128 0x39
 11510 013f 0B       		.uleb128 0xb
 11511 0140 6E       		.uleb128 0x6e
 11512 0141 0E       		.uleb128 0xe
 11513 0142 32       		.uleb128 0x32
 11514 0143 0B       		.uleb128 0xb
 11515 0144 3C       		.uleb128 0x3c
 11516 0145 19       		.uleb128 0x19
 11517 0146 64       		.uleb128 0x64
 11518 0147 13       		.uleb128 0x13
 11519 0148 01       		.uleb128 0x1
 11520 0149 13       		.uleb128 0x13
 11521 014a 00       		.byte	0
 11522 014b 00       		.byte	0
 11523 014c 18       		.uleb128 0x18
 11524 014d 2E       		.uleb128 0x2e
 11525 014e 01       		.byte	0x1
 11526 014f 3F       		.uleb128 0x3f
 11527 0150 19       		.uleb128 0x19
 11528 0151 03       		.uleb128 0x3
 11529 0152 0E       		.uleb128 0xe
 11530 0153 3A       		.uleb128 0x3a
 11531 0154 0B       		.uleb128 0xb
 11532 0155 3B       		.uleb128 0x3b
 11533 0156 0B       		.uleb128 0xb
 11534 0157 39       		.uleb128 0x39
 11535 0158 0B       		.uleb128 0xb
 11536 0159 6E       		.uleb128 0x6e
 11537 015a 0E       		.uleb128 0xe
 11538 015b 49       		.uleb128 0x49
 11539 015c 13       		.uleb128 0x13
 11540 015d 3C       		.uleb128 0x3c
 11541 015e 19       		.uleb128 0x19
 11542 015f 01       		.uleb128 0x1
 11543 0160 13       		.uleb128 0x13
 11544 0161 00       		.byte	0
 11545 0162 00       		.byte	0
 11546 0163 19       		.uleb128 0x19
 11547 0164 05       		.uleb128 0x5
 11548 0165 00       		.byte	0
 11549 0166 03       		.uleb128 0x3
 11550 0167 0E       		.uleb128 0xe
 11551 0168 3A       		.uleb128 0x3a
 11552 0169 0B       		.uleb128 0xb
 11553 016a 3B       		.uleb128 0x3b
 11554 016b 0B       		.uleb128 0xb
 11555 016c 39       		.uleb128 0x39
ARM GAS  /tmp/ccSzEyJr.s 			page 204


 11556 016d 0B       		.uleb128 0xb
 11557 016e 49       		.uleb128 0x49
 11558 016f 13       		.uleb128 0x13
 11559 0170 00       		.byte	0
 11560 0171 00       		.byte	0
 11561 0172 1A       		.uleb128 0x1a
 11562 0173 2E       		.uleb128 0x2e
 11563 0174 01       		.byte	0x1
 11564 0175 3F       		.uleb128 0x3f
 11565 0176 19       		.uleb128 0x19
 11566 0177 03       		.uleb128 0x3
 11567 0178 08       		.uleb128 0x8
 11568 0179 3A       		.uleb128 0x3a
 11569 017a 0B       		.uleb128 0xb
 11570 017b 3B       		.uleb128 0x3b
 11571 017c 05       		.uleb128 0x5
 11572 017d 39       		.uleb128 0x39
 11573 017e 0B       		.uleb128 0xb
 11574 017f 6E       		.uleb128 0x6e
 11575 0180 0E       		.uleb128 0xe
 11576 0181 49       		.uleb128 0x49
 11577 0182 13       		.uleb128 0x13
 11578 0183 3C       		.uleb128 0x3c
 11579 0184 19       		.uleb128 0x19
 11580 0185 01       		.uleb128 0x1
 11581 0186 13       		.uleb128 0x13
 11582 0187 00       		.byte	0
 11583 0188 00       		.byte	0
 11584 0189 1B       		.uleb128 0x1b
 11585 018a 34       		.uleb128 0x34
 11586 018b 00       		.byte	0
 11587 018c 03       		.uleb128 0x3
 11588 018d 0E       		.uleb128 0xe
 11589 018e 3A       		.uleb128 0x3a
 11590 018f 0B       		.uleb128 0xb
 11591 0190 3B       		.uleb128 0x3b
 11592 0191 0B       		.uleb128 0xb
 11593 0192 39       		.uleb128 0x39
 11594 0193 0B       		.uleb128 0xb
 11595 0194 49       		.uleb128 0x49
 11596 0195 13       		.uleb128 0x13
 11597 0196 3F       		.uleb128 0x3f
 11598 0197 19       		.uleb128 0x19
 11599 0198 3C       		.uleb128 0x3c
 11600 0199 19       		.uleb128 0x19
 11601 019a 00       		.byte	0
 11602 019b 00       		.byte	0
 11603 019c 1C       		.uleb128 0x1c
 11604 019d 2E       		.uleb128 0x2e
 11605 019e 01       		.byte	0x1
 11606 019f 3F       		.uleb128 0x3f
 11607 01a0 19       		.uleb128 0x19
 11608 01a1 03       		.uleb128 0x3
 11609 01a2 0E       		.uleb128 0xe
 11610 01a3 3A       		.uleb128 0x3a
 11611 01a4 0B       		.uleb128 0xb
 11612 01a5 3B       		.uleb128 0x3b
ARM GAS  /tmp/ccSzEyJr.s 			page 205


 11613 01a6 0B       		.uleb128 0xb
 11614 01a7 39       		.uleb128 0x39
 11615 01a8 0B       		.uleb128 0xb
 11616 01a9 6E       		.uleb128 0x6e
 11617 01aa 0E       		.uleb128 0xe
 11618 01ab 49       		.uleb128 0x49
 11619 01ac 13       		.uleb128 0x13
 11620 01ad 32       		.uleb128 0x32
 11621 01ae 0B       		.uleb128 0xb
 11622 01af 3C       		.uleb128 0x3c
 11623 01b0 19       		.uleb128 0x19
 11624 01b1 64       		.uleb128 0x64
 11625 01b2 13       		.uleb128 0x13
 11626 01b3 01       		.uleb128 0x1
 11627 01b4 13       		.uleb128 0x13
 11628 01b5 00       		.byte	0
 11629 01b6 00       		.byte	0
 11630 01b7 1D       		.uleb128 0x1d
 11631 01b8 34       		.uleb128 0x34
 11632 01b9 00       		.byte	0
 11633 01ba 31       		.uleb128 0x31
 11634 01bb 13       		.uleb128 0x13
 11635 01bc 02       		.uleb128 0x2
 11636 01bd 17       		.uleb128 0x17
 11637 01be B742     		.uleb128 0x2137
 11638 01c0 17       		.uleb128 0x17
 11639 01c1 00       		.byte	0
 11640 01c2 00       		.byte	0
 11641 01c3 1E       		.uleb128 0x1e
 11642 01c4 2E       		.uleb128 0x2e
 11643 01c5 01       		.byte	0x1
 11644 01c6 3F       		.uleb128 0x3f
 11645 01c7 19       		.uleb128 0x19
 11646 01c8 03       		.uleb128 0x3
 11647 01c9 08       		.uleb128 0x8
 11648 01ca 3A       		.uleb128 0x3a
 11649 01cb 0B       		.uleb128 0xb
 11650 01cc 3B       		.uleb128 0x3b
 11651 01cd 0B       		.uleb128 0xb
 11652 01ce 39       		.uleb128 0x39
 11653 01cf 0B       		.uleb128 0xb
 11654 01d0 6E       		.uleb128 0x6e
 11655 01d1 0E       		.uleb128 0xe
 11656 01d2 49       		.uleb128 0x49
 11657 01d3 13       		.uleb128 0x13
 11658 01d4 3C       		.uleb128 0x3c
 11659 01d5 19       		.uleb128 0x19
 11660 01d6 01       		.uleb128 0x1
 11661 01d7 13       		.uleb128 0x13
 11662 01d8 00       		.byte	0
 11663 01d9 00       		.byte	0
 11664 01da 1F       		.uleb128 0x1f
 11665 01db 05       		.uleb128 0x5
 11666 01dc 00       		.byte	0
 11667 01dd 31       		.uleb128 0x31
 11668 01de 13       		.uleb128 0x13
 11669 01df 00       		.byte	0
ARM GAS  /tmp/ccSzEyJr.s 			page 206


 11670 01e0 00       		.byte	0
 11671 01e1 20       		.uleb128 0x20
 11672 01e2 898201   		.uleb128 0x4109
 11673 01e5 01       		.byte	0x1
 11674 01e6 11       		.uleb128 0x11
 11675 01e7 01       		.uleb128 0x1
 11676 01e8 31       		.uleb128 0x31
 11677 01e9 13       		.uleb128 0x13
 11678 01ea 00       		.byte	0
 11679 01eb 00       		.byte	0
 11680 01ec 21       		.uleb128 0x21
 11681 01ed 2E       		.uleb128 0x2e
 11682 01ee 01       		.byte	0x1
 11683 01ef 3F       		.uleb128 0x3f
 11684 01f0 19       		.uleb128 0x19
 11685 01f1 03       		.uleb128 0x3
 11686 01f2 08       		.uleb128 0x8
 11687 01f3 3A       		.uleb128 0x3a
 11688 01f4 0B       		.uleb128 0xb
 11689 01f5 3B       		.uleb128 0x3b
 11690 01f6 0B       		.uleb128 0xb
 11691 01f7 39       		.uleb128 0x39
 11692 01f8 0B       		.uleb128 0xb
 11693 01f9 49       		.uleb128 0x49
 11694 01fa 13       		.uleb128 0x13
 11695 01fb 3C       		.uleb128 0x3c
 11696 01fc 19       		.uleb128 0x19
 11697 01fd 01       		.uleb128 0x1
 11698 01fe 13       		.uleb128 0x13
 11699 01ff 00       		.byte	0
 11700 0200 00       		.byte	0
 11701 0201 22       		.uleb128 0x22
 11702 0202 1D       		.uleb128 0x1d
 11703 0203 01       		.byte	0x1
 11704 0204 31       		.uleb128 0x31
 11705 0205 13       		.uleb128 0x13
 11706 0206 52       		.uleb128 0x52
 11707 0207 01       		.uleb128 0x1
 11708 0208 B842     		.uleb128 0x2138
 11709 020a 0B       		.uleb128 0xb
 11710 020b 55       		.uleb128 0x55
 11711 020c 17       		.uleb128 0x17
 11712 020d 58       		.uleb128 0x58
 11713 020e 0B       		.uleb128 0xb
 11714 020f 59       		.uleb128 0x59
 11715 0210 0B       		.uleb128 0xb
 11716 0211 57       		.uleb128 0x57
 11717 0212 0B       		.uleb128 0xb
 11718 0213 00       		.byte	0
 11719 0214 00       		.byte	0
 11720 0215 23       		.uleb128 0x23
 11721 0216 05       		.uleb128 0x5
 11722 0217 00       		.byte	0
 11723 0218 03       		.uleb128 0x3
 11724 0219 08       		.uleb128 0x8
 11725 021a 3A       		.uleb128 0x3a
 11726 021b 0B       		.uleb128 0xb
ARM GAS  /tmp/ccSzEyJr.s 			page 207


 11727 021c 3B       		.uleb128 0x3b
 11728 021d 0B       		.uleb128 0xb
 11729 021e 39       		.uleb128 0x39
 11730 021f 0B       		.uleb128 0xb
 11731 0220 49       		.uleb128 0x49
 11732 0221 13       		.uleb128 0x13
 11733 0222 02       		.uleb128 0x2
 11734 0223 17       		.uleb128 0x17
 11735 0224 B742     		.uleb128 0x2137
 11736 0226 17       		.uleb128 0x17
 11737 0227 00       		.byte	0
 11738 0228 00       		.byte	0
 11739 0229 24       		.uleb128 0x24
 11740 022a 1D       		.uleb128 0x1d
 11741 022b 01       		.byte	0x1
 11742 022c 31       		.uleb128 0x31
 11743 022d 13       		.uleb128 0x13
 11744 022e 52       		.uleb128 0x52
 11745 022f 01       		.uleb128 0x1
 11746 0230 B842     		.uleb128 0x2138
 11747 0232 0B       		.uleb128 0xb
 11748 0233 55       		.uleb128 0x55
 11749 0234 17       		.uleb128 0x17
 11750 0235 58       		.uleb128 0x58
 11751 0236 0B       		.uleb128 0xb
 11752 0237 59       		.uleb128 0x59
 11753 0238 0B       		.uleb128 0xb
 11754 0239 57       		.uleb128 0x57
 11755 023a 0B       		.uleb128 0xb
 11756 023b 01       		.uleb128 0x1
 11757 023c 13       		.uleb128 0x13
 11758 023d 00       		.byte	0
 11759 023e 00       		.byte	0
 11760 023f 25       		.uleb128 0x25
 11761 0240 0B       		.uleb128 0xb
 11762 0241 01       		.byte	0x1
 11763 0242 55       		.uleb128 0x55
 11764 0243 17       		.uleb128 0x17
 11765 0244 00       		.byte	0
 11766 0245 00       		.byte	0
 11767 0246 26       		.uleb128 0x26
 11768 0247 13       		.uleb128 0x13
 11769 0248 01       		.byte	0x1
 11770 0249 03       		.uleb128 0x3
 11771 024a 0E       		.uleb128 0xe
 11772 024b 0B       		.uleb128 0xb
 11773 024c 0B       		.uleb128 0xb
 11774 024d 3A       		.uleb128 0x3a
 11775 024e 0B       		.uleb128 0xb
 11776 024f 3B       		.uleb128 0x3b
 11777 0250 0B       		.uleb128 0xb
 11778 0251 39       		.uleb128 0x39
 11779 0252 0B       		.uleb128 0xb
 11780 0253 01       		.uleb128 0x1
 11781 0254 13       		.uleb128 0x13
 11782 0255 00       		.byte	0
 11783 0256 00       		.byte	0
ARM GAS  /tmp/ccSzEyJr.s 			page 208


 11784 0257 27       		.uleb128 0x27
 11785 0258 05       		.uleb128 0x5
 11786 0259 00       		.byte	0
 11787 025a 03       		.uleb128 0x3
 11788 025b 0E       		.uleb128 0xe
 11789 025c 3A       		.uleb128 0x3a
 11790 025d 0B       		.uleb128 0xb
 11791 025e 3B       		.uleb128 0x3b
 11792 025f 0B       		.uleb128 0xb
 11793 0260 39       		.uleb128 0x39
 11794 0261 0B       		.uleb128 0xb
 11795 0262 49       		.uleb128 0x49
 11796 0263 13       		.uleb128 0x13
 11797 0264 02       		.uleb128 0x2
 11798 0265 17       		.uleb128 0x17
 11799 0266 B742     		.uleb128 0x2137
 11800 0268 17       		.uleb128 0x17
 11801 0269 00       		.byte	0
 11802 026a 00       		.byte	0
 11803 026b 28       		.uleb128 0x28
 11804 026c 34       		.uleb128 0x34
 11805 026d 00       		.byte	0
 11806 026e 03       		.uleb128 0x3
 11807 026f 0E       		.uleb128 0xe
 11808 0270 3A       		.uleb128 0x3a
 11809 0271 0B       		.uleb128 0xb
 11810 0272 3B       		.uleb128 0x3b
 11811 0273 0B       		.uleb128 0xb
 11812 0274 39       		.uleb128 0x39
 11813 0275 0B       		.uleb128 0xb
 11814 0276 49       		.uleb128 0x49
 11815 0277 13       		.uleb128 0x13
 11816 0278 02       		.uleb128 0x2
 11817 0279 17       		.uleb128 0x17
 11818 027a B742     		.uleb128 0x2137
 11819 027c 17       		.uleb128 0x17
 11820 027d 00       		.byte	0
 11821 027e 00       		.byte	0
 11822 027f 29       		.uleb128 0x29
 11823 0280 15       		.uleb128 0x15
 11824 0281 01       		.byte	0x1
 11825 0282 49       		.uleb128 0x49
 11826 0283 13       		.uleb128 0x13
 11827 0284 01       		.uleb128 0x1
 11828 0285 13       		.uleb128 0x13
 11829 0286 00       		.byte	0
 11830 0287 00       		.byte	0
 11831 0288 2A       		.uleb128 0x2a
 11832 0289 28       		.uleb128 0x28
 11833 028a 00       		.byte	0
 11834 028b 03       		.uleb128 0x3
 11835 028c 0E       		.uleb128 0xe
 11836 028d 1C       		.uleb128 0x1c
 11837 028e 0D       		.uleb128 0xd
 11838 028f 00       		.byte	0
 11839 0290 00       		.byte	0
 11840 0291 2B       		.uleb128 0x2b
ARM GAS  /tmp/ccSzEyJr.s 			page 209


 11841 0292 16       		.uleb128 0x16
 11842 0293 00       		.byte	0
 11843 0294 03       		.uleb128 0x3
 11844 0295 0E       		.uleb128 0xe
 11845 0296 3A       		.uleb128 0x3a
 11846 0297 0B       		.uleb128 0xb
 11847 0298 3B       		.uleb128 0x3b
 11848 0299 05       		.uleb128 0x5
 11849 029a 39       		.uleb128 0x39
 11850 029b 0B       		.uleb128 0xb
 11851 029c 49       		.uleb128 0x49
 11852 029d 13       		.uleb128 0x13
 11853 029e 00       		.byte	0
 11854 029f 00       		.byte	0
 11855 02a0 2C       		.uleb128 0x2c
 11856 02a1 0D       		.uleb128 0xd
 11857 02a2 00       		.byte	0
 11858 02a3 03       		.uleb128 0x3
 11859 02a4 0E       		.uleb128 0xe
 11860 02a5 3A       		.uleb128 0x3a
 11861 02a6 0B       		.uleb128 0xb
 11862 02a7 3B       		.uleb128 0x3b
 11863 02a8 05       		.uleb128 0x5
 11864 02a9 39       		.uleb128 0x39
 11865 02aa 0B       		.uleb128 0xb
 11866 02ab 49       		.uleb128 0x49
 11867 02ac 13       		.uleb128 0x13
 11868 02ad 38       		.uleb128 0x38
 11869 02ae 05       		.uleb128 0x5
 11870 02af 00       		.byte	0
 11871 02b0 00       		.byte	0
 11872 02b1 2D       		.uleb128 0x2d
 11873 02b2 34       		.uleb128 0x34
 11874 02b3 00       		.byte	0
 11875 02b4 03       		.uleb128 0x3
 11876 02b5 0E       		.uleb128 0xe
 11877 02b6 3A       		.uleb128 0x3a
 11878 02b7 0B       		.uleb128 0xb
 11879 02b8 3B       		.uleb128 0x3b
 11880 02b9 0B       		.uleb128 0xb
 11881 02ba 39       		.uleb128 0x39
 11882 02bb 0B       		.uleb128 0xb
 11883 02bc 49       		.uleb128 0x49
 11884 02bd 13       		.uleb128 0x13
 11885 02be 00       		.byte	0
 11886 02bf 00       		.byte	0
 11887 02c0 2E       		.uleb128 0x2e
 11888 02c1 2E       		.uleb128 0x2e
 11889 02c2 01       		.byte	0x1
 11890 02c3 3F       		.uleb128 0x3f
 11891 02c4 19       		.uleb128 0x19
 11892 02c5 03       		.uleb128 0x3
 11893 02c6 0E       		.uleb128 0xe
 11894 02c7 3A       		.uleb128 0x3a
 11895 02c8 0B       		.uleb128 0xb
 11896 02c9 3B       		.uleb128 0x3b
 11897 02ca 0B       		.uleb128 0xb
ARM GAS  /tmp/ccSzEyJr.s 			page 210


 11898 02cb 39       		.uleb128 0x39
 11899 02cc 0B       		.uleb128 0xb
 11900 02cd 11       		.uleb128 0x11
 11901 02ce 01       		.uleb128 0x1
 11902 02cf 12       		.uleb128 0x12
 11903 02d0 06       		.uleb128 0x6
 11904 02d1 40       		.uleb128 0x40
 11905 02d2 18       		.uleb128 0x18
 11906 02d3 9742     		.uleb128 0x2117
 11907 02d5 19       		.uleb128 0x19
 11908 02d6 01       		.uleb128 0x1
 11909 02d7 13       		.uleb128 0x13
 11910 02d8 00       		.byte	0
 11911 02d9 00       		.byte	0
 11912 02da 2F       		.uleb128 0x2f
 11913 02db 13       		.uleb128 0x13
 11914 02dc 01       		.byte	0x1
 11915 02dd 0B       		.uleb128 0xb
 11916 02de 0B       		.uleb128 0xb
 11917 02df 3A       		.uleb128 0x3a
 11918 02e0 0B       		.uleb128 0xb
 11919 02e1 3B       		.uleb128 0x3b
 11920 02e2 0B       		.uleb128 0xb
 11921 02e3 39       		.uleb128 0x39
 11922 02e4 0B       		.uleb128 0xb
 11923 02e5 6E       		.uleb128 0x6e
 11924 02e6 0E       		.uleb128 0xe
 11925 02e7 01       		.uleb128 0x1
 11926 02e8 13       		.uleb128 0x13
 11927 02e9 00       		.byte	0
 11928 02ea 00       		.byte	0
 11929 02eb 30       		.uleb128 0x30
 11930 02ec 13       		.uleb128 0x13
 11931 02ed 01       		.byte	0x1
 11932 02ee 03       		.uleb128 0x3
 11933 02ef 0E       		.uleb128 0xe
 11934 02f0 0B       		.uleb128 0xb
 11935 02f1 0B       		.uleb128 0xb
 11936 02f2 3A       		.uleb128 0x3a
 11937 02f3 0B       		.uleb128 0xb
 11938 02f4 3B       		.uleb128 0x3b
 11939 02f5 05       		.uleb128 0x5
 11940 02f6 39       		.uleb128 0x39
 11941 02f7 0B       		.uleb128 0xb
 11942 02f8 01       		.uleb128 0x1
 11943 02f9 13       		.uleb128 0x13
 11944 02fa 00       		.byte	0
 11945 02fb 00       		.byte	0
 11946 02fc 31       		.uleb128 0x31
 11947 02fd 0D       		.uleb128 0xd
 11948 02fe 00       		.byte	0
 11949 02ff 03       		.uleb128 0x3
 11950 0300 08       		.uleb128 0x8
 11951 0301 3A       		.uleb128 0x3a
 11952 0302 0B       		.uleb128 0xb
 11953 0303 3B       		.uleb128 0x3b
 11954 0304 05       		.uleb128 0x5
ARM GAS  /tmp/ccSzEyJr.s 			page 211


 11955 0305 39       		.uleb128 0x39
 11956 0306 0B       		.uleb128 0xb
 11957 0307 49       		.uleb128 0x49
 11958 0308 13       		.uleb128 0x13
 11959 0309 38       		.uleb128 0x38
 11960 030a 0B       		.uleb128 0xb
 11961 030b 00       		.byte	0
 11962 030c 00       		.byte	0
 11963 030d 32       		.uleb128 0x32
 11964 030e 1D       		.uleb128 0x1d
 11965 030f 01       		.byte	0x1
 11966 0310 31       		.uleb128 0x31
 11967 0311 13       		.uleb128 0x13
 11968 0312 52       		.uleb128 0x52
 11969 0313 01       		.uleb128 0x1
 11970 0314 B842     		.uleb128 0x2138
 11971 0316 0B       		.uleb128 0xb
 11972 0317 11       		.uleb128 0x11
 11973 0318 01       		.uleb128 0x1
 11974 0319 12       		.uleb128 0x12
 11975 031a 06       		.uleb128 0x6
 11976 031b 58       		.uleb128 0x58
 11977 031c 0B       		.uleb128 0xb
 11978 031d 59       		.uleb128 0x59
 11979 031e 0B       		.uleb128 0xb
 11980 031f 57       		.uleb128 0x57
 11981 0320 0B       		.uleb128 0xb
 11982 0321 00       		.byte	0
 11983 0322 00       		.byte	0
 11984 0323 33       		.uleb128 0x33
 11985 0324 05       		.uleb128 0x5
 11986 0325 00       		.byte	0
 11987 0326 31       		.uleb128 0x31
 11988 0327 13       		.uleb128 0x13
 11989 0328 02       		.uleb128 0x2
 11990 0329 18       		.uleb128 0x18
 11991 032a 00       		.byte	0
 11992 032b 00       		.byte	0
 11993 032c 34       		.uleb128 0x34
 11994 032d 2E       		.uleb128 0x2e
 11995 032e 01       		.byte	0x1
 11996 032f 47       		.uleb128 0x47
 11997 0330 13       		.uleb128 0x13
 11998 0331 64       		.uleb128 0x64
 11999 0332 13       		.uleb128 0x13
 12000 0333 11       		.uleb128 0x11
 12001 0334 01       		.uleb128 0x1
 12002 0335 12       		.uleb128 0x12
 12003 0336 06       		.uleb128 0x6
 12004 0337 40       		.uleb128 0x40
 12005 0338 18       		.uleb128 0x18
 12006 0339 9742     		.uleb128 0x2117
 12007 033b 19       		.uleb128 0x19
 12008 033c 01       		.uleb128 0x1
 12009 033d 13       		.uleb128 0x13
 12010 033e 00       		.byte	0
 12011 033f 00       		.byte	0
ARM GAS  /tmp/ccSzEyJr.s 			page 212


 12012 0340 35       		.uleb128 0x35
 12013 0341 05       		.uleb128 0x5
 12014 0342 00       		.byte	0
 12015 0343 03       		.uleb128 0x3
 12016 0344 0E       		.uleb128 0xe
 12017 0345 49       		.uleb128 0x49
 12018 0346 13       		.uleb128 0x13
 12019 0347 34       		.uleb128 0x34
 12020 0348 19       		.uleb128 0x19
 12021 0349 02       		.uleb128 0x2
 12022 034a 17       		.uleb128 0x17
 12023 034b B742     		.uleb128 0x2137
 12024 034d 17       		.uleb128 0x17
 12025 034e 00       		.byte	0
 12026 034f 00       		.byte	0
 12027 0350 36       		.uleb128 0x36
 12028 0351 2E       		.uleb128 0x2e
 12029 0352 01       		.byte	0x1
 12030 0353 31       		.uleb128 0x31
 12031 0354 13       		.uleb128 0x13
 12032 0355 6E       		.uleb128 0x6e
 12033 0356 0E       		.uleb128 0xe
 12034 0357 64       		.uleb128 0x64
 12035 0358 13       		.uleb128 0x13
 12036 0359 01       		.uleb128 0x1
 12037 035a 13       		.uleb128 0x13
 12038 035b 00       		.byte	0
 12039 035c 00       		.byte	0
 12040 035d 37       		.uleb128 0x37
 12041 035e 13       		.uleb128 0x13
 12042 035f 01       		.byte	0x1
 12043 0360 03       		.uleb128 0x3
 12044 0361 0E       		.uleb128 0xe
 12045 0362 0B       		.uleb128 0xb
 12046 0363 05       		.uleb128 0x5
 12047 0364 3A       		.uleb128 0x3a
 12048 0365 0B       		.uleb128 0xb
 12049 0366 3B       		.uleb128 0x3b
 12050 0367 0B       		.uleb128 0xb
 12051 0368 39       		.uleb128 0x39
 12052 0369 0B       		.uleb128 0xb
 12053 036a 01       		.uleb128 0x1
 12054 036b 13       		.uleb128 0x13
 12055 036c 00       		.byte	0
 12056 036d 00       		.byte	0
 12057 036e 38       		.uleb128 0x38
 12058 036f 0D       		.uleb128 0xd
 12059 0370 00       		.byte	0
 12060 0371 03       		.uleb128 0x3
 12061 0372 0E       		.uleb128 0xe
 12062 0373 3A       		.uleb128 0x3a
 12063 0374 0B       		.uleb128 0xb
 12064 0375 3B       		.uleb128 0x3b
 12065 0376 0B       		.uleb128 0xb
 12066 0377 39       		.uleb128 0x39
 12067 0378 0B       		.uleb128 0xb
 12068 0379 49       		.uleb128 0x49
ARM GAS  /tmp/ccSzEyJr.s 			page 213


 12069 037a 13       		.uleb128 0x13
 12070 037b 38       		.uleb128 0x38
 12071 037c 05       		.uleb128 0x5
 12072 037d 00       		.byte	0
 12073 037e 00       		.byte	0
 12074 037f 39       		.uleb128 0x39
 12075 0380 15       		.uleb128 0x15
 12076 0381 01       		.byte	0x1
 12077 0382 01       		.uleb128 0x1
 12078 0383 13       		.uleb128 0x13
 12079 0384 00       		.byte	0
 12080 0385 00       		.byte	0
 12081 0386 3A       		.uleb128 0x3a
 12082 0387 28       		.uleb128 0x28
 12083 0388 00       		.byte	0
 12084 0389 03       		.uleb128 0x3
 12085 038a 0E       		.uleb128 0xe
 12086 038b 1C       		.uleb128 0x1c
 12087 038c 06       		.uleb128 0x6
 12088 038d 00       		.byte	0
 12089 038e 00       		.byte	0
 12090 038f 3B       		.uleb128 0x3b
 12091 0390 0D       		.uleb128 0xd
 12092 0391 00       		.byte	0
 12093 0392 03       		.uleb128 0x3
 12094 0393 0E       		.uleb128 0xe
 12095 0394 3A       		.uleb128 0x3a
 12096 0395 0B       		.uleb128 0xb
 12097 0396 3B       		.uleb128 0x3b
 12098 0397 05       		.uleb128 0x5
 12099 0398 39       		.uleb128 0x39
 12100 0399 0B       		.uleb128 0xb
 12101 039a 49       		.uleb128 0x49
 12102 039b 13       		.uleb128 0x13
 12103 039c 0B       		.uleb128 0xb
 12104 039d 0B       		.uleb128 0xb
 12105 039e 0D       		.uleb128 0xd
 12106 039f 0B       		.uleb128 0xb
 12107 03a0 0C       		.uleb128 0xc
 12108 03a1 0B       		.uleb128 0xb
 12109 03a2 38       		.uleb128 0x38
 12110 03a3 0B       		.uleb128 0xb
 12111 03a4 00       		.byte	0
 12112 03a5 00       		.byte	0
 12113 03a6 3C       		.uleb128 0x3c
 12114 03a7 21       		.uleb128 0x21
 12115 03a8 00       		.byte	0
 12116 03a9 49       		.uleb128 0x49
 12117 03aa 13       		.uleb128 0x13
 12118 03ab 2F       		.uleb128 0x2f
 12119 03ac 05       		.uleb128 0x5
 12120 03ad 00       		.byte	0
 12121 03ae 00       		.byte	0
 12122 03af 3D       		.uleb128 0x3d
 12123 03b0 02       		.uleb128 0x2
 12124 03b1 01       		.byte	0x1
 12125 03b2 03       		.uleb128 0x3
ARM GAS  /tmp/ccSzEyJr.s 			page 214


 12126 03b3 0E       		.uleb128 0xe
 12127 03b4 0B       		.uleb128 0xb
 12128 03b5 0B       		.uleb128 0xb
 12129 03b6 3A       		.uleb128 0x3a
 12130 03b7 0B       		.uleb128 0xb
 12131 03b8 3B       		.uleb128 0x3b
 12132 03b9 0B       		.uleb128 0xb
 12133 03ba 39       		.uleb128 0x39
 12134 03bb 0B       		.uleb128 0xb
 12135 03bc 01       		.uleb128 0x1
 12136 03bd 13       		.uleb128 0x13
 12137 03be 00       		.byte	0
 12138 03bf 00       		.byte	0
 12139 03c0 3E       		.uleb128 0x3e
 12140 03c1 1D       		.uleb128 0x1d
 12141 03c2 01       		.byte	0x1
 12142 03c3 31       		.uleb128 0x31
 12143 03c4 13       		.uleb128 0x13
 12144 03c5 52       		.uleb128 0x52
 12145 03c6 01       		.uleb128 0x1
 12146 03c7 B842     		.uleb128 0x2138
 12147 03c9 0B       		.uleb128 0xb
 12148 03ca 11       		.uleb128 0x11
 12149 03cb 01       		.uleb128 0x1
 12150 03cc 12       		.uleb128 0x12
 12151 03cd 06       		.uleb128 0x6
 12152 03ce 58       		.uleb128 0x58
 12153 03cf 0B       		.uleb128 0xb
 12154 03d0 59       		.uleb128 0x59
 12155 03d1 0B       		.uleb128 0xb
 12156 03d2 57       		.uleb128 0x57
 12157 03d3 0B       		.uleb128 0xb
 12158 03d4 01       		.uleb128 0x1
 12159 03d5 13       		.uleb128 0x13
 12160 03d6 00       		.byte	0
 12161 03d7 00       		.byte	0
 12162 03d8 3F       		.uleb128 0x3f
 12163 03d9 05       		.uleb128 0x5
 12164 03da 00       		.byte	0
 12165 03db 03       		.uleb128 0x3
 12166 03dc 08       		.uleb128 0x8
 12167 03dd 3A       		.uleb128 0x3a
 12168 03de 0B       		.uleb128 0xb
 12169 03df 3B       		.uleb128 0x3b
 12170 03e0 0B       		.uleb128 0xb
 12171 03e1 39       		.uleb128 0x39
 12172 03e2 0B       		.uleb128 0xb
 12173 03e3 49       		.uleb128 0x49
 12174 03e4 13       		.uleb128 0x13
 12175 03e5 02       		.uleb128 0x2
 12176 03e6 18       		.uleb128 0x18
 12177 03e7 00       		.byte	0
 12178 03e8 00       		.byte	0
 12179 03e9 40       		.uleb128 0x40
 12180 03ea 05       		.uleb128 0x5
 12181 03eb 00       		.byte	0
 12182 03ec 03       		.uleb128 0x3
ARM GAS  /tmp/ccSzEyJr.s 			page 215


 12183 03ed 0E       		.uleb128 0xe
 12184 03ee 3A       		.uleb128 0x3a
 12185 03ef 0B       		.uleb128 0xb
 12186 03f0 3B       		.uleb128 0x3b
 12187 03f1 0B       		.uleb128 0xb
 12188 03f2 39       		.uleb128 0x39
 12189 03f3 0B       		.uleb128 0xb
 12190 03f4 49       		.uleb128 0x49
 12191 03f5 13       		.uleb128 0x13
 12192 03f6 02       		.uleb128 0x2
 12193 03f7 18       		.uleb128 0x18
 12194 03f8 00       		.byte	0
 12195 03f9 00       		.byte	0
 12196 03fa 41       		.uleb128 0x41
 12197 03fb 2E       		.uleb128 0x2e
 12198 03fc 01       		.byte	0x1
 12199 03fd 3F       		.uleb128 0x3f
 12200 03fe 19       		.uleb128 0x19
 12201 03ff 03       		.uleb128 0x3
 12202 0400 0E       		.uleb128 0xe
 12203 0401 3A       		.uleb128 0x3a
 12204 0402 0B       		.uleb128 0xb
 12205 0403 3B       		.uleb128 0x3b
 12206 0404 0B       		.uleb128 0xb
 12207 0405 39       		.uleb128 0x39
 12208 0406 0B       		.uleb128 0xb
 12209 0407 49       		.uleb128 0x49
 12210 0408 13       		.uleb128 0x13
 12211 0409 11       		.uleb128 0x11
 12212 040a 01       		.uleb128 0x1
 12213 040b 12       		.uleb128 0x12
 12214 040c 06       		.uleb128 0x6
 12215 040d 40       		.uleb128 0x40
 12216 040e 18       		.uleb128 0x18
 12217 040f 9742     		.uleb128 0x2117
 12218 0411 19       		.uleb128 0x19
 12219 0412 01       		.uleb128 0x1
 12220 0413 13       		.uleb128 0x13
 12221 0414 00       		.byte	0
 12222 0415 00       		.byte	0
 12223 0416 42       		.uleb128 0x42
 12224 0417 898201   		.uleb128 0x4109
 12225 041a 00       		.byte	0
 12226 041b 11       		.uleb128 0x11
 12227 041c 01       		.uleb128 0x1
 12228 041d 31       		.uleb128 0x31
 12229 041e 13       		.uleb128 0x13
 12230 041f 00       		.byte	0
 12231 0420 00       		.byte	0
 12232 0421 43       		.uleb128 0x43
 12233 0422 2E       		.uleb128 0x2e
 12234 0423 00       		.byte	0
 12235 0424 3F       		.uleb128 0x3f
 12236 0425 19       		.uleb128 0x19
 12237 0426 03       		.uleb128 0x3
 12238 0427 0E       		.uleb128 0xe
 12239 0428 3A       		.uleb128 0x3a
ARM GAS  /tmp/ccSzEyJr.s 			page 216


 12240 0429 0B       		.uleb128 0xb
 12241 042a 3B       		.uleb128 0x3b
 12242 042b 0B       		.uleb128 0xb
 12243 042c 39       		.uleb128 0x39
 12244 042d 0B       		.uleb128 0xb
 12245 042e 00       		.byte	0
 12246 042f 00       		.byte	0
 12247 0430 44       		.uleb128 0x44
 12248 0431 34       		.uleb128 0x34
 12249 0432 00       		.byte	0
 12250 0433 03       		.uleb128 0x3
 12251 0434 08       		.uleb128 0x8
 12252 0435 3A       		.uleb128 0x3a
 12253 0436 0B       		.uleb128 0xb
 12254 0437 3B       		.uleb128 0x3b
 12255 0438 0B       		.uleb128 0xb
 12256 0439 39       		.uleb128 0x39
 12257 043a 0B       		.uleb128 0xb
 12258 043b 49       		.uleb128 0x49
 12259 043c 13       		.uleb128 0x13
 12260 043d 00       		.byte	0
 12261 043e 00       		.byte	0
 12262 043f 45       		.uleb128 0x45
 12263 0440 39       		.uleb128 0x39
 12264 0441 00       		.byte	0
 12265 0442 03       		.uleb128 0x3
 12266 0443 0E       		.uleb128 0xe
 12267 0444 3A       		.uleb128 0x3a
 12268 0445 0B       		.uleb128 0xb
 12269 0446 3B       		.uleb128 0x3b
 12270 0447 05       		.uleb128 0x5
 12271 0448 39       		.uleb128 0x39
 12272 0449 0B       		.uleb128 0xb
 12273 044a 8901     		.uleb128 0x89
 12274 044c 19       		.uleb128 0x19
 12275 044d 00       		.byte	0
 12276 044e 00       		.byte	0
 12277 044f 46       		.uleb128 0x46
 12278 0450 3A       		.uleb128 0x3a
 12279 0451 00       		.byte	0
 12280 0452 3A       		.uleb128 0x3a
 12281 0453 0B       		.uleb128 0xb
 12282 0454 3B       		.uleb128 0x3b
 12283 0455 05       		.uleb128 0x5
 12284 0456 39       		.uleb128 0x39
 12285 0457 0B       		.uleb128 0xb
 12286 0458 18       		.uleb128 0x18
 12287 0459 13       		.uleb128 0x13
 12288 045a 00       		.byte	0
 12289 045b 00       		.byte	0
 12290 045c 47       		.uleb128 0x47
 12291 045d 08       		.uleb128 0x8
 12292 045e 00       		.byte	0
 12293 045f 3A       		.uleb128 0x3a
 12294 0460 0B       		.uleb128 0xb
 12295 0461 3B       		.uleb128 0x3b
 12296 0462 05       		.uleb128 0x5
ARM GAS  /tmp/ccSzEyJr.s 			page 217


 12297 0463 39       		.uleb128 0x39
 12298 0464 0B       		.uleb128 0xb
 12299 0465 18       		.uleb128 0x18
 12300 0466 13       		.uleb128 0x13
 12301 0467 00       		.byte	0
 12302 0468 00       		.byte	0
 12303 0469 48       		.uleb128 0x48
 12304 046a 0D       		.uleb128 0xd
 12305 046b 00       		.byte	0
 12306 046c 03       		.uleb128 0x3
 12307 046d 0E       		.uleb128 0xe
 12308 046e 3A       		.uleb128 0x3a
 12309 046f 0B       		.uleb128 0xb
 12310 0470 3B       		.uleb128 0x3b
 12311 0471 05       		.uleb128 0x5
 12312 0472 39       		.uleb128 0x39
 12313 0473 0B       		.uleb128 0xb
 12314 0474 49       		.uleb128 0x49
 12315 0475 13       		.uleb128 0x13
 12316 0476 8801     		.uleb128 0x88
 12317 0478 0B       		.uleb128 0xb
 12318 0479 38       		.uleb128 0x38
 12319 047a 0B       		.uleb128 0xb
 12320 047b 00       		.byte	0
 12321 047c 00       		.byte	0
 12322 047d 49       		.uleb128 0x49
 12323 047e 0D       		.uleb128 0xd
 12324 047f 00       		.byte	0
 12325 0480 03       		.uleb128 0x3
 12326 0481 0E       		.uleb128 0xe
 12327 0482 3A       		.uleb128 0x3a
 12328 0483 0B       		.uleb128 0xb
 12329 0484 3B       		.uleb128 0x3b
 12330 0485 0B       		.uleb128 0xb
 12331 0486 39       		.uleb128 0x39
 12332 0487 0B       		.uleb128 0xb
 12333 0488 49       		.uleb128 0x49
 12334 0489 13       		.uleb128 0x13
 12335 048a 00       		.byte	0
 12336 048b 00       		.byte	0
 12337 048c 4A       		.uleb128 0x4a
 12338 048d 13       		.uleb128 0x13
 12339 048e 01       		.byte	0x1
 12340 048f 03       		.uleb128 0x3
 12341 0490 0E       		.uleb128 0xe
 12342 0491 0B       		.uleb128 0xb
 12343 0492 05       		.uleb128 0x5
 12344 0493 3A       		.uleb128 0x3a
 12345 0494 0B       		.uleb128 0xb
 12346 0495 3B       		.uleb128 0x3b
 12347 0496 05       		.uleb128 0x5
 12348 0497 39       		.uleb128 0x39
 12349 0498 0B       		.uleb128 0xb
 12350 0499 01       		.uleb128 0x1
 12351 049a 13       		.uleb128 0x13
 12352 049b 00       		.byte	0
 12353 049c 00       		.byte	0
ARM GAS  /tmp/ccSzEyJr.s 			page 218


 12354 049d 4B       		.uleb128 0x4b
 12355 049e 13       		.uleb128 0x13
 12356 049f 01       		.byte	0x1
 12357 04a0 0B       		.uleb128 0xb
 12358 04a1 0B       		.uleb128 0xb
 12359 04a2 3A       		.uleb128 0x3a
 12360 04a3 0B       		.uleb128 0xb
 12361 04a4 3B       		.uleb128 0x3b
 12362 04a5 05       		.uleb128 0x5
 12363 04a6 39       		.uleb128 0x39
 12364 04a7 0B       		.uleb128 0xb
 12365 04a8 01       		.uleb128 0x1
 12366 04a9 13       		.uleb128 0x13
 12367 04aa 00       		.byte	0
 12368 04ab 00       		.byte	0
 12369 04ac 4C       		.uleb128 0x4c
 12370 04ad 0D       		.uleb128 0xd
 12371 04ae 00       		.byte	0
 12372 04af 03       		.uleb128 0x3
 12373 04b0 0E       		.uleb128 0xe
 12374 04b1 3A       		.uleb128 0x3a
 12375 04b2 0B       		.uleb128 0xb
 12376 04b3 3B       		.uleb128 0x3b
 12377 04b4 05       		.uleb128 0x5
 12378 04b5 39       		.uleb128 0x39
 12379 04b6 0B       		.uleb128 0xb
 12380 04b7 49       		.uleb128 0x49
 12381 04b8 13       		.uleb128 0x13
 12382 04b9 00       		.byte	0
 12383 04ba 00       		.byte	0
 12384 04bb 4D       		.uleb128 0x4d
 12385 04bc 2E       		.uleb128 0x2e
 12386 04bd 01       		.byte	0x1
 12387 04be 3F       		.uleb128 0x3f
 12388 04bf 19       		.uleb128 0x19
 12389 04c0 03       		.uleb128 0x3
 12390 04c1 08       		.uleb128 0x8
 12391 04c2 3A       		.uleb128 0x3a
 12392 04c3 0B       		.uleb128 0xb
 12393 04c4 3B       		.uleb128 0x3b
 12394 04c5 05       		.uleb128 0x5
 12395 04c6 39       		.uleb128 0x39
 12396 04c7 0B       		.uleb128 0xb
 12397 04c8 49       		.uleb128 0x49
 12398 04c9 13       		.uleb128 0x13
 12399 04ca 3C       		.uleb128 0x3c
 12400 04cb 19       		.uleb128 0x19
 12401 04cc 01       		.uleb128 0x1
 12402 04cd 13       		.uleb128 0x13
 12403 04ce 00       		.byte	0
 12404 04cf 00       		.byte	0
 12405 04d0 4E       		.uleb128 0x4e
 12406 04d1 0D       		.uleb128 0xd
 12407 04d2 00       		.byte	0
 12408 04d3 03       		.uleb128 0x3
 12409 04d4 0E       		.uleb128 0xe
 12410 04d5 3A       		.uleb128 0x3a
ARM GAS  /tmp/ccSzEyJr.s 			page 219


 12411 04d6 0B       		.uleb128 0xb
 12412 04d7 3B       		.uleb128 0x3b
 12413 04d8 0B       		.uleb128 0xb
 12414 04d9 39       		.uleb128 0x39
 12415 04da 0B       		.uleb128 0xb
 12416 04db 49       		.uleb128 0x49
 12417 04dc 13       		.uleb128 0x13
 12418 04dd 0B       		.uleb128 0xb
 12419 04de 0B       		.uleb128 0xb
 12420 04df 0D       		.uleb128 0xd
 12421 04e0 0B       		.uleb128 0xb
 12422 04e1 0C       		.uleb128 0xc
 12423 04e2 0B       		.uleb128 0xb
 12424 04e3 38       		.uleb128 0x38
 12425 04e4 0B       		.uleb128 0xb
 12426 04e5 00       		.byte	0
 12427 04e6 00       		.byte	0
 12428 04e7 4F       		.uleb128 0x4f
 12429 04e8 2E       		.uleb128 0x2e
 12430 04e9 01       		.byte	0x1
 12431 04ea 3F       		.uleb128 0x3f
 12432 04eb 19       		.uleb128 0x19
 12433 04ec 03       		.uleb128 0x3
 12434 04ed 0E       		.uleb128 0xe
 12435 04ee 3A       		.uleb128 0x3a
 12436 04ef 0B       		.uleb128 0xb
 12437 04f0 3B       		.uleb128 0x3b
 12438 04f1 0B       		.uleb128 0xb
 12439 04f2 39       		.uleb128 0x39
 12440 04f3 0B       		.uleb128 0xb
 12441 04f4 3C       		.uleb128 0x3c
 12442 04f5 19       		.uleb128 0x19
 12443 04f6 01       		.uleb128 0x1
 12444 04f7 13       		.uleb128 0x13
 12445 04f8 00       		.byte	0
 12446 04f9 00       		.byte	0
 12447 04fa 50       		.uleb128 0x50
 12448 04fb 34       		.uleb128 0x34
 12449 04fc 00       		.byte	0
 12450 04fd 03       		.uleb128 0x3
 12451 04fe 0E       		.uleb128 0xe
 12452 04ff 3A       		.uleb128 0x3a
 12453 0500 0B       		.uleb128 0xb
 12454 0501 3B       		.uleb128 0x3b
 12455 0502 0B       		.uleb128 0xb
 12456 0503 39       		.uleb128 0x39
 12457 0504 0B       		.uleb128 0xb
 12458 0505 49       		.uleb128 0x49
 12459 0506 13       		.uleb128 0x13
 12460 0507 6C       		.uleb128 0x6c
 12461 0508 19       		.uleb128 0x19
 12462 0509 1C       		.uleb128 0x1c
 12463 050a 0A       		.uleb128 0xa
 12464 050b 00       		.byte	0
 12465 050c 00       		.byte	0
 12466 050d 51       		.uleb128 0x51
 12467 050e 34       		.uleb128 0x34
ARM GAS  /tmp/ccSzEyJr.s 			page 220


 12468 050f 00       		.byte	0
 12469 0510 03       		.uleb128 0x3
 12470 0511 0E       		.uleb128 0xe
 12471 0512 3A       		.uleb128 0x3a
 12472 0513 0B       		.uleb128 0xb
 12473 0514 3B       		.uleb128 0x3b
 12474 0515 0B       		.uleb128 0xb
 12475 0516 39       		.uleb128 0x39
 12476 0517 0B       		.uleb128 0xb
 12477 0518 49       		.uleb128 0x49
 12478 0519 13       		.uleb128 0x13
 12479 051a 6C       		.uleb128 0x6c
 12480 051b 19       		.uleb128 0x19
 12481 051c 1C       		.uleb128 0x1c
 12482 051d 05       		.uleb128 0x5
 12483 051e 00       		.byte	0
 12484 051f 00       		.byte	0
 12485 0520 52       		.uleb128 0x52
 12486 0521 34       		.uleb128 0x34
 12487 0522 00       		.byte	0
 12488 0523 03       		.uleb128 0x3
 12489 0524 0E       		.uleb128 0xe
 12490 0525 3A       		.uleb128 0x3a
 12491 0526 0B       		.uleb128 0xb
 12492 0527 3B       		.uleb128 0x3b
 12493 0528 0B       		.uleb128 0xb
 12494 0529 39       		.uleb128 0x39
 12495 052a 0B       		.uleb128 0xb
 12496 052b 49       		.uleb128 0x49
 12497 052c 13       		.uleb128 0x13
 12498 052d 02       		.uleb128 0x2
 12499 052e 18       		.uleb128 0x18
 12500 052f 00       		.byte	0
 12501 0530 00       		.byte	0
 12502 0531 53       		.uleb128 0x53
 12503 0532 0B       		.uleb128 0xb
 12504 0533 01       		.byte	0x1
 12505 0534 00       		.byte	0
 12506 0535 00       		.byte	0
 12507 0536 54       		.uleb128 0x54
 12508 0537 898201   		.uleb128 0x4109
 12509 053a 01       		.byte	0x1
 12510 053b 11       		.uleb128 0x11
 12511 053c 01       		.uleb128 0x1
 12512 053d 01       		.uleb128 0x1
 12513 053e 13       		.uleb128 0x13
 12514 053f 00       		.byte	0
 12515 0540 00       		.byte	0
 12516 0541 55       		.uleb128 0x55
 12517 0542 2E       		.uleb128 0x2e
 12518 0543 00       		.byte	0
 12519 0544 3F       		.uleb128 0x3f
 12520 0545 19       		.uleb128 0x19
 12521 0546 3C       		.uleb128 0x3c
 12522 0547 19       		.uleb128 0x19
 12523 0548 6E       		.uleb128 0x6e
 12524 0549 0E       		.uleb128 0xe
ARM GAS  /tmp/ccSzEyJr.s 			page 221


 12525 054a 03       		.uleb128 0x3
 12526 054b 0E       		.uleb128 0xe
 12527 054c 3A       		.uleb128 0x3a
 12528 054d 0B       		.uleb128 0xb
 12529 054e 3B       		.uleb128 0x3b
 12530 054f 0B       		.uleb128 0xb
 12531 0550 39       		.uleb128 0x39
 12532 0551 0B       		.uleb128 0xb
 12533 0552 00       		.byte	0
 12534 0553 00       		.byte	0
 12535 0554 56       		.uleb128 0x56
 12536 0555 11       		.uleb128 0x11
 12537 0556 01       		.byte	0x1
 12538 0557 25       		.uleb128 0x25
 12539 0558 0E       		.uleb128 0xe
 12540 0559 13       		.uleb128 0x13
 12541 055a 0B       		.uleb128 0xb
 12542 055b 03       		.uleb128 0x3
 12543 055c 0E       		.uleb128 0xe
 12544 055d 1B       		.uleb128 0x1b
 12545 055e 0E       		.uleb128 0xe
 12546 055f 55       		.uleb128 0x55
 12547 0560 17       		.uleb128 0x17
 12548 0561 11       		.uleb128 0x11
 12549 0562 01       		.uleb128 0x1
 12550 0563 10       		.uleb128 0x10
 12551 0564 17       		.uleb128 0x17
 12552 0565 00       		.byte	0
 12553 0566 00       		.byte	0
 12554 0567 57       		.uleb128 0x57
 12555 0568 24       		.uleb128 0x24
 12556 0569 00       		.byte	0
 12557 056a 0B       		.uleb128 0xb
 12558 056b 0B       		.uleb128 0xb
 12559 056c 3E       		.uleb128 0x3e
 12560 056d 0B       		.uleb128 0xb
 12561 056e 03       		.uleb128 0x3
 12562 056f 08       		.uleb128 0x8
 12563 0570 00       		.byte	0
 12564 0571 00       		.byte	0
 12565 0572 58       		.uleb128 0x58
 12566 0573 39       		.uleb128 0x39
 12567 0574 01       		.byte	0x1
 12568 0575 03       		.uleb128 0x3
 12569 0576 08       		.uleb128 0x8
 12570 0577 3A       		.uleb128 0x3a
 12571 0578 0B       		.uleb128 0xb
 12572 0579 3B       		.uleb128 0x3b
 12573 057a 0B       		.uleb128 0xb
 12574 057b 01       		.uleb128 0x1
 12575 057c 13       		.uleb128 0x13
 12576 057d 00       		.byte	0
 12577 057e 00       		.byte	0
 12578 057f 59       		.uleb128 0x59
 12579 0580 39       		.uleb128 0x39
 12580 0581 01       		.byte	0x1
 12581 0582 03       		.uleb128 0x3
ARM GAS  /tmp/ccSzEyJr.s 			page 222


 12582 0583 0E       		.uleb128 0xe
 12583 0584 3A       		.uleb128 0x3a
 12584 0585 0B       		.uleb128 0xb
 12585 0586 3B       		.uleb128 0x3b
 12586 0587 05       		.uleb128 0x5
 12587 0588 39       		.uleb128 0x39
 12588 0589 0B       		.uleb128 0xb
 12589 058a 01       		.uleb128 0x1
 12590 058b 13       		.uleb128 0x13
 12591 058c 00       		.byte	0
 12592 058d 00       		.byte	0
 12593 058e 5A       		.uleb128 0x5a
 12594 058f 2E       		.uleb128 0x2e
 12595 0590 01       		.byte	0x1
 12596 0591 3F       		.uleb128 0x3f
 12597 0592 19       		.uleb128 0x19
 12598 0593 03       		.uleb128 0x3
 12599 0594 08       		.uleb128 0x8
 12600 0595 3A       		.uleb128 0x3a
 12601 0596 0B       		.uleb128 0xb
 12602 0597 3B       		.uleb128 0x3b
 12603 0598 0B       		.uleb128 0xb
 12604 0599 39       		.uleb128 0x39
 12605 059a 0B       		.uleb128 0xb
 12606 059b 6E       		.uleb128 0x6e
 12607 059c 0E       		.uleb128 0xe
 12608 059d 49       		.uleb128 0x49
 12609 059e 13       		.uleb128 0x13
 12610 059f 3C       		.uleb128 0x3c
 12611 05a0 19       		.uleb128 0x19
 12612 05a1 00       		.byte	0
 12613 05a2 00       		.byte	0
 12614 05a3 5B       		.uleb128 0x5b
 12615 05a4 13       		.uleb128 0x13
 12616 05a5 01       		.byte	0x1
 12617 05a6 0B       		.uleb128 0xb
 12618 05a7 0B       		.uleb128 0xb
 12619 05a8 8801     		.uleb128 0x88
 12620 05aa 0B       		.uleb128 0xb
 12621 05ab 3A       		.uleb128 0x3a
 12622 05ac 0B       		.uleb128 0xb
 12623 05ad 3B       		.uleb128 0x3b
 12624 05ae 05       		.uleb128 0x5
 12625 05af 39       		.uleb128 0x39
 12626 05b0 0B       		.uleb128 0xb
 12627 05b1 6E       		.uleb128 0x6e
 12628 05b2 0E       		.uleb128 0xe
 12629 05b3 01       		.uleb128 0x1
 12630 05b4 13       		.uleb128 0x13
 12631 05b5 00       		.byte	0
 12632 05b6 00       		.byte	0
 12633 05b7 5C       		.uleb128 0x5c
 12634 05b8 16       		.uleb128 0x16
 12635 05b9 00       		.byte	0
 12636 05ba 03       		.uleb128 0x3
 12637 05bb 0E       		.uleb128 0xe
 12638 05bc 3A       		.uleb128 0x3a
ARM GAS  /tmp/ccSzEyJr.s 			page 223


 12639 05bd 0B       		.uleb128 0xb
 12640 05be 3B       		.uleb128 0x3b
 12641 05bf 05       		.uleb128 0x5
 12642 05c0 39       		.uleb128 0x39
 12643 05c1 0B       		.uleb128 0xb
 12644 05c2 49       		.uleb128 0x49
 12645 05c3 13       		.uleb128 0x13
 12646 05c4 8801     		.uleb128 0x88
 12647 05c6 0B       		.uleb128 0xb
 12648 05c7 00       		.byte	0
 12649 05c8 00       		.byte	0
 12650 05c9 5D       		.uleb128 0x5d
 12651 05ca 3B       		.uleb128 0x3b
 12652 05cb 00       		.byte	0
 12653 05cc 03       		.uleb128 0x3
 12654 05cd 0E       		.uleb128 0xe
 12655 05ce 00       		.byte	0
 12656 05cf 00       		.byte	0
 12657 05d0 5E       		.uleb128 0x5e
 12658 05d1 17       		.uleb128 0x17
 12659 05d2 01       		.byte	0x1
 12660 05d3 0B       		.uleb128 0xb
 12661 05d4 0B       		.uleb128 0xb
 12662 05d5 3A       		.uleb128 0x3a
 12663 05d6 0B       		.uleb128 0xb
 12664 05d7 3B       		.uleb128 0x3b
 12665 05d8 0B       		.uleb128 0xb
 12666 05d9 39       		.uleb128 0x39
 12667 05da 0B       		.uleb128 0xb
 12668 05db 01       		.uleb128 0x1
 12669 05dc 13       		.uleb128 0x13
 12670 05dd 00       		.byte	0
 12671 05de 00       		.byte	0
 12672 05df 5F       		.uleb128 0x5f
 12673 05e0 0F       		.uleb128 0xf
 12674 05e1 00       		.byte	0
 12675 05e2 0B       		.uleb128 0xb
 12676 05e3 0B       		.uleb128 0xb
 12677 05e4 00       		.byte	0
 12678 05e5 00       		.byte	0
 12679 05e6 60       		.uleb128 0x60
 12680 05e7 15       		.uleb128 0x15
 12681 05e8 00       		.byte	0
 12682 05e9 00       		.byte	0
 12683 05ea 00       		.byte	0
 12684 05eb 61       		.uleb128 0x61
 12685 05ec 17       		.uleb128 0x17
 12686 05ed 01       		.byte	0x1
 12687 05ee 0B       		.uleb128 0xb
 12688 05ef 0B       		.uleb128 0xb
 12689 05f0 3A       		.uleb128 0x3a
 12690 05f1 0B       		.uleb128 0xb
 12691 05f2 3B       		.uleb128 0x3b
 12692 05f3 05       		.uleb128 0x5
 12693 05f4 39       		.uleb128 0x39
 12694 05f5 0B       		.uleb128 0xb
 12695 05f6 01       		.uleb128 0x1
ARM GAS  /tmp/ccSzEyJr.s 			page 224


 12696 05f7 13       		.uleb128 0x13
 12697 05f8 00       		.byte	0
 12698 05f9 00       		.byte	0
 12699 05fa 62       		.uleb128 0x62
 12700 05fb 13       		.uleb128 0x13
 12701 05fc 00       		.byte	0
 12702 05fd 03       		.uleb128 0x3
 12703 05fe 0E       		.uleb128 0xe
 12704 05ff 3C       		.uleb128 0x3c
 12705 0600 19       		.uleb128 0x19
 12706 0601 00       		.byte	0
 12707 0602 00       		.byte	0
 12708 0603 63       		.uleb128 0x63
 12709 0604 26       		.uleb128 0x26
 12710 0605 00       		.byte	0
 12711 0606 00       		.byte	0
 12712 0607 00       		.byte	0
 12713 0608 64       		.uleb128 0x64
 12714 0609 04       		.uleb128 0x4
 12715 060a 01       		.byte	0x1
 12716 060b 3E       		.uleb128 0x3e
 12717 060c 0B       		.uleb128 0xb
 12718 060d 0B       		.uleb128 0xb
 12719 060e 0B       		.uleb128 0xb
 12720 060f 49       		.uleb128 0x49
 12721 0610 13       		.uleb128 0x13
 12722 0611 3A       		.uleb128 0x3a
 12723 0612 0B       		.uleb128 0xb
 12724 0613 3B       		.uleb128 0x3b
 12725 0614 0B       		.uleb128 0xb
 12726 0615 39       		.uleb128 0x39
 12727 0616 0B       		.uleb128 0xb
 12728 0617 01       		.uleb128 0x1
 12729 0618 13       		.uleb128 0x13
 12730 0619 00       		.byte	0
 12731 061a 00       		.byte	0
 12732 061b 65       		.uleb128 0x65
 12733 061c 16       		.uleb128 0x16
 12734 061d 00       		.byte	0
 12735 061e 03       		.uleb128 0x3
 12736 061f 0E       		.uleb128 0xe
 12737 0620 3A       		.uleb128 0x3a
 12738 0621 0B       		.uleb128 0xb
 12739 0622 3B       		.uleb128 0x3b
 12740 0623 0B       		.uleb128 0xb
 12741 0624 39       		.uleb128 0x39
 12742 0625 0B       		.uleb128 0xb
 12743 0626 00       		.byte	0
 12744 0627 00       		.byte	0
 12745 0628 66       		.uleb128 0x66
 12746 0629 15       		.uleb128 0x15
 12747 062a 00       		.byte	0
 12748 062b 49       		.uleb128 0x49
 12749 062c 13       		.uleb128 0x13
 12750 062d 00       		.byte	0
 12751 062e 00       		.byte	0
 12752 062f 67       		.uleb128 0x67
ARM GAS  /tmp/ccSzEyJr.s 			page 225


 12753 0630 04       		.uleb128 0x4
 12754 0631 01       		.byte	0x1
 12755 0632 3E       		.uleb128 0x3e
 12756 0633 0B       		.uleb128 0xb
 12757 0634 0B       		.uleb128 0xb
 12758 0635 0B       		.uleb128 0xb
 12759 0636 49       		.uleb128 0x49
 12760 0637 13       		.uleb128 0x13
 12761 0638 3A       		.uleb128 0x3a
 12762 0639 0B       		.uleb128 0xb
 12763 063a 3B       		.uleb128 0x3b
 12764 063b 05       		.uleb128 0x5
 12765 063c 39       		.uleb128 0x39
 12766 063d 0B       		.uleb128 0xb
 12767 063e 01       		.uleb128 0x1
 12768 063f 13       		.uleb128 0x13
 12769 0640 00       		.byte	0
 12770 0641 00       		.byte	0
 12771 0642 68       		.uleb128 0x68
 12772 0643 28       		.uleb128 0x28
 12773 0644 00       		.byte	0
 12774 0645 03       		.uleb128 0x3
 12775 0646 0E       		.uleb128 0xe
 12776 0647 1C       		.uleb128 0x1c
 12777 0648 0B       		.uleb128 0xb
 12778 0649 00       		.byte	0
 12779 064a 00       		.byte	0
 12780 064b 69       		.uleb128 0x69
 12781 064c 2E       		.uleb128 0x2e
 12782 064d 00       		.byte	0
 12783 064e 3F       		.uleb128 0x3f
 12784 064f 19       		.uleb128 0x19
 12785 0650 03       		.uleb128 0x3
 12786 0651 0E       		.uleb128 0xe
 12787 0652 3A       		.uleb128 0x3a
 12788 0653 0B       		.uleb128 0xb
 12789 0654 3B       		.uleb128 0x3b
 12790 0655 0B       		.uleb128 0xb
 12791 0656 39       		.uleb128 0x39
 12792 0657 0B       		.uleb128 0xb
 12793 0658 49       		.uleb128 0x49
 12794 0659 13       		.uleb128 0x13
 12795 065a 3C       		.uleb128 0x3c
 12796 065b 19       		.uleb128 0x19
 12797 065c 00       		.byte	0
 12798 065d 00       		.byte	0
 12799 065e 6A       		.uleb128 0x6a
 12800 065f 34       		.uleb128 0x34
 12801 0660 00       		.byte	0
 12802 0661 03       		.uleb128 0x3
 12803 0662 0E       		.uleb128 0xe
 12804 0663 3A       		.uleb128 0x3a
 12805 0664 0B       		.uleb128 0xb
 12806 0665 3B       		.uleb128 0x3b
 12807 0666 0B       		.uleb128 0xb
 12808 0667 39       		.uleb128 0x39
 12809 0668 0B       		.uleb128 0xb
ARM GAS  /tmp/ccSzEyJr.s 			page 226


 12810 0669 49       		.uleb128 0x49
 12811 066a 13       		.uleb128 0x13
 12812 066b 6C       		.uleb128 0x6c
 12813 066c 19       		.uleb128 0x19
 12814 066d 1C       		.uleb128 0x1c
 12815 066e 0B       		.uleb128 0xb
 12816 066f 00       		.byte	0
 12817 0670 00       		.byte	0
 12818 0671 6B       		.uleb128 0x6b
 12819 0672 34       		.uleb128 0x34
 12820 0673 00       		.byte	0
 12821 0674 03       		.uleb128 0x3
 12822 0675 0E       		.uleb128 0xe
 12823 0676 3A       		.uleb128 0x3a
 12824 0677 0B       		.uleb128 0xb
 12825 0678 3B       		.uleb128 0x3b
 12826 0679 0B       		.uleb128 0xb
 12827 067a 39       		.uleb128 0x39
 12828 067b 0B       		.uleb128 0xb
 12829 067c 49       		.uleb128 0x49
 12830 067d 13       		.uleb128 0x13
 12831 067e 6C       		.uleb128 0x6c
 12832 067f 19       		.uleb128 0x19
 12833 0680 1C       		.uleb128 0x1c
 12834 0681 06       		.uleb128 0x6
 12835 0682 00       		.byte	0
 12836 0683 00       		.byte	0
 12837 0684 6C       		.uleb128 0x6c
 12838 0685 34       		.uleb128 0x34
 12839 0686 00       		.byte	0
 12840 0687 03       		.uleb128 0x3
 12841 0688 08       		.uleb128 0x8
 12842 0689 3A       		.uleb128 0x3a
 12843 068a 0B       		.uleb128 0xb
 12844 068b 3B       		.uleb128 0x3b
 12845 068c 0B       		.uleb128 0xb
 12846 068d 39       		.uleb128 0x39
 12847 068e 0B       		.uleb128 0xb
 12848 068f 49       		.uleb128 0x49
 12849 0690 13       		.uleb128 0x13
 12850 0691 6C       		.uleb128 0x6c
 12851 0692 19       		.uleb128 0x19
 12852 0693 1C       		.uleb128 0x1c
 12853 0694 0A       		.uleb128 0xa
 12854 0695 00       		.byte	0
 12855 0696 00       		.byte	0
 12856 0697 6D       		.uleb128 0x6d
 12857 0698 0D       		.uleb128 0xd
 12858 0699 00       		.byte	0
 12859 069a 03       		.uleb128 0x3
 12860 069b 0E       		.uleb128 0xe
 12861 069c 3A       		.uleb128 0x3a
 12862 069d 0B       		.uleb128 0xb
 12863 069e 3B       		.uleb128 0x3b
 12864 069f 0B       		.uleb128 0xb
 12865 06a0 39       		.uleb128 0x39
 12866 06a1 0B       		.uleb128 0xb
ARM GAS  /tmp/ccSzEyJr.s 			page 227


 12867 06a2 49       		.uleb128 0x49
 12868 06a3 13       		.uleb128 0x13
 12869 06a4 3F       		.uleb128 0x3f
 12870 06a5 19       		.uleb128 0x19
 12871 06a6 32       		.uleb128 0x32
 12872 06a7 0B       		.uleb128 0xb
 12873 06a8 3C       		.uleb128 0x3c
 12874 06a9 19       		.uleb128 0x19
 12875 06aa 1C       		.uleb128 0x1c
 12876 06ab 0B       		.uleb128 0xb
 12877 06ac 6C       		.uleb128 0x6c
 12878 06ad 19       		.uleb128 0x19
 12879 06ae 00       		.byte	0
 12880 06af 00       		.byte	0
 12881 06b0 6E       		.uleb128 0x6e
 12882 06b1 2E       		.uleb128 0x2e
 12883 06b2 01       		.byte	0x1
 12884 06b3 3F       		.uleb128 0x3f
 12885 06b4 19       		.uleb128 0x19
 12886 06b5 03       		.uleb128 0x3
 12887 06b6 0E       		.uleb128 0xe
 12888 06b7 3A       		.uleb128 0x3a
 12889 06b8 0B       		.uleb128 0xb
 12890 06b9 3B       		.uleb128 0x3b
 12891 06ba 0B       		.uleb128 0xb
 12892 06bb 39       		.uleb128 0x39
 12893 06bc 0B       		.uleb128 0xb
 12894 06bd 6E       		.uleb128 0x6e
 12895 06be 0E       		.uleb128 0xe
 12896 06bf 3C       		.uleb128 0x3c
 12897 06c0 19       		.uleb128 0x19
 12898 06c1 64       		.uleb128 0x64
 12899 06c2 13       		.uleb128 0x13
 12900 06c3 01       		.uleb128 0x1
 12901 06c4 13       		.uleb128 0x13
 12902 06c5 00       		.byte	0
 12903 06c6 00       		.byte	0
 12904 06c7 6F       		.uleb128 0x6f
 12905 06c8 2E       		.uleb128 0x2e
 12906 06c9 00       		.byte	0
 12907 06ca 03       		.uleb128 0x3
 12908 06cb 0E       		.uleb128 0xe
 12909 06cc 34       		.uleb128 0x34
 12910 06cd 19       		.uleb128 0x19
 12911 06ce 00       		.byte	0
 12912 06cf 00       		.byte	0
 12913 06d0 70       		.uleb128 0x70
 12914 06d1 2E       		.uleb128 0x2e
 12915 06d2 01       		.byte	0x1
 12916 06d3 03       		.uleb128 0x3
 12917 06d4 0E       		.uleb128 0xe
 12918 06d5 34       		.uleb128 0x34
 12919 06d6 19       		.uleb128 0x19
 12920 06d7 11       		.uleb128 0x11
 12921 06d8 01       		.uleb128 0x1
 12922 06d9 12       		.uleb128 0x12
 12923 06da 06       		.uleb128 0x6
ARM GAS  /tmp/ccSzEyJr.s 			page 228


 12924 06db 40       		.uleb128 0x40
 12925 06dc 18       		.uleb128 0x18
 12926 06dd 9742     		.uleb128 0x2117
 12927 06df 19       		.uleb128 0x19
 12928 06e0 01       		.uleb128 0x1
 12929 06e1 13       		.uleb128 0x13
 12930 06e2 00       		.byte	0
 12931 06e3 00       		.byte	0
 12932 06e4 71       		.uleb128 0x71
 12933 06e5 1D       		.uleb128 0x1d
 12934 06e6 01       		.byte	0x1
 12935 06e7 31       		.uleb128 0x31
 12936 06e8 13       		.uleb128 0x13
 12937 06e9 11       		.uleb128 0x11
 12938 06ea 01       		.uleb128 0x1
 12939 06eb 12       		.uleb128 0x12
 12940 06ec 06       		.uleb128 0x6
 12941 06ed 58       		.uleb128 0x58
 12942 06ee 0B       		.uleb128 0xb
 12943 06ef 59       		.uleb128 0x59
 12944 06f0 0B       		.uleb128 0xb
 12945 06f1 57       		.uleb128 0x57
 12946 06f2 0B       		.uleb128 0xb
 12947 06f3 00       		.byte	0
 12948 06f4 00       		.byte	0
 12949 06f5 72       		.uleb128 0x72
 12950 06f6 2E       		.uleb128 0x2e
 12951 06f7 01       		.byte	0x1
 12952 06f8 03       		.uleb128 0x3
 12953 06f9 0E       		.uleb128 0xe
 12954 06fa 34       		.uleb128 0x34
 12955 06fb 19       		.uleb128 0x19
 12956 06fc 20       		.uleb128 0x20
 12957 06fd 0B       		.uleb128 0xb
 12958 06fe 01       		.uleb128 0x1
 12959 06ff 13       		.uleb128 0x13
 12960 0700 00       		.byte	0
 12961 0701 00       		.byte	0
 12962 0702 73       		.uleb128 0x73
 12963 0703 0B       		.uleb128 0xb
 12964 0704 00       		.byte	0
 12965 0705 31       		.uleb128 0x31
 12966 0706 13       		.uleb128 0x13
 12967 0707 11       		.uleb128 0x11
 12968 0708 01       		.uleb128 0x1
 12969 0709 12       		.uleb128 0x12
 12970 070a 06       		.uleb128 0x6
 12971 070b 00       		.byte	0
 12972 070c 00       		.byte	0
 12973 070d 74       		.uleb128 0x74
 12974 070e 1D       		.uleb128 0x1d
 12975 070f 01       		.byte	0x1
 12976 0710 31       		.uleb128 0x31
 12977 0711 13       		.uleb128 0x13
 12978 0712 11       		.uleb128 0x11
 12979 0713 01       		.uleb128 0x1
 12980 0714 12       		.uleb128 0x12
ARM GAS  /tmp/ccSzEyJr.s 			page 229


 12981 0715 06       		.uleb128 0x6
 12982 0716 58       		.uleb128 0x58
 12983 0717 0B       		.uleb128 0xb
 12984 0718 59       		.uleb128 0x59
 12985 0719 0B       		.uleb128 0xb
 12986 071a 57       		.uleb128 0x57
 12987 071b 0B       		.uleb128 0xb
 12988 071c 01       		.uleb128 0x1
 12989 071d 13       		.uleb128 0x13
 12990 071e 00       		.byte	0
 12991 071f 00       		.byte	0
 12992 0720 75       		.uleb128 0x75
 12993 0721 0B       		.uleb128 0xb
 12994 0722 01       		.byte	0x1
 12995 0723 31       		.uleb128 0x31
 12996 0724 13       		.uleb128 0x13
 12997 0725 11       		.uleb128 0x11
 12998 0726 01       		.uleb128 0x1
 12999 0727 12       		.uleb128 0x12
 13000 0728 06       		.uleb128 0x6
 13001 0729 00       		.byte	0
 13002 072a 00       		.byte	0
 13003 072b 76       		.uleb128 0x76
 13004 072c 2E       		.uleb128 0x2e
 13005 072d 00       		.byte	0
 13006 072e 3F       		.uleb128 0x3f
 13007 072f 19       		.uleb128 0x19
 13008 0730 03       		.uleb128 0x3
 13009 0731 0E       		.uleb128 0xe
 13010 0732 3A       		.uleb128 0x3a
 13011 0733 0B       		.uleb128 0xb
 13012 0734 3B       		.uleb128 0x3b
 13013 0735 0B       		.uleb128 0xb
 13014 0736 39       		.uleb128 0x39
 13015 0737 0B       		.uleb128 0xb
 13016 0738 20       		.uleb128 0x20
 13017 0739 0B       		.uleb128 0xb
 13018 073a 00       		.byte	0
 13019 073b 00       		.byte	0
 13020 073c 77       		.uleb128 0x77
 13021 073d 2E       		.uleb128 0x2e
 13022 073e 01       		.byte	0x1
 13023 073f 47       		.uleb128 0x47
 13024 0740 13       		.uleb128 0x13
 13025 0741 20       		.uleb128 0x20
 13026 0742 0B       		.uleb128 0xb
 13027 0743 01       		.uleb128 0x1
 13028 0744 13       		.uleb128 0x13
 13029 0745 00       		.byte	0
 13030 0746 00       		.byte	0
 13031 0747 78       		.uleb128 0x78
 13032 0748 34       		.uleb128 0x34
 13033 0749 00       		.byte	0
 13034 074a 03       		.uleb128 0x3
 13035 074b 0E       		.uleb128 0xe
 13036 074c 3A       		.uleb128 0x3a
 13037 074d 0B       		.uleb128 0xb
ARM GAS  /tmp/ccSzEyJr.s 			page 230


 13038 074e 3B       		.uleb128 0x3b
 13039 074f 0B       		.uleb128 0xb
 13040 0750 39       		.uleb128 0x39
 13041 0751 0B       		.uleb128 0xb
 13042 0752 6E       		.uleb128 0x6e
 13043 0753 0E       		.uleb128 0xe
 13044 0754 49       		.uleb128 0x49
 13045 0755 13       		.uleb128 0x13
 13046 0756 3F       		.uleb128 0x3f
 13047 0757 19       		.uleb128 0x19
 13048 0758 02       		.uleb128 0x2
 13049 0759 18       		.uleb128 0x18
 13050 075a 00       		.byte	0
 13051 075b 00       		.byte	0
 13052 075c 79       		.uleb128 0x79
 13053 075d 0B       		.uleb128 0xb
 13054 075e 01       		.byte	0x1
 13055 075f 55       		.uleb128 0x55
 13056 0760 17       		.uleb128 0x17
 13057 0761 01       		.uleb128 0x1
 13058 0762 13       		.uleb128 0x13
 13059 0763 00       		.byte	0
 13060 0764 00       		.byte	0
 13061 0765 7A       		.uleb128 0x7a
 13062 0766 898201   		.uleb128 0x4109
 13063 0769 01       		.byte	0x1
 13064 076a 11       		.uleb128 0x11
 13065 076b 01       		.uleb128 0x1
 13066 076c 31       		.uleb128 0x31
 13067 076d 13       		.uleb128 0x13
 13068 076e 01       		.uleb128 0x1
 13069 076f 13       		.uleb128 0x13
 13070 0770 00       		.byte	0
 13071 0771 00       		.byte	0
 13072 0772 7B       		.uleb128 0x7b
 13073 0773 2E       		.uleb128 0x2e
 13074 0774 01       		.byte	0x1
 13075 0775 3F       		.uleb128 0x3f
 13076 0776 19       		.uleb128 0x19
 13077 0777 03       		.uleb128 0x3
 13078 0778 0E       		.uleb128 0xe
 13079 0779 3A       		.uleb128 0x3a
 13080 077a 0B       		.uleb128 0xb
 13081 077b 3B       		.uleb128 0x3b
 13082 077c 0B       		.uleb128 0xb
 13083 077d 39       		.uleb128 0x39
 13084 077e 0B       		.uleb128 0xb
 13085 077f 6E       		.uleb128 0x6e
 13086 0780 0E       		.uleb128 0xe
 13087 0781 49       		.uleb128 0x49
 13088 0782 13       		.uleb128 0x13
 13089 0783 20       		.uleb128 0x20
 13090 0784 0B       		.uleb128 0xb
 13091 0785 01       		.uleb128 0x1
 13092 0786 13       		.uleb128 0x13
 13093 0787 00       		.byte	0
 13094 0788 00       		.byte	0
ARM GAS  /tmp/ccSzEyJr.s 			page 231


 13095 0789 7C       		.uleb128 0x7c
 13096 078a 2E       		.uleb128 0x2e
 13097 078b 01       		.byte	0x1
 13098 078c 03       		.uleb128 0x3
 13099 078d 0E       		.uleb128 0xe
 13100 078e 3A       		.uleb128 0x3a
 13101 078f 0B       		.uleb128 0xb
 13102 0790 3B       		.uleb128 0x3b
 13103 0791 0B       		.uleb128 0xb
 13104 0792 39       		.uleb128 0x39
 13105 0793 0B       		.uleb128 0xb
 13106 0794 49       		.uleb128 0x49
 13107 0795 13       		.uleb128 0x13
 13108 0796 20       		.uleb128 0x20
 13109 0797 0B       		.uleb128 0xb
 13110 0798 01       		.uleb128 0x1
 13111 0799 13       		.uleb128 0x13
 13112 079a 00       		.byte	0
 13113 079b 00       		.byte	0
 13114 079c 7D       		.uleb128 0x7d
 13115 079d 2E       		.uleb128 0x2e
 13116 079e 01       		.byte	0x1
 13117 079f 31       		.uleb128 0x31
 13118 07a0 13       		.uleb128 0x13
 13119 07a1 6E       		.uleb128 0x6e
 13120 07a2 0E       		.uleb128 0xe
 13121 07a3 11       		.uleb128 0x11
 13122 07a4 01       		.uleb128 0x1
 13123 07a5 12       		.uleb128 0x12
 13124 07a6 06       		.uleb128 0x6
 13125 07a7 40       		.uleb128 0x40
 13126 07a8 18       		.uleb128 0x18
 13127 07a9 9742     		.uleb128 0x2117
 13128 07ab 19       		.uleb128 0x19
 13129 07ac 01       		.uleb128 0x1
 13130 07ad 13       		.uleb128 0x13
 13131 07ae 00       		.byte	0
 13132 07af 00       		.byte	0
 13133 07b0 7E       		.uleb128 0x7e
 13134 07b1 2E       		.uleb128 0x2e
 13135 07b2 00       		.byte	0
 13136 07b3 31       		.uleb128 0x31
 13137 07b4 13       		.uleb128 0x13
 13138 07b5 11       		.uleb128 0x11
 13139 07b6 01       		.uleb128 0x1
 13140 07b7 12       		.uleb128 0x12
 13141 07b8 06       		.uleb128 0x6
 13142 07b9 40       		.uleb128 0x40
 13143 07ba 18       		.uleb128 0x18
 13144 07bb 9742     		.uleb128 0x2117
 13145 07bd 19       		.uleb128 0x19
 13146 07be 00       		.byte	0
 13147 07bf 00       		.byte	0
 13148 07c0 7F       		.uleb128 0x7f
 13149 07c1 2E       		.uleb128 0x2e
 13150 07c2 00       		.byte	0
 13151 07c3 3F       		.uleb128 0x3f
ARM GAS  /tmp/ccSzEyJr.s 			page 232


 13152 07c4 19       		.uleb128 0x19
 13153 07c5 3C       		.uleb128 0x3c
 13154 07c6 19       		.uleb128 0x19
 13155 07c7 6E       		.uleb128 0x6e
 13156 07c8 0E       		.uleb128 0xe
 13157 07c9 03       		.uleb128 0x3
 13158 07ca 0E       		.uleb128 0xe
 13159 07cb 00       		.byte	0
 13160 07cc 00       		.byte	0
 13161 07cd 00       		.byte	0
 13162              		.section	.debug_loc,"",%progbits
 13163              	.Ldebug_loc0:
 13164              	.LVUS98:
 13165 0000 01       		.uleb128 .LVU492
 13166 0001 00       		.uleb128 .LVU505
 13167              	.LLST98:
 13168 0002 00000000 		.4byte	.LVL136
 13169 0006 36000000 		.4byte	.LVL139
 13170 000a 0400     		.2byte	0x4
 13171 000c 0A       		.byte	0xa
 13172 000d FFFF     		.2byte	0xffff
 13173 000f 9F       		.byte	0x9f
 13174 0010 00000000 		.4byte	0
 13175 0014 00000000 		.4byte	0
 13176              	.LVUS99:
 13177 0018 01       		.uleb128 .LVU492
 13178 0019 00       		.uleb128 .LVU505
 13179              	.LLST99:
 13180 001a 00000000 		.4byte	.LVL136
 13181 001e 36000000 		.4byte	.LVL139
 13182 0022 0200     		.2byte	0x2
 13183 0024 31       		.byte	0x31
 13184 0025 9F       		.byte	0x9f
 13185 0026 00000000 		.4byte	0
 13186 002a 00000000 		.4byte	0
 13187              	.LVUS100:
 13188 002e 03       		.uleb128 .LVU494
 13189 002f 00       		.uleb128 .LVU505
 13190              	.LLST100:
 13191 0030 00000000 		.4byte	.LVL136
 13192 0034 36000000 		.4byte	.LVL139
 13193 0038 0400     		.2byte	0x4
 13194 003a 0A       		.byte	0xa
 13195 003b FFFF     		.2byte	0xffff
 13196 003d 9F       		.byte	0x9f
 13197 003e 00000000 		.4byte	0
 13198 0042 00000000 		.4byte	0
 13199              	.LVUS101:
 13200 0046 03       		.uleb128 .LVU494
 13201 0047 00       		.uleb128 .LVU505
 13202              	.LLST101:
 13203 0048 00000000 		.4byte	.LVL136
 13204 004c 36000000 		.4byte	.LVL139
 13205 0050 0200     		.2byte	0x2
 13206 0052 31       		.byte	0x31
 13207 0053 9F       		.byte	0x9f
 13208 0054 00000000 		.4byte	0
ARM GAS  /tmp/ccSzEyJr.s 			page 233


 13209 0058 00000000 		.4byte	0
 13210              	.LVUS102:
 13211 005c 03       		.uleb128 .LVU494
 13212 005d 00       		.uleb128 .LVU505
 13213              	.LLST102:
 13214 005e 00000000 		.4byte	.LVL136
 13215 0062 36000000 		.4byte	.LVL139
 13216 0066 0600     		.2byte	0x6
 13217 0068 03       		.byte	0x3
 13218 0069 00000000 		.4byte	_ZL17s_effect_instance
 13219 006d 9F       		.byte	0x9f
 13220 006e 00000000 		.4byte	0
 13221 0072 00000000 		.4byte	0
 13222              	.LVUS103:
 13223 0076 04       		.uleb128 .LVU495
 13224 0077 00       		.uleb128 .LVU503
 13225              	.LLST103:
 13226 0078 00000000 		.4byte	.LVL136
 13227 007c 2A000000 		.4byte	.LVL138
 13228 0080 0600     		.2byte	0x6
 13229 0082 03       		.byte	0x3
 13230 0083 00000000 		.4byte	_ZL17s_effect_instance
 13231 0087 9F       		.byte	0x9f
 13232 0088 00000000 		.4byte	0
 13233 008c 00000000 		.4byte	0
 13234              	.LVUS95:
 13235 0090 00       		.uleb128 0
 13236 0091 00       		.uleb128 .LVU475
 13237 0092 00       		.uleb128 .LVU475
 13238 0093 00       		.uleb128 .LVU478
 13239 0094 00       		.uleb128 .LVU478
 13240 0095 00       		.uleb128 0
 13241              	.LLST95:
 13242 0096 D8010000 		.4byte	.LVL130
 13243 009a DC010000 		.4byte	.LVL132
 13244 009e 0100     		.2byte	0x1
 13245 00a0 50       		.byte	0x50
 13246 00a1 DC010000 		.4byte	.LVL132
 13247 00a5 E3010000 		.4byte	.LVL133-1
 13248 00a9 0100     		.2byte	0x1
 13249 00ab 51       		.byte	0x51
 13250 00ac E3010000 		.4byte	.LVL133-1
 13251 00b0 EC010000 		.4byte	.LFE549
 13252 00b4 0400     		.2byte	0x4
 13253 00b6 F3       		.byte	0xf3
 13254 00b7 01       		.uleb128 0x1
 13255 00b8 50       		.byte	0x50
 13256 00b9 9F       		.byte	0x9f
 13257 00ba 00000000 		.4byte	0
 13258 00be 00000000 		.4byte	0
 13259              	.LVUS96:
 13260 00c2 00       		.uleb128 .LVU472
 13261 00c3 00       		.uleb128 .LVU475
 13262 00c4 00       		.uleb128 .LVU475
 13263 00c5 00       		.uleb128 .LVU478
 13264 00c6 00       		.uleb128 .LVU478
 13265 00c7 00       		.uleb128 .LVU478
ARM GAS  /tmp/ccSzEyJr.s 			page 234


 13266              	.LLST96:
 13267 00c8 DA010000 		.4byte	.LVL131
 13268 00cc DC010000 		.4byte	.LVL132
 13269 00d0 0100     		.2byte	0x1
 13270 00d2 50       		.byte	0x50
 13271 00d3 DC010000 		.4byte	.LVL132
 13272 00d7 E3010000 		.4byte	.LVL133-1
 13273 00db 0100     		.2byte	0x1
 13274 00dd 51       		.byte	0x51
 13275 00de E3010000 		.4byte	.LVL133-1
 13276 00e2 E4010000 		.4byte	.LVL133
 13277 00e6 0400     		.2byte	0x4
 13278 00e8 F3       		.byte	0xf3
 13279 00e9 01       		.uleb128 0x1
 13280 00ea 50       		.byte	0x50
 13281 00eb 9F       		.byte	0x9f
 13282 00ec 00000000 		.4byte	0
 13283 00f0 00000000 		.4byte	0
 13284              	.LVUS97:
 13285 00f4 02       		.uleb128 .LVU471
 13286 00f5 00       		.uleb128 .LVU478
 13287              	.LLST97:
 13288 00f6 D8010000 		.4byte	.LVL130
 13289 00fa E4010000 		.4byte	.LVL133
 13290 00fe 0600     		.2byte	0x6
 13291 0100 03       		.byte	0x3
 13292 0101 00000000 		.4byte	_ZL17s_effect_instance
 13293 0105 9F       		.byte	0x9f
 13294 0106 00000000 		.4byte	0
 13295 010a 00000000 		.4byte	0
 13296              	.LVUS92:
 13297 010e 00       		.uleb128 0
 13298 010f 00       		.uleb128 .LVU464
 13299 0110 00       		.uleb128 .LVU464
 13300 0111 00       		.uleb128 .LVU465
 13301 0112 00       		.uleb128 .LVU465
 13302 0113 00       		.uleb128 .LVU467
 13303 0114 00       		.uleb128 .LVU467
 13304 0115 00       		.uleb128 0
 13305              	.LLST92:
 13306 0116 B8010000 		.4byte	.LVL126
 13307 011a CA010000 		.4byte	.LVL127
 13308 011e 0100     		.2byte	0x1
 13309 0120 50       		.byte	0x50
 13310 0121 CA010000 		.4byte	.LVL127
 13311 0125 CC010000 		.4byte	.LVL128
 13312 0129 0400     		.2byte	0x4
 13313 012b F3       		.byte	0xf3
 13314 012c 01       		.uleb128 0x1
 13315 012d 50       		.byte	0x50
 13316 012e 9F       		.byte	0x9f
 13317 012f CC010000 		.4byte	.LVL128
 13318 0133 CE010000 		.4byte	.LVL129
 13319 0137 0100     		.2byte	0x1
 13320 0139 50       		.byte	0x50
 13321 013a CE010000 		.4byte	.LVL129
 13322 013e D8010000 		.4byte	.LFE548
ARM GAS  /tmp/ccSzEyJr.s 			page 235


 13323 0142 0400     		.2byte	0x4
 13324 0144 F3       		.byte	0xf3
 13325 0145 01       		.uleb128 0x1
 13326 0146 50       		.byte	0x50
 13327 0147 9F       		.byte	0x9f
 13328 0148 00000000 		.4byte	0
 13329 014c 00000000 		.4byte	0
 13330              	.LVUS93:
 13331 0150 02       		.uleb128 .LVU456
 13332 0151 00       		.uleb128 0
 13333              	.LLST93:
 13334 0152 B8010000 		.4byte	.LVL126
 13335 0156 D8010000 		.4byte	.LFE548
 13336 015a 0100     		.2byte	0x1
 13337 015c 51       		.byte	0x51
 13338 015d 00000000 		.4byte	0
 13339 0161 00000000 		.4byte	0
 13340              	.LVUS94:
 13341 0165 02       		.uleb128 .LVU456
 13342 0166 00       		.uleb128 .LVU464
 13343 0167 00       		.uleb128 .LVU464
 13344 0168 00       		.uleb128 .LVU465
 13345 0169 00       		.uleb128 .LVU465
 13346 016a 00       		.uleb128 .LVU467
 13347 016b 00       		.uleb128 .LVU467
 13348 016c 00       		.uleb128 0
 13349              	.LLST94:
 13350 016d B8010000 		.4byte	.LVL126
 13351 0171 CA010000 		.4byte	.LVL127
 13352 0175 0100     		.2byte	0x1
 13353 0177 50       		.byte	0x50
 13354 0178 CA010000 		.4byte	.LVL127
 13355 017c CC010000 		.4byte	.LVL128
 13356 0180 0400     		.2byte	0x4
 13357 0182 F3       		.byte	0xf3
 13358 0183 01       		.uleb128 0x1
 13359 0184 50       		.byte	0x50
 13360 0185 9F       		.byte	0x9f
 13361 0186 CC010000 		.4byte	.LVL128
 13362 018a CE010000 		.4byte	.LVL129
 13363 018e 0100     		.2byte	0x1
 13364 0190 50       		.byte	0x50
 13365 0191 CE010000 		.4byte	.LVL129
 13366 0195 D8010000 		.4byte	.LFE548
 13367 0199 0400     		.2byte	0x4
 13368 019b F3       		.byte	0xf3
 13369 019c 01       		.uleb128 0x1
 13370 019d 50       		.byte	0x50
 13371 019e 9F       		.byte	0x9f
 13372 019f 00000000 		.4byte	0
 13373 01a3 00000000 		.4byte	0
 13374              	.LVUS89:
 13375 01a7 00       		.uleb128 0
 13376 01a8 00       		.uleb128 .LVU442
 13377 01a9 00       		.uleb128 .LVU442
 13378 01aa 00       		.uleb128 .LVU443
 13379 01ab 00       		.uleb128 .LVU443
ARM GAS  /tmp/ccSzEyJr.s 			page 236


 13380 01ac 00       		.uleb128 .LVU446
 13381 01ad 00       		.uleb128 .LVU446
 13382 01ae 00       		.uleb128 .LVU447
 13383 01af 00       		.uleb128 .LVU447
 13384 01b0 00       		.uleb128 .LVU450
 13385 01b1 00       		.uleb128 .LVU450
 13386 01b2 00       		.uleb128 .LVU451
 13387 01b3 00       		.uleb128 .LVU451
 13388 01b4 00       		.uleb128 .LVU452
 13389 01b5 00       		.uleb128 .LVU452
 13390 01b6 00       		.uleb128 0
 13391              	.LLST89:
 13392 01b7 7C010000 		.4byte	.LVL118
 13393 01bb 8E010000 		.4byte	.LVL119
 13394 01bf 0100     		.2byte	0x1
 13395 01c1 50       		.byte	0x50
 13396 01c2 8E010000 		.4byte	.LVL119
 13397 01c6 90010000 		.4byte	.LVL120
 13398 01ca 0400     		.2byte	0x4
 13399 01cc F3       		.byte	0xf3
 13400 01cd 01       		.uleb128 0x1
 13401 01ce 50       		.byte	0x50
 13402 01cf 9F       		.byte	0x9f
 13403 01d0 90010000 		.4byte	.LVL120
 13404 01d4 98010000 		.4byte	.LVL121
 13405 01d8 0100     		.2byte	0x1
 13406 01da 50       		.byte	0x50
 13407 01db 98010000 		.4byte	.LVL121
 13408 01df 9A010000 		.4byte	.LVL122
 13409 01e3 0400     		.2byte	0x4
 13410 01e5 F3       		.byte	0xf3
 13411 01e6 01       		.uleb128 0x1
 13412 01e7 50       		.byte	0x50
 13413 01e8 9F       		.byte	0x9f
 13414 01e9 9A010000 		.4byte	.LVL122
 13415 01ed A2010000 		.4byte	.LVL123
 13416 01f1 0100     		.2byte	0x1
 13417 01f3 50       		.byte	0x50
 13418 01f4 A2010000 		.4byte	.LVL123
 13419 01f8 A4010000 		.4byte	.LVL124
 13420 01fc 0400     		.2byte	0x4
 13421 01fe F3       		.byte	0xf3
 13422 01ff 01       		.uleb128 0x1
 13423 0200 50       		.byte	0x50
 13424 0201 9F       		.byte	0x9f
 13425 0202 A4010000 		.4byte	.LVL124
 13426 0206 A8010000 		.4byte	.LVL125
 13427 020a 0100     		.2byte	0x1
 13428 020c 50       		.byte	0x50
 13429 020d A8010000 		.4byte	.LVL125
 13430 0211 B8010000 		.4byte	.LFE547
 13431 0215 0400     		.2byte	0x4
 13432 0217 F3       		.byte	0xf3
 13433 0218 01       		.uleb128 0x1
 13434 0219 50       		.byte	0x50
 13435 021a 9F       		.byte	0x9f
 13436 021b 00000000 		.4byte	0
ARM GAS  /tmp/ccSzEyJr.s 			page 237


 13437 021f 00000000 		.4byte	0
 13438              	.LVUS90:
 13439 0223 02       		.uleb128 .LVU437
 13440 0224 00       		.uleb128 .LVU442
 13441 0225 00       		.uleb128 .LVU442
 13442 0226 00       		.uleb128 .LVU443
 13443 0227 00       		.uleb128 .LVU443
 13444 0228 00       		.uleb128 .LVU446
 13445 0229 00       		.uleb128 .LVU446
 13446 022a 00       		.uleb128 .LVU447
 13447 022b 00       		.uleb128 .LVU447
 13448 022c 00       		.uleb128 .LVU450
 13449 022d 00       		.uleb128 .LVU450
 13450 022e 00       		.uleb128 .LVU451
 13451 022f 00       		.uleb128 .LVU451
 13452 0230 00       		.uleb128 .LVU452
 13453              	.LLST90:
 13454 0231 7C010000 		.4byte	.LVL118
 13455 0235 8E010000 		.4byte	.LVL119
 13456 0239 0100     		.2byte	0x1
 13457 023b 50       		.byte	0x50
 13458 023c 8E010000 		.4byte	.LVL119
 13459 0240 90010000 		.4byte	.LVL120
 13460 0244 0400     		.2byte	0x4
 13461 0246 F3       		.byte	0xf3
 13462 0247 01       		.uleb128 0x1
 13463 0248 50       		.byte	0x50
 13464 0249 9F       		.byte	0x9f
 13465 024a 90010000 		.4byte	.LVL120
 13466 024e 98010000 		.4byte	.LVL121
 13467 0252 0100     		.2byte	0x1
 13468 0254 50       		.byte	0x50
 13469 0255 98010000 		.4byte	.LVL121
 13470 0259 9A010000 		.4byte	.LVL122
 13471 025d 0400     		.2byte	0x4
 13472 025f F3       		.byte	0xf3
 13473 0260 01       		.uleb128 0x1
 13474 0261 50       		.byte	0x50
 13475 0262 9F       		.byte	0x9f
 13476 0263 9A010000 		.4byte	.LVL122
 13477 0267 A2010000 		.4byte	.LVL123
 13478 026b 0100     		.2byte	0x1
 13479 026d 50       		.byte	0x50
 13480 026e A2010000 		.4byte	.LVL123
 13481 0272 A4010000 		.4byte	.LVL124
 13482 0276 0400     		.2byte	0x4
 13483 0278 F3       		.byte	0xf3
 13484 0279 01       		.uleb128 0x1
 13485 027a 50       		.byte	0x50
 13486 027b 9F       		.byte	0x9f
 13487 027c A4010000 		.4byte	.LVL124
 13488 0280 A8010000 		.4byte	.LVL125
 13489 0284 0100     		.2byte	0x1
 13490 0286 50       		.byte	0x50
 13491 0287 00000000 		.4byte	0
 13492 028b 00000000 		.4byte	0
 13493              	.LVUS91:
ARM GAS  /tmp/ccSzEyJr.s 			page 238


 13494 028f 02       		.uleb128 .LVU437
 13495 0290 00       		.uleb128 .LVU452
 13496              	.LLST91:
 13497 0291 7C010000 		.4byte	.LVL118
 13498 0295 A8010000 		.4byte	.LVL125
 13499 0299 0600     		.2byte	0x6
 13500 029b 03       		.byte	0x3
 13501 029c 00000000 		.4byte	_ZL17s_effect_instance
 13502 02a0 9F       		.byte	0x9f
 13503 02a1 00000000 		.4byte	0
 13504 02a5 00000000 		.4byte	0
 13505              	.LVUS71:
 13506 02a9 00       		.uleb128 0
 13507 02aa 00       		.uleb128 .LVU358
 13508 02ab 00       		.uleb128 .LVU358
 13509 02ac 00       		.uleb128 .LVU369
 13510 02ad 00       		.uleb128 .LVU369
 13511 02ae 00       		.uleb128 .LVU414
 13512 02af 00       		.uleb128 .LVU414
 13513 02b0 00       		.uleb128 0
 13514              	.LLST71:
 13515 02b1 5C000000 		.4byte	.LVL95
 13516 02b5 6E000000 		.4byte	.LVL97
 13517 02b9 0100     		.2byte	0x1
 13518 02bb 50       		.byte	0x50
 13519 02bc 6E000000 		.4byte	.LVL97
 13520 02c0 90000000 		.4byte	.LVL101
 13521 02c4 0400     		.2byte	0x4
 13522 02c6 F3       		.byte	0xf3
 13523 02c7 01       		.uleb128 0x1
 13524 02c8 50       		.byte	0x50
 13525 02c9 9F       		.byte	0x9f
 13526 02ca 90000000 		.4byte	.LVL101
 13527 02ce 0E010000 		.4byte	.LVL111
 13528 02d2 0100     		.2byte	0x1
 13529 02d4 50       		.byte	0x50
 13530 02d5 0E010000 		.4byte	.LVL111
 13531 02d9 7C010000 		.4byte	.LFE546
 13532 02dd 0400     		.2byte	0x4
 13533 02df F3       		.byte	0xf3
 13534 02e0 01       		.uleb128 0x1
 13535 02e1 50       		.byte	0x50
 13536 02e2 9F       		.byte	0x9f
 13537 02e3 00000000 		.4byte	0
 13538 02e7 00000000 		.4byte	0
 13539              	.LVUS72:
 13540 02eb 00       		.uleb128 0
 13541 02ec 00       		.uleb128 .LVU366
 13542 02ed 00       		.uleb128 .LVU366
 13543 02ee 00       		.uleb128 .LVU369
 13544 02ef 00       		.uleb128 .LVU369
 13545 02f0 00       		.uleb128 .LVU374
 13546 02f1 00       		.uleb128 .LVU374
 13547 02f2 00       		.uleb128 .LVU406
 13548 02f3 00       		.uleb128 .LVU406
 13549 02f4 00       		.uleb128 .LVU412
 13550 02f5 00       		.uleb128 .LVU412
ARM GAS  /tmp/ccSzEyJr.s 			page 239


 13551 02f6 00       		.uleb128 0
 13552              	.LLST72:
 13553 02f7 5C000000 		.4byte	.LVL95
 13554 02fb 8A000000 		.4byte	.LVL99
 13555 02ff 0100     		.2byte	0x1
 13556 0301 51       		.byte	0x51
 13557 0302 8A000000 		.4byte	.LVL99
 13558 0306 90000000 		.4byte	.LVL101
 13559 030a 0400     		.2byte	0x4
 13560 030c F3       		.byte	0xf3
 13561 030d 01       		.uleb128 0x1
 13562 030e 51       		.byte	0x51
 13563 030f 9F       		.byte	0x9f
 13564 0310 90000000 		.4byte	.LVL101
 13565 0314 94000000 		.4byte	.LVL102
 13566 0318 0100     		.2byte	0x1
 13567 031a 51       		.byte	0x51
 13568 031b 94000000 		.4byte	.LVL102
 13569 031f 04010000 		.4byte	.LVL109
 13570 0323 0400     		.2byte	0x4
 13571 0325 F3       		.byte	0xf3
 13572 0326 01       		.uleb128 0x1
 13573 0327 51       		.byte	0x51
 13574 0328 9F       		.byte	0x9f
 13575 0329 04010000 		.4byte	.LVL109
 13576 032d 08010000 		.4byte	.LVL110
 13577 0331 0100     		.2byte	0x1
 13578 0333 51       		.byte	0x51
 13579 0334 08010000 		.4byte	.LVL110
 13580 0338 7C010000 		.4byte	.LFE546
 13581 033c 0400     		.2byte	0x4
 13582 033e F3       		.byte	0xf3
 13583 033f 01       		.uleb128 0x1
 13584 0340 51       		.byte	0x51
 13585 0341 9F       		.byte	0x9f
 13586 0342 00000000 		.4byte	0
 13587 0346 00000000 		.4byte	0
 13588              	.LVUS73:
 13589 034a 02       		.uleb128 .LVU347
 13590 034b 00       		.uleb128 .LVU366
 13591 034c 00       		.uleb128 .LVU366
 13592 034d 00       		.uleb128 .LVU367
 13593 034e 00       		.uleb128 .LVU369
 13594 034f 00       		.uleb128 .LVU374
 13595 0350 00       		.uleb128 .LVU374
 13596 0351 00       		.uleb128 .LVU406
 13597 0352 00       		.uleb128 .LVU406
 13598 0353 00       		.uleb128 .LVU412
 13599 0354 00       		.uleb128 .LVU412
 13600 0355 00       		.uleb128 .LVU433
 13601              	.LLST73:
 13602 0356 5C000000 		.4byte	.LVL95
 13603 035a 8A000000 		.4byte	.LVL99
 13604 035e 0100     		.2byte	0x1
 13605 0360 51       		.byte	0x51
 13606 0361 8A000000 		.4byte	.LVL99
 13607 0365 8E000000 		.4byte	.LVL100
ARM GAS  /tmp/ccSzEyJr.s 			page 240


 13608 0369 0400     		.2byte	0x4
 13609 036b F3       		.byte	0xf3
 13610 036c 01       		.uleb128 0x1
 13611 036d 51       		.byte	0x51
 13612 036e 9F       		.byte	0x9f
 13613 036f 90000000 		.4byte	.LVL101
 13614 0373 94000000 		.4byte	.LVL102
 13615 0377 0100     		.2byte	0x1
 13616 0379 51       		.byte	0x51
 13617 037a 94000000 		.4byte	.LVL102
 13618 037e 04010000 		.4byte	.LVL109
 13619 0382 0400     		.2byte	0x4
 13620 0384 F3       		.byte	0xf3
 13621 0385 01       		.uleb128 0x1
 13622 0386 51       		.byte	0x51
 13623 0387 9F       		.byte	0x9f
 13624 0388 04010000 		.4byte	.LVL109
 13625 038c 08010000 		.4byte	.LVL110
 13626 0390 0100     		.2byte	0x1
 13627 0392 51       		.byte	0x51
 13628 0393 08010000 		.4byte	.LVL110
 13629 0397 54010000 		.4byte	.LVL117
 13630 039b 0400     		.2byte	0x4
 13631 039d F3       		.byte	0xf3
 13632 039e 01       		.uleb128 0x1
 13633 039f 51       		.byte	0x51
 13634 03a0 9F       		.byte	0x9f
 13635 03a1 00000000 		.4byte	0
 13636 03a5 00000000 		.4byte	0
 13637              	.LVUS74:
 13638 03a9 02       		.uleb128 .LVU347
 13639 03aa 00       		.uleb128 .LVU358
 13640 03ab 00       		.uleb128 .LVU358
 13641 03ac 00       		.uleb128 .LVU367
 13642 03ad 00       		.uleb128 .LVU369
 13643 03ae 00       		.uleb128 .LVU414
 13644 03af 00       		.uleb128 .LVU414
 13645 03b0 00       		.uleb128 .LVU433
 13646              	.LLST74:
 13647 03b1 5C000000 		.4byte	.LVL95
 13648 03b5 6E000000 		.4byte	.LVL97
 13649 03b9 0100     		.2byte	0x1
 13650 03bb 50       		.byte	0x50
 13651 03bc 6E000000 		.4byte	.LVL97
 13652 03c0 8E000000 		.4byte	.LVL100
 13653 03c4 0400     		.2byte	0x4
 13654 03c6 F3       		.byte	0xf3
 13655 03c7 01       		.uleb128 0x1
 13656 03c8 50       		.byte	0x50
 13657 03c9 9F       		.byte	0x9f
 13658 03ca 90000000 		.4byte	.LVL101
 13659 03ce 0E010000 		.4byte	.LVL111
 13660 03d2 0100     		.2byte	0x1
 13661 03d4 50       		.byte	0x50
 13662 03d5 0E010000 		.4byte	.LVL111
 13663 03d9 54010000 		.4byte	.LVL117
 13664 03dd 0400     		.2byte	0x4
ARM GAS  /tmp/ccSzEyJr.s 			page 241


 13665 03df F3       		.byte	0xf3
 13666 03e0 01       		.uleb128 0x1
 13667 03e1 50       		.byte	0x50
 13668 03e2 9F       		.byte	0x9f
 13669 03e3 00000000 		.4byte	0
 13670 03e7 00000000 		.4byte	0
 13671              	.LVUS75:
 13672 03eb 02       		.uleb128 .LVU347
 13673 03ec 00       		.uleb128 .LVU367
 13674 03ed 00       		.uleb128 .LVU369
 13675 03ee 00       		.uleb128 .LVU433
 13676              	.LLST75:
 13677 03ef 5C000000 		.4byte	.LVL95
 13678 03f3 8E000000 		.4byte	.LVL100
 13679 03f7 0600     		.2byte	0x6
 13680 03f9 03       		.byte	0x3
 13681 03fa 00000000 		.4byte	_ZL17s_effect_instance
 13682 03fe 9F       		.byte	0x9f
 13683 03ff 90000000 		.4byte	.LVL101
 13684 0403 54010000 		.4byte	.LVL117
 13685 0407 0600     		.2byte	0x6
 13686 0409 03       		.byte	0x3
 13687 040a 00000000 		.4byte	_ZL17s_effect_instance
 13688 040e 9F       		.byte	0x9f
 13689 040f 00000000 		.4byte	0
 13690 0413 00000000 		.4byte	0
 13691              	.LVUS76:
 13692 0417 01       		.uleb128 .LVU352
 13693 0418 00       		.uleb128 .LVU367
 13694              	.LLST76:
 13695 0419 68000000 		.4byte	.LVL96
 13696 041d 8E000000 		.4byte	.LVL100
 13697 0421 0200     		.2byte	0x2
 13698 0423 30       		.byte	0x30
 13699 0424 9F       		.byte	0x9f
 13700 0425 00000000 		.4byte	0
 13701 0429 00000000 		.4byte	0
 13702              	.LVUS77:
 13703 042d 00       		.uleb128 .LVU351
 13704 042e 00       		.uleb128 .LVU366
 13705 042f 00       		.uleb128 .LVU366
 13706 0430 00       		.uleb128 .LVU367
 13707              	.LLST77:
 13708 0431 68000000 		.4byte	.LVL96
 13709 0435 8A000000 		.4byte	.LVL99
 13710 0439 0100     		.2byte	0x1
 13711 043b 51       		.byte	0x51
 13712 043c 8A000000 		.4byte	.LVL99
 13713 0440 8E000000 		.4byte	.LVL100
 13714 0444 0400     		.2byte	0x4
 13715 0446 F3       		.byte	0xf3
 13716 0447 01       		.uleb128 0x1
 13717 0448 51       		.byte	0x51
 13718 0449 9F       		.byte	0x9f
 13719 044a 00000000 		.4byte	0
 13720 044e 00000000 		.4byte	0
 13721              	.LVUS78:
ARM GAS  /tmp/ccSzEyJr.s 			page 242


 13722 0452 00       		.uleb128 .LVU351
 13723 0453 00       		.uleb128 .LVU367
 13724              	.LLST78:
 13725 0454 68000000 		.4byte	.LVL96
 13726 0458 8E000000 		.4byte	.LVL100
 13727 045c 0600     		.2byte	0x6
 13728 045e 03       		.byte	0x3
 13729 045f 00000000 		.4byte	_ZL17s_effect_instance
 13730 0463 9F       		.byte	0x9f
 13731 0464 00000000 		.4byte	0
 13732 0468 00000000 		.4byte	0
 13733              	.LVUS79:
 13734 046c 01       		.uleb128 .LVU382
 13735 046d 00       		.uleb128 .LVU393
 13736 046e 00       		.uleb128 .LVU403
 13737 046f 00       		.uleb128 .LVU406
 13738              	.LLST79:
 13739 0470 AC000000 		.4byte	.LVL103
 13740 0474 E4000000 		.4byte	.LVL106
 13741 0478 0100     		.2byte	0x1
 13742 047a 51       		.byte	0x51
 13743 047b FE000000 		.4byte	.LVL107
 13744 047f 04010000 		.4byte	.LVL109
 13745 0483 0100     		.2byte	0x1
 13746 0485 51       		.byte	0x51
 13747 0486 00000000 		.4byte	0
 13748 048a 00000000 		.4byte	0
 13749              	.LVUS80:
 13750 048e 03       		.uleb128 .LVU384
 13751 048f 00       		.uleb128 .LVU386
 13752 0490 00       		.uleb128 .LVU386
 13753 0491 00       		.uleb128 .LVU390
 13754 0492 00       		.uleb128 .LVU390
 13755 0493 00       		.uleb128 .LVU393
 13756 0494 00       		.uleb128 .LVU403
 13757 0495 00       		.uleb128 .LVU406
 13758              	.LLST80:
 13759 0496 AC000000 		.4byte	.LVL103
 13760 049a B0000000 		.4byte	.LVL104
 13761 049e 0F00     		.2byte	0xf
 13762 04a0 71       		.byte	0x71
 13763 04a1 00       		.sleb128 0
 13764 04a2 F7       		.byte	0xf7
 13765 04a3 2C       		.uleb128 0x2c
 13766 04a4 F7       		.byte	0xf7
 13767 04a5 25       		.uleb128 0x25
 13768 04a6 F4       		.byte	0xf4
 13769 04a7 25       		.uleb128 0x25
 13770 04a8 04       		.byte	0x4
 13771 04a9 00C07F44 		.4byte	0x447fc000
 13772 04ad 1B       		.byte	0x1b
 13773 04ae 9F       		.byte	0x9f
 13774 04af B0000000 		.4byte	.LVL104
 13775 04b3 C8000000 		.4byte	.LVL105
 13776 04b7 0200     		.2byte	0x2
 13777 04b9 90       		.byte	0x90
 13778 04ba 4E       		.uleb128 0x4e
ARM GAS  /tmp/ccSzEyJr.s 			page 243


 13779 04bb C8000000 		.4byte	.LVL105
 13780 04bf E4000000 		.4byte	.LVL106
 13781 04c3 0F00     		.2byte	0xf
 13782 04c5 71       		.byte	0x71
 13783 04c6 00       		.sleb128 0
 13784 04c7 F7       		.byte	0xf7
 13785 04c8 2C       		.uleb128 0x2c
 13786 04c9 F7       		.byte	0xf7
 13787 04ca 25       		.uleb128 0x25
 13788 04cb F4       		.byte	0xf4
 13789 04cc 25       		.uleb128 0x25
 13790 04cd 04       		.byte	0x4
 13791 04ce 00C07F44 		.4byte	0x447fc000
 13792 04d2 1B       		.byte	0x1b
 13793 04d3 9F       		.byte	0x9f
 13794 04d4 FE000000 		.4byte	.LVL107
 13795 04d8 04010000 		.4byte	.LVL109
 13796 04dc 0F00     		.2byte	0xf
 13797 04de 71       		.byte	0x71
 13798 04df 00       		.sleb128 0
 13799 04e0 F7       		.byte	0xf7
 13800 04e1 2C       		.uleb128 0x2c
 13801 04e2 F7       		.byte	0xf7
 13802 04e3 25       		.uleb128 0x25
 13803 04e4 F4       		.byte	0xf4
 13804 04e5 25       		.uleb128 0x25
 13805 04e6 04       		.byte	0x4
 13806 04e7 00C07F44 		.4byte	0x447fc000
 13807 04eb 1B       		.byte	0x1b
 13808 04ec 9F       		.byte	0x9f
 13809 04ed 00000000 		.4byte	0
 13810 04f1 00000000 		.4byte	0
 13811              	.LVUS81:
 13812 04f5 00       		.uleb128 .LVU390
 13813 04f6 00       		.uleb128 .LVU393
 13814 04f7 00       		.uleb128 .LVU403
 13815 04f8 00       		.uleb128 .LVU405
 13816 04f9 00       		.uleb128 .LVU405
 13817 04fa 00       		.uleb128 .LVU406
 13818              	.LLST81:
 13819 04fb C8000000 		.4byte	.LVL105
 13820 04ff E4000000 		.4byte	.LVL106
 13821 0503 0200     		.2byte	0x2
 13822 0505 90       		.byte	0x90
 13823 0506 4E       		.uleb128 0x4e
 13824 0507 FE000000 		.4byte	.LVL107
 13825 050b 02010000 		.4byte	.LVL108
 13826 050f 0200     		.2byte	0x2
 13827 0511 90       		.byte	0x90
 13828 0512 4E       		.uleb128 0x4e
 13829 0513 02010000 		.4byte	.LVL108
 13830 0517 04010000 		.4byte	.LVL109
 13831 051b 0800     		.2byte	0x8
 13832 051d F5       		.byte	0xf5
 13833 051e 4D       		.uleb128 0x4d
 13834 051f 25       		.uleb128 0x25
 13835 0520 F5       		.byte	0xf5
ARM GAS  /tmp/ccSzEyJr.s 			page 244


 13836 0521 4C       		.uleb128 0x4c
 13837 0522 25       		.uleb128 0x25
 13838 0523 1B       		.byte	0x1b
 13839 0524 9F       		.byte	0x9f
 13840 0525 00000000 		.4byte	0
 13841 0529 00000000 		.4byte	0
 13842              	.LVUS82:
 13843 052d 02       		.uleb128 .LVU395
 13844 052e 00       		.uleb128 .LVU403
 13845              	.LLST82:
 13846 052f E4000000 		.4byte	.LVL106
 13847 0533 FE000000 		.4byte	.LVL107
 13848 0537 0600     		.2byte	0x6
 13849 0539 03       		.byte	0x3
 13850 053a 00000000 		.4byte	_ZL17s_effect_instance
 13851 053e 9F       		.byte	0x9f
 13852 053f 00000000 		.4byte	0
 13853 0543 00000000 		.4byte	0
 13854              	.LVUS83:
 13855 0547 00       		.uleb128 .LVU393
 13856 0548 00       		.uleb128 .LVU403
 13857              	.LLST83:
 13858 0549 E4000000 		.4byte	.LVL106
 13859 054d FE000000 		.4byte	.LVL107
 13860 0551 0200     		.2byte	0x2
 13861 0553 90       		.byte	0x90
 13862 0554 4E       		.uleb128 0x4e
 13863 0555 00000000 		.4byte	0
 13864 0559 00000000 		.4byte	0
 13865              	.LVUS84:
 13866 055d 01       		.uleb128 .LVU419
 13867 055e 00       		.uleb128 .LVU432
 13868 055f 00       		.uleb128 .LVU432
 13869 0560 00       		.uleb128 .LVU433
 13870 0561 00       		.uleb128 .LVU433
 13871 0562 00       		.uleb128 .LVU433
 13872              	.LLST84:
 13873 0563 1C010000 		.4byte	.LVL112
 13874 0567 4C010000 		.4byte	.LVL116
 13875 056b 0100     		.2byte	0x1
 13876 056d 51       		.byte	0x51
 13877 056e 4C010000 		.4byte	.LVL116
 13878 0572 53010000 		.4byte	.LVL117-1
 13879 0576 0500     		.2byte	0x5
 13880 0578 03       		.byte	0x3
 13881 0579 B4000000 		.4byte	_ZL17s_effect_instance+180
 13882 057d 53010000 		.4byte	.LVL117-1
 13883 0581 54010000 		.4byte	.LVL117
 13884 0585 1A00     		.2byte	0x1a
 13885 0587 F3       		.byte	0xf3
 13886 0588 01       		.uleb128 0x1
 13887 0589 51       		.byte	0x51
 13888 058a 12       		.byte	0x12
 13889 058b 30       		.byte	0x30
 13890 058c 16       		.byte	0x16
 13891 058d 14       		.byte	0x14
 13892 058e 2B       		.byte	0x2b
ARM GAS  /tmp/ccSzEyJr.s 			page 245


 13893 058f 28       		.byte	0x28
 13894 0590 0100     		.2byte	0x1
 13895 0592 16       		.byte	0x16
 13896 0593 13       		.byte	0x13
 13897 0594 12       		.byte	0x12
 13898 0595 0A       		.byte	0xa
 13899 0596 FF03     		.2byte	0x3ff
 13900 0598 16       		.byte	0x16
 13901 0599 14       		.byte	0x14
 13902 059a 2D       		.byte	0x2d
 13903 059b 28       		.byte	0x28
 13904 059c 0100     		.2byte	0x1
 13905 059e 16       		.byte	0x16
 13906 059f 13       		.byte	0x13
 13907 05a0 9F       		.byte	0x9f
 13908 05a1 00000000 		.4byte	0
 13909 05a5 00000000 		.4byte	0
 13910              	.LVUS85:
 13911 05a9 01       		.uleb128 .LVU419
 13912 05aa 00       		.uleb128 .LVU433
 13913              	.LLST85:
 13914 05ab 1C010000 		.4byte	.LVL112
 13915 05af 54010000 		.4byte	.LVL117
 13916 05b3 0600     		.2byte	0x6
 13917 05b5 03       		.byte	0x3
 13918 05b6 00000000 		.4byte	_ZL17s_effect_instance
 13919 05ba 9F       		.byte	0x9f
 13920 05bb 00000000 		.4byte	0
 13921 05bf 00000000 		.4byte	0
 13922              	.LVUS86:
 13923 05c3 00       		.uleb128 .LVU423
 13924 05c4 00       		.uleb128 .LVU430
 13925              	.LLST86:
 13926 05c5 2C010000 		.4byte	.LVL113
 13927 05c9 3C010000 		.4byte	.LVL115
 13928 05cd 0200     		.2byte	0x2
 13929 05cf 90       		.byte	0x90
 13930 05d0 4F       		.uleb128 0x4f
 13931 05d1 00000000 		.4byte	0
 13932 05d5 00000000 		.4byte	0
 13933              	.LVUS87:
 13934 05d9 00       		.uleb128 .LVU425
 13935 05da 00       		.uleb128 .LVU433
 13936              	.LLST87:
 13937 05db 30010000 		.4byte	.LVL114
 13938 05df 53010000 		.4byte	.LVL117-1
 13939 05e3 0200     		.2byte	0x2
 13940 05e5 90       		.byte	0x90
 13941 05e6 4E       		.uleb128 0x4e
 13942 05e7 00000000 		.4byte	0
 13943 05eb 00000000 		.4byte	0
 13944              	.LVUS88:
 13945 05ef 01       		.uleb128 .LVU426
 13946 05f0 00       		.uleb128 .LVU430
 13947              	.LLST88:
 13948 05f1 30010000 		.4byte	.LVL114
 13949 05f5 3C010000 		.4byte	.LVL115
ARM GAS  /tmp/ccSzEyJr.s 			page 246


 13950 05f9 1600     		.2byte	0x16
 13951 05fb F5       		.byte	0xf5
 13952 05fc 4F       		.uleb128 0x4f
 13953 05fd 25       		.uleb128 0x25
 13954 05fe 92       		.byte	0x92
 13955 05ff 4E       		.uleb128 0x4e
 13956 0600 00       		.sleb128 0
 13957 0601 F7       		.byte	0xf7
 13958 0602 33       		.uleb128 0x33
 13959 0603 F7       		.byte	0xf7
 13960 0604 25       		.uleb128 0x25
 13961 0605 1C       		.byte	0x1c
 13962 0606 F4       		.byte	0xf4
 13963 0607 25       		.uleb128 0x25
 13964 0608 04       		.byte	0x4
 13965 0609 00008047 		.4byte	0x47800000
 13966 060d 1E       		.byte	0x1e
 13967 060e F7       		.byte	0xf7
 13968 060f 33       		.uleb128 0x33
 13969 0610 9F       		.byte	0x9f
 13970 0611 00000000 		.4byte	0
 13971 0615 00000000 		.4byte	0
 13972              	.LVUS63:
 13973 0619 00       		.uleb128 0
 13974 061a 00       		.uleb128 .LVU327
 13975 061b 00       		.uleb128 .LVU327
 13976 061c 00       		.uleb128 .LVU337
 13977 061d 00       		.uleb128 .LVU337
 13978 061e 00       		.uleb128 .LVU342
 13979 061f 00       		.uleb128 .LVU342
 13980 0620 00       		.uleb128 .LVU343
 13981 0621 00       		.uleb128 .LVU343
 13982 0622 00       		.uleb128 0
 13983              	.LLST63:
 13984 0623 1C000000 		.4byte	.LVL86
 13985 0627 2A000000 		.4byte	.LVL87
 13986 062b 0100     		.2byte	0x1
 13987 062d 50       		.byte	0x50
 13988 062e 2A000000 		.4byte	.LVL87
 13989 0632 4A000000 		.4byte	.LVL90
 13990 0636 0400     		.2byte	0x4
 13991 0638 F3       		.byte	0xf3
 13992 0639 01       		.uleb128 0x1
 13993 063a 50       		.byte	0x50
 13994 063b 9F       		.byte	0x9f
 13995 063c 4A000000 		.4byte	.LVL90
 13996 0640 52000000 		.4byte	.LVL93
 13997 0644 0100     		.2byte	0x1
 13998 0646 50       		.byte	0x50
 13999 0647 52000000 		.4byte	.LVL93
 14000 064b 55000000 		.4byte	.LVL94-1
 14001 064f 0100     		.2byte	0x1
 14002 0651 51       		.byte	0x51
 14003 0652 55000000 		.4byte	.LVL94-1
 14004 0656 5C000000 		.4byte	.LFE545
 14005 065a 0400     		.2byte	0x4
 14006 065c F3       		.byte	0xf3
ARM GAS  /tmp/ccSzEyJr.s 			page 247


 14007 065d 01       		.uleb128 0x1
 14008 065e 50       		.byte	0x50
 14009 065f 9F       		.byte	0x9f
 14010 0660 00000000 		.4byte	0
 14011 0664 00000000 		.4byte	0
 14012              	.LVUS64:
 14013 0668 00       		.uleb128 0
 14014 0669 00       		.uleb128 .LVU327
 14015 066a 00       		.uleb128 .LVU327
 14016 066b 00       		.uleb128 .LVU337
 14017 066c 00       		.uleb128 .LVU337
 14018 066d 00       		.uleb128 .LVU341
 14019 066e 00       		.uleb128 .LVU341
 14020 066f 00       		.uleb128 .LVU343
 14021 0670 00       		.uleb128 .LVU343
 14022 0671 00       		.uleb128 0
 14023              	.LLST64:
 14024 0672 1C000000 		.4byte	.LVL86
 14025 0676 2A000000 		.4byte	.LVL87
 14026 067a 0100     		.2byte	0x1
 14027 067c 51       		.byte	0x51
 14028 067d 2A000000 		.4byte	.LVL87
 14029 0681 4A000000 		.4byte	.LVL90
 14030 0685 0400     		.2byte	0x4
 14031 0687 F3       		.byte	0xf3
 14032 0688 01       		.uleb128 0x1
 14033 0689 51       		.byte	0x51
 14034 068a 9F       		.byte	0x9f
 14035 068b 4A000000 		.4byte	.LVL90
 14036 068f 50000000 		.4byte	.LVL92
 14037 0693 0100     		.2byte	0x1
 14038 0695 51       		.byte	0x51
 14039 0696 50000000 		.4byte	.LVL92
 14040 069a 55000000 		.4byte	.LVL94-1
 14041 069e 0100     		.2byte	0x1
 14042 06a0 52       		.byte	0x52
 14043 06a1 55000000 		.4byte	.LVL94-1
 14044 06a5 5C000000 		.4byte	.LFE545
 14045 06a9 0400     		.2byte	0x4
 14046 06ab F3       		.byte	0xf3
 14047 06ac 01       		.uleb128 0x1
 14048 06ad 51       		.byte	0x51
 14049 06ae 9F       		.byte	0x9f
 14050 06af 00000000 		.4byte	0
 14051 06b3 00000000 		.4byte	0
 14052              	.LVUS65:
 14053 06b7 00       		.uleb128 0
 14054 06b8 00       		.uleb128 .LVU340
 14055 06b9 00       		.uleb128 .LVU340
 14056 06ba 00       		.uleb128 .LVU343
 14057 06bb 00       		.uleb128 .LVU343
 14058 06bc 00       		.uleb128 0
 14059              	.LLST65:
 14060 06bd 1C000000 		.4byte	.LVL86
 14061 06c1 4E000000 		.4byte	.LVL91
 14062 06c5 0100     		.2byte	0x1
 14063 06c7 52       		.byte	0x52
ARM GAS  /tmp/ccSzEyJr.s 			page 248


 14064 06c8 4E000000 		.4byte	.LVL91
 14065 06cc 55000000 		.4byte	.LVL94-1
 14066 06d0 0100     		.2byte	0x1
 14067 06d2 53       		.byte	0x53
 14068 06d3 55000000 		.4byte	.LVL94-1
 14069 06d7 5C000000 		.4byte	.LFE545
 14070 06db 0400     		.2byte	0x4
 14071 06dd F3       		.byte	0xf3
 14072 06de 01       		.uleb128 0x1
 14073 06df 52       		.byte	0x52
 14074 06e0 9F       		.byte	0x9f
 14075 06e1 00000000 		.4byte	0
 14076 06e5 00000000 		.4byte	0
 14077              	.LVUS66:
 14078 06e9 02       		.uleb128 .LVU321
 14079 06ea 00       		.uleb128 .LVU340
 14080 06eb 00       		.uleb128 .LVU340
 14081 06ec 00       		.uleb128 .LVU343
 14082 06ed 00       		.uleb128 .LVU343
 14083 06ee 00       		.uleb128 .LVU343
 14084              	.LLST66:
 14085 06ef 1C000000 		.4byte	.LVL86
 14086 06f3 4E000000 		.4byte	.LVL91
 14087 06f7 0100     		.2byte	0x1
 14088 06f9 52       		.byte	0x52
 14089 06fa 4E000000 		.4byte	.LVL91
 14090 06fe 55000000 		.4byte	.LVL94-1
 14091 0702 0100     		.2byte	0x1
 14092 0704 53       		.byte	0x53
 14093 0705 55000000 		.4byte	.LVL94-1
 14094 0709 56000000 		.4byte	.LVL94
 14095 070d 0400     		.2byte	0x4
 14096 070f F3       		.byte	0xf3
 14097 0710 01       		.uleb128 0x1
 14098 0711 52       		.byte	0x52
 14099 0712 9F       		.byte	0x9f
 14100 0713 00000000 		.4byte	0
 14101 0717 00000000 		.4byte	0
 14102              	.LVUS67:
 14103 071b 02       		.uleb128 .LVU321
 14104 071c 00       		.uleb128 .LVU327
 14105 071d 00       		.uleb128 .LVU327
 14106 071e 00       		.uleb128 .LVU337
 14107 071f 00       		.uleb128 .LVU337
 14108 0720 00       		.uleb128 .LVU341
 14109 0721 00       		.uleb128 .LVU341
 14110 0722 00       		.uleb128 .LVU343
 14111 0723 00       		.uleb128 .LVU343
 14112 0724 00       		.uleb128 .LVU343
 14113              	.LLST67:
 14114 0725 1C000000 		.4byte	.LVL86
 14115 0729 2A000000 		.4byte	.LVL87
 14116 072d 0100     		.2byte	0x1
 14117 072f 51       		.byte	0x51
 14118 0730 2A000000 		.4byte	.LVL87
 14119 0734 4A000000 		.4byte	.LVL90
 14120 0738 0400     		.2byte	0x4
ARM GAS  /tmp/ccSzEyJr.s 			page 249


 14121 073a F3       		.byte	0xf3
 14122 073b 01       		.uleb128 0x1
 14123 073c 51       		.byte	0x51
 14124 073d 9F       		.byte	0x9f
 14125 073e 4A000000 		.4byte	.LVL90
 14126 0742 50000000 		.4byte	.LVL92
 14127 0746 0100     		.2byte	0x1
 14128 0748 51       		.byte	0x51
 14129 0749 50000000 		.4byte	.LVL92
 14130 074d 55000000 		.4byte	.LVL94-1
 14131 0751 0100     		.2byte	0x1
 14132 0753 52       		.byte	0x52
 14133 0754 55000000 		.4byte	.LVL94-1
 14134 0758 56000000 		.4byte	.LVL94
 14135 075c 0400     		.2byte	0x4
 14136 075e F3       		.byte	0xf3
 14137 075f 01       		.uleb128 0x1
 14138 0760 51       		.byte	0x51
 14139 0761 9F       		.byte	0x9f
 14140 0762 00000000 		.4byte	0
 14141 0766 00000000 		.4byte	0
 14142              	.LVUS68:
 14143 076a 02       		.uleb128 .LVU321
 14144 076b 00       		.uleb128 .LVU327
 14145 076c 00       		.uleb128 .LVU327
 14146 076d 00       		.uleb128 .LVU337
 14147 076e 00       		.uleb128 .LVU337
 14148 076f 00       		.uleb128 .LVU342
 14149 0770 00       		.uleb128 .LVU342
 14150 0771 00       		.uleb128 .LVU343
 14151 0772 00       		.uleb128 .LVU343
 14152 0773 00       		.uleb128 .LVU343
 14153              	.LLST68:
 14154 0774 1C000000 		.4byte	.LVL86
 14155 0778 2A000000 		.4byte	.LVL87
 14156 077c 0100     		.2byte	0x1
 14157 077e 50       		.byte	0x50
 14158 077f 2A000000 		.4byte	.LVL87
 14159 0783 4A000000 		.4byte	.LVL90
 14160 0787 0400     		.2byte	0x4
 14161 0789 F3       		.byte	0xf3
 14162 078a 01       		.uleb128 0x1
 14163 078b 50       		.byte	0x50
 14164 078c 9F       		.byte	0x9f
 14165 078d 4A000000 		.4byte	.LVL90
 14166 0791 52000000 		.4byte	.LVL93
 14167 0795 0100     		.2byte	0x1
 14168 0797 50       		.byte	0x50
 14169 0798 52000000 		.4byte	.LVL93
 14170 079c 55000000 		.4byte	.LVL94-1
 14171 07a0 0100     		.2byte	0x1
 14172 07a2 51       		.byte	0x51
 14173 07a3 55000000 		.4byte	.LVL94-1
 14174 07a7 56000000 		.4byte	.LVL94
 14175 07ab 0400     		.2byte	0x4
 14176 07ad F3       		.byte	0xf3
 14177 07ae 01       		.uleb128 0x1
ARM GAS  /tmp/ccSzEyJr.s 			page 250


 14178 07af 50       		.byte	0x50
 14179 07b0 9F       		.byte	0x9f
 14180 07b1 00000000 		.4byte	0
 14181 07b5 00000000 		.4byte	0
 14182              	.LVUS69:
 14183 07b9 02       		.uleb128 .LVU321
 14184 07ba 00       		.uleb128 .LVU343
 14185              	.LLST69:
 14186 07bb 1C000000 		.4byte	.LVL86
 14187 07bf 56000000 		.4byte	.LVL94
 14188 07c3 0600     		.2byte	0x6
 14189 07c5 03       		.byte	0x3
 14190 07c6 00000000 		.4byte	_ZL17s_effect_instance
 14191 07ca 9F       		.byte	0x9f
 14192 07cb 00000000 		.4byte	0
 14193 07cf 00000000 		.4byte	0
 14194              	.LVUS70:
 14195 07d3 00       		.uleb128 .LVU327
 14196 07d4 00       		.uleb128 .LVU331
 14197 07d5 00       		.uleb128 .LVU331
 14198 07d6 01       		.uleb128 .LVU336
 14199 07d7 01       		.uleb128 .LVU336
 14200 07d8 00       		.uleb128 .LVU337
 14201              	.LLST70:
 14202 07d9 2A000000 		.4byte	.LVL87
 14203 07dd 3C000000 		.4byte	.LVL88
 14204 07e1 0100     		.2byte	0x1
 14205 07e3 53       		.byte	0x53
 14206 07e4 3C000000 		.4byte	.LVL88
 14207 07e8 48000000 		.4byte	.LVL89
 14208 07ec 0300     		.2byte	0x3
 14209 07ee 73       		.byte	0x73
 14210 07ef 7F       		.sleb128 -1
 14211 07f0 9F       		.byte	0x9f
 14212 07f1 48000000 		.4byte	.LVL89
 14213 07f5 4A000000 		.4byte	.LVL90
 14214 07f9 0100     		.2byte	0x1
 14215 07fb 53       		.byte	0x53
 14216 07fc 00000000 		.4byte	0
 14217 0800 00000000 		.4byte	0
 14218              	.LVUS62:
 14219 0804 00       		.uleb128 0
 14220 0805 00       		.uleb128 .LVU313
 14221 0806 00       		.uleb128 .LVU313
 14222 0807 00       		.uleb128 .LVU315
 14223 0808 00       		.uleb128 .LVU315
 14224 0809 00       		.uleb128 0
 14225              	.LLST62:
 14226 080a 00000000 		.4byte	.LVL82
 14227 080e 04000000 		.4byte	.LVL83
 14228 0812 0100     		.2byte	0x1
 14229 0814 50       		.byte	0x50
 14230 0815 04000000 		.4byte	.LVL83
 14231 0819 0B000000 		.4byte	.LVL84-1
 14232 081d 0100     		.2byte	0x1
 14233 081f 51       		.byte	0x51
 14234 0820 0B000000 		.4byte	.LVL84-1
ARM GAS  /tmp/ccSzEyJr.s 			page 251


 14235 0824 14000000 		.4byte	.LFE540
 14236 0828 0400     		.2byte	0x4
 14237 082a F3       		.byte	0xf3
 14238 082b 01       		.uleb128 0x1
 14239 082c 50       		.byte	0x50
 14240 082d 9F       		.byte	0x9f
 14241 082e 00000000 		.4byte	0
 14242 0832 00000000 		.4byte	0
 14243              	.LVUS37:
 14244 0836 00       		.uleb128 0
 14245 0837 00       		.uleb128 .LVU212
 14246 0838 00       		.uleb128 .LVU212
 14247 0839 00       		.uleb128 .LVU214
 14248 083a 00       		.uleb128 .LVU214
 14249 083b 00       		.uleb128 .LVU217
 14250 083c 00       		.uleb128 .LVU217
 14251 083d 00       		.uleb128 .LVU298
 14252 083e 00       		.uleb128 .LVU298
 14253 083f 00       		.uleb128 .LVU300
 14254 0840 00       		.uleb128 .LVU300
 14255 0841 00       		.uleb128 .LVU301
 14256 0842 00       		.uleb128 .LVU301
 14257 0843 00       		.uleb128 .LVU302
 14258 0844 00       		.uleb128 .LVU302
 14259 0845 00       		.uleb128 .LVU303
 14260 0846 00       		.uleb128 .LVU303
 14261 0847 00       		.uleb128 .LVU304
 14262 0848 00       		.uleb128 .LVU304
 14263 0849 00       		.uleb128 .LVU305
 14264 084a 00       		.uleb128 .LVU305
 14265 084b 00       		.uleb128 .LVU306
 14266 084c 00       		.uleb128 .LVU306
 14267 084d 00       		.uleb128 .LVU307
 14268 084e 00       		.uleb128 .LVU307
 14269 084f 00       		.uleb128 .LVU308
 14270 0850 00       		.uleb128 .LVU308
 14271 0851 00       		.uleb128 0
 14272              	.LLST37:
 14273 0852 00000000 		.4byte	.LVL54
 14274 0856 48000000 		.4byte	.LVL56
 14275 085a 0100     		.2byte	0x1
 14276 085c 50       		.byte	0x50
 14277 085d 48000000 		.4byte	.LVL56
 14278 0861 50000000 		.4byte	.LVL58
 14279 0865 0100     		.2byte	0x1
 14280 0867 55       		.byte	0x55
 14281 0868 50000000 		.4byte	.LVL58
 14282 086c 52000000 		.4byte	.LVL59
 14283 0870 0100     		.2byte	0x1
 14284 0872 50       		.byte	0x50
 14285 0873 52000000 		.4byte	.LVL59
 14286 0877 E2000000 		.4byte	.LVL72
 14287 087b 0100     		.2byte	0x1
 14288 087d 55       		.byte	0x55
 14289 087e E2000000 		.4byte	.LVL72
 14290 0882 E6000000 		.4byte	.LVL73
 14291 0886 0100     		.2byte	0x1
ARM GAS  /tmp/ccSzEyJr.s 			page 252


 14292 0888 50       		.byte	0x50
 14293 0889 E6000000 		.4byte	.LVL73
 14294 088d E8000000 		.4byte	.LVL74
 14295 0891 0100     		.2byte	0x1
 14296 0893 55       		.byte	0x55
 14297 0894 E8000000 		.4byte	.LVL74
 14298 0898 EC000000 		.4byte	.LVL75
 14299 089c 0100     		.2byte	0x1
 14300 089e 50       		.byte	0x50
 14301 089f EC000000 		.4byte	.LVL75
 14302 08a3 EE000000 		.4byte	.LVL76
 14303 08a7 0100     		.2byte	0x1
 14304 08a9 55       		.byte	0x55
 14305 08aa EE000000 		.4byte	.LVL76
 14306 08ae F2000000 		.4byte	.LVL77
 14307 08b2 0100     		.2byte	0x1
 14308 08b4 50       		.byte	0x50
 14309 08b5 F2000000 		.4byte	.LVL77
 14310 08b9 F4000000 		.4byte	.LVL78
 14311 08bd 0100     		.2byte	0x1
 14312 08bf 55       		.byte	0x55
 14313 08c0 F4000000 		.4byte	.LVL78
 14314 08c4 F8000000 		.4byte	.LVL79
 14315 08c8 0100     		.2byte	0x1
 14316 08ca 50       		.byte	0x50
 14317 08cb F8000000 		.4byte	.LVL79
 14318 08cf FA000000 		.4byte	.LVL80
 14319 08d3 0100     		.2byte	0x1
 14320 08d5 55       		.byte	0x55
 14321 08d6 FA000000 		.4byte	.LVL80
 14322 08da FE000000 		.4byte	.LVL81
 14323 08de 0100     		.2byte	0x1
 14324 08e0 50       		.byte	0x50
 14325 08e1 FE000000 		.4byte	.LVL81
 14326 08e5 1C010000 		.4byte	.LFE526
 14327 08e9 0100     		.2byte	0x1
 14328 08eb 55       		.byte	0x55
 14329 08ec 00000000 		.4byte	0
 14330 08f0 00000000 		.4byte	0
 14331              	.LVUS38:
 14332 08f4 00       		.uleb128 0
 14333 08f5 00       		.uleb128 .LVU198
 14334 08f6 00       		.uleb128 .LVU198
 14335 08f7 00       		.uleb128 .LVU213
 14336 08f8 00       		.uleb128 .LVU213
 14337 08f9 00       		.uleb128 .LVU214
 14338 08fa 00       		.uleb128 .LVU214
 14339 08fb 00       		.uleb128 .LVU226
 14340 08fc 00       		.uleb128 .LVU226
 14341 08fd 00       		.uleb128 .LVU298
 14342 08fe 00       		.uleb128 .LVU298
 14343 08ff 00       		.uleb128 .LVU301
 14344 0900 00       		.uleb128 .LVU301
 14345 0901 00       		.uleb128 0
 14346              	.LLST38:
 14347 0902 00000000 		.4byte	.LVL54
 14348 0906 14000000 		.4byte	.LVL55
ARM GAS  /tmp/ccSzEyJr.s 			page 253


 14349 090a 0100     		.2byte	0x1
 14350 090c 51       		.byte	0x51
 14351 090d 14000000 		.4byte	.LVL55
 14352 0911 4C000000 		.4byte	.LVL57
 14353 0915 0100     		.2byte	0x1
 14354 0917 54       		.byte	0x54
 14355 0918 4C000000 		.4byte	.LVL57
 14356 091c 50000000 		.4byte	.LVL58
 14357 0920 0400     		.2byte	0x4
 14358 0922 F3       		.byte	0xf3
 14359 0923 01       		.uleb128 0x1
 14360 0924 51       		.byte	0x51
 14361 0925 9F       		.byte	0x9f
 14362 0926 50000000 		.4byte	.LVL58
 14363 092a 68000000 		.4byte	.LVL63
 14364 092e 0100     		.2byte	0x1
 14365 0930 54       		.byte	0x54
 14366 0931 68000000 		.4byte	.LVL63
 14367 0935 E2000000 		.4byte	.LVL72
 14368 0939 0400     		.2byte	0x4
 14369 093b F3       		.byte	0xf3
 14370 093c 01       		.uleb128 0x1
 14371 093d 51       		.byte	0x51
 14372 093e 9F       		.byte	0x9f
 14373 093f E2000000 		.4byte	.LVL72
 14374 0943 E8000000 		.4byte	.LVL74
 14375 0947 0100     		.2byte	0x1
 14376 0949 51       		.byte	0x51
 14377 094a E8000000 		.4byte	.LVL74
 14378 094e 1C010000 		.4byte	.LFE526
 14379 0952 0100     		.2byte	0x1
 14380 0954 54       		.byte	0x54
 14381 0955 00000000 		.4byte	0
 14382 0959 00000000 		.4byte	0
 14383              	.LVUS39:
 14384 095d 01       		.uleb128 .LVU215
 14385 095e 00       		.uleb128 .LVU298
 14386              	.LLST39:
 14387 095f 50000000 		.4byte	.LVL58
 14388 0963 E2000000 		.4byte	.LVL72
 14389 0967 0600     		.2byte	0x6
 14390 0969 0C       		.byte	0xc
 14391 096a 00B80B00 		.4byte	0xbb800
 14392 096e 9F       		.byte	0x9f
 14393 096f 00000000 		.4byte	0
 14394 0973 00000000 		.4byte	0
 14395              	.LVUS40:
 14396 0977 00       		.uleb128 .LVU218
 14397 0978 00       		.uleb128 .LVU222
 14398 0979 00       		.uleb128 .LVU222
 14399 097a 00       		.uleb128 .LVU298
 14400              	.LLST40:
 14401 097b 54000000 		.4byte	.LVL60
 14402 097f 5E000000 		.4byte	.LVL61
 14403 0983 0100     		.2byte	0x1
 14404 0985 50       		.byte	0x50
 14405 0986 5E000000 		.4byte	.LVL61
ARM GAS  /tmp/ccSzEyJr.s 			page 254


 14406 098a E2000000 		.4byte	.LVL72
 14407 098e 0100     		.2byte	0x1
 14408 0990 57       		.byte	0x57
 14409 0991 00000000 		.4byte	0
 14410 0995 00000000 		.4byte	0
 14411              	.LVUS41:
 14412 0999 00       		.uleb128 .LVU223
 14413 099a 00       		.uleb128 .LVU228
 14414 099b 00       		.uleb128 .LVU228
 14415 099c 00       		.uleb128 .LVU298
 14416              	.LLST41:
 14417 099d 60000000 		.4byte	.LVL62
 14418 09a1 6B000000 		.4byte	.LVL64-1
 14419 09a5 0100     		.2byte	0x1
 14420 09a7 50       		.byte	0x50
 14421 09a8 6B000000 		.4byte	.LVL64-1
 14422 09ac E2000000 		.4byte	.LVL72
 14423 09b0 0100     		.2byte	0x1
 14424 09b2 56       		.byte	0x56
 14425 09b3 00000000 		.4byte	0
 14426 09b7 00000000 		.4byte	0
 14427              	.LVUS42:
 14428 09bb 01       		.uleb128 .LVU232
 14429 09bc 00       		.uleb128 .LVU258
 14430              	.LLST42:
 14431 09bd 74000000 		.4byte	.LVL65
 14432 09c1 A4000000 		.4byte	.LVL69
 14433 09c5 0100     		.2byte	0x1
 14434 09c7 56       		.byte	0x56
 14435 09c8 00000000 		.4byte	0
 14436 09cc 00000000 		.4byte	0
 14437              	.LVUS43:
 14438 09d0 01       		.uleb128 .LVU232
 14439 09d1 00       		.uleb128 .LVU258
 14440              	.LLST43:
 14441 09d2 74000000 		.4byte	.LVL65
 14442 09d6 A4000000 		.4byte	.LVL69
 14443 09da 0100     		.2byte	0x1
 14444 09dc 57       		.byte	0x57
 14445 09dd 00000000 		.4byte	0
 14446 09e1 00000000 		.4byte	0
 14447              	.LVUS44:
 14448 09e5 01       		.uleb128 .LVU232
 14449 09e6 00       		.uleb128 .LVU258
 14450              	.LLST44:
 14451 09e7 74000000 		.4byte	.LVL65
 14452 09eb A4000000 		.4byte	.LVL69
 14453 09ef 0600     		.2byte	0x6
 14454 09f1 9E       		.byte	0x9e
 14455 09f2 04       		.uleb128 0x4
 14456 09f3 00803B47 		.4byte	0x473b8000
 14457 09f7 00000000 		.4byte	0
 14458 09fb 00000000 		.4byte	0
 14459              	.LVUS45:
 14460 09ff 01       		.uleb128 .LVU232
 14461 0a00 00       		.uleb128 .LVU258
 14462              	.LLST45:
ARM GAS  /tmp/ccSzEyJr.s 			page 255


 14463 0a01 74000000 		.4byte	.LVL65
 14464 0a05 A4000000 		.4byte	.LVL69
 14465 0a09 0100     		.2byte	0x1
 14466 0a0b 55       		.byte	0x55
 14467 0a0c 00000000 		.4byte	0
 14468 0a10 00000000 		.4byte	0
 14469              	.LVUS46:
 14470 0a14 01       		.uleb128 .LVU238
 14471 0a15 00       		.uleb128 .LVU245
 14472              	.LLST46:
 14473 0a16 7E000000 		.4byte	.LVL66
 14474 0a1a 8A000000 		.4byte	.LVL67
 14475 0a1e 0600     		.2byte	0x6
 14476 0a20 0C       		.byte	0xc
 14477 0a21 00EE0200 		.4byte	0x2ee00
 14478 0a25 9F       		.byte	0x9f
 14479 0a26 00000000 		.4byte	0
 14480 0a2a 00000000 		.4byte	0
 14481              	.LVUS47:
 14482 0a2e 01       		.uleb128 .LVU238
 14483 0a2f 00       		.uleb128 .LVU245
 14484              	.LLST47:
 14485 0a30 7E000000 		.4byte	.LVL66
 14486 0a34 8A000000 		.4byte	.LVL67
 14487 0a38 0100     		.2byte	0x1
 14488 0a3a 57       		.byte	0x57
 14489 0a3b 00000000 		.4byte	0
 14490 0a3f 00000000 		.4byte	0
 14491              	.LVUS48:
 14492 0a43 01       		.uleb128 .LVU238
 14493 0a44 00       		.uleb128 .LVU245
 14494              	.LLST48:
 14495 0a45 7E000000 		.4byte	.LVL66
 14496 0a49 8A000000 		.4byte	.LVL67
 14497 0a4d 0400     		.2byte	0x4
 14498 0a4f 75       		.byte	0x75
 14499 0a50 9001     		.sleb128 144
 14500 0a52 9F       		.byte	0x9f
 14501 0a53 00000000 		.4byte	0
 14502 0a57 00000000 		.4byte	0
 14503              	.LVUS49:
 14504 0a5b 02       		.uleb128 .LVU247
 14505 0a5c 00       		.uleb128 .LVU255
 14506              	.LLST49:
 14507 0a5d 8A000000 		.4byte	.LVL67
 14508 0a61 9C000000 		.4byte	.LVL68
 14509 0a65 0600     		.2byte	0x6
 14510 0a67 0C       		.byte	0xc
 14511 0a68 00EE0200 		.4byte	0x2ee00
 14512 0a6c 9F       		.byte	0x9f
 14513 0a6d 00000000 		.4byte	0
 14514 0a71 00000000 		.4byte	0
 14515              	.LVUS50:
 14516 0a75 02       		.uleb128 .LVU247
 14517 0a76 00       		.uleb128 .LVU255
 14518              	.LLST50:
 14519 0a77 8A000000 		.4byte	.LVL67
ARM GAS  /tmp/ccSzEyJr.s 			page 256


 14520 0a7b 9C000000 		.4byte	.LVL68
 14521 0a7f 0100     		.2byte	0x1
 14522 0a81 56       		.byte	0x56
 14523 0a82 00000000 		.4byte	0
 14524 0a86 00000000 		.4byte	0
 14525              	.LVUS51:
 14526 0a8a 02       		.uleb128 .LVU247
 14527 0a8b 00       		.uleb128 .LVU255
 14528              	.LLST51:
 14529 0a8c 8A000000 		.4byte	.LVL67
 14530 0a90 9C000000 		.4byte	.LVL68
 14531 0a94 0400     		.2byte	0x4
 14532 0a96 75       		.byte	0x75
 14533 0a97 9C01     		.sleb128 156
 14534 0a99 9F       		.byte	0x9f
 14535 0a9a 00000000 		.4byte	0
 14536 0a9e 00000000 		.4byte	0
 14537              	.LVUS52:
 14538 0aa2 05       		.uleb128 .LVU277
 14539 0aa3 00       		.uleb128 .LVU298
 14540              	.LLST52:
 14541 0aa4 C2000000 		.4byte	.LVL70
 14542 0aa8 E2000000 		.4byte	.LVL72
 14543 0aac 0100     		.2byte	0x1
 14544 0aae 55       		.byte	0x55
 14545 0aaf 00000000 		.4byte	0
 14546 0ab3 00000000 		.4byte	0
 14547              	.LVUS53:
 14548 0ab7 04       		.uleb128 .LVU276
 14549 0ab8 00       		.uleb128 .LVU284
 14550              	.LLST53:
 14551 0ab9 C2000000 		.4byte	.LVL70
 14552 0abd D8000000 		.4byte	.LVL71
 14553 0ac1 0600     		.2byte	0x6
 14554 0ac3 9E       		.byte	0x9e
 14555 0ac4 04       		.uleb128 0x4
 14556 0ac5 0000003F 		.4byte	0x3f000000
 14557 0ac9 00000000 		.4byte	0
 14558 0acd 00000000 		.4byte	0
 14559              	.LVUS54:
 14560 0ad1 02       		.uleb128 .LVU286
 14561 0ad2 00       		.uleb128 .LVU298
 14562              	.LLST54:
 14563 0ad3 D8000000 		.4byte	.LVL71
 14564 0ad7 E2000000 		.4byte	.LVL72
 14565 0adb 0400     		.2byte	0x4
 14566 0add 0A       		.byte	0xa
 14567 0ade 5201     		.2byte	0x152
 14568 0ae0 9F       		.byte	0x9f
 14569 0ae1 00000000 		.4byte	0
 14570 0ae5 00000000 		.4byte	0
 14571              	.LVUS55:
 14572 0ae9 02       		.uleb128 .LVU286
 14573 0aea 00       		.uleb128 .LVU298
 14574              	.LLST55:
 14575 0aeb D8000000 		.4byte	.LVL71
 14576 0aef E2000000 		.4byte	.LVL72
ARM GAS  /tmp/ccSzEyJr.s 			page 257


 14577 0af3 0100     		.2byte	0x1
 14578 0af5 55       		.byte	0x55
 14579 0af6 00000000 		.4byte	0
 14580 0afa 00000000 		.4byte	0
 14581              	.LVUS56:
 14582 0afe 04       		.uleb128 .LVU288
 14583 0aff 00       		.uleb128 .LVU298
 14584              	.LLST56:
 14585 0b00 D8000000 		.4byte	.LVL71
 14586 0b04 E2000000 		.4byte	.LVL72
 14587 0b08 0600     		.2byte	0x6
 14588 0b0a 9E       		.byte	0x9e
 14589 0b0b 04       		.uleb128 0x4
 14590 0b0c 6FBAB942 		.4byte	0x42b9ba6f
 14591 0b10 00000000 		.4byte	0
 14592 0b14 00000000 		.4byte	0
 14593              	.LVUS57:
 14594 0b18 05       		.uleb128 .LVU289
 14595 0b19 00       		.uleb128 .LVU298
 14596              	.LLST57:
 14597 0b1a D8000000 		.4byte	.LVL71
 14598 0b1e E2000000 		.4byte	.LVL72
 14599 0b22 0300     		.2byte	0x3
 14600 0b24 08       		.byte	0x8
 14601 0b25 5C       		.byte	0x5c
 14602 0b26 9F       		.byte	0x9f
 14603 0b27 00000000 		.4byte	0
 14604 0b2b 00000000 		.4byte	0
 14605              	.LVUS58:
 14606 0b2f 06       		.uleb128 .LVU290
 14607 0b30 00       		.uleb128 .LVU298
 14608              	.LLST58:
 14609 0b31 D8000000 		.4byte	.LVL71
 14610 0b35 E2000000 		.4byte	.LVL72
 14611 0b39 0400     		.2byte	0x4
 14612 0b3b 0A       		.byte	0xa
 14613 0b3c 37DD     		.2byte	0xdd37
 14614 0b3e 9F       		.byte	0x9f
 14615 0b3f 00000000 		.4byte	0
 14616 0b43 00000000 		.4byte	0
 14617              	.LVUS59:
 14618 0b47 07       		.uleb128 .LVU291
 14619 0b48 00       		.uleb128 .LVU298
 14620              	.LLST59:
 14621 0b49 D8000000 		.4byte	.LVL71
 14622 0b4d E2000000 		.4byte	.LVL72
 14623 0b51 0600     		.2byte	0x6
 14624 0b53 0C       		.byte	0xc
 14625 0b54 37DD5C00 		.4byte	0x5cdd37
 14626 0b58 9F       		.byte	0x9f
 14627 0b59 00000000 		.4byte	0
 14628 0b5d 00000000 		.4byte	0
 14629              	.LVUS60:
 14630 0b61 07       		.uleb128 .LVU291
 14631 0b62 00       		.uleb128 .LVU298
 14632              	.LLST60:
 14633 0b63 D8000000 		.4byte	.LVL71
ARM GAS  /tmp/ccSzEyJr.s 			page 258


 14634 0b67 E2000000 		.4byte	.LVL72
 14635 0b6b 0100     		.2byte	0x1
 14636 0b6d 55       		.byte	0x55
 14637 0b6e 00000000 		.4byte	0
 14638 0b72 00000000 		.4byte	0
 14639              	.LVUS61:
 14640 0b76 09       		.uleb128 .LVU293
 14641 0b77 00       		.uleb128 .LVU298
 14642              	.LLST61:
 14643 0b78 D8000000 		.4byte	.LVL71
 14644 0b7c E2000000 		.4byte	.LVL72
 14645 0b80 0600     		.2byte	0x6
 14646 0b82 9E       		.byte	0x9e
 14647 0b83 04       		.uleb128 0x4
 14648 0b84 6EBAB942 		.4byte	0x42b9ba6e
 14649 0b88 00000000 		.4byte	0
 14650 0b8c 00000000 		.4byte	0
 14651              	.LVUS20:
 14652 0b90 00       		.uleb128 0
 14653 0b91 00       		.uleb128 .LVU110
 14654 0b92 00       		.uleb128 .LVU110
 14655 0b93 00       		.uleb128 .LVU189
 14656 0b94 00       		.uleb128 .LVU189
 14657 0b95 00       		.uleb128 0
 14658              	.LLST20:
 14659 0b96 00000000 		.4byte	.LVL29
 14660 0b9a 1E000000 		.4byte	.LVL30
 14661 0b9e 0100     		.2byte	0x1
 14662 0ba0 50       		.byte	0x50
 14663 0ba1 1E000000 		.4byte	.LVL30
 14664 0ba5 14010000 		.4byte	.LVL53
 14665 0ba9 0100     		.2byte	0x1
 14666 0bab 54       		.byte	0x54
 14667 0bac 14010000 		.4byte	.LVL53
 14668 0bb0 1C010000 		.4byte	.LFE505
 14669 0bb4 0400     		.2byte	0x4
 14670 0bb6 F3       		.byte	0xf3
 14671 0bb7 01       		.uleb128 0x1
 14672 0bb8 50       		.byte	0x50
 14673 0bb9 9F       		.byte	0x9f
 14674 0bba 00000000 		.4byte	0
 14675 0bbe 00000000 		.4byte	0
 14676              	.LVUS21:
 14677 0bc2 00       		.uleb128 0
 14678 0bc3 00       		.uleb128 .LVU110
 14679 0bc4 00       		.uleb128 .LVU110
 14680 0bc5 00       		.uleb128 0
 14681              	.LLST21:
 14682 0bc6 00000000 		.4byte	.LVL29
 14683 0bca 1E000000 		.4byte	.LVL30
 14684 0bce 0100     		.2byte	0x1
 14685 0bd0 51       		.byte	0x51
 14686 0bd1 1E000000 		.4byte	.LVL30
 14687 0bd5 1C010000 		.4byte	.LFE505
 14688 0bd9 0400     		.2byte	0x4
 14689 0bdb F3       		.byte	0xf3
 14690 0bdc 01       		.uleb128 0x1
ARM GAS  /tmp/ccSzEyJr.s 			page 259


 14691 0bdd 51       		.byte	0x51
 14692 0bde 9F       		.byte	0x9f
 14693 0bdf 00000000 		.4byte	0
 14694 0be3 00000000 		.4byte	0
 14695              	.LVUS22:
 14696 0be7 00       		.uleb128 0
 14697 0be8 00       		.uleb128 .LVU110
 14698 0be9 00       		.uleb128 .LVU110
 14699 0bea 00       		.uleb128 0
 14700              	.LLST22:
 14701 0beb 00000000 		.4byte	.LVL29
 14702 0bef 1E000000 		.4byte	.LVL30
 14703 0bf3 0100     		.2byte	0x1
 14704 0bf5 52       		.byte	0x52
 14705 0bf6 1E000000 		.4byte	.LVL30
 14706 0bfa 1C010000 		.4byte	.LFE505
 14707 0bfe 0400     		.2byte	0x4
 14708 0c00 F3       		.byte	0xf3
 14709 0c01 01       		.uleb128 0x1
 14710 0c02 52       		.byte	0x52
 14711 0c03 9F       		.byte	0x9f
 14712 0c04 00000000 		.4byte	0
 14713 0c08 00000000 		.4byte	0
 14714              	.LVUS23:
 14715 0c0c 00       		.uleb128 0
 14716 0c0d 00       		.uleb128 .LVU110
 14717 0c0e 00       		.uleb128 .LVU110
 14718 0c0f 00       		.uleb128 .LVU189
 14719 0c10 00       		.uleb128 .LVU189
 14720 0c11 00       		.uleb128 0
 14721              	.LLST23:
 14722 0c12 00000000 		.4byte	.LVL29
 14723 0c16 1E000000 		.4byte	.LVL30
 14724 0c1a 0100     		.2byte	0x1
 14725 0c1c 53       		.byte	0x53
 14726 0c1d 1E000000 		.4byte	.LVL30
 14727 0c21 14010000 		.4byte	.LVL53
 14728 0c25 0100     		.2byte	0x1
 14729 0c27 5A       		.byte	0x5a
 14730 0c28 14010000 		.4byte	.LVL53
 14731 0c2c 1C010000 		.4byte	.LFE505
 14732 0c30 0400     		.2byte	0x4
 14733 0c32 F3       		.byte	0xf3
 14734 0c33 01       		.uleb128 0x1
 14735 0c34 53       		.byte	0x53
 14736 0c35 9F       		.byte	0x9f
 14737 0c36 00000000 		.4byte	0
 14738 0c3a 00000000 		.4byte	0
 14739              	.LVUS24:
 14740 0c3e 02       		.uleb128 .LVU104
 14741 0c3f 00       		.uleb128 .LVU110
 14742 0c40 00       		.uleb128 .LVU110
 14743 0c41 00       		.uleb128 .LVU184
 14744 0c42 00       		.uleb128 .LVU184
 14745 0c43 01       		.uleb128 .LVU186
 14746 0c44 01       		.uleb128 .LVU186
 14747 0c45 00       		.uleb128 .LVU189
ARM GAS  /tmp/ccSzEyJr.s 			page 260


 14748              	.LLST24:
 14749 0c46 00000000 		.4byte	.LVL29
 14750 0c4a 1E000000 		.4byte	.LVL30
 14751 0c4e 0200     		.2byte	0x2
 14752 0c50 30       		.byte	0x30
 14753 0c51 9F       		.byte	0x9f
 14754 0c52 1E000000 		.4byte	.LVL30
 14755 0c56 00010000 		.4byte	.LVL50
 14756 0c5a 0100     		.2byte	0x1
 14757 0c5c 58       		.byte	0x58
 14758 0c5d 00010000 		.4byte	.LVL50
 14759 0c61 04010000 		.4byte	.LVL51
 14760 0c65 0300     		.2byte	0x3
 14761 0c67 78       		.byte	0x78
 14762 0c68 7F       		.sleb128 -1
 14763 0c69 9F       		.byte	0x9f
 14764 0c6a 04010000 		.4byte	.LVL51
 14765 0c6e 14010000 		.4byte	.LVL53
 14766 0c72 0100     		.2byte	0x1
 14767 0c74 58       		.byte	0x58
 14768 0c75 00000000 		.4byte	0
 14769 0c79 00000000 		.4byte	0
 14770              	.LVUS25:
 14771 0c7d 02       		.uleb128 .LVU147
 14772 0c7e 01       		.uleb128 .LVU151
 14773 0c7f 01       		.uleb128 .LVU151
 14774 0c80 00       		.uleb128 .LVU187
 14775              	.LLST25:
 14776 0c81 7A000000 		.4byte	.LVL37
 14777 0c85 82000000 		.4byte	.LVL38
 14778 0c89 0600     		.2byte	0x6
 14779 0c8b 9E       		.byte	0x9e
 14780 0c8c 04       		.uleb128 0x4
 14781 0c8d 00000000 		.4byte	0
 14782 0c91 82000000 		.4byte	.LVL38
 14783 0c95 0A010000 		.4byte	.LVL52
 14784 0c99 0200     		.2byte	0x2
 14785 0c9b 90       		.byte	0x90
 14786 0c9c 52       		.uleb128 0x52
 14787 0c9d 00000000 		.4byte	0
 14788 0ca1 00000000 		.4byte	0
 14789              	.LVUS26:
 14790 0ca5 02       		.uleb128 .LVU147
 14791 0ca6 01       		.uleb128 .LVU151
 14792 0ca7 01       		.uleb128 .LVU151
 14793 0ca8 00       		.uleb128 .LVU187
 14794              	.LLST26:
 14795 0ca9 7A000000 		.4byte	.LVL37
 14796 0cad 82000000 		.4byte	.LVL38
 14797 0cb1 0600     		.2byte	0x6
 14798 0cb3 9E       		.byte	0x9e
 14799 0cb4 04       		.uleb128 0x4
 14800 0cb5 00000000 		.4byte	0
 14801 0cb9 82000000 		.4byte	.LVL38
 14802 0cbd 0A010000 		.4byte	.LVL52
 14803 0cc1 0200     		.2byte	0x2
 14804 0cc3 90       		.byte	0x90
ARM GAS  /tmp/ccSzEyJr.s 			page 261


 14805 0cc4 51       		.uleb128 0x51
 14806 0cc5 00000000 		.4byte	0
 14807 0cc9 00000000 		.4byte	0
 14808              	.LVUS27:
 14809 0ccd 00       		.uleb128 .LVU150
 14810 0cce 01       		.uleb128 .LVU151
 14811              	.LLST27:
 14812 0ccf 82000000 		.4byte	.LVL38
 14813 0cd3 82000000 		.4byte	.LVL38
 14814 0cd7 0100     		.2byte	0x1
 14815 0cd9 52       		.byte	0x52
 14816 0cda 00000000 		.4byte	0
 14817 0cde 00000000 		.4byte	0
 14818              	.LVUS28:
 14819 0ce2 01       		.uleb128 .LVU151
 14820 0ce3 00       		.uleb128 .LVU165
 14821 0ce4 00       		.uleb128 .LVU165
 14822 0ce5 00       		.uleb128 .LVU174
 14823 0ce6 00       		.uleb128 .LVU176
 14824 0ce7 00       		.uleb128 .LVU187
 14825              	.LLST28:
 14826 0ce8 82000000 		.4byte	.LVL38
 14827 0cec C1000000 		.4byte	.LVL42-1
 14828 0cf0 0100     		.2byte	0x1
 14829 0cf2 53       		.byte	0x53
 14830 0cf3 C1000000 		.4byte	.LVL42-1
 14831 0cf7 EC000000 		.4byte	.LVL45
 14832 0cfb 0300     		.2byte	0x3
 14833 0cfd 91       		.byte	0x91
 14834 0cfe BC7F     		.sleb128 -68
 14835 0d00 EE000000 		.4byte	.LVL46
 14836 0d04 0A010000 		.4byte	.LVL52
 14837 0d08 0100     		.2byte	0x1
 14838 0d0a 53       		.byte	0x53
 14839 0d0b 00000000 		.4byte	0
 14840 0d0f 00000000 		.4byte	0
 14841              	.LVUS29:
 14842 0d13 00       		.uleb128 .LVU163
 14843 0d14 00       		.uleb128 .LVU165
 14844 0d15 00       		.uleb128 .LVU165
 14845 0d16 00       		.uleb128 .LVU174
 14846              	.LLST29:
 14847 0d17 BE000000 		.4byte	.LVL41
 14848 0d1b C1000000 		.4byte	.LVL42-1
 14849 0d1f 0200     		.2byte	0x2
 14850 0d21 90       		.byte	0x90
 14851 0d22 40       		.uleb128 0x40
 14852 0d23 C1000000 		.4byte	.LVL42-1
 14853 0d27 EC000000 		.4byte	.LVL45
 14854 0d2b 0200     		.2byte	0x2
 14855 0d2d 90       		.byte	0x90
 14856 0d2e 50       		.uleb128 0x50
 14857 0d2f 00000000 		.4byte	0
 14858 0d33 00000000 		.4byte	0
 14859              	.LVUS30:
 14860 0d37 00       		.uleb128 .LVU157
 14861 0d38 00       		.uleb128 .LVU163
ARM GAS  /tmp/ccSzEyJr.s 			page 262


 14862 0d39 00       		.uleb128 .LVU177
 14863 0d3a 00       		.uleb128 .LVU179
 14864              	.LLST30:
 14865 0d3b 9C000000 		.4byte	.LVL39
 14866 0d3f BE000000 		.4byte	.LVL41
 14867 0d43 0600     		.2byte	0x6
 14868 0d45 9E       		.byte	0x9e
 14869 0d46 04       		.uleb128 0x4
 14870 0d47 C07F3B48 		.4byte	0x483b7fc0
 14871 0d4b F2000000 		.4byte	.LVL47
 14872 0d4f F8000000 		.4byte	.LVL49
 14873 0d53 0600     		.2byte	0x6
 14874 0d55 9E       		.byte	0x9e
 14875 0d56 04       		.uleb128 0x4
 14876 0d57 C07F3B48 		.4byte	0x483b7fc0
 14877 0d5b 00000000 		.4byte	0
 14878 0d5f 00000000 		.4byte	0
 14879              	.LVUS31:
 14880 0d63 00       		.uleb128 .LVU157
 14881 0d64 00       		.uleb128 .LVU163
 14882 0d65 00       		.uleb128 .LVU177
 14883 0d66 00       		.uleb128 .LVU179
 14884              	.LLST31:
 14885 0d67 9C000000 		.4byte	.LVL39
 14886 0d6b BE000000 		.4byte	.LVL41
 14887 0d6f 0600     		.2byte	0x6
 14888 0d71 9E       		.byte	0x9e
 14889 0d72 04       		.uleb128 0x4
 14890 0d73 0000803F 		.4byte	0x3f800000
 14891 0d77 F2000000 		.4byte	.LVL47
 14892 0d7b F8000000 		.4byte	.LVL49
 14893 0d7f 0600     		.2byte	0x6
 14894 0d81 9E       		.byte	0x9e
 14895 0d82 04       		.uleb128 0x4
 14896 0d83 0000803F 		.4byte	0x3f800000
 14897 0d87 00000000 		.4byte	0
 14898 0d8b 00000000 		.4byte	0
 14899              	.LVUS32:
 14900 0d8f 00       		.uleb128 .LVU157
 14901 0d90 00       		.uleb128 .LVU161
 14902 0d91 00       		.uleb128 .LVU161
 14903 0d92 00       		.uleb128 .LVU163
 14904 0d93 00       		.uleb128 .LVU177
 14905 0d94 00       		.uleb128 .LVU178
 14906 0d95 00       		.uleb128 .LVU178
 14907 0d96 00       		.uleb128 .LVU179
 14908              	.LLST32:
 14909 0d97 9C000000 		.4byte	.LVL39
 14910 0d9b B4000000 		.4byte	.LVL40
 14911 0d9f 0200     		.2byte	0x2
 14912 0da1 90       		.byte	0x90
 14913 0da2 50       		.uleb128 0x50
 14914 0da3 B4000000 		.4byte	.LVL40
 14915 0da7 BE000000 		.4byte	.LVL41
 14916 0dab 0A00     		.2byte	0xa
 14917 0dad 77       		.byte	0x77
 14918 0dae 10       		.sleb128 16
ARM GAS  /tmp/ccSzEyJr.s 			page 263


 14919 0daf F6       		.byte	0xf6
 14920 0db0 04       		.byte	0x4
 14921 0db1 25       		.uleb128 0x25
 14922 0db2 F5       		.byte	0xf5
 14923 0db3 4F       		.uleb128 0x4f
 14924 0db4 25       		.uleb128 0x25
 14925 0db5 1E       		.byte	0x1e
 14926 0db6 9F       		.byte	0x9f
 14927 0db7 F2000000 		.4byte	.LVL47
 14928 0dbb F6000000 		.4byte	.LVL48
 14929 0dbf 0200     		.2byte	0x2
 14930 0dc1 90       		.byte	0x90
 14931 0dc2 50       		.uleb128 0x50
 14932 0dc3 F6000000 		.4byte	.LVL48
 14933 0dc7 F8000000 		.4byte	.LVL49
 14934 0dcb 0A00     		.2byte	0xa
 14935 0dcd 77       		.byte	0x77
 14936 0dce 10       		.sleb128 16
 14937 0dcf F6       		.byte	0xf6
 14938 0dd0 04       		.byte	0x4
 14939 0dd1 25       		.uleb128 0x25
 14940 0dd2 F5       		.byte	0xf5
 14941 0dd3 4F       		.uleb128 0x4f
 14942 0dd4 25       		.uleb128 0x25
 14943 0dd5 1E       		.byte	0x1e
 14944 0dd6 9F       		.byte	0x9f
 14945 0dd7 00000000 		.4byte	0
 14946 0ddb 00000000 		.4byte	0
 14947              	.LVUS33:
 14948 0ddf 00       		.uleb128 .LVU117
 14949 0de0 00       		.uleb128 .LVU125
 14950 0de1 00       		.uleb128 .LVU125
 14951 0de2 00       		.uleb128 .LVU128
 14952 0de3 00       		.uleb128 .LVU128
 14953 0de4 00       		.uleb128 .LVU132
 14954              	.LLST33:
 14955 0de5 34000000 		.4byte	.LVL31
 14956 0de9 46000000 		.4byte	.LVL32
 14957 0ded 0100     		.2byte	0x1
 14958 0def 51       		.byte	0x51
 14959 0df0 46000000 		.4byte	.LVL32
 14960 0df4 4E000000 		.4byte	.LVL33
 14961 0df8 0200     		.2byte	0x2
 14962 0dfa 72       		.byte	0x72
 14963 0dfb 00       		.sleb128 0
 14964 0dfc 4E000000 		.4byte	.LVL33
 14965 0e00 5C000000 		.4byte	.LVL34
 14966 0e04 0B00     		.2byte	0xb
 14967 0e06 77       		.byte	0x77
 14968 0e07 9801     		.sleb128 152
 14969 0e09 06       		.byte	0x6
 14970 0e0a 32       		.byte	0x32
 14971 0e0b 24       		.byte	0x24
 14972 0e0c 77       		.byte	0x77
 14973 0e0d 9001     		.sleb128 144
 14974 0e0f 06       		.byte	0x6
 14975 0e10 22       		.byte	0x22
ARM GAS  /tmp/ccSzEyJr.s 			page 264


 14976 0e11 00000000 		.4byte	0
 14977 0e15 00000000 		.4byte	0
 14978              	.LVUS34:
 14979 0e19 00       		.uleb128 .LVU117
 14980 0e1a 00       		.uleb128 .LVU132
 14981              	.LLST34:
 14982 0e1b 34000000 		.4byte	.LVL31
 14983 0e1f 5C000000 		.4byte	.LVL34
 14984 0e23 0100     		.2byte	0x1
 14985 0e25 5B       		.byte	0x5b
 14986 0e26 00000000 		.4byte	0
 14987 0e2a 00000000 		.4byte	0
 14988              	.LVUS35:
 14989 0e2e 02       		.uleb128 .LVU134
 14990 0e2f 00       		.uleb128 .LVU141
 14991 0e30 00       		.uleb128 .LVU141
 14992 0e31 00       		.uleb128 .LVU142
 14993 0e32 00       		.uleb128 .LVU142
 14994 0e33 00       		.uleb128 .LVU145
 14995              	.LLST35:
 14996 0e34 5C000000 		.4byte	.LVL34
 14997 0e38 6C000000 		.4byte	.LVL35
 14998 0e3c 0100     		.2byte	0x1
 14999 0e3e 51       		.byte	0x51
 15000 0e3f 6C000000 		.4byte	.LVL35
 15001 0e43 70000000 		.4byte	.LVL36
 15002 0e47 0200     		.2byte	0x2
 15003 0e49 73       		.byte	0x73
 15004 0e4a 00       		.sleb128 0
 15005 0e4b 70000000 		.4byte	.LVL36
 15006 0e4f 7A000000 		.4byte	.LVL37
 15007 0e53 0A00     		.2byte	0xa
 15008 0e55 77       		.byte	0x77
 15009 0e56 A401     		.sleb128 164
 15010 0e58 06       		.byte	0x6
 15011 0e59 32       		.byte	0x32
 15012 0e5a 24       		.byte	0x24
 15013 0e5b 79       		.byte	0x79
 15014 0e5c 00       		.sleb128 0
 15015 0e5d 06       		.byte	0x6
 15016 0e5e 22       		.byte	0x22
 15017 0e5f 00000000 		.4byte	0
 15018 0e63 00000000 		.4byte	0
 15019              	.LVUS36:
 15020 0e67 02       		.uleb128 .LVU134
 15021 0e68 00       		.uleb128 .LVU145
 15022              	.LLST36:
 15023 0e69 5C000000 		.4byte	.LVL34
 15024 0e6d 7A000000 		.4byte	.LVL37
 15025 0e71 0100     		.2byte	0x1
 15026 0e73 59       		.byte	0x59
 15027 0e74 00000000 		.4byte	0
 15028 0e78 00000000 		.4byte	0
 15029              	.LVUS16:
 15030 0e7c 00       		.uleb128 0
 15031 0e7d 00       		.uleb128 .LVU77
 15032 0e7e 00       		.uleb128 .LVU77
ARM GAS  /tmp/ccSzEyJr.s 			page 265


 15033 0e7f 00       		.uleb128 .LVU84
 15034 0e80 00       		.uleb128 .LVU84
 15035 0e81 00       		.uleb128 0
 15036              	.LLST16:
 15037 0e82 00000000 		.4byte	.LVL21
 15038 0e86 16000000 		.4byte	.LVL24
 15039 0e8a 0100     		.2byte	0x1
 15040 0e8c 50       		.byte	0x50
 15041 0e8d 16000000 		.4byte	.LVL24
 15042 0e91 28000000 		.4byte	.LVL25
 15043 0e95 0300     		.2byte	0x3
 15044 0e97 74       		.byte	0x74
 15045 0e98 70       		.sleb128 -16
 15046 0e99 9F       		.byte	0x9f
 15047 0e9a 28000000 		.4byte	.LVL25
 15048 0e9e 2C000000 		.4byte	.LFE502
 15049 0ea2 0400     		.2byte	0x4
 15050 0ea4 F3       		.byte	0xf3
 15051 0ea5 01       		.uleb128 0x1
 15052 0ea6 50       		.byte	0x50
 15053 0ea7 9F       		.byte	0x9f
 15054 0ea8 00000000 		.4byte	0
 15055 0eac 00000000 		.4byte	0
 15056              	.LVUS17:
 15057 0eb0 00       		.uleb128 0
 15058 0eb1 00       		.uleb128 .LVU72
 15059 0eb2 00       		.uleb128 .LVU72
 15060 0eb3 00       		.uleb128 0
 15061              	.LLST17:
 15062 0eb4 00000000 		.4byte	.LVL21
 15063 0eb8 08000000 		.4byte	.LVL22
 15064 0ebc 0100     		.2byte	0x1
 15065 0ebe 51       		.byte	0x51
 15066 0ebf 08000000 		.4byte	.LVL22
 15067 0ec3 2C000000 		.4byte	.LFE502
 15068 0ec7 0400     		.2byte	0x4
 15069 0ec9 F3       		.byte	0xf3
 15070 0eca 01       		.uleb128 0x1
 15071 0ecb 51       		.byte	0x51
 15072 0ecc 9F       		.byte	0x9f
 15073 0ecd 00000000 		.4byte	0
 15074 0ed1 00000000 		.4byte	0
 15075              	.LVUS18:
 15076 0ed5 01       		.uleb128 .LVU76
 15077 0ed6 00       		.uleb128 .LVU77
 15078              	.LLST18:
 15079 0ed7 12000000 		.4byte	.LVL23
 15080 0edb 16000000 		.4byte	.LVL24
 15081 0edf 0200     		.2byte	0x2
 15082 0ee1 30       		.byte	0x30
 15083 0ee2 9F       		.byte	0x9f
 15084 0ee3 00000000 		.4byte	0
 15085 0ee7 00000000 		.4byte	0
 15086              	.LVUS0:
 15087 0eeb 00       		.uleb128 0
 15088 0eec 00       		.uleb128 .LVU21
 15089 0eed 00       		.uleb128 .LVU21
ARM GAS  /tmp/ccSzEyJr.s 			page 266


 15090 0eee 00       		.uleb128 0
 15091              	.LLST0:
 15092 0eef 00000000 		.4byte	.LVL0
 15093 0ef3 48000000 		.4byte	.LVL5
 15094 0ef7 0100     		.2byte	0x1
 15095 0ef9 50       		.byte	0x50
 15096 0efa 48000000 		.4byte	.LVL5
 15097 0efe DC000000 		.4byte	.LFE488
 15098 0f02 0400     		.2byte	0x4
 15099 0f04 F3       		.byte	0xf3
 15100 0f05 01       		.uleb128 0x1
 15101 0f06 50       		.byte	0x50
 15102 0f07 9F       		.byte	0x9f
 15103 0f08 00000000 		.4byte	0
 15104 0f0c 00000000 		.4byte	0
 15105              	.LVUS1:
 15106 0f10 00       		.uleb128 0
 15107 0f11 00       		.uleb128 .LVU5
 15108 0f12 00       		.uleb128 .LVU5
 15109 0f13 00       		.uleb128 0
 15110              	.LLST1:
 15111 0f14 00000000 		.4byte	.LVL0
 15112 0f18 10000000 		.4byte	.LVL1
 15113 0f1c 0200     		.2byte	0x2
 15114 0f1e 90       		.byte	0x90
 15115 0f1f 40       		.uleb128 0x40
 15116 0f20 10000000 		.4byte	.LVL1
 15117 0f24 DC000000 		.4byte	.LFE488
 15118 0f28 0600     		.2byte	0x6
 15119 0f2a F3       		.byte	0xf3
 15120 0f2b 03       		.uleb128 0x3
 15121 0f2c F5       		.byte	0xf5
 15122 0f2d 40       		.uleb128 0x40
 15123 0f2e 25       		.uleb128 0x25
 15124 0f2f 9F       		.byte	0x9f
 15125 0f30 00000000 		.4byte	0
 15126 0f34 00000000 		.4byte	0
 15127              	.LVUS2:
 15128 0f38 00       		.uleb128 .LVU6
 15129 0f39 00       		.uleb128 .LVU37
 15130              	.LLST2:
 15131 0f3a 18000000 		.4byte	.LVL2
 15132 0f3e 76000000 		.4byte	.LVL10
 15133 0f42 0200     		.2byte	0x2
 15134 0f44 90       		.byte	0x90
 15135 0f45 40       		.uleb128 0x40
 15136 0f46 00000000 		.4byte	0
 15137 0f4a 00000000 		.4byte	0
 15138              	.LVUS3:
 15139 0f4e 00       		.uleb128 .LVU23
 15140 0f4f 00       		.uleb128 .LVU36
 15141 0f50 00       		.uleb128 .LVU36
 15142 0f51 00       		.uleb128 .LVU45
 15143 0f52 00       		.uleb128 .LVU45
 15144 0f53 00       		.uleb128 0
 15145              	.LLST3:
 15146 0f54 50000000 		.4byte	.LVL6
ARM GAS  /tmp/ccSzEyJr.s 			page 267


 15147 0f58 72000000 		.4byte	.LVL9
 15148 0f5c 0100     		.2byte	0x1
 15149 0f5e 52       		.byte	0x52
 15150 0f5f 72000000 		.4byte	.LVL9
 15151 0f63 9A000000 		.4byte	.LVL12
 15152 0f67 0300     		.2byte	0x3
 15153 0f69 72       		.byte	0x72
 15154 0f6a 7E       		.sleb128 -2
 15155 0f6b 9F       		.byte	0x9f
 15156 0f6c 9A000000 		.4byte	.LVL12
 15157 0f70 DC000000 		.4byte	.LFE488
 15158 0f74 0300     		.2byte	0x3
 15159 0f76 74       		.byte	0x74
 15160 0f77 7F       		.sleb128 -1
 15161 0f78 9F       		.byte	0x9f
 15162 0f79 00000000 		.4byte	0
 15163 0f7d 00000000 		.4byte	0
 15164              	.LVUS4:
 15165 0f81 00       		.uleb128 .LVU27
 15166 0f82 00       		.uleb128 0
 15167              	.LLST4:
 15168 0f83 5A000000 		.4byte	.LVL7
 15169 0f87 DC000000 		.4byte	.LFE488
 15170 0f8b 0200     		.2byte	0x2
 15171 0f8d 90       		.byte	0x90
 15172 0f8e 4F       		.uleb128 0x4f
 15173 0f8f 00000000 		.4byte	0
 15174 0f93 00000000 		.4byte	0
 15175              	.LVUS5:
 15176 0f97 01       		.uleb128 .LVU28
 15177 0f98 00       		.uleb128 .LVU36
 15178 0f99 00       		.uleb128 .LVU36
 15179 0f9a 00       		.uleb128 .LVU45
 15180 0f9b 00       		.uleb128 .LVU45
 15181 0f9c 00       		.uleb128 0
 15182              	.LLST5:
 15183 0f9d 5A000000 		.4byte	.LVL7
 15184 0fa1 72000000 		.4byte	.LVL9
 15185 0fa5 0F00     		.2byte	0xf
 15186 0fa7 72       		.byte	0x72
 15187 0fa8 00       		.sleb128 0
 15188 0fa9 73       		.byte	0x73
 15189 0faa 00       		.sleb128 0
 15190 0fab 22       		.byte	0x22
 15191 0fac 31       		.byte	0x31
 15192 0fad 1C       		.byte	0x1c
 15193 0fae 73       		.byte	0x73
 15194 0faf 00       		.sleb128 0
 15195 0fb0 14       		.byte	0x14
 15196 0fb1 14       		.byte	0x14
 15197 0fb2 1B       		.byte	0x1b
 15198 0fb3 1E       		.byte	0x1e
 15199 0fb4 1C       		.byte	0x1c
 15200 0fb5 9F       		.byte	0x9f
 15201 0fb6 72000000 		.4byte	.LVL9
 15202 0fba 9A000000 		.4byte	.LVL12
 15203 0fbe 0F00     		.2byte	0xf
ARM GAS  /tmp/ccSzEyJr.s 			page 268


 15204 0fc0 72       		.byte	0x72
 15205 0fc1 00       		.sleb128 0
 15206 0fc2 73       		.byte	0x73
 15207 0fc3 00       		.sleb128 0
 15208 0fc4 22       		.byte	0x22
 15209 0fc5 33       		.byte	0x33
 15210 0fc6 1C       		.byte	0x1c
 15211 0fc7 73       		.byte	0x73
 15212 0fc8 00       		.sleb128 0
 15213 0fc9 14       		.byte	0x14
 15214 0fca 14       		.byte	0x14
 15215 0fcb 1B       		.byte	0x1b
 15216 0fcc 1E       		.byte	0x1e
 15217 0fcd 1C       		.byte	0x1c
 15218 0fce 9F       		.byte	0x9f
 15219 0fcf 9A000000 		.4byte	.LVL12
 15220 0fd3 DC000000 		.4byte	.LFE488
 15221 0fd7 0F00     		.2byte	0xf
 15222 0fd9 73       		.byte	0x73
 15223 0fda 00       		.sleb128 0
 15224 0fdb 74       		.byte	0x74
 15225 0fdc 00       		.sleb128 0
 15226 0fdd 22       		.byte	0x22
 15227 0fde 32       		.byte	0x32
 15228 0fdf 1C       		.byte	0x1c
 15229 0fe0 73       		.byte	0x73
 15230 0fe1 00       		.sleb128 0
 15231 0fe2 14       		.byte	0x14
 15232 0fe3 14       		.byte	0x14
 15233 0fe4 1B       		.byte	0x1b
 15234 0fe5 1E       		.byte	0x1e
 15235 0fe6 1C       		.byte	0x1c
 15236 0fe7 9F       		.byte	0x9f
 15237 0fe8 00000000 		.4byte	0
 15238 0fec 00000000 		.4byte	0
 15239              	.LVUS6:
 15240 0ff0 02       		.uleb128 .LVU29
 15241 0ff1 00       		.uleb128 .LVU36
 15242 0ff2 00       		.uleb128 .LVU36
 15243 0ff3 00       		.uleb128 .LVU45
 15244 0ff4 00       		.uleb128 .LVU45
 15245 0ff5 00       		.uleb128 0
 15246              	.LLST6:
 15247 0ff6 5A000000 		.4byte	.LVL7
 15248 0ffa 72000000 		.4byte	.LVL9
 15249 0ffe 0A00     		.2byte	0xa
 15250 1000 72       		.byte	0x72
 15251 1001 01       		.sleb128 1
 15252 1002 73       		.byte	0x73
 15253 1003 00       		.sleb128 0
 15254 1004 14       		.byte	0x14
 15255 1005 14       		.byte	0x14
 15256 1006 1B       		.byte	0x1b
 15257 1007 1E       		.byte	0x1e
 15258 1008 1C       		.byte	0x1c
 15259 1009 9F       		.byte	0x9f
 15260 100a 72000000 		.4byte	.LVL9
ARM GAS  /tmp/ccSzEyJr.s 			page 269


 15261 100e 9A000000 		.4byte	.LVL12
 15262 1012 0A00     		.2byte	0xa
 15263 1014 72       		.byte	0x72
 15264 1015 7F       		.sleb128 -1
 15265 1016 73       		.byte	0x73
 15266 1017 00       		.sleb128 0
 15267 1018 14       		.byte	0x14
 15268 1019 14       		.byte	0x14
 15269 101a 1B       		.byte	0x1b
 15270 101b 1E       		.byte	0x1e
 15271 101c 1C       		.byte	0x1c
 15272 101d 9F       		.byte	0x9f
 15273 101e 9A000000 		.4byte	.LVL12
 15274 1022 DC000000 		.4byte	.LFE488
 15275 1026 0A00     		.2byte	0xa
 15276 1028 74       		.byte	0x74
 15277 1029 00       		.sleb128 0
 15278 102a 73       		.byte	0x73
 15279 102b 00       		.sleb128 0
 15280 102c 14       		.byte	0x14
 15281 102d 14       		.byte	0x14
 15282 102e 1B       		.byte	0x1b
 15283 102f 1E       		.byte	0x1e
 15284 1030 1C       		.byte	0x1c
 15285 1031 9F       		.byte	0x9f
 15286 1032 00000000 		.4byte	0
 15287 1036 00000000 		.4byte	0
 15288              	.LVUS7:
 15289 103a 03       		.uleb128 .LVU30
 15290 103b 00       		.uleb128 .LVU36
 15291 103c 00       		.uleb128 .LVU36
 15292 103d 00       		.uleb128 .LVU45
 15293 103e 00       		.uleb128 .LVU45
 15294 103f 00       		.uleb128 0
 15295              	.LLST7:
 15296 1040 5A000000 		.4byte	.LVL7
 15297 1044 72000000 		.4byte	.LVL9
 15298 1048 0A00     		.2byte	0xa
 15299 104a 72       		.byte	0x72
 15300 104b 02       		.sleb128 2
 15301 104c 73       		.byte	0x73
 15302 104d 00       		.sleb128 0
 15303 104e 14       		.byte	0x14
 15304 104f 14       		.byte	0x14
 15305 1050 1B       		.byte	0x1b
 15306 1051 1E       		.byte	0x1e
 15307 1052 1C       		.byte	0x1c
 15308 1053 9F       		.byte	0x9f
 15309 1054 72000000 		.4byte	.LVL9
 15310 1058 9A000000 		.4byte	.LVL12
 15311 105c 0A00     		.2byte	0xa
 15312 105e 72       		.byte	0x72
 15313 105f 00       		.sleb128 0
 15314 1060 73       		.byte	0x73
 15315 1061 00       		.sleb128 0
 15316 1062 14       		.byte	0x14
 15317 1063 14       		.byte	0x14
ARM GAS  /tmp/ccSzEyJr.s 			page 270


 15318 1064 1B       		.byte	0x1b
 15319 1065 1E       		.byte	0x1e
 15320 1066 1C       		.byte	0x1c
 15321 1067 9F       		.byte	0x9f
 15322 1068 9A000000 		.4byte	.LVL12
 15323 106c DC000000 		.4byte	.LFE488
 15324 1070 0A00     		.2byte	0xa
 15325 1072 74       		.byte	0x74
 15326 1073 01       		.sleb128 1
 15327 1074 73       		.byte	0x73
 15328 1075 00       		.sleb128 0
 15329 1076 14       		.byte	0x14
 15330 1077 14       		.byte	0x14
 15331 1078 1B       		.byte	0x1b
 15332 1079 1E       		.byte	0x1e
 15333 107a 1C       		.byte	0x1c
 15334 107b 9F       		.byte	0x9f
 15335 107c 00000000 		.4byte	0
 15336 1080 00000000 		.4byte	0
 15337              	.LVUS8:
 15338 1084 00       		.uleb128 .LVU34
 15339 1085 00       		.uleb128 .LVU59
 15340 1086 00       		.uleb128 .LVU59
 15341 1087 00       		.uleb128 0
 15342              	.LLST8:
 15343 1088 6C000000 		.4byte	.LVL8
 15344 108c C2000000 		.4byte	.LVL17
 15345 1090 0200     		.2byte	0x2
 15346 1092 90       		.byte	0x90
 15347 1093 4A       		.uleb128 0x4a
 15348 1094 C2000000 		.4byte	.LVL17
 15349 1098 DC000000 		.4byte	.LFE488
 15350 109c 1C00     		.2byte	0x1c
 15351 109e 73       		.byte	0x73
 15352 109f 00       		.sleb128 0
 15353 10a0 73       		.byte	0x73
 15354 10a1 00       		.sleb128 0
 15355 10a2 74       		.byte	0x74
 15356 10a3 00       		.sleb128 0
 15357 10a4 22       		.byte	0x22
 15358 10a5 32       		.byte	0x32
 15359 10a6 1C       		.byte	0x1c
 15360 10a7 73       		.byte	0x73
 15361 10a8 00       		.sleb128 0
 15362 10a9 1B       		.byte	0x1b
 15363 10aa 73       		.byte	0x73
 15364 10ab 00       		.sleb128 0
 15365 10ac 1E       		.byte	0x1e
 15366 10ad 1C       		.byte	0x1c
 15367 10ae 74       		.byte	0x74
 15368 10af 00       		.sleb128 0
 15369 10b0 22       		.byte	0x22
 15370 10b1 32       		.byte	0x32
 15371 10b2 1C       		.byte	0x1c
 15372 10b3 32       		.byte	0x32
 15373 10b4 24       		.byte	0x24
 15374 10b5 F3       		.byte	0xf3
ARM GAS  /tmp/ccSzEyJr.s 			page 271


 15375 10b6 01       		.uleb128 0x1
 15376 10b7 50       		.byte	0x50
 15377 10b8 06       		.byte	0x6
 15378 10b9 22       		.byte	0x22
 15379 10ba 00000000 		.4byte	0
 15380 10be 00000000 		.4byte	0
 15381              	.LVUS9:
 15382 10c2 00       		.uleb128 .LVU37
 15383 10c3 00       		.uleb128 .LVU66
 15384 10c4 00       		.uleb128 .LVU66
 15385 10c5 00       		.uleb128 0
 15386              	.LLST9:
 15387 10c6 76000000 		.4byte	.LVL10
 15388 10ca DA000000 		.4byte	.LVL20
 15389 10ce 0200     		.2byte	0x2
 15390 10d0 90       		.byte	0x90
 15391 10d1 40       		.uleb128 0x40
 15392 10d2 DA000000 		.4byte	.LVL20
 15393 10d6 DC000000 		.4byte	.LFE488
 15394 10da 0900     		.2byte	0x9
 15395 10dc 74       		.byte	0x74
 15396 10dd 7F       		.sleb128 -1
 15397 10de 32       		.byte	0x32
 15398 10df 24       		.byte	0x24
 15399 10e0 F3       		.byte	0xf3
 15400 10e1 01       		.uleb128 0x1
 15401 10e2 50       		.byte	0x50
 15402 10e3 06       		.byte	0x6
 15403 10e4 22       		.byte	0x22
 15404 10e5 00000000 		.4byte	0
 15405 10e9 00000000 		.4byte	0
 15406              	.LVUS10:
 15407 10ed 00       		.uleb128 .LVU42
 15408 10ee 00       		.uleb128 .LVU55
 15409 10ef 00       		.uleb128 .LVU55
 15410 10f0 00       		.uleb128 0
 15411              	.LLST10:
 15412 10f1 8E000000 		.4byte	.LVL11
 15413 10f5 B6000000 		.4byte	.LVL14
 15414 10f9 0200     		.2byte	0x2
 15415 10fb 90       		.byte	0x90
 15416 10fc 4D       		.uleb128 0x4d
 15417 10fd B6000000 		.4byte	.LVL14
 15418 1101 DC000000 		.4byte	.LFE488
 15419 1105 1200     		.2byte	0x12
 15420 1107 74       		.byte	0x74
 15421 1108 00       		.sleb128 0
 15422 1109 74       		.byte	0x74
 15423 110a 00       		.sleb128 0
 15424 110b 73       		.byte	0x73
 15425 110c 00       		.sleb128 0
 15426 110d 1B       		.byte	0x1b
 15427 110e 73       		.byte	0x73
 15428 110f 00       		.sleb128 0
 15429 1110 1E       		.byte	0x1e
 15430 1111 1C       		.byte	0x1c
 15431 1112 32       		.byte	0x32
ARM GAS  /tmp/ccSzEyJr.s 			page 272


 15432 1113 24       		.byte	0x24
 15433 1114 F3       		.byte	0xf3
 15434 1115 01       		.uleb128 0x1
 15435 1116 50       		.byte	0x50
 15436 1117 06       		.byte	0x6
 15437 1118 22       		.byte	0x22
 15438 1119 00000000 		.4byte	0
 15439 111d 00000000 		.4byte	0
 15440              	.LVUS11:
 15441 1121 00       		.uleb128 .LVU50
 15442 1122 00       		.uleb128 .LVU58
 15443 1123 00       		.uleb128 .LVU58
 15444 1124 00       		.uleb128 0
 15445              	.LLST11:
 15446 1125 AE000000 		.4byte	.LVL13
 15447 1129 BE000000 		.4byte	.LVL16
 15448 112d 0200     		.2byte	0x2
 15449 112f 90       		.byte	0x90
 15450 1130 4C       		.uleb128 0x4c
 15451 1131 BE000000 		.4byte	.LVL16
 15452 1135 DC000000 		.4byte	.LFE488
 15453 1139 0200     		.2byte	0x2
 15454 113b 71       		.byte	0x71
 15455 113c 00       		.sleb128 0
 15456 113d 00000000 		.4byte	0
 15457 1141 00000000 		.4byte	0
 15458              	.LVUS12:
 15459 1145 01       		.uleb128 .LVU51
 15460 1146 00       		.uleb128 .LVU66
 15461 1147 00       		.uleb128 .LVU66
 15462 1148 00       		.uleb128 0
 15463              	.LLST12:
 15464 1149 AE000000 		.4byte	.LVL13
 15465 114d DA000000 		.4byte	.LVL20
 15466 1151 0200     		.2byte	0x2
 15467 1153 90       		.byte	0x90
 15468 1154 40       		.uleb128 0x40
 15469 1155 DA000000 		.4byte	.LVL20
 15470 1159 DC000000 		.4byte	.LFE488
 15471 115d 0900     		.2byte	0x9
 15472 115f 74       		.byte	0x74
 15473 1160 7F       		.sleb128 -1
 15474 1161 32       		.byte	0x32
 15475 1162 24       		.byte	0x24
 15476 1163 F3       		.byte	0xf3
 15477 1164 01       		.uleb128 0x1
 15478 1165 50       		.byte	0x50
 15479 1166 06       		.byte	0x6
 15480 1167 22       		.byte	0x22
 15481 1168 00000000 		.4byte	0
 15482 116c 00000000 		.4byte	0
 15483              	.LVUS13:
 15484 1170 02       		.uleb128 .LVU52
 15485 1171 00       		.uleb128 0
 15486              	.LLST13:
 15487 1172 AE000000 		.4byte	.LVL13
 15488 1176 DC000000 		.4byte	.LFE488
ARM GAS  /tmp/ccSzEyJr.s 			page 273


 15489 117a 0C00     		.2byte	0xc
 15490 117c F5       		.byte	0xf5
 15491 117d 49       		.uleb128 0x49
 15492 117e 25       		.uleb128 0x25
 15493 117f F4       		.byte	0xf4
 15494 1180 25       		.uleb128 0x25
 15495 1181 04       		.byte	0x4
 15496 1182 0000003F 		.4byte	0x3f000000
 15497 1186 1E       		.byte	0x1e
 15498 1187 9F       		.byte	0x9f
 15499 1188 00000000 		.4byte	0
 15500 118c 00000000 		.4byte	0
 15501              	.LVUS14:
 15502 1190 00       		.uleb128 .LVU56
 15503 1191 00       		.uleb128 .LVU63
 15504              	.LLST14:
 15505 1192 BA000000 		.4byte	.LVL15
 15506 1196 CE000000 		.4byte	.LVL19
 15507 119a 0200     		.2byte	0x2
 15508 119c 90       		.byte	0x90
 15509 119d 4E       		.uleb128 0x4e
 15510 119e 00000000 		.4byte	0
 15511 11a2 00000000 		.4byte	0
 15512              	.LVUS15:
 15513 11a6 00       		.uleb128 .LVU61
 15514 11a7 00       		.uleb128 0
 15515              	.LLST15:
 15516 11a8 CA000000 		.4byte	.LVL18
 15517 11ac DC000000 		.4byte	.LFE488
 15518 11b0 0200     		.2byte	0x2
 15519 11b2 90       		.byte	0x90
 15520 11b3 4D       		.uleb128 0x4d
 15521 11b4 00000000 		.4byte	0
 15522 11b8 00000000 		.4byte	0
 15523              	.LVUS19:
 15524 11bc 00       		.uleb128 .LVU94
 15525 11bd 00       		.uleb128 0
 15526              	.LLST19:
 15527 11be 1C000000 		.4byte	.LVL27
 15528 11c2 54000000 		.4byte	.LFE504
 15529 11c6 0200     		.2byte	0x2
 15530 11c8 90       		.byte	0x90
 15531 11c9 4F       		.uleb128 0x4f
 15532 11ca 00000000 		.4byte	0
 15533 11ce 00000000 		.4byte	0
 15534              		.section	.debug_aranges,"",%progbits
 15535 0000 4C000000 		.4byte	0x4c
 15536 0004 0200     		.2byte	0x2
 15537 0006 00000000 		.4byte	.Ldebug_info0
 15538 000a 04       		.byte	0x4
 15539 000b 00       		.byte	0
 15540 000c 0000     		.2byte	0
 15541 000e 0000     		.2byte	0
 15542 0010 00000000 		.4byte	.Ltext0
 15543 0014 F0010000 		.4byte	.Letext0-.Ltext0
 15544 0018 00000000 		.4byte	.LFB488
 15545 001c DC000000 		.4byte	.LFE488-.LFB488
ARM GAS  /tmp/ccSzEyJr.s 			page 274


 15546 0020 00000000 		.4byte	.LFB502
 15547 0024 2C000000 		.4byte	.LFE502-.LFB502
 15548 0028 00000000 		.4byte	.LFB504
 15549 002c 54000000 		.4byte	.LFE504-.LFB504
 15550 0030 00000000 		.4byte	.LFB505
 15551 0034 1C010000 		.4byte	.LFE505-.LFB505
 15552 0038 00000000 		.4byte	.LFB526
 15553 003c 1C010000 		.4byte	.LFE526-.LFB526
 15554 0040 00000000 		.4byte	.LFB553
 15555 0044 44000000 		.4byte	.LFE553-.LFB553
 15556 0048 00000000 		.4byte	0
 15557 004c 00000000 		.4byte	0
 15558              		.section	.debug_ranges,"",%progbits
 15559              	.Ldebug_ranges0:
 15560 0000 0A000000 		.4byte	.LBB64
 15561 0004 10000000 		.4byte	.LBE64
 15562 0008 12000000 		.4byte	.LBB65
 15563 000c 26000000 		.4byte	.LBE65
 15564 0010 00000000 		.4byte	0
 15565 0014 00000000 		.4byte	0
 15566 0018 0C000000 		.4byte	.LBB76
 15567 001c 14000000 		.4byte	.LBE76
 15568 0020 18000000 		.4byte	.LBB115
 15569 0024 1C000000 		.4byte	.LBE115
 15570 0028 1E000000 		.4byte	.LBB116
 15571 002c 0A010000 		.4byte	.LBE116
 15572 0030 00000000 		.4byte	0
 15573 0034 00000000 		.4byte	0
 15574 0038 10000000 		.4byte	.LBB77
 15575 003c 14000000 		.4byte	.LBE77
 15576 0040 18000000 		.4byte	.LBB112
 15577 0044 1C000000 		.4byte	.LBE112
 15578 0048 22000000 		.4byte	.LBB113
 15579 004c FC000000 		.4byte	.LBE113
 15580 0050 00010000 		.4byte	.LBB114
 15581 0054 04010000 		.4byte	.LBE114
 15582 0058 00000000 		.4byte	0
 15583 005c 00000000 		.4byte	0
 15584 0060 18000000 		.4byte	.LBB78
 15585 0064 1C000000 		.4byte	.LBE78
 15586 0068 26000000 		.4byte	.LBB98
 15587 006c 2A000000 		.4byte	.LBE98
 15588 0070 74000000 		.4byte	.LBB109
 15589 0074 76000000 		.4byte	.LBE109
 15590 0078 82000000 		.4byte	.LBB111
 15591 007c F8000000 		.4byte	.LBE111
 15592 0080 00000000 		.4byte	0
 15593 0084 00000000 		.4byte	0
 15594 0088 18000000 		.4byte	.LBB79
 15595 008c 1C000000 		.4byte	.LBE79
 15596 0090 26000000 		.4byte	.LBB88
 15597 0094 2A000000 		.4byte	.LBE88
 15598 0098 86000000 		.4byte	.LBB89
 15599 009c EC000000 		.4byte	.LBE89
 15600 00a0 F2000000 		.4byte	.LBB90
 15601 00a4 F8000000 		.4byte	.LBE90
 15602 00a8 00000000 		.4byte	0
ARM GAS  /tmp/ccSzEyJr.s 			page 275


 15603 00ac 00000000 		.4byte	0
 15604 00b0 18000000 		.4byte	.LBB80
 15605 00b4 1C000000 		.4byte	.LBE80
 15606 00b8 26000000 		.4byte	.LBB85
 15607 00bc 2A000000 		.4byte	.LBE85
 15608 00c0 9C000000 		.4byte	.LBB86
 15609 00c4 B4000000 		.4byte	.LBE86
 15610 00c8 F2000000 		.4byte	.LBB87
 15611 00cc F8000000 		.4byte	.LBE87
 15612 00d0 00000000 		.4byte	0
 15613 00d4 00000000 		.4byte	0
 15614 00d8 22000000 		.4byte	.LBB91
 15615 00dc 26000000 		.4byte	.LBE91
 15616 00e0 2A000000 		.4byte	.LBB99
 15617 00e4 2E000000 		.4byte	.LBE99
 15618 00e8 34000000 		.4byte	.LBB100
 15619 00ec 3C000000 		.4byte	.LBE100
 15620 00f0 40000000 		.4byte	.LBB101
 15621 00f4 46000000 		.4byte	.LBE101
 15622 00f8 4A000000 		.4byte	.LBB102
 15623 00fc 52000000 		.4byte	.LBE102
 15624 0100 58000000 		.4byte	.LBB107
 15625 0104 5C000000 		.4byte	.LBE107
 15626 0108 00000000 		.4byte	0
 15627 010c 00000000 		.4byte	0
 15628 0110 52000000 		.4byte	.LBB103
 15629 0114 56000000 		.4byte	.LBE103
 15630 0118 5C000000 		.4byte	.LBB108
 15631 011c 74000000 		.4byte	.LBE108
 15632 0120 76000000 		.4byte	.LBB110
 15633 0124 7A000000 		.4byte	.LBE110
 15634 0128 00000000 		.4byte	0
 15635 012c 00000000 		.4byte	0
 15636 0130 66000000 		.4byte	.LBB129
 15637 0134 68000000 		.4byte	.LBE129
 15638 0138 6C000000 		.4byte	.LBB143
 15639 013c 70000000 		.4byte	.LBE143
 15640 0140 74000000 		.4byte	.LBB144
 15641 0144 A4000000 		.4byte	.LBE144
 15642 0148 00000000 		.4byte	0
 15643 014c 00000000 		.4byte	0
 15644 0150 66000000 		.4byte	.LBB131
 15645 0154 68000000 		.4byte	.LBE131
 15646 0158 6C000000 		.4byte	.LBB136
 15647 015c 70000000 		.4byte	.LBE136
 15648 0160 76000000 		.4byte	.LBB137
 15649 0164 7C000000 		.4byte	.LBE137
 15650 0168 7E000000 		.4byte	.LBB138
 15651 016c 8A000000 		.4byte	.LBE138
 15652 0170 00000000 		.4byte	0
 15653 0174 00000000 		.4byte	0
 15654 0178 C2000000 		.4byte	.LBB145
 15655 017c C2000000 		.4byte	.LBE145
 15656 0180 CA000000 		.4byte	.LBB162
 15657 0184 CC000000 		.4byte	.LBE162
 15658 0188 D6000000 		.4byte	.LBB165
 15659 018c D8000000 		.4byte	.LBE165
ARM GAS  /tmp/ccSzEyJr.s 			page 276


 15660 0190 00000000 		.4byte	0
 15661 0194 00000000 		.4byte	0
 15662 0198 C2000000 		.4byte	.LBB149
 15663 019c CA000000 		.4byte	.LBE149
 15664 01a0 CC000000 		.4byte	.LBB163
 15665 01a4 D0000000 		.4byte	.LBE163
 15666 01a8 D2000000 		.4byte	.LBB164
 15667 01ac D6000000 		.4byte	.LBE164
 15668 01b0 D8000000 		.4byte	.LBB166
 15669 01b4 E2000000 		.4byte	.LBE166
 15670 01b8 00000000 		.4byte	0
 15671 01bc 00000000 		.4byte	0
 15672 01c0 1C000000 		.4byte	.LBB175
 15673 01c4 1C000000 		.4byte	.LBE175
 15674 01c8 1E000000 		.4byte	.LBB180
 15675 01cc 56000000 		.4byte	.LBE180
 15676 01d0 00000000 		.4byte	0
 15677 01d4 00000000 		.4byte	0
 15678 01d8 5C000000 		.4byte	.LBB197
 15679 01dc 5E000000 		.4byte	.LBE197
 15680 01e0 60000000 		.4byte	.LBB228
 15681 01e4 68000000 		.4byte	.LBE228
 15682 01e8 6C000000 		.4byte	.LBB229
 15683 01ec 8E000000 		.4byte	.LBE229
 15684 01f0 90000000 		.4byte	.LBB230
 15685 01f4 90000000 		.4byte	.LBE230
 15686 01f8 94000000 		.4byte	.LBB231
 15687 01fc 04010000 		.4byte	.LBE231
 15688 0200 08010000 		.4byte	.LBB232
 15689 0204 54010000 		.4byte	.LBE232
 15690 0208 00000000 		.4byte	0
 15691 020c 00000000 		.4byte	0
 15692 0210 68000000 		.4byte	.LBB199
 15693 0214 68000000 		.4byte	.LBE199
 15694 0218 6C000000 		.4byte	.LBB202
 15695 021c 8E000000 		.4byte	.LBE202
 15696 0220 00000000 		.4byte	0
 15697 0224 00000000 		.4byte	0
 15698 0228 94000000 		.4byte	.LBB203
 15699 022c 9C000000 		.4byte	.LBE203
 15700 0230 9E000000 		.4byte	.LBB209
 15701 0234 A2000000 		.4byte	.LBE209
 15702 0238 A4000000 		.4byte	.LBB210
 15703 023c A8000000 		.4byte	.LBE210
 15704 0240 AC000000 		.4byte	.LBB211
 15705 0244 E4000000 		.4byte	.LBE211
 15706 0248 FE000000 		.4byte	.LBB214
 15707 024c 04010000 		.4byte	.LBE214
 15708 0250 00000000 		.4byte	0
 15709 0254 00000000 		.4byte	0
 15710 0258 08010000 		.4byte	.LBB215
 15711 025c 0C010000 		.4byte	.LBE215
 15712 0260 0E010000 		.4byte	.LBB220
 15713 0264 12010000 		.4byte	.LBE220
 15714 0268 14010000 		.4byte	.LBB221
 15715 026c 18010000 		.4byte	.LBE221
 15716 0270 1C010000 		.4byte	.LBB222
ARM GAS  /tmp/ccSzEyJr.s 			page 277


 15717 0274 54010000 		.4byte	.LBE222
 15718 0278 00000000 		.4byte	0
 15719 027c 00000000 		.4byte	0
 15720 0280 B8010000 		.4byte	.LBB241
 15721 0284 B8010000 		.4byte	.LBE241
 15722 0288 BC010000 		.4byte	.LBB246
 15723 028c CE010000 		.4byte	.LBE246
 15724 0290 00000000 		.4byte	0
 15725 0294 00000000 		.4byte	0
 15726 0298 DA010000 		.4byte	.LBB247
 15727 029c DC010000 		.4byte	.LBE247
 15728 02a0 DE010000 		.4byte	.LBB250
 15729 02a4 E4010000 		.4byte	.LBE250
 15730 02a8 00000000 		.4byte	0
 15731 02ac 00000000 		.4byte	0
 15732 02b0 00000000 		.4byte	.LBB277
 15733 02b4 06000000 		.4byte	.LBE277
 15734 02b8 0A000000 		.4byte	.LBB290
 15735 02bc 1C000000 		.4byte	.LBE290
 15736 02c0 22000000 		.4byte	.LBB291
 15737 02c4 2A000000 		.4byte	.LBE291
 15738 02c8 00000000 		.4byte	0
 15739 02cc 00000000 		.4byte	0
 15740 02d0 00000000 		.4byte	.Ltext0
 15741 02d4 F0010000 		.4byte	.Letext0
 15742 02d8 00000000 		.4byte	.LFB488
 15743 02dc DC000000 		.4byte	.LFE488
 15744 02e0 00000000 		.4byte	.LFB502
 15745 02e4 2C000000 		.4byte	.LFE502
 15746 02e8 00000000 		.4byte	.LFB504
 15747 02ec 54000000 		.4byte	.LFE504
 15748 02f0 00000000 		.4byte	.LFB505
 15749 02f4 1C010000 		.4byte	.LFE505
 15750 02f8 00000000 		.4byte	.LFB526
 15751 02fc 1C010000 		.4byte	.LFE526
 15752 0300 00000000 		.4byte	.LFB553
 15753 0304 44000000 		.4byte	.LFE553
 15754 0308 00000000 		.4byte	0
 15755 030c 00000000 		.4byte	0
 15756              		.section	.debug_line,"",%progbits
 15757              	.Ldebug_line0:
 15758 0000 B70A0000 		.section	.debug_str,"MS",%progbits,1
 15758      03007802 
 15758      00000201 
 15758      FB0E0D00 
 15758      01010101 
 15759              	.LASF177:
 15760 0000 6664696D 		.ascii	"fdim\000"
 15760      00
 15761              	.LASF101:
 15762 0005 5F5A5374 		.ascii	"_ZSt4fmodee\000"
 15762      34666D6F 
 15762      64656500 
 15763              	.LASF40:
 15764 0011 5F5A5374 		.ascii	"_ZSt3absd\000"
 15764      33616273 
 15764      6400
ARM GAS  /tmp/ccSzEyJr.s 			page 278


 15765              	.LASF38:
 15766 001b 5F5A5374 		.ascii	"_ZSt3abse\000"
 15766      33616273 
 15766      6500
 15767              	.LASF39:
 15768 0025 5F5A5374 		.ascii	"_ZSt3absf\000"
 15768      33616273 
 15768      6600
 15769              	.LASF225:
 15770 002f 5F5A5374 		.ascii	"_ZSt10nexttowardee\000"
 15770      31306E65 
 15770      7874746F 
 15770      77617264 
 15770      656500
 15771              	.LASF3:
 15772 0042 696E7438 		.ascii	"int8_t\000"
 15772      5F7400
 15773              	.LASF42:
 15774 0049 5F5A5374 		.ascii	"_ZSt3absl\000"
 15774      33616273 
 15774      6C00
 15775              	.LASF244:
 15776 0053 5F5A5374 		.ascii	"_ZSt6scalbnfi\000"
 15776      36736361 
 15776      6C626E66 
 15776      6900
 15777              	.LASF125:
 15778 0061 5F5A5374 		.ascii	"_ZSt7signbitd\000"
 15778      37736967 
 15778      6E626974 
 15778      6400
 15779              	.LASF124:
 15780 006f 5F5A5374 		.ascii	"_ZSt7signbite\000"
 15780      37736967 
 15780      6E626974 
 15780      6500
 15781              	.LASF126:
 15782 007d 5F5A5374 		.ascii	"_ZSt7signbitf\000"
 15782      37736967 
 15782      6E626974 
 15782      6600
 15783              	.LASF41:
 15784 008b 5F5A5374 		.ascii	"_ZSt3absx\000"
 15784      33616273 
 15784      7800
 15785              	.LASF626:
 15786 0095 5F5F6C6F 		.ascii	"__locale_t\000"
 15786      63616C65 
 15786      5F7400
 15787              	.LASF263:
 15788 00a0 5F5F7661 		.ascii	"__value\000"
 15788      6C756500 
 15789              	.LASF421:
 15790 00a8 6B5F756E 		.ascii	"k_unit_err_geometry\000"
 15790      69745F65 
 15790      72725F67 
 15790      656F6D65 
ARM GAS  /tmp/ccSzEyJr.s 			page 279


 15790      74727900 
 15791              	.LASF354:
 15792 00bc 5F5F7366 		.ascii	"__sf\000"
 15792      00
 15793              	.LASF583:
 15794 00c1 756E6974 		.ascii	"unit_suspend\000"
 15794      5F737573 
 15794      70656E64 
 15794      00
 15795              	.LASF187:
 15796 00ce 5F5A5374 		.ascii	"_ZSt4fminff\000"
 15796      34666D69 
 15796      6E666600 
 15797              	.LASF81:
 15798 00da 5F5A5374 		.ascii	"_ZSt5log10e\000"
 15798      356C6F67 
 15798      31306500 
 15799              	.LASF82:
 15800 00e6 5F5A5374 		.ascii	"_ZSt5log10f\000"
 15800      356C6F67 
 15800      31306600 
 15801              	.LASF299:
 15802 00f2 5F726561 		.ascii	"_read\000"
 15802      6400
 15803              	.LASF579:
 15804 00f8 756E6974 		.ascii	"unit_get_param_value\000"
 15804      5F676574 
 15804      5F706172 
 15804      616D5F76 
 15804      616C7565 
 15805              	.LASF300:
 15806 010d 5F777269 		.ascii	"_write\000"
 15806      746500
 15807              	.LASF521:
 15808 0114 73657441 		.ascii	"setActivity\000"
 15808      63746976 
 15808      69747900 
 15809              	.LASF572:
 15810 0120 756E6974 		.ascii	"unit_touch_event\000"
 15810      5F746F75 
 15810      63685F65 
 15810      76656E74 
 15810      00
 15811              	.LASF33:
 15812 0131 75696E74 		.ascii	"uint_fast64_t\000"
 15812      5F666173 
 15812      7436345F 
 15812      7400
 15813              	.LASF6:
 15814 013f 696E7433 		.ascii	"int32_t\000"
 15814      325F7400 
 15815              	.LASF314:
 15816 0147 5F617363 		.ascii	"_asctime_buf\000"
 15816      74696D65 
 15816      5F627566 
 15816      00
 15817              	.LASF634:
ARM GAS  /tmp/ccSzEyJr.s 			page 280


 15818 0154 5F5A5A4E 		.ascii	"_ZZNK6Effect20getParameterStrValueEhlE5names\000"
 15818      4B364566 
 15818      66656374 
 15818      32306765 
 15818      74506172 
 15819              	.LASF348:
 15820 0181 5F637674 		.ascii	"_cvtlen\000"
 15820      6C656E00 
 15821              	.LASF88:
 15822 0189 73717274 		.ascii	"sqrt\000"
 15822      00
 15823              	.LASF478:
 15824 018e 6C6C6469 		.ascii	"lldiv\000"
 15824      7600
 15825              	.LASF222:
 15826 0194 5F5A5374 		.ascii	"_ZSt9nextafteree\000"
 15826      396E6578 
 15826      74616674 
 15826      65726565 
 15826      00
 15827              	.LASF185:
 15828 01a5 666D696E 		.ascii	"fmin\000"
 15828      00
 15829              	.LASF195:
 15830 01aa 5F5A5374 		.ascii	"_ZSt6lgammae\000"
 15830      366C6761 
 15830      6D6D6165 
 15830      00
 15831              	.LASF196:
 15832 01b7 5F5A5374 		.ascii	"_ZSt6lgammaf\000"
 15832      366C6761 
 15832      6D6D6166 
 15832      00
 15833              	.LASF273:
 15834 01c4 5F5F746D 		.ascii	"__tm\000"
 15834      00
 15835              	.LASF329:
 15836 01c9 5F776373 		.ascii	"_wcsrtombs_state\000"
 15836      72746F6D 
 15836      62735F73 
 15836      74617465 
 15836      00
 15837              	.LASF304:
 15838 01da 5F6E6275 		.ascii	"_nbuf\000"
 15838      6600
 15839              	.LASF274:
 15840 01e0 5F5F746D 		.ascii	"__tm_sec\000"
 15840      5F736563 
 15840      00
 15841              	.LASF147:
 15842 01e9 6973756E 		.ascii	"isunordered\000"
 15842      6F726465 
 15842      72656400 
 15843              	.LASF322:
 15844 01f5 5F6C3634 		.ascii	"_l64a_buf\000"
 15844      615F6275 
 15844      6600
ARM GAS  /tmp/ccSzEyJr.s 			page 281


 15845              	.LASF380:
 15846 01ff 6B5F756E 		.ascii	"k_unit_api_2_0_0\000"
 15846      69745F61 
 15846      70695F32 
 15846      5F305F30 
 15846      00
 15847              	.LASF480:
 15848 0210 73747274 		.ascii	"strtoll\000"
 15848      6F6C6C00 
 15849              	.LASF419:
 15850 0218 6B5F756E 		.ascii	"k_unit_err_api_version\000"
 15850      69745F65 
 15850      72725F61 
 15850      70695F76 
 15850      65727369 
 15851              	.LASF226:
 15852 022f 5F5A5374 		.ascii	"_ZSt10nexttowardfe\000"
 15852      31306E65 
 15852      7874746F 
 15852      77617264 
 15852      666500
 15853              	.LASF293:
 15854 0242 5F73697A 		.ascii	"_size\000"
 15854      6500
 15855              	.LASF398:
 15856 0248 756E6974 		.ascii	"unit_param\000"
 15856      5F706172 
 15856      616D00
 15857              	.LASF449:
 15858 0253 67656E65 		.ascii	"genericfx_param_mapping\000"
 15858      72696366 
 15858      785F7061 
 15858      72616D5F 
 15858      6D617070 
 15859              	.LASF308:
 15860 026b 5F6C6F63 		.ascii	"_lock\000"
 15860      6B00
 15861              	.LASF23:
 15862 0271 75696E74 		.ascii	"uint_least16_t\000"
 15862      5F6C6561 
 15862      73743136 
 15862      5F7400
 15863              	.LASF180:
 15864 0280 5F5A5374 		.ascii	"_ZSt3fmaeee\000"
 15864      33666D61 
 15864      65656500 
 15865              	.LASF554:
 15866 028c 5F5A4E4B 		.ascii	"_ZNK6Effect20getParameterStrValueEhl\000"
 15866      36456666 
 15866      65637432 
 15866      30676574 
 15866      50617261 
 15867              	.LASF26:
 15868 02b1 696E745F 		.ascii	"int_fast8_t\000"
 15868      66617374 
 15868      385F7400 
 15869              	.LASF243:
ARM GAS  /tmp/ccSzEyJr.s 			page 282


 15870 02bd 5F5A5374 		.ascii	"_ZSt6scalbnei\000"
 15870      36736361 
 15870      6C626E65 
 15870      6900
 15871              	.LASF557:
 15872 02cb 5F5A4E36 		.ascii	"_ZN6Effect14tempo4ppqnTickEm\000"
 15872      45666665 
 15872      63743134 
 15872      74656D70 
 15872      6F347070 
 15873              	.LASF68:
 15874 02e8 5F5A5374 		.ascii	"_ZSt4tanhe\000"
 15874      3474616E 
 15874      686500
 15875              	.LASF69:
 15876 02f3 5F5A5374 		.ascii	"_ZSt4tanhf\000"
 15876      3474616E 
 15876      686600
 15877              	.LASF401:
 15878 02fe 74797065 		.ascii	"type\000"
 15878      00
 15879              	.LASF362:
 15880 0303 5F6D756C 		.ascii	"_mult\000"
 15880      7400
 15881              	.LASF213:
 15882 0309 5F5A5374 		.ascii	"_ZSt5lrinte\000"
 15882      356C7269 
 15882      6E746500 
 15883              	.LASF214:
 15884 0315 5F5A5374 		.ascii	"_ZSt5lrintf\000"
 15884      356C7269 
 15884      6E746600 
 15885              	.LASF461:
 15886 0321 61746F69 		.ascii	"atoi\000"
 15886      00
 15887              	.LASF191:
 15888 0326 696C6F67 		.ascii	"ilogb\000"
 15888      6200
 15889              	.LASF389:
 15890 032c 756E6974 		.ascii	"unit_runtime_hooks_t\000"
 15890      5F72756E 
 15890      74696D65 
 15890      5F686F6F 
 15890      6B735F74 
 15891              	.LASF253:
 15892 0341 646F7562 		.ascii	"double\000"
 15892      6C6500
 15893              	.LASF604:
 15894 0348 64656C61 		.ascii	"delay\000"
 15894      7900
 15895              	.LASF565:
 15896 034e 5F627970 		.ascii	"_bypassed\000"
 15896      61737365 
 15896      6400
 15897              	.LASF479:
 15898 0358 61746F6C 		.ascii	"atoll\000"
 15898      6C00
ARM GAS  /tmp/ccSzEyJr.s 			page 283


 15899              	.LASF528:
 15900 035e 5F616374 		.ascii	"_activeTaps\000"
 15900      69766554 
 15900      61707300 
 15901              	.LASF223:
 15902 036a 5F5A5374 		.ascii	"_ZSt9nextafterff\000"
 15902      396E6578 
 15902      74616674 
 15902      65726666 
 15902      00
 15903              	.LASF149:
 15904 037b 5F5A5374 		.ascii	"_ZSt11isunordereddd\000"
 15904      31316973 
 15904      756E6F72 
 15904      64657265 
 15904      64646400 
 15905              	.LASF523:
 15906 038f 73657454 		.ascii	"setTempo\000"
 15906      656D706F 
 15906      00
 15907              	.LASF590:
 15908 0398 696E7450 		.ascii	"intP\000"
 15908      00
 15909              	.LASF32:
 15910 039d 75696E74 		.ascii	"uint_fast32_t\000"
 15910      5F666173 
 15910      7433325F 
 15910      7400
 15911              	.LASF585:
 15912 03ab 756E6974 		.ascii	"unit_reset\000"
 15912      5F726573 
 15912      657400
 15913              	.LASF260:
 15914 03b6 5F5F7763 		.ascii	"__wch\000"
 15914      6800
 15915              	.LASF573:
 15916 03bc 70686173 		.ascii	"phase\000"
 15916      6500
 15917              	.LASF204:
 15918 03c2 5F5A5374 		.ascii	"_ZSt5log1pe\000"
 15918      356C6F67 
 15918      31706500 
 15919              	.LASF205:
 15920 03ce 5F5A5374 		.ascii	"_ZSt5log1pf\000"
 15920      356C6F67 
 15920      31706600 
 15921              	.LASF224:
 15922 03da 6E657874 		.ascii	"nexttoward\000"
 15922      746F7761 
 15922      726400
 15923              	.LASF270:
 15924 03e5 5F736967 		.ascii	"_sign\000"
 15924      6E00
 15925              	.LASF296:
 15926 03eb 5F66696C 		.ascii	"_file\000"
 15926      6500
 15927              	.LASF460:
ARM GAS  /tmp/ccSzEyJr.s 			page 284


 15928 03f1 61746F66 		.ascii	"atof\000"
 15928      00
 15929              	.LASF418:
 15930 03f6 6B5F756E 		.ascii	"k_unit_err_target\000"
 15930      69745F65 
 15930      72725F74 
 15930      61726765 
 15930      7400
 15931              	.LASF283:
 15932 0408 5F6F6E5F 		.ascii	"_on_exit_args\000"
 15932      65786974 
 15932      5F617267 
 15932      7300
 15933              	.LASF462:
 15934 0416 61746F6C 		.ascii	"atol\000"
 15934      00
 15935              	.LASF393:
 15936 041b 6672616D 		.ascii	"frames_per_buffer\000"
 15936      65735F70 
 15936      65725F62 
 15936      75666665 
 15936      7200
 15937              	.LASF426:
 15938 042d 6D696469 		.ascii	"midi_to_hz_lut_f\000"
 15938      5F746F5F 
 15938      687A5F6C 
 15938      75745F66 
 15938      00
 15939              	.LASF325:
 15940 043e 5F6D6272 		.ascii	"_mbrlen_state\000"
 15940      6C656E5F 
 15940      73746174 
 15940      6500
 15941              	.LASF446:
 15942 044c 6B5F6678 		.ascii	"k_fx_api_platform\000"
 15942      5F617069 
 15942      5F706C61 
 15942      74666F72 
 15942      6D00
 15943              	.LASF148:
 15944 045e 5F5A5374 		.ascii	"_ZSt11isunorderedee\000"
 15944      31316973 
 15944      756E6F72 
 15944      64657265 
 15944      64656500 
 15945              	.LASF7:
 15946 0472 6C6F6E67 		.ascii	"long int\000"
 15946      20696E74 
 15946      00
 15947              	.LASF564:
 15948 047b 5F726561 		.ascii	"_rearrange\000"
 15948      7272616E 
 15948      676500
 15949              	.LASF364:
 15950 0486 5F696D70 		.ascii	"_impure_ptr\000"
 15950      7572655F 
 15950      70747200 
ARM GAS  /tmp/ccSzEyJr.s 			page 285


 15951              	.LASF524:
 15952 0492 5F5A4E31 		.ascii	"_ZN14RearrangeDelay8setTempoEm\000"
 15952      34526561 
 15952      7272616E 
 15952      67654465 
 15952      6C617938 
 15953              	.LASF345:
 15954 04b1 5F726573 		.ascii	"_result_k\000"
 15954      756C745F 
 15954      6B00
 15955              	.LASF368:
 15956 04bb 31305F6D 		.ascii	"10_mbstate_t\000"
 15956      62737461 
 15956      74655F74 
 15956      00
 15957              	.LASF609:
 15958 04c8 5F5A3663 		.ascii	"_Z6clampffff\000"
 15958      6C616D70 
 15958      66666666 
 15958      00
 15959              	.LASF636:
 15960 04d5 5F5F6275 		.ascii	"__builtin_memset\000"
 15960      696C7469 
 15960      6E5F6D65 
 15960      6D736574 
 15960      00
 15961              	.LASF315:
 15962 04e6 5F6C6F63 		.ascii	"_localtime_buf\000"
 15962      616C7469 
 15962      6D655F62 
 15962      756600
 15963              	.LASF477:
 15964 04f5 7763746F 		.ascii	"wctomb\000"
 15964      6D6200
 15965              	.LASF267:
 15966 04fc 5F666C6F 		.ascii	"_flock_t\000"
 15966      636B5F74 
 15966      00
 15967              	.LASF219:
 15968 0505 5F5A5374 		.ascii	"_ZSt9nearbyinte\000"
 15968      396E6561 
 15968      72627969 
 15968      6E746500 
 15969              	.LASF220:
 15970 0515 5F5A5374 		.ascii	"_ZSt9nearbyintf\000"
 15970      396E6561 
 15970      72627969 
 15970      6E746600 
 15971              	.LASF611:
 15972 0525 636C6970 		.ascii	"clipminmaxi32\000"
 15972      6D696E6D 
 15972      61786933 
 15972      3200
 15973              	.LASF429:
 15974 0533 77745F73 		.ascii	"wt_saw_lut_f\000"
 15974      61775F6C 
 15974      75745F66 
ARM GAS  /tmp/ccSzEyJr.s 			page 286


 15974      00
 15975              	.LASF549:
 15976 0540 73657450 		.ascii	"setParameter\000"
 15976      6172616D 
 15976      65746572 
 15976      00
 15977              	.LASF628:
 15978 054d 72616E64 		.ascii	"rand\000"
 15978      00
 15979              	.LASF520:
 15980 0552 5F5A4E31 		.ascii	"_ZN14RearrangeDelay9setPresetEi\000"
 15980      34526561 
 15980      7272616E 
 15980      67654465 
 15980      6C617939 
 15981              	.LASF123:
 15982 0572 7369676E 		.ascii	"signbit\000"
 15982      62697400 
 15983              	.LASF178:
 15984 057a 5F5A5374 		.ascii	"_ZSt4fdimee\000"
 15984      34666469 
 15984      6D656500 
 15985              	.LASF584:
 15986 0586 756E6974 		.ascii	"unit_resume\000"
 15986      5F726573 
 15986      756D6500 
 15987              	.LASF278:
 15988 0592 5F5F746D 		.ascii	"__tm_mon\000"
 15988      5F6D6F6E 
 15988      00
 15989              	.LASF150:
 15990 059b 5F5A5374 		.ascii	"_ZSt11isunorderedff\000"
 15990      31316973 
 15990      756E6F72 
 15990      64657265 
 15990      64666600 
 15991              	.LASF388:
 15992 05af 73647261 		.ascii	"sdram_avail\000"
 15992      6D5F6176 
 15992      61696C00 
 15993              	.LASF67:
 15994 05bb 74616E68 		.ascii	"tanh\000"
 15994      00
 15995              	.LASF560:
 15996 05c0 5F717561 		.ascii	"_quantiseActivity\000"
 15996      6E746973 
 15996      65416374 
 15996      69766974 
 15996      7900
 15997              	.LASF552:
 15998 05d2 5F5A4E4B 		.ascii	"_ZNK6Effect17getParameterValueEh\000"
 15998      36456666 
 15998      65637431 
 15998      37676574 
 15998      50617261 
 15999              	.LASF620:
 16000 05f3 2F776F72 		.ascii	"/workspace/nts-3_kaoss/rearrange-genericfx\000"
ARM GAS  /tmp/ccSzEyJr.s 			page 287


 16000      6B737061 
 16000      63652F6E 
 16000      74732D33 
 16000      5F6B616F 
 16001              	.LASF25:
 16002 061e 75696E74 		.ascii	"uint_least64_t\000"
 16002      5F6C6561 
 16002      73743634 
 16002      5F7400
 16003              	.LASF95:
 16004 062d 5F5A5374 		.ascii	"_ZSt4fabse\000"
 16004      34666162 
 16004      736500
 16005              	.LASF96:
 16006 0638 5F5A5374 		.ascii	"_ZSt4fabsf\000"
 16006      34666162 
 16006      736600
 16007              	.LASF312:
 16008 0643 5F756E75 		.ascii	"_unused_rand\000"
 16008      7365645F 
 16008      72616E64 
 16008      00
 16009              	.LASF2:
 16010 0650 7369676E 		.ascii	"signed char\000"
 16010      65642063 
 16010      68617200 
 16011              	.LASF387:
 16012 065c 73647261 		.ascii	"sdram_free\000"
 16012      6D5F6672 
 16012      656500
 16013              	.LASF10:
 16014 0667 75696E74 		.ascii	"uint8_t\000"
 16014      385F7400 
 16015              	.LASF218:
 16016 066f 6E656172 		.ascii	"nearbyint\000"
 16016      6279696E 
 16016      7400
 16017              	.LASF50:
 16018 0679 5F5A5374 		.ascii	"_ZSt4atane\000"
 16018      34617461 
 16018      6E6500
 16019              	.LASF51:
 16020 0684 5F5A5374 		.ascii	"_ZSt4atanf\000"
 16020      34617461 
 16020      6E6600
 16021              	.LASF547:
 16022 068f 50726F63 		.ascii	"Process\000"
 16022      65737300 
 16023              	.LASF105:
 16024 0697 5F5A5374 		.ascii	"_ZSt10fpclassifyd\000"
 16024      31306670 
 16024      636C6173 
 16024      73696679 
 16024      6400
 16025              	.LASF104:
 16026 06a9 5F5A5374 		.ascii	"_ZSt10fpclassifye\000"
 16026      31306670 
ARM GAS  /tmp/ccSzEyJr.s 			page 288


 16026      636C6173 
 16026      73696679 
 16026      6500
 16027              	.LASF106:
 16028 06bb 5F5A5374 		.ascii	"_ZSt10fpclassifyf\000"
 16028      31306670 
 16028      636C6173 
 16028      73696679 
 16028      6600
 16029              	.LASF488:
 16030 06cd 6B4C7574 		.ascii	"kLutSize\000"
 16030      53697A65 
 16030      00
 16031              	.LASF475:
 16032 06d6 73797374 		.ascii	"system\000"
 16032      656D00
 16033              	.LASF111:
 16034 06dd 6973696E 		.ascii	"isinf\000"
 16034      6600
 16035              	.LASF431:
 16036 06e3 77745F73 		.ascii	"wt_sqr_lut_f\000"
 16036      71725F6C 
 16036      75745F66 
 16036      00
 16037              	.LASF207:
 16038 06f0 5F5A5374 		.ascii	"_ZSt4log2e\000"
 16038      346C6F67 
 16038      326500
 16039              	.LASF208:
 16040 06fb 5F5A5374 		.ascii	"_ZSt4log2f\000"
 16040      346C6F67 
 16040      326600
 16041              	.LASF543:
 16042 0706 52657375 		.ascii	"Resume\000"
 16042      6D6500
 16043              	.LASF103:
 16044 070d 6670636C 		.ascii	"fpclassify\000"
 16044      61737369 
 16044      667900
 16045              	.LASF448:
 16046 0718 706F7732 		.ascii	"pow2_lut_f\000"
 16046      5F6C7574 
 16046      5F6600
 16047              	.LASF169:
 16048 0723 5F5A5374 		.ascii	"_ZSt4erfce\000"
 16048      34657266 
 16048      636500
 16049              	.LASF170:
 16050 072e 5F5A5374 		.ascii	"_ZSt4erfcf\000"
 16050      34657266 
 16050      636600
 16051              	.LASF11:
 16052 0739 756E7369 		.ascii	"unsigned char\000"
 16052      676E6564 
 16052      20636861 
 16052      7200
 16053              	.LASF451:
ARM GAS  /tmp/ccSzEyJr.s 			page 289


 16054 0747 63757276 		.ascii	"curve\000"
 16054      6500
 16055              	.LASF397:
 16056 074d 756E6974 		.ascii	"unit_runtime_desc_t\000"
 16056      5F72756E 
 16056      74696D65 
 16056      5F646573 
 16056      635F7400 
 16057              	.LASF513:
 16058 0761 70616E4C 		.ascii	"panL\000"
 16058      00
 16059              	.LASF84:
 16060 0766 5F5A5374 		.ascii	"_ZSt4modfePe\000"
 16060      346D6F64 
 16060      66655065 
 16060      00
 16061              	.LASF430:
 16062 0773 77745F73 		.ascii	"wt_sqr_notes\000"
 16062      71725F6E 
 16062      6F746573 
 16062      00
 16063              	.LASF59:
 16064 0780 5F5A5374 		.ascii	"_ZSt3tane\000"
 16064      3374616E 
 16064      6500
 16065              	.LASF60:
 16066 078a 5F5A5374 		.ascii	"_ZSt3tanf\000"
 16066      3374616E 
 16066      6600
 16067              	.LASF139:
 16068 0794 69736C65 		.ascii	"islessequal\000"
 16068      73736571 
 16068      75616C00 
 16069              	.LASF454:
 16070 07a0 67656E65 		.ascii	"genericfx_param_mapping_t\000"
 16070      72696366 
 16070      785F7061 
 16070      72616D5F 
 16070      6D617070 
 16071              	.LASF381:
 16072 07ba 756E6974 		.ascii	"unit_runtime_sdram_alloc_ptr\000"
 16072      5F72756E 
 16072      74696D65 
 16072      5F736472 
 16072      616D5F61 
 16073              	.LASF121:
 16074 07d7 5F5A5374 		.ascii	"_ZSt8isnormald\000"
 16074      3869736E 
 16074      6F726D61 
 16074      6C6400
 16075              	.LASF120:
 16076 07e6 5F5A5374 		.ascii	"_ZSt8isnormale\000"
 16076      3869736E 
 16076      6F726D61 
 16076      6C6500
 16077              	.LASF122:
 16078 07f5 5F5A5374 		.ascii	"_ZSt8isnormalf\000"
ARM GAS  /tmp/ccSzEyJr.s 			page 290


 16078      3869736E 
 16078      6F726D61 
 16078      6C6600
 16079              	.LASF567:
 16080 0804 5F74656D 		.ascii	"_tempoParam\000"
 16080      706F5061 
 16080      72616D00 
 16081              	.LASF382:
 16082 0810 756E6974 		.ascii	"unit_runtime_sdram_free_ptr\000"
 16082      5F72756E 
 16082      74696D65 
 16082      5F736472 
 16082      616D5F66 
 16083              	.LASF311:
 16084 082c 5F726565 		.ascii	"_reent\000"
 16084      6E7400
 16085              	.LASF100:
 16086 0833 666D6F64 		.ascii	"fmod\000"
 16086      00
 16087              	.LASF365:
 16088 0838 5F676C6F 		.ascii	"_global_impure_ptr\000"
 16088      62616C5F 
 16088      696D7075 
 16088      72655F70 
 16088      747200
 16089              	.LASF374:
 16090 084b 376C6C64 		.ascii	"7lldiv_t\000"
 16090      69765F74 
 16090      00
 16091              	.LASF424:
 16092 0854 6B5F6F73 		.ascii	"k_osc_api_platform\000"
 16092      635F6170 
 16092      695F706C 
 16092      6174666F 
 16092      726D00
 16093              	.LASF212:
 16094 0867 6C72696E 		.ascii	"lrint\000"
 16094      7400
 16095              	.LASF511:
 16096 086d 44656C61 		.ascii	"DelayTap\000"
 16096      79546170 
 16096      00
 16097              	.LASF333:
 16098 0876 5F756E75 		.ascii	"_unused\000"
 16098      73656400 
 16099              	.LASF508:
 16100 087e 5F5A4E4B 		.ascii	"_ZNK9DelayLine9writeHeadEv\000"
 16100      3944656C 
 16100      61794C69 
 16100      6E653977 
 16100      72697465 
 16101              	.LASF491:
 16102 0899 675F6861 		.ascii	"g_hannLut\000"
 16102      6E6E4C75 
 16102      7400
 16103              	.LASF453:
 16104 08a3 76616C75 		.ascii	"value\000"
ARM GAS  /tmp/ccSzEyJr.s 			page 291


 16104      6500
 16105              	.LASF534:
 16106 08a9 5F5A4E36 		.ascii	"_ZN6EffectC4Ev\000"
 16106      45666665 
 16106      63744334 
 16106      457600
 16107              	.LASF61:
 16108 08b8 636F7368 		.ascii	"cosh\000"
 16108      00
 16109              	.LASF355:
 16110 08bd 63686172 		.ascii	"char\000"
 16110      00
 16111              	.LASF635:
 16112 08c2 6D656D73 		.ascii	"memset\000"
 16112      657400
 16113              	.LASF290:
 16114 08c9 5F666E73 		.ascii	"_fns\000"
 16114      00
 16115              	.LASF465:
 16116 08ce 6C646976 		.ascii	"ldiv\000"
 16116      00
 16117              	.LASF622:
 16118 08d3 5F5A4E39 		.ascii	"_ZN9__gnu_cxx3divExx\000"
 16118      5F5F676E 
 16118      755F6378 
 16118      78336469 
 16118      76457878 
 16119              	.LASF302:
 16120 08e8 5F636C6F 		.ascii	"_close\000"
 16120      736500
 16121              	.LASF577:
 16122 08ef 756E6974 		.ascii	"unit_get_param_str_value\000"
 16122      5F676574 
 16122      5F706172 
 16122      616D5F73 
 16122      74725F76 
 16123              	.LASF405:
 16124 0908 6E616D65 		.ascii	"name\000"
 16124      00
 16125              	.LASF24:
 16126 090d 75696E74 		.ascii	"uint_least32_t\000"
 16126      5F6C6561 
 16126      73743332 
 16126      5F7400
 16127              	.LASF445:
 16128 091c 62697472 		.ascii	"bitres_lut_f\000"
 16128      65735F6C 
 16128      75745F66 
 16128      00
 16129              	.LASF632:
 16130 0929 756E6974 		.ascii	"unit_teardown\000"
 16130      5F746561 
 16130      72646F77 
 16130      6E00
 16131              	.LASF65:
 16132 0937 5F5A5374 		.ascii	"_ZSt4sinhe\000"
 16132      3473696E 
ARM GAS  /tmp/ccSzEyJr.s 			page 292


 16132      686500
 16133              	.LASF66:
 16134 0942 5F5A5374 		.ascii	"_ZSt4sinhf\000"
 16134      3473696E 
 16134      686600
 16135              	.LASF527:
 16136 094d 5F626561 		.ascii	"_beatLen\000"
 16136      744C656E 
 16136      00
 16137              	.LASF630:
 16138 0956 5F474C4F 		.ascii	"_GLOBAL__sub_D_unit.cc\000"
 16138      42414C5F 
 16138      5F737562 
 16138      5F445F75 
 16138      6E69742E 
 16139              	.LASF127:
 16140 096d 69736772 		.ascii	"isgreater\000"
 16140      65617465 
 16140      7200
 16141              	.LASF517:
 16142 0977 5F5A4E31 		.ascii	"_ZN14RearrangeDelayC4Ev\000"
 16142      34526561 
 16142      7272616E 
 16142      67654465 
 16142      6C617943 
 16143              	.LASF216:
 16144 098f 5F5A5374 		.ascii	"_ZSt6lrounde\000"
 16144      366C726F 
 16144      756E6465 
 16144      00
 16145              	.LASF217:
 16146 099c 5F5A5374 		.ascii	"_ZSt6lroundf\000"
 16146      366C726F 
 16146      756E6466 
 16146      00
 16147              	.LASF592:
 16148 09a9 6E6F726D 		.ascii	"norm\000"
 16148      00
 16149              	.LASF80:
 16150 09ae 6C6F6731 		.ascii	"log10\000"
 16150      3000
 16151              	.LASF64:
 16152 09b4 73696E68 		.ascii	"sinh\000"
 16152      00
 16153              	.LASF335:
 16154 09b9 5F737464 		.ascii	"_stdin\000"
 16154      696E00
 16155              	.LASF535:
 16156 09c0 7E456666 		.ascii	"~Effect\000"
 16156      65637400 
 16157              	.LASF369:
 16158 09c8 35646976 		.ascii	"5div_t\000"
 16158      5F7400
 16159              	.LASF447:
 16160 09cf 6B5F6678 		.ascii	"k_fx_api_version\000"
 16160      5F617069 
 16160      5F766572 
ARM GAS  /tmp/ccSzEyJr.s 			page 293


 16160      73696F6E 
 16160      00
 16161              	.LASF545:
 16162 09e0 53757370 		.ascii	"Suspend\000"
 16162      656E6400 
 16163              	.LASF625:
 16164 09e8 6465636C 		.ascii	"decltype(nullptr)\000"
 16164      74797065 
 16164      286E756C 
 16164      6C707472 
 16164      2900
 16165              	.LASF164:
 16166 09fa 5F5A5374 		.ascii	"_ZSt8copysignee\000"
 16166      38636F70 
 16166      79736967 
 16166      6E656500 
 16167              	.LASF553:
 16168 0a0a 67657450 		.ascii	"getParameterStrValue\000"
 16168      6172616D 
 16168      65746572 
 16168      53747256 
 16168      616C7565 
 16169              	.LASF113:
 16170 0a1f 5F5A5374 		.ascii	"_ZSt5isinfd\000"
 16170      35697369 
 16170      6E666400 
 16171              	.LASF112:
 16172 0a2b 5F5A5374 		.ascii	"_ZSt5isinfe\000"
 16172      35697369 
 16172      6E666500 
 16173              	.LASF114:
 16174 0a37 5F5A5374 		.ascii	"_ZSt5isinff\000"
 16174      35697369 
 16174      6E666600 
 16175              	.LASF143:
 16176 0a43 69736C65 		.ascii	"islessgreater\000"
 16176      73736772 
 16176      65617465 
 16176      7200
 16177              	.LASF19:
 16178 0a51 696E745F 		.ascii	"int_least16_t\000"
 16178      6C656173 
 16178      7431365F 
 16178      7400
 16179              	.LASF526:
 16180 0a5f 5F5A4E31 		.ascii	"_ZN14RearrangeDelay7processEPKfPfm\000"
 16180      34526561 
 16180      7272616E 
 16180      67654465 
 16180      6C617937 
 16181              	.LASF47:
 16182 0a82 5F5A5374 		.ascii	"_ZSt4asine\000"
 16182      34617369 
 16182      6E6500
 16183              	.LASF48:
 16184 0a8d 5F5A5374 		.ascii	"_ZSt4asinf\000"
 16184      34617369 
ARM GAS  /tmp/ccSzEyJr.s 			page 294


 16184      6E6600
 16185              	.LASF181:
 16186 0a98 5F5A5374 		.ascii	"_ZSt3fmafff\000"
 16186      33666D61 
 16186      66666600 
 16187              	.LASF466:
 16188 0aa4 6D626C65 		.ascii	"mblen\000"
 16188      6E00
 16189              	.LASF399:
 16190 0aaa 63656E74 		.ascii	"center\000"
 16190      657200
 16191              	.LASF606:
 16192 0ab1 64656C61 		.ascii	"delaySamples\000"
 16192      7953616D 
 16192      706C6573 
 16192      00
 16193              	.LASF52:
 16194 0abe 6174616E 		.ascii	"atan2\000"
 16194      3200
 16195              	.LASF203:
 16196 0ac4 6C6F6731 		.ascii	"log1p\000"
 16196      7000
 16197              	.LASF522:
 16198 0aca 5F5A4E31 		.ascii	"_ZN14RearrangeDelay11setActivityEf\000"
 16198      34526561 
 16198      7272616E 
 16198      67654465 
 16198      6C617931 
 16199              	.LASF618:
 16200 0aed 474E5520 		.ascii	"GNU C++11 9.2.1 20191025 (release) [ARM/arm-9-branc"
 16200      432B2B31 
 16200      3120392E 
 16200      322E3120 
 16200      32303139 
 16201 0b20 68207265 		.ascii	"h revision 277599] -mcpu=cortex-m7 -mthumb -mno-thu"
 16201      76697369 
 16201      6F6E2032 
 16201      37373539 
 16201      395D202D 
 16202 0b53 6D622D69 		.ascii	"mb-interwork -mlittle-endian -mfloat-abi=hard -mfpu"
 16202      6E746572 
 16202      776F726B 
 16202      202D6D6C 
 16202      6974746C 
 16203 0b86 3D667076 		.ascii	"=fpv4-sp-d16 -march=armv7e-m+fp -g -Os -std=c++11 -"
 16203      342D7370 
 16203      2D643136 
 16203      202D6D61 
 16203      7263683D 
 16204 0bb9 6673696E 		.ascii	"fsingle-precision-constant -fcheck-new -fPIC -fno-u"
 16204      676C652D 
 16204      70726563 
 16204      6973696F 
 16204      6E2D636F 
 16205 0bec 73652D63 		.ascii	"se-cxa-atexit -fno-rtti -fno-exceptions -fno-non-ca"
 16205      78612D61 
 16205      74657869 
ARM GAS  /tmp/ccSzEyJr.s 			page 295


 16205      74202D66 
 16205      6E6F2D72 
 16206 0c1f 6C6C2D65 		.ascii	"ll-exceptions\000"
 16206      78636570 
 16206      74696F6E 
 16206      7300
 16207              	.LASF341:
 16208 0c2d 5F6C6F63 		.ascii	"_locale\000"
 16208      616C6500 
 16209              	.LASF452:
 16210 0c35 63757276 		.ascii	"curve_polarity\000"
 16210      655F706F 
 16210      6C617269 
 16210      747900
 16211              	.LASF337:
 16212 0c44 5F737464 		.ascii	"_stderr\000"
 16212      65727200 
 16213              	.LASF145:
 16214 0c4c 5F5A5374 		.ascii	"_ZSt13islessgreaterdd\000"
 16214      31336973 
 16214      6C657373 
 16214      67726561 
 16214      74657264 
 16215              	.LASF617:
 16216 0c62 696E6974 		.ascii	"initHannLut\000"
 16216      48616E6E 
 16216      4C757400 
 16217              	.LASF165:
 16218 0c6e 5F5A5374 		.ascii	"_ZSt8copysignff\000"
 16218      38636F70 
 16218      79736967 
 16218      6E666600 
 16219              	.LASF175:
 16220 0c7e 5F5A5374 		.ascii	"_ZSt5expm1e\000"
 16220      35657870 
 16220      6D316500 
 16221              	.LASF176:
 16222 0c8a 5F5A5374 		.ascii	"_ZSt5expm1f\000"
 16222      35657870 
 16222      6D316600 
 16223              	.LASF57:
 16224 0c96 5F5A5374 		.ascii	"_ZSt3sine\000"
 16224      3373696E 
 16224      6500
 16225              	.LASF58:
 16226 0ca0 5F5A5374 		.ascii	"_ZSt3sinf\000"
 16226      3373696E 
 16226      6600
 16227              	.LASF544:
 16228 0caa 5F5A4E36 		.ascii	"_ZN6Effect6ResumeEv\000"
 16228      45666665 
 16228      63743652 
 16228      6573756D 
 16228      65457600 
 16229              	.LASF157:
 16230 0cbe 6174616E 		.ascii	"atanh\000"
 16230      6800
ARM GAS  /tmp/ccSzEyJr.s 			page 296


 16231              	.LASF588:
 16232 0cc4 70617261 		.ascii	"paramVal\000"
 16232      6D56616C 
 16232      00
 16233              	.LASF414:
 16234 0ccd 6E756D5F 		.ascii	"num_params\000"
 16234      70617261 
 16234      6D7300
 16235              	.LASF240:
 16236 0cd8 5F5A5374 		.ascii	"_ZSt7scalblnel\000"
 16236      37736361 
 16236      6C626C6E 
 16236      656C00
 16237              	.LASF412:
 16238 0ce7 72657365 		.ascii	"reserved0\000"
 16238      72766564 
 16238      3000
 16239              	.LASF413:
 16240 0cf1 72657365 		.ascii	"reserved1\000"
 16240      72766564 
 16240      3100
 16241              	.LASF595:
 16242 0cfb 74656D70 		.ascii	"tempo_fp\000"
 16242      6F5F6670 
 16242      00
 16243              	.LASF474:
 16244 0d04 73747274 		.ascii	"strtoul\000"
 16244      6F756C00 
 16245              	.LASF70:
 16246 0d0c 5F5A5374 		.ascii	"_ZSt3expe\000"
 16246      33657870 
 16246      6500
 16247              	.LASF71:
 16248 0d16 5F5A5374 		.ascii	"_ZSt3expf\000"
 16248      33657870 
 16248      6600
 16249              	.LASF298:
 16250 0d20 5F636F6F 		.ascii	"_cookie\000"
 16250      6B696500 
 16251              	.LASF346:
 16252 0d28 5F703573 		.ascii	"_p5s\000"
 16252      00
 16253              	.LASF189:
 16254 0d2d 5F5A5374 		.ascii	"_ZSt5hypotee\000"
 16254      35687970 
 16254      6F746565 
 16254      00
 16255              	.LASF144:
 16256 0d3a 5F5A5374 		.ascii	"_ZSt13islessgreateree\000"
 16256      31336973 
 16256      6C657373 
 16256      67726561 
 16256      74657265 
 16257              	.LASF525:
 16258 0d50 70726F63 		.ascii	"process\000"
 16258      65737300 
 16259              	.LASF271:
ARM GAS  /tmp/ccSzEyJr.s 			page 297


 16260 0d58 5F776473 		.ascii	"_wds\000"
 16260      00
 16261              	.LASF385:
 16262 0d5d 72756E74 		.ascii	"runtime_context\000"
 16262      696D655F 
 16262      636F6E74 
 16262      65787400 
 16263              	.LASF245:
 16264 0d6d 7467616D 		.ascii	"tgamma\000"
 16264      6D6100
 16265              	.LASF427:
 16266 0d74 77745F73 		.ascii	"wt_sine_lut_f\000"
 16266      696E655F 
 16266      6C75745F 
 16266      6600
 16267              	.LASF201:
 16268 0d82 5F5A5374 		.ascii	"_ZSt7llrounde\000"
 16268      376C6C72 
 16268      6F756E64 
 16268      6500
 16269              	.LASF202:
 16270 0d90 5F5A5374 		.ascii	"_ZSt7llroundf\000"
 16270      376C6C72 
 16270      6F756E64 
 16270      6600
 16271              	.LASF352:
 16272 0d9e 5F736967 		.ascii	"_sig_func\000"
 16272      5F66756E 
 16272      6300
 16273              	.LASF456:
 16274 0da8 636F6D6D 		.ascii	"common\000"
 16274      6F6E00
 16275              	.LASF518:
 16276 0daf 5F5A4E31 		.ascii	"_ZN14RearrangeDelay4initEfPfS0_\000"
 16276      34526561 
 16276      7272616E 
 16276      67654465 
 16276      6C617934 
 16277              	.LASF306:
 16278 0dcf 5F6F6666 		.ascii	"_offset\000"
 16278      73657400 
 16279              	.LASF241:
 16280 0dd7 5F5A5374 		.ascii	"_ZSt7scalblnfl\000"
 16280      37736361 
 16280      6C626C6E 
 16280      666C00
 16281              	.LASF349:
 16282 0de6 5F637674 		.ascii	"_cvtbuf\000"
 16282      62756600 
 16283              	.LASF277:
 16284 0dee 5F5F746D 		.ascii	"__tm_mday\000"
 16284      5F6D6461 
 16284      7900
 16285              	.LASF129:
 16286 0df8 5F5A5374 		.ascii	"_ZSt9isgreaterdd\000"
 16286      39697367 
 16286      72656174 
ARM GAS  /tmp/ccSzEyJr.s 			page 298


 16286      65726464 
 16286      00
 16287              	.LASF97:
 16288 0e09 666C6F6F 		.ascii	"floor\000"
 16288      7200
 16289              	.LASF206:
 16290 0e0f 6C6F6732 		.ascii	"log2\000"
 16290      00
 16291              	.LASF610:
 16292 0e14 5F474C4F 		.ascii	"_GLOBAL__sub_I_unit.cc\000"
 16292      42414C5F 
 16292      5F737562 
 16292      5F495F75 
 16292      6E69742E 
 16293              	.LASF561:
 16294 0e2b 5F5A4E36 		.ascii	"_ZN6Effect17_quantiseActivityEl\000"
 16294      45666665 
 16294      63743137 
 16294      5F717561 
 16294      6E746973 
 16295              	.LASF367:
 16296 0e4b 646F7562 		.ascii	"double_t\000"
 16296      6C655F74 
 16296      00
 16297              	.LASF499:
 16298 0e54 44656C61 		.ascii	"DelayLine\000"
 16298      794C696E 
 16298      6500
 16299              	.LASF211:
 16300 0e5e 5F5A5374 		.ascii	"_ZSt4logbf\000"
 16300      346C6F67 
 16300      626600
 16301              	.LASF146:
 16302 0e69 5F5A5374 		.ascii	"_ZSt13islessgreaterff\000"
 16302      31336973 
 16302      6C657373 
 16302      67726561 
 16302      74657266 
 16303              	.LASF73:
 16304 0e7f 5F5A5374 		.ascii	"_ZSt5frexpePi\000"
 16304      35667265 
 16304      78706550 
 16304      6900
 16305              	.LASF94:
 16306 0e8d 66616273 		.ascii	"fabs\000"
 16306      00
 16307              	.LASF506:
 16308 0e92 5F5A4E4B 		.ascii	"_ZNK9DelayLine6lengthEv\000"
 16308      3944656C 
 16308      61794C69 
 16308      6E65366C 
 16308      656E6774 
 16309              	.LASF464:
 16310 0eaa 67657465 		.ascii	"getenv\000"
 16310      6E7600
 16311              	.LASF571:
 16312 0eb1 5F5F7072 		.ascii	"__priority\000"
ARM GAS  /tmp/ccSzEyJr.s 			page 299


 16312      696F7269 
 16312      747900
 16313              	.LASF425:
 16314 0ebc 6B5F6F73 		.ascii	"k_osc_api_version\000"
 16314      635F6170 
 16314      695F7665 
 16314      7273696F 
 16314      6E00
 16315              	.LASF209:
 16316 0ece 6C6F6762 		.ascii	"logb\000"
 16316      00
 16317              	.LASF15:
 16318 0ed3 6C6F6E67 		.ascii	"long unsigned int\000"
 16318      20756E73 
 16318      69676E65 
 16318      6420696E 
 16318      7400
 16319              	.LASF379:
 16320 0ee5 6B5F756E 		.ascii	"k_unit_api_1_1_0\000"
 16320      69745F61 
 16320      70695F31 
 16320      5F315F30 
 16320      00
 16321              	.LASF375:
 16322 0ef6 6C6C6469 		.ascii	"lldiv_t\000"
 16322      765F7400 
 16323              	.LASF128:
 16324 0efe 5F5A5374 		.ascii	"_ZSt9isgreateree\000"
 16324      39697367 
 16324      72656174 
 16324      65726565 
 16324      00
 16325              	.LASF569:
 16326 0f0f 735F6566 		.ascii	"s_effect_instance\000"
 16326      66656374 
 16326      5F696E73 
 16326      74616E63 
 16326      6500
 16327              	.LASF294:
 16328 0f21 5F5F7346 		.ascii	"__sFILE\000"
 16328      494C4500 
 16329              	.LASF342:
 16330 0f29 5F5F7364 		.ascii	"__sdidinit\000"
 16330      6964696E 
 16330      697400
 16331              	.LASF310:
 16332 0f34 5F666C61 		.ascii	"_flags2\000"
 16332      67733200 
 16333              	.LASF391:
 16334 0f3c 74617267 		.ascii	"target\000"
 16334      657400
 16335              	.LASF548:
 16336 0f43 5F5A4E36 		.ascii	"_ZN6Effect7ProcessEPKfPfm\000"
 16336      45666665 
 16336      63743750 
 16336      726F6365 
 16336      73734550 
ARM GAS  /tmp/ccSzEyJr.s 			page 300


 16337              	.LASF161:
 16338 0f5d 5F5A5374 		.ascii	"_ZSt4cbrte\000"
 16338      34636272 
 16338      746500
 16339              	.LASF162:
 16340 0f68 5F5A5374 		.ascii	"_ZSt4cbrtf\000"
 16340      34636272 
 16340      746600
 16341              	.LASF372:
 16342 0f73 366C6469 		.ascii	"6ldiv_t\000"
 16342      765F7400 
 16343              	.LASF190:
 16344 0f7b 5F5A5374 		.ascii	"_ZSt5hypotff\000"
 16344      35687970 
 16344      6F746666 
 16344      00
 16345              	.LASF85:
 16346 0f88 5F5A5374 		.ascii	"_ZSt4modffPf\000"
 16346      346D6F64 
 16346      66665066 
 16346      00
 16347              	.LASF21:
 16348 0f95 696E745F 		.ascii	"int_least64_t\000"
 16348      6C656173 
 16348      7436345F 
 16348      7400
 16349              	.LASF266:
 16350 0fa3 5F4C4F43 		.ascii	"_LOCK_RECURSIVE_T\000"
 16350      4B5F5245 
 16350      43555253 
 16350      4956455F 
 16350      5400
 16351              	.LASF237:
 16352 0fb5 5F5A5374 		.ascii	"_ZSt5rounde\000"
 16352      35726F75 
 16352      6E646500 
 16353              	.LASF238:
 16354 0fc1 5F5A5374 		.ascii	"_ZSt5roundf\000"
 16354      35726F75 
 16354      6E646600 
 16355              	.LASF594:
 16356 0fcd 74686973 		.ascii	"this\000"
 16356      00
 16357              	.LASF613:
 16358 0fd2 63686172 		.ascii	"char32_t\000"
 16358      33325F74 
 16358      00
 16359              	.LASF334:
 16360 0fdb 5F657272 		.ascii	"_errno\000"
 16360      6E6F00
 16361              	.LASF476:
 16362 0fe2 77637374 		.ascii	"wcstombs\000"
 16362      6F6D6273 
 16362      00
 16363              	.LASF457:
 16364 0feb 64656661 		.ascii	"default_mappings\000"
 16364      756C745F 
ARM GAS  /tmp/ccSzEyJr.s 			page 301


 16364      6D617070 
 16364      696E6773 
 16364      00
 16365              	.LASF168:
 16366 0ffc 65726663 		.ascii	"erfc\000"
 16366      00
 16367              	.LASF396:
 16368 1001 686F6F6B 		.ascii	"hooks\000"
 16368      7300
 16369              	.LASF323:
 16370 1007 5F736967 		.ascii	"_signal_buf\000"
 16370      6E616C5F 
 16370      62756600 
 16371              	.LASF35:
 16372 1013 75696E74 		.ascii	"uintptr_t\000"
 16372      7074725F 
 16372      7400
 16373              	.LASF130:
 16374 101d 5F5A5374 		.ascii	"_ZSt9isgreaterff\000"
 16374      39697367 
 16374      72656174 
 16374      65726666 
 16374      00
 16375              	.LASF154:
 16376 102e 6173696E 		.ascii	"asinh\000"
 16376      6800
 16377              	.LASF246:
 16378 1034 5F5A5374 		.ascii	"_ZSt6tgammae\000"
 16378      36746761 
 16378      6D6D6165 
 16378      00
 16379              	.LASF247:
 16380 1041 5F5A5374 		.ascii	"_ZSt6tgammaf\000"
 16380      36746761 
 16380      6D6D6166 
 16380      00
 16381              	.LASF501:
 16382 104e 5F5A4E39 		.ascii	"_ZN9DelayLineC4Ev\000"
 16382      44656C61 
 16382      794C696E 
 16382      65433445 
 16382      7600
 16383              	.LASF496:
 16384 1060 77726974 		.ascii	"write\000"
 16384      6500
 16385              	.LASF455:
 16386 1066 67656E65 		.ascii	"genericfx_unit_header\000"
 16386      72696366 
 16386      785F756E 
 16386      69745F68 
 16386      65616465 
 16387              	.LASF417:
 16388 107c 6B5F756E 		.ascii	"k_unit_err_none\000"
 16388      69745F65 
 16388      72725F6E 
 16388      6F6E6500 
 16389              	.LASF272:
ARM GAS  /tmp/ccSzEyJr.s 			page 302


 16390 108c 5F426967 		.ascii	"_Bigint\000"
 16390      696E7400 
 16391              	.LASF495:
 16392 1094 73747278 		.ascii	"strxfrm\000"
 16392      66726D00 
 16393              	.LASF269:
 16394 109c 5F6D6178 		.ascii	"_maxwds\000"
 16394      77647300 
 16395              	.LASF538:
 16396 10a4 5F5A4E36 		.ascii	"_ZN6Effect4InitEPK17unit_runtime_desc\000"
 16396      45666665 
 16396      63743449 
 16396      6E697445 
 16396      504B3137 
 16397              	.LASF492:
 16398 10ca 73747263 		.ascii	"strcoll\000"
 16398      6F6C6C00 
 16399              	.LASF541:
 16400 10d2 52657365 		.ascii	"Reset\000"
 16400      7400
 16401              	.LASF343:
 16402 10d8 5F5F636C 		.ascii	"__cleanup\000"
 16402      65616E75 
 16402      7000
 16403              	.LASF351:
 16404 10e2 5F617465 		.ascii	"_atexit0\000"
 16404      78697430 
 16404      00
 16405              	.LASF117:
 16406 10eb 5F5A5374 		.ascii	"_ZSt5isnand\000"
 16406      3569736E 
 16406      616E6400 
 16407              	.LASF116:
 16408 10f7 5F5A5374 		.ascii	"_ZSt5isnane\000"
 16408      3569736E 
 16408      616E6500 
 16409              	.LASF118:
 16410 1103 5F5A5374 		.ascii	"_ZSt5isnanf\000"
 16410      3569736E 
 16410      616E6600 
 16411              	.LASF570:
 16412 110f 5F5F696E 		.ascii	"__initialize_p\000"
 16412      69746961 
 16412      6C697A65 
 16412      5F7000
 16413              	.LASF339:
 16414 111e 5F656D65 		.ascii	"_emergency\000"
 16414      7267656E 
 16414      637900
 16415              	.LASF249:
 16416 1129 5F5A5374 		.ascii	"_ZSt5trunce\000"
 16416      35747275 
 16416      6E636500 
 16417              	.LASF250:
 16418 1135 5F5A5374 		.ascii	"_ZSt5truncf\000"
 16418      35747275 
 16418      6E636600 
ARM GAS  /tmp/ccSzEyJr.s 			page 303


 16419              	.LASF9:
 16420 1141 6C6F6E67 		.ascii	"long long int\000"
 16420      206C6F6E 
 16420      6720696E 
 16420      7400
 16421              	.LASF582:
 16422 114f 6672616D 		.ascii	"frames\000"
 16422      657300
 16423              	.LASF102:
 16424 1156 5F5A5374 		.ascii	"_ZSt4fmodff\000"
 16424      34666D6F 
 16424      64666600 
 16425              	.LASF575:
 16426 1162 636F756E 		.ascii	"counter\000"
 16426      74657200 
 16427              	.LASF358:
 16428 116a 5F6E696F 		.ascii	"_niobs\000"
 16428      627300
 16429              	.LASF353:
 16430 1171 5F5F7367 		.ascii	"__sglue\000"
 16430      6C756500 
 16431              	.LASF332:
 16432 1179 5F6E6D61 		.ascii	"_nmalloc\000"
 16432      6C6C6F63 
 16432      00
 16433              	.LASF20:
 16434 1182 696E745F 		.ascii	"int_least32_t\000"
 16434      6C656173 
 16434      7433325F 
 16434      7400
 16435              	.LASF316:
 16436 1190 5F67616D 		.ascii	"_gamma_signgam\000"
 16436      6D615F73 
 16436      69676E67 
 16436      616D00
 16437              	.LASF469:
 16438 119f 6D62746F 		.ascii	"mbtowc\000"
 16438      776300
 16439              	.LASF568:
 16440 11a6 6B506174 		.ascii	"kPatternTaps\000"
 16440      7465726E 
 16440      54617073 
 16440      00
 16441              	.LASF89:
 16442 11b3 5F5A5374 		.ascii	"_ZSt4sqrte\000"
 16442      34737172 
 16442      746500
 16443              	.LASF90:
 16444 11be 5F5A5374 		.ascii	"_ZSt4sqrtf\000"
 16444      34737172 
 16444      746600
 16445              	.LASF597:
 16446 11c9 6275664C 		.ascii	"bufL\000"
 16446      00
 16447              	.LASF37:
 16448 11ce 75696E74 		.ascii	"uintmax_t\000"
 16448      6D61785F 
ARM GAS  /tmp/ccSzEyJr.s 			page 304


 16448      7400
 16449              	.LASF347:
 16450 11d8 5F667265 		.ascii	"_freelist\000"
 16450      656C6973 
 16450      7400
 16451              	.LASF390:
 16452 11e2 756E6974 		.ascii	"unit_runtime_desc\000"
 16452      5F72756E 
 16452      74696D65 
 16452      5F646573 
 16452      6300
 16453              	.LASF598:
 16454 11f4 62756652 		.ascii	"bufR\000"
 16454      00
 16455              	.LASF359:
 16456 11f9 5F696F62 		.ascii	"_iobs\000"
 16456      7300
 16457              	.LASF555:
 16458 11ff 5F5A4E36 		.ascii	"_ZN6Effect8setTempoEm\000"
 16458      45666665 
 16458      63743873 
 16458      65745465 
 16458      6D706F45 
 16459              	.LASF357:
 16460 1215 5F676C75 		.ascii	"_glue\000"
 16460      6500
 16461              	.LASF236:
 16462 121b 726F756E 		.ascii	"round\000"
 16462      6400
 16463              	.LASF420:
 16464 1221 6B5F756E 		.ascii	"k_unit_err_samplerate\000"
 16464      69745F65 
 16464      72725F73 
 16464      616D706C 
 16464      65726174 
 16465              	.LASF493:
 16466 1237 73747265 		.ascii	"strerror\000"
 16466      72726F72 
 16466      00
 16467              	.LASF0:
 16468 1240 666C6F61 		.ascii	"float\000"
 16468      7400
 16469              	.LASF376:
 16470 1246 5F5F636F 		.ascii	"__compar_fn_t\000"
 16470      6D706172 
 16470      5F666E5F 
 16470      7400
 16471              	.LASF529:
 16472 1254 5F707265 		.ascii	"_preset\000"
 16472      73657400 
 16473              	.LASF519:
 16474 125c 73657450 		.ascii	"setPreset\000"
 16474      72657365 
 16474      7400
 16475              	.LASF297:
 16476 1266 5F6C6266 		.ascii	"_lbfsize\000"
 16476      73697A65 
ARM GAS  /tmp/ccSzEyJr.s 			page 305


 16476      00
 16477              	.LASF441:
 16478 126f 74616E70 		.ascii	"tanpi_lut_f\000"
 16478      695F6C75 
 16478      745F6600 
 16479              	.LASF500:
 16480 127b 72656164 		.ascii	"read\000"
 16480      00
 16481              	.LASF486:
 16482 1280 6B427566 		.ascii	"kBufLen\000"
 16482      4C656E00 
 16483              	.LASF443:
 16484 1288 63756269 		.ascii	"cubicsat_lut_f\000"
 16484      63736174 
 16484      5F6C7574 
 16484      5F6600
 16485              	.LASF1:
 16486 1297 756E7369 		.ascii	"unsigned int\000"
 16486      676E6564 
 16486      20696E74 
 16486      00
 16487              	.LASF624:
 16488 12a4 6D61785F 		.ascii	"max_align_t\000"
 16488      616C6967 
 16488      6E5F7400 
 16489              	.LASF200:
 16490 12b0 6C6C726F 		.ascii	"llround\000"
 16490      756E6400 
 16491              	.LASF542:
 16492 12b8 5F5A4E36 		.ascii	"_ZN6Effect5ResetEv\000"
 16492      45666665 
 16492      63743552 
 16492      65736574 
 16492      457600
 16493              	.LASF34:
 16494 12cb 696E7470 		.ascii	"intptr_t\000"
 16494      74725F74 
 16494      00
 16495              	.LASF330:
 16496 12d4 5F685F65 		.ascii	"_h_errno\000"
 16496      72726E6F 
 16496      00
 16497              	.LASF133:
 16498 12dd 5F5A5374 		.ascii	"_ZSt14isgreaterequaldd\000"
 16498      31346973 
 16498      67726561 
 16498      74657265 
 16498      7175616C 
 16499              	.LASF603:
 16500 12f4 73756D52 		.ascii	"sumR\000"
 16500      00
 16501              	.LASF563:
 16502 12f9 5F5A4E36 		.ascii	"_ZN6Effect11_applyTempoEl\000"
 16502      45666665 
 16502      63743131 
 16502      5F617070 
 16502      6C795465 
ARM GAS  /tmp/ccSzEyJr.s 			page 306


 16503              	.LASF440:
 16504 1313 6C6F675F 		.ascii	"log_lut_f\000"
 16504      6C75745F 
 16504      6600
 16505              	.LASF328:
 16506 131d 5F776372 		.ascii	"_wcrtomb_state\000"
 16506      746F6D62 
 16506      5F737461 
 16506      746500
 16507              	.LASF230:
 16508 132c 72656D71 		.ascii	"remquo\000"
 16508      756F00
 16509              	.LASF540:
 16510 1333 5F5A4E36 		.ascii	"_ZN6Effect8TeardownEv\000"
 16510      45666665 
 16510      63743854 
 16510      65617264 
 16510      6F776E45 
 16511              	.LASF53:
 16512 1349 5F5A5374 		.ascii	"_ZSt5atan2ee\000"
 16512      35617461 
 16512      6E326565 
 16512      00
 16513              	.LASF350:
 16514 1356 5F6E6577 		.ascii	"_new\000"
 16514      00
 16515              	.LASF231:
 16516 135b 5F5A5374 		.ascii	"_ZSt6remquoeePi\000"
 16516      3672656D 
 16516      71756F65 
 16516      65506900 
 16517              	.LASF303:
 16518 136b 5F756275 		.ascii	"_ubuf\000"
 16518      6600
 16519              	.LASF27:
 16520 1371 696E745F 		.ascii	"int_fast16_t\000"
 16520      66617374 
 16520      31365F74 
 16520      00
 16521              	.LASF550:
 16522 137e 5F5A4E36 		.ascii	"_ZN6Effect12setParameterEhl\000"
 16522      45666665 
 16522      63743132 
 16522      73657450 
 16522      6172616D 
 16523              	.LASF321:
 16524 139a 5F776374 		.ascii	"_wctomb_state\000"
 16524      6F6D625F 
 16524      73746174 
 16524      6500
 16525              	.LASF309:
 16526 13a8 5F6D6273 		.ascii	"_mbstate\000"
 16526      74617465 
 16526      00
 16527              	.LASF574:
 16528 13b1 756E6974 		.ascii	"unit_tempo_4ppqn_tick\000"
 16528      5F74656D 
ARM GAS  /tmp/ccSzEyJr.s 			page 307


 16528      706F5F34 
 16528      7070716E 
 16528      5F746963 
 16529              	.LASF317:
 16530 13c7 5F72616E 		.ascii	"_rand_next\000"
 16530      645F6E65 
 16530      787400
 16531              	.LASF331:
 16532 13d2 5F6E6578 		.ascii	"_nextf\000"
 16532      746600
 16533              	.LASF295:
 16534 13d9 5F666C61 		.ascii	"_flags\000"
 16534      677300
 16535              	.LASF74:
 16536 13e0 5F5A5374 		.ascii	"_ZSt5frexpfPi\000"
 16536      35667265 
 16536      78706650 
 16536      6900
 16537              	.LASF158:
 16538 13ee 5F5A5374 		.ascii	"_ZSt5atanhe\000"
 16538      35617461 
 16538      6E686500 
 16539              	.LASF159:
 16540 13fa 5F5A5374 		.ascii	"_ZSt5atanhf\000"
 16540      35617461 
 16540      6E686600 
 16541              	.LASF44:
 16542 1406 5F5A5374 		.ascii	"_ZSt4acose\000"
 16542      3461636F 
 16542      736500
 16543              	.LASF45:
 16544 1411 5F5A5374 		.ascii	"_ZSt4acosf\000"
 16544      3461636F 
 16544      736600
 16545              	.LASF537:
 16546 141c 496E6974 		.ascii	"Init\000"
 16546      00
 16547              	.LASF256:
 16548 1421 5F5F6D61 		.ascii	"__max_align_ld\000"
 16548      785F616C 
 16548      69676E5F 
 16548      6C6400
 16549              	.LASF288:
 16550 1430 5F617465 		.ascii	"_atexit\000"
 16550      78697400 
 16551              	.LASF507:
 16552 1438 77726974 		.ascii	"writeHead\000"
 16552      65486561 
 16552      6400
 16553              	.LASF608:
 16554 1442 636C616D 		.ascii	"clampf\000"
 16554      706600
 16555              	.LASF255:
 16556 1449 5F5F6D61 		.ascii	"__max_align_ll\000"
 16556      785F616C 
 16556      69676E5F 
 16556      6C6C00
ARM GAS  /tmp/ccSzEyJr.s 			page 308


 16557              	.LASF378:
 16558 1458 6B5F756E 		.ascii	"k_unit_api_1_0_0\000"
 16558      69745F61 
 16558      70695F31 
 16558      5F305F30 
 16558      00
 16559              	.LASF160:
 16560 1469 63627274 		.ascii	"cbrt\000"
 16560      00
 16561              	.LASF54:
 16562 146e 5F5A5374 		.ascii	"_ZSt5atan2ff\000"
 16562      35617461 
 16562      6E326666 
 16562      00
 16563              	.LASF262:
 16564 147b 5F5F636F 		.ascii	"__count\000"
 16564      756E7400 
 16565              	.LASF621:
 16566 1483 5F5F676E 		.ascii	"__gnu_cxx\000"
 16566      755F6378 
 16566      7800
 16567              	.LASF576:
 16568 148d 756E6974 		.ascii	"unit_set_tempo\000"
 16568      5F736574 
 16568      5F74656D 
 16568      706F00
 16569              	.LASF131:
 16570 149c 69736772 		.ascii	"isgreaterequal\000"
 16570      65617465 
 16570      72657175 
 16570      616C00
 16571              	.LASF239:
 16572 14ab 7363616C 		.ascii	"scalbln\000"
 16572      626C6E00 
 16573              	.LASF377:
 16574 14b3 626F6F6C 		.ascii	"bool\000"
 16574      00
 16575              	.LASF22:
 16576 14b8 75696E74 		.ascii	"uint_least8_t\000"
 16576      5F6C6561 
 16576      7374385F 
 16576      7400
 16577              	.LASF578:
 16578 14c6 74656D70 		.ascii	"tempo\000"
 16578      6F00
 16579              	.LASF504:
 16580 14cc 5F5A4E4B 		.ascii	"_ZNK9DelayLine11readHermiteEf\000"
 16580      3944656C 
 16580      61794C69 
 16580      6E653131 
 16580      72656164 
 16581              	.LASF55:
 16582 14ea 5F5A5374 		.ascii	"_ZSt3cose\000"
 16582      33636F73 
 16582      6500
 16583              	.LASF56:
 16584 14f4 5F5A5374 		.ascii	"_ZSt3cosf\000"
ARM GAS  /tmp/ccSzEyJr.s 			page 309


 16584      33636F73 
 16584      6600
 16585              	.LASF18:
 16586 14fe 696E745F 		.ascii	"int_least8_t\000"
 16586      6C656173 
 16586      74385F74 
 16586      00
 16587              	.LASF280:
 16588 150b 5F5F746D 		.ascii	"__tm_wday\000"
 16588      5F776461 
 16588      7900
 16589              	.LASF481:
 16590 1515 73747274 		.ascii	"strtoull\000"
 16590      6F756C6C 
 16590      00
 16591              	.LASF470:
 16592 151e 71736F72 		.ascii	"qsort\000"
 16592      7400
 16593              	.LASF36:
 16594 1524 696E746D 		.ascii	"intmax_t\000"
 16594      61785F74 
 16594      00
 16595              	.LASF252:
 16596 152d 6C6F6E67 		.ascii	"long double\000"
 16596      20646F75 
 16596      626C6500 
 16597              	.LASF366:
 16598 1539 666C6F61 		.ascii	"float_t\000"
 16598      745F7400 
 16599              	.LASF281:
 16600 1541 5F5F746D 		.ascii	"__tm_yday\000"
 16600      5F796461 
 16600      7900
 16601              	.LASF533:
 16602 154b 45666665 		.ascii	"Effect\000"
 16602      637400
 16603              	.LASF434:
 16604 1552 77617665 		.ascii	"wavesA\000"
 16604      734100
 16605              	.LASF435:
 16606 1559 77617665 		.ascii	"wavesB\000"
 16606      734200
 16607              	.LASF436:
 16608 1560 77617665 		.ascii	"wavesC\000"
 16608      734300
 16609              	.LASF437:
 16610 1567 77617665 		.ascii	"wavesD\000"
 16610      734400
 16611              	.LASF438:
 16612 156e 77617665 		.ascii	"wavesE\000"
 16612      734500
 16613              	.LASF439:
 16614 1575 77617665 		.ascii	"wavesF\000"
 16614      734600
 16615              	.LASF141:
 16616 157c 5F5A5374 		.ascii	"_ZSt11islessequaldd\000"
 16616      31316973 
ARM GAS  /tmp/ccSzEyJr.s 			page 310


 16616      6C657373 
 16616      65717561 
 16616      6C646400 
 16617              	.LASF361:
 16618 1590 5F736565 		.ascii	"_seed\000"
 16618      6400
 16619              	.LASF172:
 16620 1596 5F5A5374 		.ascii	"_ZSt4exp2e\000"
 16620      34657870 
 16620      326500
 16621              	.LASF173:
 16622 15a1 5F5A5374 		.ascii	"_ZSt4exp2f\000"
 16622      34657870 
 16622      326600
 16623              	.LASF489:
 16624 15ac 6B48616E 		.ascii	"kHannSize\000"
 16624      6E53697A 
 16624      6500
 16625              	.LASF301:
 16626 15b6 5F736565 		.ascii	"_seek\000"
 16626      6B00
 16627              	.LASF373:
 16628 15bc 6C646976 		.ascii	"ldiv_t\000"
 16628      5F7400
 16629              	.LASF602:
 16630 15c3 73756D4C 		.ascii	"sumL\000"
 16630      00
 16631              	.LASF259:
 16632 15c8 5F66706F 		.ascii	"_fpos_t\000"
 16632      735F7400 
 16633              	.LASF383:
 16634 15d0 756E6974 		.ascii	"unit_runtime_sdram_avail_ptr\000"
 16634      5F72756E 
 16634      74696D65 
 16634      5F736472 
 16634      616D5F61 
 16635              	.LASF386:
 16636 15ed 73647261 		.ascii	"sdram_alloc\000"
 16636      6D5F616C 
 16636      6C6F6300 
 16637              	.LASF261:
 16638 15f9 5F5F7763 		.ascii	"__wchb\000"
 16638      686200
 16639              	.LASF49:
 16640 1600 6174616E 		.ascii	"atan\000"
 16640      00
 16641              	.LASF179:
 16642 1605 5F5A5374 		.ascii	"_ZSt4fdimff\000"
 16642      34666469 
 16642      6D666600 
 16643              	.LASF463:
 16644 1611 62736561 		.ascii	"bsearch\000"
 16644      72636800 
 16645              	.LASF497:
 16646 1619 5F5A4E39 		.ascii	"_ZN9DelayLine4initEPfj\000"
 16646      44656C61 
 16646      794C696E 
ARM GAS  /tmp/ccSzEyJr.s 			page 311


 16646      6534696E 
 16646      69744550 
 16647              	.LASF320:
 16648 1630 5F6D6274 		.ascii	"_mbtowc_state\000"
 16648      6F77635F 
 16648      73746174 
 16648      6500
 16649              	.LASF607:
 16650 163e 5F5A4E39 		.ascii	"_ZN9DelayLineC2Ev\000"
 16650      44656C61 
 16650      794C696E 
 16650      65433245 
 16650      7600
 16651              	.LASF140:
 16652 1650 5F5A5374 		.ascii	"_ZSt11islessequalee\000"
 16652      31316973 
 16652      6C657373 
 16652      65717561 
 16652      6C656500 
 16653              	.LASF509:
 16654 1664 5F627566 		.ascii	"_buf\000"
 16654      00
 16655              	.LASF17:
 16656 1669 6C6F6E67 		.ascii	"long long unsigned int\000"
 16656      206C6F6E 
 16656      6720756E 
 16656      7369676E 
 16656      65642069 
 16657              	.LASF415:
 16658 1680 70617261 		.ascii	"params\000"
 16658      6D7300
 16659              	.LASF531:
 16660 1687 5F6C696E 		.ascii	"_lineL\000"
 16660      654C00
 16661              	.LASF562:
 16662 168e 5F617070 		.ascii	"_applyTempo\000"
 16662      6C795465 
 16662      6D706F00 
 16663              	.LASF532:
 16664 169a 5F6C696E 		.ascii	"_lineR\000"
 16664      655200
 16665              	.LASF109:
 16666 16a1 5F5A5374 		.ascii	"_ZSt8isfinited\000"
 16666      38697366 
 16666      696E6974 
 16666      656400
 16667              	.LASF108:
 16668 16b0 5F5A5374 		.ascii	"_ZSt8isfinitee\000"
 16668      38697366 
 16668      696E6974 
 16668      656500
 16669              	.LASF110:
 16670 16bf 5F5A5374 		.ascii	"_ZSt8isfinitef\000"
 16670      38697366 
 16670      696E6974 
 16670      656600
 16671              	.LASF75:
ARM GAS  /tmp/ccSzEyJr.s 			page 312


 16672 16ce 6C646578 		.ascii	"ldexp\000"
 16672      7000
 16673              	.LASF505:
 16674 16d4 6C656E67 		.ascii	"length\000"
 16674      746800
 16675              	.LASF12:
 16676 16db 75696E74 		.ascii	"uint16_t\000"
 16676      31365F74 
 16676      00
 16677              	.LASF72:
 16678 16e4 66726578 		.ascii	"frexp\000"
 16678      7000
 16679              	.LASF285:
 16680 16ea 5F64736F 		.ascii	"_dso_handle\000"
 16680      5F68616E 
 16680      646C6500 
 16681              	.LASF340:
 16682 16f6 5F756E73 		.ascii	"_unspecified_locale_info\000"
 16682      70656369 
 16682      66696564 
 16682      5F6C6F63 
 16682      616C655F 
 16683              	.LASF360:
 16684 170f 5F72616E 		.ascii	"_rand48\000"
 16684      64343800 
 16685              	.LASF586:
 16686 1717 756E6974 		.ascii	"unit_init\000"
 16686      5F696E69 
 16686      7400
 16687              	.LASF336:
 16688 1721 5F737464 		.ascii	"_stdout\000"
 16688      6F757400 
 16689              	.LASF43:
 16690 1729 61636F73 		.ascii	"acos\000"
 16690      00
 16691              	.LASF174:
 16692 172e 6578706D 		.ascii	"expm1\000"
 16692      3100
 16693              	.LASF221:
 16694 1734 6E657874 		.ascii	"nextafter\000"
 16694      61667465 
 16694      7200
 16695              	.LASF384:
 16696 173e 756E6974 		.ascii	"unit_runtime_hooks\000"
 16696      5F72756E 
 16696      74696D65 
 16696      5F686F6F 
 16696      6B7300
 16697              	.LASF29:
 16698 1751 696E745F 		.ascii	"int_fast64_t\000"
 16698      66617374 
 16698      36345F74 
 16698      00
 16699              	.LASF305:
 16700 175e 5F626C6B 		.ascii	"_blksize\000"
 16700      73697A65 
 16700      00
ARM GAS  /tmp/ccSzEyJr.s 			page 313


 16701              	.LASF142:
 16702 1767 5F5A5374 		.ascii	"_ZSt11islessequalff\000"
 16702      31316973 
 16702      6C657373 
 16702      65717561 
 16702      6C666600 
 16703              	.LASF163:
 16704 177b 636F7079 		.ascii	"copysign\000"
 16704      7369676E 
 16704      00
 16705              	.LASF490:
 16706 1784 675F7369 		.ascii	"g_sinLut\000"
 16706      6E4C7574 
 16706      00
 16707              	.LASF292:
 16708 178d 5F626173 		.ascii	"_base\000"
 16708      6500
 16709              	.LASF530:
 16710 1793 5F746170 		.ascii	"_taps\000"
 16710      7300
 16711              	.LASF442:
 16712 1799 73717274 		.ascii	"sqrtm2log_lut_f\000"
 16712      6D326C6F 
 16712      675F6C75 
 16712      745F6600 
 16713              	.LASF313:
 16714 17a9 5F737472 		.ascii	"_strtok_last\000"
 16714      746F6B5F 
 16714      6C617374 
 16714      00
 16715              	.LASF46:
 16716 17b6 6173696E 		.ascii	"asin\000"
 16716      00
 16717              	.LASF326:
 16718 17bb 5F6D6272 		.ascii	"_mbrtowc_state\000"
 16718      746F7763 
 16718      5F737461 
 16718      746500
 16719              	.LASF408:
 16720 17ca 68656164 		.ascii	"header_size\000"
 16720      65725F73 
 16720      697A6500 
 16721              	.LASF251:
 16722 17d6 5F5F6378 		.ascii	"__cxx11\000"
 16722      78313100 
 16723              	.LASF484:
 16724 17de 6B53616D 		.ascii	"kSampleRate\000"
 16724      706C6552 
 16724      61746500 
 16725              	.LASF248:
 16726 17ea 7472756E 		.ascii	"trunc\000"
 16726      6300
 16727              	.LASF370:
 16728 17f0 71756F74 		.ascii	"quot\000"
 16728      00
 16729              	.LASF411:
 16730 17f5 76657273 		.ascii	"version\000"
ARM GAS  /tmp/ccSzEyJr.s 			page 314


 16730      696F6E00 
 16731              	.LASF432:
 16732 17fd 77745F70 		.ascii	"wt_par_notes\000"
 16732      61725F6E 
 16732      6F746573 
 16732      00
 16733              	.LASF356:
 16734 180a 5F5F4649 		.ascii	"__FILE\000"
 16734      4C4500
 16735              	.LASF151:
 16736 1811 61636F73 		.ascii	"acosh\000"
 16736      6800
 16737              	.LASF422:
 16738 1817 6B5F756E 		.ascii	"k_unit_err_memory\000"
 16738      69745F65 
 16738      72725F6D 
 16738      656D6F72 
 16738      7900
 16739              	.LASF593:
 16740 1829 7175616E 		.ascii	"quantised\000"
 16740      74697365 
 16740      6400
 16741              	.LASF264:
 16742 1833 5F6D6273 		.ascii	"_mbstate_t\000"
 16742      74617465 
 16742      5F7400
 16743              	.LASF587:
 16744 183e 64657363 		.ascii	"desc\000"
 16744      00
 16745              	.LASF394:
 16746 1843 696E7075 		.ascii	"input_channels\000"
 16746      745F6368 
 16746      616E6E65 
 16746      6C7300
 16747              	.LASF318:
 16748 1852 5F723438 		.ascii	"_r48\000"
 16748      00
 16749              	.LASF559:
 16750 1857 5F5A4E36 		.ascii	"_ZN6Effect10touchEventEhhmm\000"
 16750      45666665 
 16750      63743130 
 16750      746F7563 
 16750      68457665 
 16751              	.LASF257:
 16752 1873 77696E74 		.ascii	"wint_t\000"
 16752      5F7400
 16753              	.LASF268:
 16754 187a 5F6E6578 		.ascii	"_next\000"
 16754      7400
 16755              	.LASF307:
 16756 1880 5F646174 		.ascii	"_data\000"
 16756      6100
 16757              	.LASF536:
 16758 1886 5F5A4E36 		.ascii	"_ZN6EffectD4Ev\000"
 16758      45666665 
 16758      63744434 
 16758      457600
ARM GAS  /tmp/ccSzEyJr.s 			page 315


 16759              	.LASF400:
 16760 1895 696E6974 		.ascii	"init\000"
 16760      00
 16761              	.LASF403:
 16762 189a 66726163 		.ascii	"frac_mode\000"
 16762      5F6D6F64 
 16762      6500
 16763              	.LASF498:
 16764 18a4 5F5A4E39 		.ascii	"_ZN9DelayLine5writeEf\000"
 16764      44656C61 
 16764      794C696E 
 16764      65357772 
 16764      69746545 
 16765              	.LASF483:
 16766 18ba 73747274 		.ascii	"strtold\000"
 16766      6F6C6400 
 16767              	.LASF458:
 16768 18c2 67656E65 		.ascii	"genericfx_unit_header_t\000"
 16768      72696366 
 16768      785F756E 
 16768      69745F68 
 16768      65616465 
 16769              	.LASF78:
 16770 18da 5F5A5374 		.ascii	"_ZSt3loge\000"
 16770      336C6F67 
 16770      6500
 16771              	.LASF79:
 16772 18e4 5F5A5374 		.ascii	"_ZSt3logf\000"
 16772      336C6F67 
 16772      6600
 16773              	.LASF402:
 16774 18ee 66726163 		.ascii	"frac\000"
 16774      00
 16775              	.LASF210:
 16776 18f3 5F5A5374 		.ascii	"_ZSt4logbe\000"
 16776      346C6F67 
 16776      626500
 16777              	.LASF182:
 16778 18fe 666D6178 		.ascii	"fmax\000"
 16778      00
 16779              	.LASF392:
 16780 1903 73616D70 		.ascii	"samplerate\000"
 16780      6C657261 
 16780      746500
 16781              	.LASF233:
 16782 190e 72696E74 		.ascii	"rint\000"
 16782      00
 16783              	.LASF115:
 16784 1913 69736E61 		.ascii	"isnan\000"
 16784      6E00
 16785              	.LASF28:
 16786 1919 696E745F 		.ascii	"int_fast32_t\000"
 16786      66617374 
 16786      33325F74 
 16786      00
 16787              	.LASF137:
 16788 1926 5F5A5374 		.ascii	"_ZSt6islessdd\000"
ARM GAS  /tmp/ccSzEyJr.s 			page 316


 16788      3669736C 
 16788      65737364 
 16788      6400
 16789              	.LASF155:
 16790 1934 5F5A5374 		.ascii	"_ZSt5asinhe\000"
 16790      35617369 
 16790      6E686500 
 16791              	.LASF156:
 16792 1940 5F5A5374 		.ascii	"_ZSt5asinhf\000"
 16792      35617369 
 16792      6E686600 
 16793              	.LASF62:
 16794 194c 5F5A5374 		.ascii	"_ZSt4coshe\000"
 16794      34636F73 
 16794      686500
 16795              	.LASF63:
 16796 1957 5F5A5374 		.ascii	"_ZSt4coshf\000"
 16796      34636F73 
 16796      686600
 16797              	.LASF472:
 16798 1962 73747274 		.ascii	"strtod\000"
 16798      6F6400
 16799              	.LASF482:
 16800 1969 73747274 		.ascii	"strtof\000"
 16800      6F6600
 16801              	.LASF30:
 16802 1970 75696E74 		.ascii	"uint_fast8_t\000"
 16802      5F666173 
 16802      74385F74 
 16802      00
 16803              	.LASF494:
 16804 197d 73747274 		.ascii	"strtok\000"
 16804      6F6B00
 16805              	.LASF473:
 16806 1984 73747274 		.ascii	"strtol\000"
 16806      6F6C00
 16807              	.LASF616:
 16808 198b 696E6974 		.ascii	"initSinLut\000"
 16808      53696E4C 
 16808      757400
 16809              	.LASF215:
 16810 1996 6C726F75 		.ascii	"lround\000"
 16810      6E6400
 16811              	.LASF619:
 16812 199d 756E6974 		.ascii	"unit.cc\000"
 16812      2E636300 
 16813              	.LASF319:
 16814 19a5 5F6D626C 		.ascii	"_mblen_state\000"
 16814      656E5F73 
 16814      74617465 
 16814      00
 16815              	.LASF416:
 16816 19b2 756E6974 		.ascii	"unit_header_t\000"
 16816      5F686561 
 16816      6465725F 
 16816      7400
 16817              	.LASF5:
ARM GAS  /tmp/ccSzEyJr.s 			page 317


 16818 19c0 73686F72 		.ascii	"short int\000"
 16818      7420696E 
 16818      7400
 16819              	.LASF242:
 16820 19ca 7363616C 		.ascii	"scalbn\000"
 16820      626E00
 16821              	.LASF16:
 16822 19d1 75696E74 		.ascii	"uint64_t\000"
 16822      36345F74 
 16822      00
 16823              	.LASF395:
 16824 19da 6F757470 		.ascii	"output_channels\000"
 16824      75745F63 
 16824      68616E6E 
 16824      656C7300 
 16825              	.LASF166:
 16826 19ea 5F5A5374 		.ascii	"_ZSt3erfe\000"
 16826      33657266 
 16826      6500
 16827              	.LASF83:
 16828 19f4 6D6F6466 		.ascii	"modf\000"
 16828      00
 16829              	.LASF107:
 16830 19f9 69736669 		.ascii	"isfinite\000"
 16830      6E697465 
 16830      00
 16831              	.LASF4:
 16832 1a02 696E7431 		.ascii	"int16_t\000"
 16832      365F7400 
 16833              	.LASF459:
 16834 1a0a 61746578 		.ascii	"atexit\000"
 16834      697400
 16835              	.LASF136:
 16836 1a11 5F5A5374 		.ascii	"_ZSt6islessee\000"
 16836      3669736C 
 16836      65737365 
 16836      6500
 16837              	.LASF234:
 16838 1a1f 5F5A5374 		.ascii	"_ZSt4rinte\000"
 16838      3472696E 
 16838      746500
 16839              	.LASF235:
 16840 1a2a 5F5A5374 		.ascii	"_ZSt4rintf\000"
 16840      3472696E 
 16840      746600
 16841              	.LASF514:
 16842 1a35 70616E52 		.ascii	"panR\000"
 16842      00
 16843              	.LASF286:
 16844 1a3a 5F666E74 		.ascii	"_fntypes\000"
 16844      79706573 
 16844      00
 16845              	.LASF566:
 16846 1a43 5F616374 		.ascii	"_activityParam\000"
 16846      69766974 
 16846      79506172 
 16846      616D00
ARM GAS  /tmp/ccSzEyJr.s 			page 318


 16847              	.LASF197:
 16848 1a52 6C6C7269 		.ascii	"llrint\000"
 16848      6E7400
 16849              	.LASF279:
 16850 1a59 5F5F746D 		.ascii	"__tm_year\000"
 16850      5F796561 
 16850      7200
 16851              	.LASF371:
 16852 1a63 6469765F 		.ascii	"div_t\000"
 16852      7400
 16853              	.LASF188:
 16854 1a69 6879706F 		.ascii	"hypot\000"
 16854      7400
 16855              	.LASF132:
 16856 1a6f 5F5A5374 		.ascii	"_ZSt14isgreaterequalee\000"
 16856      31346973 
 16856      67726561 
 16856      74657265 
 16856      7175616C 
 16857              	.LASF98:
 16858 1a86 5F5A5374 		.ascii	"_ZSt5floore\000"
 16858      35666C6F 
 16858      6F726500 
 16859              	.LASF99:
 16860 1a92 5F5A5374 		.ascii	"_ZSt5floorf\000"
 16860      35666C6F 
 16860      6F726600 
 16861              	.LASF546:
 16862 1a9e 5F5A4E36 		.ascii	"_ZN6Effect7SuspendEv\000"
 16862      45666665 
 16862      63743753 
 16862      75737065 
 16862      6E644576 
 16863              	.LASF558:
 16864 1ab3 746F7563 		.ascii	"touchEvent\000"
 16864      68457665 
 16864      6E7400
 16865              	.LASF601:
 16866 1abe 5F5A4E36 		.ascii	"_ZN6EffectC2Ev\000"
 16866      45666665 
 16866      63744332 
 16866      457600
 16867              	.LASF551:
 16868 1acd 67657450 		.ascii	"getParameterValue\000"
 16868      6172616D 
 16868      65746572 
 16868      56616C75 
 16868      6500
 16869              	.LASF633:
 16870 1adf 6E616D65 		.ascii	"names\000"
 16870      7300
 16871              	.LASF471:
 16872 1ae5 7372616E 		.ascii	"srand\000"
 16872      6400
 16873              	.LASF138:
 16874 1aeb 5F5A5374 		.ascii	"_ZSt6islessff\000"
 16874      3669736C 
ARM GAS  /tmp/ccSzEyJr.s 			page 319


 16874      65737366 
 16874      6600
 16875              	.LASF92:
 16876 1af9 5F5A5374 		.ascii	"_ZSt4ceile\000"
 16876      34636569 
 16876      6C6500
 16877              	.LASF93:
 16878 1b04 5F5A5374 		.ascii	"_ZSt4ceilf\000"
 16878      34636569 
 16878      6C6600
 16879              	.LASF409:
 16880 1b0f 6465765F 		.ascii	"dev_id\000"
 16880      696400
 16881              	.LASF338:
 16882 1b16 5F696E63 		.ascii	"_inc\000"
 16882      00
 16883              	.LASF289:
 16884 1b1b 5F696E64 		.ascii	"_ind\000"
 16884      00
 16885              	.LASF596:
 16886 1b20 6B427974 		.ascii	"kBytes\000"
 16886      657300
 16887              	.LASF193:
 16888 1b27 5F5A5374 		.ascii	"_ZSt5ilogbf\000"
 16888      35696C6F 
 16888      67626600 
 16889              	.LASF291:
 16890 1b33 5F5F7362 		.ascii	"__sbuf\000"
 16890      756600
 16891              	.LASF86:
 16892 1b3a 5F5A5374 		.ascii	"_ZSt3powee\000"
 16892      33706F77 
 16892      656500
 16893              	.LASF615:
 16894 1b45 5F5A3131 		.ascii	"_Z11initHannLutv\000"
 16894      696E6974 
 16894      48616E6E 
 16894      4C757476 
 16894      00
 16895              	.LASF287:
 16896 1b56 5F69735F 		.ascii	"_is_cxa\000"
 16896      63786100 
 16897              	.LASF433:
 16898 1b5e 77745F70 		.ascii	"wt_par_lut_f\000"
 16898      61725F6C 
 16898      75745F66 
 16898      00
 16899              	.LASF627:
 16900 1b6b 756E6974 		.ascii	"unit_runtime_base_context_t\000"
 16900      5F72756E 
 16900      74696D65 
 16900      5F626173 
 16900      655F636F 
 16901              	.LASF192:
 16902 1b87 5F5A5374 		.ascii	"_ZSt5ilogbe\000"
 16902      35696C6F 
 16902      67626500 
ARM GAS  /tmp/ccSzEyJr.s 			page 320


 16903              	.LASF134:
 16904 1b93 5F5A5374 		.ascii	"_ZSt14isgreaterequalff\000"
 16904      31346973 
 16904      67726561 
 16904      74657265 
 16904      7175616C 
 16905              	.LASF605:
 16906 1baa 5F5A4E31 		.ascii	"_ZN14RearrangeDelayC2Ev\000"
 16906      34526561 
 16906      7272616E 
 16906      67654465 
 16906      6C617943 
 16907              	.LASF410:
 16908 1bc2 756E6974 		.ascii	"unit_id\000"
 16908      5F696400 
 16909              	.LASF423:
 16910 1bca 6B5F756E 		.ascii	"k_unit_err_undef\000"
 16910      69745F65 
 16910      72725F75 
 16910      6E646566 
 16910      00
 16911              	.LASF467:
 16912 1bdb 6D627374 		.ascii	"mbstowcs\000"
 16912      6F776373 
 16912      00
 16913              	.LASF510:
 16914 1be4 5F6C656E 		.ascii	"_len\000"
 16914      00
 16915              	.LASF591:
 16916 1be9 66726163 		.ascii	"fracP\000"
 16916      5000
 16917              	.LASF228:
 16918 1bef 5F5A5374 		.ascii	"_ZSt9remainderee\000"
 16918      3972656D 
 16918      61696E64 
 16918      65726565 
 16918      00
 16919              	.LASF265:
 16920 1c00 5F5F554C 		.ascii	"__ULong\000"
 16920      6F6E6700 
 16921              	.LASF444:
 16922 1c08 73636865 		.ascii	"schetzen_lut_f\000"
 16922      747A656E 
 16922      5F6C7574 
 16922      5F6600
 16923              	.LASF556:
 16924 1c17 74656D70 		.ascii	"tempo4ppqnTick\000"
 16924      6F347070 
 16924      716E5469 
 16924      636B00
 16925              	.LASF600:
 16926 1c26 5F5A4E36 		.ascii	"_ZN6EffectD2Ev\000"
 16926      45666665 
 16926      63744432 
 16926      457600
 16927              	.LASF14:
 16928 1c35 75696E74 		.ascii	"uint32_t\000"
ARM GAS  /tmp/ccSzEyJr.s 			page 321


 16928      33325F74 
 16928      00
 16929              	.LASF344:
 16930 1c3e 5F726573 		.ascii	"_result\000"
 16930      756C7400 
 16931              	.LASF515:
 16932 1c46 6C657665 		.ascii	"level\000"
 16932      6C00
 16933              	.LASF31:
 16934 1c4c 75696E74 		.ascii	"uint_fast16_t\000"
 16934      5F666173 
 16934      7431365F 
 16934      7400
 16935              	.LASF87:
 16936 1c5a 5F5A5374 		.ascii	"_ZSt3powff\000"
 16936      33706F77 
 16936      666600
 16937              	.LASF487:
 16938 1c65 6B54776F 		.ascii	"kTwoPi\000"
 16938      506900
 16939              	.LASF194:
 16940 1c6c 6C67616D 		.ascii	"lgamma\000"
 16940      6D6100
 16941              	.LASF485:
 16942 1c73 6B427566 		.ascii	"kBufLenSec\000"
 16942      4C656E53 
 16942      656300
 16943              	.LASF135:
 16944 1c7e 69736C65 		.ascii	"isless\000"
 16944      737300
 16945              	.LASF254:
 16946 1c85 73697A65 		.ascii	"size_t\000"
 16946      5F7400
 16947              	.LASF580:
 16948 1c8c 756E6974 		.ascii	"unit_set_param_value\000"
 16948      5F736574 
 16948      5F706172 
 16948      616D5F76 
 16948      616C7565 
 16949              	.LASF404:
 16950 1ca1 72657365 		.ascii	"reserved\000"
 16950      72766564 
 16950      00
 16951              	.LASF76:
 16952 1caa 5F5A5374 		.ascii	"_ZSt5ldexpei\000"
 16952      356C6465 
 16952      78706569 
 16952      00
 16953              	.LASF623:
 16954 1cb7 31316D61 		.ascii	"11max_align_t\000"
 16954      785F616C 
 16954      69676E5F 
 16954      7400
 16955              	.LASF258:
 16956 1cc5 5F6F6666 		.ascii	"_off_t\000"
 16956      5F7400
 16957              	.LASF91:
ARM GAS  /tmp/ccSzEyJr.s 			page 322


 16958 1ccc 6365696C 		.ascii	"ceil\000"
 16958      00
 16959              	.LASF612:
 16960 1cd1 63686172 		.ascii	"char16_t\000"
 16960      31365F74 
 16960      00
 16961              	.LASF363:
 16962 1cda 5F616464 		.ascii	"_add\000"
 16962      00
 16963              	.LASF229:
 16964 1cdf 5F5A5374 		.ascii	"_ZSt9remainderff\000"
 16964      3972656D 
 16964      61696E64 
 16964      65726666 
 16964      00
 16965              	.LASF13:
 16966 1cf0 73686F72 		.ascii	"short unsigned int\000"
 16966      7420756E 
 16966      7369676E 
 16966      65642069 
 16966      6E7400
 16967              	.LASF276:
 16968 1d03 5F5F746D 		.ascii	"__tm_hour\000"
 16968      5F686F75 
 16968      7200
 16969              	.LASF502:
 16970 1d0d 5F5A4E4B 		.ascii	"_ZNK9DelayLine4readEf\000"
 16970      3944656C 
 16970      61794C69 
 16970      6E653472 
 16970      65616445 
 16971              	.LASF539:
 16972 1d23 54656172 		.ascii	"Teardown\000"
 16972      646F776E 
 16972      00
 16973              	.LASF503:
 16974 1d2c 72656164 		.ascii	"readHermite\000"
 16974      4865726D 
 16974      69746500 
 16975              	.LASF512:
 16976 1d38 66726163 		.ascii	"fraction\000"
 16976      74696F6E 
 16976      00
 16977              	.LASF327:
 16978 1d41 5F6D6273 		.ascii	"_mbsrtowcs_state\000"
 16978      72746F77 
 16978      63735F73 
 16978      74617465 
 16978      00
 16979              	.LASF198:
 16980 1d52 5F5A5374 		.ascii	"_ZSt6llrinte\000"
 16980      366C6C72 
 16980      696E7465 
 16980      00
 16981              	.LASF199:
 16982 1d5f 5F5A5374 		.ascii	"_ZSt6llrintf\000"
 16982      366C6C72 
ARM GAS  /tmp/ccSzEyJr.s 			page 323


 16982      696E7466 
 16982      00
 16983              	.LASF631:
 16984 1d6c 5F5F7374 		.ascii	"__static_initialization_and_destruction_0\000"
 16984      61746963 
 16984      5F696E69 
 16984      7469616C 
 16984      697A6174 
 16985              	.LASF407:
 16986 1d96 756E6974 		.ascii	"unit_header\000"
 16986      5F686561 
 16986      64657200 
 16987              	.LASF8:
 16988 1da2 696E7436 		.ascii	"int64_t\000"
 16988      345F7400 
 16989              	.LASF77:
 16990 1daa 5F5A5374 		.ascii	"_ZSt5ldexpfi\000"
 16990      356C6465 
 16990      78706669 
 16990      00
 16991              	.LASF629:
 16992 1db7 6B4D6178 		.ascii	"kMaxTaps\000"
 16992      54617073 
 16992      00
 16993              	.LASF599:
 16994 1dc0 5F5F696E 		.ascii	"__in_chrg\000"
 16994      5F636872 
 16994      6700
 16995              	.LASF614:
 16996 1dca 5F5A3130 		.ascii	"_Z10initSinLutv\000"
 16996      696E6974 
 16996      53696E4C 
 16996      75747600 
 16997              	.LASF167:
 16998 1dda 5F5A5374 		.ascii	"_ZSt3erff\000"
 16998      33657266 
 16998      6600
 16999              	.LASF183:
 17000 1de4 5F5A5374 		.ascii	"_ZSt4fmaxee\000"
 17000      34666D61 
 17000      78656500 
 17001              	.LASF171:
 17002 1df0 65787032 		.ascii	"exp2\000"
 17002      00
 17003              	.LASF450:
 17004 1df5 61737369 		.ascii	"assign\000"
 17004      676E00
 17005              	.LASF284:
 17006 1dfc 5F666E61 		.ascii	"_fnargs\000"
 17006      72677300 
 17007              	.LASF581:
 17008 1e04 756E6974 		.ascii	"unit_render\000"
 17008      5F72656E 
 17008      64657200 
 17009              	.LASF282:
 17010 1e10 5F5F746D 		.ascii	"__tm_isdst\000"
 17010      5F697364 
ARM GAS  /tmp/ccSzEyJr.s 			page 324


 17010      737400
 17011              	.LASF232:
 17012 1e1b 5F5A5374 		.ascii	"_ZSt6remquoffPi\000"
 17012      3672656D 
 17012      71756F66 
 17012      66506900 
 17013              	.LASF428:
 17014 1e2b 77745F73 		.ascii	"wt_saw_notes\000"
 17014      61775F6E 
 17014      6F746573 
 17014      00
 17015              	.LASF227:
 17016 1e38 72656D61 		.ascii	"remainder\000"
 17016      696E6465 
 17016      7200
 17017              	.LASF589:
 17018 1e42 6B456666 		.ascii	"kEffectNames\000"
 17018      6563744E 
 17018      616D6573 
 17018      00
 17019              	.LASF275:
 17020 1e4f 5F5F746D 		.ascii	"__tm_min\000"
 17020      5F6D696E 
 17020      00
 17021              	.LASF186:
 17022 1e58 5F5A5374 		.ascii	"_ZSt4fminee\000"
 17022      34666D69 
 17022      6E656500 
 17023              	.LASF324:
 17024 1e64 5F676574 		.ascii	"_getdate_err\000"
 17024      64617465 
 17024      5F657272 
 17024      00
 17025              	.LASF468:
 17026 1e71 77636861 		.ascii	"wchar_t\000"
 17026      725F7400 
 17027              	.LASF516:
 17028 1e79 52656172 		.ascii	"RearrangeDelay\000"
 17028      72616E67 
 17028      6544656C 
 17028      617900
 17029              	.LASF184:
 17030 1e88 5F5A5374 		.ascii	"_ZSt4fmaxff\000"
 17030      34666D61 
 17030      78666600 
 17031              	.LASF406:
 17032 1e94 756E6974 		.ascii	"unit_param_t\000"
 17032      5F706172 
 17032      616D5F74 
 17032      00
 17033              	.LASF119:
 17034 1ea1 69736E6F 		.ascii	"isnormal\000"
 17034      726D616C 
 17034      00
 17035              	.LASF152:
 17036 1eaa 5F5A5374 		.ascii	"_ZSt5acoshe\000"
 17036      3561636F 
ARM GAS  /tmp/ccSzEyJr.s 			page 325


 17036      73686500 
 17037              	.LASF153:
 17038 1eb6 5F5A5374 		.ascii	"_ZSt5acoshf\000"
 17038      3561636F 
 17038      73686600 
 17039              		.ident	"GCC: (15:9-2019-q4-0ubuntu1) 9.2.1 20191025 (release) [ARM/arm-9-branch revision 277599]"
ARM GAS  /tmp/ccSzEyJr.s 			page 326


DEFINED SYMBOLS
                            *ABS*:0000000000000000 unit.cc
     /tmp/ccSzEyJr.s:18     .text._ZNK9DelayLine11readHermiteEf:0000000000000000 $t
     /tmp/ccSzEyJr.s:26     .text._ZNK9DelayLine11readHermiteEf:0000000000000000 _ZNK9DelayLine11readHermiteEf
     /tmp/ccSzEyJr.s:192    .text._ZN14RearrangeDelay9setPresetEi:0000000000000000 $t
     /tmp/ccSzEyJr.s:199    .text._ZN14RearrangeDelay9setPresetEi:0000000000000000 _ZN14RearrangeDelay9setPresetEi
     /tmp/ccSzEyJr.s:258    .text._ZN14RearrangeDelay9setPresetEi:0000000000000028 $d
     /tmp/ccSzEyJr.s:263    .text._ZN14RearrangeDelay8setTempoEm:0000000000000000 $t
     /tmp/ccSzEyJr.s:270    .text._ZN14RearrangeDelay8setTempoEm:0000000000000000 _ZN14RearrangeDelay8setTempoEm
     /tmp/ccSzEyJr.s:319    .text._ZN14RearrangeDelay8setTempoEm:0000000000000048 $d
     /tmp/ccSzEyJr.s:326    .text._ZN14RearrangeDelay7processEPKfPfm:0000000000000000 $t
     /tmp/ccSzEyJr.s:333    .text._ZN14RearrangeDelay7processEPKfPfm:0000000000000000 _ZN14RearrangeDelay7processEPKfPfm
     /tmp/ccSzEyJr.s:660    .text._ZN14RearrangeDelay7processEPKfPfm:0000000000000114 $d
     /tmp/ccSzEyJr.s:666    .text._ZN6Effect4InitEPK17unit_runtime_desc:0000000000000000 $t
     /tmp/ccSzEyJr.s:673    .text._ZN6Effect4InitEPK17unit_runtime_desc:0000000000000000 _ZN6Effect4InitEPK17unit_runtime_desc
     /tmp/ccSzEyJr.s:1021   .text._ZN6Effect4InitEPK17unit_runtime_desc:0000000000000100 $d
     /tmp/ccSzEyJr.s:1032   .text:0000000000000000 $t
     /tmp/ccSzEyJr.s:1039   .text:0000000000000000 unit_init
     /tmp/ccSzEyJr.s:1067   .text:0000000000000010 $d
     /tmp/ccSzEyJr.s:1071   .text:0000000000000014 $t
     /tmp/ccSzEyJr.s:1078   .text:0000000000000014 unit_teardown
     /tmp/ccSzEyJr.s:1099   .text:0000000000000016 unit_reset
     /tmp/ccSzEyJr.s:1116   .text:0000000000000018 unit_resume
     /tmp/ccSzEyJr.s:1133   .text:000000000000001a unit_suspend
     /tmp/ccSzEyJr.s:1150   .text:000000000000001c unit_render
     /tmp/ccSzEyJr.s:1235   .text:0000000000000058 $d
     /tmp/ccSzEyJr.s:1239   .text:000000000000005c $t
     /tmp/ccSzEyJr.s:1246   .text:000000000000005c unit_set_param_value
     /tmp/ccSzEyJr.s:1535   .text:0000000000000158 $d
     /tmp/ccSzEyJr.s:1547   .text:000000000000017c $t
     /tmp/ccSzEyJr.s:1554   .text:000000000000017c unit_get_param_value
     /tmp/ccSzEyJr.s:1620   .text:00000000000001ac $d
     /tmp/ccSzEyJr.s:1626   .text:00000000000001b8 $t
     /tmp/ccSzEyJr.s:1633   .text:00000000000001b8 unit_get_param_str_value
     /tmp/ccSzEyJr.s:1688   .text:00000000000001d0 $d
     /tmp/ccSzEyJr.s:1921   .data.rel.local._ZZNK6Effect20getParameterStrValueEhlE5names:0000000000000000 _ZZNK6Effect20getParameterStrValueEhlE5names
     /tmp/ccSzEyJr.s:1693   .text:00000000000001d8 $t
     /tmp/ccSzEyJr.s:1700   .text:00000000000001d8 unit_set_tempo
     /tmp/ccSzEyJr.s:1742   .text:00000000000001e8 $d
     /tmp/ccSzEyJr.s:1746   .text:00000000000001ec $t
     /tmp/ccSzEyJr.s:1753   .text:00000000000001ec unit_tempo_4ppqn_tick
     /tmp/ccSzEyJr.s:1775   .text:00000000000001ee unit_touch_event
     /tmp/ccSzEyJr.s:1794   .text.startup:0000000000000000 $t
     /tmp/ccSzEyJr.s:1800   .text.startup:0000000000000000 _GLOBAL__sub_I_unit.cc
     /tmp/ccSzEyJr.s:1896   .text.startup:0000000000000038 $d
     /tmp/ccSzEyJr.s:1903   .init_array:0000000000000000 $d
     /tmp/ccSzEyJr.s:1918   .data.rel.local._ZZNK6Effect20getParameterStrValueEhlE5names:0000000000000000 $d
     /tmp/ccSzEyJr.s:1928   .rodata:0000000000000000 $d
     /tmp/ccSzEyJr.s:1932   .rodata:0000000000000000 _ZL12kPatternTaps
     /tmp/ccSzEyJr.s:2025   .bss:0000000000000000 $d
     /tmp/ccSzEyJr.s:2029   .bss:0000000000000000 _ZL17s_effect_instance

UNDEFINED SYMBOLS
_Z10initSinLutv
_Z11initHannLutv
memset
_GLOBAL_OFFSET_TABLE_
ARM GAS  /tmp/ccSzEyJr.s 			page 327


unit_header
