ARM GAS  /tmp/ccHvmxP5.s 			page 1


   1              		.cpu cortex-m7
   2              		.eabi_attribute 27, 1
   3              		.eabi_attribute 28, 1
   4              		.eabi_attribute 20, 1
   5              		.eabi_attribute 21, 1
   6              		.eabi_attribute 23, 3
   7              		.eabi_attribute 24, 1
   8              		.eabi_attribute 25, 1
   9              		.eabi_attribute 26, 1
  10              		.eabi_attribute 30, 4
  11              		.eabi_attribute 34, 1
  12              		.eabi_attribute 18, 4
  13              		.file	"unit.cc"
  14              		.text
  15              	.Ltext0:
  16              		.cfi_sections	.debug_frame
  17              		.section	.text._ZNK9DelayLine11readHermiteEf,"axG",%progbits,_ZNK9DelayLine11readHermiteEf,comdat
  18              		.align	1
  19              		.weak	_ZNK9DelayLine11readHermiteEf
  20              		.arch armv7e-m
  21              		.syntax unified
  22              		.thumb
  23              		.thumb_func
  24              		.fpu fpv4-sp-d16
  25              		.type	_ZNK9DelayLine11readHermiteEf, %function
  26              	_ZNK9DelayLine11readHermiteEf:
  27              	.LVL0:
  28              	.LFB488:
  29              		.file 1 "src/delay_line.h"
  30              		.loc 1 42 9 view -0
  31              		.cfi_startproc
  32              		@ args = 0, pretend = 0, frame = 0
  33              		@ frame_needed = 0, uses_anonymous_args = 0
  34              		.loc 1 43 5 view .LVU1
  35              		.loc 1 43 17 is_stmt 0 view .LVU2
  36 0000 D0ED027A 		vldr.32	s15, [r0, #8]	@ int
  37 0004 4368     		ldr	r3, [r0, #4]
  38 0006 F8EE677A 		vcvt.f32.u32	s15, s15
  39              		.loc 1 42 9 view .LVU3
  40 000a 10B5     		push	{r4, lr}
  41              		.cfi_def_cfa_offset 8
  42              		.cfi_offset 4, -8
  43              		.cfi_offset 14, -4
  44              		.loc 1 43 31 view .LVU4
  45 000c 37EEC00A 		vsub.f32	s0, s15, s0
  46              	.LVL1:
  47              		.loc 1 43 11 view .LVU5
  48 0010 F7EE007A 		vmov.f32	s15, #1.0e+0
  49 0014 30EE670A 		vsub.f32	s0, s0, s15
  50              	.LVL2:
  51              		.loc 1 43 11 view .LVU6
  52 0018 07EE903A 		vmov	s15, r3	@ int
  53 001c F8EE677A 		vcvt.f32.u32	s15, s15
  54              	.L4:
  55              		.loc 1 44 5 is_stmt 1 discriminator 2 view .LVU7
  56              		.loc 1 44 16 discriminator 2 view .LVU8
  57 0020 B5EEC00A 		vcmpe.f32	s0, #0
ARM GAS  /tmp/ccHvmxP5.s 			page 2


  58 0024 F1EE10FA 		vmrs	APSR_nzcv, FPSCR
  59 0028 02D5     		bpl	.L2
  60              		.loc 1 44 32 discriminator 1 view .LVU9
  61              		.loc 1 44 36 is_stmt 0 discriminator 1 view .LVU10
  62 002a 30EE270A 		vadd.f32	s0, s0, s15
  63              	.LVL3:
  64              		.loc 1 44 5 discriminator 1 view .LVU11
  65 002e F7E7     		b	.L4
  66              	.L2:
  67              		.loc 1 45 5 is_stmt 1 discriminator 2 view .LVU12
  68              		.loc 1 45 16 discriminator 2 view .LVU13
  69 0030 B4EEE70A 		vcmpe.f32	s0, s15
  70 0034 F1EE10FA 		vmrs	APSR_nzcv, FPSCR
  71 0038 02DB     		blt	.L9
  72              		.loc 1 45 33 discriminator 1 view .LVU14
  73              		.loc 1 45 37 is_stmt 0 discriminator 1 view .LVU15
  74 003a 30EE670A 		vsub.f32	s0, s0, s15
  75              	.LVL4:
  76              		.loc 1 45 5 discriminator 1 view .LVU16
  77 003e F7E7     		b	.L2
  78              	.L9:
  79              		.loc 1 47 5 is_stmt 1 view .LVU17
  80              		.loc 1 47 11 is_stmt 0 view .LVU18
  81 0040 FDEEC07A 		vcvt.s32.f32	s15, s0
  82              		.loc 1 53 16 view .LVU19
  83 0044 0168     		ldr	r1, [r0]
  84              		.loc 1 49 26 view .LVU20
  85 0046 581E     		subs	r0, r3, #1
  86              	.LVL5:
  87              		.loc 1 56 19 view .LVU21
  88 0048 B0EE047A 		vmov.f32	s14, #2.5e+0
  89              		.loc 1 47 11 view .LVU22
  90 004c 17EE902A 		vmov	r2, s15	@ int
  91              	.LVL6:
  92              		.loc 1 48 5 is_stmt 1 view .LVU23
  93              		.loc 1 48 24 is_stmt 0 view .LVU24
  94 0050 F8EEE77A 		vcvt.f32.s32	s15, s15
  95              		.loc 1 49 26 view .LVU25
  96 0054 8418     		adds	r4, r0, r2
  97              		.loc 1 48 11 view .LVU26
  98 0056 70EE677A 		vsub.f32	s15, s0, s15
  99              	.LVL7:
 100              		.loc 1 49 5 is_stmt 1 view .LVU27
 101              		.loc 1 50 5 view .LVU28
 102              		.loc 1 51 5 view .LVU29
 103              		.loc 1 53 5 view .LVU30
 104              		.loc 1 49 11 is_stmt 0 view .LVU31
 105 005a 94FBF3F0 		sdiv	r0, r4, r3
 106 005e 03FB1040 		mls	r0, r3, r0, r4
 107              		.loc 1 50 22 view .LVU32
 108 0062 541C     		adds	r4, r2, #1
 109              		.loc 1 53 11 view .LVU33
 110 0064 01EB8000 		add	r0, r1, r0, lsl #2
 111 0068 90ED005A 		vldr.32	s10, [r0]
 112              	.LVL8:
 113              		.loc 1 53 26 view .LVU34
 114 006c 01EB8200 		add	r0, r1, r2, lsl #2
ARM GAS  /tmp/ccHvmxP5.s 			page 3


 115              		.loc 1 51 22 view .LVU35
 116 0070 0232     		adds	r2, r2, #2
 117              	.LVL9:
 118              		.loc 1 53 26 view .LVU36
 119 0072 90ED000A 		vldr.32	s0, [r0]
 120              	.LVL10:
 121              		.loc 1 56 19 view .LVU37
 122 0076 F0EE455A 		vmov.f32	s11, s10
 123              		.loc 1 50 11 view .LVU38
 124 007a 94FBF3F0 		sdiv	r0, r4, r3
 125              		.loc 1 56 19 view .LVU39
 126 007e E0EE475A 		vfms.f32	s11, s0, s14
 127              		.loc 1 50 11 view .LVU40
 128 0082 03FB1040 		mls	r0, r3, r0, r4
 129              		.loc 1 53 41 view .LVU41
 130 0086 01EB8000 		add	r0, r1, r0, lsl #2
 131 008a D0ED006A 		vldr.32	s13, [r0]
 132              	.LVL11:
 133              		.loc 1 51 11 view .LVU42
 134 008e 92FBF3F0 		sdiv	r0, r2, r3
 135              		.loc 1 56 19 view .LVU43
 136 0092 B0EE657A 		vmov.f32	s14, s11
 137              		.loc 1 51 11 view .LVU44
 138 0096 03FB1022 		mls	r2, r3, r0, r2
 139              	.LVL12:
 140              		.loc 1 56 31 view .LVU45
 141 009a F0EE005A 		vmov.f32	s11, #2.0e+0
 142              		.loc 1 53 56 view .LVU46
 143 009e 01EB8201 		add	r1, r1, r2, lsl #2
 144              		.loc 1 55 27 view .LVU47
 145 00a2 76EEC54A 		vsub.f32	s9, s13, s10
 146              		.loc 1 56 31 view .LVU48
 147 00a6 A6EEA57A 		vfma.f32	s14, s13, s11
 148              		.loc 1 53 56 view .LVU49
 149 00aa 91ED006A 		vldr.32	s12, [r1]
 150              	.LVL13:
 151              		.loc 1 54 5 is_stmt 1 view .LVU50
 152              		.loc 1 55 5 view .LVU51
 153              		.loc 1 56 5 view .LVU52
 154              		.loc 1 56 11 is_stmt 0 view .LVU53
 155 00ae F6EE005A 		vmov.f32	s11, #5.0e-1
 156              		.loc 1 57 46 view .LVU54
 157 00b2 70EE666A 		vsub.f32	s13, s0, s13
 158              	.LVL14:
 159              		.loc 1 56 11 view .LVU55
 160 00b6 A6EE657A 		vfms.f32	s14, s12, s11
 161              	.LVL15:
 162              		.loc 1 57 5 is_stmt 1 view .LVU56
 163              		.loc 1 57 27 is_stmt 0 view .LVU57
 164 00ba 36EE456A 		vsub.f32	s12, s12, s10
 165              	.LVL16:
 166              		.loc 1 57 40 view .LVU58
 167 00be B7EE085A 		vmov.f32	s10, #1.5e+0
 168              	.LVL17:
 169              		.loc 1 57 40 view .LVU59
 170 00c2 66EE856A 		vmul.f32	s13, s13, s10
 171              		.loc 1 57 11 view .LVU60
ARM GAS  /tmp/ccHvmxP5.s 			page 4


 172 00c6 E6EE256A 		vfma.f32	s13, s12, s11
 173              	.LVL18:
 174              		.loc 1 58 5 is_stmt 1 view .LVU61
 175              		.loc 1 58 24 is_stmt 0 view .LVU62
 176 00ca A7EEA67A 		vfma.f32	s14, s15, s13
 177              	.LVL19:
 178              		.loc 1 58 30 view .LVU63
 179 00ce 27EE277A 		vmul.f32	s14, s14, s15
 180              		.loc 1 58 37 view .LVU64
 181 00d2 A4EEA57A 		vfma.f32	s14, s9, s11
 182              		.loc 1 59 3 view .LVU65
 183 00d6 A7EE270A 		vfma.f32	s0, s14, s15
 184              	.LVL20:
 185              		.loc 1 59 3 view .LVU66
 186 00da 10BD     		pop	{r4, pc}
 187              		.loc 1 59 3 view .LVU67
 188              		.cfi_endproc
 189              	.LFE488:
 190              		.size	_ZNK9DelayLine11readHermiteEf, .-_ZNK9DelayLine11readHermiteEf
 191              		.section	.text._ZN6Biquad5resetEv,"axG",%progbits,_ZN6Biquad5resetEv,comdat
 192              		.align	1
 193              		.weak	_ZN6Biquad5resetEv
 194              		.syntax unified
 195              		.thumb
 196              		.thumb_func
 197              		.fpu fpv4-sp-d16
 198              		.type	_ZN6Biquad5resetEv, %function
 199              	_ZN6Biquad5resetEv:
 200              	.LVL21:
 201              	.LFB494:
 202              		.file 2 "src/biquad.h"
 203              		.loc 2 13 8 is_stmt 1 view -0
 204              		.cfi_startproc
 205              		@ args = 0, pretend = 0, frame = 0
 206              		@ frame_needed = 0, uses_anonymous_args = 0
 207              		@ link register save eliminated.
 208              		.loc 2 14 5 view .LVU69
 209              		.loc 2 14 15 is_stmt 0 view .LVU70
 210 0000 0023     		movs	r3, #0
 211              		.loc 2 15 9 view .LVU71
 212 0002 4FF07E52 		mov	r2, #1065353216
 213              		.loc 2 14 15 view .LVU72
 214 0006 8361     		str	r3, [r0, #24]	@ float
 215              		.loc 2 14 9 view .LVU73
 216 0008 4361     		str	r3, [r0, #20]	@ float
 217              		.loc 2 15 5 is_stmt 1 view .LVU74
 218              		.loc 2 15 9 is_stmt 0 view .LVU75
 219 000a 0260     		str	r2, [r0]	@ float
 220              		.loc 2 15 16 is_stmt 1 view .LVU76
 221              		.loc 2 15 38 is_stmt 0 view .LVU77
 222 000c 0361     		str	r3, [r0, #16]	@ float
 223              		.loc 2 15 32 view .LVU78
 224 000e C360     		str	r3, [r0, #12]	@ float
 225              		.loc 2 15 26 view .LVU79
 226 0010 8360     		str	r3, [r0, #8]	@ float
 227              		.loc 2 15 20 view .LVU80
 228 0012 4360     		str	r3, [r0, #4]	@ float
ARM GAS  /tmp/ccHvmxP5.s 			page 5


 229              		.loc 2 16 3 view .LVU81
 230 0014 7047     		bx	lr
 231              		.cfi_endproc
 232              	.LFE494:
 233              		.size	_ZN6Biquad5resetEv, .-_ZN6Biquad5resetEv
 234              		.section	.text._ZN6Biquad6setLPFEfff,"axG",%progbits,_ZN6Biquad6setLPFEfff,comdat
 235              		.align	1
 236              		.weak	_ZN6Biquad6setLPFEfff
 237              		.syntax unified
 238              		.thumb
 239              		.thumb_func
 240              		.fpu fpv4-sp-d16
 241              		.type	_ZN6Biquad6setLPFEfff, %function
 242              	_ZN6Biquad6setLPFEfff:
 243              	.LVL22:
 244              	.LFB495:
 245              		.loc 2 19 8 is_stmt 1 view -0
 246              		.cfi_startproc
 247              		@ args = 0, pretend = 0, frame = 0
 248              		@ frame_needed = 0, uses_anonymous_args = 0
 249              		.loc 2 20 5 view .LVU83
 250              		.loc 2 20 24 is_stmt 0 view .LVU84
 251 0000 DFED207A 		vldr.32	s15, .L12
 252 0004 20EE270A 		vmul.f32	s0, s0, s15
 253              	.LVL23:
 254              		.loc 2 19 8 view .LVU85
 255 0008 10B5     		push	{r4, lr}
 256              		.cfi_def_cfa_offset 8
 257              		.cfi_offset 4, -8
 258              		.cfi_offset 14, -4
 259 000a 2DED048B 		vpush.64	{d8, d9}
 260              		.cfi_def_cfa_offset 24
 261              		.cfi_offset 80, -24
 262              		.cfi_offset 81, -20
 263              		.cfi_offset 82, -16
 264              		.cfi_offset 83, -12
 265              		.loc 2 20 11 view .LVU86
 266 000e 80EE019A 		vdiv.f32	s18, s0, s2
 267              	.LVL24:
 268              		.loc 2 21 5 is_stmt 1 view .LVU87
 269              		.loc 2 19 8 is_stmt 0 view .LVU88
 270 0012 0446     		mov	r4, r0
 271 0014 F0EE608A 		vmov.f32	s17, s1
 272              		.loc 2 23 31 view .LVU89
 273 0018 78EEA88A 		vadd.f32	s17, s17, s17
 274              		.loc 2 21 22 view .LVU90
 275 001c B0EE490A 		vmov.f32	s0, s18
 276 0020 FFF7FEFF 		bl	cosf(PLT)
 277              	.LVL25:
 278              		.loc 2 21 22 view .LVU91
 279 0024 B0EE408A 		vmov.f32	s16, s0
 280              	.LVL26:
 281              		.loc 2 22 5 is_stmt 1 view .LVU92
 282              		.loc 2 22 22 is_stmt 0 view .LVU93
 283 0028 B0EE490A 		vmov.f32	s0, s18
 284              	.LVL27:
 285              		.loc 2 22 22 view .LVU94
ARM GAS  /tmp/ccHvmxP5.s 			page 6


 286 002c FFF7FEFF 		bl	sinf(PLT)
 287              	.LVL28:
 288              		.loc 2 23 5 is_stmt 1 view .LVU95
 289              		.loc 2 23 11 is_stmt 0 view .LVU96
 290 0030 C0EE285A 		vdiv.f32	s11, s0, s17
 291              	.LVL29:
 292              		.loc 2 24 5 is_stmt 1 view .LVU97
 293              		.loc 2 24 30 is_stmt 0 view .LVU98
 294 0034 F7EE007A 		vmov.f32	s15, #1.0e+0
 295              		.loc 2 28 16 view .LVU99
 296 0038 B8EE000A 		vmov.f32	s0, #-2.0e+0
 297              	.LVL30:
 298              		.loc 2 25 16 view .LVU100
 299 003c 37EEC86A 		vsub.f32	s12, s15, s16
 300              		.loc 2 28 16 view .LVU101
 301 0040 28EE008A 		vmul.f32	s16, s16, s0
 302              	.LVL31:
 303              		.loc 2 24 30 view .LVU102
 304 0044 35EEA77A 		vadd.f32	s14, s11, s15
 305              		.loc 2 24 11 view .LVU103
 306 0048 C7EE876A 		vdiv.f32	s13, s15, s14
 307              	.LVL32:
 308              		.loc 2 25 5 is_stmt 1 view .LVU104
 309              		.loc 2 25 24 is_stmt 0 view .LVU105
 310 004c B6EE007A 		vmov.f32	s14, #5.0e-1
 311              		.loc 2 29 16 view .LVU106
 312 0050 77EEE57A 		vsub.f32	s15, s15, s11
 313              		.loc 2 25 24 view .LVU107
 314 0054 26EE077A 		vmul.f32	s14, s12, s14
 315              		.loc 2 28 23 view .LVU108
 316 0058 28EE268A 		vmul.f32	s16, s16, s13
 317              		.loc 2 25 31 view .LVU109
 318 005c 27EE267A 		vmul.f32	s14, s14, s13
 319              		.loc 2 26 24 view .LVU110
 320 0060 26EE266A 		vmul.f32	s12, s12, s13
 321              		.loc 2 29 25 view .LVU111
 322 0064 67EEA67A 		vmul.f32	s15, s15, s13
 323              		.loc 2 28 9 view .LVU112
 324 0068 84ED038A 		vstr.32	s16, [r4, #12]
 325              		.loc 2 25 9 view .LVU113
 326 006c 84ED007A 		vstr.32	s14, [r4]
 327              		.loc 2 26 5 is_stmt 1 view .LVU114
 328              		.loc 2 26 9 is_stmt 0 view .LVU115
 329 0070 84ED016A 		vstr.32	s12, [r4, #4]
 330              		.loc 2 27 5 is_stmt 1 view .LVU116
 331              		.loc 2 27 9 is_stmt 0 view .LVU117
 332 0074 84ED027A 		vstr.32	s14, [r4, #8]
 333              		.loc 2 28 5 is_stmt 1 view .LVU118
 334              		.loc 2 29 5 view .LVU119
 335              		.loc 2 29 9 is_stmt 0 view .LVU120
 336 0078 C4ED047A 		vstr.32	s15, [r4, #16]
 337              		.loc 2 30 3 view .LVU121
 338 007c BDEC048B 		vldm	sp!, {d8-d9}
 339              		.cfi_restore 82
 340              		.cfi_restore 83
 341              		.cfi_restore 80
 342              		.cfi_restore 81
ARM GAS  /tmp/ccHvmxP5.s 			page 7


 343              		.cfi_def_cfa_offset 8
 344              	.LVL33:
 345              		.loc 2 30 3 view .LVU122
 346 0080 10BD     		pop	{r4, pc}
 347              	.LVL34:
 348              	.L13:
 349              		.loc 2 30 3 view .LVU123
 350 0082 00BF     		.align	2
 351              	.L12:
 352 0084 DB0FC940 		.word	1086918619
 353              		.cfi_endproc
 354              	.LFE495:
 355              		.size	_ZN6Biquad6setLPFEfff, .-_ZN6Biquad6setLPFEfff
 356              		.section	.text._ZN6Biquad6setBPFEfff,"axG",%progbits,_ZN6Biquad6setBPFEfff,comdat
 357              		.align	1
 358              		.weak	_ZN6Biquad6setBPFEfff
 359              		.syntax unified
 360              		.thumb
 361              		.thumb_func
 362              		.fpu fpv4-sp-d16
 363              		.type	_ZN6Biquad6setBPFEfff, %function
 364              	_ZN6Biquad6setBPFEfff:
 365              	.LVL35:
 366              	.LFB496:
 367              		.loc 2 33 8 is_stmt 1 view -0
 368              		.cfi_startproc
 369              		@ args = 0, pretend = 0, frame = 0
 370              		@ frame_needed = 0, uses_anonymous_args = 0
 371              		.loc 2 34 5 view .LVU125
 372              		.loc 2 34 26 is_stmt 0 view .LVU126
 373 0000 DFED1F7A 		vldr.32	s15, .L15
 374 0004 20EE270A 		vmul.f32	s0, s0, s15
 375              	.LVL36:
 376              		.loc 2 33 8 view .LVU127
 377 0008 10B5     		push	{r4, lr}
 378              		.cfi_def_cfa_offset 8
 379              		.cfi_offset 4, -8
 380              		.cfi_offset 14, -4
 381 000a 2DED048B 		vpush.64	{d8, d9}
 382              		.cfi_def_cfa_offset 24
 383              		.cfi_offset 80, -24
 384              		.cfi_offset 81, -20
 385              		.cfi_offset 82, -16
 386              		.cfi_offset 83, -12
 387              		.loc 2 34 11 view .LVU128
 388 000e 80EE019A 		vdiv.f32	s18, s0, s2
 389              	.LVL37:
 390              		.loc 2 35 5 is_stmt 1 view .LVU129
 391              		.loc 2 33 8 is_stmt 0 view .LVU130
 392 0012 0446     		mov	r4, r0
 393 0014 F0EE608A 		vmov.f32	s17, s1
 394              		.loc 2 37 31 view .LVU131
 395 0018 78EEA88A 		vadd.f32	s17, s17, s17
 396              		.loc 2 35 23 view .LVU132
 397 001c B0EE490A 		vmov.f32	s0, s18
 398 0020 FFF7FEFF 		bl	sinf(PLT)
 399              	.LVL38:
ARM GAS  /tmp/ccHvmxP5.s 			page 8


 400              		.loc 2 35 23 view .LVU133
 401 0024 B0EE408A 		vmov.f32	s16, s0
 402              	.LVL39:
 403              		.loc 2 36 5 is_stmt 1 view .LVU134
 404              		.loc 2 36 23 is_stmt 0 view .LVU135
 405 0028 B0EE490A 		vmov.f32	s0, s18
 406              	.LVL40:
 407              		.loc 2 36 23 view .LVU136
 408 002c FFF7FEFF 		bl	cosf(PLT)
 409              	.LVL41:
 410              		.loc 2 37 5 is_stmt 1 view .LVU137
 411              		.loc 2 38 30 is_stmt 0 view .LVU138
 412 0030 F7EE007A 		vmov.f32	s15, #1.0e+0
 413              		.loc 2 37 11 view .LVU139
 414 0034 C8EE286A 		vdiv.f32	s13, s16, s17
 415              	.LVL42:
 416              		.loc 2 38 5 is_stmt 1 view .LVU140
 417              		.loc 2 40 9 is_stmt 0 view .LVU141
 418 0038 0023     		movs	r3, #0
 419 003a 6360     		str	r3, [r4, #4]	@ float
 420              		.loc 2 38 30 view .LVU142
 421 003c 36EEA76A 		vadd.f32	s12, s13, s15
 422              		.loc 2 38 11 view .LVU143
 423 0040 87EE867A 		vdiv.f32	s14, s15, s12
 424              	.LVL43:
 425              		.loc 2 39 5 is_stmt 1 view .LVU144
 426              		.loc 2 39 18 is_stmt 0 view .LVU145
 427 0044 B6EE006A 		vmov.f32	s12, #5.0e-1
 428              		.loc 2 43 16 view .LVU146
 429 0048 77EEE67A 		vsub.f32	s15, s15, s13
 430              		.loc 2 39 18 view .LVU147
 431 004c 28EE068A 		vmul.f32	s16, s16, s12
 432              	.LVL44:
 433              		.loc 2 42 16 view .LVU148
 434 0050 B8EE006A 		vmov.f32	s12, #-2.0e+0
 435 0054 20EE060A 		vmul.f32	s0, s0, s12
 436              	.LVL45:
 437              		.loc 2 39 26 view .LVU149
 438 0058 28EE078A 		vmul.f32	s16, s16, s14
 439              		.loc 2 42 23 view .LVU150
 440 005c 20EE070A 		vmul.f32	s0, s0, s14
 441              		.loc 2 43 25 view .LVU151
 442 0060 67EE877A 		vmul.f32	s15, s15, s14
 443              		.loc 2 39 9 view .LVU152
 444 0064 84ED008A 		vstr.32	s16, [r4]
 445              		.loc 2 40 5 is_stmt 1 view .LVU153
 446              		.loc 2 41 5 view .LVU154
 447              		.loc 2 41 11 is_stmt 0 view .LVU155
 448 0068 B1EE488A 		vneg.f32	s16, s16
 449              		.loc 2 42 9 view .LVU156
 450 006c 84ED030A 		vstr.32	s0, [r4, #12]
 451              		.loc 2 43 9 view .LVU157
 452 0070 C4ED047A 		vstr.32	s15, [r4, #16]
 453              		.loc 2 41 9 view .LVU158
 454 0074 84ED028A 		vstr.32	s16, [r4, #8]
 455              		.loc 2 42 5 is_stmt 1 view .LVU159
 456              		.loc 2 43 5 view .LVU160
ARM GAS  /tmp/ccHvmxP5.s 			page 9


 457              		.loc 2 44 3 is_stmt 0 view .LVU161
 458 0078 BDEC048B 		vldm	sp!, {d8-d9}
 459              		.cfi_restore 82
 460              		.cfi_restore 83
 461              		.cfi_restore 80
 462              		.cfi_restore 81
 463              		.cfi_def_cfa_offset 8
 464              	.LVL46:
 465              		.loc 2 44 3 view .LVU162
 466 007c 10BD     		pop	{r4, pc}
 467              	.LVL47:
 468              	.L16:
 469              		.loc 2 44 3 view .LVU163
 470 007e 00BF     		.align	2
 471              	.L15:
 472 0080 DB0FC940 		.word	1086918619
 473              		.cfi_endproc
 474              	.LFE496:
 475              		.size	_ZN6Biquad6setBPFEfff, .-_ZN6Biquad6setBPFEfff
 476              		.section	.text._ZN6Biquad7processEf,"axG",%progbits,_ZN6Biquad7processEf,comdat
 477              		.align	1
 478              		.weak	_ZN6Biquad7processEf
 479              		.syntax unified
 480              		.thumb
 481              		.thumb_func
 482              		.fpu fpv4-sp-d16
 483              		.type	_ZN6Biquad7processEf, %function
 484              	_ZN6Biquad7processEf:
 485              	.LVL48:
 486              	.LFB497:
 487              		.loc 2 46 16 is_stmt 1 view -0
 488              		.cfi_startproc
 489              		@ args = 0, pretend = 0, frame = 0
 490              		@ frame_needed = 0, uses_anonymous_args = 0
 491              		@ link register save eliminated.
 492              		.loc 2 47 5 view .LVU165
 493              		.loc 2 47 11 is_stmt 0 view .LVU166
 494 0000 D0ED006A 		vldr.32	s13, [r0]
 495              		.loc 2 46 16 view .LVU167
 496 0004 B0EE407A 		vmov.f32	s14, s0
 497              		.loc 2 47 11 view .LVU168
 498 0008 D0ED057A 		vldr.32	s15, [r0, #20]
 499 000c E6EE807A 		vfma.f32	s15, s13, s0
 500              		.loc 2 48 19 view .LVU169
 501 0010 D0ED016A 		vldr.32	s13, [r0, #4]
 502              		.loc 2 47 11 view .LVU170
 503 0014 B0EE670A 		vmov.f32	s0, s15
 504              	.LVL49:
 505              		.loc 2 48 5 is_stmt 1 view .LVU171
 506              		.loc 2 48 25 is_stmt 0 view .LVU172
 507 0018 D0ED037A 		vldr.32	s15, [r0, #12]
 508              		.loc 2 48 19 view .LVU173
 509 001c 67EEC07A 		vnmul.f32	s15, s15, s0
 510 0020 E6EE877A 		vfma.f32	s15, s13, s14
 511              		.loc 2 48 29 view .LVU174
 512 0024 D0ED066A 		vldr.32	s13, [r0, #24]
 513 0028 76EEA77A 		vadd.f32	s15, s13, s15
ARM GAS  /tmp/ccHvmxP5.s 			page 10


 514              		.loc 2 49 19 view .LVU175
 515 002c D0ED026A 		vldr.32	s13, [r0, #8]
 516              		.loc 2 48 9 view .LVU176
 517 0030 C0ED057A 		vstr.32	s15, [r0, #20]
 518              		.loc 2 49 5 is_stmt 1 view .LVU177
 519              		.loc 2 49 25 is_stmt 0 view .LVU178
 520 0034 D0ED047A 		vldr.32	s15, [r0, #16]
 521              		.loc 2 49 19 view .LVU179
 522 0038 67EEC07A 		vnmul.f32	s15, s15, s0
 523 003c E6EE877A 		vfma.f32	s15, s13, s14
 524              		.loc 2 49 9 view .LVU180
 525 0040 C0ED067A 		vstr.32	s15, [r0, #24]
 526              		.loc 2 50 5 is_stmt 1 view .LVU181
 527              		.loc 2 51 3 is_stmt 0 view .LVU182
 528 0044 7047     		bx	lr
 529              		.cfi_endproc
 530              	.LFE497:
 531              		.size	_ZN6Biquad7processEf, .-_ZN6Biquad7processEf
 532              		.section	.text._ZN15UnderpassEngine9setPresetEi,"axG",%progbits,_ZN15UnderpassEngine9setPresetEi,c
 533              		.align	1
 534              		.weak	_ZN15UnderpassEngine9setPresetEi
 535              		.syntax unified
 536              		.thumb
 537              		.thumb_func
 538              		.fpu fpv4-sp-d16
 539              		.type	_ZN15UnderpassEngine9setPresetEi, %function
 540              	_ZN15UnderpassEngine9setPresetEi:
 541              	.LVL50:
 542              	.LFB502:
 543              		.file 3 "src/underpass.h"
 544              		.loc 3 51 8 is_stmt 1 view -0
 545              		.cfi_startproc
 546              		@ args = 0, pretend = 0, frame = 0
 547              		@ frame_needed = 0, uses_anonymous_args = 0
 548              		.loc 3 52 5 view .LVU184
 549              		.loc 3 53 27 is_stmt 0 view .LVU185
 550 0000 F5EE007A 		vmov.f32	s15, #2.5e-1
 551              		.loc 3 53 23 view .LVU186
 552 0004 90ED001A 		vldr.32	s2, [r0]
 553              		.loc 3 61 32 view .LVU187
 554 0008 B6EE007A 		vmov.f32	s14, #5.0e-1
 555              		.loc 3 56 21 view .LVU188
 556 000c 0023     		movs	r3, #0
 557              		.loc 3 53 27 view .LVU189
 558 000e 61EE277A 		vmul.f32	s15, s2, s15
 559              		.loc 3 51 8 view .LVU190
 560 0012 10B5     		push	{r4, lr}
 561              		.cfi_def_cfa_offset 8
 562              		.cfi_offset 4, -8
 563              		.cfi_offset 14, -4
 564              		.loc 3 53 21 view .LVU191
 565 0014 C0ED047A 		vstr.32	s15, [r0, #16]
 566              		.loc 3 51 8 view .LVU192
 567 0018 0446     		mov	r4, r0
 568              		.loc 3 54 21 view .LVU193
 569 001a C0ED057A 		vstr.32	s15, [r0, #20]
 570              		.loc 3 55 21 view .LVU194
ARM GAS  /tmp/ccHvmxP5.s 			page 11


 571 001e C0ED067A 		vstr.32	s15, [r0, #24]
 572              		.loc 3 61 32 view .LVU195
 573 0022 67EE877A 		vmul.f32	s15, s15, s14
 574              		.loc 3 52 13 view .LVU196
 575 0026 0163     		str	r1, [r0, #48]
 576              		.loc 3 53 5 is_stmt 1 view .LVU197
 577              		.loc 3 54 5 view .LVU198
 578              		.loc 3 55 5 view .LVU199
 579              		.loc 3 56 5 view .LVU200
 580              		.loc 3 56 21 is_stmt 0 view .LVU201
 581 0028 4360     		str	r3, [r0, #4]	@ float
 582              		.loc 3 60 5 is_stmt 1 view .LVU202
 583              		.loc 3 60 17 is_stmt 0 view .LVU203
 584 002a C361     		str	r3, [r0, #28]	@ float
 585              		.loc 3 61 5 is_stmt 1 view .LVU204
 586              		.loc 3 61 17 is_stmt 0 view .LVU205
 587 002c C0ED087A 		vstr.32	s15, [r0, #32]
 588              		.loc 3 63 5 is_stmt 1 view .LVU206
 589 0030 0329     		cmp	r1, #3
 590 0032 10D8     		bhi	.L18
 591 0034 DFE801F0 		tbb	[pc, r1]
 592              	.L21:
 593 0038 02       		.byte	(.L20-.L21)/2
 594 0039 10       		.byte	(.L23-.L21)/2
 595 003a 26       		.byte	(.L22-.L21)/2
 596 003b 02       		.byte	(.L20-.L21)/2
 597              		.p2align 1
 598              	.L20:
 599              		.loc 3 64 7 view .LVU207
 600              		.loc 3 65 9 view .LVU208
 601              		.loc 3 65 39 is_stmt 0 view .LVU209
 602 003c 4FF07E53 		mov	r3, #1065353216
 603              		.loc 3 66 23 view .LVU210
 604 0040 3830     		adds	r0, r0, #56
 605              	.LVL51:
 606              		.loc 3 65 39 view .LVU211
 607 0042 40F8103C 		str	r3, [r0, #-16]	@ float
 608              		.loc 3 65 23 view .LVU212
 609 0046 40F8143C 		str	r3, [r0, #-20]	@ float
 610              		.loc 3 66 9 is_stmt 1 view .LVU213
 611              		.loc 3 66 23 is_stmt 0 view .LVU214
 612 004a FFF7FEFF 		bl	_ZN6Biquad5resetEv(PLT)
 613              	.LVL52:
 614              		.loc 3 66 27 is_stmt 1 view .LVU215
 615              		.loc 3 66 41 is_stmt 0 view .LVU216
 616 004e 04F15400 		add	r0, r4, #84
 617 0052 FFF7FEFF 		bl	_ZN6Biquad5resetEv(PLT)
 618              	.LVL53:
 619              		.loc 3 67 9 is_stmt 1 view .LVU217
 620              	.L18:
 621              		.loc 3 83 3 is_stmt 0 view .LVU218
 622 0056 10BD     		pop	{r4, pc}
 623              	.LVL54:
 624              	.L23:
 625              		.loc 3 68 7 is_stmt 1 view .LVU219
 626              		.loc 3 69 9 view .LVU220
 627              		.loc 3 69 39 is_stmt 0 view .LVU221
ARM GAS  /tmp/ccHvmxP5.s 			page 12


 628 0058 80ED0A7A 		vstr.32	s14, [r0, #40]
 629              		.loc 3 70 24 view .LVU222
 630 005c F0EE080A 		vmov.f32	s1, #3.0e+0
 631              		.loc 3 69 23 view .LVU223
 632 0060 80ED097A 		vstr.32	s14, [r0, #36]
 633              		.loc 3 70 9 is_stmt 1 view .LVU224
 634              		.loc 3 70 24 is_stmt 0 view .LVU225
 635 0064 3830     		adds	r0, r0, #56
 636              	.LVL55:
 637              		.loc 3 70 24 view .LVU226
 638 0066 9FED130A 		vldr.32	s0, .L24
 639 006a FFF7FEFF 		bl	_ZN6Biquad6setLPFEfff(PLT)
 640              	.LVL56:
 641              		.loc 3 71 9 is_stmt 1 view .LVU227
 642              		.loc 3 71 24 is_stmt 0 view .LVU228
 643 006e 2046     		mov	r0, r4
 644 0070 F0EE080A 		vmov.f32	s1, #3.0e+0
 645 0074 94ED001A 		vldr.32	s2, [r4]
 646 0078 5430     		adds	r0, r0, #84
 647 007a 9FED0E0A 		vldr.32	s0, .L24
 648 007e FFF7FEFF 		bl	_ZN6Biquad6setLPFEfff(PLT)
 649              	.LVL57:
 650              		.loc 3 72 9 is_stmt 1 view .LVU229
 651 0082 E8E7     		b	.L18
 652              	.LVL58:
 653              	.L22:
 654              		.loc 3 73 7 view .LVU230
 655              		.loc 3 74 9 view .LVU231
 656              		.loc 3 74 39 is_stmt 0 view .LVU232
 657 0084 4FF07E53 		mov	r3, #1065353216
 658              		.loc 3 75 24 view .LVU233
 659 0088 F1EE000A 		vmov.f32	s1, #4.0e+0
 660 008c 9FED0A0A 		vldr.32	s0, .L24+4
 661 0090 3830     		adds	r0, r0, #56
 662              	.LVL59:
 663              		.loc 3 74 39 view .LVU234
 664 0092 40F8103C 		str	r3, [r0, #-16]	@ float
 665              		.loc 3 74 23 view .LVU235
 666 0096 40F8143C 		str	r3, [r0, #-20]	@ float
 667              		.loc 3 75 9 is_stmt 1 view .LVU236
 668              		.loc 3 75 24 is_stmt 0 view .LVU237
 669 009a FFF7FEFF 		bl	_ZN6Biquad6setBPFEfff(PLT)
 670              	.LVL60:
 671              		.loc 3 76 9 is_stmt 1 view .LVU238
 672              		.loc 3 76 24 is_stmt 0 view .LVU239
 673 009e 2046     		mov	r0, r4
 674 00a0 F1EE000A 		vmov.f32	s1, #4.0e+0
 675 00a4 94ED001A 		vldr.32	s2, [r4]
 676 00a8 5430     		adds	r0, r0, #84
 677 00aa 9FED030A 		vldr.32	s0, .L24+4
 678 00ae FFF7FEFF 		bl	_ZN6Biquad6setBPFEfff(PLT)
 679              	.LVL61:
 680              		.loc 3 77 9 is_stmt 1 view .LVU240
 681              		.loc 3 83 3 is_stmt 0 view .LVU241
 682 00b2 D0E7     		b	.L18
 683              	.L25:
 684              		.align	2
ARM GAS  /tmp/ccHvmxP5.s 			page 13


 685              	.L24:
 686 00b4 0000FA43 		.word	1140457472
 687 00b8 0000C843 		.word	1137180672
 688              		.cfi_endproc
 689              	.LFE502:
 690              		.size	_ZN15UnderpassEngine9setPresetEi, .-_ZN15UnderpassEngine9setPresetEi
 691              		.section	.text._ZN15UnderpassEngine7processEPKfPfm,"axG",%progbits,_ZN15UnderpassEngine7processEPK
 692              		.align	1
 693              		.weak	_ZN15UnderpassEngine7processEPKfPfm
 694              		.syntax unified
 695              		.thumb
 696              		.thumb_func
 697              		.fpu fpv4-sp-d16
 698              		.type	_ZN15UnderpassEngine7processEPKfPfm, %function
 699              	_ZN15UnderpassEngine7processEPKfPfm:
 700              	.LVL62:
 701              	.LFB504:
 702              		.loc 3 91 8 is_stmt 1 view -0
 703              		.cfi_startproc
 704              		@ args = 0, pretend = 0, frame = 16
 705              		@ frame_needed = 0, uses_anonymous_args = 0
 706              		.loc 3 92 5 view .LVU243
 707              		.loc 3 91 8 is_stmt 0 view .LVU244
 708 0000 2DE9F04F 		push	{r4, r5, r6, r7, r8, r9, r10, fp, lr}
 709              		.cfi_def_cfa_offset 36
 710              		.cfi_offset 4, -36
 711              		.cfi_offset 5, -32
 712              		.cfi_offset 6, -28
 713              		.cfi_offset 7, -24
 714              		.cfi_offset 8, -20
 715              		.cfi_offset 9, -16
 716              		.cfi_offset 10, -12
 717              		.cfi_offset 11, -8
 718              		.cfi_offset 14, -4
 719 0004 DFF8D8A3 		ldr	r10, .L68+52
 720 0008 0446     		mov	r4, r0
 721 000a 1646     		mov	r6, r2
 722 000c 0D46     		mov	r5, r1
 723              	.LBB118:
 724              		.loc 3 92 19 view .LVU245
 725 000e 4FF00008 		mov	r8, #0
 726              	.LBE118:
 727              		.loc 3 91 8 view .LVU246
 728              	.LPIC0:
 729 0012 FA44     		add	r10, pc
 730 0014 2DED0C8B 		vpush.64	{d8, d9, d10, d11, d12, d13}
 731              		.cfi_def_cfa_offset 84
 732              		.cfi_offset 80, -84
 733              		.cfi_offset 81, -80
 734              		.cfi_offset 82, -76
 735              		.cfi_offset 83, -72
 736              		.cfi_offset 84, -68
 737              		.cfi_offset 85, -64
 738              		.cfi_offset 86, -60
 739              		.cfi_offset 87, -56
 740              		.cfi_offset 88, -52
 741              		.cfi_offset 89, -48
ARM GAS  /tmp/ccHvmxP5.s 			page 14


 742              		.cfi_offset 90, -44
 743              		.cfi_offset 91, -40
 744              	.LBB214:
 745              	.LBB119:
 746              	.LBB120:
 747              	.LBB121:
 748              	.LBB122:
 749              	.LBB123:
 750              		.loc 3 119 19 view .LVU247
 751 0018 9FEDE4AA 		vldr.32	s20, .L68
 752              	.LBE123:
 753              	.LBE122:
 754              	.LBE121:
 755              	.LBE120:
 756              	.LBE119:
 757              	.LBE214:
 758              		.loc 3 91 8 view .LVU248
 759 001c 85B0     		sub	sp, sp, #20
 760              		.cfi_def_cfa_offset 104
 761              		.loc 3 91 8 view .LVU249
 762 001e 0193     		str	r3, [sp, #4]
 763              	.LVL63:
 764              	.L50:
 765              	.LBB215:
 766              		.loc 3 92 28 is_stmt 1 discriminator 1 view .LVU250
 767 0020 019B     		ldr	r3, [sp, #4]
 768 0022 9845     		cmp	r8, r3
 769 0024 00F0BC81 		beq	.L26
 770              	.LBB211:
 771              		.loc 3 93 7 view .LVU251
 772              	.LBB156:
 773              	.LBB157:
 774              		.loc 1 23 10 is_stmt 0 view .LVU252
 775 0028 A36F     		ldr	r3, [r4, #120]
 776              	.LBE157:
 777              	.LBE156:
 778              		.loc 3 100 7 view .LVU253
 779 002a F7EE009A 		vmov.f32	s19, #1.0e+0
 780              	.LBB162:
 781              	.LBB158:
 782              		.loc 1 23 18 view .LVU254
 783 002e 226F     		ldr	r2, [r4, #112]
 784 0030 B6EE009A 		vmov.f32	s18, #5.0e-1
 785              	.LBE158:
 786              	.LBE162:
 787              		.loc 3 93 13 view .LVU255
 788 0034 D5ED007A 		vldr.32	s15, [r5]
 789              	.LVL64:
 790              		.loc 3 94 7 is_stmt 1 view .LVU256
 791              		.loc 3 95 19 is_stmt 0 view .LVU257
 792 0038 04F1700B 		add	fp, r4, #112
 793              	.LBB163:
 794              	.LBB159:
 795              		.loc 1 24 27 view .LVU258
 796 003c 616F     		ldr	r1, [r4, #116]
 797              		.loc 1 23 18 view .LVU259
 798 003e 02EB8302 		add	r2, r2, r3, lsl #2
ARM GAS  /tmp/ccHvmxP5.s 			page 15


 799              		.loc 1 24 22 view .LVU260
 800 0042 0133     		adds	r3, r3, #1
 801              	.LBE159:
 802              	.LBE163:
 803              		.loc 3 94 13 view .LVU261
 804 0044 D5ED016A 		vldr.32	s13, [r5, #4]
 805              	.LVL65:
 806              		.loc 3 95 7 is_stmt 1 view .LVU262
 807              	.LBB164:
 808              	.LBI156:
 809              		.loc 1 22 8 view .LVU263
 810              	.LBB160:
 811              		.loc 1 23 5 view .LVU264
 812              		.loc 1 23 18 is_stmt 0 view .LVU265
 813 0048 C2ED007A 		vstr.32	s15, [r2]
 814              		.loc 1 24 5 is_stmt 1 view .LVU266
 815 004c 04F13809 		add	r9, r4, #56
 816              		.loc 1 24 27 is_stmt 0 view .LVU267
 817 0050 B3FBF1F2 		udiv	r2, r3, r1
 818 0054 01FB1233 		mls	r3, r1, r2, r3
 819              	.LBE160:
 820              	.LBE164:
 821              	.LBB165:
 822              	.LBB166:
 823              		.loc 1 23 18 view .LVU268
 824 0058 E26F     		ldr	r2, [r4, #124]
 825              		.loc 1 24 27 view .LVU269
 826 005a D4F88010 		ldr	r1, [r4, #128]
 827              	.LBE166:
 828              	.LBE165:
 829              	.LBB170:
 830              	.LBB161:
 831              		.loc 1 24 12 view .LVU270
 832 005e A367     		str	r3, [r4, #120]
 833              	.LVL66:
 834              		.loc 1 24 12 view .LVU271
 835              	.LBE161:
 836              	.LBE170:
 837              		.loc 3 96 7 is_stmt 1 view .LVU272
 838              		.loc 3 96 19 is_stmt 0 view .LVU273
 839 0060 04F17C03 		add	r3, r4, #124
 840 0064 0DEE103A 		vmov	s26, r3	@ int
 841              	.LVL67:
 842              	.LBB171:
 843              	.LBI165:
 844              		.loc 1 22 8 is_stmt 1 view .LVU274
 845              	.LBB167:
 846              		.loc 1 23 5 view .LVU275
 847              		.loc 1 23 10 is_stmt 0 view .LVU276
 848 0068 D4F88430 		ldr	r3, [r4, #132]
 849              	.LVL68:
 850              		.loc 1 23 18 view .LVU277
 851 006c 02EB8302 		add	r2, r2, r3, lsl #2
 852              		.loc 1 24 22 view .LVU278
 853 0070 0133     		adds	r3, r3, #1
 854              		.loc 1 23 18 view .LVU279
 855 0072 C2ED006A 		vstr.32	s13, [r2]
ARM GAS  /tmp/ccHvmxP5.s 			page 16


 856              		.loc 1 24 5 is_stmt 1 view .LVU280
 857              	.LBE167:
 858              	.LBE171:
 859              		.loc 3 99 17 is_stmt 0 view .LVU281
 860 0076 94ED017A 		vldr.32	s14, [r4, #4]
 861 007a 94ED026A 		vldr.32	s12, [r4, #8]
 862 007e 37EE067A 		vadd.f32	s14, s14, s12
 863              	.LBB172:
 864              	.LBB168:
 865              		.loc 1 24 27 view .LVU282
 866 0082 B3FBF1F2 		udiv	r2, r3, r1
 867              	.LBE168:
 868              	.LBE172:
 869              		.loc 3 100 7 view .LVU283
 870 0086 B4EEE97A 		vcmpe.f32	s14, s19
 871              	.LBB173:
 872              	.LBB169:
 873              		.loc 1 24 27 view .LVU284
 874 008a 01FB1233 		mls	r3, r1, r2, r3
 875              		.loc 1 24 12 view .LVU285
 876 008e C4F88430 		str	r3, [r4, #132]
 877              	.LVL69:
 878              		.loc 1 24 12 view .LVU286
 879              	.LBE169:
 880              	.LBE173:
 881              		.loc 3 99 7 is_stmt 1 view .LVU287
 882              		.loc 3 100 7 view .LVU288
 883 0092 F1EE10FA 		vmrs	APSR_nzcv, FPSCR
 884              		.loc 3 100 29 view .LVU289
 885              	.LBB174:
 886              	.LBB175:
 887              		.file 4 "src/params.h"
 888              		.loc 4 80 49 is_stmt 0 view .LVU290
 889 0096 D34B     		ldr	r3, .L68+56
 890              	.LBE175:
 891              	.LBE174:
 892              		.loc 3 100 39 view .LVU291
 893 0098 A8BF     		it	ge
 894 009a 37EE697A 		vsubge.f32	s14, s14, s19
 895 009e 84ED017A 		vstr.32	s14, [r4, #4]
 896              		.loc 3 101 7 is_stmt 1 view .LVU292
 897              	.LVL70:
 898              	.LBB177:
 899              	.LBI174:
 900              		.loc 4 78 14 view .LVU293
 901              	.LBB176:
 902              		.loc 4 79 3 view .LVU294
 903              		.loc 4 80 3 view .LVU295
 904              		.loc 4 79 25 is_stmt 0 view .LVU296
 905 00a2 94ED017A 		vldr.32	s14, [r4, #4]
 906              		.loc 4 80 49 view .LVU297
 907 00a6 5AF80320 		ldr	r2, [r10, r3]
 908              		.loc 4 79 13 view .LVU298
 909 00aa BEEECB7A 		vcvt.s32.f32	s14, s14, #10
 910              	.LVL71:
 911              		.loc 4 79 7 view .LVU299
 912 00ae 17EE103A 		vmov	r3, s14	@ int
ARM GAS  /tmp/ccHvmxP5.s 			page 17


 913 00b2 C3F30903 		ubfx	r3, r3, #0, #10
 914              		.loc 4 80 49 view .LVU300
 915 00b6 02EB8303 		add	r3, r2, r3, lsl #2
 916 00ba 226B     		ldr	r2, [r4, #48]
 917 00bc 93ED007A 		vldr.32	s14, [r3]
 918              	.LVL72:
 919              		.loc 4 80 49 view .LVU301
 920              	.LBE176:
 921              	.LBE177:
 922              		.loc 3 104 7 is_stmt 1 view .LVU302
 923 00c0 636B     		ldr	r3, [r4, #52]
 924 00c2 032A     		cmp	r2, #3
 925 00c4 5ED8     		bhi	.L30
 926 00c6 DFE812F0 		tbh	[pc, r2, lsl #1]
 927              	.L32:
 928 00ca 0400     		.2byte	(.L35-.L32)/2
 929 00cc 1500     		.2byte	(.L34-.L32)/2
 930 00ce FD00     		.2byte	(.L33-.L32)/2
 931 00d0 4501     		.2byte	(.L31-.L32)/2
 932              		.p2align 1
 933              	.L35:
 934              	.LBB178:
 935              	.LBB154:
 936              		.loc 3 105 9 view .LVU303
 937              		.loc 3 106 11 view .LVU304
 938              		.loc 3 106 54 is_stmt 0 view .LVU305
 939 00d2 D4ED037A 		vldr.32	s15, [r4, #12]
 940              	.LVL73:
 941              		.loc 3 106 54 view .LVU306
 942 00d6 27EE277A 		vmul.f32	s14, s14, s15
 943              	.LVL74:
 944              		.loc 3 106 48 view .LVU307
 945 00da DFEDB57A 		vldr.32	s15, .L68+4
 946              	.LVL75:
 947              	.L66:
 948              	.LBB136:
 949              		.loc 3 130 48 view .LVU308
 950 00de F0EE696A 		vmov.f32	s13, s19
 951 00e2 E7EE276A 		vfma.f32	s13, s14, s15
 952              		.loc 3 130 41 view .LVU309
 953 00e6 D4ED047A 		vldr.32	s15, [r4, #16]
 954 00ea 67EEA67A 		vmul.f32	s15, s15, s13
 955              		.loc 3 130 26 view .LVU310
 956 00ee C4ED057A 		vstr.32	s15, [r4, #20]
 957              	.LBE136:
 958              		.loc 3 132 11 is_stmt 1 view .LVU311
 959 00f2 47E0     		b	.L30
 960              	.LVL76:
 961              	.L34:
 962              		.loc 3 108 9 view .LVU312
 963              		.loc 3 109 11 view .LVU313
 964              		.loc 3 109 26 is_stmt 0 view .LVU314
 965 00f4 2269     		ldr	r2, [r4, #16]	@ float
 966 00f6 6261     		str	r2, [r4, #20]	@ float
 967              		.loc 3 110 11 is_stmt 1 view .LVU315
 968              	.LBB137:
 969 00f8 9A06     		lsls	r2, r3, #26
ARM GAS  /tmp/ccHvmxP5.s 			page 18


 970 00fa 43D1     		bne	.L30
 971              	.LBB138:
 972              		.loc 3 111 13 view .LVU316
 973              		.loc 3 111 47 is_stmt 0 view .LVU317
 974 00fc F0EE497A 		vmov.f32	s15, s18
 975              	.LVL77:
 976              		.loc 3 111 19 view .LVU318
 977 0100 D4ED036A 		vldr.32	s13, [r4, #12]
 978              	.LVL78:
 979              		.loc 3 111 47 view .LVU319
 980 0104 E7EE097A 		vfma.f32	s15, s14, s18
 981 0108 B0EE677A 		vmov.f32	s14, s15
 982              	.LVL79:
 983              		.loc 3 111 55 view .LVU320
 984 010c DFEDA97A 		vldr.32	s15, .L68+8
 985 0110 27EE277A 		vmul.f32	s14, s14, s15
 986              		.loc 3 111 19 view .LVU321
 987 0114 DFEDA87A 		vldr.32	s15, .L68+12
 988 0118 B0EE678A 		vmov.f32	s16, s15
 989 011c F0EE678A 		vmov.f32	s17, s15
 990 0120 A7EE268A 		vfma.f32	s16, s14, s13
 991              	.LVL80:
 992              		.loc 3 112 13 is_stmt 1 view .LVU322
 993              	.LBB139:
 994              	.LBI139:
 995              		.loc 4 93 14 view .LVU323
 996              	.LBB140:
 997              		.loc 4 94 3 view .LVU324
 998              		.loc 4 94 17 is_stmt 0 view .LVU325
 999 0124 B4EEE78A 		vcmpe.f32	s16, s15
 1000 0128 F1EE10FA 		vmrs	APSR_nzcv, FPSCR
 1001 012c 00F1C480 		bmi	.L51
 1002              		.loc 4 94 32 view .LVU326
 1003 0130 9FEDA20A 		vldr.32	s0, .L68+16
 1004 0134 B4EEC08A 		vcmpe.f32	s16, s0
 1005 0138 F1EE10FA 		vmrs	APSR_nzcv, FPSCR
 1006 013c D8BF     		it	le
 1007 013e B0EE480A 		vmovle.f32	s0, s16
 1008              	.L37:
 1009              	.LVL81:
 1010              		.loc 4 94 32 view .LVU327
 1011              	.LBE140:
 1012              	.LBE139:
 1013              		.loc 3 112 28 view .LVU328
 1014 0142 F0EE080A 		vmov.f32	s1, #3.0e+0
 1015 0146 94ED001A 		vldr.32	s2, [r4]
 1016 014a 4846     		mov	r0, r9
 1017 014c 2746     		mov	r7, r4
 1018 014e FFF7FEFF 		bl	_ZN6Biquad6setLPFEfff(PLT)
 1019              	.LVL82:
 1020              		.loc 3 113 13 is_stmt 1 view .LVU329
 1021              	.LBB142:
 1022              	.LBI142:
 1023              		.loc 4 93 14 view .LVU330
 1024              	.LBB143:
 1025              		.loc 4 94 3 view .LVU331
 1026              		.loc 4 94 17 is_stmt 0 view .LVU332
ARM GAS  /tmp/ccHvmxP5.s 			page 19


 1027 0152 B4EEE88A 		vcmpe.f32	s16, s17
 1028              	.LBE143:
 1029              	.LBE142:
 1030              		.loc 3 112 28 view .LVU333
 1031 0156 5437     		adds	r7, r7, #84
 1032              	.LBB146:
 1033              	.LBB144:
 1034              		.loc 4 94 17 view .LVU334
 1035 0158 F1EE10FA 		vmrs	APSR_nzcv, FPSCR
 1036 015c 00F1AF80 		bmi	.L53
 1037              		.loc 4 94 32 view .LVU335
 1038 0160 DFED967A 		vldr.32	s15, .L68+16
 1039 0164 B4EE678A 		vcmp.f32	s16, s15
 1040 0168 F1EE10FA 		vmrs	APSR_nzcv, FPSCR
 1041 016c C8BF     		it	gt
 1042 016e B0EE678A 		vmovgt.f32	s16, s15
 1043              	.LVL83:
 1044              	.L38:
 1045              		.loc 4 94 32 view .LVU336
 1046              	.LBE144:
 1047              	.LBE146:
 1048              		.loc 3 113 28 view .LVU337
 1049 0172 F0EE080A 		vmov.f32	s1, #3.0e+0
 1050 0176 94ED001A 		vldr.32	s2, [r4]
 1051 017a B0EE480A 		vmov.f32	s0, s16
 1052 017e 3846     		mov	r0, r7
 1053 0180 FFF7FEFF 		bl	_ZN6Biquad6setLPFEfff(PLT)
 1054              	.LVL84:
 1055              	.L30:
 1056              		.loc 3 113 28 view .LVU338
 1057              	.LBE138:
 1058              	.LBE137:
 1059              	.LBE154:
 1060              	.LBE178:
 1061              		.loc 3 134 7 is_stmt 1 view .LVU339
 1062              		.loc 3 141 37 is_stmt 0 view .LVU340
 1063 0184 94ED067A 		vldr.32	s14, [r4, #24]
 1064              		.loc 3 141 13 view .LVU341
 1065 0188 D4ED057A 		vldr.32	s15, [r4, #20]
 1066              		.loc 3 134 25 view .LVU342
 1067 018c 636B     		ldr	r3, [r4, #52]
 1068              		.loc 3 141 13 view .LVU343
 1069 018e 77EEC77A 		vsub.f32	s15, s15, s14
 1070              		.loc 3 134 25 view .LVU344
 1071 0192 0133     		adds	r3, r3, #1
 1072              		.loc 3 142 7 view .LVU345
 1073 0194 F4EEC97A 		vcmpe.f32	s15, s18
 1074              		.loc 3 134 25 view .LVU346
 1075 0198 6363     		str	r3, [r4, #52]
 1076              		.loc 3 140 7 is_stmt 1 view .LVU347
 1077              	.LVL85:
 1078              		.loc 3 141 7 view .LVU348
 1079              		.loc 3 142 7 view .LVU349
 1080 019a F1EE10FA 		vmrs	APSR_nzcv, FPSCR
 1081 019e 00F3F980 		bgt	.L60
 1082              		.loc 3 143 7 view .LVU350
 1083 01a2 FEEE006A 		vmov.f32	s13, #-5.0e-1
ARM GAS  /tmp/ccHvmxP5.s 			page 20


 1084              		.loc 3 143 35 is_stmt 0 view .LVU351
 1085 01a6 F4EE667A 		vcmp.f32	s15, s13
 1086 01aa F1EE10FA 		vmrs	APSR_nzcv, FPSCR
 1087 01ae 48BF     		it	mi
 1088 01b0 F0EE667A 		vmovmi.f32	s15, s13
 1089              	.LVL86:
 1090              	.L43:
 1091              		.loc 3 144 7 is_stmt 1 view .LVU352
 1092              		.loc 3 144 23 is_stmt 0 view .LVU353
 1093 01b4 77EE277A 		vadd.f32	s15, s14, s15
 1094              	.LVL87:
 1095              		.loc 3 145 7 is_stmt 1 view .LVU354
 1096              		.loc 3 145 31 is_stmt 0 view .LVU355
 1097 01b8 9FED818A 		vldr.32	s16, .L68+20
 1098              		.loc 3 145 49 view .LVU356
 1099 01bc 94ED007A 		vldr.32	s14, [r4]
 1100              		.loc 3 145 31 view .LVU357
 1101 01c0 27EE088A 		vmul.f32	s16, s14, s16
 1102              	.LVL88:
 1103              	.LBB179:
 1104              	.LBI179:
 1105              		.loc 4 93 14 is_stmt 1 view .LVU358
 1106              	.LBB180:
 1107              		.loc 4 94 3 view .LVU359
 1108              		.loc 4 94 17 is_stmt 0 view .LVU360
 1109 01c4 F4EEC87A 		vcmpe.f32	s15, s16
 1110 01c8 F1EE10FA 		vmrs	APSR_nzcv, FPSCR
 1111 01cc 08D4     		bmi	.L45
 1112              	.LBE180:
 1113              	.LBE179:
 1114              		.loc 3 145 31 view .LVU361
 1115 01ce 37EE078A 		vadd.f32	s16, s14, s14
 1116              	.LVL89:
 1117              	.LBB182:
 1118              	.LBB181:
 1119              		.loc 4 94 32 view .LVU362
 1120 01d2 F4EEC87A 		vcmpe.f32	s15, s16
 1121 01d6 F1EE10FA 		vmrs	APSR_nzcv, FPSCR
 1122 01da D8BF     		it	le
 1123 01dc B0EE678A 		vmovle.f32	s16, s15
 1124              	.LVL90:
 1125              	.L45:
 1126              		.loc 4 94 32 view .LVU363
 1127              	.LBE181:
 1128              	.LBE182:
 1129              		.loc 3 148 25 view .LVU364
 1130 01e0 DFED78AA 		vldr.32	s21, .L68+24
 1131 01e4 04F11C07 		add	r7, r4, #28
 1132              	.LBB183:
 1133              	.LBB184:
 1134              	.LBB185:
 1135              	.LBB186:
 1136              		.loc 4 87 23 view .LVU365
 1137 01e8 7F4B     		ldr	r3, .L68+60
 1138 01ea 04F12401 		add	r1, r4, #36
 1139              	.LBE186:
 1140              	.LBE185:
ARM GAS  /tmp/ccHvmxP5.s 			page 21


 1141              	.LBE184:
 1142              	.LBE183:
 1143              		.loc 3 148 13 view .LVU366
 1144 01ee B0EE6ABA 		vmov.f32	s22, s21
 1145              		.loc 3 145 23 view .LVU367
 1146 01f2 84ED068A 		vstr.32	s16, [r4, #24]
 1147              		.loc 3 148 7 is_stmt 1 view .LVU368
 1148              	.LVL91:
 1149              		.loc 3 150 7 view .LVU369
 1150              	.LBB208:
 1151              		.loc 3 150 25 view .LVU370
 1152              	.LBB205:
 1153              	.LBB192:
 1154              	.LBB187:
 1155              		.loc 4 84 21 is_stmt 0 view .LVU371
 1156 01f6 DFED74CA 		vldr.32	s25, .L68+28
 1157              		.loc 4 87 23 view .LVU372
 1158 01fa 5AF80330 		ldr	r3, [r10, r3]
 1159              	.LBE187:
 1160              	.LBE192:
 1161              	.LBB193:
 1162              	.LBB194:
 1163              		.loc 4 94 32 view .LVU373
 1164 01fe 9FED73CA 		vldr.32	s24, .L68+32
 1165              	.LBE194:
 1166              	.LBE193:
 1167              	.LBB198:
 1168              	.LBB188:
 1169              		.loc 4 87 23 view .LVU374
 1170 0202 0293     		str	r3, [sp, #8]
 1171              	.LVL92:
 1172              	.L49:
 1173              		.loc 4 87 23 view .LVU375
 1174              	.LBE188:
 1175              	.LBE198:
 1176              		.loc 3 152 9 is_stmt 1 view .LVU376
 1177              		.loc 3 152 21 is_stmt 0 view .LVU377
 1178 0204 F7EC017A 		vldmia.32	r7!, {s15}
 1179              	.LBB199:
 1180              	.LBB189:
 1181              		.loc 4 87 23 view .LVU378
 1182 0208 029A     		ldr	r2, [sp, #8]
 1183              	.LBE189:
 1184              	.LBE199:
 1185              		.loc 3 152 21 view .LVU379
 1186 020a 97ED017A 		vldr.32	s14, [r7, #4]
 1187 020e 77EE877A 		vadd.f32	s15, s15, s14
 1188              		.loc 3 153 9 is_stmt 1 view .LVU380
 1189 0212 F4EEC87A 		vcmpe.f32	s15, s16
 1190 0216 F1EE10FA 		vmrs	APSR_nzcv, FPSCR
 1191              		.loc 3 153 45 view .LVU381
 1192              		.loc 3 153 57 is_stmt 0 view .LVU382
 1193 021a A8BF     		it	ge
 1194 021c 77EEC87A 		vsubge.f32	s15, s15, s16
 1195 0220 47ED017A 		vstr.32	s15, [r7, #-4]
 1196              		.loc 3 157 9 is_stmt 1 view .LVU383
 1197              		.loc 3 157 31 is_stmt 0 view .LVU384
ARM GAS  /tmp/ccHvmxP5.s 			page 22


 1198 0224 57ED018A 		vldr.32	s17, [r7, #-4]
 1199              	.LVL93:
 1200              		.loc 3 158 9 is_stmt 1 view .LVU385
 1201              	.LBB200:
 1202              	.LBI185:
 1203              		.loc 4 83 14 view .LVU386
 1204              	.LBB190:
 1205              		.loc 4 84 3 view .LVU387
 1206              		.loc 4 85 3 view .LVU388
 1207              	.LBE190:
 1208              	.LBE200:
 1209              		.loc 3 157 15 is_stmt 0 view .LVU389
 1210 0228 C8EE887A 		vdiv.f32	s15, s17, s16
 1211              	.LVL94:
 1212              		.loc 3 163 15 view .LVU390
 1213 022c 78EE688A 		vsub.f32	s17, s16, s17
 1214              	.LVL95:
 1215              	.LBB201:
 1216              	.LBB195:
 1217              		.loc 4 94 17 view .LVU391
 1218 0230 F4EEE98A 		vcmpe.f32	s17, s19
 1219 0234 F1EE10FA 		vmrs	APSR_nzcv, FPSCR
 1220              	.LBE195:
 1221              	.LBE201:
 1222              	.LBB202:
 1223              	.LBB191:
 1224              		.loc 4 84 21 view .LVU392
 1225 0238 67EEAC7A 		vmul.f32	s15, s15, s25
 1226              	.LVL96:
 1227              		.loc 4 84 7 view .LVU393
 1228 023c FDEEE77A 		vcvt.s32.f32	s15, s15
 1229 0240 17EE903A 		vmov	r3, s15	@ int
 1230              	.LVL97:
 1231              		.loc 4 87 3 is_stmt 1 view .LVU394
 1232              		.loc 4 87 23 is_stmt 0 view .LVU395
 1233 0244 83F30A03 		usat	r3, #10, r3
 1234              	.LVL98:
 1235              		.loc 4 87 23 view .LVU396
 1236 0248 02EB8303 		add	r3, r2, r3, lsl #2
 1237              	.LVL99:
 1238              		.loc 4 87 23 view .LVU397
 1239 024c D3ED00BA 		vldr.32	s23, [r3]
 1240              	.LVL100:
 1241              		.loc 4 87 23 view .LVU398
 1242              	.LBE191:
 1243              	.LBE202:
 1244              		.loc 3 163 9 is_stmt 1 view .LVU399
 1245              		.loc 3 164 9 view .LVU400
 1246              	.LBB203:
 1247              	.LBI193:
 1248              		.loc 4 93 14 view .LVU401
 1249              	.LBB196:
 1250              		.loc 4 94 3 view .LVU402
 1251              		.loc 4 94 17 is_stmt 0 view .LVU403
 1252 0250 00F1A380 		bmi	.L61
 1253              		.loc 4 94 32 view .LVU404
 1254 0254 F4EE4C8A 		vcmp.f32	s17, s24
ARM GAS  /tmp/ccHvmxP5.s 			page 23


 1255 0258 F1EE10FA 		vmrs	APSR_nzcv, FPSCR
 1256 025c C8BF     		it	gt
 1257 025e F0EE4C8A 		vmovgt.f32	s17, s24
 1258              	.LVL101:
 1259              	.L48:
 1260              		.loc 4 94 32 view .LVU405
 1261              	.LBE196:
 1262              	.LBE203:
 1263              		.loc 3 166 35 view .LVU406
 1264 0262 5846     		mov	r0, fp
 1265 0264 B0EE680A 		vmov.f32	s0, s17
 1266 0268 0391     		str	r1, [sp, #12]
 1267              	.LVL102:
 1268              		.loc 3 166 9 is_stmt 1 view .LVU407
 1269              		.loc 3 166 35 is_stmt 0 view .LVU408
 1270 026a FFF7FEFF 		bl	_ZNK9DelayLine11readHermiteEf(PLT)
 1271              	.LVL103:
 1272              		.loc 3 167 35 view .LVU409
 1273 026e 1DEE100A 		vmov	r0, s26	@ int
 1274              		.loc 3 166 14 view .LVU410
 1275 0272 A0EE2BBA 		vfma.f32	s22, s0, s23
 1276              	.LVL104:
 1277              		.loc 3 167 9 is_stmt 1 view .LVU411
 1278              		.loc 3 167 35 is_stmt 0 view .LVU412
 1279 0276 B0EE680A 		vmov.f32	s0, s17
 1280 027a FFF7FEFF 		bl	_ZNK9DelayLine11readHermiteEf(PLT)
 1281              	.LVL105:
 1282              	.LBE205:
 1283              		.loc 3 150 25 view .LVU413
 1284 027e 0399     		ldr	r1, [sp, #12]
 1285              	.LBB206:
 1286              		.loc 3 167 14 view .LVU414
 1287 0280 E0EE2BAA 		vfma.f32	s21, s0, s23
 1288              	.LVL106:
 1289              		.loc 3 167 14 view .LVU415
 1290              	.LBE206:
 1291              		.loc 3 150 7 is_stmt 1 view .LVU416
 1292              		.loc 3 150 25 view .LVU417
 1293 0284 B942     		cmp	r1, r7
 1294 0286 BDD1     		bne	.L49
 1295              	.LBE208:
 1296              		.loc 3 171 7 discriminator 2 view .LVU418
 1297              	.LVL107:
 1298              		.loc 3 172 7 discriminator 2 view .LVU419
 1299              		.loc 3 175 30 is_stmt 0 discriminator 2 view .LVU420
 1300 0288 4846     		mov	r0, r9
 1301              		.loc 3 172 12 discriminator 2 view .LVU421
 1302 028a 6AEE89AA 		vmul.f32	s21, s21, s18
 1303              	.LVL108:
 1304              		.loc 3 175 7 is_stmt 1 discriminator 2 view .LVU422
 1305              		.loc 3 175 30 is_stmt 0 discriminator 2 view .LVU423
 1306 028e 2BEE090A 		vmul.f32	s0, s22, s18
 1307              	.LVL109:
 1308              		.loc 3 175 30 discriminator 2 view .LVU424
 1309              	.LBE211:
 1310              		.loc 3 92 5 discriminator 2 view .LVU425
 1311 0292 08F10108 		add	r8, r8, #1
ARM GAS  /tmp/ccHvmxP5.s 			page 24


 1312              	.LVL110:
 1313              	.LBB212:
 1314              		.loc 3 175 30 discriminator 2 view .LVU426
 1315 0296 FFF7FEFF 		bl	_ZN6Biquad7processEf(PLT)
 1316              	.LVL111:
 1317              		.loc 3 175 30 discriminator 2 view .LVU427
 1318 029a B0EE408A 		vmov.f32	s16, s0
 1319              	.LVL112:
 1320              		.loc 3 176 7 is_stmt 1 discriminator 2 view .LVU428
 1321              		.loc 3 176 30 is_stmt 0 discriminator 2 view .LVU429
 1322 029e 04F15400 		add	r0, r4, #84
 1323 02a2 B0EE6A0A 		vmov.f32	s0, s21
 1324              	.LVL113:
 1325              		.loc 3 176 30 discriminator 2 view .LVU430
 1326 02a6 FFF7FEFF 		bl	_ZN6Biquad7processEf(PLT)
 1327              	.LVL114:
 1328              		.loc 3 178 7 is_stmt 1 discriminator 2 view .LVU431
 1329 02aa 0836     		adds	r6, r6, #8
 1330              		.loc 3 178 22 is_stmt 0 discriminator 2 view .LVU432
 1331 02ac 06ED028A 		vstr.32	s16, [r6, #-8]
 1332              		.loc 3 179 7 is_stmt 1 discriminator 2 view .LVU433
 1333 02b0 0835     		adds	r5, r5, #8
 1334              		.loc 3 179 22 is_stmt 0 discriminator 2 view .LVU434
 1335 02b2 06ED010A 		vstr.32	s0, [r6, #-4]
 1336              	.LBE212:
 1337              		.loc 3 92 5 is_stmt 1 discriminator 2 view .LVU435
 1338              	.LVL115:
 1339              		.loc 3 92 5 is_stmt 0 discriminator 2 view .LVU436
 1340 02b6 B3E6     		b	.L50
 1341              	.LVL116:
 1342              	.L51:
 1343              	.LBB213:
 1344              	.LBB209:
 1345              	.LBB155:
 1346              	.LBB150:
 1347              	.LBB149:
 1348              	.LBB147:
 1349              	.LBB141:
 1350              		.loc 4 94 17 view .LVU437
 1351 02b8 B0EE670A 		vmov.f32	s0, s15
 1352 02bc 41E7     		b	.L37
 1353              	.LVL117:
 1354              	.L53:
 1355              		.loc 4 94 17 view .LVU438
 1356              	.LBE141:
 1357              	.LBE147:
 1358              	.LBB148:
 1359              	.LBB145:
 1360 02be 9FED3E8A 		vldr.32	s16, .L68+12
 1361              	.LVL118:
 1362              		.loc 4 94 17 view .LVU439
 1363 02c2 56E7     		b	.L38
 1364              	.LVL119:
 1365              	.L33:
 1366              		.loc 4 94 17 view .LVU440
 1367              	.LBE145:
 1368              	.LBE148:
ARM GAS  /tmp/ccHvmxP5.s 			page 25


 1369              	.LBE149:
 1370              	.LBE150:
 1371              		.loc 3 116 9 is_stmt 1 view .LVU441
 1372              		.loc 3 117 11 view .LVU442
 1373              		.loc 3 117 26 is_stmt 0 view .LVU443
 1374 02c4 2269     		ldr	r2, [r4, #16]	@ float
 1375              	.LBB151:
 1376              		.loc 3 118 11 view .LVU444
 1377 02c6 9B06     		lsls	r3, r3, #26
 1378              	.LBE151:
 1379              		.loc 3 117 26 view .LVU445
 1380 02c8 6261     		str	r2, [r4, #20]	@ float
 1381              		.loc 3 118 11 is_stmt 1 view .LVU446
 1382              	.LBB152:
 1383 02ca 7FF45BAF 		bne	.L30
 1384              	.LBB134:
 1385              		.loc 3 119 13 view .LVU447
 1386              		.loc 3 119 48 is_stmt 0 view .LVU448
 1387 02ce F0EE497A 		vmov.f32	s15, s18
 1388              	.LVL120:
 1389              		.loc 3 119 19 view .LVU449
 1390 02d2 B0EE4A8A 		vmov.f32	s16, s20
 1391              		.loc 3 119 48 view .LVU450
 1392 02d6 E7EE097A 		vfma.f32	s15, s14, s18
 1393              		.loc 3 119 56 view .LVU451
 1394 02da 9FED3D7A 		vldr.32	s14, .L68+36
 1395              	.LVL121:
 1396              		.loc 3 119 56 view .LVU452
 1397 02de 67EE877A 		vmul.f32	s15, s15, s14
 1398              		.loc 3 119 19 view .LVU453
 1399 02e2 94ED037A 		vldr.32	s14, [r4, #12]
 1400 02e6 A7EE878A 		vfma.f32	s16, s15, s14
 1401              	.LVL122:
 1402              		.loc 3 120 13 is_stmt 1 view .LVU454
 1403              	.LBB124:
 1404              	.LBI124:
 1405              		.loc 4 93 14 view .LVU455
 1406              	.LBB125:
 1407              		.loc 4 94 3 view .LVU456
 1408              		.loc 4 94 17 is_stmt 0 view .LVU457
 1409 02ea B4EECA8A 		vcmpe.f32	s16, s20
 1410 02ee F1EE10FA 		vmrs	APSR_nzcv, FPSCR
 1411 02f2 29D4     		bmi	.L55
 1412              		.loc 4 94 32 view .LVU458
 1413 02f4 9FED2F0A 		vldr.32	s0, .L68+8
 1414 02f8 B4EEC08A 		vcmpe.f32	s16, s0
 1415 02fc F1EE10FA 		vmrs	APSR_nzcv, FPSCR
 1416 0300 D8BF     		it	le
 1417 0302 B0EE480A 		vmovle.f32	s0, s16
 1418              	.L40:
 1419              	.LVL123:
 1420              		.loc 4 94 32 view .LVU459
 1421              	.LBE125:
 1422              	.LBE124:
 1423              		.loc 3 120 28 view .LVU460
 1424 0306 F1EE000A 		vmov.f32	s1, #4.0e+0
 1425 030a 94ED001A 		vldr.32	s2, [r4]
ARM GAS  /tmp/ccHvmxP5.s 			page 26


 1426 030e 4846     		mov	r0, r9
 1427 0310 2746     		mov	r7, r4
 1428 0312 FFF7FEFF 		bl	_ZN6Biquad6setBPFEfff(PLT)
 1429              	.LVL124:
 1430              		.loc 3 121 13 is_stmt 1 view .LVU461
 1431              	.LBB127:
 1432              	.LBI127:
 1433              		.loc 4 93 14 view .LVU462
 1434              	.LBB128:
 1435              		.loc 4 94 3 view .LVU463
 1436              		.loc 4 94 17 is_stmt 0 view .LVU464
 1437 0316 B4EECA8A 		vcmpe.f32	s16, s20
 1438              	.LBE128:
 1439              	.LBE127:
 1440              		.loc 3 120 28 view .LVU465
 1441 031a 5437     		adds	r7, r7, #84
 1442              	.LBB131:
 1443              	.LBB129:
 1444              		.loc 4 94 17 view .LVU466
 1445 031c F1EE10FA 		vmrs	APSR_nzcv, FPSCR
 1446 0320 15D4     		bmi	.L57
 1447              		.loc 4 94 32 view .LVU467
 1448 0322 DFED247A 		vldr.32	s15, .L68+8
 1449 0326 B4EE678A 		vcmp.f32	s16, s15
 1450 032a F1EE10FA 		vmrs	APSR_nzcv, FPSCR
 1451 032e C8BF     		it	gt
 1452 0330 B0EE678A 		vmovgt.f32	s16, s15
 1453              	.LVL125:
 1454              	.L41:
 1455              		.loc 4 94 32 view .LVU468
 1456              	.LBE129:
 1457              	.LBE131:
 1458              		.loc 3 121 28 view .LVU469
 1459 0334 F1EE000A 		vmov.f32	s1, #4.0e+0
 1460 0338 94ED001A 		vldr.32	s2, [r4]
 1461 033c B0EE480A 		vmov.f32	s0, s16
 1462 0340 3846     		mov	r0, r7
 1463 0342 FFF7FEFF 		bl	_ZN6Biquad6setBPFEfff(PLT)
 1464              	.LVL126:
 1465              	.LBE134:
 1466 0346 1DE7     		b	.L30
 1467              	.LVL127:
 1468              	.L55:
 1469              	.LBB135:
 1470              	.LBB132:
 1471              	.LBB126:
 1472              		.loc 4 94 17 view .LVU470
 1473 0348 B0EE4A0A 		vmov.f32	s0, s20
 1474 034c DBE7     		b	.L40
 1475              	.LVL128:
 1476              	.L57:
 1477              		.loc 4 94 17 view .LVU471
 1478              	.LBE126:
 1479              	.LBE132:
 1480              	.LBB133:
 1481              	.LBB130:
 1482 034e 9FED178A 		vldr.32	s16, .L68
ARM GAS  /tmp/ccHvmxP5.s 			page 27


 1483              	.LVL129:
 1484              		.loc 4 94 17 view .LVU472
 1485 0352 EFE7     		b	.L41
 1486              	.LVL130:
 1487              	.L31:
 1488              		.loc 4 94 17 view .LVU473
 1489              	.LBE130:
 1490              	.LBE133:
 1491              	.LBE135:
 1492              	.LBE152:
 1493              		.loc 3 124 9 is_stmt 1 view .LVU474
 1494              		.loc 3 125 9 view .LVU475
 1495              	.LBB153:
 1496              		.loc 3 126 11 view .LVU476
 1497              		.loc 3 126 44 is_stmt 0 view .LVU477
 1498 0354 F0EEE66A 		vabs.f32	s13, s13
 1499              	.LVL131:
 1500              		.loc 3 128 35 view .LVU478
 1501 0358 94ED0B7A 		vldr.32	s14, [r4, #44]
 1502              	.LVL132:
 1503              		.loc 3 126 31 view .LVU479
 1504 035c F0EEE77A 		vabs.f32	s15, s15
 1505              	.LVL133:
 1506              		.loc 3 128 47 view .LVU480
 1507 0360 9FED1C6A 		vldr.32	s12, .L68+40
 1508              		.loc 3 126 17 view .LVU481
 1509 0364 77EEA67A 		vadd.f32	s15, s15, s13
 1510              	.LVL134:
 1511              		.loc 3 127 11 is_stmt 1 view .LVU482
 1512              		.loc 3 128 11 view .LVU483
 1513              		.loc 3 128 47 is_stmt 0 view .LVU484
 1514 0368 DFED1B6A 		vldr.32	s13, .L68+44
 1515 036c B4EEE77A 		vcmpe.f32	s14, s15
 1516              		.loc 3 129 40 view .LVU485
 1517 0370 77EEC77A 		vsub.f32	s15, s15, s14
 1518              	.LVL135:
 1519              		.loc 3 128 47 view .LVU486
 1520 0374 F1EE10FA 		vmrs	APSR_nzcv, FPSCR
 1521 0378 58BF     		it	pl
 1522 037a F0EE466A 		vmovpl.f32	s13, s12
 1523              	.LVL136:
 1524              		.loc 3 129 11 is_stmt 1 view .LVU487
 1525              		.loc 3 129 23 is_stmt 0 view .LVU488
 1526 037e A7EEA67A 		vfma.f32	s14, s15, s13
 1527              		.loc 3 130 61 view .LVU489
 1528 0382 D4ED037A 		vldr.32	s15, [r4, #12]
 1529              		.loc 3 129 23 view .LVU490
 1530 0386 84ED0B7A 		vstr.32	s14, [r4, #44]
 1531              	.LVL137:
 1532              		.loc 3 130 11 is_stmt 1 view .LVU491
 1533              		.loc 3 130 61 is_stmt 0 view .LVU492
 1534 038a 27EE277A 		vmul.f32	s14, s14, s15
 1535              		.loc 3 130 48 view .LVU493
 1536 038e DFED137A 		vldr.32	s15, .L68+48
 1537 0392 A4E6     		b	.L66
 1538              	.LVL138:
 1539              	.L60:
ARM GAS  /tmp/ccHvmxP5.s 			page 28


 1540              		.loc 3 130 48 view .LVU494
 1541              	.LBE153:
 1542              	.LBE155:
 1543              	.LBE209:
 1544              		.loc 3 142 35 view .LVU495
 1545 0394 F6EE007A 		vmov.f32	s15, #5.0e-1
 1546              	.LVL139:
 1547              		.loc 3 142 35 view .LVU496
 1548 0398 0CE7     		b	.L43
 1549              	.LVL140:
 1550              	.L61:
 1551              	.LBB210:
 1552              	.LBB207:
 1553              	.LBB204:
 1554              	.LBB197:
 1555              		.loc 4 94 17 view .LVU497
 1556 039a F7EE008A 		vmov.f32	s17, #1.0e+0
 1557              	.LVL141:
 1558              		.loc 4 94 17 view .LVU498
 1559 039e 60E7     		b	.L48
 1560              	.LVL142:
 1561              	.L26:
 1562              		.loc 4 94 17 view .LVU499
 1563              	.LBE197:
 1564              	.LBE204:
 1565              	.LBE207:
 1566              	.LBE210:
 1567              	.LBE213:
 1568              	.LBE215:
 1569              		.loc 3 181 3 view .LVU500
 1570 03a0 05B0     		add	sp, sp, #20
 1571              		.cfi_def_cfa_offset 84
 1572              		@ sp needed
 1573 03a2 BDEC0C8B 		vldm	sp!, {d8-d13}
 1574              		.cfi_restore 90
 1575              		.cfi_restore 91
 1576              		.cfi_restore 88
 1577              		.cfi_restore 89
 1578              		.cfi_restore 86
 1579              		.cfi_restore 87
 1580              		.cfi_restore 84
 1581              		.cfi_restore 85
 1582              		.cfi_restore 82
 1583              		.cfi_restore 83
 1584              		.cfi_restore 80
 1585              		.cfi_restore 81
 1586              		.cfi_def_cfa_offset 36
 1587 03a6 BDE8F08F 		pop	{r4, r5, r6, r7, r8, r9, r10, fp, pc}
 1588              	.LVL143:
 1589              	.L69:
 1590              		.loc 3 181 3 view .LVU501
 1591 03aa 00BF     		.align	2
 1592              	.L68:
 1593 03ac 00001643 		.word	1125515264
 1594 03b0 9A99193F 		.word	1058642330
 1595 03b4 00803B45 		.word	1161527296
 1596 03b8 0000A042 		.word	1117782016
ARM GAS  /tmp/ccHvmxP5.s 			page 29


 1597 03bc 0080BB45 		.word	1169915904
 1598 03c0 CDCC4C3D 		.word	1028443341
 1599 03c4 00000000 		.word	0
 1600 03c8 00C07F44 		.word	1149222912
 1601 03cc C07F3B48 		.word	1211858880
 1602 03d0 0080BB44 		.word	1153138688
 1603 03d4 17B75139 		.word	961656599
 1604 03d8 6F12033B 		.word	990057071
 1605 03dc 9A99993F 		.word	1067030938
 1606 03e0 CA030000 		.word	_GLOBAL_OFFSET_TABLE_-(.LPIC0+4)
 1607 03e4 00000000 		.word	g_sinLut(GOT)
 1608 03e8 00000000 		.word	g_hannLut(GOT)
 1609              		.cfi_endproc
 1610              	.LFE504:
 1611              		.size	_ZN15UnderpassEngine7processEPKfPfm, .-_ZN15UnderpassEngine7processEPKfPfm
 1612              		.section	.text._ZN6Effect4InitEPK17unit_runtime_desc,"axG",%progbits,_ZN6Effect4InitEPK17unit_runt
 1613              		.align	1
 1614              		.weak	_ZN6Effect4InitEPK17unit_runtime_desc
 1615              		.syntax unified
 1616              		.thumb
 1617              		.thumb_func
 1618              		.fpu fpv4-sp-d16
 1619              		.type	_ZN6Effect4InitEPK17unit_runtime_desc, %function
 1620              	_ZN6Effect4InitEPK17unit_runtime_desc:
 1621              	.LVL144:
 1622              	.LFB511:
 1623              		.file 5 "unit.cc"
 1624              		.loc 5 34 17 is_stmt 1 view -0
 1625              		.cfi_startproc
 1626              		@ args = 0, pretend = 0, frame = 0
 1627              		@ frame_needed = 0, uses_anonymous_args = 0
 1628              		.loc 5 35 5 view .LVU503
 1629              		.loc 5 34 17 is_stmt 0 view .LVU504
 1630 0000 494B     		ldr	r3, .L87+12
 1631 0002 2DE9F041 		push	{r4, r5, r6, r7, r8, lr}
 1632              		.cfi_def_cfa_offset 24
 1633              		.cfi_offset 4, -24
 1634              		.cfi_offset 5, -20
 1635              		.cfi_offset 6, -16
 1636              		.cfi_offset 7, -12
 1637              		.cfi_offset 8, -8
 1638              		.cfi_offset 14, -4
 1639              	.LPIC1:
 1640 0006 7B44     		add	r3, pc
 1641 0008 0446     		mov	r4, r0
 1642              		.loc 5 35 5 view .LVU505
 1643 000a 0D46     		mov	r5, r1
 1644              		.loc 5 34 17 view .LVU506
 1645 000c 2DED028B 		vpush.64	{d8}
 1646              		.cfi_def_cfa_offset 32
 1647              		.cfi_offset 80, -32
 1648              		.cfi_offset 81, -28
 1649              		.loc 5 35 5 view .LVU507
 1650 0010 0029     		cmp	r1, #0
 1651 0012 73D0     		beq	.L74
 1652              		.loc 5 38 5 is_stmt 1 view .LVU508
 1653              		.loc 5 38 15 is_stmt 0 view .LVU509
ARM GAS  /tmp/ccHvmxP5.s 			page 30


 1654 0014 0A68     		ldr	r2, [r1]	@ unaligned
 1655              		.loc 5 38 44 view .LVU510
 1656 0016 4549     		ldr	r1, .L87+16
 1657              	.LVL145:
 1658              		.loc 5 38 44 view .LVU511
 1659 0018 5B58     		ldr	r3, [r3, r1]
 1660 001a 5B68     		ldr	r3, [r3, #4]	@ unaligned
 1661              		.loc 5 38 5 view .LVU512
 1662 001c 9A42     		cmp	r2, r3
 1663 001e 70D1     		bne	.L75
 1664              		.loc 5 41 5 is_stmt 1 view .LVU513
 1665              		.loc 5 41 10 is_stmt 0 view .LVU514
 1666 0020 6B68     		ldr	r3, [r5, #4]	@ unaligned
 1667 0022 03F4FE02 		and	r2, r3, #8323072
 1668              		.loc 5 41 5 view .LVU515
 1669 0026 B2F5003F 		cmp	r2, #131072
 1670 002a 6DD1     		bne	.L77
 1671              		.loc 5 41 9 discriminator 1 view .LVU516
 1672 002c 13F4FE4F 		tst	r3, #32512
 1673 0030 6AD1     		bne	.L77
 1674              		.loc 5 44 5 is_stmt 1 view .LVU517
 1675              		.loc 5 44 15 is_stmt 0 view .LVU518
 1676 0032 AA68     		ldr	r2, [r5, #8]	@ unaligned
 1677              		.loc 5 44 5 view .LVU519
 1678 0034 4BF68033 		movw	r3, #48000
 1679 0038 9A42     		cmp	r2, r3
 1680 003a 68D1     		bne	.L78
 1681              		.loc 5 47 5 is_stmt 1 view .LVU520
 1682 003c AB7B     		ldrb	r3, [r5, #14]	@ zero_extendqisi2
 1683 003e 022B     		cmp	r3, #2
 1684 0040 68D1     		bne	.L80
 1685              		.loc 5 47 35 is_stmt 0 discriminator 1 view .LVU521
 1686 0042 EB7B     		ldrb	r3, [r5, #15]	@ zero_extendqisi2
 1687 0044 022B     		cmp	r3, #2
 1688 0046 65D1     		bne	.L80
 1689              		.loc 5 50 5 is_stmt 1 view .LVU522
 1690              		.loc 5 50 22 is_stmt 0 view .LVU523
 1691 0048 6B69     		ldr	r3, [r5, #20]	@ unaligned
 1692              		.loc 5 50 5 view .LVU524
 1693 004a 2BB9     		cbnz	r3, .L72
 1694              	.LVL146:
 1695              	.L73:
 1696              		.loc 5 51 14 view .LVU525
 1697 004c 6FF00F00 		mvn	r0, #15
 1698              	.LVL147:
 1699              	.L71:
 1700              		.loc 5 72 3 view .LVU526
 1701 0050 BDEC028B 		vldm	sp!, {d8}
 1702              		.cfi_remember_state
 1703              		.cfi_restore 80
 1704              		.cfi_restore 81
 1705              		.cfi_def_cfa_offset 24
 1706 0054 BDE8F081 		pop	{r4, r5, r6, r7, r8, pc}
 1707              	.LVL148:
 1708              	.L72:
 1709              		.cfi_restore_state
 1710              		.loc 5 53 5 is_stmt 1 view .LVU527
ARM GAS  /tmp/ccHvmxP5.s 			page 31


 1711              		.loc 5 54 5 view .LVU528
 1712              		.loc 5 54 51 is_stmt 0 view .LVU529
 1713 0058 3048     		ldr	r0, .L87
 1714              	.LVL149:
 1715              		.loc 5 54 51 view .LVU530
 1716 005a 9847     		blx	r3
 1717              	.LVL150:
 1718              		.loc 5 55 5 is_stmt 1 view .LVU531
 1719 005c 0746     		mov	r7, r0
 1720 005e 0028     		cmp	r0, #0
 1721 0060 F4D0     		beq	.L73
 1722              		.loc 5 56 5 view .LVU532
 1723              		.loc 5 56 40 is_stmt 0 view .LVU533
 1724 0062 6B69     		ldr	r3, [r5, #20]	@ unaligned
 1725              		.loc 5 56 51 view .LVU534
 1726 0064 2D48     		ldr	r0, .L87
 1727              	.LVL151:
 1728              		.loc 5 56 51 view .LVU535
 1729 0066 9847     		blx	r3
 1730              	.LVL152:
 1731              		.loc 5 57 5 is_stmt 1 view .LVU536
 1732 0068 0646     		mov	r6, r0
 1733 006a 0028     		cmp	r0, #0
 1734 006c EED0     		beq	.L73
 1735              		.loc 5 59 5 view .LVU537
 1736              	.LBB228:
 1737              	.LBB229:
 1738              	.LBB230:
 1739              	.LBB231:
 1740              		.loc 1 17 12 is_stmt 0 view .LVU538
 1741 006e 0025     		movs	r5, #0
 1742              	.LVL153:
 1743              		.loc 1 17 12 view .LVU539
 1744              	.LBE231:
 1745              	.LBE230:
 1746              	.LBE229:
 1747              	.LBE228:
 1748              		.loc 5 59 15 view .LVU540
 1749 0070 FFF7FEFF 		bl	_Z10initSinLutv(PLT)
 1750              	.LVL154:
 1751              		.loc 5 60 5 is_stmt 1 view .LVU541
 1752              	.LBB259:
 1753              	.LBB254:
 1754              	.LBB236:
 1755              	.LBB232:
 1756              		.loc 1 17 12 is_stmt 0 view .LVU542
 1757 0074 DFF8B880 		ldr	r8, .L87+20
 1758              	.LBE232:
 1759              	.LBE236:
 1760              	.LBE254:
 1761              	.LBE259:
 1762              		.loc 5 60 16 view .LVU543
 1763 0078 FFF7FEFF 		bl	_Z11initHannLutv(PLT)
 1764              	.LVL155:
 1765              		.loc 5 62 5 is_stmt 1 view .LVU544
 1766              	.LBB260:
 1767              	.LBI228:
ARM GAS  /tmp/ccHvmxP5.s 			page 32


 1768              		.loc 3 42 8 view .LVU545
 1769              	.LBB255:
 1770              		.loc 3 43 5 view .LVU546
 1771              		.loc 3 43 9 is_stmt 0 view .LVU547
 1772 007c 284B     		ldr	r3, .L87+4
 1773              	.LBB237:
 1774              	.LBB233:
 1775              		.loc 1 18 11 view .LVU548
 1776 007e 2946     		mov	r1, r5
 1777 0080 264A     		ldr	r2, .L87
 1778 0082 3846     		mov	r0, r7
 1779              	.LBE233:
 1780              	.LBE237:
 1781              		.loc 3 43 9 view .LVU549
 1782 0084 2360     		str	r3, [r4]	@ float
 1783              		.loc 3 44 5 is_stmt 1 view .LVU550
 1784              	.LVL156:
 1785              	.LBB238:
 1786              	.LBI230:
 1787              		.loc 1 14 8 view .LVU551
 1788              	.LBB234:
 1789              		.loc 1 15 5 view .LVU552
 1790              		.loc 1 15 12 is_stmt 0 view .LVU553
 1791 0086 2767     		str	r7, [r4, #112]
 1792              		.loc 1 16 5 is_stmt 1 view .LVU554
 1793              	.LBE234:
 1794              	.LBE238:
 1795              	.LBB239:
 1796              	.LBB240:
 1797              		.loc 3 88 42 is_stmt 0 view .LVU555
 1798 0088 9FED268A 		vldr.32	s16, .L87+8
 1799              	.LBE240:
 1800              	.LBE239:
 1801              	.LBB246:
 1802              	.LBB235:
 1803              		.loc 1 17 12 view .LVU556
 1804 008c C4E91D85 		strd	r8, r5, [r4, #116]
 1805              		.loc 1 18 5 is_stmt 1 view .LVU557
 1806              		.loc 1 18 11 is_stmt 0 view .LVU558
 1807 0090 FFF7FEFF 		bl	memset(PLT)
 1808              	.LVL157:
 1809              		.loc 1 18 11 view .LVU559
 1810              	.LBE235:
 1811              	.LBE246:
 1812              		.loc 3 45 5 is_stmt 1 view .LVU560
 1813              	.LBB247:
 1814              	.LBI247:
 1815              		.loc 1 14 8 view .LVU561
 1816              	.LBB248:
 1817              		.loc 1 15 5 view .LVU562
 1818              		.loc 1 18 11 is_stmt 0 view .LVU563
 1819 0094 214A     		ldr	r2, .L87
 1820 0096 2946     		mov	r1, r5
 1821 0098 3046     		mov	r0, r6
 1822              		.loc 1 17 12 view .LVU564
 1823 009a C4F88450 		str	r5, [r4, #132]
 1824              		.loc 1 16 12 view .LVU565
ARM GAS  /tmp/ccHvmxP5.s 			page 33


 1825 009e C4E91F68 		strd	r6, r8, [r4, #124]
 1826              		.loc 1 17 5 is_stmt 1 view .LVU566
 1827              		.loc 1 18 5 view .LVU567
 1828              		.loc 1 18 11 is_stmt 0 view .LVU568
 1829 00a2 FFF7FEFF 		bl	memset(PLT)
 1830              	.LVL158:
 1831              		.loc 1 18 11 view .LVU569
 1832              	.LBE248:
 1833              	.LBE247:
 1834              		.loc 3 46 5 is_stmt 1 view .LVU570
 1835              		.loc 3 46 19 is_stmt 0 view .LVU571
 1836 00a6 04F13800 		add	r0, r4, #56
 1837 00aa FFF7FEFF 		bl	_ZN6Biquad5resetEv(PLT)
 1838              	.LVL159:
 1839              		.loc 3 46 23 is_stmt 1 view .LVU572
 1840              		.loc 3 46 37 is_stmt 0 view .LVU573
 1841 00ae 04F15400 		add	r0, r4, #84
 1842 00b2 FFF7FEFF 		bl	_ZN6Biquad5resetEv(PLT)
 1843              	.LVL160:
 1844              		.loc 3 47 5 is_stmt 1 view .LVU574
 1845              		.loc 3 47 14 is_stmt 0 view .LVU575
 1846 00b6 2946     		mov	r1, r5
 1847 00b8 2046     		mov	r0, r4
 1848              	.LBB249:
 1849              	.LBB241:
 1850              		.loc 3 86 15 view .LVU576
 1851 00ba 4FF07C56 		mov	r6, #1056964608
 1852              	.LVL161:
 1853              		.loc 3 86 15 view .LVU577
 1854              	.LBE241:
 1855              	.LBE249:
 1856              		.loc 3 47 14 view .LVU578
 1857 00be FFF7FEFF 		bl	_ZN15UnderpassEngine9setPresetEi(PLT)
 1858              	.LVL162:
 1859              		.loc 3 48 5 is_stmt 1 view .LVU579
 1860              	.LBB250:
 1861              	.LBI239:
 1862              		.loc 3 85 8 view .LVU580
 1863              	.LBB242:
 1864              		.loc 3 86 5 view .LVU581
 1865              		.loc 3 88 42 is_stmt 0 view .LVU582
 1866 00c2 94ED007A 		vldr.32	s14, [r4]
 1867              	.LBE242:
 1868              	.LBE250:
 1869              	.LBE255:
 1870              	.LBE260:
 1871              		.loc 5 65 20 view .LVU583
 1872 00c6 0123     		movs	r3, #1
 1873              		.loc 5 68 25 view .LVU584
 1874 00c8 2046     		mov	r0, r4
 1875              	.LBB261:
 1876              	.LBB256:
 1877              	.LBB251:
 1878              	.LBB243:
 1879              		.loc 3 88 42 view .LVU585
 1880 00ca C8EE077A 		vdiv.f32	s15, s16, s14
 1881              	.LBE243:
ARM GAS  /tmp/ccHvmxP5.s 			page 34


 1882              	.LBE251:
 1883              	.LBE256:
 1884              	.LBE261:
 1885              		.loc 5 68 25 view .LVU586
 1886 00ce 2946     		mov	r1, r5
 1887              		.loc 5 65 20 view .LVU587
 1888 00d0 C4F88830 		str	r3, [r4, #136]
 1889              		.loc 5 67 20 view .LVU588
 1890 00d4 40F2FF13 		movw	r3, #511
 1891              	.LBB262:
 1892              	.LBB257:
 1893              	.LBB252:
 1894              	.LBB244:
 1895              		.loc 3 86 15 view .LVU589
 1896 00d8 E660     		str	r6, [r4, #12]	@ float
 1897              		.loc 3 88 5 is_stmt 1 view .LVU590
 1898              	.LVL163:
 1899              		.loc 3 88 5 is_stmt 0 view .LVU591
 1900              	.LBE244:
 1901              	.LBE252:
 1902              	.LBE257:
 1903              	.LBE262:
 1904              		.loc 4 96 49 is_stmt 1 view .LVU592
 1905              		.loc 5 66 20 is_stmt 0 view .LVU593
 1906 00da 84F88C50 		strb	r5, [r4, #140]
 1907              		.loc 5 67 20 view .LVU594
 1908 00de C4F89030 		str	r3, [r4, #144]
 1909              	.LBB263:
 1910              	.LBB258:
 1911              	.LBB253:
 1912              	.LBB245:
 1913              		.loc 3 88 15 view .LVU595
 1914 00e2 C4ED027A 		vstr.32	s15, [r4, #8]
 1915              	.LVL164:
 1916              		.loc 3 88 15 view .LVU596
 1917              	.LBE245:
 1918              	.LBE253:
 1919              	.LBE258:
 1920              	.LBE263:
 1921              		.loc 5 65 5 is_stmt 1 view .LVU597
 1922              		.loc 5 66 5 view .LVU598
 1923              		.loc 5 67 5 view .LVU599
 1924              		.loc 5 68 5 view .LVU600
 1925              		.loc 5 68 25 is_stmt 0 view .LVU601
 1926 00e6 FFF7FEFF 		bl	_ZN15UnderpassEngine9setPresetEi(PLT)
 1927              	.LVL165:
 1928              		.loc 5 69 5 is_stmt 1 view .LVU602
 1929              		.loc 5 136 5 view .LVU603
 1930              		.loc 5 137 5 view .LVU604
 1931              		.loc 5 138 5 view .LVU605
 1932              	.LBB264:
 1933              	.LBI264:
 1934              		.loc 3 85 8 view .LVU606
 1935              	.LBB265:
 1936              		.loc 3 86 5 view .LVU607
 1937              		.loc 3 88 42 is_stmt 0 view .LVU608
 1938 00ea 94ED007A 		vldr.32	s14, [r4]
ARM GAS  /tmp/ccHvmxP5.s 			page 35


 1939              	.LBE265:
 1940              	.LBE264:
 1941              		.loc 5 71 12 view .LVU609
 1942 00ee 2846     		mov	r0, r5
 1943              	.LBB268:
 1944              	.LBB266:
 1945              		.loc 3 86 15 view .LVU610
 1946 00f0 E660     		str	r6, [r4, #12]	@ float
 1947              		.loc 3 88 5 is_stmt 1 view .LVU611
 1948              	.LVL166:
 1949              		.loc 3 88 5 is_stmt 0 view .LVU612
 1950              	.LBE266:
 1951              	.LBE268:
 1952              		.loc 4 96 49 is_stmt 1 view .LVU613
 1953              	.LBB269:
 1954              	.LBB267:
 1955              		.loc 3 88 42 is_stmt 0 view .LVU614
 1956 00f2 C8EE077A 		vdiv.f32	s15, s16, s14
 1957              		.loc 3 88 15 view .LVU615
 1958 00f6 C4ED027A 		vstr.32	s15, [r4, #8]
 1959              		.loc 3 89 3 view .LVU616
 1960 00fa A9E7     		b	.L71
 1961              	.LVL167:
 1962              	.L74:
 1963              		.loc 3 89 3 view .LVU617
 1964              	.LBE267:
 1965              	.LBE269:
 1966              		.loc 5 36 14 view .LVU618
 1967 00fc 6FF01F00 		mvn	r0, #31
 1968              	.LVL168:
 1969              		.loc 5 36 14 view .LVU619
 1970 0100 A6E7     		b	.L71
 1971              	.LVL169:
 1972              	.L75:
 1973              		.loc 5 39 14 view .LVU620
 1974 0102 4FF0FF30 		mov	r0, #-1
 1975              	.LVL170:
 1976              		.loc 5 39 14 view .LVU621
 1977 0106 A3E7     		b	.L71
 1978              	.LVL171:
 1979              	.L77:
 1980              		.loc 5 42 14 view .LVU622
 1981 0108 6FF00100 		mvn	r0, #1
 1982              	.LVL172:
 1983              		.loc 5 42 14 view .LVU623
 1984 010c A0E7     		b	.L71
 1985              	.LVL173:
 1986              	.L78:
 1987              		.loc 5 45 14 view .LVU624
 1988 010e 6FF00300 		mvn	r0, #3
 1989              	.LVL174:
 1990              		.loc 5 45 14 view .LVU625
 1991 0112 9DE7     		b	.L71
 1992              	.LVL175:
 1993              	.L80:
 1994              		.loc 5 48 14 view .LVU626
 1995 0114 6FF00700 		mvn	r0, #7
ARM GAS  /tmp/ccHvmxP5.s 			page 36


 1996              	.LVL176:
 1997              		.loc 5 48 14 view .LVU627
 1998 0118 9AE7     		b	.L71
 1999              	.L88:
 2000 011a 00BF     		.align	2
 2001              	.L87:
 2002 011c 00B80B00 		.word	768000
 2003 0120 00803B47 		.word	1195081728
 2004 0124 CDCC8C3E 		.word	1049414861
 2005 0128 1E010000 		.word	_GLOBAL_OFFSET_TABLE_-(.LPIC1+4)
 2006 012c 00000000 		.word	unit_header(GOT)
 2007 0130 00EE0200 		.word	192000
 2008              		.cfi_endproc
 2009              	.LFE511:
 2010              		.size	_ZN6Effect4InitEPK17unit_runtime_desc, .-_ZN6Effect4InitEPK17unit_runtime_desc
 2011              		.text
 2012              		.align	1
 2013              		.global	unit_init
 2014              		.syntax unified
 2015              		.thumb
 2016              		.thumb_func
 2017              		.fpu fpv4-sp-d16
 2018              		.type	unit_init, %function
 2019              	unit_init:
 2020              	.LVL177:
 2021              	.LFB524:
 2022              		.loc 5 153 67 is_stmt 1 view -0
 2023              		.cfi_startproc
 2024              		@ args = 0, pretend = 0, frame = 0
 2025              		@ frame_needed = 0, uses_anonymous_args = 0
 2026              		.loc 5 154 3 view .LVU629
 2027              		.loc 5 153 67 is_stmt 0 view .LVU630
 2028 0000 0146     		mov	r1, r0
 2029              		.loc 5 154 32 view .LVU631
 2030 0002 0348     		ldr	r0, .L90
 2031              	.LVL178:
 2032              		.loc 5 153 67 view .LVU632
 2033 0004 08B5     		push	{r3, lr}
 2034              		.cfi_def_cfa_offset 8
 2035              		.cfi_offset 3, -8
 2036              		.cfi_offset 14, -4
 2037              		.loc 5 154 32 view .LVU633
 2038              	.LPIC2:
 2039 0006 7844     		add	r0, pc
 2040 0008 FFF7FEFF 		bl	_ZN6Effect4InitEPK17unit_runtime_desc(PLT)
 2041              	.LVL179:
 2042              		.loc 5 155 1 view .LVU634
 2043 000c 08BD     		pop	{r3, pc}
 2044              	.L91:
 2045 000e 00BF     		.align	2
 2046              	.L90:
 2047 0010 06000000 		.word	.LANCHOR0-(.LPIC2+4)
 2048              		.cfi_endproc
 2049              	.LFE524:
 2050              		.size	unit_init, .-unit_init
 2051              		.align	1
 2052              		.global	unit_teardown
ARM GAS  /tmp/ccHvmxP5.s 			page 37


 2053              		.syntax unified
 2054              		.thumb
 2055              		.thumb_func
 2056              		.fpu fpv4-sp-d16
 2057              		.type	unit_teardown, %function
 2058              	unit_teardown:
 2059              	.LFB525:
 2060              		.loc 5 156 39 is_stmt 1 view -0
 2061              		.cfi_startproc
 2062              		@ args = 0, pretend = 0, frame = 0
 2063              		@ frame_needed = 0, uses_anonymous_args = 0
 2064              		@ link register save eliminated.
 2065              		.loc 5 156 41 view .LVU636
 2066              	.LVL180:
 2067              		.loc 5 156 71 is_stmt 0 view .LVU637
 2068 0014 7047     		bx	lr
 2069              		.cfi_endproc
 2070              	.LFE525:
 2071              		.size	unit_teardown, .-unit_teardown
 2072              		.align	1
 2073              		.global	unit_reset
 2074              		.syntax unified
 2075              		.thumb
 2076              		.thumb_func
 2077              		.fpu fpv4-sp-d16
 2078              		.type	unit_reset, %function
 2079              	unit_reset:
 2080              	.LFB551:
 2081              		.cfi_startproc
 2082              		@ args = 0, pretend = 0, frame = 0
 2083              		@ frame_needed = 0, uses_anonymous_args = 0
 2084              		@ link register save eliminated.
 2085 0016 7047     		bx	lr
 2086              		.cfi_endproc
 2087              	.LFE551:
 2088              		.size	unit_reset, .-unit_reset
 2089              		.align	1
 2090              		.global	unit_resume
 2091              		.syntax unified
 2092              		.thumb
 2093              		.thumb_func
 2094              		.fpu fpv4-sp-d16
 2095              		.type	unit_resume, %function
 2096              	unit_resume:
 2097              	.LFB553:
 2098              		.cfi_startproc
 2099              		@ args = 0, pretend = 0, frame = 0
 2100              		@ frame_needed = 0, uses_anonymous_args = 0
 2101              		@ link register save eliminated.
 2102 0018 7047     		bx	lr
 2103              		.cfi_endproc
 2104              	.LFE553:
 2105              		.size	unit_resume, .-unit_resume
 2106              		.align	1
 2107              		.global	unit_suspend
 2108              		.syntax unified
 2109              		.thumb
ARM GAS  /tmp/ccHvmxP5.s 			page 38


 2110              		.thumb_func
 2111              		.fpu fpv4-sp-d16
 2112              		.type	unit_suspend, %function
 2113              	unit_suspend:
 2114              	.LFB555:
 2115              		.cfi_startproc
 2116              		@ args = 0, pretend = 0, frame = 0
 2117              		@ frame_needed = 0, uses_anonymous_args = 0
 2118              		@ link register save eliminated.
 2119 001a 7047     		bx	lr
 2120              		.cfi_endproc
 2121              	.LFE555:
 2122              		.size	unit_suspend, .-unit_suspend
 2123              		.align	1
 2124              		.global	unit_render
 2125              		.syntax unified
 2126              		.thumb
 2127              		.thumb_func
 2128              		.fpu fpv4-sp-d16
 2129              		.type	unit_render, %function
 2130              	unit_render:
 2131              	.LVL181:
 2132              	.LFB529:
 2133              		.loc 5 160 80 is_stmt 1 view -0
 2134              		.cfi_startproc
 2135              		@ args = 0, pretend = 0, frame = 0
 2136              		@ frame_needed = 0, uses_anonymous_args = 0
 2137              		.loc 5 161 3 view .LVU639
 2138              	.LBB278:
 2139              	.LBI278:
 2140              		.loc 5 79 15 view .LVU640
 2141              	.LBE278:
 2142              		.loc 5 80 5 view .LVU641
 2143              		.loc 5 160 80 is_stmt 0 view .LVU642
 2144 001c 10B5     		push	{r4, lr}
 2145              		.cfi_def_cfa_offset 8
 2146              		.cfi_offset 4, -8
 2147              		.cfi_offset 14, -4
 2148              	.LBB283:
 2149              	.LBB279:
 2150              		.loc 5 80 9 view .LVU643
 2151 001e 0E4C     		ldr	r4, .L101
 2152              	.LPIC3:
 2153 0020 7C44     		add	r4, pc
 2154              		.loc 5 80 5 view .LVU644
 2155 0022 94F88C30 		ldrb	r3, [r4, #140]	@ zero_extendqisi2
 2156 0026 83B1     		cbz	r3, .L97
 2157              	.LBE279:
 2158              	.LBB280:
 2159              	.LBB281:
 2160              		.loc 5 81 21 view .LVU645
 2161 0028 0023     		movs	r3, #0
 2162              	.LVL182:
 2163              	.L99:
 2164              		.loc 5 81 30 is_stmt 1 view .LVU646
 2165 002a 9A42     		cmp	r2, r3
 2166 002c 00F10800 		add	r0, r0, #8
ARM GAS  /tmp/ccHvmxP5.s 			page 39


 2167 0030 01F10801 		add	r1, r1, #8
 2168 0034 0FD0     		beq	.L96
 2169              		.loc 5 82 9 view .LVU647
 2170              		.loc 5 82 34 is_stmt 0 view .LVU648
 2171 0036 50F8084C 		ldr	r4, [r0, #-8]	@ float
 2172              		.loc 5 81 7 view .LVU649
 2173 003a 0133     		adds	r3, r3, #1
 2174              	.LVL183:
 2175              		.loc 5 82 24 view .LVU650
 2176 003c 41F8084C 		str	r4, [r1, #-8]	@ float
 2177              		.loc 5 83 9 is_stmt 1 view .LVU651
 2178              		.loc 5 83 38 is_stmt 0 view .LVU652
 2179 0040 50F8044C 		ldr	r4, [r0, #-4]	@ float
 2180              		.loc 5 83 24 view .LVU653
 2181 0044 41F8044C 		str	r4, [r1, #-4]	@ float
 2182              		.loc 5 81 7 is_stmt 1 view .LVU654
 2183              	.LVL184:
 2184              		.loc 5 81 7 is_stmt 0 view .LVU655
 2185 0048 EFE7     		b	.L99
 2186              	.LVL185:
 2187              	.L97:
 2188              		.loc 5 81 7 view .LVU656
 2189              	.LBE281:
 2190              	.LBE280:
 2191              	.LBB282:
 2192              		.loc 5 86 7 is_stmt 1 view .LVU657
 2193              		.loc 5 86 25 is_stmt 0 view .LVU658
 2194 004a 1346     		mov	r3, r2
 2195 004c 0A46     		mov	r2, r1
 2196              	.LVL186:
 2197              		.loc 5 86 25 view .LVU659
 2198 004e 0146     		mov	r1, r0
 2199              	.LVL187:
 2200              		.loc 5 86 25 view .LVU660
 2201 0050 2046     		mov	r0, r4
 2202              	.LVL188:
 2203              		.loc 5 86 25 view .LVU661
 2204 0052 FFF7FEFF 		bl	_ZN15UnderpassEngine7processEPKfPfm(PLT)
 2205              	.LVL189:
 2206              	.L96:
 2207              		.loc 5 86 25 view .LVU662
 2208              	.LBE282:
 2209              	.LBE283:
 2210              		.loc 5 162 1 view .LVU663
 2211 0056 10BD     		pop	{r4, pc}
 2212              	.L102:
 2213              		.align	2
 2214              	.L101:
 2215 0058 34000000 		.word	.LANCHOR0-(.LPIC3+4)
 2216              		.cfi_endproc
 2217              	.LFE529:
 2218              		.size	unit_render, .-unit_render
 2219              		.align	1
 2220              		.global	unit_set_param_value
 2221              		.syntax unified
 2222              		.thumb
 2223              		.thumb_func
ARM GAS  /tmp/ccHvmxP5.s 			page 40


 2224              		.fpu fpv4-sp-d16
 2225              		.type	unit_set_param_value, %function
 2226              	unit_set_param_value:
 2227              	.LVL190:
 2228              	.LFB530:
 2229              		.loc 5 163 70 is_stmt 1 view -0
 2230              		.cfi_startproc
 2231              		@ args = 0, pretend = 0, frame = 0
 2232              		@ frame_needed = 0, uses_anonymous_args = 0
 2233              		.loc 5 164 3 view .LVU665
 2234              	.LBB298:
 2235              	.LBI298:
 2236              		.loc 5 90 15 view .LVU666
 2237              	.LBB299:
 2238              		.loc 5 91 5 view .LVU667
 2239              	.LBE299:
 2240              	.LBE298:
 2241              		.loc 5 163 70 is_stmt 0 view .LVU668
 2242 005c 08B5     		push	{r3, lr}
 2243              		.cfi_def_cfa_offset 8
 2244              		.cfi_offset 3, -8
 2245              		.cfi_offset 14, -4
 2246              	.LBB329:
 2247              	.LBB324:
 2248              		.loc 5 91 5 view .LVU669
 2249 005e 10B1     		cbz	r0, .L104
 2250 0060 0128     		cmp	r0, #1
 2251 0062 14D0     		beq	.L105
 2252              	.LVL191:
 2253              	.L103:
 2254              		.loc 5 91 5 view .LVU670
 2255              	.LBE324:
 2256              	.LBE329:
 2257              		.loc 5 165 1 view .LVU671
 2258 0064 08BD     		pop	{r3, pc}
 2259              	.LVL192:
 2260              	.L104:
 2261              	.LBB330:
 2262              	.LBB325:
 2263              	.LBB300:
 2264              	.LBI300:
 2265              		.loc 5 90 15 is_stmt 1 view .LVU672
 2266              	.LBB301:
 2267              		.loc 5 92 7 view .LVU673
 2268              		.loc 5 92 15 view .LVU674
 2269              		.loc 5 94 9 view .LVU675
 2270              		.loc 5 94 9 is_stmt 0 view .LVU676
 2271              	.LBE301:
 2272              	.LBE300:
 2273              	.LBE325:
 2274              	.LBE330:
 2275              		.file 6 "/workspace/nts-3_kaoss/common/utils/int_math.h"
 2276              		.loc 6 78 3 is_stmt 1 view .LVU677
 2277 0066 21EAE173 		bic	r3, r1, r1, asr #31
 2278              	.LBB331:
 2279              	.LBB326:
 2280              	.LBB303:
ARM GAS  /tmp/ccHvmxP5.s 			page 41


 2281              	.LBB302:
 2282              		.loc 5 94 19 is_stmt 0 view .LVU678
 2283 006a 2C48     		ldr	r0, .L110+16
 2284              	.LVL193:
 2285              		.loc 5 94 19 view .LVU679
 2286 006c 042B     		cmp	r3, #4
 2287              	.LPIC5:
 2288 006e 7844     		add	r0, pc
 2289 0070 A8BF     		it	ge
 2290 0072 0423     		movge	r3, #4
 2291              	.LVL194:
 2292              		.loc 5 95 30 view .LVU680
 2293 0074 0029     		cmp	r1, #0
 2294 0076 D4BF     		ite	le
 2295 0078 0122     		movle	r2, #1
 2296 007a 0022     		movgt	r2, #0
 2297              		.loc 5 94 19 view .LVU681
 2298 007c C0F88830 		str	r3, [r0, #136]
 2299              		.loc 5 95 9 is_stmt 1 view .LVU682
 2300              		.loc 5 95 30 is_stmt 0 view .LVU683
 2301 0080 80F88C20 		strb	r2, [r0, #140]
 2302              		.loc 5 96 9 is_stmt 1 view .LVU684
 2303 0084 EEDD     		ble	.L103
 2304              		.loc 5 97 11 view .LVU685
 2305              		.loc 5 97 31 is_stmt 0 view .LVU686
 2306 0086 591E     		subs	r1, r3, #1
 2307              	.LVL195:
 2308              		.loc 5 97 31 view .LVU687
 2309 0088 FFF7FEFF 		bl	_ZN15UnderpassEngine9setPresetEi(PLT)
 2310              	.LVL196:
 2311 008c EAE7     		b	.L103
 2312              	.LVL197:
 2313              	.L105:
 2314              		.loc 5 97 31 view .LVU688
 2315              	.LBE302:
 2316              	.LBE303:
 2317              		.loc 5 100 7 is_stmt 1 view .LVU689
 2318              		.loc 5 100 15 view .LVU690
 2319              		.loc 5 102 9 view .LVU691
 2320              		.loc 5 102 9 is_stmt 0 view .LVU692
 2321              	.LBE326:
 2322              	.LBE331:
 2323              		.loc 6 78 3 is_stmt 1 view .LVU693
 2324 008e 81F30A01 		usat	r1, #10, r1
 2325              	.LVL198:
 2326              	.LBB332:
 2327              	.LBB327:
 2328              	.LBB304:
 2329              	.LBB305:
 2330              		.loc 5 136 17 is_stmt 0 view .LVU694
 2331 0092 9FED1E7A 		vldr.32	s14, .L110
 2332              		.loc 5 137 54 view .LVU695
 2333 0096 F2EE046A 		vmov.f32	s13, #1.0e+1
 2334              	.LBE305:
 2335              	.LBE304:
 2336              		.loc 5 102 24 view .LVU696
 2337 009a 214B     		ldr	r3, .L110+20
ARM GAS  /tmp/ccHvmxP5.s 			page 42


 2338              	.LBB310:
 2339              	.LBB306:
 2340              		.loc 5 136 29 view .LVU697
 2341 009c 07EE901A 		vmov	s15, r1	@ int
 2342              	.LBE306:
 2343              	.LBE310:
 2344              		.loc 5 102 24 view .LVU698
 2345              	.LPIC8:
 2346 00a0 7B44     		add	r3, pc
 2347              	.LBB311:
 2348              	.LBB307:
 2349              		.loc 5 136 29 view .LVU699
 2350 00a2 F8EEE77A 		vcvt.f32.s32	s15, s15
 2351              	.LBE307:
 2352              	.LBE311:
 2353              		.loc 5 102 24 view .LVU700
 2354 00a6 C3F89010 		str	r1, [r3, #144]
 2355              		.loc 5 103 9 is_stmt 1 view .LVU701
 2356              	.LVL199:
 2357              	.LBB312:
 2358              	.LBI304:
 2359              		.loc 5 135 23 view .LVU702
 2360              	.LBB308:
 2361              		.loc 5 136 5 view .LVU703
 2362              		.loc 5 137 5 view .LVU704
 2363              		.loc 5 136 17 is_stmt 0 view .LVU705
 2364 00aa 87EE876A 		vdiv.f32	s12, s15, s14
 2365              	.LVL200:
 2366              		.loc 5 137 54 view .LVU706
 2367 00ae B6EE007A 		vmov.f32	s14, #5.0e-1
 2368 00b2 A6EE267A 		vfma.f32	s14, s12, s13
 2369              		.loc 5 137 36 view .LVU707
 2370 00b6 BDEEC77A 		vcvt.s32.f32	s14, s14
 2371              		.loc 5 137 29 view .LVU708
 2372 00ba B8EEC77A 		vcvt.f32.s32	s14, s14
 2373              		.loc 5 137 17 view .LVU709
 2374 00be C7EE267A 		vdiv.f32	s15, s14, s13
 2375              	.LVL201:
 2376              		.loc 5 138 5 is_stmt 1 view .LVU710
 2377              		.loc 5 138 30 is_stmt 0 view .LVU711
 2378 00c2 F5EEC07A 		vcmpe.f32	s15, #0
 2379 00c6 F1EE10FA 		vmrs	APSR_nzcv, FPSCR
 2380 00ca 1BD4     		bmi	.L108
 2381              		.loc 5 138 56 view .LVU712
 2382 00cc B7EE007A 		vmov.f32	s14, #1.0e+0
 2383 00d0 F4EE477A 		vcmp.f32	s15, s14
 2384 00d4 F1EE10FA 		vmrs	APSR_nzcv, FPSCR
 2385 00d8 C8BF     		it	gt
 2386 00da F0EE477A 		vmovgt.f32	s15, s14
 2387              	.LVL202:
 2388              	.L107:
 2389              		.loc 5 138 56 view .LVU713
 2390              	.LBE308:
 2391              	.LBE312:
 2392              	.LBB313:
 2393              	.LBI313:
 2394              		.loc 3 85 8 is_stmt 1 view .LVU714
ARM GAS  /tmp/ccHvmxP5.s 			page 43


 2395              	.LBB314:
 2396              		.loc 3 86 5 view .LVU715
 2397              	.LBB315:
 2398              	.LBB316:
 2399              		.loc 4 96 70 is_stmt 0 view .LVU716
 2400 00de DFED0C6A 		vldr.32	s13, .L110+4
 2401 00e2 9FED0C7A 		vldr.32	s14, .L110+8
 2402              	.LBE316:
 2403              	.LBE315:
 2404              		.loc 3 86 15 view .LVU717
 2405 00e6 0F4B     		ldr	r3, .L110+24
 2406              	.LBB320:
 2407              	.LBB317:
 2408              		.loc 4 96 70 view .LVU718
 2409 00e8 A7EEA67A 		vfma.f32	s14, s15, s13
 2410              	.LBE317:
 2411              	.LBE320:
 2412              		.loc 3 86 15 view .LVU719
 2413              	.LPIC9:
 2414 00ec 7B44     		add	r3, pc
 2415 00ee C3ED037A 		vstr.32	s15, [r3, #12]
 2416              		.loc 3 88 5 is_stmt 1 view .LVU720
 2417              	.LVL203:
 2418              	.LBB321:
 2419              	.LBI315:
 2420              		.loc 4 96 14 view .LVU721
 2421              	.LBB318:
 2422              		.loc 4 96 49 view .LVU722
 2423              	.LBE318:
 2424              	.LBE321:
 2425              		.loc 3 88 42 is_stmt 0 view .LVU723
 2426 00f2 D3ED006A 		vldr.32	s13, [r3]
 2427              	.LBB322:
 2428              	.LBB319:
 2429              		.loc 4 96 70 view .LVU724
 2430 00f6 F0EE477A 		vmov.f32	s15, s14
 2431              	.LVL204:
 2432              		.loc 4 96 70 view .LVU725
 2433              	.LBE319:
 2434              	.LBE322:
 2435              		.loc 3 88 42 view .LVU726
 2436 00fa 87EEA67A 		vdiv.f32	s14, s15, s13
 2437              		.loc 3 88 15 view .LVU727
 2438 00fe 83ED027A 		vstr.32	s14, [r3, #8]
 2439              	.LVL205:
 2440              		.loc 3 88 15 view .LVU728
 2441              	.LBE314:
 2442              	.LBE313:
 2443              	.LBE327:
 2444              	.LBE332:
 2445              		.loc 5 165 1 view .LVU729
 2446 0102 AFE7     		b	.L103
 2447              	.LVL206:
 2448              	.L108:
 2449              	.LBB333:
 2450              	.LBB328:
 2451              	.LBB323:
ARM GAS  /tmp/ccHvmxP5.s 			page 44


 2452              	.LBB309:
 2453              		.loc 5 138 30 view .LVU730
 2454 0104 DFED047A 		vldr.32	s15, .L110+12
 2455              	.LVL207:
 2456              		.loc 5 138 30 view .LVU731
 2457 0108 E9E7     		b	.L107
 2458              	.L111:
 2459 010a 00BF     		.align	2
 2460              	.L110:
 2461 010c 00C07F44 		.word	1149222912
 2462 0110 6666E63E 		.word	1055286886
 2463 0114 CDCC4C3D 		.word	1028443341
 2464 0118 00000000 		.word	0
 2465 011c AA000000 		.word	.LANCHOR0-(.LPIC5+4)
 2466 0120 7C000000 		.word	.LANCHOR0-(.LPIC8+4)
 2467 0124 34000000 		.word	.LANCHOR0-(.LPIC9+4)
 2468              	.LBE309:
 2469              	.LBE323:
 2470              	.LBE328:
 2471              	.LBE333:
 2472              		.cfi_endproc
 2473              	.LFE530:
 2474              		.size	unit_set_param_value, .-unit_set_param_value
 2475              		.align	1
 2476              		.global	unit_get_param_value
 2477              		.syntax unified
 2478              		.thumb
 2479              		.thumb_func
 2480              		.fpu fpv4-sp-d16
 2481              		.type	unit_get_param_value, %function
 2482              	unit_get_param_value:
 2483              	.LVL208:
 2484              	.LFB531:
 2485              		.loc 5 166 58 is_stmt 1 view -0
 2486              		.cfi_startproc
 2487              		@ args = 0, pretend = 0, frame = 0
 2488              		@ frame_needed = 0, uses_anonymous_args = 0
 2489              		@ link register save eliminated.
 2490              		.loc 5 167 3 view .LVU733
 2491              	.LBB336:
 2492              	.LBI336:
 2493              		.loc 5 111 18 view .LVU734
 2494              	.LBB337:
 2495              		.loc 5 112 5 view .LVU735
 2496 0128 20B1     		cbz	r0, .L113
 2497 012a 0128     		cmp	r0, #1
 2498 012c 07D0     		beq	.L114
 2499 012e 4FF00040 		mov	r0, #-2147483648
 2500              	.LVL209:
 2501              		.loc 5 112 5 is_stmt 0 view .LVU736
 2502 0132 7047     		bx	lr
 2503              	.LVL210:
 2504              	.L113:
 2505              		.loc 5 113 7 is_stmt 1 view .LVU737
 2506              		.loc 5 113 15 view .LVU738
 2507              		.loc 5 113 22 is_stmt 0 view .LVU739
 2508 0134 044B     		ldr	r3, .L116
ARM GAS  /tmp/ccHvmxP5.s 			page 45


 2509              	.LPIC12:
 2510 0136 7B44     		add	r3, pc
 2511 0138 D3F88800 		ldr	r0, [r3, #136]
 2512              	.LVL211:
 2513              		.loc 5 113 22 view .LVU740
 2514 013c 7047     		bx	lr
 2515              	.LVL212:
 2516              	.L114:
 2517              		.loc 5 114 7 is_stmt 1 view .LVU741
 2518              		.loc 5 114 15 view .LVU742
 2519              		.loc 5 114 22 is_stmt 0 view .LVU743
 2520 013e 034B     		ldr	r3, .L116+4
 2521              	.LPIC13:
 2522 0140 7B44     		add	r3, pc
 2523 0142 D3F89000 		ldr	r0, [r3, #144]
 2524              	.LVL213:
 2525              		.loc 5 114 22 view .LVU744
 2526              	.LBE337:
 2527              	.LBE336:
 2528              		.loc 5 168 1 view .LVU745
 2529 0146 7047     		bx	lr
 2530              	.L117:
 2531              		.align	2
 2532              	.L116:
 2533 0148 0E000000 		.word	.LANCHOR0-(.LPIC12+4)
 2534 014c 08000000 		.word	.LANCHOR0-(.LPIC13+4)
 2535              		.cfi_endproc
 2536              	.LFE531:
 2537              		.size	unit_get_param_value, .-unit_get_param_value
 2538              		.align	1
 2539              		.global	unit_get_param_str_value
 2540              		.syntax unified
 2541              		.thumb
 2542              		.thumb_func
 2543              		.fpu fpv4-sp-d16
 2544              		.type	unit_get_param_str_value, %function
 2545              	unit_get_param_str_value:
 2546              	.LVL214:
 2547              	.LFB532:
 2548              		.loc 5 169 81 is_stmt 1 view -0
 2549              		.cfi_startproc
 2550              		@ args = 0, pretend = 0, frame = 0
 2551              		@ frame_needed = 0, uses_anonymous_args = 0
 2552              		@ link register save eliminated.
 2553              		.loc 5 170 3 view .LVU747
 2554              	.LBB342:
 2555              	.LBI342:
 2556              		.loc 5 119 22 view .LVU748
 2557              	.LBB343:
 2558              		.loc 5 120 5 view .LVU749
 2559              	.LBE343:
 2560              	.LBE342:
 2561              		.loc 5 169 81 is_stmt 0 view .LVU750
 2562 0150 054B     		ldr	r3, .L122
 2563              	.LPIC14:
 2564 0152 7B44     		add	r3, pc
 2565              	.LBB347:
ARM GAS  /tmp/ccHvmxP5.s 			page 46


 2566              	.LBB346:
 2567              	.LBB344:
 2568              		.loc 5 120 5 view .LVU751
 2569 0154 30B9     		cbnz	r0, .L120
 2570              	.LBB345:
 2571              		.loc 5 121 7 is_stmt 1 view .LVU752
 2572              		.loc 5 122 7 view .LVU753
 2573 0156 0429     		cmp	r1, #4
 2574 0158 05D8     		bhi	.L118
 2575              		.loc 5 122 37 view .LVU754
 2576              		.loc 5 122 55 is_stmt 0 view .LVU755
 2577 015a 044A     		ldr	r2, .L122+4
 2578 015c 9B58     		ldr	r3, [r3, r2]
 2579 015e 53F82100 		ldr	r0, [r3, r1, lsl #2]
 2580              	.LVL215:
 2581              		.loc 5 122 55 view .LVU756
 2582 0162 7047     		bx	lr
 2583              	.LVL216:
 2584              	.L120:
 2585              		.loc 5 122 55 view .LVU757
 2586              	.LBE345:
 2587              	.LBE344:
 2588              		.loc 5 124 12 view .LVU758
 2589 0164 0020     		movs	r0, #0
 2590              	.LVL217:
 2591              	.L118:
 2592              		.loc 5 124 12 view .LVU759
 2593              	.LBE346:
 2594              	.LBE347:
 2595              		.loc 5 171 1 view .LVU760
 2596 0166 7047     		bx	lr
 2597              	.L123:
 2598              		.align	2
 2599              	.L122:
 2600 0168 12000000 		.word	_GLOBAL_OFFSET_TABLE_-(.LPIC14+4)
 2601 016c 00000000 		.word	_ZZNK6Effect20getParameterStrValueEhlE5names(GOT)
 2602              		.cfi_endproc
 2603              	.LFE532:
 2604              		.size	unit_get_param_str_value, .-unit_get_param_str_value
 2605              		.align	1
 2606              		.global	unit_set_tempo
 2607              		.syntax unified
 2608              		.thumb
 2609              		.thumb_func
 2610              		.fpu fpv4-sp-d16
 2611              		.type	unit_set_tempo, %function
 2612              	unit_set_tempo:
 2613              	.LVL218:
 2614              	.LFB533:
 2615              		.loc 5 172 53 is_stmt 1 view -0
 2616              		.cfi_startproc
 2617              		@ args = 0, pretend = 0, frame = 0
 2618              		@ frame_needed = 0, uses_anonymous_args = 0
 2619              		@ link register save eliminated.
 2620              		.loc 5 173 3 view .LVU762
 2621              		.loc 5 127 50 view .LVU763
 2622              		.loc 5 174 1 is_stmt 0 view .LVU764
ARM GAS  /tmp/ccHvmxP5.s 			page 47


 2623 0170 7047     		bx	lr
 2624              		.cfi_endproc
 2625              	.LFE533:
 2626              		.size	unit_set_tempo, .-unit_set_tempo
 2627              		.align	1
 2628              		.global	unit_tempo_4ppqn_tick
 2629              		.syntax unified
 2630              		.thumb
 2631              		.thumb_func
 2632              		.fpu fpv4-sp-d16
 2633              		.type	unit_tempo_4ppqn_tick, %function
 2634              	unit_tempo_4ppqn_tick:
 2635              	.LFB557:
 2636              		.cfi_startproc
 2637              		@ args = 0, pretend = 0, frame = 0
 2638              		@ frame_needed = 0, uses_anonymous_args = 0
 2639              		@ link register save eliminated.
 2640 0172 7047     		bx	lr
 2641              		.cfi_endproc
 2642              	.LFE557:
 2643              		.size	unit_tempo_4ppqn_tick, .-unit_tempo_4ppqn_tick
 2644              		.align	1
 2645              		.global	unit_touch_event
 2646              		.syntax unified
 2647              		.thumb
 2648              		.thumb_func
 2649              		.fpu fpv4-sp-d16
 2650              		.type	unit_touch_event, %function
 2651              	unit_touch_event:
 2652              	.LVL219:
 2653              	.LFB535:
 2654              		.loc 5 178 90 is_stmt 1 view -0
 2655              		.cfi_startproc
 2656              		@ args = 0, pretend = 0, frame = 0
 2657              		@ frame_needed = 0, uses_anonymous_args = 0
 2658              		@ link register save eliminated.
 2659              		.loc 5 179 3 view .LVU766
 2660              		.loc 5 130 5 view .LVU767
 2661              		.loc 5 130 15 view .LVU768
 2662              		.loc 5 130 28 view .LVU769
 2663              		.loc 5 130 37 view .LVU770
 2664              		.loc 5 180 1 is_stmt 0 view .LVU771
 2665 0174 7047     		bx	lr
 2666              		.cfi_endproc
 2667              	.LFE535:
 2668              		.size	unit_touch_event, .-unit_touch_event
 2669              		.section	.text.startup,"ax",%progbits
 2670              		.align	1
 2671              		.syntax unified
 2672              		.thumb
 2673              		.thumb_func
 2674              		.fpu fpv4-sp-d16
 2675              		.type	_GLOBAL__sub_I_unit.cc, %function
 2676              	_GLOBAL__sub_I_unit.cc:
 2677              	.LFB537:
 2678              		.loc 5 180 1 is_stmt 1 view -0
 2679              		.cfi_startproc
ARM GAS  /tmp/ccHvmxP5.s 			page 48


 2680              		@ args = 0, pretend = 0, frame = 0
 2681              		@ frame_needed = 0, uses_anonymous_args = 0
 2682              	.LVL220:
 2683              	.LBB374:
 2684              	.LBI374:
 2685              		.loc 5 180 1 view .LVU773
 2686              	.LBB375:
 2687              	.LBI375:
 2688              		.loc 5 180 1 view .LVU774
 2689              	.LBB376:
 2690              	.LBB377:
 2691              	.LBI377:
 2692              		.loc 5 31 3 view .LVU775
 2693              	.LBB378:
 2694              	.LBB379:
 2695              	.LBB380:
 2696              	.LBI380:
 2697              		.loc 3 33 3 view .LVU776
 2698              	.LBE380:
 2699              	.LBE379:
 2700              	.LBE378:
 2701              	.LBE377:
 2702              	.LBE376:
 2703              	.LBE375:
 2704              	.LBE374:
 2705              		.loc 5 180 1 is_stmt 0 view .LVU777
 2706 0000 70B5     		push	{r4, r5, r6, lr}
 2707              		.cfi_def_cfa_offset 16
 2708              		.cfi_offset 4, -16
 2709              		.cfi_offset 5, -12
 2710              		.cfi_offset 6, -8
 2711              		.cfi_offset 14, -4
 2712              	.LBB411:
 2713              	.LBB410:
 2714              	.LBB409:
 2715              	.LBB408:
 2716              	.LBB407:
 2717              	.LBB406:
 2718              	.LBB403:
 2719              	.LBB381:
 2720              	.LBB382:
 2721              		.loc 3 37 56 view .LVU778
 2722 0002 184C     		ldr	r4, .L128+4
 2723 0004 0026     		movs	r6, #0
 2724 0006 164B     		ldr	r3, .L128
 2725 0008 0025     		movs	r5, #0
 2726              	.LPIC15:
 2727 000a 7C44     		add	r4, pc
 2728 000c 2360     		str	r3, [r4]	@ float
 2729 000e 4FF07C53 		mov	r3, #1056964608
 2730              	.LBB383:
 2731              	.LBB384:
 2732              	.LBB385:
 2733              		.loc 2 11 19 view .LVU779
 2734 0012 04F13800 		add	r0, r4, #56
 2735              	.LBE385:
 2736              	.LBE384:
ARM GAS  /tmp/ccHvmxP5.s 			page 49


 2737              	.LBE383:
 2738              		.loc 3 37 56 view .LVU780
 2739 0016 6660     		str	r6, [r4, #4]	@ float
 2740 0018 E360     		str	r3, [r4, #12]	@ float
 2741 001a A660     		str	r6, [r4, #8]	@ float
 2742 001c 2661     		str	r6, [r4, #16]	@ float
 2743 001e 6661     		str	r6, [r4, #20]	@ float
 2744 0020 A661     		str	r6, [r4, #24]	@ float
 2745 0022 E662     		str	r6, [r4, #44]	@ float
 2746 0024 C4E90C55 		strd	r5, r5, [r4, #48]
 2747              	.LVL221:
 2748              	.LBB388:
 2749              	.LBI383:
 2750              		.loc 2 11 3 is_stmt 1 view .LVU781
 2751              	.LBB387:
 2752              	.LBB386:
 2753              		.loc 2 11 14 view .LVU782
 2754              		.loc 2 11 19 is_stmt 0 view .LVU783
 2755 0028 FFF7FEFF 		bl	_ZN6Biquad5resetEv(PLT)
 2756              	.LVL222:
 2757              		.loc 2 11 19 view .LVU784
 2758              	.LBE386:
 2759              	.LBE387:
 2760              	.LBE388:
 2761              	.LBB389:
 2762              	.LBI389:
 2763              		.loc 2 11 3 is_stmt 1 view .LVU785
 2764              	.LBB390:
 2765              	.LBB391:
 2766              		.loc 2 11 14 view .LVU786
 2767              		.loc 2 11 19 is_stmt 0 view .LVU787
 2768 002c 04F15400 		add	r0, r4, #84
 2769 0030 FFF7FEFF 		bl	_ZN6Biquad5resetEv(PLT)
 2770              	.LVL223:
 2771              		.loc 2 11 19 view .LVU788
 2772              	.LBE391:
 2773              	.LBE390:
 2774              	.LBE389:
 2775              	.LBB392:
 2776              	.LBI392:
 2777              		.loc 1 12 3 is_stmt 1 view .LVU789
 2778              	.LBE392:
 2779              		.loc 3 39 35 is_stmt 0 view .LVU790
 2780 0034 4FF07E53 		mov	r3, #1065353216
 2781              		.loc 3 38 31 view .LVU791
 2782 0038 2662     		str	r6, [r4, #32]	@ float
 2783              		.loc 3 39 35 view .LVU792
 2784 003a A362     		str	r3, [r4, #40]	@ float
 2785              		.loc 3 39 19 view .LVU793
 2786 003c 6362     		str	r3, [r4, #36]	@ float
 2787              	.LBE382:
 2788              	.LBE381:
 2789              	.LBE403:
 2790              		.loc 5 31 62 view .LVU794
 2791 003e 0123     		movs	r3, #1
 2792              	.LBB404:
 2793              	.LBB401:
ARM GAS  /tmp/ccHvmxP5.s 			page 50


 2794              	.LBB399:
 2795              		.loc 3 38 17 view .LVU795
 2796 0040 E661     		str	r6, [r4, #28]	@ float
 2797              	.LBE399:
 2798              	.LBE401:
 2799              	.LBE404:
 2800              		.loc 5 31 62 view .LVU796
 2801 0042 C4F88830 		str	r3, [r4, #136]
 2802 0046 40F2FF13 		movw	r3, #511
 2803 004a 84F88C50 		strb	r5, [r4, #140]
 2804 004e C4F89030 		str	r3, [r4, #144]
 2805              	.LBB405:
 2806              	.LBB402:
 2807              	.LBB400:
 2808              	.LBB395:
 2809              	.LBB393:
 2810              	.LBB394:
 2811              		.loc 1 12 49 view .LVU797
 2812 0052 C4E91C55 		strd	r5, r5, [r4, #112]
 2813              	.LBE394:
 2814              	.LBE393:
 2815              	.LBE395:
 2816              	.LBB396:
 2817              	.LBB397:
 2818              	.LBB398:
 2819 0056 C4E91E55 		strd	r5, r5, [r4, #120]
 2820 005a C4E92055 		strd	r5, r5, [r4, #128]
 2821              	.LBE398:
 2822              	.LBE397:
 2823              	.LBE396:
 2824              		.loc 3 38 5 is_stmt 1 view .LVU798
 2825              		.loc 3 39 5 view .LVU799
 2826              	.LVL224:
 2827              		.loc 3 39 5 is_stmt 0 view .LVU800
 2828              	.LBE400:
 2829              	.LBE402:
 2830              	.LBE405:
 2831              	.LBE406:
 2832              	.LBE407:
 2833              	.LBE408:
 2834              	.LBE409:
 2835              	.LBE410:
 2836              	.LBE411:
 2837              		.loc 5 180 1 view .LVU801
 2838 005e 70BD     		pop	{r4, r5, r6, pc}
 2839              	.L129:
 2840              		.align	2
 2841              	.L128:
 2842 0060 00803B47 		.word	1195081728
 2843 0064 56000000 		.word	.LANCHOR0-(.LPIC15+4)
 2844              		.cfi_endproc
 2845              	.LFE537:
 2846              		.size	_GLOBAL__sub_I_unit.cc, .-_GLOBAL__sub_I_unit.cc
 2847              		.section	.init_array,"aw",%init_array
 2848              		.align	2
 2849 0000 00000000 		.word	_GLOBAL__sub_I_unit.cc(target1)
 2850              		.weak	_ZZNK6Effect20getParameterStrValueEhlE5names
ARM GAS  /tmp/ccHvmxP5.s 			page 51


 2851              		.section	.rodata.str1.1,"aMS",%progbits,1
 2852              	.LC0:
 2853 0000 4F464600 		.ascii	"OFF\000"
 2854              	.LC1:
 2855 0004 4100     		.ascii	"A\000"
 2856              	.LC2:
 2857 0006 4200     		.ascii	"B\000"
 2858              	.LC3:
 2859 0008 4300     		.ascii	"C\000"
 2860              	.LC4:
 2861 000a 4400     		.ascii	"D\000"
 2862              		.section	.data.rel.local._ZZNK6Effect20getParameterStrValueEhlE5names,"awG",%progbits,_ZZNK6Effect
 2863              		.align	2
 2864              		.type	_ZZNK6Effect20getParameterStrValueEhlE5names, %object
 2865              		.size	_ZZNK6Effect20getParameterStrValueEhlE5names, 20
 2866              	_ZZNK6Effect20getParameterStrValueEhlE5names:
 2867 0000 00000000 		.word	.LC0
 2868 0004 04000000 		.word	.LC1
 2869 0008 06000000 		.word	.LC2
 2870 000c 08000000 		.word	.LC3
 2871 0010 0A000000 		.word	.LC4
 2872              		.bss
 2873              		.align	2
 2874              		.set	.LANCHOR0,. + 0
 2875              		.type	_ZL17s_effect_instance, %object
 2876              		.size	_ZL17s_effect_instance, 148
 2877              	_ZL17s_effect_instance:
 2878 0000 00000000 		.space	148
 2878      00000000 
 2878      00000000 
 2878      00000000 
 2878      00000000 
 2879              		.text
 2880              	.Letext0:
 2881              		.file 7 "/usr/lib/gcc/arm-none-eabi/9.2.1/include/stdint.h"
 2882              		.file 8 "/usr/include/newlib/c++/9.2.1/cmath"
 2883              		.file 9 "/usr/include/newlib/c++/9.2.1/bits/std_abs.h"
 2884              		.file 10 "/usr/include/newlib/c++/9.2.1/cstdint"
 2885              		.file 11 "/usr/include/newlib/c++/9.2.1/cstddef"
 2886              		.file 12 "/usr/include/newlib/c++/9.2.1/cstdlib"
 2887              		.file 13 "/usr/include/newlib/c++/9.2.1/cstring"
 2888              		.file 14 "/usr/include/newlib/c++/9.2.1/arm-none-eabi/thumb/v7e-m+fp/hard/bits/c++config.h"
 2889              		.file 15 "/usr/lib/gcc/arm-none-eabi/9.2.1/include/stddef.h"
 2890              		.file 16 "/usr/include/newlib/sys/_types.h"
 2891              		.file 17 "/usr/include/newlib/sys/reent.h"
 2892              		.file 18 "/usr/include/newlib/sys/lock.h"
 2893              		.file 19 "/usr/include/newlib/math.h"
 2894              		.file 20 "/usr/include/newlib/stdlib.h"
 2895              		.file 21 "/usr/include/newlib/c++/9.2.1/math.h"
 2896              		.file 22 "/workspace/nts-3_kaoss/common/runtime.h"
 2897              		.file 23 "/workspace/nts-3_kaoss/common/osc_api.h"
 2898              		.file 24 "/workspace/nts-3_kaoss/common/fx_api.h"
 2899              		.file 25 "/workspace/nts-3_kaoss/common/unit_genericfx.h"
 2900              		.file 26 "/usr/include/newlib/string.h"
 2901              		.file 27 "<built-in>"
 2902 0176 00BF     		.section	.debug_info,"",%progbits
 2903              	.Ldebug_info0:
ARM GAS  /tmp/ccHvmxP5.s 			page 52


 2904 0000 56530000 		.4byte	0x5356
 2905 0004 0400     		.2byte	0x4
 2906 0006 00000000 		.4byte	.Ldebug_abbrev0
 2907 000a 04       		.byte	0x4
 2908 000b 5A       		.uleb128 0x5a
 2909 000c E50A0000 		.4byte	.LASF641
 2910 0010 04       		.byte	0x4
 2911 0011 2C1A0000 		.4byte	.LASF642
 2912 0015 10010000 		.4byte	.LASF643
 2913 0019 58040000 		.4byte	.Ldebug_ranges0+0x458
 2914 001d 00000000 		.4byte	0
 2915 0021 00000000 		.4byte	.Ldebug_line0
 2916 0025 19       		.uleb128 0x19
 2917 0026 04       		.byte	0x4
 2918 0027 04       		.byte	0x4
 2919 0028 66120000 		.4byte	.LASF0
 2920 002c 5B       		.uleb128 0x5b
 2921 002d 04       		.byte	0x4
 2922 002e 05       		.byte	0x5
 2923 002f 696E7400 		.ascii	"int\000"
 2924 0033 08       		.uleb128 0x8
 2925 0034 42000000 		.4byte	.LASF2
 2926 0038 07       		.byte	0x7
 2927 0039 22       		.byte	0x22
 2928 003a 17       		.byte	0x17
 2929 003b 3F000000 		.4byte	0x3f
 2930 003f 19       		.uleb128 0x19
 2931 0040 01       		.byte	0x1
 2932 0041 06       		.byte	0x6
 2933 0042 50060000 		.4byte	.LASF1
 2934 0046 08       		.uleb128 0x8
 2935 0047 C21A0000 		.4byte	.LASF3
 2936 004b 07       		.byte	0x7
 2937 004c 25       		.byte	0x25
 2938 004d 18       		.byte	0x18
 2939 004e 52000000 		.4byte	0x52
 2940 0052 19       		.uleb128 0x19
 2941 0053 02       		.byte	0x2
 2942 0054 05       		.byte	0x5
 2943 0055 5F1A0000 		.4byte	.LASF4
 2944 0059 08       		.uleb128 0x8
 2945 005a 82010000 		.4byte	.LASF5
 2946 005e 07       		.byte	0x7
 2947 005f 28       		.byte	0x28
 2948 0060 18       		.byte	0x18
 2949 0061 6A000000 		.4byte	0x6a
 2950 0065 0E       		.uleb128 0xe
 2951 0066 59000000 		.4byte	0x59
 2952 006a 19       		.uleb128 0x19
 2953 006b 04       		.byte	0x4
 2954 006c 05       		.byte	0x5
 2955 006d B4040000 		.4byte	.LASF6
 2956 0071 08       		.uleb128 0x8
 2957 0072 B51E0000 		.4byte	.LASF7
 2958 0076 07       		.byte	0x7
 2959 0077 2B       		.byte	0x2b
 2960 0078 18       		.byte	0x18
ARM GAS  /tmp/ccHvmxP5.s 			page 53


 2961 0079 7D000000 		.4byte	0x7d
 2962 007d 19       		.uleb128 0x19
 2963 007e 08       		.byte	0x8
 2964 007f 05       		.byte	0x5
 2965 0080 34110000 		.4byte	.LASF8
 2966 0084 08       		.uleb128 0x8
 2967 0085 67060000 		.4byte	.LASF9
 2968 0089 07       		.byte	0x7
 2969 008a 2E       		.byte	0x2e
 2970 008b 18       		.byte	0x18
 2971 008c 95000000 		.4byte	0x95
 2972 0090 0E       		.uleb128 0xe
 2973 0091 84000000 		.4byte	0x84
 2974 0095 19       		.uleb128 0x19
 2975 0096 01       		.byte	0x1
 2976 0097 08       		.byte	0x8
 2977 0098 39070000 		.4byte	.LASF10
 2978 009c 08       		.uleb128 0x8
 2979 009d 15170000 		.4byte	.LASF11
 2980 00a1 07       		.byte	0x7
 2981 00a2 31       		.byte	0x31
 2982 00a3 19       		.byte	0x19
 2983 00a4 A8000000 		.4byte	0xa8
 2984 00a8 19       		.uleb128 0x19
 2985 00a9 02       		.byte	0x2
 2986 00aa 07       		.byte	0x7
 2987 00ab CC1D0000 		.4byte	.LASF12
 2988 00af 08       		.uleb128 0x8
 2989 00b0 171D0000 		.4byte	.LASF13
 2990 00b4 07       		.byte	0x7
 2991 00b5 34       		.byte	0x34
 2992 00b6 19       		.byte	0x19
 2993 00b7 C0000000 		.4byte	0xc0
 2994 00bb 0E       		.uleb128 0xe
 2995 00bc AF000000 		.4byte	0xaf
 2996 00c0 19       		.uleb128 0x19
 2997 00c1 04       		.byte	0x4
 2998 00c2 07       		.byte	0x7
 2999 00c3 B20E0000 		.4byte	.LASF14
 3000 00c7 08       		.uleb128 0x8
 3001 00c8 701A0000 		.4byte	.LASF15
 3002 00cc 07       		.byte	0x7
 3003 00cd 37       		.byte	0x37
 3004 00ce 19       		.byte	0x19
 3005 00cf D3000000 		.4byte	0xd3
 3006 00d3 19       		.uleb128 0x19
 3007 00d4 08       		.byte	0x8
 3008 00d5 07       		.byte	0x7
 3009 00d6 AF160000 		.4byte	.LASF16
 3010 00da 08       		.uleb128 0x8
 3011 00db 2D150000 		.4byte	.LASF17
 3012 00df 07       		.byte	0x7
 3013 00e0 3C       		.byte	0x3c
 3014 00e1 1D       		.byte	0x1d
 3015 00e2 3F000000 		.4byte	0x3f
 3016 00e6 08       		.uleb128 0x8
 3017 00e7 960A0000 		.4byte	.LASF18
ARM GAS  /tmp/ccHvmxP5.s 			page 54


 3018 00eb 07       		.byte	0x7
 3019 00ec 3D       		.byte	0x3d
 3020 00ed 1E       		.byte	0x1e
 3021 00ee 52000000 		.4byte	0x52
 3022 00f2 08       		.uleb128 0x8
 3023 00f3 7C110000 		.4byte	.LASF19
 3024 00f7 07       		.byte	0x7
 3025 00f8 3E       		.byte	0x3e
 3026 00f9 1E       		.byte	0x1e
 3027 00fa 6A000000 		.4byte	0x6a
 3028 00fe 08       		.uleb128 0x8
 3029 00ff 740F0000 		.4byte	.LASF20
 3030 0103 07       		.byte	0x7
 3031 0104 3F       		.byte	0x3f
 3032 0105 1E       		.byte	0x1e
 3033 0106 7D000000 		.4byte	0x7d
 3034 010a 08       		.uleb128 0x8
 3035 010b E7140000 		.4byte	.LASF21
 3036 010f 07       		.byte	0x7
 3037 0110 40       		.byte	0x40
 3038 0111 1E       		.byte	0x1e
 3039 0112 95000000 		.4byte	0x95
 3040 0116 08       		.uleb128 0x8
 3041 0117 B4020000 		.4byte	.LASF22
 3042 011b 07       		.byte	0x7
 3043 011c 41       		.byte	0x41
 3044 011d 1F       		.byte	0x1f
 3045 011e A8000000 		.4byte	0xa8
 3046 0122 08       		.uleb128 0x8
 3047 0123 31090000 		.4byte	.LASF23
 3048 0127 07       		.byte	0x7
 3049 0128 42       		.byte	0x42
 3050 0129 1F       		.byte	0x1f
 3051 012a C0000000 		.4byte	0xc0
 3052 012e 08       		.uleb128 0x8
 3053 012f 1E060000 		.4byte	.LASF24
 3054 0133 07       		.byte	0x7
 3055 0134 43       		.byte	0x43
 3056 0135 1F       		.byte	0x1f
 3057 0136 D3000000 		.4byte	0xd3
 3058 013a 08       		.uleb128 0x8
 3059 013b F4020000 		.4byte	.LASF25
 3060 013f 07       		.byte	0x7
 3061 0140 47       		.byte	0x47
 3062 0141 1C       		.byte	0x1c
 3063 0142 2C000000 		.4byte	0x2c
 3064 0146 0E       		.uleb128 0xe
 3065 0147 2C000000 		.4byte	0x2c
 3066 014b 08       		.uleb128 0x8
 3067 014c 9F130000 		.4byte	.LASF26
 3068 0150 07       		.byte	0x7
 3069 0151 48       		.byte	0x48
 3070 0152 1D       		.byte	0x1d
 3071 0153 2C000000 		.4byte	0x2c
 3072 0157 08       		.uleb128 0x8
 3073 0158 A3190000 		.4byte	.LASF27
 3074 015c 07       		.byte	0x7
ARM GAS  /tmp/ccHvmxP5.s 			page 55


 3075 015d 49       		.byte	0x49
 3076 015e 1D       		.byte	0x1d
 3077 015f 2C000000 		.4byte	0x2c
 3078 0163 08       		.uleb128 0x8
 3079 0164 A6170000 		.4byte	.LASF28
 3080 0168 07       		.byte	0x7
 3081 0169 4A       		.byte	0x4a
 3082 016a 1D       		.byte	0x1d
 3083 016b 7D000000 		.4byte	0x7d
 3084 016f 08       		.uleb128 0x8
 3085 0170 FF190000 		.4byte	.LASF29
 3086 0174 07       		.byte	0x7
 3087 0175 4B       		.byte	0x4b
 3088 0176 1D       		.byte	0x1d
 3089 0177 7B010000 		.4byte	0x17b
 3090 017b 19       		.uleb128 0x19
 3091 017c 04       		.byte	0x4
 3092 017d 07       		.byte	0x7
 3093 017e CF120000 		.4byte	.LASF30
 3094 0182 08       		.uleb128 0x8
 3095 0183 281D0000 		.4byte	.LASF31
 3096 0187 07       		.byte	0x7
 3097 0188 4C       		.byte	0x4c
 3098 0189 1E       		.byte	0x1e
 3099 018a 7B010000 		.4byte	0x17b
 3100 018e 08       		.uleb128 0x8
 3101 018f CF030000 		.4byte	.LASF32
 3102 0193 07       		.byte	0x7
 3103 0194 4D       		.byte	0x4d
 3104 0195 1E       		.byte	0x1e
 3105 0196 7B010000 		.4byte	0x17b
 3106 019a 08       		.uleb128 0x8
 3107 019b 74010000 		.4byte	.LASF33
 3108 019f 07       		.byte	0x7
 3109 01a0 4E       		.byte	0x4e
 3110 01a1 1E       		.byte	0x1e
 3111 01a2 D3000000 		.4byte	0xd3
 3112 01a6 08       		.uleb128 0x8
 3113 01a7 0E130000 		.4byte	.LASF34
 3114 01ab 07       		.byte	0x7
 3115 01ac 53       		.byte	0x53
 3116 01ad 19       		.byte	0x19
 3117 01ae 2C000000 		.4byte	0x2c
 3118 01b2 08       		.uleb128 0x8
 3119 01b3 F20F0000 		.4byte	.LASF35
 3120 01b7 07       		.byte	0x7
 3121 01b8 56       		.byte	0x56
 3122 01b9 1A       		.byte	0x1a
 3123 01ba 7B010000 		.4byte	0x17b
 3124 01be 08       		.uleb128 0x8
 3125 01bf 53150000 		.4byte	.LASF36
 3126 01c3 07       		.byte	0x7
 3127 01c4 5B       		.byte	0x5b
 3128 01c5 19       		.byte	0x19
 3129 01c6 7D000000 		.4byte	0x7d
 3130 01ca 08       		.uleb128 0x8
 3131 01cb DF110000 		.4byte	.LASF37
ARM GAS  /tmp/ccHvmxP5.s 			page 56


 3132 01cf 07       		.byte	0x7
 3133 01d0 5C       		.byte	0x5c
 3134 01d1 1A       		.byte	0x1a
 3135 01d2 D3000000 		.4byte	0xd3
 3136 01d6 5C       		.uleb128 0x5c
 3137 01d7 73746400 		.ascii	"std\000"
 3138 01db 1B       		.byte	0x1b
 3139 01dc 00       		.byte	0
 3140 01dd 2C150000 		.4byte	0x152c
 3141 01e1 44       		.uleb128 0x44
 3142 01e2 32180000 		.4byte	.LASF251
 3143 01e6 0E       		.byte	0xe
 3144 01e7 1401     		.2byte	0x114
 3145 01e9 41       		.byte	0x41
 3146 01ea 45       		.uleb128 0x45
 3147 01eb 0E       		.byte	0xe
 3148 01ec 1401     		.2byte	0x114
 3149 01ee 41       		.byte	0x41
 3150 01ef E1010000 		.4byte	0x1e1
 3151 01f3 46       		.uleb128 0x46
 3152 01f4 08       		.byte	0x8
 3153 01f5 2904     		.2byte	0x429
 3154 01f7 0B       		.byte	0xb
 3155 01f8 AB1E0000 		.4byte	0x1eab
 3156 01fc 46       		.uleb128 0x46
 3157 01fd 08       		.byte	0x8
 3158 01fe 2A04     		.2byte	0x42a
 3159 0200 0B       		.byte	0xb
 3160 0201 9F1E0000 		.4byte	0x1e9f
 3161 0205 23       		.uleb128 0x23
 3162 0206 61627300 		.ascii	"abs\000"
 3163 020a 09       		.byte	0x9
 3164 020b 4F       		.byte	0x4f
 3165 020c 03       		.byte	0x3
 3166 020d 1B000000 		.4byte	.LASF38
 3167 0211 9F150000 		.4byte	0x159f
 3168 0215 1F020000 		.4byte	0x21f
 3169 0219 01       		.uleb128 0x1
 3170 021a 9F150000 		.4byte	0x159f
 3171 021e 00       		.byte	0
 3172 021f 23       		.uleb128 0x23
 3173 0220 61627300 		.ascii	"abs\000"
 3174 0224 09       		.byte	0x9
 3175 0225 4B       		.byte	0x4b
 3176 0226 03       		.byte	0x3
 3177 0227 25000000 		.4byte	.LASF39
 3178 022b 25000000 		.4byte	0x25
 3179 022f 39020000 		.4byte	0x239
 3180 0233 01       		.uleb128 0x1
 3181 0234 25000000 		.4byte	0x25
 3182 0238 00       		.byte	0
 3183 0239 23       		.uleb128 0x23
 3184 023a 61627300 		.ascii	"abs\000"
 3185 023e 09       		.byte	0x9
 3186 023f 47       		.byte	0x47
 3187 0240 03       		.byte	0x3
 3188 0241 11000000 		.4byte	.LASF40
ARM GAS  /tmp/ccHvmxP5.s 			page 57


 3189 0245 A6150000 		.4byte	0x15a6
 3190 0249 53020000 		.4byte	0x253
 3191 024d 01       		.uleb128 0x1
 3192 024e A6150000 		.4byte	0x15a6
 3193 0252 00       		.byte	0
 3194 0253 23       		.uleb128 0x23
 3195 0254 61627300 		.ascii	"abs\000"
 3196 0258 09       		.byte	0x9
 3197 0259 3D       		.byte	0x3d
 3198 025a 03       		.byte	0x3
 3199 025b 9A000000 		.4byte	.LASF41
 3200 025f 7D000000 		.4byte	0x7d
 3201 0263 6D020000 		.4byte	0x26d
 3202 0267 01       		.uleb128 0x1
 3203 0268 7D000000 		.4byte	0x7d
 3204 026c 00       		.byte	0
 3205 026d 23       		.uleb128 0x23
 3206 026e 61627300 		.ascii	"abs\000"
 3207 0272 09       		.byte	0x9
 3208 0273 38       		.byte	0x38
 3209 0274 03       		.byte	0x3
 3210 0275 4F000000 		.4byte	.LASF42
 3211 0279 6A000000 		.4byte	0x6a
 3212 027d 87020000 		.4byte	0x287
 3213 0281 01       		.uleb128 0x1
 3214 0282 6A000000 		.4byte	0x6a
 3215 0286 00       		.byte	0
 3216 0287 1B       		.uleb128 0x1b
 3217 0288 78170000 		.4byte	.LASF43
 3218 028c 08       		.byte	0x8
 3219 028d 5B       		.byte	0x5b
 3220 028e 03       		.byte	0x3
 3221 028f 18140000 		.4byte	.LASF44
 3222 0293 9F150000 		.4byte	0x159f
 3223 0297 A1020000 		.4byte	0x2a1
 3224 029b 01       		.uleb128 0x1
 3225 029c 9F150000 		.4byte	0x159f
 3226 02a0 00       		.byte	0
 3227 02a1 1B       		.uleb128 0x1b
 3228 02a2 78170000 		.4byte	.LASF43
 3229 02a6 08       		.byte	0x8
 3230 02a7 57       		.byte	0x57
 3231 02a8 03       		.byte	0x3
 3232 02a9 23140000 		.4byte	.LASF45
 3233 02ad 25000000 		.4byte	0x25
 3234 02b1 BB020000 		.4byte	0x2bb
 3235 02b5 01       		.uleb128 0x1
 3236 02b6 25000000 		.4byte	0x25
 3237 02ba 00       		.byte	0
 3238 02bb 1B       		.uleb128 0x1b
 3239 02bc 12180000 		.4byte	.LASF46
 3240 02c0 08       		.byte	0x8
 3241 02c1 6E       		.byte	0x6e
 3242 02c2 03       		.byte	0x3
 3243 02c3 A40A0000 		.4byte	.LASF47
 3244 02c7 9F150000 		.4byte	0x159f
 3245 02cb D5020000 		.4byte	0x2d5
ARM GAS  /tmp/ccHvmxP5.s 			page 58


 3246 02cf 01       		.uleb128 0x1
 3247 02d0 9F150000 		.4byte	0x159f
 3248 02d4 00       		.byte	0
 3249 02d5 1B       		.uleb128 0x1b
 3250 02d6 12180000 		.4byte	.LASF46
 3251 02da 08       		.byte	0x8
 3252 02db 6A       		.byte	0x6a
 3253 02dc 03       		.byte	0x3
 3254 02dd AF0A0000 		.4byte	.LASF48
 3255 02e1 25000000 		.4byte	0x25
 3256 02e5 EF020000 		.4byte	0x2ef
 3257 02e9 01       		.uleb128 0x1
 3258 02ea 25000000 		.4byte	0x25
 3259 02ee 00       		.byte	0
 3260 02ef 1B       		.uleb128 0x1b
 3261 02f0 3D160000 		.4byte	.LASF49
 3262 02f4 08       		.byte	0x8
 3263 02f5 81       		.byte	0x81
 3264 02f6 03       		.byte	0x3
 3265 02f7 79060000 		.4byte	.LASF50
 3266 02fb 9F150000 		.4byte	0x159f
 3267 02ff 09030000 		.4byte	0x309
 3268 0303 01       		.uleb128 0x1
 3269 0304 9F150000 		.4byte	0x159f
 3270 0308 00       		.byte	0
 3271 0309 1B       		.uleb128 0x1b
 3272 030a 3D160000 		.4byte	.LASF49
 3273 030e 08       		.byte	0x8
 3274 030f 7D       		.byte	0x7d
 3275 0310 03       		.byte	0x3
 3276 0311 84060000 		.4byte	.LASF51
 3277 0315 25000000 		.4byte	0x25
 3278 0319 23030000 		.4byte	0x323
 3279 031d 01       		.uleb128 0x1
 3280 031e 25000000 		.4byte	0x25
 3281 0322 00       		.byte	0
 3282 0323 1B       		.uleb128 0x1b
 3283 0324 D90A0000 		.4byte	.LASF52
 3284 0328 08       		.byte	0x8
 3285 0329 94       		.byte	0x94
 3286 032a 03       		.byte	0x3
 3287 032b 77130000 		.4byte	.LASF53
 3288 032f 9F150000 		.4byte	0x159f
 3289 0333 42030000 		.4byte	0x342
 3290 0337 01       		.uleb128 0x1
 3291 0338 9F150000 		.4byte	0x159f
 3292 033c 01       		.uleb128 0x1
 3293 033d 9F150000 		.4byte	0x159f
 3294 0341 00       		.byte	0
 3295 0342 1B       		.uleb128 0x1b
 3296 0343 D90A0000 		.4byte	.LASF52
 3297 0347 08       		.byte	0x8
 3298 0348 90       		.byte	0x90
 3299 0349 03       		.byte	0x3
 3300 034a 80140000 		.4byte	.LASF54
 3301 034e 25000000 		.4byte	0x25
 3302 0352 61030000 		.4byte	0x361
ARM GAS  /tmp/ccHvmxP5.s 			page 59


 3303 0356 01       		.uleb128 0x1
 3304 0357 25000000 		.4byte	0x25
 3305 035b 01       		.uleb128 0x1
 3306 035c 25000000 		.4byte	0x25
 3307 0360 00       		.byte	0
 3308 0361 23       		.uleb128 0x23
 3309 0362 636F7300 		.ascii	"cos\000"
 3310 0366 08       		.byte	0x8
 3311 0367 BC       		.byte	0xbc
 3312 0368 03       		.byte	0x3
 3313 0369 19150000 		.4byte	.LASF55
 3314 036d 9F150000 		.4byte	0x159f
 3315 0371 7B030000 		.4byte	0x37b
 3316 0375 01       		.uleb128 0x1
 3317 0376 9F150000 		.4byte	0x159f
 3318 037a 00       		.byte	0
 3319 037b 23       		.uleb128 0x23
 3320 037c 636F7300 		.ascii	"cos\000"
 3321 0380 08       		.byte	0x8
 3322 0381 B8       		.byte	0xb8
 3323 0382 03       		.byte	0x3
 3324 0383 23150000 		.4byte	.LASF56
 3325 0387 25000000 		.4byte	0x25
 3326 038b 95030000 		.4byte	0x395
 3327 038f 01       		.uleb128 0x1
 3328 0390 25000000 		.4byte	0x25
 3329 0394 00       		.byte	0
 3330 0395 1F       		.uleb128 0x1f
 3331 0396 73696E00 		.ascii	"sin\000"
 3332 039a 08       		.byte	0x8
 3333 039b AD01     		.2byte	0x1ad
 3334 039d 03       		.byte	0x3
 3335 039e 8E0C0000 		.4byte	.LASF57
 3336 03a2 9F150000 		.4byte	0x159f
 3337 03a6 B0030000 		.4byte	0x3b0
 3338 03aa 01       		.uleb128 0x1
 3339 03ab 9F150000 		.4byte	0x159f
 3340 03af 00       		.byte	0
 3341 03b0 1F       		.uleb128 0x1f
 3342 03b1 73696E00 		.ascii	"sin\000"
 3343 03b5 08       		.byte	0x8
 3344 03b6 A901     		.2byte	0x1a9
 3345 03b8 03       		.byte	0x3
 3346 03b9 980C0000 		.4byte	.LASF58
 3347 03bd 25000000 		.4byte	0x25
 3348 03c1 CB030000 		.4byte	0x3cb
 3349 03c5 01       		.uleb128 0x1
 3350 03c6 25000000 		.4byte	0x25
 3351 03ca 00       		.byte	0
 3352 03cb 1F       		.uleb128 0x1f
 3353 03cc 74616E00 		.ascii	"tan\000"
 3354 03d0 08       		.byte	0x8
 3355 03d1 E601     		.2byte	0x1e6
 3356 03d3 03       		.byte	0x3
 3357 03d4 7B070000 		.4byte	.LASF59
 3358 03d8 9F150000 		.4byte	0x159f
 3359 03dc E6030000 		.4byte	0x3e6
ARM GAS  /tmp/ccHvmxP5.s 			page 60


 3360 03e0 01       		.uleb128 0x1
 3361 03e1 9F150000 		.4byte	0x159f
 3362 03e5 00       		.byte	0
 3363 03e6 1F       		.uleb128 0x1f
 3364 03e7 74616E00 		.ascii	"tan\000"
 3365 03eb 08       		.byte	0x8
 3366 03ec E201     		.2byte	0x1e2
 3367 03ee 03       		.byte	0x3
 3368 03ef 85070000 		.4byte	.LASF60
 3369 03f3 25000000 		.4byte	0x25
 3370 03f7 01040000 		.4byte	0x401
 3371 03fb 01       		.uleb128 0x1
 3372 03fc 25000000 		.4byte	0x25
 3373 0400 00       		.byte	0
 3374 0401 1B       		.uleb128 0x1b
 3375 0402 DC080000 		.4byte	.LASF61
 3376 0406 08       		.byte	0x8
 3377 0407 CF       		.byte	0xcf
 3378 0408 03       		.byte	0x3
 3379 0409 D6190000 		.4byte	.LASF62
 3380 040d 9F150000 		.4byte	0x159f
 3381 0411 1B040000 		.4byte	0x41b
 3382 0415 01       		.uleb128 0x1
 3383 0416 9F150000 		.4byte	0x159f
 3384 041a 00       		.byte	0
 3385 041b 1B       		.uleb128 0x1b
 3386 041c DC080000 		.4byte	.LASF61
 3387 0420 08       		.byte	0x8
 3388 0421 CB       		.byte	0xcb
 3389 0422 03       		.byte	0x3
 3390 0423 E1190000 		.4byte	.LASF63
 3391 0427 25000000 		.4byte	0x25
 3392 042b 35040000 		.4byte	0x435
 3393 042f 01       		.uleb128 0x1
 3394 0430 25000000 		.4byte	0x25
 3395 0434 00       		.byte	0
 3396 0435 03       		.uleb128 0x3
 3397 0436 E5090000 		.4byte	.LASF64
 3398 043a 08       		.byte	0x8
 3399 043b C001     		.2byte	0x1c0
 3400 043d 03       		.byte	0x3
 3401 043e 5B090000 		.4byte	.LASF65
 3402 0442 9F150000 		.4byte	0x159f
 3403 0446 50040000 		.4byte	0x450
 3404 044a 01       		.uleb128 0x1
 3405 044b 9F150000 		.4byte	0x159f
 3406 044f 00       		.byte	0
 3407 0450 03       		.uleb128 0x3
 3408 0451 E5090000 		.4byte	.LASF64
 3409 0455 08       		.byte	0x8
 3410 0456 BC01     		.2byte	0x1bc
 3411 0458 03       		.byte	0x3
 3412 0459 66090000 		.4byte	.LASF66
 3413 045d 25000000 		.4byte	0x25
 3414 0461 6B040000 		.4byte	0x46b
 3415 0465 01       		.uleb128 0x1
 3416 0466 25000000 		.4byte	0x25
ARM GAS  /tmp/ccHvmxP5.s 			page 61


 3417 046a 00       		.byte	0
 3418 046b 03       		.uleb128 0x3
 3419 046c DF050000 		.4byte	.LASF67
 3420 0470 08       		.byte	0x8
 3421 0471 F901     		.2byte	0x1f9
 3422 0473 03       		.byte	0x3
 3423 0474 2B030000 		.4byte	.LASF68
 3424 0478 9F150000 		.4byte	0x159f
 3425 047c 86040000 		.4byte	0x486
 3426 0480 01       		.uleb128 0x1
 3427 0481 9F150000 		.4byte	0x159f
 3428 0485 00       		.byte	0
 3429 0486 03       		.uleb128 0x3
 3430 0487 DF050000 		.4byte	.LASF67
 3431 048b 08       		.byte	0x8
 3432 048c F501     		.2byte	0x1f5
 3433 048e 03       		.byte	0x3
 3434 048f 36030000 		.4byte	.LASF69
 3435 0493 25000000 		.4byte	0x25
 3436 0497 A1040000 		.4byte	0x4a1
 3437 049b 01       		.uleb128 0x1
 3438 049c 25000000 		.4byte	0x25
 3439 04a0 00       		.byte	0
 3440 04a1 23       		.uleb128 0x23
 3441 04a2 65787000 		.ascii	"exp\000"
 3442 04a6 08       		.byte	0x8
 3443 04a7 E2       		.byte	0xe2
 3444 04a8 03       		.byte	0x3
 3445 04a9 F20C0000 		.4byte	.LASF70
 3446 04ad 9F150000 		.4byte	0x159f
 3447 04b1 BB040000 		.4byte	0x4bb
 3448 04b5 01       		.uleb128 0x1
 3449 04b6 9F150000 		.4byte	0x159f
 3450 04ba 00       		.byte	0
 3451 04bb 23       		.uleb128 0x23
 3452 04bc 65787000 		.ascii	"exp\000"
 3453 04c0 08       		.byte	0x8
 3454 04c1 DE       		.byte	0xde
 3455 04c2 03       		.byte	0x3
 3456 04c3 FC0C0000 		.4byte	.LASF71
 3457 04c7 25000000 		.4byte	0x25
 3458 04cb D5040000 		.4byte	0x4d5
 3459 04cf 01       		.uleb128 0x1
 3460 04d0 25000000 		.4byte	0x25
 3461 04d4 00       		.byte	0
 3462 04d5 03       		.uleb128 0x3
 3463 04d6 33170000 		.4byte	.LASF72
 3464 04da 08       		.byte	0x8
 3465 04db 3001     		.2byte	0x130
 3466 04dd 03       		.byte	0x3
 3467 04de 5E0E0000 		.4byte	.LASF73
 3468 04e2 9F150000 		.4byte	0x159f
 3469 04e6 F5040000 		.4byte	0x4f5
 3470 04ea 01       		.uleb128 0x1
 3471 04eb 9F150000 		.4byte	0x159f
 3472 04ef 01       		.uleb128 0x1
 3473 04f0 C5210000 		.4byte	0x21c5
ARM GAS  /tmp/ccHvmxP5.s 			page 62


 3474 04f4 00       		.byte	0
 3475 04f5 03       		.uleb128 0x3
 3476 04f6 33170000 		.4byte	.LASF72
 3477 04fa 08       		.byte	0x8
 3478 04fb 2C01     		.2byte	0x12c
 3479 04fd 03       		.byte	0x3
 3480 04fe F2130000 		.4byte	.LASF74
 3481 0502 25000000 		.4byte	0x25
 3482 0506 15050000 		.4byte	0x515
 3483 050a 01       		.uleb128 0x1
 3484 050b 25000000 		.4byte	0x25
 3485 050f 01       		.uleb128 0x1
 3486 0510 C5210000 		.4byte	0x21c5
 3487 0514 00       		.byte	0
 3488 0515 03       		.uleb128 0x3
 3489 0516 08170000 		.4byte	.LASF75
 3490 051a 08       		.byte	0x8
 3491 051b 4301     		.2byte	0x143
 3492 051d 03       		.byte	0x3
 3493 051e 861D0000 		.4byte	.LASF76
 3494 0522 9F150000 		.4byte	0x159f
 3495 0526 35050000 		.4byte	0x535
 3496 052a 01       		.uleb128 0x1
 3497 052b 9F150000 		.4byte	0x159f
 3498 052f 01       		.uleb128 0x1
 3499 0530 2C000000 		.4byte	0x2c
 3500 0534 00       		.byte	0
 3501 0535 03       		.uleb128 0x3
 3502 0536 08170000 		.4byte	.LASF75
 3503 053a 08       		.byte	0x8
 3504 053b 3F01     		.2byte	0x13f
 3505 053d 03       		.byte	0x3
 3506 053e BD1E0000 		.4byte	.LASF77
 3507 0542 25000000 		.4byte	0x25
 3508 0546 55050000 		.4byte	0x555
 3509 054a 01       		.uleb128 0x1
 3510 054b 25000000 		.4byte	0x25
 3511 054f 01       		.uleb128 0x1
 3512 0550 2C000000 		.4byte	0x2c
 3513 0554 00       		.byte	0
 3514 0555 1F       		.uleb128 0x1f
 3515 0556 6C6F6700 		.ascii	"log\000"
 3516 055a 08       		.byte	0x8
 3517 055b 5601     		.2byte	0x156
 3518 055d 03       		.byte	0x3
 3519 055e 64190000 		.4byte	.LASF78
 3520 0562 9F150000 		.4byte	0x159f
 3521 0566 70050000 		.4byte	0x570
 3522 056a 01       		.uleb128 0x1
 3523 056b 9F150000 		.4byte	0x159f
 3524 056f 00       		.byte	0
 3525 0570 1F       		.uleb128 0x1f
 3526 0571 6C6F6700 		.ascii	"log\000"
 3527 0575 08       		.byte	0x8
 3528 0576 5201     		.2byte	0x152
 3529 0578 03       		.byte	0x3
 3530 0579 6E190000 		.4byte	.LASF79
ARM GAS  /tmp/ccHvmxP5.s 			page 63


 3531 057d 25000000 		.4byte	0x25
 3532 0581 8B050000 		.4byte	0x58b
 3533 0585 01       		.uleb128 0x1
 3534 0586 25000000 		.4byte	0x25
 3535 058a 00       		.byte	0
 3536 058b 03       		.uleb128 0x3
 3537 058c DA090000 		.4byte	.LASF80
 3538 0590 08       		.byte	0x8
 3539 0591 6901     		.2byte	0x169
 3540 0593 03       		.byte	0x3
 3541 0594 E9000000 		.4byte	.LASF81
 3542 0598 9F150000 		.4byte	0x159f
 3543 059c A6050000 		.4byte	0x5a6
 3544 05a0 01       		.uleb128 0x1
 3545 05a1 9F150000 		.4byte	0x159f
 3546 05a5 00       		.byte	0
 3547 05a6 03       		.uleb128 0x3
 3548 05a7 DA090000 		.4byte	.LASF80
 3549 05ab 08       		.byte	0x8
 3550 05ac 6501     		.2byte	0x165
 3551 05ae 03       		.byte	0x3
 3552 05af F5000000 		.4byte	.LASF82
 3553 05b3 25000000 		.4byte	0x25
 3554 05b7 C1050000 		.4byte	0x5c1
 3555 05bb 01       		.uleb128 0x1
 3556 05bc 25000000 		.4byte	0x25
 3557 05c0 00       		.byte	0
 3558 05c1 03       		.uleb128 0x3
 3559 05c2 931A0000 		.4byte	.LASF83
 3560 05c6 08       		.byte	0x8
 3561 05c7 7C01     		.2byte	0x17c
 3562 05c9 03       		.byte	0x3
 3563 05ca 61070000 		.4byte	.LASF84
 3564 05ce 9F150000 		.4byte	0x159f
 3565 05d2 E1050000 		.4byte	0x5e1
 3566 05d6 01       		.uleb128 0x1
 3567 05d7 9F150000 		.4byte	0x159f
 3568 05db 01       		.uleb128 0x1
 3569 05dc 8D220000 		.4byte	0x228d
 3570 05e0 00       		.byte	0
 3571 05e1 03       		.uleb128 0x3
 3572 05e2 931A0000 		.4byte	.LASF83
 3573 05e6 08       		.byte	0x8
 3574 05e7 7801     		.2byte	0x178
 3575 05e9 03       		.byte	0x3
 3576 05ea 670F0000 		.4byte	.LASF85
 3577 05ee 25000000 		.4byte	0x25
 3578 05f2 01060000 		.4byte	0x601
 3579 05f6 01       		.uleb128 0x1
 3580 05f7 25000000 		.4byte	0x25
 3581 05fb 01       		.uleb128 0x1
 3582 05fc 9B220000 		.4byte	0x229b
 3583 0600 00       		.byte	0
 3584 0601 1F       		.uleb128 0x1f
 3585 0602 706F7700 		.ascii	"pow\000"
 3586 0606 08       		.byte	0x8
 3587 0607 8801     		.2byte	0x188
ARM GAS  /tmp/ccHvmxP5.s 			page 64


 3588 0609 03       		.byte	0x3
 3589 060a 331C0000 		.4byte	.LASF86
 3590 060e 9F150000 		.4byte	0x159f
 3591 0612 21060000 		.4byte	0x621
 3592 0616 01       		.uleb128 0x1
 3593 0617 9F150000 		.4byte	0x159f
 3594 061b 01       		.uleb128 0x1
 3595 061c 9F150000 		.4byte	0x159f
 3596 0620 00       		.byte	0
 3597 0621 1F       		.uleb128 0x1f
 3598 0622 706F7700 		.ascii	"pow\000"
 3599 0626 08       		.byte	0x8
 3600 0627 8401     		.2byte	0x184
 3601 0629 03       		.byte	0x3
 3602 062a 361D0000 		.4byte	.LASF87
 3603 062e 25000000 		.4byte	0x25
 3604 0632 41060000 		.4byte	0x641
 3605 0636 01       		.uleb128 0x1
 3606 0637 25000000 		.4byte	0x25
 3607 063b 01       		.uleb128 0x1
 3608 063c 25000000 		.4byte	0x25
 3609 0640 00       		.byte	0
 3610 0641 03       		.uleb128 0x3
 3611 0642 CC010000 		.4byte	.LASF88
 3612 0646 08       		.byte	0x8
 3613 0647 D301     		.2byte	0x1d3
 3614 0649 03       		.byte	0x3
 3615 064a C4110000 		.4byte	.LASF89
 3616 064e 9F150000 		.4byte	0x159f
 3617 0652 5C060000 		.4byte	0x65c
 3618 0656 01       		.uleb128 0x1
 3619 0657 9F150000 		.4byte	0x159f
 3620 065b 00       		.byte	0
 3621 065c 03       		.uleb128 0x3
 3622 065d CC010000 		.4byte	.LASF88
 3623 0661 08       		.byte	0x8
 3624 0662 CF01     		.2byte	0x1cf
 3625 0664 03       		.byte	0x3
 3626 0665 CF110000 		.4byte	.LASF90
 3627 0669 25000000 		.4byte	0x25
 3628 066d 77060000 		.4byte	0x677
 3629 0671 01       		.uleb128 0x1
 3630 0672 25000000 		.4byte	0x25
 3631 0676 00       		.byte	0
 3632 0677 1B       		.uleb128 0x1b
 3633 0678 A81D0000 		.4byte	.LASF91
 3634 067c 08       		.byte	0x8
 3635 067d A9       		.byte	0xa9
 3636 067e 03       		.byte	0x3
 3637 067f F21B0000 		.4byte	.LASF92
 3638 0683 9F150000 		.4byte	0x159f
 3639 0687 91060000 		.4byte	0x691
 3640 068b 01       		.uleb128 0x1
 3641 068c 9F150000 		.4byte	0x159f
 3642 0690 00       		.byte	0
 3643 0691 1B       		.uleb128 0x1b
 3644 0692 A81D0000 		.4byte	.LASF91
ARM GAS  /tmp/ccHvmxP5.s 			page 65


 3645 0696 08       		.byte	0x8
 3646 0697 A5       		.byte	0xa5
 3647 0698 03       		.byte	0x3
 3648 0699 FD1B0000 		.4byte	.LASF93
 3649 069d 25000000 		.4byte	0x25
 3650 06a1 AB060000 		.4byte	0x6ab
 3651 06a5 01       		.uleb128 0x1
 3652 06a6 25000000 		.4byte	0x25
 3653 06aa 00       		.byte	0
 3654 06ab 1B       		.uleb128 0x1b
 3655 06ac 6C0E0000 		.4byte	.LASF94
 3656 06b0 08       		.byte	0x8
 3657 06b1 F5       		.byte	0xf5
 3658 06b2 03       		.byte	0x3
 3659 06b3 2D060000 		.4byte	.LASF95
 3660 06b7 9F150000 		.4byte	0x159f
 3661 06bb C5060000 		.4byte	0x6c5
 3662 06bf 01       		.uleb128 0x1
 3663 06c0 9F150000 		.4byte	0x159f
 3664 06c4 00       		.byte	0
 3665 06c5 1B       		.uleb128 0x1b
 3666 06c6 6C0E0000 		.4byte	.LASF94
 3667 06ca 08       		.byte	0x8
 3668 06cb F1       		.byte	0xf1
 3669 06cc 03       		.byte	0x3
 3670 06cd 38060000 		.4byte	.LASF96
 3671 06d1 25000000 		.4byte	0x25
 3672 06d5 DF060000 		.4byte	0x6df
 3673 06d9 01       		.uleb128 0x1
 3674 06da 25000000 		.4byte	0x25
 3675 06de 00       		.byte	0
 3676 06df 03       		.uleb128 0x3
 3677 06e0 CF0D0000 		.4byte	.LASF97
 3678 06e4 08       		.byte	0x8
 3679 06e5 0801     		.2byte	0x108
 3680 06e7 03       		.byte	0x3
 3681 06e8 781B0000 		.4byte	.LASF98
 3682 06ec 9F150000 		.4byte	0x159f
 3683 06f0 FA060000 		.4byte	0x6fa
 3684 06f4 01       		.uleb128 0x1
 3685 06f5 9F150000 		.4byte	0x159f
 3686 06f9 00       		.byte	0
 3687 06fa 03       		.uleb128 0x3
 3688 06fb CF0D0000 		.4byte	.LASF97
 3689 06ff 08       		.byte	0x8
 3690 0700 0401     		.2byte	0x104
 3691 0702 03       		.byte	0x3
 3692 0703 841B0000 		.4byte	.LASF99
 3693 0707 25000000 		.4byte	0x25
 3694 070b 15070000 		.4byte	0x715
 3695 070f 01       		.uleb128 0x1
 3696 0710 25000000 		.4byte	0x25
 3697 0714 00       		.byte	0
 3698 0715 03       		.uleb128 0x3
 3699 0716 22080000 		.4byte	.LASF100
 3700 071a 08       		.byte	0x8
 3701 071b 1B01     		.2byte	0x11b
ARM GAS  /tmp/ccHvmxP5.s 			page 66


 3702 071d 03       		.byte	0x3
 3703 071e 05000000 		.4byte	.LASF101
 3704 0722 9F150000 		.4byte	0x159f
 3705 0726 35070000 		.4byte	0x735
 3706 072a 01       		.uleb128 0x1
 3707 072b 9F150000 		.4byte	0x159f
 3708 072f 01       		.uleb128 0x1
 3709 0730 9F150000 		.4byte	0x159f
 3710 0734 00       		.byte	0
 3711 0735 03       		.uleb128 0x3
 3712 0736 22080000 		.4byte	.LASF100
 3713 073a 08       		.byte	0x8
 3714 073b 1701     		.2byte	0x117
 3715 073d 03       		.byte	0x3
 3716 073e 49110000 		.4byte	.LASF102
 3717 0742 25000000 		.4byte	0x25
 3718 0746 55070000 		.4byte	0x755
 3719 074a 01       		.uleb128 0x1
 3720 074b 25000000 		.4byte	0x25
 3721 074f 01       		.uleb128 0x1
 3722 0750 25000000 		.4byte	0x25
 3723 0754 00       		.byte	0
 3724 0755 03       		.uleb128 0x3
 3725 0756 0D070000 		.4byte	.LASF103
 3726 075a 08       		.byte	0x8
 3727 075b 2302     		.2byte	0x223
 3728 075d 03       		.byte	0x3
 3729 075e A9060000 		.4byte	.LASF104
 3730 0762 2C000000 		.4byte	0x2c
 3731 0766 70070000 		.4byte	0x770
 3732 076a 01       		.uleb128 0x1
 3733 076b 9F150000 		.4byte	0x159f
 3734 076f 00       		.byte	0
 3735 0770 03       		.uleb128 0x3
 3736 0771 0D070000 		.4byte	.LASF103
 3737 0775 08       		.byte	0x8
 3738 0776 1E02     		.2byte	0x21e
 3739 0778 03       		.byte	0x3
 3740 0779 97060000 		.4byte	.LASF105
 3741 077d 2C000000 		.4byte	0x2c
 3742 0781 8B070000 		.4byte	0x78b
 3743 0785 01       		.uleb128 0x1
 3744 0786 A6150000 		.4byte	0x15a6
 3745 078a 00       		.byte	0
 3746 078b 03       		.uleb128 0x3
 3747 078c 0D070000 		.4byte	.LASF103
 3748 0790 08       		.byte	0x8
 3749 0791 1902     		.2byte	0x219
 3750 0793 03       		.byte	0x3
 3751 0794 BB060000 		.4byte	.LASF106
 3752 0798 2C000000 		.4byte	0x2c
 3753 079c A6070000 		.4byte	0x7a6
 3754 07a0 01       		.uleb128 0x1
 3755 07a1 25000000 		.4byte	0x25
 3756 07a5 00       		.byte	0
 3757 07a6 03       		.uleb128 0x3
 3758 07a7 981A0000 		.4byte	.LASF107
ARM GAS  /tmp/ccHvmxP5.s 			page 67


 3759 07ab 08       		.byte	0x8
 3760 07ac 3A02     		.2byte	0x23a
 3761 07ae 03       		.byte	0x3
 3762 07af EA160000 		.4byte	.LASF108
 3763 07b3 08240000 		.4byte	0x2408
 3764 07b7 C1070000 		.4byte	0x7c1
 3765 07bb 01       		.uleb128 0x1
 3766 07bc 9F150000 		.4byte	0x159f
 3767 07c0 00       		.byte	0
 3768 07c1 03       		.uleb128 0x3
 3769 07c2 981A0000 		.4byte	.LASF107
 3770 07c6 08       		.byte	0x8
 3771 07c7 3602     		.2byte	0x236
 3772 07c9 03       		.byte	0x3
 3773 07ca DB160000 		.4byte	.LASF109
 3774 07ce 08240000 		.4byte	0x2408
 3775 07d2 DC070000 		.4byte	0x7dc
 3776 07d6 01       		.uleb128 0x1
 3777 07d7 A6150000 		.4byte	0x15a6
 3778 07db 00       		.byte	0
 3779 07dc 03       		.uleb128 0x3
 3780 07dd 981A0000 		.4byte	.LASF107
 3781 07e1 08       		.byte	0x8
 3782 07e2 3202     		.2byte	0x232
 3783 07e4 03       		.byte	0x3
 3784 07e5 F9160000 		.4byte	.LASF110
 3785 07e9 08240000 		.4byte	0x2408
 3786 07ed F7070000 		.4byte	0x7f7
 3787 07f1 01       		.uleb128 0x1
 3788 07f2 25000000 		.4byte	0x25
 3789 07f6 00       		.byte	0
 3790 07f7 03       		.uleb128 0x3
 3791 07f8 DD060000 		.4byte	.LASF111
 3792 07fc 08       		.byte	0x8
 3793 07fd 5502     		.2byte	0x255
 3794 07ff 03       		.byte	0x3
 3795 0800 700A0000 		.4byte	.LASF112
 3796 0804 08240000 		.4byte	0x2408
 3797 0808 12080000 		.4byte	0x812
 3798 080c 01       		.uleb128 0x1
 3799 080d 9F150000 		.4byte	0x159f
 3800 0811 00       		.byte	0
 3801 0812 03       		.uleb128 0x3
 3802 0813 DD060000 		.4byte	.LASF111
 3803 0817 08       		.byte	0x8
 3804 0818 5002     		.2byte	0x250
 3805 081a 03       		.byte	0x3
 3806 081b 640A0000 		.4byte	.LASF113
 3807 081f 08240000 		.4byte	0x2408
 3808 0823 2D080000 		.4byte	0x82d
 3809 0827 01       		.uleb128 0x1
 3810 0828 A6150000 		.4byte	0x15a6
 3811 082c 00       		.byte	0
 3812 082d 03       		.uleb128 0x3
 3813 082e DD060000 		.4byte	.LASF111
 3814 0832 08       		.byte	0x8
 3815 0833 4802     		.2byte	0x248
ARM GAS  /tmp/ccHvmxP5.s 			page 68


 3816 0835 03       		.byte	0x3
 3817 0836 7C0A0000 		.4byte	.LASF114
 3818 083a 08240000 		.4byte	0x2408
 3819 083e 48080000 		.4byte	0x848
 3820 0842 01       		.uleb128 0x1
 3821 0843 25000000 		.4byte	0x25
 3822 0847 00       		.byte	0
 3823 0848 03       		.uleb128 0x3
 3824 0849 9D190000 		.4byte	.LASF115
 3825 084d 08       		.byte	0x8
 3826 084e 7002     		.2byte	0x270
 3827 0850 03       		.byte	0x3
 3828 0851 EA100000 		.4byte	.LASF116
 3829 0855 08240000 		.4byte	0x2408
 3830 0859 63080000 		.4byte	0x863
 3831 085d 01       		.uleb128 0x1
 3832 085e 9F150000 		.4byte	0x159f
 3833 0862 00       		.byte	0
 3834 0863 03       		.uleb128 0x3
 3835 0864 9D190000 		.4byte	.LASF115
 3836 0868 08       		.byte	0x8
 3837 0869 6B02     		.2byte	0x26b
 3838 086b 03       		.byte	0x3
 3839 086c DE100000 		.4byte	.LASF117
 3840 0870 08240000 		.4byte	0x2408
 3841 0874 7E080000 		.4byte	0x87e
 3842 0878 01       		.uleb128 0x1
 3843 0879 A6150000 		.4byte	0x15a6
 3844 087d 00       		.byte	0
 3845 087e 03       		.uleb128 0x3
 3846 087f 9D190000 		.4byte	.LASF115
 3847 0883 08       		.byte	0x8
 3848 0884 6302     		.2byte	0x263
 3849 0886 03       		.byte	0x3
 3850 0887 F6100000 		.4byte	.LASF118
 3851 088b 08240000 		.4byte	0x2408
 3852 088f 99080000 		.4byte	0x899
 3853 0893 01       		.uleb128 0x1
 3854 0894 25000000 		.4byte	0x25
 3855 0898 00       		.byte	0
 3856 0899 03       		.uleb128 0x3
 3857 089a A71F0000 		.4byte	.LASF119
 3858 089e 08       		.byte	0x8
 3859 089f 8602     		.2byte	0x286
 3860 08a1 03       		.byte	0x3
 3861 08a2 E1070000 		.4byte	.LASF120
 3862 08a6 08240000 		.4byte	0x2408
 3863 08aa B4080000 		.4byte	0x8b4
 3864 08ae 01       		.uleb128 0x1
 3865 08af 9F150000 		.4byte	0x159f
 3866 08b3 00       		.byte	0
 3867 08b4 03       		.uleb128 0x3
 3868 08b5 A71F0000 		.4byte	.LASF119
 3869 08b9 08       		.byte	0x8
 3870 08ba 8202     		.2byte	0x282
 3871 08bc 03       		.byte	0x3
 3872 08bd D2070000 		.4byte	.LASF121
ARM GAS  /tmp/ccHvmxP5.s 			page 69


 3873 08c1 08240000 		.4byte	0x2408
 3874 08c5 CF080000 		.4byte	0x8cf
 3875 08c9 01       		.uleb128 0x1
 3876 08ca A6150000 		.4byte	0x15a6
 3877 08ce 00       		.byte	0
 3878 08cf 03       		.uleb128 0x3
 3879 08d0 A71F0000 		.4byte	.LASF119
 3880 08d4 08       		.byte	0x8
 3881 08d5 7E02     		.2byte	0x27e
 3882 08d7 03       		.byte	0x3
 3883 08d8 F0070000 		.4byte	.LASF122
 3884 08dc 08240000 		.4byte	0x2408
 3885 08e0 EA080000 		.4byte	0x8ea
 3886 08e4 01       		.uleb128 0x1
 3887 08e5 25000000 		.4byte	0x25
 3888 08e9 00       		.byte	0
 3889 08ea 03       		.uleb128 0x3
 3890 08eb 96050000 		.4byte	.LASF123
 3891 08ef 08       		.byte	0x8
 3892 08f0 9D02     		.2byte	0x29d
 3893 08f2 03       		.byte	0x3
 3894 08f3 7E000000 		.4byte	.LASF124
 3895 08f7 08240000 		.4byte	0x2408
 3896 08fb 05090000 		.4byte	0x905
 3897 08ff 01       		.uleb128 0x1
 3898 0900 9F150000 		.4byte	0x159f
 3899 0904 00       		.byte	0
 3900 0905 03       		.uleb128 0x3
 3901 0906 96050000 		.4byte	.LASF123
 3902 090a 08       		.byte	0x8
 3903 090b 9902     		.2byte	0x299
 3904 090d 03       		.byte	0x3
 3905 090e 70000000 		.4byte	.LASF125
 3906 0912 08240000 		.4byte	0x2408
 3907 0916 20090000 		.4byte	0x920
 3908 091a 01       		.uleb128 0x1
 3909 091b A6150000 		.4byte	0x15a6
 3910 091f 00       		.byte	0
 3911 0920 03       		.uleb128 0x3
 3912 0921 96050000 		.4byte	.LASF123
 3913 0925 08       		.byte	0x8
 3914 0926 9502     		.2byte	0x295
 3915 0928 03       		.byte	0x3
 3916 0929 8C000000 		.4byte	.LASF126
 3917 092d 08240000 		.4byte	0x2408
 3918 0931 3B090000 		.4byte	0x93b
 3919 0935 01       		.uleb128 0x1
 3920 0936 25000000 		.4byte	0x25
 3921 093a 00       		.byte	0
 3922 093b 03       		.uleb128 0x3
 3923 093c 9E090000 		.4byte	.LASF127
 3924 0940 08       		.byte	0x8
 3925 0941 B302     		.2byte	0x2b3
 3926 0943 03       		.byte	0x3
 3927 0944 DD0E0000 		.4byte	.LASF128
 3928 0948 08240000 		.4byte	0x2408
 3929 094c 5B090000 		.4byte	0x95b
ARM GAS  /tmp/ccHvmxP5.s 			page 70


 3930 0950 01       		.uleb128 0x1
 3931 0951 9F150000 		.4byte	0x159f
 3932 0955 01       		.uleb128 0x1
 3933 0956 9F150000 		.4byte	0x159f
 3934 095a 00       		.byte	0
 3935 095b 03       		.uleb128 0x3
 3936 095c 9E090000 		.4byte	.LASF127
 3937 0960 08       		.byte	0x8
 3938 0961 AF02     		.2byte	0x2af
 3939 0963 03       		.byte	0x3
 3940 0964 BE0D0000 		.4byte	.LASF129
 3941 0968 08240000 		.4byte	0x2408
 3942 096c 7B090000 		.4byte	0x97b
 3943 0970 01       		.uleb128 0x1
 3944 0971 A6150000 		.4byte	0x15a6
 3945 0975 01       		.uleb128 0x1
 3946 0976 A6150000 		.4byte	0x15a6
 3947 097a 00       		.byte	0
 3948 097b 03       		.uleb128 0x3
 3949 097c 9E090000 		.4byte	.LASF127
 3950 0980 08       		.byte	0x8
 3951 0981 AB02     		.2byte	0x2ab
 3952 0983 03       		.byte	0x3
 3953 0984 FC0F0000 		.4byte	.LASF130
 3954 0988 08240000 		.4byte	0x2408
 3955 098c 9B090000 		.4byte	0x99b
 3956 0990 01       		.uleb128 0x1
 3957 0991 25000000 		.4byte	0x25
 3958 0995 01       		.uleb128 0x1
 3959 0996 25000000 		.4byte	0x25
 3960 099a 00       		.byte	0
 3961 099b 03       		.uleb128 0x3
 3962 099c BE140000 		.4byte	.LASF131
 3963 09a0 08       		.byte	0x8
 3964 09a1 CD02     		.2byte	0x2cd
 3965 09a3 03       		.byte	0x3
 3966 09a4 611B0000 		.4byte	.LASF132
 3967 09a8 08240000 		.4byte	0x2408
 3968 09ac BB090000 		.4byte	0x9bb
 3969 09b0 01       		.uleb128 0x1
 3970 09b1 9F150000 		.4byte	0x159f
 3971 09b5 01       		.uleb128 0x1
 3972 09b6 9F150000 		.4byte	0x159f
 3973 09ba 00       		.byte	0
 3974 09bb 03       		.uleb128 0x3
 3975 09bc BE140000 		.4byte	.LASF131
 3976 09c0 08       		.byte	0x8
 3977 09c1 C902     		.2byte	0x2c9
 3978 09c3 03       		.byte	0x3
 3979 09c4 20130000 		.4byte	.LASF133
 3980 09c8 08240000 		.4byte	0x2408
 3981 09cc DB090000 		.4byte	0x9db
 3982 09d0 01       		.uleb128 0x1
 3983 09d1 A6150000 		.4byte	0x15a6
 3984 09d5 01       		.uleb128 0x1
 3985 09d6 A6150000 		.4byte	0x15a6
 3986 09da 00       		.byte	0
ARM GAS  /tmp/ccHvmxP5.s 			page 71


 3987 09db 03       		.uleb128 0x3
 3988 09dc BE140000 		.4byte	.LASF131
 3989 09e0 08       		.byte	0x8
 3990 09e1 C502     		.2byte	0x2c5
 3991 09e3 03       		.byte	0x3
 3992 09e4 8C1C0000 		.4byte	.LASF134
 3993 09e8 08240000 		.4byte	0x2408
 3994 09ec FB090000 		.4byte	0x9fb
 3995 09f0 01       		.uleb128 0x1
 3996 09f1 25000000 		.4byte	0x25
 3997 09f5 01       		.uleb128 0x1
 3998 09f6 25000000 		.4byte	0x25
 3999 09fa 00       		.byte	0
 4000 09fb 03       		.uleb128 0x3
 4001 09fc 5A1D0000 		.4byte	.LASF135
 4002 0a00 08       		.byte	0x8
 4003 0a01 E702     		.2byte	0x2e7
 4004 0a03 03       		.byte	0x3
 4005 0a04 D11A0000 		.4byte	.LASF136
 4006 0a08 08240000 		.4byte	0x2408
 4007 0a0c 1B0A0000 		.4byte	0xa1b
 4008 0a10 01       		.uleb128 0x1
 4009 0a11 9F150000 		.4byte	0x159f
 4010 0a15 01       		.uleb128 0x1
 4011 0a16 9F150000 		.4byte	0x159f
 4012 0a1a 00       		.byte	0
 4013 0a1b 03       		.uleb128 0x3
 4014 0a1c 5A1D0000 		.4byte	.LASF135
 4015 0a20 08       		.byte	0x8
 4016 0a21 E302     		.2byte	0x2e3
 4017 0a23 03       		.byte	0x3
 4018 0a24 B0190000 		.4byte	.LASF137
 4019 0a28 08240000 		.4byte	0x2408
 4020 0a2c 3B0A0000 		.4byte	0xa3b
 4021 0a30 01       		.uleb128 0x1
 4022 0a31 A6150000 		.4byte	0x15a6
 4023 0a35 01       		.uleb128 0x1
 4024 0a36 A6150000 		.4byte	0x15a6
 4025 0a3a 00       		.byte	0
 4026 0a3b 03       		.uleb128 0x3
 4027 0a3c 5A1D0000 		.4byte	.LASF135
 4028 0a40 08       		.byte	0x8
 4029 0a41 DF02     		.2byte	0x2df
 4030 0a43 03       		.byte	0x3
 4031 0a44 E41B0000 		.4byte	.LASF138
 4032 0a48 08240000 		.4byte	0x2408
 4033 0a4c 5B0A0000 		.4byte	0xa5b
 4034 0a50 01       		.uleb128 0x1
 4035 0a51 25000000 		.4byte	0x25
 4036 0a55 01       		.uleb128 0x1
 4037 0a56 25000000 		.4byte	0x25
 4038 0a5a 00       		.byte	0
 4039 0a5b 03       		.uleb128 0x3
 4040 0a5c 8F070000 		.4byte	.LASF139
 4041 0a60 08       		.byte	0x8
 4042 0a61 0103     		.2byte	0x301
 4043 0a63 03       		.byte	0x3
ARM GAS  /tmp/ccHvmxP5.s 			page 72


 4044 0a64 96160000 		.4byte	.LASF140
 4045 0a68 08240000 		.4byte	0x2408
 4046 0a6c 7B0A0000 		.4byte	0xa7b
 4047 0a70 01       		.uleb128 0x1
 4048 0a71 9F150000 		.4byte	0x159f
 4049 0a75 01       		.uleb128 0x1
 4050 0a76 9F150000 		.4byte	0x159f
 4051 0a7a 00       		.byte	0
 4052 0a7b 03       		.uleb128 0x3
 4053 0a7c 8F070000 		.4byte	.LASF139
 4054 0a80 08       		.byte	0x8
 4055 0a81 FD02     		.2byte	0x2fd
 4056 0a83 03       		.byte	0x3
 4057 0a84 B4150000 		.4byte	.LASF141
 4058 0a88 08240000 		.4byte	0x2408
 4059 0a8c 9B0A0000 		.4byte	0xa9b
 4060 0a90 01       		.uleb128 0x1
 4061 0a91 A6150000 		.4byte	0x15a6
 4062 0a95 01       		.uleb128 0x1
 4063 0a96 A6150000 		.4byte	0x15a6
 4064 0a9a 00       		.byte	0
 4065 0a9b 03       		.uleb128 0x3
 4066 0a9c 8F070000 		.4byte	.LASF139
 4067 0aa0 08       		.byte	0x8
 4068 0aa1 F902     		.2byte	0x2f9
 4069 0aa3 03       		.byte	0x3
 4070 0aa4 C2170000 		.4byte	.LASF142
 4071 0aa8 08240000 		.4byte	0x2408
 4072 0aac BB0A0000 		.4byte	0xabb
 4073 0ab0 01       		.uleb128 0x1
 4074 0ab1 25000000 		.4byte	0x25
 4075 0ab5 01       		.uleb128 0x1
 4076 0ab6 25000000 		.4byte	0x25
 4077 0aba 00       		.byte	0
 4078 0abb 03       		.uleb128 0x3
 4079 0abc 880A0000 		.4byte	.LASF143
 4080 0ac0 08       		.byte	0x8
 4081 0ac1 1B03     		.2byte	0x31b
 4082 0ac3 03       		.byte	0x3
 4083 0ac4 200D0000 		.4byte	.LASF144
 4084 0ac8 08240000 		.4byte	0x2408
 4085 0acc DB0A0000 		.4byte	0xadb
 4086 0ad0 01       		.uleb128 0x1
 4087 0ad1 9F150000 		.4byte	0x159f
 4088 0ad5 01       		.uleb128 0x1
 4089 0ad6 9F150000 		.4byte	0x159f
 4090 0ada 00       		.byte	0
 4091 0adb 03       		.uleb128 0x3
 4092 0adc 880A0000 		.4byte	.LASF143
 4093 0ae0 08       		.byte	0x8
 4094 0ae1 1703     		.2byte	0x317
 4095 0ae3 03       		.byte	0x3
 4096 0ae4 440C0000 		.4byte	.LASF145
 4097 0ae8 08240000 		.4byte	0x2408
 4098 0aec FB0A0000 		.4byte	0xafb
 4099 0af0 01       		.uleb128 0x1
 4100 0af1 A6150000 		.4byte	0x15a6
ARM GAS  /tmp/ccHvmxP5.s 			page 73


 4101 0af5 01       		.uleb128 0x1
 4102 0af6 A6150000 		.4byte	0x15a6
 4103 0afa 00       		.byte	0
 4104 0afb 03       		.uleb128 0x3
 4105 0afc 880A0000 		.4byte	.LASF143
 4106 0b00 08       		.byte	0x8
 4107 0b01 1303     		.2byte	0x313
 4108 0b03 03       		.byte	0x3
 4109 0b04 480E0000 		.4byte	.LASF146
 4110 0b08 08240000 		.4byte	0x2408
 4111 0b0c 1B0B0000 		.4byte	0xb1b
 4112 0b10 01       		.uleb128 0x1
 4113 0b11 25000000 		.4byte	0x25
 4114 0b15 01       		.uleb128 0x1
 4115 0b16 25000000 		.4byte	0x25
 4116 0b1a 00       		.byte	0
 4117 0b1b 03       		.uleb128 0x3
 4118 0b1c 2C020000 		.4byte	.LASF147
 4119 0b20 08       		.byte	0x8
 4120 0b21 3503     		.2byte	0x335
 4121 0b23 03       		.byte	0x3
 4122 0b24 A0040000 		.4byte	.LASF148
 4123 0b28 08240000 		.4byte	0x2408
 4124 0b2c 3B0B0000 		.4byte	0xb3b
 4125 0b30 01       		.uleb128 0x1
 4126 0b31 9F150000 		.4byte	0x159f
 4127 0b35 01       		.uleb128 0x1
 4128 0b36 9F150000 		.4byte	0x159f
 4129 0b3a 00       		.byte	0
 4130 0b3b 03       		.uleb128 0x3
 4131 0b3c 2C020000 		.4byte	.LASF147
 4132 0b40 08       		.byte	0x8
 4133 0b41 3103     		.2byte	0x331
 4134 0b43 03       		.byte	0x3
 4135 0b44 B2030000 		.4byte	.LASF149
 4136 0b48 08240000 		.4byte	0x2408
 4137 0b4c 5B0B0000 		.4byte	0xb5b
 4138 0b50 01       		.uleb128 0x1
 4139 0b51 A6150000 		.4byte	0x15a6
 4140 0b55 01       		.uleb128 0x1
 4141 0b56 A6150000 		.4byte	0x15a6
 4142 0b5a 00       		.byte	0
 4143 0b5b 03       		.uleb128 0x3
 4144 0b5c 2C020000 		.4byte	.LASF147
 4145 0b60 08       		.byte	0x8
 4146 0b61 2D03     		.2byte	0x32d
 4147 0b63 03       		.byte	0x3
 4148 0b64 BF050000 		.4byte	.LASF150
 4149 0b68 08240000 		.4byte	0x2408
 4150 0b6c 7B0B0000 		.4byte	0xb7b
 4151 0b70 01       		.uleb128 0x1
 4152 0b71 25000000 		.4byte	0x25
 4153 0b75 01       		.uleb128 0x1
 4154 0b76 25000000 		.4byte	0x25
 4155 0b7a 00       		.byte	0
 4156 0b7b 03       		.uleb128 0x3
 4157 0b7c 6D180000 		.4byte	.LASF151
ARM GAS  /tmp/ccHvmxP5.s 			page 74


 4158 0b80 08       		.byte	0x8
 4159 0b81 C204     		.2byte	0x4c2
 4160 0b83 03       		.byte	0x3
 4161 0b84 B01F0000 		.4byte	.LASF152
 4162 0b88 9F150000 		.4byte	0x159f
 4163 0b8c 960B0000 		.4byte	0xb96
 4164 0b90 01       		.uleb128 0x1
 4165 0b91 9F150000 		.4byte	0x159f
 4166 0b95 00       		.byte	0
 4167 0b96 03       		.uleb128 0x3
 4168 0b97 6D180000 		.4byte	.LASF151
 4169 0b9b 08       		.byte	0x8
 4170 0b9c BE04     		.2byte	0x4be
 4171 0b9e 03       		.byte	0x3
 4172 0b9f BC1F0000 		.4byte	.LASF153
 4173 0ba3 25000000 		.4byte	0x25
 4174 0ba7 B10B0000 		.4byte	0xbb1
 4175 0bab 01       		.uleb128 0x1
 4176 0bac 25000000 		.4byte	0x25
 4177 0bb0 00       		.byte	0
 4178 0bb1 03       		.uleb128 0x3
 4179 0bb2 0D100000 		.4byte	.LASF154
 4180 0bb6 08       		.byte	0x8
 4181 0bb7 D404     		.2byte	0x4d4
 4182 0bb9 03       		.byte	0x3
 4183 0bba BE190000 		.4byte	.LASF155
 4184 0bbe 9F150000 		.4byte	0x159f
 4185 0bc2 CC0B0000 		.4byte	0xbcc
 4186 0bc6 01       		.uleb128 0x1
 4187 0bc7 9F150000 		.4byte	0x159f
 4188 0bcb 00       		.byte	0
 4189 0bcc 03       		.uleb128 0x3
 4190 0bcd 0D100000 		.4byte	.LASF154
 4191 0bd1 08       		.byte	0x8
 4192 0bd2 D004     		.2byte	0x4d0
 4193 0bd4 03       		.byte	0x3
 4194 0bd5 CA190000 		.4byte	.LASF156
 4195 0bd9 25000000 		.4byte	0x25
 4196 0bdd E70B0000 		.4byte	0xbe7
 4197 0be1 01       		.uleb128 0x1
 4198 0be2 25000000 		.4byte	0x25
 4199 0be6 00       		.byte	0
 4200 0be7 03       		.uleb128 0x3
 4201 0be8 B60C0000 		.4byte	.LASF157
 4202 0bec 08       		.byte	0x8
 4203 0bed E604     		.2byte	0x4e6
 4204 0bef 03       		.byte	0x3
 4205 0bf0 00140000 		.4byte	.LASF158
 4206 0bf4 9F150000 		.4byte	0x159f
 4207 0bf8 020C0000 		.4byte	0xc02
 4208 0bfc 01       		.uleb128 0x1
 4209 0bfd 9F150000 		.4byte	0x159f
 4210 0c01 00       		.byte	0
 4211 0c02 03       		.uleb128 0x3
 4212 0c03 B60C0000 		.4byte	.LASF157
 4213 0c07 08       		.byte	0x8
 4214 0c08 E204     		.2byte	0x4e2
ARM GAS  /tmp/ccHvmxP5.s 			page 75


 4215 0c0a 03       		.byte	0x3
 4216 0c0b 0C140000 		.4byte	.LASF159
 4217 0c0f 25000000 		.4byte	0x25
 4218 0c13 1D0C0000 		.4byte	0xc1d
 4219 0c17 01       		.uleb128 0x1
 4220 0c18 25000000 		.4byte	0x25
 4221 0c1c 00       		.byte	0
 4222 0c1d 03       		.uleb128 0x3
 4223 0c1e 7B140000 		.4byte	.LASF160
 4224 0c22 08       		.byte	0x8
 4225 0c23 F804     		.2byte	0x4f8
 4226 0c25 03       		.byte	0x3
 4227 0c26 3C0F0000 		.4byte	.LASF161
 4228 0c2a 9F150000 		.4byte	0x159f
 4229 0c2e 380C0000 		.4byte	0xc38
 4230 0c32 01       		.uleb128 0x1
 4231 0c33 9F150000 		.4byte	0x159f
 4232 0c37 00       		.byte	0
 4233 0c38 03       		.uleb128 0x3
 4234 0c39 7B140000 		.4byte	.LASF160
 4235 0c3d 08       		.byte	0x8
 4236 0c3e F404     		.2byte	0x4f4
 4237 0c40 03       		.byte	0x3
 4238 0c41 470F0000 		.4byte	.LASF162
 4239 0c45 25000000 		.4byte	0x25
 4240 0c49 530C0000 		.4byte	0xc53
 4241 0c4d 01       		.uleb128 0x1
 4242 0c4e 25000000 		.4byte	0x25
 4243 0c52 00       		.byte	0
 4244 0c53 03       		.uleb128 0x3
 4245 0c54 DD170000 		.4byte	.LASF163
 4246 0c58 08       		.byte	0x8
 4247 0c59 0A05     		.2byte	0x50a
 4248 0c5b 03       		.byte	0x3
 4249 0c5c 3F0A0000 		.4byte	.LASF164
 4250 0c60 9F150000 		.4byte	0x159f
 4251 0c64 730C0000 		.4byte	0xc73
 4252 0c68 01       		.uleb128 0x1
 4253 0c69 9F150000 		.4byte	0x159f
 4254 0c6d 01       		.uleb128 0x1
 4255 0c6e 9F150000 		.4byte	0x159f
 4256 0c72 00       		.byte	0
 4257 0c73 03       		.uleb128 0x3
 4258 0c74 DD170000 		.4byte	.LASF163
 4259 0c78 08       		.byte	0x8
 4260 0c79 0605     		.2byte	0x506
 4261 0c7b 03       		.byte	0x3
 4262 0c7c 660C0000 		.4byte	.LASF165
 4263 0c80 25000000 		.4byte	0x25
 4264 0c84 930C0000 		.4byte	0xc93
 4265 0c88 01       		.uleb128 0x1
 4266 0c89 25000000 		.4byte	0x25
 4267 0c8d 01       		.uleb128 0x1
 4268 0c8e 25000000 		.4byte	0x25
 4269 0c92 00       		.byte	0
 4270 0c93 1F       		.uleb128 0x1f
 4271 0c94 65726600 		.ascii	"erf\000"
ARM GAS  /tmp/ccHvmxP5.s 			page 76


 4272 0c98 08       		.byte	0x8
 4273 0c99 1E05     		.2byte	0x51e
 4274 0c9b 03       		.byte	0x3
 4275 0c9c 891A0000 		.4byte	.LASF166
 4276 0ca0 9F150000 		.4byte	0x159f
 4277 0ca4 AE0C0000 		.4byte	0xcae
 4278 0ca8 01       		.uleb128 0x1
 4279 0ca9 9F150000 		.4byte	0x159f
 4280 0cad 00       		.byte	0
 4281 0cae 1F       		.uleb128 0x1f
 4282 0caf 65726600 		.ascii	"erf\000"
 4283 0cb3 08       		.byte	0x8
 4284 0cb4 1A05     		.2byte	0x51a
 4285 0cb6 03       		.byte	0x3
 4286 0cb7 E41E0000 		.4byte	.LASF167
 4287 0cbb 25000000 		.4byte	0x25
 4288 0cbf C90C0000 		.4byte	0xcc9
 4289 0cc3 01       		.uleb128 0x1
 4290 0cc4 25000000 		.4byte	0x25
 4291 0cc8 00       		.byte	0
 4292 0cc9 03       		.uleb128 0x3
 4293 0cca DB0F0000 		.4byte	.LASF168
 4294 0cce 08       		.byte	0x8
 4295 0ccf 3005     		.2byte	0x530
 4296 0cd1 03       		.byte	0x3
 4297 0cd2 23070000 		.4byte	.LASF169
 4298 0cd6 9F150000 		.4byte	0x159f
 4299 0cda E40C0000 		.4byte	0xce4
 4300 0cde 01       		.uleb128 0x1
 4301 0cdf 9F150000 		.4byte	0x159f
 4302 0ce3 00       		.byte	0
 4303 0ce4 03       		.uleb128 0x3
 4304 0ce5 DB0F0000 		.4byte	.LASF168
 4305 0ce9 08       		.byte	0x8
 4306 0cea 2C05     		.2byte	0x52c
 4307 0cec 03       		.byte	0x3
 4308 0ced 2E070000 		.4byte	.LASF170
 4309 0cf1 25000000 		.4byte	0x25
 4310 0cf5 FF0C0000 		.4byte	0xcff
 4311 0cf9 01       		.uleb128 0x1
 4312 0cfa 25000000 		.4byte	0x25
 4313 0cfe 00       		.byte	0
 4314 0cff 03       		.uleb128 0x3
 4315 0d00 051F0000 		.4byte	.LASF171
 4316 0d04 08       		.byte	0x8
 4317 0d05 4205     		.2byte	0x542
 4318 0d07 03       		.byte	0x3
 4319 0d08 CE150000 		.4byte	.LASF172
 4320 0d0c 9F150000 		.4byte	0x159f
 4321 0d10 1A0D0000 		.4byte	0xd1a
 4322 0d14 01       		.uleb128 0x1
 4323 0d15 9F150000 		.4byte	0x159f
 4324 0d19 00       		.byte	0
 4325 0d1a 03       		.uleb128 0x3
 4326 0d1b 051F0000 		.4byte	.LASF171
 4327 0d1f 08       		.byte	0x8
 4328 0d20 3E05     		.2byte	0x53e
ARM GAS  /tmp/ccHvmxP5.s 			page 77


 4329 0d22 03       		.byte	0x3
 4330 0d23 D9150000 		.4byte	.LASF173
 4331 0d27 25000000 		.4byte	0x25
 4332 0d2b 350D0000 		.4byte	0xd35
 4333 0d2f 01       		.uleb128 0x1
 4334 0d30 25000000 		.4byte	0x25
 4335 0d34 00       		.byte	0
 4336 0d35 03       		.uleb128 0x3
 4337 0d36 7D170000 		.4byte	.LASF174
 4338 0d3a 08       		.byte	0x8
 4339 0d3b 5405     		.2byte	0x554
 4340 0d3d 03       		.byte	0x3
 4341 0d3e 760C0000 		.4byte	.LASF175
 4342 0d42 9F150000 		.4byte	0x159f
 4343 0d46 500D0000 		.4byte	0xd50
 4344 0d4a 01       		.uleb128 0x1
 4345 0d4b 9F150000 		.4byte	0x159f
 4346 0d4f 00       		.byte	0
 4347 0d50 03       		.uleb128 0x3
 4348 0d51 7D170000 		.4byte	.LASF174
 4349 0d55 08       		.byte	0x8
 4350 0d56 5005     		.2byte	0x550
 4351 0d58 03       		.byte	0x3
 4352 0d59 820C0000 		.4byte	.LASF176
 4353 0d5d 25000000 		.4byte	0x25
 4354 0d61 6B0D0000 		.4byte	0xd6b
 4355 0d65 01       		.uleb128 0x1
 4356 0d66 25000000 		.4byte	0x25
 4357 0d6a 00       		.byte	0
 4358 0d6b 03       		.uleb128 0x3
 4359 0d6c 00000000 		.4byte	.LASF177
 4360 0d70 08       		.byte	0x8
 4361 0d71 6605     		.2byte	0x566
 4362 0d73 03       		.byte	0x3
 4363 0d74 9E050000 		.4byte	.LASF178
 4364 0d78 9F150000 		.4byte	0x159f
 4365 0d7c 8B0D0000 		.4byte	0xd8b
 4366 0d80 01       		.uleb128 0x1
 4367 0d81 9F150000 		.4byte	0x159f
 4368 0d85 01       		.uleb128 0x1
 4369 0d86 9F150000 		.4byte	0x159f
 4370 0d8a 00       		.byte	0
 4371 0d8b 03       		.uleb128 0x3
 4372 0d8c 00000000 		.4byte	.LASF177
 4373 0d90 08       		.byte	0x8
 4374 0d91 6205     		.2byte	0x562
 4375 0d93 03       		.byte	0x3
 4376 0d94 42160000 		.4byte	.LASF179
 4377 0d98 25000000 		.4byte	0x25
 4378 0d9c AB0D0000 		.4byte	0xdab
 4379 0da0 01       		.uleb128 0x1
 4380 0da1 25000000 		.4byte	0x25
 4381 0da5 01       		.uleb128 0x1
 4382 0da6 25000000 		.4byte	0x25
 4383 0daa 00       		.byte	0
 4384 0dab 1F       		.uleb128 0x1f
 4385 0dac 666D6100 		.ascii	"fma\000"
ARM GAS  /tmp/ccHvmxP5.s 			page 78


 4386 0db0 08       		.byte	0x8
 4387 0db1 7A05     		.2byte	0x57a
 4388 0db3 03       		.byte	0x3
 4389 0db4 C3020000 		.4byte	.LASF180
 4390 0db8 9F150000 		.4byte	0x159f
 4391 0dbc D00D0000 		.4byte	0xdd0
 4392 0dc0 01       		.uleb128 0x1
 4393 0dc1 9F150000 		.4byte	0x159f
 4394 0dc5 01       		.uleb128 0x1
 4395 0dc6 9F150000 		.4byte	0x159f
 4396 0dca 01       		.uleb128 0x1
 4397 0dcb 9F150000 		.4byte	0x159f
 4398 0dcf 00       		.byte	0
 4399 0dd0 1F       		.uleb128 0x1f
 4400 0dd1 666D6100 		.ascii	"fma\000"
 4401 0dd5 08       		.byte	0x8
 4402 0dd6 7605     		.2byte	0x576
 4403 0dd8 03       		.byte	0x3
 4404 0dd9 BA0A0000 		.4byte	.LASF181
 4405 0ddd 25000000 		.4byte	0x25
 4406 0de1 F50D0000 		.4byte	0xdf5
 4407 0de5 01       		.uleb128 0x1
 4408 0de6 25000000 		.4byte	0x25
 4409 0dea 01       		.uleb128 0x1
 4410 0deb 25000000 		.4byte	0x25
 4411 0def 01       		.uleb128 0x1
 4412 0df0 25000000 		.4byte	0x25
 4413 0df4 00       		.byte	0
 4414 0df5 03       		.uleb128 0x3
 4415 0df6 88190000 		.4byte	.LASF182
 4416 0dfa 08       		.byte	0x8
 4417 0dfb 8E05     		.2byte	0x58e
 4418 0dfd 03       		.byte	0x3
 4419 0dfe EE1E0000 		.4byte	.LASF183
 4420 0e02 9F150000 		.4byte	0x159f
 4421 0e06 150E0000 		.4byte	0xe15
 4422 0e0a 01       		.uleb128 0x1
 4423 0e0b 9F150000 		.4byte	0x159f
 4424 0e0f 01       		.uleb128 0x1
 4425 0e10 9F150000 		.4byte	0x159f
 4426 0e14 00       		.byte	0
 4427 0e15 03       		.uleb128 0x3
 4428 0e16 88190000 		.4byte	.LASF182
 4429 0e1a 08       		.byte	0x8
 4430 0e1b 8A05     		.2byte	0x58a
 4431 0e1d 03       		.byte	0x3
 4432 0e1e 8E1F0000 		.4byte	.LASF184
 4433 0e22 25000000 		.4byte	0x25
 4434 0e26 350E0000 		.4byte	0xe35
 4435 0e2a 01       		.uleb128 0x1
 4436 0e2b 25000000 		.4byte	0x25
 4437 0e2f 01       		.uleb128 0x1
 4438 0e30 25000000 		.4byte	0x25
 4439 0e34 00       		.byte	0
 4440 0e35 03       		.uleb128 0x3
 4441 0e36 E8010000 		.4byte	.LASF185
 4442 0e3a 08       		.byte	0x8
ARM GAS  /tmp/ccHvmxP5.s 			page 79


 4443 0e3b A205     		.2byte	0x5a2
 4444 0e3d 03       		.byte	0x3
 4445 0e3e 6D1F0000 		.4byte	.LASF186
 4446 0e42 9F150000 		.4byte	0x159f
 4447 0e46 550E0000 		.4byte	0xe55
 4448 0e4a 01       		.uleb128 0x1
 4449 0e4b 9F150000 		.4byte	0x159f
 4450 0e4f 01       		.uleb128 0x1
 4451 0e50 9F150000 		.4byte	0x159f
 4452 0e54 00       		.byte	0
 4453 0e55 03       		.uleb128 0x3
 4454 0e56 E8010000 		.4byte	.LASF185
 4455 0e5a 08       		.byte	0x8
 4456 0e5b 9E05     		.2byte	0x59e
 4457 0e5d 03       		.byte	0x3
 4458 0e5e DD000000 		.4byte	.LASF187
 4459 0e62 25000000 		.4byte	0x25
 4460 0e66 750E0000 		.4byte	0xe75
 4461 0e6a 01       		.uleb128 0x1
 4462 0e6b 25000000 		.4byte	0x25
 4463 0e6f 01       		.uleb128 0x1
 4464 0e70 25000000 		.4byte	0x25
 4465 0e74 00       		.byte	0
 4466 0e75 03       		.uleb128 0x3
 4467 0e76 5B1B0000 		.4byte	.LASF188
 4468 0e7a 08       		.byte	0x8
 4469 0e7b B605     		.2byte	0x5b6
 4470 0e7d 03       		.byte	0x3
 4471 0e7e 130D0000 		.4byte	.LASF189
 4472 0e82 9F150000 		.4byte	0x159f
 4473 0e86 950E0000 		.4byte	0xe95
 4474 0e8a 01       		.uleb128 0x1
 4475 0e8b 9F150000 		.4byte	0x159f
 4476 0e8f 01       		.uleb128 0x1
 4477 0e90 9F150000 		.4byte	0x159f
 4478 0e94 00       		.byte	0
 4479 0e95 03       		.uleb128 0x3
 4480 0e96 5B1B0000 		.4byte	.LASF188
 4481 0e9a 08       		.byte	0x8
 4482 0e9b B205     		.2byte	0x5b2
 4483 0e9d 03       		.byte	0x3
 4484 0e9e 5A0F0000 		.4byte	.LASF190
 4485 0ea2 25000000 		.4byte	0x25
 4486 0ea6 B50E0000 		.4byte	0xeb5
 4487 0eaa 01       		.uleb128 0x1
 4488 0eab 25000000 		.4byte	0x25
 4489 0eaf 01       		.uleb128 0x1
 4490 0eb0 25000000 		.4byte	0x25
 4491 0eb4 00       		.byte	0
 4492 0eb5 03       		.uleb128 0x3
 4493 0eb6 69030000 		.4byte	.LASF191
 4494 0eba 08       		.byte	0x8
 4495 0ebb CA05     		.2byte	0x5ca
 4496 0ebd 03       		.byte	0x3
 4497 0ebe 801C0000 		.4byte	.LASF192
 4498 0ec2 2C000000 		.4byte	0x2c
 4499 0ec6 D00E0000 		.4byte	0xed0
ARM GAS  /tmp/ccHvmxP5.s 			page 80


 4500 0eca 01       		.uleb128 0x1
 4501 0ecb 9F150000 		.4byte	0x159f
 4502 0ecf 00       		.byte	0
 4503 0ed0 03       		.uleb128 0x3
 4504 0ed1 69030000 		.4byte	.LASF191
 4505 0ed5 08       		.byte	0x8
 4506 0ed6 C605     		.2byte	0x5c6
 4507 0ed8 03       		.byte	0x3
 4508 0ed9 201C0000 		.4byte	.LASF193
 4509 0edd 2C000000 		.4byte	0x2c
 4510 0ee1 EB0E0000 		.4byte	0xeeb
 4511 0ee5 01       		.uleb128 0x1
 4512 0ee6 25000000 		.4byte	0x25
 4513 0eea 00       		.byte	0
 4514 0eeb 03       		.uleb128 0x3
 4515 0eec 481D0000 		.4byte	.LASF194
 4516 0ef0 08       		.byte	0x8
 4517 0ef1 DD05     		.2byte	0x5dd
 4518 0ef3 03       		.byte	0x3
 4519 0ef4 ED010000 		.4byte	.LASF195
 4520 0ef8 9F150000 		.4byte	0x159f
 4521 0efc 060F0000 		.4byte	0xf06
 4522 0f00 01       		.uleb128 0x1
 4523 0f01 9F150000 		.4byte	0x159f
 4524 0f05 00       		.byte	0
 4525 0f06 03       		.uleb128 0x3
 4526 0f07 481D0000 		.4byte	.LASF194
 4527 0f0b 08       		.byte	0x8
 4528 0f0c D905     		.2byte	0x5d9
 4529 0f0e 03       		.byte	0x3
 4530 0f0f FA010000 		.4byte	.LASF196
 4531 0f13 25000000 		.4byte	0x25
 4532 0f17 210F0000 		.4byte	0xf21
 4533 0f1b 01       		.uleb128 0x1
 4534 0f1c 25000000 		.4byte	0x25
 4535 0f20 00       		.byte	0
 4536 0f21 03       		.uleb128 0x3
 4537 0f22 441B0000 		.4byte	.LASF197
 4538 0f26 08       		.byte	0x8
 4539 0f27 EF05     		.2byte	0x5ef
 4540 0f29 03       		.byte	0x3
 4541 0f2a 651E0000 		.4byte	.LASF198
 4542 0f2e 7D000000 		.4byte	0x7d
 4543 0f32 3C0F0000 		.4byte	0xf3c
 4544 0f36 01       		.uleb128 0x1
 4545 0f37 9F150000 		.4byte	0x159f
 4546 0f3b 00       		.byte	0
 4547 0f3c 03       		.uleb128 0x3
 4548 0f3d 441B0000 		.4byte	.LASF197
 4549 0f41 08       		.byte	0x8
 4550 0f42 EB05     		.2byte	0x5eb
 4551 0f44 03       		.byte	0x3
 4552 0f45 721E0000 		.4byte	.LASF199
 4553 0f49 7D000000 		.4byte	0x7d
 4554 0f4d 570F0000 		.4byte	0xf57
 4555 0f51 01       		.uleb128 0x1
 4556 0f52 25000000 		.4byte	0x25
ARM GAS  /tmp/ccHvmxP5.s 			page 81


 4557 0f56 00       		.byte	0
 4558 0f57 03       		.uleb128 0x3
 4559 0f58 F3120000 		.4byte	.LASF200
 4560 0f5c 08       		.byte	0x8
 4561 0f5d 0106     		.2byte	0x601
 4562 0f5f 03       		.byte	0x3
 4563 0f60 680D0000 		.4byte	.LASF201
 4564 0f64 7D000000 		.4byte	0x7d
 4565 0f68 720F0000 		.4byte	0xf72
 4566 0f6c 01       		.uleb128 0x1
 4567 0f6d 9F150000 		.4byte	0x159f
 4568 0f71 00       		.byte	0
 4569 0f72 03       		.uleb128 0x3
 4570 0f73 F3120000 		.4byte	.LASF200
 4571 0f77 08       		.byte	0x8
 4572 0f78 FD05     		.2byte	0x5fd
 4573 0f7a 03       		.byte	0x3
 4574 0f7b 760D0000 		.4byte	.LASF202
 4575 0f7f 7D000000 		.4byte	0x7d
 4576 0f83 8D0F0000 		.4byte	0xf8d
 4577 0f87 01       		.uleb128 0x1
 4578 0f88 25000000 		.4byte	0x25
 4579 0f8c 00       		.byte	0
 4580 0f8d 03       		.uleb128 0x3
 4581 0f8e DF0A0000 		.4byte	.LASF203
 4582 0f92 08       		.byte	0x8
 4583 0f93 1306     		.2byte	0x613
 4584 0f95 03       		.byte	0x3
 4585 0f96 F4030000 		.4byte	.LASF204
 4586 0f9a 9F150000 		.4byte	0x159f
 4587 0f9e A80F0000 		.4byte	0xfa8
 4588 0fa2 01       		.uleb128 0x1
 4589 0fa3 9F150000 		.4byte	0x159f
 4590 0fa7 00       		.byte	0
 4591 0fa8 03       		.uleb128 0x3
 4592 0fa9 DF0A0000 		.4byte	.LASF203
 4593 0fad 08       		.byte	0x8
 4594 0fae 0F06     		.2byte	0x60f
 4595 0fb0 03       		.byte	0x3
 4596 0fb1 00040000 		.4byte	.LASF205
 4597 0fb5 25000000 		.4byte	0x25
 4598 0fb9 C30F0000 		.4byte	0xfc3
 4599 0fbd 01       		.uleb128 0x1
 4600 0fbe 25000000 		.4byte	0x25
 4601 0fc2 00       		.byte	0
 4602 0fc3 03       		.uleb128 0x3
 4603 0fc4 D50D0000 		.4byte	.LASF206
 4604 0fc8 08       		.byte	0x8
 4605 0fc9 2606     		.2byte	0x626
 4606 0fcb 03       		.byte	0x3
 4607 0fcc F0060000 		.4byte	.LASF207
 4608 0fd0 9F150000 		.4byte	0x159f
 4609 0fd4 DE0F0000 		.4byte	0xfde
 4610 0fd8 01       		.uleb128 0x1
 4611 0fd9 9F150000 		.4byte	0x159f
 4612 0fdd 00       		.byte	0
 4613 0fde 03       		.uleb128 0x3
ARM GAS  /tmp/ccHvmxP5.s 			page 82


 4614 0fdf D50D0000 		.4byte	.LASF206
 4615 0fe3 08       		.byte	0x8
 4616 0fe4 2206     		.2byte	0x622
 4617 0fe6 03       		.byte	0x3
 4618 0fe7 FB060000 		.4byte	.LASF208
 4619 0feb 25000000 		.4byte	0x25
 4620 0fef F90F0000 		.4byte	0xff9
 4621 0ff3 01       		.uleb128 0x1
 4622 0ff4 25000000 		.4byte	0x25
 4623 0ff8 00       		.byte	0
 4624 0ff9 03       		.uleb128 0x3
 4625 0ffa AD0E0000 		.4byte	.LASF209
 4626 0ffe 08       		.byte	0x8
 4627 0fff 3806     		.2byte	0x638
 4628 1001 03       		.byte	0x3
 4629 1002 7D190000 		.4byte	.LASF210
 4630 1006 9F150000 		.4byte	0x159f
 4631 100a 14100000 		.4byte	0x1014
 4632 100e 01       		.uleb128 0x1
 4633 100f 9F150000 		.4byte	0x159f
 4634 1013 00       		.byte	0
 4635 1014 03       		.uleb128 0x3
 4636 1015 AD0E0000 		.4byte	.LASF209
 4637 1019 08       		.byte	0x8
 4638 101a 3406     		.2byte	0x634
 4639 101c 03       		.byte	0x3
 4640 101d 3D0E0000 		.4byte	.LASF211
 4641 1021 25000000 		.4byte	0x25
 4642 1025 2F100000 		.4byte	0x102f
 4643 1029 01       		.uleb128 0x1
 4644 102a 25000000 		.4byte	0x25
 4645 102e 00       		.byte	0
 4646 102f 03       		.uleb128 0x3
 4647 1030 56080000 		.4byte	.LASF212
 4648 1034 08       		.byte	0x8
 4649 1035 4A06     		.2byte	0x64a
 4650 1037 03       		.byte	0x3
 4651 1038 4C030000 		.4byte	.LASF213
 4652 103c 6A000000 		.4byte	0x6a
 4653 1040 4A100000 		.4byte	0x104a
 4654 1044 01       		.uleb128 0x1
 4655 1045 9F150000 		.4byte	0x159f
 4656 1049 00       		.byte	0
 4657 104a 03       		.uleb128 0x3
 4658 104b 56080000 		.4byte	.LASF212
 4659 104f 08       		.byte	0x8
 4660 1050 4606     		.2byte	0x646
 4661 1052 03       		.byte	0x3
 4662 1053 58030000 		.4byte	.LASF214
 4663 1057 6A000000 		.4byte	0x6a
 4664 105b 65100000 		.4byte	0x1065
 4665 105f 01       		.uleb128 0x1
 4666 1060 25000000 		.4byte	0x25
 4667 1064 00       		.byte	0
 4668 1065 03       		.uleb128 0x3
 4669 1066 251A0000 		.4byte	.LASF215
 4670 106a 08       		.byte	0x8
ARM GAS  /tmp/ccHvmxP5.s 			page 83


 4671 106b 5C06     		.2byte	0x65c
 4672 106d 03       		.byte	0x3
 4673 106e BB090000 		.4byte	.LASF216
 4674 1072 6A000000 		.4byte	0x6a
 4675 1076 80100000 		.4byte	0x1080
 4676 107a 01       		.uleb128 0x1
 4677 107b 9F150000 		.4byte	0x159f
 4678 107f 00       		.byte	0
 4679 1080 03       		.uleb128 0x3
 4680 1081 251A0000 		.4byte	.LASF215
 4681 1085 08       		.byte	0x8
 4682 1086 5806     		.2byte	0x658
 4683 1088 03       		.byte	0x3
 4684 1089 C8090000 		.4byte	.LASF217
 4685 108d 6A000000 		.4byte	0x6a
 4686 1091 9B100000 		.4byte	0x109b
 4687 1095 01       		.uleb128 0x1
 4688 1096 25000000 		.4byte	0x25
 4689 109a 00       		.byte	0
 4690 109b 03       		.uleb128 0x3
 4691 109c 6F060000 		.4byte	.LASF218
 4692 10a0 08       		.byte	0x8
 4693 10a1 6E06     		.2byte	0x66e
 4694 10a3 03       		.byte	0x3
 4695 10a4 36050000 		.4byte	.LASF219
 4696 10a8 9F150000 		.4byte	0x159f
 4697 10ac B6100000 		.4byte	0x10b6
 4698 10b0 01       		.uleb128 0x1
 4699 10b1 9F150000 		.4byte	0x159f
 4700 10b5 00       		.byte	0
 4701 10b6 03       		.uleb128 0x3
 4702 10b7 6F060000 		.4byte	.LASF218
 4703 10bb 08       		.byte	0x8
 4704 10bc 6A06     		.2byte	0x66a
 4705 10be 03       		.byte	0x3
 4706 10bf 46050000 		.4byte	.LASF220
 4707 10c3 25000000 		.4byte	0x25
 4708 10c7 D1100000 		.4byte	0x10d1
 4709 10cb 01       		.uleb128 0x1
 4710 10cc 25000000 		.4byte	0x25
 4711 10d0 00       		.byte	0
 4712 10d1 03       		.uleb128 0x3
 4713 10d2 83170000 		.4byte	.LASF221
 4714 10d6 08       		.byte	0x8
 4715 10d7 8006     		.2byte	0x680
 4716 10d9 03       		.byte	0x3
 4717 10da D7010000 		.4byte	.LASF222
 4718 10de 9F150000 		.4byte	0x159f
 4719 10e2 F1100000 		.4byte	0x10f1
 4720 10e6 01       		.uleb128 0x1
 4721 10e7 9F150000 		.4byte	0x159f
 4722 10eb 01       		.uleb128 0x1
 4723 10ec 9F150000 		.4byte	0x159f
 4724 10f0 00       		.byte	0
 4725 10f1 03       		.uleb128 0x3
 4726 10f2 83170000 		.4byte	.LASF221
 4727 10f6 08       		.byte	0x8
ARM GAS  /tmp/ccHvmxP5.s 			page 84


 4728 10f7 7C06     		.2byte	0x67c
 4729 10f9 03       		.byte	0x3
 4730 10fa A1030000 		.4byte	.LASF223
 4731 10fe 25000000 		.4byte	0x25
 4732 1102 11110000 		.4byte	0x1111
 4733 1106 01       		.uleb128 0x1
 4734 1107 25000000 		.4byte	0x25
 4735 110b 01       		.uleb128 0x1
 4736 110c 25000000 		.4byte	0x25
 4737 1110 00       		.byte	0
 4738 1111 03       		.uleb128 0x3
 4739 1112 0C040000 		.4byte	.LASF224
 4740 1116 08       		.byte	0x8
 4741 1117 9406     		.2byte	0x694
 4742 1119 03       		.byte	0x3
 4743 111a 2F000000 		.4byte	.LASF225
 4744 111e 9F150000 		.4byte	0x159f
 4745 1122 31110000 		.4byte	0x1131
 4746 1126 01       		.uleb128 0x1
 4747 1127 9F150000 		.4byte	0x159f
 4748 112b 01       		.uleb128 0x1
 4749 112c 9F150000 		.4byte	0x159f
 4750 1130 00       		.byte	0
 4751 1131 03       		.uleb128 0x3
 4752 1132 0C040000 		.4byte	.LASF224
 4753 1136 08       		.byte	0x8
 4754 1137 9006     		.2byte	0x690
 4755 1139 03       		.byte	0x3
 4756 113a 72020000 		.4byte	.LASF226
 4757 113e 25000000 		.4byte	0x25
 4758 1142 51110000 		.4byte	0x1151
 4759 1146 01       		.uleb128 0x1
 4760 1147 25000000 		.4byte	0x25
 4761 114b 01       		.uleb128 0x1
 4762 114c 9F150000 		.4byte	0x159f
 4763 1150 00       		.byte	0
 4764 1151 03       		.uleb128 0x3
 4765 1152 4D1F0000 		.4byte	.LASF227
 4766 1156 08       		.byte	0x8
 4767 1157 A606     		.2byte	0x6a6
 4768 1159 03       		.byte	0x3
 4769 115a D11C0000 		.4byte	.LASF228
 4770 115e 9F150000 		.4byte	0x159f
 4771 1162 71110000 		.4byte	0x1171
 4772 1166 01       		.uleb128 0x1
 4773 1167 9F150000 		.4byte	0x159f
 4774 116b 01       		.uleb128 0x1
 4775 116c 9F150000 		.4byte	0x159f
 4776 1170 00       		.byte	0
 4777 1171 03       		.uleb128 0x3
 4778 1172 4D1F0000 		.4byte	.LASF227
 4779 1176 08       		.byte	0x8
 4780 1177 A206     		.2byte	0x6a2
 4781 1179 03       		.byte	0x3
 4782 117a BB1D0000 		.4byte	.LASF229
 4783 117e 25000000 		.4byte	0x25
 4784 1182 91110000 		.4byte	0x1191
ARM GAS  /tmp/ccHvmxP5.s 			page 85


 4785 1186 01       		.uleb128 0x1
 4786 1187 25000000 		.4byte	0x25
 4787 118b 01       		.uleb128 0x1
 4788 118c 25000000 		.4byte	0x25
 4789 1190 00       		.byte	0
 4790 1191 03       		.uleb128 0x3
 4791 1192 5A130000 		.4byte	.LASF230
 4792 1196 08       		.byte	0x8
 4793 1197 BA06     		.2byte	0x6ba
 4794 1199 03       		.byte	0x3
 4795 119a 89130000 		.4byte	.LASF231
 4796 119e 9F150000 		.4byte	0x159f
 4797 11a2 B6110000 		.4byte	0x11b6
 4798 11a6 01       		.uleb128 0x1
 4799 11a7 9F150000 		.4byte	0x159f
 4800 11ab 01       		.uleb128 0x1
 4801 11ac 9F150000 		.4byte	0x159f
 4802 11b0 01       		.uleb128 0x1
 4803 11b1 C5210000 		.4byte	0x21c5
 4804 11b5 00       		.byte	0
 4805 11b6 03       		.uleb128 0x3
 4806 11b7 5A130000 		.4byte	.LASF230
 4807 11bb 08       		.byte	0x8
 4808 11bc B606     		.2byte	0x6b6
 4809 11be 03       		.byte	0x3
 4810 11bf 301F0000 		.4byte	.LASF232
 4811 11c3 25000000 		.4byte	0x25
 4812 11c7 DB110000 		.4byte	0x11db
 4813 11cb 01       		.uleb128 0x1
 4814 11cc 25000000 		.4byte	0x25
 4815 11d0 01       		.uleb128 0x1
 4816 11d1 25000000 		.4byte	0x25
 4817 11d5 01       		.uleb128 0x1
 4818 11d6 C5210000 		.4byte	0x21c5
 4819 11da 00       		.byte	0
 4820 11db 03       		.uleb128 0x3
 4821 11dc 98190000 		.4byte	.LASF233
 4822 11e0 08       		.byte	0x8
 4823 11e1 CE06     		.2byte	0x6ce
 4824 11e3 03       		.byte	0x3
 4825 11e4 DF1A0000 		.4byte	.LASF234
 4826 11e8 9F150000 		.4byte	0x159f
 4827 11ec F6110000 		.4byte	0x11f6
 4828 11f0 01       		.uleb128 0x1
 4829 11f1 9F150000 		.4byte	0x159f
 4830 11f5 00       		.byte	0
 4831 11f6 03       		.uleb128 0x3
 4832 11f7 98190000 		.4byte	.LASF233
 4833 11fb 08       		.byte	0x8
 4834 11fc CA06     		.2byte	0x6ca
 4835 11fe 03       		.byte	0x3
 4836 11ff EA1A0000 		.4byte	.LASF235
 4837 1203 25000000 		.4byte	0x25
 4838 1207 11120000 		.4byte	0x1211
 4839 120b 01       		.uleb128 0x1
 4840 120c 25000000 		.4byte	0x25
 4841 1210 00       		.byte	0
ARM GAS  /tmp/ccHvmxP5.s 			page 86


 4842 1211 03       		.uleb128 0x3
 4843 1212 2C120000 		.4byte	.LASF236
 4844 1216 08       		.byte	0x8
 4845 1217 E006     		.2byte	0x6e0
 4846 1219 03       		.byte	0x3
 4847 121a 940F0000 		.4byte	.LASF237
 4848 121e 9F150000 		.4byte	0x159f
 4849 1222 2C120000 		.4byte	0x122c
 4850 1226 01       		.uleb128 0x1
 4851 1227 9F150000 		.4byte	0x159f
 4852 122b 00       		.byte	0
 4853 122c 03       		.uleb128 0x3
 4854 122d 2C120000 		.4byte	.LASF236
 4855 1231 08       		.byte	0x8
 4856 1232 DC06     		.2byte	0x6dc
 4857 1234 03       		.byte	0x3
 4858 1235 A00F0000 		.4byte	.LASF238
 4859 1239 25000000 		.4byte	0x25
 4860 123d 47120000 		.4byte	0x1247
 4861 1241 01       		.uleb128 0x1
 4862 1242 25000000 		.4byte	0x25
 4863 1246 00       		.byte	0
 4864 1247 03       		.uleb128 0x3
 4865 1248 CD140000 		.4byte	.LASF239
 4866 124c 08       		.byte	0x8
 4867 124d F206     		.2byte	0x6f2
 4868 124f 03       		.byte	0x3
 4869 1250 C70C0000 		.4byte	.LASF240
 4870 1254 9F150000 		.4byte	0x159f
 4871 1258 67120000 		.4byte	0x1267
 4872 125c 01       		.uleb128 0x1
 4873 125d 9F150000 		.4byte	0x159f
 4874 1261 01       		.uleb128 0x1
 4875 1262 6A000000 		.4byte	0x6a
 4876 1266 00       		.byte	0
 4877 1267 03       		.uleb128 0x3
 4878 1268 CD140000 		.4byte	.LASF239
 4879 126c 08       		.byte	0x8
 4880 126d EE06     		.2byte	0x6ee
 4881 126f 03       		.byte	0x3
 4882 1270 9D0D0000 		.4byte	.LASF241
 4883 1274 25000000 		.4byte	0x25
 4884 1278 87120000 		.4byte	0x1287
 4885 127c 01       		.uleb128 0x1
 4886 127d 25000000 		.4byte	0x25
 4887 1281 01       		.uleb128 0x1
 4888 1282 6A000000 		.4byte	0x6a
 4889 1286 00       		.byte	0
 4890 1287 03       		.uleb128 0x3
 4891 1288 691A0000 		.4byte	.LASF242
 4892 128c 08       		.byte	0x8
 4893 128d 0407     		.2byte	0x704
 4894 128f 03       		.byte	0x3
 4895 1290 00030000 		.4byte	.LASF243
 4896 1294 9F150000 		.4byte	0x159f
 4897 1298 A7120000 		.4byte	0x12a7
 4898 129c 01       		.uleb128 0x1
ARM GAS  /tmp/ccHvmxP5.s 			page 87


 4899 129d 9F150000 		.4byte	0x159f
 4900 12a1 01       		.uleb128 0x1
 4901 12a2 2C000000 		.4byte	0x2c
 4902 12a6 00       		.byte	0
 4903 12a7 03       		.uleb128 0x3
 4904 12a8 691A0000 		.4byte	.LASF242
 4905 12ac 08       		.byte	0x8
 4906 12ad 0007     		.2byte	0x700
 4907 12af 03       		.byte	0x3
 4908 12b0 59000000 		.4byte	.LASF244
 4909 12b4 25000000 		.4byte	0x25
 4910 12b8 C7120000 		.4byte	0x12c7
 4911 12bc 01       		.uleb128 0x1
 4912 12bd 25000000 		.4byte	0x25
 4913 12c1 01       		.uleb128 0x1
 4914 12c2 2C000000 		.4byte	0x2c
 4915 12c6 00       		.byte	0
 4916 12c7 03       		.uleb128 0x3
 4917 12c8 530D0000 		.4byte	.LASF245
 4918 12cc 08       		.byte	0x8
 4919 12cd 1607     		.2byte	0x716
 4920 12cf 03       		.byte	0x3
 4921 12d0 13100000 		.4byte	.LASF246
 4922 12d4 9F150000 		.4byte	0x159f
 4923 12d8 E2120000 		.4byte	0x12e2
 4924 12dc 01       		.uleb128 0x1
 4925 12dd 9F150000 		.4byte	0x159f
 4926 12e1 00       		.byte	0
 4927 12e2 03       		.uleb128 0x3
 4928 12e3 530D0000 		.4byte	.LASF245
 4929 12e7 08       		.byte	0x8
 4930 12e8 1207     		.2byte	0x712
 4931 12ea 03       		.byte	0x3
 4932 12eb 20100000 		.4byte	.LASF247
 4933 12ef 25000000 		.4byte	0x25
 4934 12f3 FD120000 		.4byte	0x12fd
 4935 12f7 01       		.uleb128 0x1
 4936 12f8 25000000 		.4byte	0x25
 4937 12fc 00       		.byte	0
 4938 12fd 03       		.uleb128 0x3
 4939 12fe 46180000 		.4byte	.LASF248
 4940 1302 08       		.byte	0x8
 4941 1303 2807     		.2byte	0x728
 4942 1305 03       		.byte	0x3
 4943 1306 1C110000 		.4byte	.LASF249
 4944 130a 9F150000 		.4byte	0x159f
 4945 130e 18130000 		.4byte	0x1318
 4946 1312 01       		.uleb128 0x1
 4947 1313 9F150000 		.4byte	0x159f
 4948 1317 00       		.byte	0
 4949 1318 03       		.uleb128 0x3
 4950 1319 46180000 		.4byte	.LASF248
 4951 131d 08       		.byte	0x8
 4952 131e 2407     		.2byte	0x724
 4953 1320 03       		.byte	0x3
 4954 1321 28110000 		.4byte	.LASF250
 4955 1325 25000000 		.4byte	0x25
ARM GAS  /tmp/ccHvmxP5.s 			page 88


 4956 1329 33130000 		.4byte	0x1333
 4957 132d 01       		.uleb128 0x1
 4958 132e 25000000 		.4byte	0x25
 4959 1332 00       		.byte	0
 4960 1333 02       		.uleb128 0x2
 4961 1334 0A       		.byte	0xa
 4962 1335 2F       		.byte	0x2f
 4963 1336 0B       		.byte	0xb
 4964 1337 33000000 		.4byte	0x33
 4965 133b 02       		.uleb128 0x2
 4966 133c 0A       		.byte	0xa
 4967 133d 30       		.byte	0x30
 4968 133e 0B       		.byte	0xb
 4969 133f 46000000 		.4byte	0x46
 4970 1343 02       		.uleb128 0x2
 4971 1344 0A       		.byte	0xa
 4972 1345 31       		.byte	0x31
 4973 1346 0B       		.byte	0xb
 4974 1347 59000000 		.4byte	0x59
 4975 134b 02       		.uleb128 0x2
 4976 134c 0A       		.byte	0xa
 4977 134d 32       		.byte	0x32
 4978 134e 0B       		.byte	0xb
 4979 134f 71000000 		.4byte	0x71
 4980 1353 02       		.uleb128 0x2
 4981 1354 0A       		.byte	0xa
 4982 1355 34       		.byte	0x34
 4983 1356 0B       		.byte	0xb
 4984 1357 3A010000 		.4byte	0x13a
 4985 135b 02       		.uleb128 0x2
 4986 135c 0A       		.byte	0xa
 4987 135d 35       		.byte	0x35
 4988 135e 0B       		.byte	0xb
 4989 135f 4B010000 		.4byte	0x14b
 4990 1363 02       		.uleb128 0x2
 4991 1364 0A       		.byte	0xa
 4992 1365 36       		.byte	0x36
 4993 1366 0B       		.byte	0xb
 4994 1367 57010000 		.4byte	0x157
 4995 136b 02       		.uleb128 0x2
 4996 136c 0A       		.byte	0xa
 4997 136d 37       		.byte	0x37
 4998 136e 0B       		.byte	0xb
 4999 136f 63010000 		.4byte	0x163
 5000 1373 02       		.uleb128 0x2
 5001 1374 0A       		.byte	0xa
 5002 1375 39       		.byte	0x39
 5003 1376 0B       		.byte	0xb
 5004 1377 DA000000 		.4byte	0xda
 5005 137b 02       		.uleb128 0x2
 5006 137c 0A       		.byte	0xa
 5007 137d 3A       		.byte	0x3a
 5008 137e 0B       		.byte	0xb
 5009 137f E6000000 		.4byte	0xe6
 5010 1383 02       		.uleb128 0x2
 5011 1384 0A       		.byte	0xa
 5012 1385 3B       		.byte	0x3b
ARM GAS  /tmp/ccHvmxP5.s 			page 89


 5013 1386 0B       		.byte	0xb
 5014 1387 F2000000 		.4byte	0xf2
 5015 138b 02       		.uleb128 0x2
 5016 138c 0A       		.byte	0xa
 5017 138d 3C       		.byte	0x3c
 5018 138e 0B       		.byte	0xb
 5019 138f FE000000 		.4byte	0xfe
 5020 1393 02       		.uleb128 0x2
 5021 1394 0A       		.byte	0xa
 5022 1395 3E       		.byte	0x3e
 5023 1396 0B       		.byte	0xb
 5024 1397 BE010000 		.4byte	0x1be
 5025 139b 02       		.uleb128 0x2
 5026 139c 0A       		.byte	0xa
 5027 139d 3F       		.byte	0x3f
 5028 139e 0B       		.byte	0xb
 5029 139f A6010000 		.4byte	0x1a6
 5030 13a3 02       		.uleb128 0x2
 5031 13a4 0A       		.byte	0xa
 5032 13a5 41       		.byte	0x41
 5033 13a6 0B       		.byte	0xb
 5034 13a7 84000000 		.4byte	0x84
 5035 13ab 02       		.uleb128 0x2
 5036 13ac 0A       		.byte	0xa
 5037 13ad 42       		.byte	0x42
 5038 13ae 0B       		.byte	0xb
 5039 13af 9C000000 		.4byte	0x9c
 5040 13b3 02       		.uleb128 0x2
 5041 13b4 0A       		.byte	0xa
 5042 13b5 43       		.byte	0x43
 5043 13b6 0B       		.byte	0xb
 5044 13b7 AF000000 		.4byte	0xaf
 5045 13bb 02       		.uleb128 0x2
 5046 13bc 0A       		.byte	0xa
 5047 13bd 44       		.byte	0x44
 5048 13be 0B       		.byte	0xb
 5049 13bf C7000000 		.4byte	0xc7
 5050 13c3 02       		.uleb128 0x2
 5051 13c4 0A       		.byte	0xa
 5052 13c5 46       		.byte	0x46
 5053 13c6 0B       		.byte	0xb
 5054 13c7 6F010000 		.4byte	0x16f
 5055 13cb 02       		.uleb128 0x2
 5056 13cc 0A       		.byte	0xa
 5057 13cd 47       		.byte	0x47
 5058 13ce 0B       		.byte	0xb
 5059 13cf 82010000 		.4byte	0x182
 5060 13d3 02       		.uleb128 0x2
 5061 13d4 0A       		.byte	0xa
 5062 13d5 48       		.byte	0x48
 5063 13d6 0B       		.byte	0xb
 5064 13d7 8E010000 		.4byte	0x18e
 5065 13db 02       		.uleb128 0x2
 5066 13dc 0A       		.byte	0xa
 5067 13dd 49       		.byte	0x49
 5068 13de 0B       		.byte	0xb
 5069 13df 9A010000 		.4byte	0x19a
ARM GAS  /tmp/ccHvmxP5.s 			page 90


 5070 13e3 02       		.uleb128 0x2
 5071 13e4 0A       		.byte	0xa
 5072 13e5 4B       		.byte	0x4b
 5073 13e6 0B       		.byte	0xb
 5074 13e7 0A010000 		.4byte	0x10a
 5075 13eb 02       		.uleb128 0x2
 5076 13ec 0A       		.byte	0xa
 5077 13ed 4C       		.byte	0x4c
 5078 13ee 0B       		.byte	0xb
 5079 13ef 16010000 		.4byte	0x116
 5080 13f3 02       		.uleb128 0x2
 5081 13f4 0A       		.byte	0xa
 5082 13f5 4D       		.byte	0x4d
 5083 13f6 0B       		.byte	0xb
 5084 13f7 22010000 		.4byte	0x122
 5085 13fb 02       		.uleb128 0x2
 5086 13fc 0A       		.byte	0xa
 5087 13fd 4E       		.byte	0x4e
 5088 13fe 0B       		.byte	0xb
 5089 13ff 2E010000 		.4byte	0x12e
 5090 1403 02       		.uleb128 0x2
 5091 1404 0A       		.byte	0xa
 5092 1405 50       		.byte	0x50
 5093 1406 0B       		.byte	0xb
 5094 1407 CA010000 		.4byte	0x1ca
 5095 140b 02       		.uleb128 0x2
 5096 140c 0A       		.byte	0xa
 5097 140d 51       		.byte	0x51
 5098 140e 0B       		.byte	0xb
 5099 140f B2010000 		.4byte	0x1b2
 5100 1413 02       		.uleb128 0x2
 5101 1414 0B       		.byte	0xb
 5102 1415 3A       		.byte	0x3a
 5103 1416 0B       		.byte	0xb
 5104 1417 F1150000 		.4byte	0x15f1
 5105 141b 02       		.uleb128 0x2
 5106 141c 0C       		.byte	0xc
 5107 141d 7F       		.byte	0x7f
 5108 141e 0B       		.byte	0xb
 5109 141f DF1E0000 		.4byte	0x1edf
 5110 1423 02       		.uleb128 0x2
 5111 1424 0C       		.byte	0xc
 5112 1425 80       		.byte	0x80
 5113 1426 0B       		.byte	0xb
 5114 1427 131F0000 		.4byte	0x1f13
 5115 142b 02       		.uleb128 0x2
 5116 142c 0C       		.byte	0xc
 5117 142d 86       		.byte	0x86
 5118 142e 0B       		.byte	0xb
 5119 142f A0310000 		.4byte	0x31a0
 5120 1433 02       		.uleb128 0x2
 5121 1434 0C       		.byte	0xc
 5122 1435 8C       		.byte	0x8c
 5123 1436 0B       		.byte	0xb
 5124 1437 B6310000 		.4byte	0x31b6
 5125 143b 02       		.uleb128 0x2
 5126 143c 0C       		.byte	0xc
ARM GAS  /tmp/ccHvmxP5.s 			page 91


 5127 143d 8D       		.byte	0x8d
 5128 143e 0B       		.byte	0xb
 5129 143f CC310000 		.4byte	0x31cc
 5130 1443 02       		.uleb128 0x2
 5131 1444 0C       		.byte	0xc
 5132 1445 8E       		.byte	0x8e
 5133 1446 0B       		.byte	0xb
 5134 1447 E2310000 		.4byte	0x31e2
 5135 144b 02       		.uleb128 0x2
 5136 144c 0C       		.byte	0xc
 5137 144d 8F       		.byte	0x8f
 5138 144e 0B       		.byte	0xb
 5139 144f F8310000 		.4byte	0x31f8
 5140 1453 02       		.uleb128 0x2
 5141 1454 0C       		.byte	0xc
 5142 1455 91       		.byte	0x91
 5143 1456 0B       		.byte	0xb
 5144 1457 22320000 		.4byte	0x3222
 5145 145b 02       		.uleb128 0x2
 5146 145c 0C       		.byte	0xc
 5147 145d 94       		.byte	0x94
 5148 145e 0B       		.byte	0xb
 5149 145f 3D320000 		.4byte	0x323d
 5150 1463 02       		.uleb128 0x2
 5151 1464 0C       		.byte	0xc
 5152 1465 96       		.byte	0x96
 5153 1466 0B       		.byte	0xb
 5154 1467 53320000 		.4byte	0x3253
 5155 146b 02       		.uleb128 0x2
 5156 146c 0C       		.byte	0xc
 5157 146d 99       		.byte	0x99
 5158 146e 0B       		.byte	0xb
 5159 146f 6E320000 		.4byte	0x326e
 5160 1473 02       		.uleb128 0x2
 5161 1474 0C       		.byte	0xc
 5162 1475 9A       		.byte	0x9a
 5163 1476 0B       		.byte	0xb
 5164 1477 89320000 		.4byte	0x3289
 5165 147b 02       		.uleb128 0x2
 5166 147c 0C       		.byte	0xc
 5167 147d 9B       		.byte	0x9b
 5168 147e 0B       		.byte	0xb
 5169 147f BB320000 		.4byte	0x32bb
 5170 1483 02       		.uleb128 0x2
 5171 1484 0C       		.byte	0xc
 5172 1485 9D       		.byte	0x9d
 5173 1486 0B       		.byte	0xb
 5174 1487 DB320000 		.4byte	0x32db
 5175 148b 02       		.uleb128 0x2
 5176 148c 0C       		.byte	0xc
 5177 148d A3       		.byte	0xa3
 5178 148e 0B       		.byte	0xb
 5179 148f FC320000 		.4byte	0x32fc
 5180 1493 02       		.uleb128 0x2
 5181 1494 0C       		.byte	0xc
 5182 1495 A5       		.byte	0xa5
 5183 1496 0B       		.byte	0xb
ARM GAS  /tmp/ccHvmxP5.s 			page 92


 5184 1497 08330000 		.4byte	0x3308
 5185 149b 02       		.uleb128 0x2
 5186 149c 0C       		.byte	0xc
 5187 149d A6       		.byte	0xa6
 5188 149e 0B       		.byte	0xb
 5189 149f 1A330000 		.4byte	0x331a
 5190 14a3 02       		.uleb128 0x2
 5191 14a4 0C       		.byte	0xc
 5192 14a5 A7       		.byte	0xa7
 5193 14a6 0B       		.byte	0xb
 5194 14a7 3B330000 		.4byte	0x333b
 5195 14ab 02       		.uleb128 0x2
 5196 14ac 0C       		.byte	0xc
 5197 14ad A8       		.byte	0xa8
 5198 14ae 0B       		.byte	0xb
 5199 14af 5B330000 		.4byte	0x335b
 5200 14b3 02       		.uleb128 0x2
 5201 14b4 0C       		.byte	0xc
 5202 14b5 A9       		.byte	0xa9
 5203 14b6 0B       		.byte	0xb
 5204 14b7 7B330000 		.4byte	0x337b
 5205 14bb 02       		.uleb128 0x2
 5206 14bc 0C       		.byte	0xc
 5207 14bd AB       		.byte	0xab
 5208 14be 0B       		.byte	0xb
 5209 14bf 91330000 		.4byte	0x3391
 5210 14c3 02       		.uleb128 0x2
 5211 14c4 0C       		.byte	0xc
 5212 14c5 AC       		.byte	0xac
 5213 14c6 0B       		.byte	0xb
 5214 14c7 B7330000 		.4byte	0x33b7
 5215 14cb 02       		.uleb128 0x2
 5216 14cc 0C       		.byte	0xc
 5217 14cd F0       		.byte	0xf0
 5218 14ce 16       		.byte	0x16
 5219 14cf 471F0000 		.4byte	0x1f47
 5220 14d3 02       		.uleb128 0x2
 5221 14d4 0C       		.byte	0xc
 5222 14d5 F5       		.byte	0xf5
 5223 14d6 16       		.byte	0x16
 5224 14d7 83150000 		.4byte	0x1583
 5225 14db 02       		.uleb128 0x2
 5226 14dc 0C       		.byte	0xc
 5227 14dd F6       		.byte	0xf6
 5228 14de 16       		.byte	0x16
 5229 14df D2330000 		.4byte	0x33d2
 5230 14e3 02       		.uleb128 0x2
 5231 14e4 0C       		.byte	0xc
 5232 14e5 F8       		.byte	0xf8
 5233 14e6 16       		.byte	0x16
 5234 14e7 EE330000 		.4byte	0x33ee
 5235 14eb 02       		.uleb128 0x2
 5236 14ec 0C       		.byte	0xc
 5237 14ed F9       		.byte	0xf9
 5238 14ee 16       		.byte	0x16
 5239 14ef 47340000 		.4byte	0x3447
 5240 14f3 02       		.uleb128 0x2
ARM GAS  /tmp/ccHvmxP5.s 			page 93


 5241 14f4 0C       		.byte	0xc
 5242 14f5 FA       		.byte	0xfa
 5243 14f6 16       		.byte	0x16
 5244 14f7 05340000 		.4byte	0x3405
 5245 14fb 02       		.uleb128 0x2
 5246 14fc 0C       		.byte	0xc
 5247 14fd FB       		.byte	0xfb
 5248 14fe 16       		.byte	0x16
 5249 14ff 26340000 		.4byte	0x3426
 5250 1503 02       		.uleb128 0x2
 5251 1504 0C       		.byte	0xc
 5252 1505 FC       		.byte	0xfc
 5253 1506 16       		.byte	0x16
 5254 1507 62340000 		.4byte	0x3462
 5255 150b 02       		.uleb128 0x2
 5256 150c 0D       		.byte	0xd
 5257 150d 54       		.byte	0x54
 5258 150e 0B       		.byte	0xb
 5259 150f 2F350000 		.4byte	0x352f
 5260 1513 02       		.uleb128 0x2
 5261 1514 0D       		.byte	0xd
 5262 1515 57       		.byte	0x57
 5263 1516 0B       		.byte	0xb
 5264 1517 4A350000 		.4byte	0x354a
 5265 151b 02       		.uleb128 0x2
 5266 151c 0D       		.byte	0xd
 5267 151d 5D       		.byte	0x5d
 5268 151e 0B       		.byte	0xb
 5269 151f 60350000 		.4byte	0x3560
 5270 1523 02       		.uleb128 0x2
 5271 1524 0D       		.byte	0xd
 5272 1525 5E       		.byte	0x5e
 5273 1526 0B       		.byte	0xb
 5274 1527 7B350000 		.4byte	0x357b
 5275 152b 00       		.byte	0
 5276 152c 5D       		.uleb128 0x5d
 5277 152d 95140000 		.4byte	.LASF644
 5278 1531 0E       		.byte	0xe
 5279 1532 1601     		.2byte	0x116
 5280 1534 0B       		.byte	0xb
 5281 1535 9F150000 		.4byte	0x159f
 5282 1539 44       		.uleb128 0x44
 5283 153a 32180000 		.4byte	.LASF251
 5284 153e 0E       		.byte	0xe
 5285 153f 1801     		.2byte	0x118
 5286 1541 41       		.byte	0x41
 5287 1542 45       		.uleb128 0x45
 5288 1543 0E       		.byte	0xe
 5289 1544 1801     		.2byte	0x118
 5290 1546 41       		.byte	0x41
 5291 1547 39150000 		.4byte	0x1539
 5292 154b 02       		.uleb128 0x2
 5293 154c 0C       		.byte	0xc
 5294 154d C8       		.byte	0xc8
 5295 154e 0B       		.byte	0xb
 5296 154f 471F0000 		.4byte	0x1f47
 5297 1553 02       		.uleb128 0x2
ARM GAS  /tmp/ccHvmxP5.s 			page 94


 5298 1554 0C       		.byte	0xc
 5299 1555 D8       		.byte	0xd8
 5300 1556 0B       		.byte	0xb
 5301 1557 D2330000 		.4byte	0x33d2
 5302 155b 02       		.uleb128 0x2
 5303 155c 0C       		.byte	0xc
 5304 155d E3       		.byte	0xe3
 5305 155e 0B       		.byte	0xb
 5306 155f EE330000 		.4byte	0x33ee
 5307 1563 02       		.uleb128 0x2
 5308 1564 0C       		.byte	0xc
 5309 1565 E4       		.byte	0xe4
 5310 1566 0B       		.byte	0xb
 5311 1567 05340000 		.4byte	0x3405
 5312 156b 02       		.uleb128 0x2
 5313 156c 0C       		.byte	0xc
 5314 156d E5       		.byte	0xe5
 5315 156e 0B       		.byte	0xb
 5316 156f 26340000 		.4byte	0x3426
 5317 1573 02       		.uleb128 0x2
 5318 1574 0C       		.byte	0xc
 5319 1575 E7       		.byte	0xe7
 5320 1576 0B       		.byte	0xb
 5321 1577 47340000 		.4byte	0x3447
 5322 157b 02       		.uleb128 0x2
 5323 157c 0C       		.byte	0xc
 5324 157d E8       		.byte	0xe8
 5325 157e 0B       		.byte	0xb
 5326 157f 62340000 		.4byte	0x3462
 5327 1583 5E       		.uleb128 0x5e
 5328 1584 64697600 		.ascii	"div\000"
 5329 1588 0C       		.byte	0xc
 5330 1589 D5       		.byte	0xd5
 5331 158a 03       		.byte	0x3
 5332 158b F7080000 		.4byte	.LASF645
 5333 158f 471F0000 		.4byte	0x1f47
 5334 1593 01       		.uleb128 0x1
 5335 1594 7D000000 		.4byte	0x7d
 5336 1598 01       		.uleb128 0x1
 5337 1599 7D000000 		.4byte	0x7d
 5338 159d 00       		.byte	0
 5339 159e 00       		.byte	0
 5340 159f 19       		.uleb128 0x19
 5341 15a0 08       		.byte	0x8
 5342 15a1 04       		.byte	0x4
 5343 15a2 5C150000 		.4byte	.LASF252
 5344 15a6 19       		.uleb128 0x19
 5345 15a7 08       		.byte	0x8
 5346 15a8 04       		.byte	0x4
 5347 15a9 84030000 		.4byte	.LASF253
 5348 15ad 0E       		.uleb128 0xe
 5349 15ae 25000000 		.4byte	0x25
 5350 15b2 08       		.uleb128 0x8
 5351 15b3 611D0000 		.4byte	.LASF254
 5352 15b7 0F       		.byte	0xf
 5353 15b8 D1       		.byte	0xd1
 5354 15b9 17       		.byte	0x17
ARM GAS  /tmp/ccHvmxP5.s 			page 95


 5355 15ba 7B010000 		.4byte	0x17b
 5356 15be 0E       		.uleb128 0xe
 5357 15bf B2150000 		.4byte	0x15b2
 5358 15c3 5F       		.uleb128 0x5f
 5359 15c4 10       		.byte	0x10
 5360 15c5 08       		.byte	0x8
 5361 15c6 0F       		.byte	0xf
 5362 15c7 9F01     		.2byte	0x19f
 5363 15c9 10       		.byte	0x10
 5364 15ca 931D0000 		.4byte	.LASF646
 5365 15ce F1150000 		.4byte	0x15f1
 5366 15d2 47       		.uleb128 0x47
 5367 15d3 5B140000 		.4byte	.LASF255
 5368 15d7 0F       		.byte	0xf
 5369 15d8 A001     		.2byte	0x1a0
 5370 15da 0D       		.byte	0xd
 5371 15db 7D000000 		.4byte	0x7d
 5372 15df 08       		.byte	0x8
 5373 15e0 00       		.byte	0
 5374 15e1 47       		.uleb128 0x47
 5375 15e2 33140000 		.4byte	.LASF256
 5376 15e6 0F       		.byte	0xf
 5377 15e7 A101     		.2byte	0x1a1
 5378 15e9 0F       		.byte	0xf
 5379 15ea 9F150000 		.4byte	0x159f
 5380 15ee 08       		.byte	0x8
 5381 15ef 08       		.byte	0x8
 5382 15f0 00       		.byte	0
 5383 15f1 60       		.uleb128 0x60
 5384 15f2 E7120000 		.4byte	.LASF647
 5385 15f6 0F       		.byte	0xf
 5386 15f7 AA01     		.2byte	0x1aa
 5387 15f9 03       		.byte	0x3
 5388 15fa C3150000 		.4byte	0x15c3
 5389 15fe 08       		.byte	0x8
 5390 15ff 61       		.uleb128 0x61
 5391 1600 2D0A0000 		.4byte	.LASF648
 5392 1604 2D       		.uleb128 0x2d
 5393 1605 E7180000 		.4byte	.LASF257
 5394 1609 0F       		.byte	0xf
 5395 160a 5E01     		.2byte	0x15e
 5396 160c 17       		.byte	0x17
 5397 160d 7B010000 		.4byte	0x17b
 5398 1611 08       		.uleb128 0x8
 5399 1612 A11D0000 		.4byte	.LASF258
 5400 1616 10       		.byte	0x10
 5401 1617 2E       		.byte	0x2e
 5402 1618 0E       		.byte	0xe
 5403 1619 6A000000 		.4byte	0x6a
 5404 161d 08       		.uleb128 0x8
 5405 161e 05160000 		.4byte	.LASF259
 5406 1622 10       		.byte	0x10
 5407 1623 74       		.byte	0x74
 5408 1624 0E       		.byte	0xe
 5409 1625 6A000000 		.4byte	0x6a
 5410 1629 31       		.uleb128 0x31
 5411 162a 08       		.byte	0x8
ARM GAS  /tmp/ccHvmxP5.s 			page 96


 5412 162b 10       		.byte	0x10
 5413 162c A3       		.byte	0xa3
 5414 162d 01       		.byte	0x1
 5415 162e DD040000 		.4byte	.LASF368
 5416 1632 73160000 		.4byte	0x1673
 5417 1636 62       		.uleb128 0x62
 5418 1637 04       		.byte	0x4
 5419 1638 10       		.byte	0x10
 5420 1639 A6       		.byte	0xa6
 5421 163a 03       		.byte	0x3
 5422 163b 58160000 		.4byte	0x1658
 5423 163f 48       		.uleb128 0x48
 5424 1640 E8030000 		.4byte	.LASF260
 5425 1644 10       		.byte	0x10
 5426 1645 A7       		.byte	0xa7
 5427 1646 0C       		.byte	0xc
 5428 1647 04160000 		.4byte	0x1604
 5429 164b 48       		.uleb128 0x48
 5430 164c 36160000 		.4byte	.LASF261
 5431 1650 10       		.byte	0x10
 5432 1651 A8       		.byte	0xa8
 5433 1652 13       		.byte	0x13
 5434 1653 73160000 		.4byte	0x1673
 5435 1657 00       		.byte	0
 5436 1658 04       		.uleb128 0x4
 5437 1659 8D140000 		.4byte	.LASF262
 5438 165d 10       		.byte	0x10
 5439 165e A4       		.byte	0xa4
 5440 165f 07       		.byte	0x7
 5441 1660 2C000000 		.4byte	0x2c
 5442 1664 00       		.byte	0
 5443 1665 04       		.uleb128 0x4
 5444 1666 AF000000 		.4byte	.LASF263
 5445 166a 10       		.byte	0x10
 5446 166b A9       		.byte	0xa9
 5447 166c 05       		.byte	0x5
 5448 166d 36160000 		.4byte	0x1636
 5449 1671 04       		.byte	0x4
 5450 1672 00       		.byte	0
 5451 1673 0D       		.uleb128 0xd
 5452 1674 95000000 		.4byte	0x95
 5453 1678 83160000 		.4byte	0x1683
 5454 167c 0F       		.uleb128 0xf
 5455 167d 7B010000 		.4byte	0x17b
 5456 1681 03       		.byte	0x3
 5457 1682 00       		.byte	0
 5458 1683 08       		.uleb128 0x8
 5459 1684 98180000 		.4byte	.LASF264
 5460 1688 10       		.byte	0x10
 5461 1689 AA       		.byte	0xaa
 5462 168a 03       		.byte	0x3
 5463 168b 29160000 		.4byte	0x1629
 5464 168f 63       		.uleb128 0x63
 5465 1690 04       		.byte	0x4
 5466 1691 08       		.uleb128 0x8
 5467 1692 E21C0000 		.4byte	.LASF265
 5468 1696 11       		.byte	0x11
ARM GAS  /tmp/ccHvmxP5.s 			page 97


 5469 1697 16       		.byte	0x16
 5470 1698 19       		.byte	0x19
 5471 1699 C0000000 		.4byte	0xc0
 5472 169d 08       		.uleb128 0x8
 5473 169e 820F0000 		.4byte	.LASF266
 5474 16a2 12       		.byte	0x12
 5475 16a3 0C       		.byte	0xc
 5476 16a4 0D       		.byte	0xd
 5477 16a5 2C000000 		.4byte	0x2c
 5478 16a9 08       		.uleb128 0x8
 5479 16aa 2D050000 		.4byte	.LASF267
 5480 16ae 11       		.byte	0x11
 5481 16af 23       		.byte	0x23
 5482 16b0 1B       		.byte	0x1b
 5483 16b1 9D160000 		.4byte	0x169d
 5484 16b5 28       		.uleb128 0x28
 5485 16b6 74100000 		.4byte	.LASF272
 5486 16ba 18       		.byte	0x18
 5487 16bb 11       		.byte	0x11
 5488 16bc 34       		.byte	0x34
 5489 16bd 08       		.byte	0x8
 5490 16be 0F170000 		.4byte	0x170f
 5491 16c2 04       		.uleb128 0x4
 5492 16c3 EE180000 		.4byte	.LASF268
 5493 16c7 11       		.byte	0x11
 5494 16c8 36       		.byte	0x36
 5495 16c9 13       		.byte	0x13
 5496 16ca 0F170000 		.4byte	0x170f
 5497 16ce 00       		.byte	0
 5498 16cf 11       		.uleb128 0x11
 5499 16d0 5F6B00   		.ascii	"_k\000"
 5500 16d3 11       		.byte	0x11
 5501 16d4 37       		.byte	0x37
 5502 16d5 07       		.byte	0x7
 5503 16d6 2C000000 		.4byte	0x2c
 5504 16da 04       		.byte	0x4
 5505 16db 04       		.uleb128 0x4
 5506 16dc 8F100000 		.4byte	.LASF269
 5507 16e0 11       		.byte	0x11
 5508 16e1 37       		.byte	0x37
 5509 16e2 0B       		.byte	0xb
 5510 16e3 2C000000 		.4byte	0x2c
 5511 16e7 08       		.byte	0x8
 5512 16e8 04       		.uleb128 0x4
 5513 16e9 17040000 		.4byte	.LASF270
 5514 16ed 11       		.byte	0x11
 5515 16ee 37       		.byte	0x37
 5516 16ef 14       		.byte	0x14
 5517 16f0 2C000000 		.4byte	0x2c
 5518 16f4 0C       		.byte	0xc
 5519 16f5 04       		.uleb128 0x4
 5520 16f6 3E0D0000 		.4byte	.LASF271
 5521 16fa 11       		.byte	0x11
 5522 16fb 37       		.byte	0x37
 5523 16fc 1B       		.byte	0x1b
 5524 16fd 2C000000 		.4byte	0x2c
 5525 1701 10       		.byte	0x10
ARM GAS  /tmp/ccHvmxP5.s 			page 98


 5526 1702 11       		.uleb128 0x11
 5527 1703 5F7800   		.ascii	"_x\000"
 5528 1706 11       		.byte	0x11
 5529 1707 38       		.byte	0x38
 5530 1708 0B       		.byte	0xb
 5531 1709 15170000 		.4byte	0x1715
 5532 170d 14       		.byte	0x14
 5533 170e 00       		.byte	0
 5534 170f 09       		.uleb128 0x9
 5535 1710 04       		.byte	0x4
 5536 1711 B5160000 		.4byte	0x16b5
 5537 1715 0D       		.uleb128 0xd
 5538 1716 91160000 		.4byte	0x1691
 5539 171a 25170000 		.4byte	0x1725
 5540 171e 0F       		.uleb128 0xf
 5541 171f 7B010000 		.4byte	0x17b
 5542 1723 00       		.byte	0
 5543 1724 00       		.byte	0
 5544 1725 28       		.uleb128 0x28
 5545 1726 07020000 		.4byte	.LASF273
 5546 172a 24       		.byte	0x24
 5547 172b 11       		.byte	0x11
 5548 172c 3C       		.byte	0x3c
 5549 172d 08       		.byte	0x8
 5550 172e A8170000 		.4byte	0x17a8
 5551 1732 04       		.uleb128 0x4
 5552 1733 23020000 		.4byte	.LASF274
 5553 1737 11       		.byte	0x11
 5554 1738 3E       		.byte	0x3e
 5555 1739 09       		.byte	0x9
 5556 173a 2C000000 		.4byte	0x2c
 5557 173e 00       		.byte	0
 5558 173f 04       		.uleb128 0x4
 5559 1740 641F0000 		.4byte	.LASF275
 5560 1744 11       		.byte	0x11
 5561 1745 3F       		.byte	0x3f
 5562 1746 09       		.byte	0x9
 5563 1747 2C000000 		.4byte	0x2c
 5564 174b 04       		.byte	0x4
 5565 174c 04       		.uleb128 0x4
 5566 174d DF1D0000 		.4byte	.LASF276
 5567 1751 11       		.byte	0x11
 5568 1752 40       		.byte	0x40
 5569 1753 09       		.byte	0x9
 5570 1754 2C000000 		.4byte	0x2c
 5571 1758 08       		.byte	0x8
 5572 1759 04       		.uleb128 0x4
 5573 175a B40D0000 		.4byte	.LASF277
 5574 175e 11       		.byte	0x11
 5575 175f 41       		.byte	0x41
 5576 1760 09       		.byte	0x9
 5577 1761 2C000000 		.4byte	0x2c
 5578 1765 0C       		.byte	0xc
 5579 1766 04       		.uleb128 0x4
 5580 1767 B6050000 		.4byte	.LASF278
 5581 176b 11       		.byte	0x11
 5582 176c 42       		.byte	0x42
ARM GAS  /tmp/ccHvmxP5.s 			page 99


 5583 176d 09       		.byte	0x9
 5584 176e 2C000000 		.4byte	0x2c
 5585 1772 10       		.byte	0x10
 5586 1773 04       		.uleb128 0x4
 5587 1774 4B1B0000 		.4byte	.LASF279
 5588 1778 11       		.byte	0x11
 5589 1779 43       		.byte	0x43
 5590 177a 09       		.byte	0x9
 5591 177b 2C000000 		.4byte	0x2c
 5592 177f 14       		.byte	0x14
 5593 1780 04       		.uleb128 0x4
 5594 1781 3A150000 		.4byte	.LASF280
 5595 1785 11       		.byte	0x11
 5596 1786 44       		.byte	0x44
 5597 1787 09       		.byte	0x9
 5598 1788 2C000000 		.4byte	0x2c
 5599 178c 18       		.byte	0x18
 5600 178d 04       		.uleb128 0x4
 5601 178e 70150000 		.4byte	.LASF281
 5602 1792 11       		.byte	0x11
 5603 1793 45       		.byte	0x45
 5604 1794 09       		.byte	0x9
 5605 1795 2C000000 		.4byte	0x2c
 5606 1799 1C       		.byte	0x1c
 5607 179a 04       		.uleb128 0x4
 5608 179b 251F0000 		.4byte	.LASF282
 5609 179f 11       		.byte	0x11
 5610 17a0 46       		.byte	0x46
 5611 17a1 09       		.byte	0x9
 5612 17a2 2C000000 		.4byte	0x2c
 5613 17a6 20       		.byte	0x20
 5614 17a7 00       		.byte	0
 5615 17a8 37       		.uleb128 0x37
 5616 17a9 3A040000 		.4byte	.LASF283
 5617 17ad 0801     		.2byte	0x108
 5618 17af 11       		.byte	0x11
 5619 17b0 4F       		.byte	0x4f
 5620 17b1 08       		.byte	0x8
 5621 17b2 ED170000 		.4byte	0x17ed
 5622 17b6 04       		.uleb128 0x4
 5623 17b7 111F0000 		.4byte	.LASF284
 5624 17bb 11       		.byte	0x11
 5625 17bc 50       		.byte	0x50
 5626 17bd 0A       		.byte	0xa
 5627 17be ED170000 		.4byte	0x17ed
 5628 17c2 00       		.byte	0
 5629 17c3 04       		.uleb128 0x4
 5630 17c4 39170000 		.4byte	.LASF285
 5631 17c8 11       		.byte	0x11
 5632 17c9 51       		.byte	0x51
 5633 17ca 09       		.byte	0x9
 5634 17cb ED170000 		.4byte	0x17ed
 5635 17cf 80       		.byte	0x80
 5636 17d0 38       		.uleb128 0x38
 5637 17d1 161B0000 		.4byte	.LASF286
 5638 17d5 11       		.byte	0x11
 5639 17d6 53       		.byte	0x53
ARM GAS  /tmp/ccHvmxP5.s 			page 100


 5640 17d7 0A       		.byte	0xa
 5641 17d8 91160000 		.4byte	0x1691
 5642 17dc 0001     		.2byte	0x100
 5643 17de 38       		.uleb128 0x38
 5644 17df 4F1C0000 		.4byte	.LASF287
 5645 17e3 11       		.byte	0x11
 5646 17e4 56       		.byte	0x56
 5647 17e5 0A       		.byte	0xa
 5648 17e6 91160000 		.4byte	0x1691
 5649 17ea 0401     		.2byte	0x104
 5650 17ec 00       		.byte	0
 5651 17ed 0D       		.uleb128 0xd
 5652 17ee 8F160000 		.4byte	0x168f
 5653 17f2 FD170000 		.4byte	0x17fd
 5654 17f6 0F       		.uleb128 0xf
 5655 17f7 7B010000 		.4byte	0x17b
 5656 17fb 1F       		.byte	0x1f
 5657 17fc 00       		.byte	0
 5658 17fd 37       		.uleb128 0x37
 5659 17fe 42140000 		.4byte	.LASF288
 5660 1802 9001     		.2byte	0x190
 5661 1804 11       		.byte	0x11
 5662 1805 62       		.byte	0x62
 5663 1806 08       		.byte	0x8
 5664 1807 40180000 		.4byte	0x1840
 5665 180b 04       		.uleb128 0x4
 5666 180c EE180000 		.4byte	.LASF268
 5667 1810 11       		.byte	0x11
 5668 1811 63       		.byte	0x63
 5669 1812 12       		.byte	0x12
 5670 1813 40180000 		.4byte	0x1840
 5671 1817 00       		.byte	0
 5672 1818 04       		.uleb128 0x4
 5673 1819 141C0000 		.4byte	.LASF289
 5674 181d 11       		.byte	0x11
 5675 181e 64       		.byte	0x64
 5676 181f 06       		.byte	0x6
 5677 1820 2C000000 		.4byte	0x2c
 5678 1824 04       		.byte	0x4
 5679 1825 04       		.uleb128 0x4
 5680 1826 ED080000 		.4byte	.LASF290
 5681 182a 11       		.byte	0x11
 5682 182b 66       		.byte	0x66
 5683 182c 09       		.byte	0x9
 5684 182d 46180000 		.4byte	0x1846
 5685 1831 08       		.byte	0x8
 5686 1832 04       		.uleb128 0x4
 5687 1833 3A040000 		.4byte	.LASF283
 5688 1837 11       		.byte	0x11
 5689 1838 67       		.byte	0x67
 5690 1839 1E       		.byte	0x1e
 5691 183a A8170000 		.4byte	0x17a8
 5692 183e 88       		.byte	0x88
 5693 183f 00       		.byte	0
 5694 1840 09       		.uleb128 0x9
 5695 1841 04       		.byte	0x4
 5696 1842 FD170000 		.4byte	0x17fd
ARM GAS  /tmp/ccHvmxP5.s 			page 101


 5697 1846 0D       		.uleb128 0xd
 5698 1847 56180000 		.4byte	0x1856
 5699 184b 56180000 		.4byte	0x1856
 5700 184f 0F       		.uleb128 0xf
 5701 1850 7B010000 		.4byte	0x17b
 5702 1854 1F       		.byte	0x1f
 5703 1855 00       		.byte	0
 5704 1856 09       		.uleb128 0x9
 5705 1857 04       		.byte	0x4
 5706 1858 5C180000 		.4byte	0x185c
 5707 185c 64       		.uleb128 0x64
 5708 185d 28       		.uleb128 0x28
 5709 185e 2C1C0000 		.4byte	.LASF291
 5710 1862 08       		.byte	0x8
 5711 1863 11       		.byte	0x11
 5712 1864 7A       		.byte	0x7a
 5713 1865 08       		.byte	0x8
 5714 1866 85180000 		.4byte	0x1885
 5715 186a 04       		.uleb128 0x4
 5716 186b EF170000 		.4byte	.LASF292
 5717 186f 11       		.byte	0x11
 5718 1870 7B       		.byte	0x7b
 5719 1871 11       		.byte	0x11
 5720 1872 85180000 		.4byte	0x1885
 5721 1876 00       		.byte	0
 5722 1877 04       		.uleb128 0x4
 5723 1878 85020000 		.4byte	.LASF293
 5724 187c 11       		.byte	0x11
 5725 187d 7C       		.byte	0x7c
 5726 187e 06       		.byte	0x6
 5727 187f 2C000000 		.4byte	0x2c
 5728 1883 04       		.byte	0x4
 5729 1884 00       		.byte	0
 5730 1885 09       		.uleb128 0x9
 5731 1886 04       		.byte	0x4
 5732 1887 95000000 		.4byte	0x95
 5733 188b 28       		.uleb128 0x28
 5734 188c 000F0000 		.4byte	.LASF294
 5735 1890 68       		.byte	0x68
 5736 1891 11       		.byte	0x11
 5737 1892 BA       		.byte	0xba
 5738 1893 08       		.byte	0x8
 5739 1894 CE190000 		.4byte	0x19ce
 5740 1898 11       		.uleb128 0x11
 5741 1899 5F7000   		.ascii	"_p\000"
 5742 189c 11       		.byte	0x11
 5743 189d BB       		.byte	0xbb
 5744 189e 12       		.byte	0x12
 5745 189f 85180000 		.4byte	0x1885
 5746 18a3 00       		.byte	0
 5747 18a4 11       		.uleb128 0x11
 5748 18a5 5F7200   		.ascii	"_r\000"
 5749 18a8 11       		.byte	0x11
 5750 18a9 BC       		.byte	0xbc
 5751 18aa 07       		.byte	0x7
 5752 18ab 2C000000 		.4byte	0x2c
 5753 18af 04       		.byte	0x4
ARM GAS  /tmp/ccHvmxP5.s 			page 102


 5754 18b0 11       		.uleb128 0x11
 5755 18b1 5F7700   		.ascii	"_w\000"
 5756 18b4 11       		.byte	0x11
 5757 18b5 BD       		.byte	0xbd
 5758 18b6 07       		.byte	0x7
 5759 18b7 2C000000 		.4byte	0x2c
 5760 18bb 08       		.byte	0x8
 5761 18bc 04       		.uleb128 0x4
 5762 18bd EB130000 		.4byte	.LASF295
 5763 18c1 11       		.byte	0x11
 5764 18c2 BE       		.byte	0xbe
 5765 18c3 09       		.byte	0x9
 5766 18c4 52000000 		.4byte	0x52
 5767 18c8 0C       		.byte	0xc
 5768 18c9 04       		.uleb128 0x4
 5769 18ca 1D040000 		.4byte	.LASF296
 5770 18ce 11       		.byte	0x11
 5771 18cf BF       		.byte	0xbf
 5772 18d0 09       		.byte	0x9
 5773 18d1 52000000 		.4byte	0x52
 5774 18d5 0E       		.byte	0xe
 5775 18d6 11       		.uleb128 0x11
 5776 18d7 5F626600 		.ascii	"_bf\000"
 5777 18db 11       		.byte	0x11
 5778 18dc C0       		.byte	0xc0
 5779 18dd 11       		.byte	0x11
 5780 18de 5D180000 		.4byte	0x185d
 5781 18e2 10       		.byte	0x10
 5782 18e3 04       		.uleb128 0x4
 5783 18e4 8C120000 		.4byte	.LASF297
 5784 18e8 11       		.byte	0x11
 5785 18e9 C1       		.byte	0xc1
 5786 18ea 07       		.byte	0x7
 5787 18eb 2C000000 		.4byte	0x2c
 5788 18ef 18       		.byte	0x18
 5789 18f0 04       		.uleb128 0x4
 5790 18f1 060D0000 		.4byte	.LASF298
 5791 18f5 11       		.byte	0x11
 5792 18f6 C8       		.byte	0xc8
 5793 18f7 0A       		.byte	0xa
 5794 18f8 8F160000 		.4byte	0x168f
 5795 18fc 1C       		.byte	0x1c
 5796 18fd 04       		.uleb128 0x4
 5797 18fe 0A010000 		.4byte	.LASF299
 5798 1902 11       		.byte	0x11
 5799 1903 CA       		.byte	0xca
 5800 1904 1D       		.byte	0x1d
 5801 1905 B31C0000 		.4byte	0x1cb3
 5802 1909 20       		.byte	0x20
 5803 190a 04       		.uleb128 0x4
 5804 190b 50010000 		.4byte	.LASF300
 5805 190f 11       		.byte	0x11
 5806 1910 CC       		.byte	0xcc
 5807 1911 1D       		.byte	0x1d
 5808 1912 DD1C0000 		.4byte	0x1cdd
 5809 1916 24       		.byte	0x24
 5810 1917 04       		.uleb128 0x4
ARM GAS  /tmp/ccHvmxP5.s 			page 103


 5811 1918 F3150000 		.4byte	.LASF301
 5812 191c 11       		.byte	0x11
 5813 191d CF       		.byte	0xcf
 5814 191e 0D       		.byte	0xd
 5815 191f 011D0000 		.4byte	0x1d01
 5816 1923 28       		.byte	0x28
 5817 1924 04       		.uleb128 0x4
 5818 1925 0C090000 		.4byte	.LASF302
 5819 1929 11       		.byte	0x11
 5820 192a D0       		.byte	0xd0
 5821 192b 09       		.byte	0x9
 5822 192c 1B1D0000 		.4byte	0x1d1b
 5823 1930 2C       		.byte	0x2c
 5824 1931 11       		.uleb128 0x11
 5825 1932 5F756200 		.ascii	"_ub\000"
 5826 1936 11       		.byte	0x11
 5827 1937 D3       		.byte	0xd3
 5828 1938 11       		.byte	0x11
 5829 1939 5D180000 		.4byte	0x185d
 5830 193d 30       		.byte	0x30
 5831 193e 11       		.uleb128 0x11
 5832 193f 5F757000 		.ascii	"_up\000"
 5833 1943 11       		.byte	0x11
 5834 1944 D4       		.byte	0xd4
 5835 1945 12       		.byte	0x12
 5836 1946 85180000 		.4byte	0x1885
 5837 194a 38       		.byte	0x38
 5838 194b 11       		.uleb128 0x11
 5839 194c 5F757200 		.ascii	"_ur\000"
 5840 1950 11       		.byte	0x11
 5841 1951 D5       		.byte	0xd5
 5842 1952 07       		.byte	0x7
 5843 1953 2C000000 		.4byte	0x2c
 5844 1957 3C       		.byte	0x3c
 5845 1958 04       		.uleb128 0x4
 5846 1959 99130000 		.4byte	.LASF303
 5847 195d 11       		.byte	0x11
 5848 195e D8       		.byte	0xd8
 5849 195f 11       		.byte	0x11
 5850 1960 211D0000 		.4byte	0x1d21
 5851 1964 40       		.byte	0x40
 5852 1965 04       		.uleb128 0x4
 5853 1966 1D020000 		.4byte	.LASF304
 5854 196a 11       		.byte	0x11
 5855 196b D9       		.byte	0xd9
 5856 196c 11       		.byte	0x11
 5857 196d 311D0000 		.4byte	0x1d31
 5858 1971 43       		.byte	0x43
 5859 1972 11       		.uleb128 0x11
 5860 1973 5F6C6200 		.ascii	"_lb\000"
 5861 1977 11       		.byte	0x11
 5862 1978 DC       		.byte	0xdc
 5863 1979 11       		.byte	0x11
 5864 197a 5D180000 		.4byte	0x185d
 5865 197e 44       		.byte	0x44
 5866 197f 04       		.uleb128 0x4
 5867 1980 B9170000 		.4byte	.LASF305
ARM GAS  /tmp/ccHvmxP5.s 			page 104


 5868 1984 11       		.byte	0x11
 5869 1985 DF       		.byte	0xdf
 5870 1986 07       		.byte	0x7
 5871 1987 2C000000 		.4byte	0x2c
 5872 198b 4C       		.byte	0x4c
 5873 198c 04       		.uleb128 0x4
 5874 198d 950D0000 		.4byte	.LASF306
 5875 1991 11       		.byte	0x11
 5876 1992 E0       		.byte	0xe0
 5877 1993 0A       		.byte	0xa
 5878 1994 11160000 		.4byte	0x1611
 5879 1998 50       		.byte	0x50
 5880 1999 04       		.uleb128 0x4
 5881 199a F4180000 		.4byte	.LASF307
 5882 199e 11       		.byte	0x11
 5883 199f E3       		.byte	0xe3
 5884 19a0 12       		.byte	0x12
 5885 19a1 EC190000 		.4byte	0x19ec
 5886 19a5 54       		.byte	0x54
 5887 19a6 04       		.uleb128 0x4
 5888 19a7 AE020000 		.4byte	.LASF308
 5889 19ab 11       		.byte	0x11
 5890 19ac E7       		.byte	0xe7
 5891 19ad 0C       		.byte	0xc
 5892 19ae A9160000 		.4byte	0x16a9
 5893 19b2 58       		.byte	0x58
 5894 19b3 04       		.uleb128 0x4
 5895 19b4 BA130000 		.4byte	.LASF309
 5896 19b8 11       		.byte	0x11
 5897 19b9 E9       		.byte	0xe9
 5898 19ba 0E       		.byte	0xe
 5899 19bb 83160000 		.4byte	0x1683
 5900 19bf 5C       		.byte	0x5c
 5901 19c0 04       		.uleb128 0x4
 5902 19c1 130F0000 		.4byte	.LASF310
 5903 19c5 11       		.byte	0x11
 5904 19c6 EA       		.byte	0xea
 5905 19c7 09       		.byte	0x9
 5906 19c8 2C000000 		.4byte	0x2c
 5907 19cc 64       		.byte	0x64
 5908 19cd 00       		.byte	0
 5909 19ce 29       		.uleb128 0x29
 5910 19cf 2C000000 		.4byte	0x2c
 5911 19d3 EC190000 		.4byte	0x19ec
 5912 19d7 01       		.uleb128 0x1
 5913 19d8 EC190000 		.4byte	0x19ec
 5914 19dc 01       		.uleb128 0x1
 5915 19dd 8F160000 		.4byte	0x168f
 5916 19e1 01       		.uleb128 0x1
 5917 19e2 A11C0000 		.4byte	0x1ca1
 5918 19e6 01       		.uleb128 0x1
 5919 19e7 2C000000 		.4byte	0x2c
 5920 19eb 00       		.byte	0
 5921 19ec 09       		.uleb128 0x9
 5922 19ed 04       		.byte	0x4
 5923 19ee F7190000 		.4byte	0x19f7
 5924 19f2 0E       		.uleb128 0xe
ARM GAS  /tmp/ccHvmxP5.s 			page 105


 5925 19f3 EC190000 		.4byte	0x19ec
 5926 19f7 49       		.uleb128 0x49
 5927 19f8 1B080000 		.4byte	.LASF311
 5928 19fc 2804     		.2byte	0x428
 5929 19fe 11       		.byte	0x11
 5930 19ff 6502     		.2byte	0x265
 5931 1a01 08       		.byte	0x8
 5932 1a02 A11C0000 		.4byte	0x1ca1
 5933 1a06 65       		.uleb128 0x65
 5934 1a07 F0       		.byte	0xf0
 5935 1a08 11       		.byte	0x11
 5936 1a09 8402     		.2byte	0x284
 5937 1a0b 05       		.byte	0x5
 5938 1a0c 671B0000 		.4byte	0x1b67
 5939 1a10 4A       		.uleb128 0x4a
 5940 1a11 D0       		.byte	0xd0
 5941 1a12 11       		.byte	0x11
 5942 1a13 8602     		.2byte	0x286
 5943 1a15 09       		.byte	0x9
 5944 1a16 251B0000 		.4byte	0x1b25
 5945 1a1a 06       		.uleb128 0x6
 5946 1a1b 43060000 		.4byte	.LASF312
 5947 1a1f 11       		.byte	0x11
 5948 1a20 8702     		.2byte	0x287
 5949 1a22 18       		.byte	0x18
 5950 1a23 7B010000 		.4byte	0x17b
 5951 1a27 00       		.byte	0
 5952 1a28 06       		.uleb128 0x6
 5953 1a29 05180000 		.4byte	.LASF313
 5954 1a2d 11       		.byte	0x11
 5955 1a2e 8802     		.2byte	0x288
 5956 1a30 12       		.byte	0x12
 5957 1a31 A11C0000 		.4byte	0x1ca1
 5958 1a35 04       		.byte	0x4
 5959 1a36 06       		.uleb128 0x6
 5960 1a37 8A010000 		.4byte	.LASF314
 5961 1a3b 11       		.byte	0x11
 5962 1a3c 8902     		.2byte	0x289
 5963 1a3e 10       		.byte	0x10
 5964 1a3f DC1D0000 		.4byte	0x1ddc
 5965 1a43 08       		.byte	0x8
 5966 1a44 06       		.uleb128 0x6
 5967 1a45 17050000 		.4byte	.LASF315
 5968 1a49 11       		.byte	0x11
 5969 1a4a 8A02     		.2byte	0x28a
 5970 1a4c 17       		.byte	0x17
 5971 1a4d 25170000 		.4byte	0x1725
 5972 1a51 24       		.byte	0x24
 5973 1a52 06       		.uleb128 0x6
 5974 1a53 8A110000 		.4byte	.LASF316
 5975 1a57 11       		.byte	0x11
 5976 1a58 8B02     		.2byte	0x28b
 5977 1a5a 0F       		.byte	0xf
 5978 1a5b 2C000000 		.4byte	0x2c
 5979 1a5f 48       		.byte	0x48
 5980 1a60 06       		.uleb128 0x6
 5981 1a61 D9130000 		.4byte	.LASF317
ARM GAS  /tmp/ccHvmxP5.s 			page 106


 5982 1a65 11       		.byte	0x11
 5983 1a66 8C02     		.2byte	0x28c
 5984 1a68 2C       		.byte	0x2c
 5985 1a69 D3000000 		.4byte	0xd3
 5986 1a6d 50       		.byte	0x50
 5987 1a6e 06       		.uleb128 0x6
 5988 1a6f B7180000 		.4byte	.LASF318
 5989 1a73 11       		.byte	0x11
 5990 1a74 8D02     		.2byte	0x28d
 5991 1a76 1A       		.byte	0x1a
 5992 1a77 931D0000 		.4byte	0x1d93
 5993 1a7b 58       		.byte	0x58
 5994 1a7c 06       		.uleb128 0x6
 5995 1a7d 341A0000 		.4byte	.LASF319
 5996 1a81 11       		.byte	0x11
 5997 1a82 8E02     		.2byte	0x28e
 5998 1a84 16       		.byte	0x16
 5999 1a85 83160000 		.4byte	0x1683
 6000 1a89 68       		.byte	0x68
 6001 1a8a 06       		.uleb128 0x6
 6002 1a8b 6D160000 		.4byte	.LASF320
 6003 1a8f 11       		.byte	0x11
 6004 1a90 8F02     		.2byte	0x28f
 6005 1a92 16       		.byte	0x16
 6006 1a93 83160000 		.4byte	0x1683
 6007 1a97 70       		.byte	0x70
 6008 1a98 06       		.uleb128 0x6
 6009 1a99 AC130000 		.4byte	.LASF321
 6010 1a9d 11       		.byte	0x11
 6011 1a9e 9002     		.2byte	0x290
 6012 1aa0 16       		.byte	0x16
 6013 1aa1 83160000 		.4byte	0x1683
 6014 1aa5 78       		.byte	0x78
 6015 1aa6 06       		.uleb128 0x6
 6016 1aa7 38020000 		.4byte	.LASF322
 6017 1aab 11       		.byte	0x11
 6018 1aac 9102     		.2byte	0x291
 6019 1aae 10       		.byte	0x10
 6020 1aaf EC1D0000 		.4byte	0x1dec
 6021 1ab3 80       		.byte	0x80
 6022 1ab4 06       		.uleb128 0x6
 6023 1ab5 E60F0000 		.4byte	.LASF323
 6024 1ab9 11       		.byte	0x11
 6025 1aba 9202     		.2byte	0x292
 6026 1abc 10       		.byte	0x10
 6027 1abd FC1D0000 		.4byte	0x1dfc
 6028 1ac1 88       		.byte	0x88
 6029 1ac2 06       		.uleb128 0x6
 6030 1ac3 791F0000 		.4byte	.LASF324
 6031 1ac7 11       		.byte	0x11
 6032 1ac8 9302     		.2byte	0x293
 6033 1aca 0F       		.byte	0xf
 6034 1acb 2C000000 		.4byte	0x2c
 6035 1acf A0       		.byte	0xa0
 6036 1ad0 06       		.uleb128 0x6
 6037 1ad1 80040000 		.4byte	.LASF325
 6038 1ad5 11       		.byte	0x11
ARM GAS  /tmp/ccHvmxP5.s 			page 107


 6039 1ad6 9402     		.2byte	0x294
 6040 1ad8 16       		.byte	0x16
 6041 1ad9 83160000 		.4byte	0x1683
 6042 1add A4       		.byte	0xa4
 6043 1ade 06       		.uleb128 0x6
 6044 1adf 17180000 		.4byte	.LASF326
 6045 1ae3 11       		.byte	0x11
 6046 1ae4 9502     		.2byte	0x295
 6047 1ae6 16       		.byte	0x16
 6048 1ae7 83160000 		.4byte	0x1683
 6049 1aeb AC       		.byte	0xac
 6050 1aec 06       		.uleb128 0x6
 6051 1aed 541E0000 		.4byte	.LASF327
 6052 1af1 11       		.byte	0x11
 6053 1af2 9602     		.2byte	0x296
 6054 1af4 16       		.byte	0x16
 6055 1af5 83160000 		.4byte	0x1683
 6056 1af9 B4       		.byte	0xb4
 6057 1afa 06       		.uleb128 0x6
 6058 1afb 4B130000 		.4byte	.LASF328
 6059 1aff 11       		.byte	0x11
 6060 1b00 9702     		.2byte	0x297
 6061 1b02 16       		.byte	0x16
 6062 1b03 83160000 		.4byte	0x1683
 6063 1b07 BC       		.byte	0xbc
 6064 1b08 06       		.uleb128 0x6
 6065 1b09 0C020000 		.4byte	.LASF329
 6066 1b0d 11       		.byte	0x11
 6067 1b0e 9802     		.2byte	0x298
 6068 1b10 16       		.byte	0x16
 6069 1b11 83160000 		.4byte	0x1683
 6070 1b15 C4       		.byte	0xc4
 6071 1b16 06       		.uleb128 0x6
 6072 1b17 17130000 		.4byte	.LASF330
 6073 1b1b 11       		.byte	0x11
 6074 1b1c 9902     		.2byte	0x299
 6075 1b1e 08       		.byte	0x8
 6076 1b1f 2C000000 		.4byte	0x2c
 6077 1b23 CC       		.byte	0xcc
 6078 1b24 00       		.byte	0
 6079 1b25 4A       		.uleb128 0x4a
 6080 1b26 F0       		.byte	0xf0
 6081 1b27 11       		.byte	0x11
 6082 1b28 9F02     		.2byte	0x29f
 6083 1b2a 09       		.byte	0x9
 6084 1b2b 4C1B0000 		.4byte	0x1b4c
 6085 1b2f 06       		.uleb128 0x6
 6086 1b30 E4130000 		.4byte	.LASF331
 6087 1b34 11       		.byte	0x11
 6088 1b35 A102     		.2byte	0x2a1
 6089 1b37 1B       		.byte	0x1b
 6090 1b38 0C1E0000 		.4byte	0x1e0c
 6091 1b3c 00       		.byte	0
 6092 1b3d 06       		.uleb128 0x6
 6093 1b3e 73110000 		.4byte	.LASF332
 6094 1b42 11       		.byte	0x11
 6095 1b43 A202     		.2byte	0x2a2
ARM GAS  /tmp/ccHvmxP5.s 			page 108


 6096 1b45 18       		.byte	0x18
 6097 1b46 1C1E0000 		.4byte	0x1e1c
 6098 1b4a 78       		.byte	0x78
 6099 1b4b 00       		.byte	0
 6100 1b4c 4B       		.uleb128 0x4b
 6101 1b4d 1B080000 		.4byte	.LASF311
 6102 1b51 11       		.byte	0x11
 6103 1b52 9A02     		.2byte	0x29a
 6104 1b54 0B       		.byte	0xb
 6105 1b55 101A0000 		.4byte	0x1a10
 6106 1b59 4B       		.uleb128 0x4b
 6107 1b5a 89080000 		.4byte	.LASF333
 6108 1b5e 11       		.byte	0x11
 6109 1b5f A302     		.2byte	0x2a3
 6110 1b61 0B       		.byte	0xb
 6111 1b62 251B0000 		.4byte	0x1b25
 6112 1b66 00       		.byte	0
 6113 1b67 06       		.uleb128 0x6
 6114 1b68 BA0F0000 		.4byte	.LASF334
 6115 1b6c 11       		.byte	0x11
 6116 1b6d 6702     		.2byte	0x267
 6117 1b6f 07       		.byte	0x7
 6118 1b70 2C000000 		.4byte	0x2c
 6119 1b74 00       		.byte	0
 6120 1b75 06       		.uleb128 0x6
 6121 1b76 EA090000 		.4byte	.LASF335
 6122 1b7a 11       		.byte	0x11
 6123 1b7b 6C02     		.2byte	0x26c
 6124 1b7d 0B       		.byte	0xb
 6125 1b7e 8D1D0000 		.4byte	0x1d8d
 6126 1b82 04       		.byte	0x4
 6127 1b83 06       		.uleb128 0x6
 6128 1b84 70170000 		.4byte	.LASF336
 6129 1b88 11       		.byte	0x11
 6130 1b89 6C02     		.2byte	0x26c
 6131 1b8b 14       		.byte	0x14
 6132 1b8c 8D1D0000 		.4byte	0x1d8d
 6133 1b90 08       		.byte	0x8
 6134 1b91 06       		.uleb128 0x6
 6135 1b92 3C0C0000 		.4byte	.LASF337
 6136 1b96 11       		.byte	0x11
 6137 1b97 6C02     		.2byte	0x26c
 6138 1b99 1E       		.byte	0x1e
 6139 1b9a 8D1D0000 		.4byte	0x1d8d
 6140 1b9e 0C       		.byte	0xc
 6141 1b9f 06       		.uleb128 0x6
 6142 1ba0 0F1C0000 		.4byte	.LASF338
 6143 1ba4 11       		.byte	0x11
 6144 1ba5 6E02     		.2byte	0x26e
 6145 1ba7 08       		.byte	0x8
 6146 1ba8 2C000000 		.4byte	0x2c
 6147 1bac 10       		.byte	0x10
 6148 1bad 06       		.uleb128 0x6
 6149 1bae 11110000 		.4byte	.LASF339
 6150 1bb2 11       		.byte	0x11
 6151 1bb3 6F02     		.2byte	0x26f
 6152 1bb5 08       		.byte	0x8
ARM GAS  /tmp/ccHvmxP5.s 			page 109


 6153 1bb6 2C1E0000 		.4byte	0x1e2c
 6154 1bba 14       		.byte	0x14
 6155 1bbb 06       		.uleb128 0x6
 6156 1bbc 45170000 		.4byte	.LASF340
 6157 1bc0 11       		.byte	0x11
 6158 1bc1 7202     		.2byte	0x272
 6159 1bc3 07       		.byte	0x7
 6160 1bc4 2C000000 		.4byte	0x2c
 6161 1bc8 30       		.byte	0x30
 6162 1bc9 06       		.uleb128 0x6
 6163 1bca 250C0000 		.4byte	.LASF341
 6164 1bce 11       		.byte	0x11
 6165 1bcf 7302     		.2byte	0x273
 6166 1bd1 16       		.byte	0x16
 6167 1bd2 411E0000 		.4byte	0x1e41
 6168 1bd6 34       		.byte	0x34
 6169 1bd7 06       		.uleb128 0x6
 6170 1bd8 080F0000 		.4byte	.LASF342
 6171 1bdc 11       		.byte	0x11
 6172 1bdd 7502     		.2byte	0x275
 6173 1bdf 07       		.byte	0x7
 6174 1be0 2C000000 		.4byte	0x2c
 6175 1be4 38       		.byte	0x38
 6176 1be5 06       		.uleb128 0x6
 6177 1be6 CB100000 		.4byte	.LASF343
 6178 1bea 11       		.byte	0x11
 6179 1beb 7702     		.2byte	0x277
 6180 1bed 0A       		.byte	0xa
 6181 1bee 521E0000 		.4byte	0x1e52
 6182 1bf2 3C       		.byte	0x3c
 6183 1bf3 06       		.uleb128 0x6
 6184 1bf4 201D0000 		.4byte	.LASF344
 6185 1bf8 11       		.byte	0x11
 6186 1bf9 7A02     		.2byte	0x27a
 6187 1bfb 13       		.byte	0x13
 6188 1bfc 0F170000 		.4byte	0x170f
 6189 1c00 40       		.byte	0x40
 6190 1c01 06       		.uleb128 0x6
 6191 1c02 C9040000 		.4byte	.LASF345
 6192 1c06 11       		.byte	0x11
 6193 1c07 7B02     		.2byte	0x27b
 6194 1c09 07       		.byte	0x7
 6195 1c0a 2C000000 		.4byte	0x2c
 6196 1c0e 44       		.byte	0x44
 6197 1c0f 06       		.uleb128 0x6
 6198 1c10 0E0D0000 		.4byte	.LASF346
 6199 1c14 11       		.byte	0x11
 6200 1c15 7C02     		.2byte	0x27c
 6201 1c17 13       		.byte	0x13
 6202 1c18 0F170000 		.4byte	0x170f
 6203 1c1c 48       		.byte	0x48
 6204 1c1d 06       		.uleb128 0x6
 6205 1c1e E9110000 		.4byte	.LASF347
 6206 1c22 11       		.byte	0x11
 6207 1c23 7D02     		.2byte	0x27d
 6208 1c25 14       		.byte	0x14
 6209 1c26 581E0000 		.4byte	0x1e58
ARM GAS  /tmp/ccHvmxP5.s 			page 110


 6210 1c2a 4C       		.byte	0x4c
 6211 1c2b 06       		.uleb128 0x6
 6212 1c2c C4010000 		.4byte	.LASF348
 6213 1c30 11       		.byte	0x11
 6214 1c31 8002     		.2byte	0x280
 6215 1c33 07       		.byte	0x7
 6216 1c34 2C000000 		.4byte	0x2c
 6217 1c38 50       		.byte	0x50
 6218 1c39 06       		.uleb128 0x6
 6219 1c3a AC0D0000 		.4byte	.LASF349
 6220 1c3e 11       		.byte	0x11
 6221 1c3f 8102     		.2byte	0x281
 6222 1c41 09       		.byte	0x9
 6223 1c42 A11C0000 		.4byte	0x1ca1
 6224 1c46 54       		.byte	0x54
 6225 1c47 06       		.uleb128 0x6
 6226 1c48 84130000 		.4byte	.LASF350
 6227 1c4c 11       		.byte	0x11
 6228 1c4d A402     		.2byte	0x2a4
 6229 1c4f 07       		.byte	0x7
 6230 1c50 061A0000 		.4byte	0x1a06
 6231 1c54 58       		.byte	0x58
 6232 1c55 2E       		.uleb128 0x2e
 6233 1c56 42140000 		.4byte	.LASF288
 6234 1c5a 11       		.byte	0x11
 6235 1c5b A802     		.2byte	0x2a8
 6236 1c5d 13       		.byte	0x13
 6237 1c5e 40180000 		.4byte	0x1840
 6238 1c62 4801     		.2byte	0x148
 6239 1c64 2E       		.uleb128 0x2e
 6240 1c65 D5100000 		.4byte	.LASF351
 6241 1c69 11       		.byte	0x11
 6242 1c6a A902     		.2byte	0x2a9
 6243 1c6c 12       		.byte	0x12
 6244 1c6d FD170000 		.4byte	0x17fd
 6245 1c71 4C01     		.2byte	0x14c
 6246 1c73 2E       		.uleb128 0x2e
 6247 1c74 840D0000 		.4byte	.LASF352
 6248 1c78 11       		.byte	0x11
 6249 1c79 AD02     		.2byte	0x2ad
 6250 1c7b 0C       		.byte	0xc
 6251 1c7c 691E0000 		.4byte	0x1e69
 6252 1c80 DC02     		.2byte	0x2dc
 6253 1c82 2E       		.uleb128 0x2e
 6254 1c83 6B110000 		.4byte	.LASF353
 6255 1c87 11       		.byte	0x11
 6256 1c88 B202     		.2byte	0x2b2
 6257 1c8a 10       		.byte	0x10
 6258 1c8b 4E1D0000 		.4byte	0x1d4e
 6259 1c8f E002     		.2byte	0x2e0
 6260 1c91 2E       		.uleb128 0x2e
 6261 1c92 CB000000 		.4byte	.LASF354
 6262 1c96 11       		.byte	0x11
 6263 1c97 B402     		.2byte	0x2b4
 6264 1c99 0A       		.byte	0xa
 6265 1c9a 751E0000 		.4byte	0x1e75
 6266 1c9e EC02     		.2byte	0x2ec
ARM GAS  /tmp/ccHvmxP5.s 			page 111


 6267 1ca0 00       		.byte	0
 6268 1ca1 09       		.uleb128 0x9
 6269 1ca2 04       		.byte	0x4
 6270 1ca3 A71C0000 		.4byte	0x1ca7
 6271 1ca7 19       		.uleb128 0x19
 6272 1ca8 01       		.byte	0x1
 6273 1ca9 08       		.byte	0x8
 6274 1caa E1080000 		.4byte	.LASF355
 6275 1cae 0E       		.uleb128 0xe
 6276 1caf A71C0000 		.4byte	0x1ca7
 6277 1cb3 09       		.uleb128 0x9
 6278 1cb4 04       		.byte	0x4
 6279 1cb5 CE190000 		.4byte	0x19ce
 6280 1cb9 29       		.uleb128 0x29
 6281 1cba 2C000000 		.4byte	0x2c
 6282 1cbe D71C0000 		.4byte	0x1cd7
 6283 1cc2 01       		.uleb128 0x1
 6284 1cc3 EC190000 		.4byte	0x19ec
 6285 1cc7 01       		.uleb128 0x1
 6286 1cc8 8F160000 		.4byte	0x168f
 6287 1ccc 01       		.uleb128 0x1
 6288 1ccd D71C0000 		.4byte	0x1cd7
 6289 1cd1 01       		.uleb128 0x1
 6290 1cd2 2C000000 		.4byte	0x2c
 6291 1cd6 00       		.byte	0
 6292 1cd7 09       		.uleb128 0x9
 6293 1cd8 04       		.byte	0x4
 6294 1cd9 AE1C0000 		.4byte	0x1cae
 6295 1cdd 09       		.uleb128 0x9
 6296 1cde 04       		.byte	0x4
 6297 1cdf B91C0000 		.4byte	0x1cb9
 6298 1ce3 29       		.uleb128 0x29
 6299 1ce4 1D160000 		.4byte	0x161d
 6300 1ce8 011D0000 		.4byte	0x1d01
 6301 1cec 01       		.uleb128 0x1
 6302 1ced EC190000 		.4byte	0x19ec
 6303 1cf1 01       		.uleb128 0x1
 6304 1cf2 8F160000 		.4byte	0x168f
 6305 1cf6 01       		.uleb128 0x1
 6306 1cf7 1D160000 		.4byte	0x161d
 6307 1cfb 01       		.uleb128 0x1
 6308 1cfc 2C000000 		.4byte	0x2c
 6309 1d00 00       		.byte	0
 6310 1d01 09       		.uleb128 0x9
 6311 1d02 04       		.byte	0x4
 6312 1d03 E31C0000 		.4byte	0x1ce3
 6313 1d07 29       		.uleb128 0x29
 6314 1d08 2C000000 		.4byte	0x2c
 6315 1d0c 1B1D0000 		.4byte	0x1d1b
 6316 1d10 01       		.uleb128 0x1
 6317 1d11 EC190000 		.4byte	0x19ec
 6318 1d15 01       		.uleb128 0x1
 6319 1d16 8F160000 		.4byte	0x168f
 6320 1d1a 00       		.byte	0
 6321 1d1b 09       		.uleb128 0x9
 6322 1d1c 04       		.byte	0x4
 6323 1d1d 071D0000 		.4byte	0x1d07
ARM GAS  /tmp/ccHvmxP5.s 			page 112


 6324 1d21 0D       		.uleb128 0xd
 6325 1d22 95000000 		.4byte	0x95
 6326 1d26 311D0000 		.4byte	0x1d31
 6327 1d2a 0F       		.uleb128 0xf
 6328 1d2b 7B010000 		.4byte	0x17b
 6329 1d2f 02       		.byte	0x2
 6330 1d30 00       		.byte	0
 6331 1d31 0D       		.uleb128 0xd
 6332 1d32 95000000 		.4byte	0x95
 6333 1d36 411D0000 		.4byte	0x1d41
 6334 1d3a 0F       		.uleb128 0xf
 6335 1d3b 7B010000 		.4byte	0x17b
 6336 1d3f 00       		.byte	0
 6337 1d40 00       		.byte	0
 6338 1d41 2D       		.uleb128 0x2d
 6339 1d42 66180000 		.4byte	.LASF356
 6340 1d46 11       		.byte	0x11
 6341 1d47 2401     		.2byte	0x124
 6342 1d49 1A       		.byte	0x1a
 6343 1d4a 8B180000 		.4byte	0x188b
 6344 1d4e 32       		.uleb128 0x32
 6345 1d4f 26120000 		.4byte	.LASF357
 6346 1d53 0C       		.byte	0xc
 6347 1d54 11       		.byte	0x11
 6348 1d55 2801     		.2byte	0x128
 6349 1d57 08       		.byte	0x8
 6350 1d58 871D0000 		.4byte	0x1d87
 6351 1d5c 06       		.uleb128 0x6
 6352 1d5d EE180000 		.4byte	.LASF268
 6353 1d61 11       		.byte	0x11
 6354 1d62 2A01     		.2byte	0x12a
 6355 1d64 11       		.byte	0x11
 6356 1d65 871D0000 		.4byte	0x1d87
 6357 1d69 00       		.byte	0
 6358 1d6a 06       		.uleb128 0x6
 6359 1d6b 5D110000 		.4byte	.LASF358
 6360 1d6f 11       		.byte	0x11
 6361 1d70 2B01     		.2byte	0x12b
 6362 1d72 07       		.byte	0x7
 6363 1d73 2C000000 		.4byte	0x2c
 6364 1d77 04       		.byte	0x4
 6365 1d78 06       		.uleb128 0x6
 6366 1d79 0A120000 		.4byte	.LASF359
 6367 1d7d 11       		.byte	0x11
 6368 1d7e 2C01     		.2byte	0x12c
 6369 1d80 0B       		.byte	0xb
 6370 1d81 8D1D0000 		.4byte	0x1d8d
 6371 1d85 08       		.byte	0x8
 6372 1d86 00       		.byte	0
 6373 1d87 09       		.uleb128 0x9
 6374 1d88 04       		.byte	0x4
 6375 1d89 4E1D0000 		.4byte	0x1d4e
 6376 1d8d 09       		.uleb128 0x9
 6377 1d8e 04       		.byte	0x4
 6378 1d8f 411D0000 		.4byte	0x1d41
 6379 1d93 32       		.uleb128 0x32
 6380 1d94 5E170000 		.4byte	.LASF360
ARM GAS  /tmp/ccHvmxP5.s 			page 113


 6381 1d98 0E       		.byte	0xe
 6382 1d99 11       		.byte	0x11
 6383 1d9a 4401     		.2byte	0x144
 6384 1d9c 08       		.byte	0x8
 6385 1d9d CC1D0000 		.4byte	0x1dcc
 6386 1da1 06       		.uleb128 0x6
 6387 1da2 C8150000 		.4byte	.LASF361
 6388 1da6 11       		.byte	0x11
 6389 1da7 4501     		.2byte	0x145
 6390 1da9 12       		.byte	0x12
 6391 1daa CC1D0000 		.4byte	0x1dcc
 6392 1dae 00       		.byte	0
 6393 1daf 06       		.uleb128 0x6
 6394 1db0 46030000 		.4byte	.LASF362
 6395 1db4 11       		.byte	0x11
 6396 1db5 4601     		.2byte	0x146
 6397 1db7 12       		.byte	0x12
 6398 1db8 CC1D0000 		.4byte	0x1dcc
 6399 1dbc 06       		.byte	0x6
 6400 1dbd 06       		.uleb128 0x6
 6401 1dbe B61D0000 		.4byte	.LASF363
 6402 1dc2 11       		.byte	0x11
 6403 1dc3 4701     		.2byte	0x147
 6404 1dc5 12       		.byte	0x12
 6405 1dc6 A8000000 		.4byte	0xa8
 6406 1dca 0C       		.byte	0xc
 6407 1dcb 00       		.byte	0
 6408 1dcc 0D       		.uleb128 0xd
 6409 1dcd A8000000 		.4byte	0xa8
 6410 1dd1 DC1D0000 		.4byte	0x1ddc
 6411 1dd5 0F       		.uleb128 0xf
 6412 1dd6 7B010000 		.4byte	0x17b
 6413 1dda 02       		.byte	0x2
 6414 1ddb 00       		.byte	0
 6415 1ddc 0D       		.uleb128 0xd
 6416 1ddd A71C0000 		.4byte	0x1ca7
 6417 1de1 EC1D0000 		.4byte	0x1dec
 6418 1de5 0F       		.uleb128 0xf
 6419 1de6 7B010000 		.4byte	0x17b
 6420 1dea 19       		.byte	0x19
 6421 1deb 00       		.byte	0
 6422 1dec 0D       		.uleb128 0xd
 6423 1ded A71C0000 		.4byte	0x1ca7
 6424 1df1 FC1D0000 		.4byte	0x1dfc
 6425 1df5 0F       		.uleb128 0xf
 6426 1df6 7B010000 		.4byte	0x17b
 6427 1dfa 07       		.byte	0x7
 6428 1dfb 00       		.byte	0
 6429 1dfc 0D       		.uleb128 0xd
 6430 1dfd A71C0000 		.4byte	0x1ca7
 6431 1e01 0C1E0000 		.4byte	0x1e0c
 6432 1e05 0F       		.uleb128 0xf
 6433 1e06 7B010000 		.4byte	0x17b
 6434 1e0a 17       		.byte	0x17
 6435 1e0b 00       		.byte	0
 6436 1e0c 0D       		.uleb128 0xd
 6437 1e0d 85180000 		.4byte	0x1885
ARM GAS  /tmp/ccHvmxP5.s 			page 114


 6438 1e11 1C1E0000 		.4byte	0x1e1c
 6439 1e15 0F       		.uleb128 0xf
 6440 1e16 7B010000 		.4byte	0x17b
 6441 1e1a 1D       		.byte	0x1d
 6442 1e1b 00       		.byte	0
 6443 1e1c 0D       		.uleb128 0xd
 6444 1e1d 7B010000 		.4byte	0x17b
 6445 1e21 2C1E0000 		.4byte	0x1e2c
 6446 1e25 0F       		.uleb128 0xf
 6447 1e26 7B010000 		.4byte	0x17b
 6448 1e2a 1D       		.byte	0x1d
 6449 1e2b 00       		.byte	0
 6450 1e2c 0D       		.uleb128 0xd
 6451 1e2d A71C0000 		.4byte	0x1ca7
 6452 1e31 3C1E0000 		.4byte	0x1e3c
 6453 1e35 0F       		.uleb128 0xf
 6454 1e36 7B010000 		.4byte	0x17b
 6455 1e3a 18       		.byte	0x18
 6456 1e3b 00       		.byte	0
 6457 1e3c 66       		.uleb128 0x66
 6458 1e3d A4000000 		.4byte	.LASF649
 6459 1e41 09       		.uleb128 0x9
 6460 1e42 04       		.byte	0x4
 6461 1e43 3C1E0000 		.4byte	0x1e3c
 6462 1e47 39       		.uleb128 0x39
 6463 1e48 521E0000 		.4byte	0x1e52
 6464 1e4c 01       		.uleb128 0x1
 6465 1e4d EC190000 		.4byte	0x19ec
 6466 1e51 00       		.byte	0
 6467 1e52 09       		.uleb128 0x9
 6468 1e53 04       		.byte	0x4
 6469 1e54 471E0000 		.4byte	0x1e47
 6470 1e58 09       		.uleb128 0x9
 6471 1e59 04       		.byte	0x4
 6472 1e5a 0F170000 		.4byte	0x170f
 6473 1e5e 39       		.uleb128 0x39
 6474 1e5f 691E0000 		.4byte	0x1e69
 6475 1e63 01       		.uleb128 0x1
 6476 1e64 2C000000 		.4byte	0x2c
 6477 1e68 00       		.byte	0
 6478 1e69 09       		.uleb128 0x9
 6479 1e6a 04       		.byte	0x4
 6480 1e6b 6F1E0000 		.4byte	0x1e6f
 6481 1e6f 09       		.uleb128 0x9
 6482 1e70 04       		.byte	0x4
 6483 1e71 5E1E0000 		.4byte	0x1e5e
 6484 1e75 0D       		.uleb128 0xd
 6485 1e76 411D0000 		.4byte	0x1d41
 6486 1e7a 851E0000 		.4byte	0x1e85
 6487 1e7e 0F       		.uleb128 0xf
 6488 1e7f 7B010000 		.4byte	0x17b
 6489 1e83 02       		.byte	0x2
 6490 1e84 00       		.byte	0
 6491 1e85 15       		.uleb128 0x15
 6492 1e86 BD040000 		.4byte	.LASF364
 6493 1e8a 11       		.byte	0x11
 6494 1e8b 3303     		.2byte	0x333
ARM GAS  /tmp/ccHvmxP5.s 			page 115


 6495 1e8d 17       		.byte	0x17
 6496 1e8e EC190000 		.4byte	0x19ec
 6497 1e92 15       		.uleb128 0x15
 6498 1e93 27080000 		.4byte	.LASF365
 6499 1e97 11       		.byte	0x11
 6500 1e98 3403     		.2byte	0x334
 6501 1e9a 1D       		.byte	0x1d
 6502 1e9b F2190000 		.4byte	0x19f2
 6503 1e9f 08       		.uleb128 0x8
 6504 1ea0 68150000 		.4byte	.LASF366
 6505 1ea4 13       		.byte	0x13
 6506 1ea5 96       		.byte	0x96
 6507 1ea6 14       		.byte	0x14
 6508 1ea7 25000000 		.4byte	0x25
 6509 1eab 08       		.uleb128 0x8
 6510 1eac 110E0000 		.4byte	.LASF367
 6511 1eb0 13       		.byte	0x13
 6512 1eb1 97       		.byte	0x97
 6513 1eb2 14       		.byte	0x14
 6514 1eb3 A6150000 		.4byte	0x15a6
 6515 1eb7 31       		.uleb128 0x31
 6516 1eb8 08       		.byte	0x8
 6517 1eb9 14       		.byte	0x14
 6518 1eba 24       		.byte	0x24
 6519 1ebb 01       		.byte	0x1
 6520 1ebc F9090000 		.4byte	.LASF369
 6521 1ec0 DF1E0000 		.4byte	0x1edf
 6522 1ec4 04       		.uleb128 0x4
 6523 1ec5 4C180000 		.4byte	.LASF370
 6524 1ec9 14       		.byte	0x14
 6525 1eca 25       		.byte	0x25
 6526 1ecb 07       		.byte	0x7
 6527 1ecc 2C000000 		.4byte	0x2c
 6528 1ed0 00       		.byte	0
 6529 1ed1 11       		.uleb128 0x11
 6530 1ed2 72656D00 		.ascii	"rem\000"
 6531 1ed6 14       		.byte	0x14
 6532 1ed7 26       		.byte	0x26
 6533 1ed8 07       		.byte	0x7
 6534 1ed9 2C000000 		.4byte	0x2c
 6535 1edd 04       		.byte	0x4
 6536 1ede 00       		.byte	0
 6537 1edf 08       		.uleb128 0x8
 6538 1ee0 551B0000 		.4byte	.LASF371
 6539 1ee4 14       		.byte	0x14
 6540 1ee5 27       		.byte	0x27
 6541 1ee6 03       		.byte	0x3
 6542 1ee7 B71E0000 		.4byte	0x1eb7
 6543 1eeb 31       		.uleb128 0x31
 6544 1eec 08       		.byte	0x8
 6545 1eed 14       		.byte	0x14
 6546 1eee 2A       		.byte	0x2a
 6547 1eef 01       		.byte	0x1
 6548 1ef0 520F0000 		.4byte	.LASF372
 6549 1ef4 131F0000 		.4byte	0x1f13
 6550 1ef8 04       		.uleb128 0x4
 6551 1ef9 4C180000 		.4byte	.LASF370
ARM GAS  /tmp/ccHvmxP5.s 			page 116


 6552 1efd 14       		.byte	0x14
 6553 1efe 2B       		.byte	0x2b
 6554 1eff 08       		.byte	0x8
 6555 1f00 6A000000 		.4byte	0x6a
 6556 1f04 00       		.byte	0
 6557 1f05 11       		.uleb128 0x11
 6558 1f06 72656D00 		.ascii	"rem\000"
 6559 1f0a 14       		.byte	0x14
 6560 1f0b 2C       		.byte	0x2c
 6561 1f0c 08       		.byte	0x8
 6562 1f0d 6A000000 		.4byte	0x6a
 6563 1f11 04       		.byte	0x4
 6564 1f12 00       		.byte	0
 6565 1f13 08       		.uleb128 0x8
 6566 1f14 F9150000 		.4byte	.LASF373
 6567 1f18 14       		.byte	0x14
 6568 1f19 2D       		.byte	0x2d
 6569 1f1a 03       		.byte	0x3
 6570 1f1b EB1E0000 		.4byte	0x1eeb
 6571 1f1f 31       		.uleb128 0x31
 6572 1f20 10       		.byte	0x10
 6573 1f21 14       		.byte	0x14
 6574 1f22 31       		.byte	0x31
 6575 1f23 01       		.byte	0x1
 6576 1f24 3A080000 		.4byte	.LASF374
 6577 1f28 471F0000 		.4byte	0x1f47
 6578 1f2c 04       		.uleb128 0x4
 6579 1f2d 4C180000 		.4byte	.LASF370
 6580 1f31 14       		.byte	0x14
 6581 1f32 32       		.byte	0x32
 6582 1f33 11       		.byte	0x11
 6583 1f34 7D000000 		.4byte	0x7d
 6584 1f38 00       		.byte	0
 6585 1f39 11       		.uleb128 0x11
 6586 1f3a 72656D00 		.ascii	"rem\000"
 6587 1f3e 14       		.byte	0x14
 6588 1f3f 33       		.byte	0x33
 6589 1f40 11       		.byte	0x11
 6590 1f41 7D000000 		.4byte	0x7d
 6591 1f45 08       		.byte	0x8
 6592 1f46 00       		.byte	0
 6593 1f47 08       		.uleb128 0x8
 6594 1f48 D50E0000 		.4byte	.LASF375
 6595 1f4c 14       		.byte	0x14
 6596 1f4d 34       		.byte	0x34
 6597 1f4e 03       		.byte	0x3
 6598 1f4f 1F1F0000 		.4byte	0x1f1f
 6599 1f53 08       		.uleb128 0x8
 6600 1f54 6C120000 		.4byte	.LASF376
 6601 1f58 14       		.byte	0x14
 6602 1f59 39       		.byte	0x39
 6603 1f5a 0F       		.byte	0xf
 6604 1f5b 5F1F0000 		.4byte	0x1f5f
 6605 1f5f 09       		.uleb128 0x9
 6606 1f60 04       		.byte	0x4
 6607 1f61 651F0000 		.4byte	0x1f65
 6608 1f65 29       		.uleb128 0x29
ARM GAS  /tmp/ccHvmxP5.s 			page 117


 6609 1f66 2C000000 		.4byte	0x2c
 6610 1f6a 791F0000 		.4byte	0x1f79
 6611 1f6e 01       		.uleb128 0x1
 6612 1f6f 791F0000 		.4byte	0x1f79
 6613 1f73 01       		.uleb128 0x1
 6614 1f74 791F0000 		.4byte	0x1f79
 6615 1f78 00       		.byte	0
 6616 1f79 09       		.uleb128 0x9
 6617 1f7a 04       		.byte	0x4
 6618 1f7b 7F1F0000 		.4byte	0x1f7f
 6619 1f7f 67       		.uleb128 0x67
 6620 1f80 02       		.uleb128 0x2
 6621 1f81 15       		.byte	0x15
 6622 1f82 26       		.byte	0x26
 6623 1f83 0C       		.byte	0xc
 6624 1f84 05020000 		.4byte	0x205
 6625 1f88 02       		.uleb128 0x2
 6626 1f89 15       		.byte	0x15
 6627 1f8a 26       		.byte	0x26
 6628 1f8b 0C       		.byte	0xc
 6629 1f8c 1F020000 		.4byte	0x21f
 6630 1f90 02       		.uleb128 0x2
 6631 1f91 15       		.byte	0x15
 6632 1f92 26       		.byte	0x26
 6633 1f93 0C       		.byte	0xc
 6634 1f94 39020000 		.4byte	0x239
 6635 1f98 02       		.uleb128 0x2
 6636 1f99 15       		.byte	0x15
 6637 1f9a 26       		.byte	0x26
 6638 1f9b 0C       		.byte	0xc
 6639 1f9c 53020000 		.4byte	0x253
 6640 1fa0 02       		.uleb128 0x2
 6641 1fa1 15       		.byte	0x15
 6642 1fa2 26       		.byte	0x26
 6643 1fa3 0C       		.byte	0xc
 6644 1fa4 6D020000 		.4byte	0x26d
 6645 1fa8 25       		.uleb128 0x25
 6646 1fa9 61627300 		.ascii	"abs\000"
 6647 1fad 14       		.byte	0x14
 6648 1fae 46       		.byte	0x46
 6649 1faf 05       		.byte	0x5
 6650 1fb0 2C000000 		.4byte	0x2c
 6651 1fb4 BE1F0000 		.4byte	0x1fbe
 6652 1fb8 01       		.uleb128 0x1
 6653 1fb9 2C000000 		.4byte	0x2c
 6654 1fbd 00       		.byte	0
 6655 1fbe 02       		.uleb128 0x2
 6656 1fbf 15       		.byte	0x15
 6657 1fc0 26       		.byte	0x26
 6658 1fc1 0C       		.byte	0xc
 6659 1fc2 A81F0000 		.4byte	0x1fa8
 6660 1fc6 02       		.uleb128 0x2
 6661 1fc7 15       		.byte	0x15
 6662 1fc8 27       		.byte	0x27
 6663 1fc9 0C       		.byte	0xc
 6664 1fca 87020000 		.4byte	0x287
 6665 1fce 02       		.uleb128 0x2
ARM GAS  /tmp/ccHvmxP5.s 			page 118


 6666 1fcf 15       		.byte	0x15
 6667 1fd0 27       		.byte	0x27
 6668 1fd1 0C       		.byte	0xc
 6669 1fd2 A1020000 		.4byte	0x2a1
 6670 1fd6 0A       		.uleb128 0xa
 6671 1fd7 78170000 		.4byte	.LASF43
 6672 1fdb 13       		.byte	0x13
 6673 1fdc 66       		.byte	0x66
 6674 1fdd 0F       		.byte	0xf
 6675 1fde A6150000 		.4byte	0x15a6
 6676 1fe2 EC1F0000 		.4byte	0x1fec
 6677 1fe6 01       		.uleb128 0x1
 6678 1fe7 A6150000 		.4byte	0x15a6
 6679 1feb 00       		.byte	0
 6680 1fec 02       		.uleb128 0x2
 6681 1fed 15       		.byte	0x15
 6682 1fee 27       		.byte	0x27
 6683 1fef 0C       		.byte	0xc
 6684 1ff0 D61F0000 		.4byte	0x1fd6
 6685 1ff4 02       		.uleb128 0x2
 6686 1ff5 15       		.byte	0x15
 6687 1ff6 28       		.byte	0x28
 6688 1ff7 0C       		.byte	0xc
 6689 1ff8 BB020000 		.4byte	0x2bb
 6690 1ffc 02       		.uleb128 0x2
 6691 1ffd 15       		.byte	0x15
 6692 1ffe 28       		.byte	0x28
 6693 1fff 0C       		.byte	0xc
 6694 2000 D5020000 		.4byte	0x2d5
 6695 2004 0A       		.uleb128 0xa
 6696 2005 12180000 		.4byte	.LASF46
 6697 2009 13       		.byte	0x13
 6698 200a 67       		.byte	0x67
 6699 200b 0F       		.byte	0xf
 6700 200c A6150000 		.4byte	0x15a6
 6701 2010 1A200000 		.4byte	0x201a
 6702 2014 01       		.uleb128 0x1
 6703 2015 A6150000 		.4byte	0x15a6
 6704 2019 00       		.byte	0
 6705 201a 02       		.uleb128 0x2
 6706 201b 15       		.byte	0x15
 6707 201c 28       		.byte	0x28
 6708 201d 0C       		.byte	0xc
 6709 201e 04200000 		.4byte	0x2004
 6710 2022 02       		.uleb128 0x2
 6711 2023 15       		.byte	0x15
 6712 2024 29       		.byte	0x29
 6713 2025 0C       		.byte	0xc
 6714 2026 EF020000 		.4byte	0x2ef
 6715 202a 02       		.uleb128 0x2
 6716 202b 15       		.byte	0x15
 6717 202c 29       		.byte	0x29
 6718 202d 0C       		.byte	0xc
 6719 202e 09030000 		.4byte	0x309
 6720 2032 0A       		.uleb128 0xa
 6721 2033 3D160000 		.4byte	.LASF49
 6722 2037 13       		.byte	0x13
ARM GAS  /tmp/ccHvmxP5.s 			page 119


 6723 2038 56       		.byte	0x56
 6724 2039 0F       		.byte	0xf
 6725 203a A6150000 		.4byte	0x15a6
 6726 203e 48200000 		.4byte	0x2048
 6727 2042 01       		.uleb128 0x1
 6728 2043 A6150000 		.4byte	0x15a6
 6729 2047 00       		.byte	0
 6730 2048 02       		.uleb128 0x2
 6731 2049 15       		.byte	0x15
 6732 204a 29       		.byte	0x29
 6733 204b 0C       		.byte	0xc
 6734 204c 32200000 		.4byte	0x2032
 6735 2050 02       		.uleb128 0x2
 6736 2051 15       		.byte	0x15
 6737 2052 2A       		.byte	0x2a
 6738 2053 0C       		.byte	0xc
 6739 2054 23030000 		.4byte	0x323
 6740 2058 02       		.uleb128 0x2
 6741 2059 15       		.byte	0x15
 6742 205a 2A       		.byte	0x2a
 6743 205b 0C       		.byte	0xc
 6744 205c 42030000 		.4byte	0x342
 6745 2060 0A       		.uleb128 0xa
 6746 2061 D90A0000 		.4byte	.LASF52
 6747 2065 13       		.byte	0x13
 6748 2066 68       		.byte	0x68
 6749 2067 0F       		.byte	0xf
 6750 2068 A6150000 		.4byte	0x15a6
 6751 206c 7B200000 		.4byte	0x207b
 6752 2070 01       		.uleb128 0x1
 6753 2071 A6150000 		.4byte	0x15a6
 6754 2075 01       		.uleb128 0x1
 6755 2076 A6150000 		.4byte	0x15a6
 6756 207a 00       		.byte	0
 6757 207b 02       		.uleb128 0x2
 6758 207c 15       		.byte	0x15
 6759 207d 2A       		.byte	0x2a
 6760 207e 0C       		.byte	0xc
 6761 207f 60200000 		.4byte	0x2060
 6762 2083 02       		.uleb128 0x2
 6763 2084 15       		.byte	0x15
 6764 2085 2B       		.byte	0x2b
 6765 2086 0C       		.byte	0xc
 6766 2087 61030000 		.4byte	0x361
 6767 208b 02       		.uleb128 0x2
 6768 208c 15       		.byte	0x15
 6769 208d 2B       		.byte	0x2b
 6770 208e 0C       		.byte	0xc
 6771 208f 7B030000 		.4byte	0x37b
 6772 2093 25       		.uleb128 0x25
 6773 2094 636F7300 		.ascii	"cos\000"
 6774 2098 13       		.byte	0x13
 6775 2099 57       		.byte	0x57
 6776 209a 0F       		.byte	0xf
 6777 209b A6150000 		.4byte	0x15a6
 6778 209f A9200000 		.4byte	0x20a9
 6779 20a3 01       		.uleb128 0x1
ARM GAS  /tmp/ccHvmxP5.s 			page 120


 6780 20a4 A6150000 		.4byte	0x15a6
 6781 20a8 00       		.byte	0
 6782 20a9 02       		.uleb128 0x2
 6783 20aa 15       		.byte	0x15
 6784 20ab 2B       		.byte	0x2b
 6785 20ac 0C       		.byte	0xc
 6786 20ad 93200000 		.4byte	0x2093
 6787 20b1 02       		.uleb128 0x2
 6788 20b2 15       		.byte	0x15
 6789 20b3 2C       		.byte	0x2c
 6790 20b4 0C       		.byte	0xc
 6791 20b5 95030000 		.4byte	0x395
 6792 20b9 02       		.uleb128 0x2
 6793 20ba 15       		.byte	0x15
 6794 20bb 2C       		.byte	0x2c
 6795 20bc 0C       		.byte	0xc
 6796 20bd B0030000 		.4byte	0x3b0
 6797 20c1 25       		.uleb128 0x25
 6798 20c2 73696E00 		.ascii	"sin\000"
 6799 20c6 13       		.byte	0x13
 6800 20c7 58       		.byte	0x58
 6801 20c8 0F       		.byte	0xf
 6802 20c9 A6150000 		.4byte	0x15a6
 6803 20cd D7200000 		.4byte	0x20d7
 6804 20d1 01       		.uleb128 0x1
 6805 20d2 A6150000 		.4byte	0x15a6
 6806 20d6 00       		.byte	0
 6807 20d7 02       		.uleb128 0x2
 6808 20d8 15       		.byte	0x15
 6809 20d9 2C       		.byte	0x2c
 6810 20da 0C       		.byte	0xc
 6811 20db C1200000 		.4byte	0x20c1
 6812 20df 02       		.uleb128 0x2
 6813 20e0 15       		.byte	0x15
 6814 20e1 2D       		.byte	0x2d
 6815 20e2 0C       		.byte	0xc
 6816 20e3 CB030000 		.4byte	0x3cb
 6817 20e7 02       		.uleb128 0x2
 6818 20e8 15       		.byte	0x15
 6819 20e9 2D       		.byte	0x2d
 6820 20ea 0C       		.byte	0xc
 6821 20eb E6030000 		.4byte	0x3e6
 6822 20ef 25       		.uleb128 0x25
 6823 20f0 74616E00 		.ascii	"tan\000"
 6824 20f4 13       		.byte	0x13
 6825 20f5 59       		.byte	0x59
 6826 20f6 0F       		.byte	0xf
 6827 20f7 A6150000 		.4byte	0x15a6
 6828 20fb 05210000 		.4byte	0x2105
 6829 20ff 01       		.uleb128 0x1
 6830 2100 A6150000 		.4byte	0x15a6
 6831 2104 00       		.byte	0
 6832 2105 02       		.uleb128 0x2
 6833 2106 15       		.byte	0x15
 6834 2107 2D       		.byte	0x2d
 6835 2108 0C       		.byte	0xc
 6836 2109 EF200000 		.4byte	0x20ef
ARM GAS  /tmp/ccHvmxP5.s 			page 121


 6837 210d 02       		.uleb128 0x2
 6838 210e 15       		.byte	0x15
 6839 210f 2E       		.byte	0x2e
 6840 2110 0C       		.byte	0xc
 6841 2111 01040000 		.4byte	0x401
 6842 2115 02       		.uleb128 0x2
 6843 2116 15       		.byte	0x15
 6844 2117 2E       		.byte	0x2e
 6845 2118 0C       		.byte	0xc
 6846 2119 1B040000 		.4byte	0x41b
 6847 211d 0A       		.uleb128 0xa
 6848 211e DC080000 		.4byte	.LASF61
 6849 2122 13       		.byte	0x13
 6850 2123 69       		.byte	0x69
 6851 2124 0F       		.byte	0xf
 6852 2125 A6150000 		.4byte	0x15a6
 6853 2129 33210000 		.4byte	0x2133
 6854 212d 01       		.uleb128 0x1
 6855 212e A6150000 		.4byte	0x15a6
 6856 2132 00       		.byte	0
 6857 2133 02       		.uleb128 0x2
 6858 2134 15       		.byte	0x15
 6859 2135 2E       		.byte	0x2e
 6860 2136 0C       		.byte	0xc
 6861 2137 1D210000 		.4byte	0x211d
 6862 213b 02       		.uleb128 0x2
 6863 213c 15       		.byte	0x15
 6864 213d 2F       		.byte	0x2f
 6865 213e 0C       		.byte	0xc
 6866 213f 35040000 		.4byte	0x435
 6867 2143 02       		.uleb128 0x2
 6868 2144 15       		.byte	0x15
 6869 2145 2F       		.byte	0x2f
 6870 2146 0C       		.byte	0xc
 6871 2147 50040000 		.4byte	0x450
 6872 214b 0A       		.uleb128 0xa
 6873 214c E5090000 		.4byte	.LASF64
 6874 2150 13       		.byte	0x13
 6875 2151 6A       		.byte	0x6a
 6876 2152 0F       		.byte	0xf
 6877 2153 A6150000 		.4byte	0x15a6
 6878 2157 61210000 		.4byte	0x2161
 6879 215b 01       		.uleb128 0x1
 6880 215c A6150000 		.4byte	0x15a6
 6881 2160 00       		.byte	0
 6882 2161 02       		.uleb128 0x2
 6883 2162 15       		.byte	0x15
 6884 2163 2F       		.byte	0x2f
 6885 2164 0C       		.byte	0xc
 6886 2165 4B210000 		.4byte	0x214b
 6887 2169 02       		.uleb128 0x2
 6888 216a 15       		.byte	0x15
 6889 216b 30       		.byte	0x30
 6890 216c 0C       		.byte	0xc
 6891 216d 6B040000 		.4byte	0x46b
 6892 2171 02       		.uleb128 0x2
 6893 2172 15       		.byte	0x15
ARM GAS  /tmp/ccHvmxP5.s 			page 122


 6894 2173 30       		.byte	0x30
 6895 2174 0C       		.byte	0xc
 6896 2175 86040000 		.4byte	0x486
 6897 2179 0A       		.uleb128 0xa
 6898 217a DF050000 		.4byte	.LASF67
 6899 217e 13       		.byte	0x13
 6900 217f 5A       		.byte	0x5a
 6901 2180 0F       		.byte	0xf
 6902 2181 A6150000 		.4byte	0x15a6
 6903 2185 8F210000 		.4byte	0x218f
 6904 2189 01       		.uleb128 0x1
 6905 218a A6150000 		.4byte	0x15a6
 6906 218e 00       		.byte	0
 6907 218f 02       		.uleb128 0x2
 6908 2190 15       		.byte	0x15
 6909 2191 30       		.byte	0x30
 6910 2192 0C       		.byte	0xc
 6911 2193 79210000 		.4byte	0x2179
 6912 2197 02       		.uleb128 0x2
 6913 2198 15       		.byte	0x15
 6914 2199 31       		.byte	0x31
 6915 219a 0C       		.byte	0xc
 6916 219b A1040000 		.4byte	0x4a1
 6917 219f 02       		.uleb128 0x2
 6918 21a0 15       		.byte	0x15
 6919 21a1 31       		.byte	0x31
 6920 21a2 0C       		.byte	0xc
 6921 21a3 BB040000 		.4byte	0x4bb
 6922 21a7 25       		.uleb128 0x25
 6923 21a8 65787000 		.ascii	"exp\000"
 6924 21ac 13       		.byte	0x13
 6925 21ad 6B       		.byte	0x6b
 6926 21ae 0F       		.byte	0xf
 6927 21af A6150000 		.4byte	0x15a6
 6928 21b3 BD210000 		.4byte	0x21bd
 6929 21b7 01       		.uleb128 0x1
 6930 21b8 A6150000 		.4byte	0x15a6
 6931 21bc 00       		.byte	0
 6932 21bd 02       		.uleb128 0x2
 6933 21be 15       		.byte	0x15
 6934 21bf 31       		.byte	0x31
 6935 21c0 0C       		.byte	0xc
 6936 21c1 A7210000 		.4byte	0x21a7
 6937 21c5 09       		.uleb128 0x9
 6938 21c6 04       		.byte	0x4
 6939 21c7 2C000000 		.4byte	0x2c
 6940 21cb 02       		.uleb128 0x2
 6941 21cc 15       		.byte	0x15
 6942 21cd 32       		.byte	0x32
 6943 21ce 0C       		.byte	0xc
 6944 21cf D5040000 		.4byte	0x4d5
 6945 21d3 02       		.uleb128 0x2
 6946 21d4 15       		.byte	0x15
 6947 21d5 32       		.byte	0x32
 6948 21d6 0C       		.byte	0xc
 6949 21d7 F5040000 		.4byte	0x4f5
 6950 21db 0A       		.uleb128 0xa
ARM GAS  /tmp/ccHvmxP5.s 			page 123


 6951 21dc 33170000 		.4byte	.LASF72
 6952 21e0 13       		.byte	0x13
 6953 21e1 5B       		.byte	0x5b
 6954 21e2 0F       		.byte	0xf
 6955 21e3 A6150000 		.4byte	0x15a6
 6956 21e7 F6210000 		.4byte	0x21f6
 6957 21eb 01       		.uleb128 0x1
 6958 21ec A6150000 		.4byte	0x15a6
 6959 21f0 01       		.uleb128 0x1
 6960 21f1 C5210000 		.4byte	0x21c5
 6961 21f5 00       		.byte	0
 6962 21f6 02       		.uleb128 0x2
 6963 21f7 15       		.byte	0x15
 6964 21f8 32       		.byte	0x32
 6965 21f9 0C       		.byte	0xc
 6966 21fa DB210000 		.4byte	0x21db
 6967 21fe 02       		.uleb128 0x2
 6968 21ff 15       		.byte	0x15
 6969 2200 33       		.byte	0x33
 6970 2201 0C       		.byte	0xc
 6971 2202 15050000 		.4byte	0x515
 6972 2206 02       		.uleb128 0x2
 6973 2207 15       		.byte	0x15
 6974 2208 33       		.byte	0x33
 6975 2209 0C       		.byte	0xc
 6976 220a 35050000 		.4byte	0x535
 6977 220e 0A       		.uleb128 0xa
 6978 220f 08170000 		.4byte	.LASF75
 6979 2213 13       		.byte	0x13
 6980 2214 6C       		.byte	0x6c
 6981 2215 0F       		.byte	0xf
 6982 2216 A6150000 		.4byte	0x15a6
 6983 221a 29220000 		.4byte	0x2229
 6984 221e 01       		.uleb128 0x1
 6985 221f A6150000 		.4byte	0x15a6
 6986 2223 01       		.uleb128 0x1
 6987 2224 2C000000 		.4byte	0x2c
 6988 2228 00       		.byte	0
 6989 2229 02       		.uleb128 0x2
 6990 222a 15       		.byte	0x15
 6991 222b 33       		.byte	0x33
 6992 222c 0C       		.byte	0xc
 6993 222d 0E220000 		.4byte	0x220e
 6994 2231 02       		.uleb128 0x2
 6995 2232 15       		.byte	0x15
 6996 2233 34       		.byte	0x34
 6997 2234 0C       		.byte	0xc
 6998 2235 55050000 		.4byte	0x555
 6999 2239 02       		.uleb128 0x2
 7000 223a 15       		.byte	0x15
 7001 223b 34       		.byte	0x34
 7002 223c 0C       		.byte	0xc
 7003 223d 70050000 		.4byte	0x570
 7004 2241 25       		.uleb128 0x25
 7005 2242 6C6F6700 		.ascii	"log\000"
 7006 2246 13       		.byte	0x13
 7007 2247 6D       		.byte	0x6d
ARM GAS  /tmp/ccHvmxP5.s 			page 124


 7008 2248 0F       		.byte	0xf
 7009 2249 A6150000 		.4byte	0x15a6
 7010 224d 57220000 		.4byte	0x2257
 7011 2251 01       		.uleb128 0x1
 7012 2252 A6150000 		.4byte	0x15a6
 7013 2256 00       		.byte	0
 7014 2257 02       		.uleb128 0x2
 7015 2258 15       		.byte	0x15
 7016 2259 34       		.byte	0x34
 7017 225a 0C       		.byte	0xc
 7018 225b 41220000 		.4byte	0x2241
 7019 225f 02       		.uleb128 0x2
 7020 2260 15       		.byte	0x15
 7021 2261 35       		.byte	0x35
 7022 2262 0C       		.byte	0xc
 7023 2263 8B050000 		.4byte	0x58b
 7024 2267 02       		.uleb128 0x2
 7025 2268 15       		.byte	0x15
 7026 2269 35       		.byte	0x35
 7027 226a 0C       		.byte	0xc
 7028 226b A6050000 		.4byte	0x5a6
 7029 226f 0A       		.uleb128 0xa
 7030 2270 DA090000 		.4byte	.LASF80
 7031 2274 13       		.byte	0x13
 7032 2275 6E       		.byte	0x6e
 7033 2276 0F       		.byte	0xf
 7034 2277 A6150000 		.4byte	0x15a6
 7035 227b 85220000 		.4byte	0x2285
 7036 227f 01       		.uleb128 0x1
 7037 2280 A6150000 		.4byte	0x15a6
 7038 2284 00       		.byte	0
 7039 2285 02       		.uleb128 0x2
 7040 2286 15       		.byte	0x15
 7041 2287 35       		.byte	0x35
 7042 2288 0C       		.byte	0xc
 7043 2289 6F220000 		.4byte	0x226f
 7044 228d 09       		.uleb128 0x9
 7045 228e 04       		.byte	0x4
 7046 228f 9F150000 		.4byte	0x159f
 7047 2293 02       		.uleb128 0x2
 7048 2294 15       		.byte	0x15
 7049 2295 36       		.byte	0x36
 7050 2296 0C       		.byte	0xc
 7051 2297 C1050000 		.4byte	0x5c1
 7052 229b 09       		.uleb128 0x9
 7053 229c 04       		.byte	0x4
 7054 229d 25000000 		.4byte	0x25
 7055 22a1 02       		.uleb128 0x2
 7056 22a2 15       		.byte	0x15
 7057 22a3 36       		.byte	0x36
 7058 22a4 0C       		.byte	0xc
 7059 22a5 E1050000 		.4byte	0x5e1
 7060 22a9 0A       		.uleb128 0xa
 7061 22aa 931A0000 		.4byte	.LASF83
 7062 22ae 13       		.byte	0x13
 7063 22af 5C       		.byte	0x5c
 7064 22b0 0F       		.byte	0xf
ARM GAS  /tmp/ccHvmxP5.s 			page 125


 7065 22b1 A6150000 		.4byte	0x15a6
 7066 22b5 C4220000 		.4byte	0x22c4
 7067 22b9 01       		.uleb128 0x1
 7068 22ba A6150000 		.4byte	0x15a6
 7069 22be 01       		.uleb128 0x1
 7070 22bf C4220000 		.4byte	0x22c4
 7071 22c3 00       		.byte	0
 7072 22c4 09       		.uleb128 0x9
 7073 22c5 04       		.byte	0x4
 7074 22c6 A6150000 		.4byte	0x15a6
 7075 22ca 02       		.uleb128 0x2
 7076 22cb 15       		.byte	0x15
 7077 22cc 36       		.byte	0x36
 7078 22cd 0C       		.byte	0xc
 7079 22ce A9220000 		.4byte	0x22a9
 7080 22d2 02       		.uleb128 0x2
 7081 22d3 15       		.byte	0x15
 7082 22d4 37       		.byte	0x37
 7083 22d5 0C       		.byte	0xc
 7084 22d6 01060000 		.4byte	0x601
 7085 22da 02       		.uleb128 0x2
 7086 22db 15       		.byte	0x15
 7087 22dc 37       		.byte	0x37
 7088 22dd 0C       		.byte	0xc
 7089 22de 21060000 		.4byte	0x621
 7090 22e2 25       		.uleb128 0x25
 7091 22e3 706F7700 		.ascii	"pow\000"
 7092 22e7 13       		.byte	0x13
 7093 22e8 6F       		.byte	0x6f
 7094 22e9 0F       		.byte	0xf
 7095 22ea A6150000 		.4byte	0x15a6
 7096 22ee FD220000 		.4byte	0x22fd
 7097 22f2 01       		.uleb128 0x1
 7098 22f3 A6150000 		.4byte	0x15a6
 7099 22f7 01       		.uleb128 0x1
 7100 22f8 A6150000 		.4byte	0x15a6
 7101 22fc 00       		.byte	0
 7102 22fd 02       		.uleb128 0x2
 7103 22fe 15       		.byte	0x15
 7104 22ff 37       		.byte	0x37
 7105 2300 0C       		.byte	0xc
 7106 2301 E2220000 		.4byte	0x22e2
 7107 2305 02       		.uleb128 0x2
 7108 2306 15       		.byte	0x15
 7109 2307 38       		.byte	0x38
 7110 2308 0C       		.byte	0xc
 7111 2309 41060000 		.4byte	0x641
 7112 230d 02       		.uleb128 0x2
 7113 230e 15       		.byte	0x15
 7114 230f 38       		.byte	0x38
 7115 2310 0C       		.byte	0xc
 7116 2311 5C060000 		.4byte	0x65c
 7117 2315 0A       		.uleb128 0xa
 7118 2316 CC010000 		.4byte	.LASF88
 7119 231a 13       		.byte	0x13
 7120 231b 70       		.byte	0x70
 7121 231c 0F       		.byte	0xf
ARM GAS  /tmp/ccHvmxP5.s 			page 126


 7122 231d A6150000 		.4byte	0x15a6
 7123 2321 2B230000 		.4byte	0x232b
 7124 2325 01       		.uleb128 0x1
 7125 2326 A6150000 		.4byte	0x15a6
 7126 232a 00       		.byte	0
 7127 232b 02       		.uleb128 0x2
 7128 232c 15       		.byte	0x15
 7129 232d 38       		.byte	0x38
 7130 232e 0C       		.byte	0xc
 7131 232f 15230000 		.4byte	0x2315
 7132 2333 02       		.uleb128 0x2
 7133 2334 15       		.byte	0x15
 7134 2335 39       		.byte	0x39
 7135 2336 0C       		.byte	0xc
 7136 2337 77060000 		.4byte	0x677
 7137 233b 02       		.uleb128 0x2
 7138 233c 15       		.byte	0x15
 7139 233d 39       		.byte	0x39
 7140 233e 0C       		.byte	0xc
 7141 233f 91060000 		.4byte	0x691
 7142 2343 0A       		.uleb128 0xa
 7143 2344 A81D0000 		.4byte	.LASF91
 7144 2348 13       		.byte	0x13
 7145 2349 5D       		.byte	0x5d
 7146 234a 0F       		.byte	0xf
 7147 234b A6150000 		.4byte	0x15a6
 7148 234f 59230000 		.4byte	0x2359
 7149 2353 01       		.uleb128 0x1
 7150 2354 A6150000 		.4byte	0x15a6
 7151 2358 00       		.byte	0
 7152 2359 02       		.uleb128 0x2
 7153 235a 15       		.byte	0x15
 7154 235b 39       		.byte	0x39
 7155 235c 0C       		.byte	0xc
 7156 235d 43230000 		.4byte	0x2343
 7157 2361 02       		.uleb128 0x2
 7158 2362 15       		.byte	0x15
 7159 2363 3A       		.byte	0x3a
 7160 2364 0C       		.byte	0xc
 7161 2365 AB060000 		.4byte	0x6ab
 7162 2369 02       		.uleb128 0x2
 7163 236a 15       		.byte	0x15
 7164 236b 3A       		.byte	0x3a
 7165 236c 0C       		.byte	0xc
 7166 236d C5060000 		.4byte	0x6c5
 7167 2371 0A       		.uleb128 0xa
 7168 2372 6C0E0000 		.4byte	.LASF94
 7169 2376 13       		.byte	0x13
 7170 2377 5E       		.byte	0x5e
 7171 2378 0F       		.byte	0xf
 7172 2379 A6150000 		.4byte	0x15a6
 7173 237d 87230000 		.4byte	0x2387
 7174 2381 01       		.uleb128 0x1
 7175 2382 A6150000 		.4byte	0x15a6
 7176 2386 00       		.byte	0
 7177 2387 02       		.uleb128 0x2
 7178 2388 15       		.byte	0x15
ARM GAS  /tmp/ccHvmxP5.s 			page 127


 7179 2389 3A       		.byte	0x3a
 7180 238a 0C       		.byte	0xc
 7181 238b 71230000 		.4byte	0x2371
 7182 238f 02       		.uleb128 0x2
 7183 2390 15       		.byte	0x15
 7184 2391 3B       		.byte	0x3b
 7185 2392 0C       		.byte	0xc
 7186 2393 DF060000 		.4byte	0x6df
 7187 2397 02       		.uleb128 0x2
 7188 2398 15       		.byte	0x15
 7189 2399 3B       		.byte	0x3b
 7190 239a 0C       		.byte	0xc
 7191 239b FA060000 		.4byte	0x6fa
 7192 239f 0A       		.uleb128 0xa
 7193 23a0 CF0D0000 		.4byte	.LASF97
 7194 23a4 13       		.byte	0x13
 7195 23a5 5F       		.byte	0x5f
 7196 23a6 0F       		.byte	0xf
 7197 23a7 A6150000 		.4byte	0x15a6
 7198 23ab B5230000 		.4byte	0x23b5
 7199 23af 01       		.uleb128 0x1
 7200 23b0 A6150000 		.4byte	0x15a6
 7201 23b4 00       		.byte	0
 7202 23b5 02       		.uleb128 0x2
 7203 23b6 15       		.byte	0x15
 7204 23b7 3B       		.byte	0x3b
 7205 23b8 0C       		.byte	0xc
 7206 23b9 9F230000 		.4byte	0x239f
 7207 23bd 02       		.uleb128 0x2
 7208 23be 15       		.byte	0x15
 7209 23bf 3C       		.byte	0x3c
 7210 23c0 0C       		.byte	0xc
 7211 23c1 15070000 		.4byte	0x715
 7212 23c5 02       		.uleb128 0x2
 7213 23c6 15       		.byte	0x15
 7214 23c7 3C       		.byte	0x3c
 7215 23c8 0C       		.byte	0xc
 7216 23c9 35070000 		.4byte	0x735
 7217 23cd 0A       		.uleb128 0xa
 7218 23ce 22080000 		.4byte	.LASF100
 7219 23d2 13       		.byte	0x13
 7220 23d3 71       		.byte	0x71
 7221 23d4 0F       		.byte	0xf
 7222 23d5 A6150000 		.4byte	0x15a6
 7223 23d9 E8230000 		.4byte	0x23e8
 7224 23dd 01       		.uleb128 0x1
 7225 23de A6150000 		.4byte	0x15a6
 7226 23e2 01       		.uleb128 0x1
 7227 23e3 A6150000 		.4byte	0x15a6
 7228 23e7 00       		.byte	0
 7229 23e8 02       		.uleb128 0x2
 7230 23e9 15       		.byte	0x15
 7231 23ea 3C       		.byte	0x3c
 7232 23eb 0C       		.byte	0xc
 7233 23ec CD230000 		.4byte	0x23cd
 7234 23f0 02       		.uleb128 0x2
 7235 23f1 15       		.byte	0x15
ARM GAS  /tmp/ccHvmxP5.s 			page 128


 7236 23f2 3F       		.byte	0x3f
 7237 23f3 0C       		.byte	0xc
 7238 23f4 55070000 		.4byte	0x755
 7239 23f8 02       		.uleb128 0x2
 7240 23f9 15       		.byte	0x15
 7241 23fa 3F       		.byte	0x3f
 7242 23fb 0C       		.byte	0xc
 7243 23fc 70070000 		.4byte	0x770
 7244 2400 02       		.uleb128 0x2
 7245 2401 15       		.byte	0x15
 7246 2402 3F       		.byte	0x3f
 7247 2403 0C       		.byte	0xc
 7248 2404 8B070000 		.4byte	0x78b
 7249 2408 19       		.uleb128 0x19
 7250 2409 01       		.byte	0x1
 7251 240a 02       		.byte	0x2
 7252 240b D5140000 		.4byte	.LASF377
 7253 240f 02       		.uleb128 0x2
 7254 2410 15       		.byte	0x15
 7255 2411 40       		.byte	0x40
 7256 2412 0C       		.byte	0xc
 7257 2413 A6070000 		.4byte	0x7a6
 7258 2417 02       		.uleb128 0x2
 7259 2418 15       		.byte	0x15
 7260 2419 40       		.byte	0x40
 7261 241a 0C       		.byte	0xc
 7262 241b C1070000 		.4byte	0x7c1
 7263 241f 02       		.uleb128 0x2
 7264 2420 15       		.byte	0x15
 7265 2421 40       		.byte	0x40
 7266 2422 0C       		.byte	0xc
 7267 2423 DC070000 		.4byte	0x7dc
 7268 2427 02       		.uleb128 0x2
 7269 2428 15       		.byte	0x15
 7270 2429 41       		.byte	0x41
 7271 242a 0C       		.byte	0xc
 7272 242b F7070000 		.4byte	0x7f7
 7273 242f 02       		.uleb128 0x2
 7274 2430 15       		.byte	0x15
 7275 2431 41       		.byte	0x41
 7276 2432 0C       		.byte	0xc
 7277 2433 12080000 		.4byte	0x812
 7278 2437 02       		.uleb128 0x2
 7279 2438 15       		.byte	0x15
 7280 2439 41       		.byte	0x41
 7281 243a 0C       		.byte	0xc
 7282 243b 2D080000 		.4byte	0x82d
 7283 243f 02       		.uleb128 0x2
 7284 2440 15       		.byte	0x15
 7285 2441 42       		.byte	0x42
 7286 2442 0C       		.byte	0xc
 7287 2443 48080000 		.4byte	0x848
 7288 2447 02       		.uleb128 0x2
 7289 2448 15       		.byte	0x15
 7290 2449 42       		.byte	0x42
 7291 244a 0C       		.byte	0xc
 7292 244b 63080000 		.4byte	0x863
ARM GAS  /tmp/ccHvmxP5.s 			page 129


 7293 244f 02       		.uleb128 0x2
 7294 2450 15       		.byte	0x15
 7295 2451 42       		.byte	0x42
 7296 2452 0C       		.byte	0xc
 7297 2453 7E080000 		.4byte	0x87e
 7298 2457 02       		.uleb128 0x2
 7299 2458 15       		.byte	0x15
 7300 2459 43       		.byte	0x43
 7301 245a 0C       		.byte	0xc
 7302 245b 99080000 		.4byte	0x899
 7303 245f 02       		.uleb128 0x2
 7304 2460 15       		.byte	0x15
 7305 2461 43       		.byte	0x43
 7306 2462 0C       		.byte	0xc
 7307 2463 B4080000 		.4byte	0x8b4
 7308 2467 02       		.uleb128 0x2
 7309 2468 15       		.byte	0x15
 7310 2469 43       		.byte	0x43
 7311 246a 0C       		.byte	0xc
 7312 246b CF080000 		.4byte	0x8cf
 7313 246f 02       		.uleb128 0x2
 7314 2470 15       		.byte	0x15
 7315 2471 44       		.byte	0x44
 7316 2472 0C       		.byte	0xc
 7317 2473 EA080000 		.4byte	0x8ea
 7318 2477 02       		.uleb128 0x2
 7319 2478 15       		.byte	0x15
 7320 2479 44       		.byte	0x44
 7321 247a 0C       		.byte	0xc
 7322 247b 05090000 		.4byte	0x905
 7323 247f 02       		.uleb128 0x2
 7324 2480 15       		.byte	0x15
 7325 2481 44       		.byte	0x44
 7326 2482 0C       		.byte	0xc
 7327 2483 20090000 		.4byte	0x920
 7328 2487 02       		.uleb128 0x2
 7329 2488 15       		.byte	0x15
 7330 2489 45       		.byte	0x45
 7331 248a 0C       		.byte	0xc
 7332 248b 3B090000 		.4byte	0x93b
 7333 248f 02       		.uleb128 0x2
 7334 2490 15       		.byte	0x15
 7335 2491 45       		.byte	0x45
 7336 2492 0C       		.byte	0xc
 7337 2493 5B090000 		.4byte	0x95b
 7338 2497 02       		.uleb128 0x2
 7339 2498 15       		.byte	0x15
 7340 2499 45       		.byte	0x45
 7341 249a 0C       		.byte	0xc
 7342 249b 7B090000 		.4byte	0x97b
 7343 249f 02       		.uleb128 0x2
 7344 24a0 15       		.byte	0x15
 7345 24a1 46       		.byte	0x46
 7346 24a2 0C       		.byte	0xc
 7347 24a3 9B090000 		.4byte	0x99b
 7348 24a7 02       		.uleb128 0x2
 7349 24a8 15       		.byte	0x15
ARM GAS  /tmp/ccHvmxP5.s 			page 130


 7350 24a9 46       		.byte	0x46
 7351 24aa 0C       		.byte	0xc
 7352 24ab BB090000 		.4byte	0x9bb
 7353 24af 02       		.uleb128 0x2
 7354 24b0 15       		.byte	0x15
 7355 24b1 46       		.byte	0x46
 7356 24b2 0C       		.byte	0xc
 7357 24b3 DB090000 		.4byte	0x9db
 7358 24b7 02       		.uleb128 0x2
 7359 24b8 15       		.byte	0x15
 7360 24b9 47       		.byte	0x47
 7361 24ba 0C       		.byte	0xc
 7362 24bb FB090000 		.4byte	0x9fb
 7363 24bf 02       		.uleb128 0x2
 7364 24c0 15       		.byte	0x15
 7365 24c1 47       		.byte	0x47
 7366 24c2 0C       		.byte	0xc
 7367 24c3 1B0A0000 		.4byte	0xa1b
 7368 24c7 02       		.uleb128 0x2
 7369 24c8 15       		.byte	0x15
 7370 24c9 47       		.byte	0x47
 7371 24ca 0C       		.byte	0xc
 7372 24cb 3B0A0000 		.4byte	0xa3b
 7373 24cf 02       		.uleb128 0x2
 7374 24d0 15       		.byte	0x15
 7375 24d1 48       		.byte	0x48
 7376 24d2 0C       		.byte	0xc
 7377 24d3 5B0A0000 		.4byte	0xa5b
 7378 24d7 02       		.uleb128 0x2
 7379 24d8 15       		.byte	0x15
 7380 24d9 48       		.byte	0x48
 7381 24da 0C       		.byte	0xc
 7382 24db 7B0A0000 		.4byte	0xa7b
 7383 24df 02       		.uleb128 0x2
 7384 24e0 15       		.byte	0x15
 7385 24e1 48       		.byte	0x48
 7386 24e2 0C       		.byte	0xc
 7387 24e3 9B0A0000 		.4byte	0xa9b
 7388 24e7 02       		.uleb128 0x2
 7389 24e8 15       		.byte	0x15
 7390 24e9 49       		.byte	0x49
 7391 24ea 0C       		.byte	0xc
 7392 24eb BB0A0000 		.4byte	0xabb
 7393 24ef 02       		.uleb128 0x2
 7394 24f0 15       		.byte	0x15
 7395 24f1 49       		.byte	0x49
 7396 24f2 0C       		.byte	0xc
 7397 24f3 DB0A0000 		.4byte	0xadb
 7398 24f7 02       		.uleb128 0x2
 7399 24f8 15       		.byte	0x15
 7400 24f9 49       		.byte	0x49
 7401 24fa 0C       		.byte	0xc
 7402 24fb FB0A0000 		.4byte	0xafb
 7403 24ff 02       		.uleb128 0x2
 7404 2500 15       		.byte	0x15
 7405 2501 4A       		.byte	0x4a
 7406 2502 0C       		.byte	0xc
ARM GAS  /tmp/ccHvmxP5.s 			page 131


 7407 2503 1B0B0000 		.4byte	0xb1b
 7408 2507 02       		.uleb128 0x2
 7409 2508 15       		.byte	0x15
 7410 2509 4A       		.byte	0x4a
 7411 250a 0C       		.byte	0xc
 7412 250b 3B0B0000 		.4byte	0xb3b
 7413 250f 02       		.uleb128 0x2
 7414 2510 15       		.byte	0x15
 7415 2511 4A       		.byte	0x4a
 7416 2512 0C       		.byte	0xc
 7417 2513 5B0B0000 		.4byte	0xb5b
 7418 2517 02       		.uleb128 0x2
 7419 2518 15       		.byte	0x15
 7420 2519 4E       		.byte	0x4e
 7421 251a 0C       		.byte	0xc
 7422 251b 7B0B0000 		.4byte	0xb7b
 7423 251f 02       		.uleb128 0x2
 7424 2520 15       		.byte	0x15
 7425 2521 4E       		.byte	0x4e
 7426 2522 0C       		.byte	0xc
 7427 2523 960B0000 		.4byte	0xb96
 7428 2527 0B       		.uleb128 0xb
 7429 2528 6D180000 		.4byte	.LASF151
 7430 252c 13       		.byte	0x13
 7431 252d 4401     		.2byte	0x144
 7432 252f 0F       		.byte	0xf
 7433 2530 A6150000 		.4byte	0x15a6
 7434 2534 3E250000 		.4byte	0x253e
 7435 2538 01       		.uleb128 0x1
 7436 2539 A6150000 		.4byte	0x15a6
 7437 253d 00       		.byte	0
 7438 253e 02       		.uleb128 0x2
 7439 253f 15       		.byte	0x15
 7440 2540 4E       		.byte	0x4e
 7441 2541 0C       		.byte	0xc
 7442 2542 27250000 		.4byte	0x2527
 7443 2546 02       		.uleb128 0x2
 7444 2547 15       		.byte	0x15
 7445 2548 4F       		.byte	0x4f
 7446 2549 0C       		.byte	0xc
 7447 254a B10B0000 		.4byte	0xbb1
 7448 254e 02       		.uleb128 0x2
 7449 254f 15       		.byte	0x15
 7450 2550 4F       		.byte	0x4f
 7451 2551 0C       		.byte	0xc
 7452 2552 CC0B0000 		.4byte	0xbcc
 7453 2556 0B       		.uleb128 0xb
 7454 2557 0D100000 		.4byte	.LASF154
 7455 255b 13       		.byte	0x13
 7456 255c 2801     		.2byte	0x128
 7457 255e 0F       		.byte	0xf
 7458 255f A6150000 		.4byte	0x15a6
 7459 2563 6D250000 		.4byte	0x256d
 7460 2567 01       		.uleb128 0x1
 7461 2568 A6150000 		.4byte	0x15a6
 7462 256c 00       		.byte	0
 7463 256d 02       		.uleb128 0x2
ARM GAS  /tmp/ccHvmxP5.s 			page 132


 7464 256e 15       		.byte	0x15
 7465 256f 4F       		.byte	0x4f
 7466 2570 0C       		.byte	0xc
 7467 2571 56250000 		.4byte	0x2556
 7468 2575 02       		.uleb128 0x2
 7469 2576 15       		.byte	0x15
 7470 2577 50       		.byte	0x50
 7471 2578 0C       		.byte	0xc
 7472 2579 E70B0000 		.4byte	0xbe7
 7473 257d 02       		.uleb128 0x2
 7474 257e 15       		.byte	0x15
 7475 257f 50       		.byte	0x50
 7476 2580 0C       		.byte	0xc
 7477 2581 020C0000 		.4byte	0xc02
 7478 2585 0B       		.uleb128 0xb
 7479 2586 B60C0000 		.4byte	.LASF157
 7480 258a 13       		.byte	0x13
 7481 258b 4501     		.2byte	0x145
 7482 258d 0F       		.byte	0xf
 7483 258e A6150000 		.4byte	0x15a6
 7484 2592 9C250000 		.4byte	0x259c
 7485 2596 01       		.uleb128 0x1
 7486 2597 A6150000 		.4byte	0x15a6
 7487 259b 00       		.byte	0
 7488 259c 02       		.uleb128 0x2
 7489 259d 15       		.byte	0x15
 7490 259e 50       		.byte	0x50
 7491 259f 0C       		.byte	0xc
 7492 25a0 85250000 		.4byte	0x2585
 7493 25a4 02       		.uleb128 0x2
 7494 25a5 15       		.byte	0x15
 7495 25a6 51       		.byte	0x51
 7496 25a7 0C       		.byte	0xc
 7497 25a8 1D0C0000 		.4byte	0xc1d
 7498 25ac 02       		.uleb128 0x2
 7499 25ad 15       		.byte	0x15
 7500 25ae 51       		.byte	0x51
 7501 25af 0C       		.byte	0xc
 7502 25b0 380C0000 		.4byte	0xc38
 7503 25b4 0B       		.uleb128 0xb
 7504 25b5 7B140000 		.4byte	.LASF160
 7505 25b9 13       		.byte	0x13
 7506 25ba 2901     		.2byte	0x129
 7507 25bc 0F       		.byte	0xf
 7508 25bd A6150000 		.4byte	0x15a6
 7509 25c1 CB250000 		.4byte	0x25cb
 7510 25c5 01       		.uleb128 0x1
 7511 25c6 A6150000 		.4byte	0x15a6
 7512 25ca 00       		.byte	0
 7513 25cb 02       		.uleb128 0x2
 7514 25cc 15       		.byte	0x15
 7515 25cd 51       		.byte	0x51
 7516 25ce 0C       		.byte	0xc
 7517 25cf B4250000 		.4byte	0x25b4
 7518 25d3 02       		.uleb128 0x2
 7519 25d4 15       		.byte	0x15
 7520 25d5 52       		.byte	0x52
ARM GAS  /tmp/ccHvmxP5.s 			page 133


 7521 25d6 0C       		.byte	0xc
 7522 25d7 530C0000 		.4byte	0xc53
 7523 25db 02       		.uleb128 0x2
 7524 25dc 15       		.byte	0x15
 7525 25dd 52       		.byte	0x52
 7526 25de 0C       		.byte	0xc
 7527 25df 730C0000 		.4byte	0xc73
 7528 25e3 0B       		.uleb128 0xb
 7529 25e4 DD170000 		.4byte	.LASF163
 7530 25e8 13       		.byte	0x13
 7531 25e9 2401     		.2byte	0x124
 7532 25eb 0F       		.byte	0xf
 7533 25ec A6150000 		.4byte	0x15a6
 7534 25f0 FF250000 		.4byte	0x25ff
 7535 25f4 01       		.uleb128 0x1
 7536 25f5 A6150000 		.4byte	0x15a6
 7537 25f9 01       		.uleb128 0x1
 7538 25fa A6150000 		.4byte	0x15a6
 7539 25fe 00       		.byte	0
 7540 25ff 02       		.uleb128 0x2
 7541 2600 15       		.byte	0x15
 7542 2601 52       		.byte	0x52
 7543 2602 0C       		.byte	0xc
 7544 2603 E3250000 		.4byte	0x25e3
 7545 2607 02       		.uleb128 0x2
 7546 2608 15       		.byte	0x15
 7547 2609 53       		.byte	0x53
 7548 260a 0C       		.byte	0xc
 7549 260b 930C0000 		.4byte	0xc93
 7550 260f 02       		.uleb128 0x2
 7551 2610 15       		.byte	0x15
 7552 2611 53       		.byte	0x53
 7553 2612 0C       		.byte	0xc
 7554 2613 AE0C0000 		.4byte	0xcae
 7555 2617 4C       		.uleb128 0x4c
 7556 2618 65726600 		.ascii	"erf\000"
 7557 261c 13       		.byte	0x13
 7558 261d 4901     		.2byte	0x149
 7559 261f 0F       		.byte	0xf
 7560 2620 A6150000 		.4byte	0x15a6
 7561 2624 2E260000 		.4byte	0x262e
 7562 2628 01       		.uleb128 0x1
 7563 2629 A6150000 		.4byte	0x15a6
 7564 262d 00       		.byte	0
 7565 262e 02       		.uleb128 0x2
 7566 262f 15       		.byte	0x15
 7567 2630 53       		.byte	0x53
 7568 2631 0C       		.byte	0xc
 7569 2632 17260000 		.4byte	0x2617
 7570 2636 02       		.uleb128 0x2
 7571 2637 15       		.byte	0x15
 7572 2638 54       		.byte	0x54
 7573 2639 0C       		.byte	0xc
 7574 263a C90C0000 		.4byte	0xcc9
 7575 263e 02       		.uleb128 0x2
 7576 263f 15       		.byte	0x15
 7577 2640 54       		.byte	0x54
ARM GAS  /tmp/ccHvmxP5.s 			page 134


 7578 2641 0C       		.byte	0xc
 7579 2642 E40C0000 		.4byte	0xce4
 7580 2646 0B       		.uleb128 0xb
 7581 2647 DB0F0000 		.4byte	.LASF168
 7582 264b 13       		.byte	0x13
 7583 264c 4A01     		.2byte	0x14a
 7584 264e 0F       		.byte	0xf
 7585 264f A6150000 		.4byte	0x15a6
 7586 2653 5D260000 		.4byte	0x265d
 7587 2657 01       		.uleb128 0x1
 7588 2658 A6150000 		.4byte	0x15a6
 7589 265c 00       		.byte	0
 7590 265d 02       		.uleb128 0x2
 7591 265e 15       		.byte	0x15
 7592 265f 54       		.byte	0x54
 7593 2660 0C       		.byte	0xc
 7594 2661 46260000 		.4byte	0x2646
 7595 2665 02       		.uleb128 0x2
 7596 2666 15       		.byte	0x15
 7597 2667 55       		.byte	0x55
 7598 2668 0C       		.byte	0xc
 7599 2669 FF0C0000 		.4byte	0xcff
 7600 266d 02       		.uleb128 0x2
 7601 266e 15       		.byte	0x15
 7602 266f 55       		.byte	0x55
 7603 2670 0C       		.byte	0xc
 7604 2671 1A0D0000 		.4byte	0xd1a
 7605 2675 0B       		.uleb128 0xb
 7606 2676 051F0000 		.4byte	.LASF171
 7607 267a 13       		.byte	0x13
 7608 267b 2E01     		.2byte	0x12e
 7609 267d 0F       		.byte	0xf
 7610 267e A6150000 		.4byte	0x15a6
 7611 2682 8C260000 		.4byte	0x268c
 7612 2686 01       		.uleb128 0x1
 7613 2687 A6150000 		.4byte	0x15a6
 7614 268b 00       		.byte	0
 7615 268c 02       		.uleb128 0x2
 7616 268d 15       		.byte	0x15
 7617 268e 55       		.byte	0x55
 7618 268f 0C       		.byte	0xc
 7619 2690 75260000 		.4byte	0x2675
 7620 2694 02       		.uleb128 0x2
 7621 2695 15       		.byte	0x15
 7622 2696 56       		.byte	0x56
 7623 2697 0C       		.byte	0xc
 7624 2698 350D0000 		.4byte	0xd35
 7625 269c 02       		.uleb128 0x2
 7626 269d 15       		.byte	0x15
 7627 269e 56       		.byte	0x56
 7628 269f 0C       		.byte	0xc
 7629 26a0 500D0000 		.4byte	0xd50
 7630 26a4 0B       		.uleb128 0xb
 7631 26a5 7D170000 		.4byte	.LASF174
 7632 26a9 13       		.byte	0x13
 7633 26aa 4001     		.2byte	0x140
 7634 26ac 0F       		.byte	0xf
ARM GAS  /tmp/ccHvmxP5.s 			page 135


 7635 26ad A6150000 		.4byte	0x15a6
 7636 26b1 BB260000 		.4byte	0x26bb
 7637 26b5 01       		.uleb128 0x1
 7638 26b6 A6150000 		.4byte	0x15a6
 7639 26ba 00       		.byte	0
 7640 26bb 02       		.uleb128 0x2
 7641 26bc 15       		.byte	0x15
 7642 26bd 56       		.byte	0x56
 7643 26be 0C       		.byte	0xc
 7644 26bf A4260000 		.4byte	0x26a4
 7645 26c3 02       		.uleb128 0x2
 7646 26c4 15       		.byte	0x15
 7647 26c5 57       		.byte	0x57
 7648 26c6 0C       		.byte	0xc
 7649 26c7 6B0D0000 		.4byte	0xd6b
 7650 26cb 02       		.uleb128 0x2
 7651 26cc 15       		.byte	0x15
 7652 26cd 57       		.byte	0x57
 7653 26ce 0C       		.byte	0xc
 7654 26cf 8B0D0000 		.4byte	0xd8b
 7655 26d3 0B       		.uleb128 0xb
 7656 26d4 00000000 		.4byte	.LASF177
 7657 26d8 13       		.byte	0x13
 7658 26d9 3901     		.2byte	0x139
 7659 26db 0F       		.byte	0xf
 7660 26dc A6150000 		.4byte	0x15a6
 7661 26e0 EF260000 		.4byte	0x26ef
 7662 26e4 01       		.uleb128 0x1
 7663 26e5 A6150000 		.4byte	0x15a6
 7664 26e9 01       		.uleb128 0x1
 7665 26ea A6150000 		.4byte	0x15a6
 7666 26ee 00       		.byte	0
 7667 26ef 02       		.uleb128 0x2
 7668 26f0 15       		.byte	0x15
 7669 26f1 57       		.byte	0x57
 7670 26f2 0C       		.byte	0xc
 7671 26f3 D3260000 		.4byte	0x26d3
 7672 26f7 02       		.uleb128 0x2
 7673 26f8 15       		.byte	0x15
 7674 26f9 58       		.byte	0x58
 7675 26fa 0C       		.byte	0xc
 7676 26fb AB0D0000 		.4byte	0xdab
 7677 26ff 02       		.uleb128 0x2
 7678 2700 15       		.byte	0x15
 7679 2701 58       		.byte	0x58
 7680 2702 0C       		.byte	0xc
 7681 2703 D00D0000 		.4byte	0xdd0
 7682 2707 4C       		.uleb128 0x4c
 7683 2708 666D6100 		.ascii	"fma\000"
 7684 270c 13       		.byte	0x13
 7685 270d 3C01     		.2byte	0x13c
 7686 270f 0F       		.byte	0xf
 7687 2710 A6150000 		.4byte	0x15a6
 7688 2714 28270000 		.4byte	0x2728
 7689 2718 01       		.uleb128 0x1
 7690 2719 A6150000 		.4byte	0x15a6
 7691 271d 01       		.uleb128 0x1
ARM GAS  /tmp/ccHvmxP5.s 			page 136


 7692 271e A6150000 		.4byte	0x15a6
 7693 2722 01       		.uleb128 0x1
 7694 2723 A6150000 		.4byte	0x15a6
 7695 2727 00       		.byte	0
 7696 2728 02       		.uleb128 0x2
 7697 2729 15       		.byte	0x15
 7698 272a 58       		.byte	0x58
 7699 272b 0C       		.byte	0xc
 7700 272c 07270000 		.4byte	0x2707
 7701 2730 02       		.uleb128 0x2
 7702 2731 15       		.byte	0x15
 7703 2732 59       		.byte	0x59
 7704 2733 0C       		.byte	0xc
 7705 2734 F50D0000 		.4byte	0xdf5
 7706 2738 02       		.uleb128 0x2
 7707 2739 15       		.byte	0x15
 7708 273a 59       		.byte	0x59
 7709 273b 0C       		.byte	0xc
 7710 273c 150E0000 		.4byte	0xe15
 7711 2740 0B       		.uleb128 0xb
 7712 2741 88190000 		.4byte	.LASF182
 7713 2745 13       		.byte	0x13
 7714 2746 3A01     		.2byte	0x13a
 7715 2748 0F       		.byte	0xf
 7716 2749 A6150000 		.4byte	0x15a6
 7717 274d 5C270000 		.4byte	0x275c
 7718 2751 01       		.uleb128 0x1
 7719 2752 A6150000 		.4byte	0x15a6
 7720 2756 01       		.uleb128 0x1
 7721 2757 A6150000 		.4byte	0x15a6
 7722 275b 00       		.byte	0
 7723 275c 02       		.uleb128 0x2
 7724 275d 15       		.byte	0x15
 7725 275e 59       		.byte	0x59
 7726 275f 0C       		.byte	0xc
 7727 2760 40270000 		.4byte	0x2740
 7728 2764 02       		.uleb128 0x2
 7729 2765 15       		.byte	0x15
 7730 2766 5A       		.byte	0x5a
 7731 2767 0C       		.byte	0xc
 7732 2768 350E0000 		.4byte	0xe35
 7733 276c 02       		.uleb128 0x2
 7734 276d 15       		.byte	0x15
 7735 276e 5A       		.byte	0x5a
 7736 276f 0C       		.byte	0xc
 7737 2770 550E0000 		.4byte	0xe55
 7738 2774 0B       		.uleb128 0xb
 7739 2775 E8010000 		.4byte	.LASF185
 7740 2779 13       		.byte	0x13
 7741 277a 3B01     		.2byte	0x13b
 7742 277c 0F       		.byte	0xf
 7743 277d A6150000 		.4byte	0x15a6
 7744 2781 90270000 		.4byte	0x2790
 7745 2785 01       		.uleb128 0x1
 7746 2786 A6150000 		.4byte	0x15a6
 7747 278a 01       		.uleb128 0x1
 7748 278b A6150000 		.4byte	0x15a6
ARM GAS  /tmp/ccHvmxP5.s 			page 137


 7749 278f 00       		.byte	0
 7750 2790 02       		.uleb128 0x2
 7751 2791 15       		.byte	0x15
 7752 2792 5A       		.byte	0x5a
 7753 2793 0C       		.byte	0xc
 7754 2794 74270000 		.4byte	0x2774
 7755 2798 02       		.uleb128 0x2
 7756 2799 15       		.byte	0x15
 7757 279a 5B       		.byte	0x5b
 7758 279b 0C       		.byte	0xc
 7759 279c 750E0000 		.4byte	0xe75
 7760 27a0 02       		.uleb128 0x2
 7761 27a1 15       		.byte	0x15
 7762 27a2 5B       		.byte	0x5b
 7763 27a3 0C       		.byte	0xc
 7764 27a4 950E0000 		.4byte	0xe95
 7765 27a8 0B       		.uleb128 0xb
 7766 27a9 5B1B0000 		.4byte	.LASF188
 7767 27ad 13       		.byte	0x13
 7768 27ae 5101     		.2byte	0x151
 7769 27b0 0F       		.byte	0xf
 7770 27b1 A6150000 		.4byte	0x15a6
 7771 27b5 C4270000 		.4byte	0x27c4
 7772 27b9 01       		.uleb128 0x1
 7773 27ba A6150000 		.4byte	0x15a6
 7774 27be 01       		.uleb128 0x1
 7775 27bf A6150000 		.4byte	0x15a6
 7776 27c3 00       		.byte	0
 7777 27c4 02       		.uleb128 0x2
 7778 27c5 15       		.byte	0x15
 7779 27c6 5B       		.byte	0x5b
 7780 27c7 0C       		.byte	0xc
 7781 27c8 A8270000 		.4byte	0x27a8
 7782 27cc 02       		.uleb128 0x2
 7783 27cd 15       		.byte	0x15
 7784 27ce 5C       		.byte	0x5c
 7785 27cf 0C       		.byte	0xc
 7786 27d0 B50E0000 		.4byte	0xeb5
 7787 27d4 02       		.uleb128 0x2
 7788 27d5 15       		.byte	0x15
 7789 27d6 5C       		.byte	0x5c
 7790 27d7 0C       		.byte	0xc
 7791 27d8 D00E0000 		.4byte	0xed0
 7792 27dc 0B       		.uleb128 0xb
 7793 27dd 69030000 		.4byte	.LASF191
 7794 27e1 13       		.byte	0x13
 7795 27e2 2601     		.2byte	0x126
 7796 27e4 0C       		.byte	0xc
 7797 27e5 2C000000 		.4byte	0x2c
 7798 27e9 F3270000 		.4byte	0x27f3
 7799 27ed 01       		.uleb128 0x1
 7800 27ee A6150000 		.4byte	0x15a6
 7801 27f2 00       		.byte	0
 7802 27f3 02       		.uleb128 0x2
 7803 27f4 15       		.byte	0x15
 7804 27f5 5C       		.byte	0x5c
 7805 27f6 0C       		.byte	0xc
ARM GAS  /tmp/ccHvmxP5.s 			page 138


 7806 27f7 DC270000 		.4byte	0x27dc
 7807 27fb 02       		.uleb128 0x2
 7808 27fc 15       		.byte	0x15
 7809 27fd 5D       		.byte	0x5d
 7810 27fe 0C       		.byte	0xc
 7811 27ff EB0E0000 		.4byte	0xeeb
 7812 2803 02       		.uleb128 0x2
 7813 2804 15       		.byte	0x15
 7814 2805 5D       		.byte	0x5d
 7815 2806 0C       		.byte	0xc
 7816 2807 060F0000 		.4byte	0xf06
 7817 280b 0B       		.uleb128 0xb
 7818 280c 481D0000 		.4byte	.LASF194
 7819 2810 13       		.byte	0x13
 7820 2811 4801     		.2byte	0x148
 7821 2813 0F       		.byte	0xf
 7822 2814 A6150000 		.4byte	0x15a6
 7823 2818 22280000 		.4byte	0x2822
 7824 281c 01       		.uleb128 0x1
 7825 281d A6150000 		.4byte	0x15a6
 7826 2821 00       		.byte	0
 7827 2822 02       		.uleb128 0x2
 7828 2823 15       		.byte	0x15
 7829 2824 5D       		.byte	0x5d
 7830 2825 0C       		.byte	0xc
 7831 2826 0B280000 		.4byte	0x280b
 7832 282a 02       		.uleb128 0x2
 7833 282b 15       		.byte	0x15
 7834 282c 5E       		.byte	0x5e
 7835 282d 0C       		.byte	0xc
 7836 282e 210F0000 		.4byte	0xf21
 7837 2832 02       		.uleb128 0x2
 7838 2833 15       		.byte	0x15
 7839 2834 5E       		.byte	0x5e
 7840 2835 0C       		.byte	0xc
 7841 2836 3C0F0000 		.4byte	0xf3c
 7842 283a 0B       		.uleb128 0xb
 7843 283b 441B0000 		.4byte	.LASF197
 7844 283f 13       		.byte	0x13
 7845 2840 3301     		.2byte	0x133
 7846 2842 16       		.byte	0x16
 7847 2843 7D000000 		.4byte	0x7d
 7848 2847 51280000 		.4byte	0x2851
 7849 284b 01       		.uleb128 0x1
 7850 284c A6150000 		.4byte	0x15a6
 7851 2850 00       		.byte	0
 7852 2851 02       		.uleb128 0x2
 7853 2852 15       		.byte	0x15
 7854 2853 5E       		.byte	0x5e
 7855 2854 0C       		.byte	0xc
 7856 2855 3A280000 		.4byte	0x283a
 7857 2859 02       		.uleb128 0x2
 7858 285a 15       		.byte	0x15
 7859 285b 5F       		.byte	0x5f
 7860 285c 0C       		.byte	0xc
 7861 285d 570F0000 		.4byte	0xf57
 7862 2861 02       		.uleb128 0x2
ARM GAS  /tmp/ccHvmxP5.s 			page 139


 7863 2862 15       		.byte	0x15
 7864 2863 5F       		.byte	0x5f
 7865 2864 0C       		.byte	0xc
 7866 2865 720F0000 		.4byte	0xf72
 7867 2869 0B       		.uleb128 0xb
 7868 286a F3120000 		.4byte	.LASF200
 7869 286e 13       		.byte	0x13
 7870 286f 3601     		.2byte	0x136
 7871 2871 16       		.byte	0x16
 7872 2872 7D000000 		.4byte	0x7d
 7873 2876 80280000 		.4byte	0x2880
 7874 287a 01       		.uleb128 0x1
 7875 287b A6150000 		.4byte	0x15a6
 7876 287f 00       		.byte	0
 7877 2880 02       		.uleb128 0x2
 7878 2881 15       		.byte	0x15
 7879 2882 5F       		.byte	0x5f
 7880 2883 0C       		.byte	0xc
 7881 2884 69280000 		.4byte	0x2869
 7882 2888 02       		.uleb128 0x2
 7883 2889 15       		.byte	0x15
 7884 288a 60       		.byte	0x60
 7885 288b 0C       		.byte	0xc
 7886 288c 8D0F0000 		.4byte	0xf8d
 7887 2890 02       		.uleb128 0x2
 7888 2891 15       		.byte	0x15
 7889 2892 60       		.byte	0x60
 7890 2893 0C       		.byte	0xc
 7891 2894 A80F0000 		.4byte	0xfa8
 7892 2898 0B       		.uleb128 0xb
 7893 2899 DF0A0000 		.4byte	.LASF203
 7894 289d 13       		.byte	0x13
 7895 289e 3F01     		.2byte	0x13f
 7896 28a0 0F       		.byte	0xf
 7897 28a1 A6150000 		.4byte	0x15a6
 7898 28a5 AF280000 		.4byte	0x28af
 7899 28a9 01       		.uleb128 0x1
 7900 28aa A6150000 		.4byte	0x15a6
 7901 28ae 00       		.byte	0
 7902 28af 02       		.uleb128 0x2
 7903 28b0 15       		.byte	0x15
 7904 28b1 60       		.byte	0x60
 7905 28b2 0C       		.byte	0xc
 7906 28b3 98280000 		.4byte	0x2898
 7907 28b7 02       		.uleb128 0x2
 7908 28b8 15       		.byte	0x15
 7909 28b9 61       		.byte	0x61
 7910 28ba 0C       		.byte	0xc
 7911 28bb C30F0000 		.4byte	0xfc3
 7912 28bf 02       		.uleb128 0x2
 7913 28c0 15       		.byte	0x15
 7914 28c1 61       		.byte	0x61
 7915 28c2 0C       		.byte	0xc
 7916 28c3 DE0F0000 		.4byte	0xfde
 7917 28c7 0B       		.uleb128 0xb
 7918 28c8 D50D0000 		.4byte	.LASF206
 7919 28cc 13       		.byte	0x13
ARM GAS  /tmp/ccHvmxP5.s 			page 140


 7920 28cd 4B01     		.2byte	0x14b
 7921 28cf 0F       		.byte	0xf
 7922 28d0 A6150000 		.4byte	0x15a6
 7923 28d4 DE280000 		.4byte	0x28de
 7924 28d8 01       		.uleb128 0x1
 7925 28d9 A6150000 		.4byte	0x15a6
 7926 28dd 00       		.byte	0
 7927 28de 02       		.uleb128 0x2
 7928 28df 15       		.byte	0x15
 7929 28e0 61       		.byte	0x61
 7930 28e1 0C       		.byte	0xc
 7931 28e2 C7280000 		.4byte	0x28c7
 7932 28e6 02       		.uleb128 0x2
 7933 28e7 15       		.byte	0x15
 7934 28e8 62       		.byte	0x62
 7935 28e9 0C       		.byte	0xc
 7936 28ea F90F0000 		.4byte	0xff9
 7937 28ee 02       		.uleb128 0x2
 7938 28ef 15       		.byte	0x15
 7939 28f0 62       		.byte	0x62
 7940 28f1 0C       		.byte	0xc
 7941 28f2 14100000 		.4byte	0x1014
 7942 28f6 0B       		.uleb128 0xb
 7943 28f7 AD0E0000 		.4byte	.LASF209
 7944 28fb 13       		.byte	0x13
 7945 28fc 2501     		.2byte	0x125
 7946 28fe 0F       		.byte	0xf
 7947 28ff A6150000 		.4byte	0x15a6
 7948 2903 0D290000 		.4byte	0x290d
 7949 2907 01       		.uleb128 0x1
 7950 2908 A6150000 		.4byte	0x15a6
 7951 290c 00       		.byte	0
 7952 290d 02       		.uleb128 0x2
 7953 290e 15       		.byte	0x15
 7954 290f 62       		.byte	0x62
 7955 2910 0C       		.byte	0xc
 7956 2911 F6280000 		.4byte	0x28f6
 7957 2915 02       		.uleb128 0x2
 7958 2916 15       		.byte	0x15
 7959 2917 63       		.byte	0x63
 7960 2918 0C       		.byte	0xc
 7961 2919 2F100000 		.4byte	0x102f
 7962 291d 02       		.uleb128 0x2
 7963 291e 15       		.byte	0x15
 7964 291f 63       		.byte	0x63
 7965 2920 0C       		.byte	0xc
 7966 2921 4A100000 		.4byte	0x104a
 7967 2925 0B       		.uleb128 0xb
 7968 2926 56080000 		.4byte	.LASF212
 7969 292a 13       		.byte	0x13
 7970 292b 3201     		.2byte	0x132
 7971 292d 11       		.byte	0x11
 7972 292e 6A000000 		.4byte	0x6a
 7973 2932 3C290000 		.4byte	0x293c
 7974 2936 01       		.uleb128 0x1
 7975 2937 A6150000 		.4byte	0x15a6
 7976 293b 00       		.byte	0
ARM GAS  /tmp/ccHvmxP5.s 			page 141


 7977 293c 02       		.uleb128 0x2
 7978 293d 15       		.byte	0x15
 7979 293e 63       		.byte	0x63
 7980 293f 0C       		.byte	0xc
 7981 2940 25290000 		.4byte	0x2925
 7982 2944 02       		.uleb128 0x2
 7983 2945 15       		.byte	0x15
 7984 2946 64       		.byte	0x64
 7985 2947 0C       		.byte	0xc
 7986 2948 65100000 		.4byte	0x1065
 7987 294c 02       		.uleb128 0x2
 7988 294d 15       		.byte	0x15
 7989 294e 64       		.byte	0x64
 7990 294f 0C       		.byte	0xc
 7991 2950 80100000 		.4byte	0x1080
 7992 2954 0B       		.uleb128 0xb
 7993 2955 251A0000 		.4byte	.LASF215
 7994 2959 13       		.byte	0x13
 7995 295a 3501     		.2byte	0x135
 7996 295c 11       		.byte	0x11
 7997 295d 6A000000 		.4byte	0x6a
 7998 2961 6B290000 		.4byte	0x296b
 7999 2965 01       		.uleb128 0x1
 8000 2966 A6150000 		.4byte	0x15a6
 8001 296a 00       		.byte	0
 8002 296b 02       		.uleb128 0x2
 8003 296c 15       		.byte	0x15
 8004 296d 64       		.byte	0x64
 8005 296e 0C       		.byte	0xc
 8006 296f 54290000 		.4byte	0x2954
 8007 2973 02       		.uleb128 0x2
 8008 2974 15       		.byte	0x15
 8009 2975 65       		.byte	0x65
 8010 2976 0C       		.byte	0xc
 8011 2977 9B100000 		.4byte	0x109b
 8012 297b 02       		.uleb128 0x2
 8013 297c 15       		.byte	0x15
 8014 297d 65       		.byte	0x65
 8015 297e 0C       		.byte	0xc
 8016 297f B6100000 		.4byte	0x10b6
 8017 2983 0B       		.uleb128 0xb
 8018 2984 6F060000 		.4byte	.LASF218
 8019 2988 13       		.byte	0x13
 8020 2989 3101     		.2byte	0x131
 8021 298b 0F       		.byte	0xf
 8022 298c A6150000 		.4byte	0x15a6
 8023 2990 9A290000 		.4byte	0x299a
 8024 2994 01       		.uleb128 0x1
 8025 2995 A6150000 		.4byte	0x15a6
 8026 2999 00       		.byte	0
 8027 299a 02       		.uleb128 0x2
 8028 299b 15       		.byte	0x15
 8029 299c 65       		.byte	0x65
 8030 299d 0C       		.byte	0xc
 8031 299e 83290000 		.4byte	0x2983
 8032 29a2 02       		.uleb128 0x2
 8033 29a3 15       		.byte	0x15
ARM GAS  /tmp/ccHvmxP5.s 			page 142


 8034 29a4 66       		.byte	0x66
 8035 29a5 0C       		.byte	0xc
 8036 29a6 D1100000 		.4byte	0x10d1
 8037 29aa 02       		.uleb128 0x2
 8038 29ab 15       		.byte	0x15
 8039 29ac 66       		.byte	0x66
 8040 29ad 0C       		.byte	0xc
 8041 29ae F1100000 		.4byte	0x10f1
 8042 29b2 0B       		.uleb128 0xb
 8043 29b3 83170000 		.4byte	.LASF221
 8044 29b7 13       		.byte	0x13
 8045 29b8 2A01     		.2byte	0x12a
 8046 29ba 0F       		.byte	0xf
 8047 29bb A6150000 		.4byte	0x15a6
 8048 29bf CE290000 		.4byte	0x29ce
 8049 29c3 01       		.uleb128 0x1
 8050 29c4 A6150000 		.4byte	0x15a6
 8051 29c8 01       		.uleb128 0x1
 8052 29c9 A6150000 		.4byte	0x15a6
 8053 29cd 00       		.byte	0
 8054 29ce 02       		.uleb128 0x2
 8055 29cf 15       		.byte	0x15
 8056 29d0 66       		.byte	0x66
 8057 29d1 0C       		.byte	0xc
 8058 29d2 B2290000 		.4byte	0x29b2
 8059 29d6 02       		.uleb128 0x2
 8060 29d7 15       		.byte	0x15
 8061 29d8 67       		.byte	0x67
 8062 29d9 0C       		.byte	0xc
 8063 29da 11110000 		.4byte	0x1111
 8064 29de 02       		.uleb128 0x2
 8065 29df 15       		.byte	0x15
 8066 29e0 67       		.byte	0x67
 8067 29e1 0C       		.byte	0xc
 8068 29e2 31110000 		.4byte	0x1131
 8069 29e6 0B       		.uleb128 0xb
 8070 29e7 0C040000 		.4byte	.LASF224
 8071 29eb 13       		.byte	0x13
 8072 29ec CC01     		.2byte	0x1cc
 8073 29ee 0F       		.byte	0xf
 8074 29ef A6150000 		.4byte	0x15a6
 8075 29f3 022A0000 		.4byte	0x2a02
 8076 29f7 01       		.uleb128 0x1
 8077 29f8 A6150000 		.4byte	0x15a6
 8078 29fc 01       		.uleb128 0x1
 8079 29fd 9F150000 		.4byte	0x159f
 8080 2a01 00       		.byte	0
 8081 2a02 02       		.uleb128 0x2
 8082 2a03 15       		.byte	0x15
 8083 2a04 67       		.byte	0x67
 8084 2a05 0C       		.byte	0xc
 8085 2a06 E6290000 		.4byte	0x29e6
 8086 2a0a 02       		.uleb128 0x2
 8087 2a0b 15       		.byte	0x15
 8088 2a0c 68       		.byte	0x68
 8089 2a0d 0C       		.byte	0xc
 8090 2a0e 51110000 		.4byte	0x1151
ARM GAS  /tmp/ccHvmxP5.s 			page 143


 8091 2a12 02       		.uleb128 0x2
 8092 2a13 15       		.byte	0x15
 8093 2a14 68       		.byte	0x68
 8094 2a15 0C       		.byte	0xc
 8095 2a16 71110000 		.4byte	0x1171
 8096 2a1a 0B       		.uleb128 0xb
 8097 2a1b 4D1F0000 		.4byte	.LASF227
 8098 2a1f 13       		.byte	0x13
 8099 2a20 4601     		.2byte	0x146
 8100 2a22 0F       		.byte	0xf
 8101 2a23 A6150000 		.4byte	0x15a6
 8102 2a27 362A0000 		.4byte	0x2a36
 8103 2a2b 01       		.uleb128 0x1
 8104 2a2c A6150000 		.4byte	0x15a6
 8105 2a30 01       		.uleb128 0x1
 8106 2a31 A6150000 		.4byte	0x15a6
 8107 2a35 00       		.byte	0
 8108 2a36 02       		.uleb128 0x2
 8109 2a37 15       		.byte	0x15
 8110 2a38 68       		.byte	0x68
 8111 2a39 0C       		.byte	0xc
 8112 2a3a 1A2A0000 		.4byte	0x2a1a
 8113 2a3e 02       		.uleb128 0x2
 8114 2a3f 15       		.byte	0x15
 8115 2a40 69       		.byte	0x69
 8116 2a41 0C       		.byte	0xc
 8117 2a42 91110000 		.4byte	0x1191
 8118 2a46 02       		.uleb128 0x2
 8119 2a47 15       		.byte	0x15
 8120 2a48 69       		.byte	0x69
 8121 2a49 0C       		.byte	0xc
 8122 2a4a B6110000 		.4byte	0x11b6
 8123 2a4e 0B       		.uleb128 0xb
 8124 2a4f 5A130000 		.4byte	.LASF230
 8125 2a53 13       		.byte	0x13
 8126 2a54 3801     		.2byte	0x138
 8127 2a56 0F       		.byte	0xf
 8128 2a57 A6150000 		.4byte	0x15a6
 8129 2a5b 6F2A0000 		.4byte	0x2a6f
 8130 2a5f 01       		.uleb128 0x1
 8131 2a60 A6150000 		.4byte	0x15a6
 8132 2a64 01       		.uleb128 0x1
 8133 2a65 A6150000 		.4byte	0x15a6
 8134 2a69 01       		.uleb128 0x1
 8135 2a6a C5210000 		.4byte	0x21c5
 8136 2a6e 00       		.byte	0
 8137 2a6f 02       		.uleb128 0x2
 8138 2a70 15       		.byte	0x15
 8139 2a71 69       		.byte	0x69
 8140 2a72 0C       		.byte	0xc
 8141 2a73 4E2A0000 		.4byte	0x2a4e
 8142 2a77 02       		.uleb128 0x2
 8143 2a78 15       		.byte	0x15
 8144 2a79 6A       		.byte	0x6a
 8145 2a7a 0C       		.byte	0xc
 8146 2a7b DB110000 		.4byte	0x11db
 8147 2a7f 02       		.uleb128 0x2
ARM GAS  /tmp/ccHvmxP5.s 			page 144


 8148 2a80 15       		.byte	0x15
 8149 2a81 6A       		.byte	0x6a
 8150 2a82 0C       		.byte	0xc
 8151 2a83 F6110000 		.4byte	0x11f6
 8152 2a87 0B       		.uleb128 0xb
 8153 2a88 98190000 		.4byte	.LASF233
 8154 2a8c 13       		.byte	0x13
 8155 2a8d 2B01     		.2byte	0x12b
 8156 2a8f 0F       		.byte	0xf
 8157 2a90 A6150000 		.4byte	0x15a6
 8158 2a94 9E2A0000 		.4byte	0x2a9e
 8159 2a98 01       		.uleb128 0x1
 8160 2a99 A6150000 		.4byte	0x15a6
 8161 2a9d 00       		.byte	0
 8162 2a9e 02       		.uleb128 0x2
 8163 2a9f 15       		.byte	0x15
 8164 2aa0 6A       		.byte	0x6a
 8165 2aa1 0C       		.byte	0xc
 8166 2aa2 872A0000 		.4byte	0x2a87
 8167 2aa6 02       		.uleb128 0x2
 8168 2aa7 15       		.byte	0x15
 8169 2aa8 6B       		.byte	0x6b
 8170 2aa9 0C       		.byte	0xc
 8171 2aaa 11120000 		.4byte	0x1211
 8172 2aae 02       		.uleb128 0x2
 8173 2aaf 15       		.byte	0x15
 8174 2ab0 6B       		.byte	0x6b
 8175 2ab1 0C       		.byte	0xc
 8176 2ab2 2C120000 		.4byte	0x122c
 8177 2ab6 0B       		.uleb128 0xb
 8178 2ab7 2C120000 		.4byte	.LASF236
 8179 2abb 13       		.byte	0x13
 8180 2abc 3401     		.2byte	0x134
 8181 2abe 0F       		.byte	0xf
 8182 2abf A6150000 		.4byte	0x15a6
 8183 2ac3 CD2A0000 		.4byte	0x2acd
 8184 2ac7 01       		.uleb128 0x1
 8185 2ac8 A6150000 		.4byte	0x15a6
 8186 2acc 00       		.byte	0
 8187 2acd 02       		.uleb128 0x2
 8188 2ace 15       		.byte	0x15
 8189 2acf 6B       		.byte	0x6b
 8190 2ad0 0C       		.byte	0xc
 8191 2ad1 B62A0000 		.4byte	0x2ab6
 8192 2ad5 02       		.uleb128 0x2
 8193 2ad6 15       		.byte	0x15
 8194 2ad7 6C       		.byte	0x6c
 8195 2ad8 0C       		.byte	0xc
 8196 2ad9 47120000 		.4byte	0x1247
 8197 2add 02       		.uleb128 0x2
 8198 2ade 15       		.byte	0x15
 8199 2adf 6C       		.byte	0x6c
 8200 2ae0 0C       		.byte	0xc
 8201 2ae1 67120000 		.4byte	0x1267
 8202 2ae5 0B       		.uleb128 0xb
 8203 2ae6 CD140000 		.4byte	.LASF239
 8204 2aea 13       		.byte	0x13
ARM GAS  /tmp/ccHvmxP5.s 			page 145


 8205 2aeb 2F01     		.2byte	0x12f
 8206 2aed 0F       		.byte	0xf
 8207 2aee A6150000 		.4byte	0x15a6
 8208 2af2 012B0000 		.4byte	0x2b01
 8209 2af6 01       		.uleb128 0x1
 8210 2af7 A6150000 		.4byte	0x15a6
 8211 2afb 01       		.uleb128 0x1
 8212 2afc 6A000000 		.4byte	0x6a
 8213 2b00 00       		.byte	0
 8214 2b01 02       		.uleb128 0x2
 8215 2b02 15       		.byte	0x15
 8216 2b03 6C       		.byte	0x6c
 8217 2b04 0C       		.byte	0xc
 8218 2b05 E52A0000 		.4byte	0x2ae5
 8219 2b09 02       		.uleb128 0x2
 8220 2b0a 15       		.byte	0x15
 8221 2b0b 6D       		.byte	0x6d
 8222 2b0c 0C       		.byte	0xc
 8223 2b0d 87120000 		.4byte	0x1287
 8224 2b11 02       		.uleb128 0x2
 8225 2b12 15       		.byte	0x15
 8226 2b13 6D       		.byte	0x6d
 8227 2b14 0C       		.byte	0xc
 8228 2b15 A7120000 		.4byte	0x12a7
 8229 2b19 0B       		.uleb128 0xb
 8230 2b1a 691A0000 		.4byte	.LASF242
 8231 2b1e 13       		.byte	0x13
 8232 2b1f 2C01     		.2byte	0x12c
 8233 2b21 0F       		.byte	0xf
 8234 2b22 A6150000 		.4byte	0x15a6
 8235 2b26 352B0000 		.4byte	0x2b35
 8236 2b2a 01       		.uleb128 0x1
 8237 2b2b A6150000 		.4byte	0x15a6
 8238 2b2f 01       		.uleb128 0x1
 8239 2b30 2C000000 		.4byte	0x2c
 8240 2b34 00       		.byte	0
 8241 2b35 02       		.uleb128 0x2
 8242 2b36 15       		.byte	0x15
 8243 2b37 6D       		.byte	0x6d
 8244 2b38 0C       		.byte	0xc
 8245 2b39 192B0000 		.4byte	0x2b19
 8246 2b3d 02       		.uleb128 0x2
 8247 2b3e 15       		.byte	0x15
 8248 2b3f 6E       		.byte	0x6e
 8249 2b40 0C       		.byte	0xc
 8250 2b41 C7120000 		.4byte	0x12c7
 8251 2b45 02       		.uleb128 0x2
 8252 2b46 15       		.byte	0x15
 8253 2b47 6E       		.byte	0x6e
 8254 2b48 0C       		.byte	0xc
 8255 2b49 E2120000 		.4byte	0x12e2
 8256 2b4d 0B       		.uleb128 0xb
 8257 2b4e 530D0000 		.4byte	.LASF245
 8258 2b52 13       		.byte	0x13
 8259 2b53 3001     		.2byte	0x130
 8260 2b55 0F       		.byte	0xf
 8261 2b56 A6150000 		.4byte	0x15a6
ARM GAS  /tmp/ccHvmxP5.s 			page 146


 8262 2b5a 642B0000 		.4byte	0x2b64
 8263 2b5e 01       		.uleb128 0x1
 8264 2b5f A6150000 		.4byte	0x15a6
 8265 2b63 00       		.byte	0
 8266 2b64 02       		.uleb128 0x2
 8267 2b65 15       		.byte	0x15
 8268 2b66 6E       		.byte	0x6e
 8269 2b67 0C       		.byte	0xc
 8270 2b68 4D2B0000 		.4byte	0x2b4d
 8271 2b6c 02       		.uleb128 0x2
 8272 2b6d 15       		.byte	0x15
 8273 2b6e 6F       		.byte	0x6f
 8274 2b6f 0C       		.byte	0xc
 8275 2b70 FD120000 		.4byte	0x12fd
 8276 2b74 02       		.uleb128 0x2
 8277 2b75 15       		.byte	0x15
 8278 2b76 6F       		.byte	0x6f
 8279 2b77 0C       		.byte	0xc
 8280 2b78 18130000 		.4byte	0x1318
 8281 2b7c 0B       		.uleb128 0xb
 8282 2b7d 46180000 		.4byte	.LASF248
 8283 2b81 13       		.byte	0x13
 8284 2b82 3701     		.2byte	0x137
 8285 2b84 0F       		.byte	0xf
 8286 2b85 A6150000 		.4byte	0x15a6
 8287 2b89 932B0000 		.4byte	0x2b93
 8288 2b8d 01       		.uleb128 0x1
 8289 2b8e A6150000 		.4byte	0x15a6
 8290 2b92 00       		.byte	0
 8291 2b93 02       		.uleb128 0x2
 8292 2b94 15       		.byte	0x15
 8293 2b95 6F       		.byte	0x6f
 8294 2b96 0C       		.byte	0xc
 8295 2b97 7C2B0000 		.4byte	0x2b7c
 8296 2b9b 68       		.uleb128 0x68
 8297 2b9c 07       		.byte	0x7
 8298 2b9d 04       		.byte	0x4
 8299 2b9e 7B010000 		.4byte	0x17b
 8300 2ba2 16       		.byte	0x16
 8301 2ba3 B4       		.byte	0xb4
 8302 2ba4 08       		.byte	0x8
 8303 2ba5 C52B0000 		.4byte	0x2bc5
 8304 2ba9 3A       		.uleb128 0x3a
 8305 2baa 6A140000 		.4byte	.LASF378
 8306 2bae 00000100 		.4byte	0x10000
 8307 2bb2 3A       		.uleb128 0x3a
 8308 2bb3 C40E0000 		.4byte	.LASF379
 8309 2bb7 00010100 		.4byte	0x10100
 8310 2bbb 3A       		.uleb128 0x3a
 8311 2bbc 42020000 		.4byte	.LASF380
 8312 2bc0 00000200 		.4byte	0x20000
 8313 2bc4 00       		.byte	0
 8314 2bc5 69       		.uleb128 0x69
 8315 2bc6 641C0000 		.4byte	.LASF650
 8316 2bca 16       		.byte	0x16
 8317 2bcb D8       		.byte	0xd8
 8318 2bcc 10       		.byte	0x10
ARM GAS  /tmp/ccHvmxP5.s 			page 147


 8319 2bcd 0E       		.uleb128 0xe
 8320 2bce C52B0000 		.4byte	0x2bc5
 8321 2bd2 08       		.uleb128 0x8
 8322 2bd3 B5070000 		.4byte	.LASF381
 8323 2bd7 16       		.byte	0x16
 8324 2bd8 E3       		.byte	0xe3
 8325 2bd9 17       		.byte	0x17
 8326 2bda DE2B0000 		.4byte	0x2bde
 8327 2bde 09       		.uleb128 0x9
 8328 2bdf 04       		.byte	0x4
 8329 2be0 E42B0000 		.4byte	0x2be4
 8330 2be4 29       		.uleb128 0x29
 8331 2be5 F32B0000 		.4byte	0x2bf3
 8332 2be9 F32B0000 		.4byte	0x2bf3
 8333 2bed 01       		.uleb128 0x1
 8334 2bee B2150000 		.4byte	0x15b2
 8335 2bf2 00       		.byte	0
 8336 2bf3 09       		.uleb128 0x9
 8337 2bf4 04       		.byte	0x4
 8338 2bf5 84000000 		.4byte	0x84
 8339 2bf9 08       		.uleb128 0x8
 8340 2bfa FF070000 		.4byte	.LASF382
 8341 2bfe 16       		.byte	0x16
 8342 2bff EB       		.byte	0xeb
 8343 2c00 12       		.byte	0x12
 8344 2c01 052C0000 		.4byte	0x2c05
 8345 2c05 09       		.uleb128 0x9
 8346 2c06 04       		.byte	0x4
 8347 2c07 0B2C0000 		.4byte	0x2c0b
 8348 2c0b 39       		.uleb128 0x39
 8349 2c0c 162C0000 		.4byte	0x2c16
 8350 2c10 01       		.uleb128 0x1
 8351 2c11 162C0000 		.4byte	0x2c16
 8352 2c15 00       		.byte	0
 8353 2c16 09       		.uleb128 0x9
 8354 2c17 04       		.byte	0x4
 8355 2c18 90000000 		.4byte	0x90
 8356 2c1c 08       		.uleb128 0x8
 8357 2c1d 0D160000 		.4byte	.LASF383
 8358 2c21 16       		.byte	0x16
 8359 2c22 F3       		.byte	0xf3
 8360 2c23 14       		.byte	0x14
 8361 2c24 282C0000 		.4byte	0x2c28
 8362 2c28 09       		.uleb128 0x9
 8363 2c29 04       		.byte	0x4
 8364 2c2a 2E2C0000 		.4byte	0x2c2e
 8365 2c2e 6A       		.uleb128 0x6a
 8366 2c2f B2150000 		.4byte	0x15b2
 8367 2c33 28       		.uleb128 0x28
 8368 2c34 93170000 		.4byte	.LASF384
 8369 2c38 10       		.byte	0x10
 8370 2c39 16       		.byte	0x16
 8371 2c3a FA       		.byte	0xfa
 8372 2c3b 12       		.byte	0x12
 8373 2c3c 752C0000 		.4byte	0x2c75
 8374 2c40 04       		.uleb128 0x4
 8375 2c41 430D0000 		.4byte	.LASF385
ARM GAS  /tmp/ccHvmxP5.s 			page 148


 8376 2c45 16       		.byte	0x16
 8377 2c46 FB       		.byte	0xfb
 8378 2c47 28       		.byte	0x28
 8379 2c48 752C0000 		.4byte	0x2c75
 8380 2c4c 00       		.byte	0
 8381 2c4d 04       		.uleb128 0x4
 8382 2c4e 2A160000 		.4byte	.LASF386
 8383 2c52 16       		.byte	0x16
 8384 2c53 FC       		.byte	0xfc
 8385 2c54 22       		.byte	0x22
 8386 2c55 D22B0000 		.4byte	0x2bd2
 8387 2c59 04       		.byte	0x4
 8388 2c5a 04       		.uleb128 0x4
 8389 2c5b 5C060000 		.4byte	.LASF387
 8390 2c5f 16       		.byte	0x16
 8391 2c60 FD       		.byte	0xfd
 8392 2c61 21       		.byte	0x21
 8393 2c62 F92B0000 		.4byte	0x2bf9
 8394 2c66 08       		.byte	0x8
 8395 2c67 04       		.uleb128 0x4
 8396 2c68 D3050000 		.4byte	.LASF388
 8397 2c6c 16       		.byte	0x16
 8398 2c6d FE       		.byte	0xfe
 8399 2c6e 22       		.byte	0x22
 8400 2c6f 1C2C0000 		.4byte	0x2c1c
 8401 2c73 0C       		.byte	0xc
 8402 2c74 00       		.byte	0
 8403 2c75 09       		.uleb128 0x9
 8404 2c76 04       		.byte	0x4
 8405 2c77 CD2B0000 		.4byte	0x2bcd
 8406 2c7b 08       		.uleb128 0x8
 8407 2c7c 6F030000 		.4byte	.LASF389
 8408 2c80 16       		.byte	0x16
 8409 2c81 FF       		.byte	0xff
 8410 2c82 05       		.byte	0x5
 8411 2c83 332C0000 		.4byte	0x2c33
 8412 2c87 32       		.uleb128 0x32
 8413 2c88 F3110000 		.4byte	.LASF390
 8414 2c8c 20       		.byte	0x20
 8415 2c8d 16       		.byte	0x16
 8416 2c8e 0601     		.2byte	0x106
 8417 2c90 12       		.byte	0x12
 8418 2c91 F82C0000 		.4byte	0x2cf8
 8419 2c95 06       		.uleb128 0x6
 8420 2c96 1B0F0000 		.4byte	.LASF391
 8421 2c9a 16       		.byte	0x16
 8422 2c9b 0701     		.2byte	0x107
 8423 2c9d 0E       		.byte	0xe
 8424 2c9e AF000000 		.4byte	0xaf
 8425 2ca2 00       		.byte	0
 8426 2ca3 33       		.uleb128 0x33
 8427 2ca4 61706900 		.ascii	"api\000"
 8428 2ca8 16       		.byte	0x16
 8429 2ca9 0801     		.2byte	0x108
 8430 2cab 0E       		.byte	0xe
 8431 2cac AF000000 		.4byte	0xaf
 8432 2cb0 04       		.byte	0x4
ARM GAS  /tmp/ccHvmxP5.s 			page 149


 8433 2cb1 06       		.uleb128 0x6
 8434 2cb2 8D190000 		.4byte	.LASF392
 8435 2cb6 16       		.byte	0x16
 8436 2cb7 0901     		.2byte	0x109
 8437 2cb9 0E       		.byte	0xe
 8438 2cba AF000000 		.4byte	0xaf
 8439 2cbe 08       		.byte	0x8
 8440 2cbf 06       		.uleb128 0x6
 8441 2cc0 5D040000 		.4byte	.LASF393
 8442 2cc4 16       		.byte	0x16
 8443 2cc5 0A01     		.2byte	0x10a
 8444 2cc7 0E       		.byte	0xe
 8445 2cc8 9C000000 		.4byte	0x9c
 8446 2ccc 0C       		.byte	0xc
 8447 2ccd 06       		.uleb128 0x6
 8448 2cce A8180000 		.4byte	.LASF394
 8449 2cd2 16       		.byte	0x16
 8450 2cd3 0B01     		.2byte	0x10b
 8451 2cd5 0D       		.byte	0xd
 8452 2cd6 84000000 		.4byte	0x84
 8453 2cda 0E       		.byte	0xe
 8454 2cdb 06       		.uleb128 0x6
 8455 2cdc 791A0000 		.4byte	.LASF395
 8456 2ce0 16       		.byte	0x16
 8457 2ce1 0C01     		.2byte	0x10c
 8458 2ce3 0D       		.byte	0xd
 8459 2ce4 84000000 		.4byte	0x84
 8460 2ce8 0F       		.byte	0xf
 8461 2ce9 06       		.uleb128 0x6
 8462 2cea E00F0000 		.4byte	.LASF396
 8463 2cee 16       		.byte	0x16
 8464 2cef 0D01     		.2byte	0x10d
 8465 2cf1 1A       		.byte	0x1a
 8466 2cf2 7B2C0000 		.4byte	0x2c7b
 8467 2cf6 10       		.byte	0x10
 8468 2cf7 00       		.byte	0
 8469 2cf8 2D       		.uleb128 0x2d
 8470 2cf9 4D070000 		.4byte	.LASF397
 8471 2cfd 16       		.byte	0x16
 8472 2cfe 0E01     		.2byte	0x10e
 8473 2d00 05       		.byte	0x5
 8474 2d01 872C0000 		.4byte	0x2c87
 8475 2d05 0E       		.uleb128 0xe
 8476 2d06 F82C0000 		.4byte	0x2cf8
 8477 2d0a 32       		.uleb128 0x32
 8478 2d0b 8B020000 		.4byte	.LASF398
 8479 2d0f 20       		.byte	0x20
 8480 2d10 16       		.byte	0x16
 8481 2d11 4101     		.2byte	0x141
 8482 2d13 12       		.byte	0x12
 8483 2d14 A02D0000 		.4byte	0x2da0
 8484 2d18 33       		.uleb128 0x33
 8485 2d19 6D696E00 		.ascii	"min\000"
 8486 2d1d 16       		.byte	0x16
 8487 2d1e 4201     		.2byte	0x142
 8488 2d20 0D       		.byte	0xd
 8489 2d21 46000000 		.4byte	0x46
ARM GAS  /tmp/ccHvmxP5.s 			page 150


 8490 2d25 00       		.byte	0
 8491 2d26 33       		.uleb128 0x33
 8492 2d27 6D617800 		.ascii	"max\000"
 8493 2d2b 16       		.byte	0x16
 8494 2d2c 4301     		.2byte	0x143
 8495 2d2e 0D       		.byte	0xd
 8496 2d2f 46000000 		.4byte	0x46
 8497 2d33 02       		.byte	0x2
 8498 2d34 06       		.uleb128 0x6
 8499 2d35 CC0A0000 		.4byte	.LASF399
 8500 2d39 16       		.byte	0x16
 8501 2d3a 4401     		.2byte	0x144
 8502 2d3c 0D       		.byte	0xd
 8503 2d3d 46000000 		.4byte	0x46
 8504 2d41 04       		.byte	0x4
 8505 2d42 06       		.uleb128 0x6
 8506 2d43 09190000 		.4byte	.LASF400
 8507 2d47 16       		.byte	0x16
 8508 2d48 4501     		.2byte	0x145
 8509 2d4a 0D       		.byte	0xd
 8510 2d4b 46000000 		.4byte	0x46
 8511 2d4f 06       		.byte	0x6
 8512 2d50 06       		.uleb128 0x6
 8513 2d51 41030000 		.4byte	.LASF401
 8514 2d55 16       		.byte	0x16
 8515 2d56 4601     		.2byte	0x146
 8516 2d58 0D       		.byte	0xd
 8517 2d59 84000000 		.4byte	0x84
 8518 2d5d 08       		.byte	0x8
 8519 2d5e 3B       		.uleb128 0x3b
 8520 2d5f 78190000 		.4byte	.LASF402
 8521 2d63 16       		.byte	0x16
 8522 2d64 4701     		.2byte	0x147
 8523 2d66 0D       		.byte	0xd
 8524 2d67 84000000 		.4byte	0x84
 8525 2d6b 01       		.byte	0x1
 8526 2d6c 04       		.byte	0x4
 8527 2d6d 04       		.byte	0x4
 8528 2d6e 09       		.byte	0x9
 8529 2d6f 3B       		.uleb128 0x3b
 8530 2d70 0E190000 		.4byte	.LASF403
 8531 2d74 16       		.byte	0x16
 8532 2d75 4801     		.2byte	0x148
 8533 2d77 0D       		.byte	0xd
 8534 2d78 84000000 		.4byte	0x84
 8535 2d7c 01       		.byte	0x1
 8536 2d7d 01       		.byte	0x1
 8537 2d7e 03       		.byte	0x3
 8538 2d7f 09       		.byte	0x9
 8539 2d80 3B       		.uleb128 0x3b
 8540 2d81 7D1D0000 		.4byte	.LASF404
 8541 2d85 16       		.byte	0x16
 8542 2d86 4901     		.2byte	0x149
 8543 2d88 0D       		.byte	0xd
 8544 2d89 84000000 		.4byte	0x84
 8545 2d8d 01       		.byte	0x1
 8546 2d8e 03       		.byte	0x3
ARM GAS  /tmp/ccHvmxP5.s 			page 151


 8547 2d8f 00       		.byte	0
 8548 2d90 09       		.byte	0x9
 8549 2d91 06       		.uleb128 0x6
 8550 2d92 2C090000 		.4byte	.LASF405
 8551 2d96 16       		.byte	0x16
 8552 2d97 4A01     		.2byte	0x14a
 8553 2d99 0D       		.byte	0xd
 8554 2d9a A02D0000 		.4byte	0x2da0
 8555 2d9e 0A       		.byte	0xa
 8556 2d9f 00       		.byte	0
 8557 2da0 0D       		.uleb128 0xd
 8558 2da1 A71C0000 		.4byte	0x1ca7
 8559 2da5 B02D0000 		.4byte	0x2db0
 8560 2da9 0F       		.uleb128 0xf
 8561 2daa 7B010000 		.4byte	0x17b
 8562 2dae 15       		.byte	0x15
 8563 2daf 00       		.byte	0
 8564 2db0 2D       		.uleb128 0x2d
 8565 2db1 9A1F0000 		.4byte	.LASF406
 8566 2db5 16       		.byte	0x16
 8567 2db6 4B01     		.2byte	0x14b
 8568 2db8 05       		.byte	0x5
 8569 2db9 0A2D0000 		.4byte	0x2d0a
 8570 2dbd 09       		.uleb128 0x9
 8571 2dbe 04       		.byte	0x4
 8572 2dbf 052D0000 		.4byte	0x2d05
 8573 2dc3 09       		.uleb128 0x9
 8574 2dc4 04       		.byte	0x4
 8575 2dc5 AD150000 		.4byte	0x15ad
 8576 2dc9 0E       		.uleb128 0xe
 8577 2dca C32D0000 		.4byte	0x2dc3
 8578 2dce 49       		.uleb128 0x49
 8579 2dcf A91E0000 		.4byte	.LASF407
 8580 2dd3 3801     		.2byte	0x138
 8581 2dd5 16       		.byte	0x16
 8582 2dd6 D401     		.2byte	0x1d4
 8583 2dd8 12       		.byte	0x12
 8584 2dd9 782E0000 		.4byte	0x2e78
 8585 2ddd 06       		.uleb128 0x6
 8586 2dde 26180000 		.4byte	.LASF408
 8587 2de2 16       		.byte	0x16
 8588 2de3 D501     		.2byte	0x1d5
 8589 2de5 0E       		.byte	0xe
 8590 2de6 AF000000 		.4byte	0xaf
 8591 2dea 00       		.byte	0
 8592 2deb 06       		.uleb128 0x6
 8593 2dec 1B0F0000 		.4byte	.LASF391
 8594 2df0 16       		.byte	0x16
 8595 2df1 D601     		.2byte	0x1d6
 8596 2df3 0E       		.byte	0xe
 8597 2df4 AF000000 		.4byte	0xaf
 8598 2df8 04       		.byte	0x4
 8599 2df9 33       		.uleb128 0x33
 8600 2dfa 61706900 		.ascii	"api\000"
 8601 2dfe 16       		.byte	0x16
 8602 2dff D701     		.2byte	0x1d7
 8603 2e01 0E       		.byte	0xe
ARM GAS  /tmp/ccHvmxP5.s 			page 152


 8604 2e02 AF000000 		.4byte	0xaf
 8605 2e06 08       		.byte	0x8
 8606 2e07 06       		.uleb128 0x6
 8607 2e08 081C0000 		.4byte	.LASF409
 8608 2e0c 16       		.byte	0x16
 8609 2e0d D801     		.2byte	0x1d8
 8610 2e0f 0E       		.byte	0xe
 8611 2e10 AF000000 		.4byte	0xaf
 8612 2e14 0C       		.byte	0xc
 8613 2e15 06       		.uleb128 0x6
 8614 2e16 A31C0000 		.4byte	.LASF410
 8615 2e1a 16       		.byte	0x16
 8616 2e1b D901     		.2byte	0x1d9
 8617 2e1d 0E       		.byte	0xe
 8618 2e1e AF000000 		.4byte	0xaf
 8619 2e22 10       		.byte	0x10
 8620 2e23 06       		.uleb128 0x6
 8621 2e24 51180000 		.4byte	.LASF411
 8622 2e28 16       		.byte	0x16
 8623 2e29 DA01     		.2byte	0x1da
 8624 2e2b 0E       		.byte	0xe
 8625 2e2c AF000000 		.4byte	0xaf
 8626 2e30 14       		.byte	0x14
 8627 2e31 06       		.uleb128 0x6
 8628 2e32 2C090000 		.4byte	.LASF405
 8629 2e36 16       		.byte	0x16
 8630 2e37 DB01     		.2byte	0x1db
 8631 2e39 0E       		.byte	0xe
 8632 2e3a 782E0000 		.4byte	0x2e78
 8633 2e3e 18       		.byte	0x18
 8634 2e3f 06       		.uleb128 0x6
 8635 2e40 D60C0000 		.4byte	.LASF412
 8636 2e44 16       		.byte	0x16
 8637 2e45 DC01     		.2byte	0x1dc
 8638 2e47 0E       		.byte	0xe
 8639 2e48 AF000000 		.4byte	0xaf
 8640 2e4c 2C       		.byte	0x2c
 8641 2e4d 06       		.uleb128 0x6
 8642 2e4e E00C0000 		.4byte	.LASF413
 8643 2e52 16       		.byte	0x16
 8644 2e53 DD01     		.2byte	0x1dd
 8645 2e55 0E       		.byte	0xe
 8646 2e56 AF000000 		.4byte	0xaf
 8647 2e5a 30       		.byte	0x30
 8648 2e5b 06       		.uleb128 0x6
 8649 2e5c BC0C0000 		.4byte	.LASF414
 8650 2e60 16       		.byte	0x16
 8651 2e61 DE01     		.2byte	0x1de
 8652 2e63 0E       		.byte	0xe
 8653 2e64 AF000000 		.4byte	0xaf
 8654 2e68 34       		.byte	0x34
 8655 2e69 06       		.uleb128 0x6
 8656 2e6a C6160000 		.4byte	.LASF415
 8657 2e6e 16       		.byte	0x16
 8658 2e6f DF01     		.2byte	0x1df
 8659 2e71 12       		.byte	0x12
 8660 2e72 882E0000 		.4byte	0x2e88
ARM GAS  /tmp/ccHvmxP5.s 			page 153


 8661 2e76 38       		.byte	0x38
 8662 2e77 00       		.byte	0
 8663 2e78 0D       		.uleb128 0xd
 8664 2e79 A71C0000 		.4byte	0x1ca7
 8665 2e7d 882E0000 		.4byte	0x2e88
 8666 2e81 0F       		.uleb128 0xf
 8667 2e82 7B010000 		.4byte	0x17b
 8668 2e86 13       		.byte	0x13
 8669 2e87 00       		.byte	0
 8670 2e88 0D       		.uleb128 0xd
 8671 2e89 B02D0000 		.4byte	0x2db0
 8672 2e8d 982E0000 		.4byte	0x2e98
 8673 2e91 0F       		.uleb128 0xf
 8674 2e92 7B010000 		.4byte	0x17b
 8675 2e96 07       		.byte	0x7
 8676 2e97 00       		.byte	0
 8677 2e98 2D       		.uleb128 0x2d
 8678 2e99 511A0000 		.4byte	.LASF416
 8679 2e9d 16       		.byte	0x16
 8680 2e9e E001     		.2byte	0x1e0
 8681 2ea0 05       		.byte	0x5
 8682 2ea1 CE2D0000 		.4byte	0x2dce
 8683 2ea5 6B       		.uleb128 0x6b
 8684 2ea6 05       		.byte	0x5
 8685 2ea7 01       		.byte	0x1
 8686 2ea8 3F000000 		.4byte	0x3f
 8687 2eac 16       		.byte	0x16
 8688 2ead E401     		.2byte	0x1e4
 8689 2eaf 08       		.byte	0x8
 8690 2eb0 DF2E0000 		.4byte	0x2edf
 8691 2eb4 6C       		.uleb128 0x6c
 8692 2eb5 5B100000 		.4byte	.LASF417
 8693 2eb9 00       		.byte	0
 8694 2eba 2A       		.uleb128 0x2a
 8695 2ebb 28040000 		.4byte	.LASF418
 8696 2ebf 7F       		.sleb128 -1
 8697 2ec0 2A       		.uleb128 0x2a
 8698 2ec1 5B020000 		.4byte	.LASF419
 8699 2ec5 7E       		.sleb128 -2
 8700 2ec6 2A       		.uleb128 0x2a
 8701 2ec7 32120000 		.4byte	.LASF420
 8702 2ecb 7C       		.sleb128 -4
 8703 2ecc 2A       		.uleb128 0x2a
 8704 2ecd B7000000 		.4byte	.LASF421
 8705 2ed1 78       		.sleb128 -8
 8706 2ed2 2A       		.uleb128 0x2a
 8707 2ed3 7C180000 		.4byte	.LASF422
 8708 2ed7 70       		.sleb128 -16
 8709 2ed8 2A       		.uleb128 0x2a
 8710 2ed9 AB1C0000 		.4byte	.LASF423
 8711 2edd 60       		.sleb128 -32
 8712 2ede 00       		.byte	0
 8713 2edf 21       		.uleb128 0x21
 8714 2ee0 43080000 		.4byte	.LASF424
 8715 2ee4 17       		.byte	0x17
 8716 2ee5 47       		.byte	0x47
 8717 2ee6 19       		.byte	0x19
ARM GAS  /tmp/ccHvmxP5.s 			page 154


 8718 2ee7 BB000000 		.4byte	0xbb
 8719 2eeb 21       		.uleb128 0x21
 8720 2eec 9B0E0000 		.4byte	.LASF425
 8721 2ef0 17       		.byte	0x17
 8722 2ef1 4C       		.byte	0x4c
 8723 2ef2 19       		.byte	0x19
 8724 2ef3 BB000000 		.4byte	0xbb
 8725 2ef7 0D       		.uleb128 0xd
 8726 2ef8 AD150000 		.4byte	0x15ad
 8727 2efc 072F0000 		.4byte	0x2f07
 8728 2f00 0F       		.uleb128 0xf
 8729 2f01 7B010000 		.4byte	0x17b
 8730 2f05 97       		.byte	0x97
 8731 2f06 00       		.byte	0
 8732 2f07 0E       		.uleb128 0xe
 8733 2f08 F72E0000 		.4byte	0x2ef7
 8734 2f0c 21       		.uleb128 0x21
 8735 2f0d 6F040000 		.4byte	.LASF426
 8736 2f11 17       		.byte	0x17
 8737 2f12 65       		.byte	0x65
 8738 2f13 16       		.byte	0x16
 8739 2f14 072F0000 		.4byte	0x2f07
 8740 2f18 0D       		.uleb128 0xd
 8741 2f19 AD150000 		.4byte	0x15ad
 8742 2f1d 282F0000 		.4byte	0x2f28
 8743 2f21 0F       		.uleb128 0xf
 8744 2f22 7B010000 		.4byte	0x17b
 8745 2f26 80       		.byte	0x80
 8746 2f27 00       		.byte	0
 8747 2f28 0E       		.uleb128 0xe
 8748 2f29 182F0000 		.4byte	0x2f18
 8749 2f2d 21       		.uleb128 0x21
 8750 2f2e 5A0D0000 		.4byte	.LASF427
 8751 2f32 17       		.byte	0x17
 8752 2f33 92       		.byte	0x92
 8753 2f34 16       		.byte	0x16
 8754 2f35 282F0000 		.4byte	0x2f28
 8755 2f39 0D       		.uleb128 0xd
 8756 2f3a 90000000 		.4byte	0x90
 8757 2f3e 492F0000 		.4byte	0x2f49
 8758 2f42 0F       		.uleb128 0xf
 8759 2f43 7B010000 		.4byte	0x17b
 8760 2f47 06       		.byte	0x6
 8761 2f48 00       		.byte	0
 8762 2f49 0E       		.uleb128 0xe
 8763 2f4a 392F0000 		.4byte	0x2f39
 8764 2f4e 21       		.uleb128 0x21
 8765 2f4f 401F0000 		.4byte	.LASF428
 8766 2f53 17       		.byte	0x17
 8767 2f54 C3       		.byte	0xc3
 8768 2f55 18       		.byte	0x18
 8769 2f56 492F0000 		.4byte	0x2f49
 8770 2f5a 0D       		.uleb128 0xd
 8771 2f5b AD150000 		.4byte	0x15ad
 8772 2f5f 6B2F0000 		.4byte	0x2f6b
 8773 2f63 3C       		.uleb128 0x3c
 8774 2f64 7B010000 		.4byte	0x17b
ARM GAS  /tmp/ccHvmxP5.s 			page 155


 8775 2f68 8603     		.2byte	0x386
 8776 2f6a 00       		.byte	0
 8777 2f6b 0E       		.uleb128 0xe
 8778 2f6c 5A2F0000 		.4byte	0x2f5a
 8779 2f70 21       		.uleb128 0x21
 8780 2f71 64050000 		.4byte	.LASF429
 8781 2f75 17       		.byte	0x17
 8782 2f76 C4       		.byte	0xc4
 8783 2f77 16       		.byte	0x16
 8784 2f78 6B2F0000 		.4byte	0x2f6b
 8785 2f7c 15       		.uleb128 0x15
 8786 2f7d 6E070000 		.4byte	.LASF430
 8787 2f81 17       		.byte	0x17
 8788 2f82 3001     		.2byte	0x130
 8789 2f84 18       		.byte	0x18
 8790 2f85 492F0000 		.4byte	0x2f49
 8791 2f89 15       		.uleb128 0x15
 8792 2f8a E3060000 		.4byte	.LASF431
 8793 2f8e 17       		.byte	0x17
 8794 2f8f 3101     		.2byte	0x131
 8795 2f91 16       		.byte	0x16
 8796 2f92 6B2F0000 		.4byte	0x2f6b
 8797 2f96 15       		.uleb128 0x15
 8798 2f97 59180000 		.4byte	.LASF432
 8799 2f9b 17       		.byte	0x17
 8800 2f9c 9F01     		.2byte	0x19f
 8801 2f9e 18       		.byte	0x18
 8802 2f9f 492F0000 		.4byte	0x2f49
 8803 2fa3 15       		.uleb128 0x15
 8804 2fa4 571C0000 		.4byte	.LASF433
 8805 2fa8 17       		.byte	0x17
 8806 2fa9 A001     		.2byte	0x1a0
 8807 2fab 16       		.byte	0x16
 8808 2fac 6B2F0000 		.4byte	0x2f6b
 8809 2fb0 0D       		.uleb128 0xd
 8810 2fb1 C92D0000 		.4byte	0x2dc9
 8811 2fb5 C02F0000 		.4byte	0x2fc0
 8812 2fb9 0F       		.uleb128 0xf
 8813 2fba 7B010000 		.4byte	0x17b
 8814 2fbe 0F       		.byte	0xf
 8815 2fbf 00       		.byte	0
 8816 2fc0 0E       		.uleb128 0xe
 8817 2fc1 B02F0000 		.4byte	0x2fb0
 8818 2fc5 15       		.uleb128 0x15
 8819 2fc6 81150000 		.4byte	.LASF434
 8820 2fca 17       		.byte	0x17
 8821 2fcb 0502     		.2byte	0x205
 8822 2fcd 1E       		.byte	0x1e
 8823 2fce C02F0000 		.4byte	0x2fc0
 8824 2fd2 15       		.uleb128 0x15
 8825 2fd3 88150000 		.4byte	.LASF435
 8826 2fd7 17       		.byte	0x17
 8827 2fd8 0902     		.2byte	0x209
 8828 2fda 1E       		.byte	0x1e
 8829 2fdb C02F0000 		.4byte	0x2fc0
 8830 2fdf 0D       		.uleb128 0xd
 8831 2fe0 C92D0000 		.4byte	0x2dc9
ARM GAS  /tmp/ccHvmxP5.s 			page 156


 8832 2fe4 EF2F0000 		.4byte	0x2fef
 8833 2fe8 0F       		.uleb128 0xf
 8834 2fe9 7B010000 		.4byte	0x17b
 8835 2fed 0D       		.byte	0xd
 8836 2fee 00       		.byte	0
 8837 2fef 0E       		.uleb128 0xe
 8838 2ff0 DF2F0000 		.4byte	0x2fdf
 8839 2ff4 15       		.uleb128 0x15
 8840 2ff5 8F150000 		.4byte	.LASF436
 8841 2ff9 17       		.byte	0x17
 8842 2ffa 0D02     		.2byte	0x20d
 8843 2ffc 1E       		.byte	0x1e
 8844 2ffd EF2F0000 		.4byte	0x2fef
 8845 3001 0D       		.uleb128 0xd
 8846 3002 C92D0000 		.4byte	0x2dc9
 8847 3006 11300000 		.4byte	0x3011
 8848 300a 0F       		.uleb128 0xf
 8849 300b 7B010000 		.4byte	0x17b
 8850 300f 0C       		.byte	0xc
 8851 3010 00       		.byte	0
 8852 3011 0E       		.uleb128 0xe
 8853 3012 01300000 		.4byte	0x3001
 8854 3016 15       		.uleb128 0x15
 8855 3017 96150000 		.4byte	.LASF437
 8856 301b 17       		.byte	0x17
 8857 301c 1102     		.2byte	0x211
 8858 301e 1E       		.byte	0x1e
 8859 301f 11300000 		.4byte	0x3011
 8860 3023 0D       		.uleb128 0xd
 8861 3024 C92D0000 		.4byte	0x2dc9
 8862 3028 33300000 		.4byte	0x3033
 8863 302c 0F       		.uleb128 0xf
 8864 302d 7B010000 		.4byte	0x17b
 8865 3031 0E       		.byte	0xe
 8866 3032 00       		.byte	0
 8867 3033 0E       		.uleb128 0xe
 8868 3034 23300000 		.4byte	0x3023
 8869 3038 15       		.uleb128 0x15
 8870 3039 9D150000 		.4byte	.LASF438
 8871 303d 17       		.byte	0x17
 8872 303e 1502     		.2byte	0x215
 8873 3040 1E       		.byte	0x1e
 8874 3041 33300000 		.4byte	0x3033
 8875 3045 15       		.uleb128 0x15
 8876 3046 A4150000 		.4byte	.LASF439
 8877 304a 17       		.byte	0x17
 8878 304b 1902     		.2byte	0x219
 8879 304d 1E       		.byte	0x1e
 8880 304e C02F0000 		.4byte	0x2fc0
 8881 3052 0D       		.uleb128 0xd
 8882 3053 AD150000 		.4byte	0x15ad
 8883 3057 63300000 		.4byte	0x3063
 8884 305b 3C       		.uleb128 0x3c
 8885 305c 7B010000 		.4byte	0x17b
 8886 3060 0001     		.2byte	0x100
 8887 3062 00       		.byte	0
 8888 3063 0E       		.uleb128 0xe
ARM GAS  /tmp/ccHvmxP5.s 			page 157


 8889 3064 52300000 		.4byte	0x3052
 8890 3068 15       		.uleb128 0x15
 8891 3069 41130000 		.4byte	.LASF440
 8892 306d 17       		.byte	0x17
 8893 306e 3D02     		.2byte	0x23d
 8894 3070 16       		.byte	0x16
 8895 3071 63300000 		.4byte	0x3063
 8896 3075 15       		.uleb128 0x15
 8897 3076 95120000 		.4byte	.LASF441
 8898 307a 17       		.byte	0x17
 8899 307b 5402     		.2byte	0x254
 8900 307d 16       		.byte	0x16
 8901 307e 63300000 		.4byte	0x3063
 8902 3082 15       		.uleb128 0x15
 8903 3083 F5170000 		.4byte	.LASF442
 8904 3087 17       		.byte	0x17
 8905 3088 6C02     		.2byte	0x26c
 8906 308a 16       		.byte	0x16
 8907 308b 63300000 		.4byte	0x3063
 8908 308f 15       		.uleb128 0x15
 8909 3090 B6120000 		.4byte	.LASF443
 8910 3094 17       		.byte	0x17
 8911 3095 9B02     		.2byte	0x29b
 8912 3097 16       		.byte	0x16
 8913 3098 282F0000 		.4byte	0x2f28
 8914 309c 15       		.uleb128 0x15
 8915 309d EA1C0000 		.4byte	.LASF444
 8916 30a1 17       		.byte	0x17
 8917 30a2 B002     		.2byte	0x2b0
 8918 30a4 16       		.byte	0x16
 8919 30a5 282F0000 		.4byte	0x2f28
 8920 30a9 15       		.uleb128 0x15
 8921 30aa 40090000 		.4byte	.LASF445
 8922 30ae 17       		.byte	0x17
 8923 30af CD02     		.2byte	0x2cd
 8924 30b1 16       		.byte	0x16
 8925 30b2 282F0000 		.4byte	0x2f28
 8926 30b6 21       		.uleb128 0x21
 8927 30b7 8E040000 		.4byte	.LASF446
 8928 30bb 18       		.byte	0x18
 8929 30bc 47       		.byte	0x47
 8930 30bd 19       		.byte	0x19
 8931 30be BB000000 		.4byte	0xbb
 8932 30c2 21       		.uleb128 0x21
 8933 30c3 000A0000 		.4byte	.LASF447
 8934 30c7 18       		.byte	0x18
 8935 30c8 4C       		.byte	0x4c
 8936 30c9 19       		.byte	0x19
 8937 30ca BB000000 		.4byte	0xbb
 8938 30ce 15       		.uleb128 0x15
 8939 30cf 18070000 		.4byte	.LASF448
 8940 30d3 18       		.byte	0x18
 8941 30d4 0201     		.2byte	0x102
 8942 30d6 16       		.byte	0x16
 8943 30d7 63300000 		.4byte	0x3063
 8944 30db 28       		.uleb128 0x28
 8945 30dc 96020000 		.4byte	.LASF449
ARM GAS  /tmp/ccHvmxP5.s 			page 158


 8946 30e0 08       		.byte	0x8
 8947 30e1 19       		.byte	0x19
 8948 30e2 68       		.byte	0x68
 8949 30e3 12       		.byte	0x12
 8950 30e4 3D310000 		.4byte	0x313d
 8951 30e8 04       		.uleb128 0x4
 8952 30e9 0A1F0000 		.4byte	.LASF450
 8953 30ed 19       		.byte	0x19
 8954 30ee 69       		.byte	0x69
 8955 30ef 0D       		.byte	0xd
 8956 30f0 84000000 		.4byte	0x84
 8957 30f4 00       		.byte	0
 8958 30f5 4D       		.uleb128 0x4d
 8959 30f6 47070000 		.4byte	.LASF451
 8960 30fa 19       		.byte	0x19
 8961 30fb 6A       		.byte	0x6a
 8962 30fc 0D       		.byte	0xd
 8963 30fd 84000000 		.4byte	0x84
 8964 3101 01       		.byte	0x1
 8965 3102 07       		.byte	0x7
 8966 3103 01       		.byte	0x1
 8967 3104 01       		.byte	0x1
 8968 3105 4D       		.uleb128 0x4d
 8969 3106 2D0C0000 		.4byte	.LASF452
 8970 310a 19       		.byte	0x19
 8971 310b 6B       		.byte	0x6b
 8972 310c 0D       		.byte	0xd
 8973 310d 84000000 		.4byte	0x84
 8974 3111 01       		.byte	0x1
 8975 3112 01       		.byte	0x1
 8976 3113 00       		.byte	0
 8977 3114 01       		.byte	0x1
 8978 3115 11       		.uleb128 0x11
 8979 3116 6D696E00 		.ascii	"min\000"
 8980 311a 19       		.byte	0x19
 8981 311b 6C       		.byte	0x6c
 8982 311c 0D       		.byte	0xd
 8983 311d 46000000 		.4byte	0x46
 8984 3121 02       		.byte	0x2
 8985 3122 11       		.uleb128 0x11
 8986 3123 6D617800 		.ascii	"max\000"
 8987 3127 19       		.byte	0x19
 8988 3128 6D       		.byte	0x6d
 8989 3129 0D       		.byte	0xd
 8990 312a 46000000 		.4byte	0x46
 8991 312e 04       		.byte	0x4
 8992 312f 04       		.uleb128 0x4
 8993 3130 C2080000 		.4byte	.LASF453
 8994 3134 19       		.byte	0x19
 8995 3135 6E       		.byte	0x6e
 8996 3136 0D       		.byte	0xd
 8997 3137 46000000 		.4byte	0x46
 8998 313b 06       		.byte	0x6
 8999 313c 00       		.byte	0
 9000 313d 08       		.uleb128 0x8
 9001 313e 9B070000 		.4byte	.LASF454
 9002 3142 19       		.byte	0x19
ARM GAS  /tmp/ccHvmxP5.s 			page 159


 9003 3143 6F       		.byte	0x6f
 9004 3144 05       		.byte	0x5
 9005 3145 DB300000 		.4byte	0x30db
 9006 3149 37       		.uleb128 0x37
 9007 314a 45100000 		.4byte	.LASF455
 9008 314e 7801     		.2byte	0x178
 9009 3150 19       		.byte	0x19
 9010 3151 73       		.byte	0x73
 9011 3152 12       		.byte	0x12
 9012 3153 73310000 		.4byte	0x3173
 9013 3157 04       		.uleb128 0x4
 9014 3158 8E0D0000 		.4byte	.LASF456
 9015 315c 19       		.byte	0x19
 9016 315d 74       		.byte	0x74
 9017 315e 13       		.byte	0x13
 9018 315f 982E0000 		.4byte	0x2e98
 9019 3163 00       		.byte	0
 9020 3164 38       		.uleb128 0x38
 9021 3165 CA0F0000 		.4byte	.LASF457
 9022 3169 19       		.byte	0x19
 9023 316a 75       		.byte	0x75
 9024 316b 1F       		.byte	0x1f
 9025 316c 73310000 		.4byte	0x3173
 9026 3170 3801     		.2byte	0x138
 9027 3172 00       		.byte	0
 9028 3173 0D       		.uleb128 0xd
 9029 3174 3D310000 		.4byte	0x313d
 9030 3178 83310000 		.4byte	0x3183
 9031 317c 0F       		.uleb128 0xf
 9032 317d 7B010000 		.4byte	0x17b
 9033 3181 07       		.byte	0x7
 9034 3182 00       		.byte	0
 9035 3183 08       		.uleb128 0x8
 9036 3184 36190000 		.4byte	.LASF458
 9037 3188 19       		.byte	0x19
 9038 3189 76       		.byte	0x76
 9039 318a 05       		.byte	0x5
 9040 318b 49310000 		.4byte	0x3149
 9041 318f 0E       		.uleb128 0xe
 9042 3190 83310000 		.4byte	0x3183
 9043 3194 21       		.uleb128 0x21
 9044 3195 A91E0000 		.4byte	.LASF407
 9045 3199 19       		.byte	0x19
 9046 319a 79       		.byte	0x79
 9047 319b 28       		.byte	0x28
 9048 319c 8F310000 		.4byte	0x318f
 9049 31a0 0A       		.uleb128 0xa
 9050 31a1 CA1A0000 		.4byte	.LASF459
 9051 31a5 14       		.byte	0x14
 9052 31a6 4C       		.byte	0x4c
 9053 31a7 05       		.byte	0x5
 9054 31a8 2C000000 		.4byte	0x2c
 9055 31ac B6310000 		.4byte	0x31b6
 9056 31b0 01       		.uleb128 0x1
 9057 31b1 56180000 		.4byte	0x1856
 9058 31b5 00       		.byte	0
 9059 31b6 0A       		.uleb128 0xa
ARM GAS  /tmp/ccHvmxP5.s 			page 160


 9060 31b7 23040000 		.4byte	.LASF460
 9061 31bb 14       		.byte	0x14
 9062 31bc 4D       		.byte	0x4d
 9063 31bd 08       		.byte	0x8
 9064 31be A6150000 		.4byte	0x15a6
 9065 31c2 CC310000 		.4byte	0x31cc
 9066 31c6 01       		.uleb128 0x1
 9067 31c7 D71C0000 		.4byte	0x1cd7
 9068 31cb 00       		.byte	0
 9069 31cc 0A       		.uleb128 0xa
 9070 31cd 64030000 		.4byte	.LASF461
 9071 31d1 14       		.byte	0x14
 9072 31d2 51       		.byte	0x51
 9073 31d3 05       		.byte	0x5
 9074 31d4 2C000000 		.4byte	0x2c
 9075 31d8 E2310000 		.4byte	0x31e2
 9076 31dc 01       		.uleb128 0x1
 9077 31dd D71C0000 		.4byte	0x1cd7
 9078 31e1 00       		.byte	0
 9079 31e2 0A       		.uleb128 0xa
 9080 31e3 4D040000 		.4byte	.LASF462
 9081 31e7 14       		.byte	0x14
 9082 31e8 53       		.byte	0x53
 9083 31e9 06       		.byte	0x6
 9084 31ea 6A000000 		.4byte	0x6a
 9085 31ee F8310000 		.4byte	0x31f8
 9086 31f2 01       		.uleb128 0x1
 9087 31f3 D71C0000 		.4byte	0x1cd7
 9088 31f7 00       		.byte	0
 9089 31f8 0A       		.uleb128 0xa
 9090 31f9 4E160000 		.4byte	.LASF463
 9091 31fd 14       		.byte	0x14
 9092 31fe 55       		.byte	0x55
 9093 31ff 08       		.byte	0x8
 9094 3200 8F160000 		.4byte	0x168f
 9095 3204 22320000 		.4byte	0x3222
 9096 3208 01       		.uleb128 0x1
 9097 3209 791F0000 		.4byte	0x1f79
 9098 320d 01       		.uleb128 0x1
 9099 320e 791F0000 		.4byte	0x1f79
 9100 3212 01       		.uleb128 0x1
 9101 3213 B2150000 		.4byte	0x15b2
 9102 3217 01       		.uleb128 0x1
 9103 3218 B2150000 		.4byte	0x15b2
 9104 321c 01       		.uleb128 0x1
 9105 321d 531F0000 		.4byte	0x1f53
 9106 3221 00       		.byte	0
 9107 3222 25       		.uleb128 0x25
 9108 3223 64697600 		.ascii	"div\000"
 9109 3227 14       		.byte	0x14
 9110 3228 5C       		.byte	0x5c
 9111 3229 07       		.byte	0x7
 9112 322a DF1E0000 		.4byte	0x1edf
 9113 322e 3D320000 		.4byte	0x323d
 9114 3232 01       		.uleb128 0x1
 9115 3233 2C000000 		.4byte	0x2c
 9116 3237 01       		.uleb128 0x1
ARM GAS  /tmp/ccHvmxP5.s 			page 161


 9117 3238 2C000000 		.4byte	0x2c
 9118 323c 00       		.byte	0
 9119 323d 0A       		.uleb128 0xa
 9120 323e 890E0000 		.4byte	.LASF464
 9121 3242 14       		.byte	0x14
 9122 3243 5F       		.byte	0x5f
 9123 3244 09       		.byte	0x9
 9124 3245 A11C0000 		.4byte	0x1ca1
 9125 3249 53320000 		.4byte	0x3253
 9126 324d 01       		.uleb128 0x1
 9127 324e D71C0000 		.4byte	0x1cd7
 9128 3252 00       		.byte	0
 9129 3253 0A       		.uleb128 0xa
 9130 3254 F2080000 		.4byte	.LASF465
 9131 3258 14       		.byte	0x14
 9132 3259 6B       		.byte	0x6b
 9133 325a 08       		.byte	0x8
 9134 325b 131F0000 		.4byte	0x1f13
 9135 325f 6E320000 		.4byte	0x326e
 9136 3263 01       		.uleb128 0x1
 9137 3264 6A000000 		.4byte	0x6a
 9138 3268 01       		.uleb128 0x1
 9139 3269 6A000000 		.4byte	0x6a
 9140 326d 00       		.byte	0
 9141 326e 0A       		.uleb128 0xa
 9142 326f C60A0000 		.4byte	.LASF466
 9143 3273 14       		.byte	0x14
 9144 3274 6D       		.byte	0x6d
 9145 3275 05       		.byte	0x5
 9146 3276 2C000000 		.4byte	0x2c
 9147 327a 89320000 		.4byte	0x3289
 9148 327e 01       		.uleb128 0x1
 9149 327f D71C0000 		.4byte	0x1cd7
 9150 3283 01       		.uleb128 0x1
 9151 3284 B2150000 		.4byte	0x15b2
 9152 3288 00       		.byte	0
 9153 3289 0A       		.uleb128 0xa
 9154 328a C31C0000 		.4byte	.LASF467
 9155 328e 14       		.byte	0x14
 9156 328f 73       		.byte	0x73
 9157 3290 08       		.byte	0x8
 9158 3291 B2150000 		.4byte	0x15b2
 9159 3295 A9320000 		.4byte	0x32a9
 9160 3299 01       		.uleb128 0x1
 9161 329a A9320000 		.4byte	0x32a9
 9162 329e 01       		.uleb128 0x1
 9163 329f D71C0000 		.4byte	0x1cd7
 9164 32a3 01       		.uleb128 0x1
 9165 32a4 B2150000 		.4byte	0x15b2
 9166 32a8 00       		.byte	0
 9167 32a9 09       		.uleb128 0x9
 9168 32aa 04       		.byte	0x4
 9169 32ab AF320000 		.4byte	0x32af
 9170 32af 19       		.uleb128 0x19
 9171 32b0 04       		.byte	0x4
 9172 32b1 07       		.byte	0x7
 9173 32b2 861F0000 		.4byte	.LASF468
ARM GAS  /tmp/ccHvmxP5.s 			page 162


 9174 32b6 0E       		.uleb128 0xe
 9175 32b7 AF320000 		.4byte	0x32af
 9176 32bb 0A       		.uleb128 0xa
 9177 32bc 99110000 		.4byte	.LASF469
 9178 32c0 14       		.byte	0x14
 9179 32c1 6F       		.byte	0x6f
 9180 32c2 05       		.byte	0x5
 9181 32c3 2C000000 		.4byte	0x2c
 9182 32c7 DB320000 		.4byte	0x32db
 9183 32cb 01       		.uleb128 0x1
 9184 32cc A9320000 		.4byte	0x32a9
 9185 32d0 01       		.uleb128 0x1
 9186 32d1 D71C0000 		.4byte	0x1cd7
 9187 32d5 01       		.uleb128 0x1
 9188 32d6 B2150000 		.4byte	0x15b2
 9189 32da 00       		.byte	0
 9190 32db 4E       		.uleb128 0x4e
 9191 32dc 4D150000 		.4byte	.LASF470
 9192 32e0 14       		.byte	0x14
 9193 32e1 8F       		.byte	0x8f
 9194 32e2 06       		.byte	0x6
 9195 32e3 FC320000 		.4byte	0x32fc
 9196 32e7 01       		.uleb128 0x1
 9197 32e8 8F160000 		.4byte	0x168f
 9198 32ec 01       		.uleb128 0x1
 9199 32ed B2150000 		.4byte	0x15b2
 9200 32f1 01       		.uleb128 0x1
 9201 32f2 B2150000 		.4byte	0x15b2
 9202 32f6 01       		.uleb128 0x1
 9203 32f7 531F0000 		.4byte	0x1f53
 9204 32fb 00       		.byte	0
 9205 32fc 6D       		.uleb128 0x6d
 9206 32fd 91050000 		.4byte	.LASF651
 9207 3301 14       		.byte	0x14
 9208 3302 90       		.byte	0x90
 9209 3303 05       		.byte	0x5
 9210 3304 2C000000 		.4byte	0x2c
 9211 3308 4E       		.uleb128 0x4e
 9212 3309 DE1B0000 		.4byte	.LASF471
 9213 330d 14       		.byte	0x14
 9214 330e 9F       		.byte	0x9f
 9215 330f 06       		.byte	0x6
 9216 3310 1A330000 		.4byte	0x331a
 9217 3314 01       		.uleb128 0x1
 9218 3315 7B010000 		.4byte	0x17b
 9219 3319 00       		.byte	0
 9220 331a 0A       		.uleb128 0xa
 9221 331b F1190000 		.4byte	.LASF472
 9222 331f 14       		.byte	0x14
 9223 3320 A0       		.byte	0xa0
 9224 3321 08       		.byte	0x8
 9225 3322 A6150000 		.4byte	0x15a6
 9226 3326 35330000 		.4byte	0x3335
 9227 332a 01       		.uleb128 0x1
 9228 332b D71C0000 		.4byte	0x1cd7
 9229 332f 01       		.uleb128 0x1
 9230 3330 35330000 		.4byte	0x3335
ARM GAS  /tmp/ccHvmxP5.s 			page 163


 9231 3334 00       		.byte	0
 9232 3335 09       		.uleb128 0x9
 9233 3336 04       		.byte	0x4
 9234 3337 A11C0000 		.4byte	0x1ca1
 9235 333b 0A       		.uleb128 0xa
 9236 333c 131A0000 		.4byte	.LASF473
 9237 3340 14       		.byte	0x14
 9238 3341 AB       		.byte	0xab
 9239 3342 06       		.byte	0x6
 9240 3343 6A000000 		.4byte	0x6a
 9241 3347 5B330000 		.4byte	0x335b
 9242 334b 01       		.uleb128 0x1
 9243 334c D71C0000 		.4byte	0x1cd7
 9244 3350 01       		.uleb128 0x1
 9245 3351 35330000 		.4byte	0x3335
 9246 3355 01       		.uleb128 0x1
 9247 3356 2C000000 		.4byte	0x2c
 9248 335a 00       		.byte	0
 9249 335b 0A       		.uleb128 0xa
 9250 335c EA0C0000 		.4byte	.LASF474
 9251 3360 14       		.byte	0x14
 9252 3361 AD       		.byte	0xad
 9253 3362 0F       		.byte	0xf
 9254 3363 C0000000 		.4byte	0xc0
 9255 3367 7B330000 		.4byte	0x337b
 9256 336b 01       		.uleb128 0x1
 9257 336c D71C0000 		.4byte	0x1cd7
 9258 3370 01       		.uleb128 0x1
 9259 3371 35330000 		.4byte	0x3335
 9260 3375 01       		.uleb128 0x1
 9261 3376 2C000000 		.4byte	0x2c
 9262 337a 00       		.byte	0
 9263 337b 0A       		.uleb128 0xa
 9264 337c D6060000 		.4byte	.LASF475
 9265 3380 14       		.byte	0x14
 9266 3381 BF       		.byte	0xbf
 9267 3382 05       		.byte	0x5
 9268 3383 2C000000 		.4byte	0x2c
 9269 3387 91330000 		.4byte	0x3391
 9270 338b 01       		.uleb128 0x1
 9271 338c D71C0000 		.4byte	0x1cd7
 9272 3390 00       		.byte	0
 9273 3391 0A       		.uleb128 0xa
 9274 3392 C10F0000 		.4byte	.LASF476
 9275 3396 14       		.byte	0x14
 9276 3397 75       		.byte	0x75
 9277 3398 08       		.byte	0x8
 9278 3399 B2150000 		.4byte	0x15b2
 9279 339d B1330000 		.4byte	0x33b1
 9280 33a1 01       		.uleb128 0x1
 9281 33a2 A11C0000 		.4byte	0x1ca1
 9282 33a6 01       		.uleb128 0x1
 9283 33a7 B1330000 		.4byte	0x33b1
 9284 33ab 01       		.uleb128 0x1
 9285 33ac B2150000 		.4byte	0x15b2
 9286 33b0 00       		.byte	0
 9287 33b1 09       		.uleb128 0x9
ARM GAS  /tmp/ccHvmxP5.s 			page 164


 9288 33b2 04       		.byte	0x4
 9289 33b3 B6320000 		.4byte	0x32b6
 9290 33b7 0A       		.uleb128 0xa
 9291 33b8 26050000 		.4byte	.LASF477
 9292 33bc 14       		.byte	0x14
 9293 33bd 71       		.byte	0x71
 9294 33be 05       		.byte	0x5
 9295 33bf 2C000000 		.4byte	0x2c
 9296 33c3 D2330000 		.4byte	0x33d2
 9297 33c7 01       		.uleb128 0x1
 9298 33c8 A11C0000 		.4byte	0x1ca1
 9299 33cc 01       		.uleb128 0x1
 9300 33cd AF320000 		.4byte	0x32af
 9301 33d1 00       		.byte	0
 9302 33d2 0B       		.uleb128 0xb
 9303 33d3 D1010000 		.4byte	.LASF478
 9304 33d7 14       		.byte	0x14
 9305 33d8 0C01     		.2byte	0x10c
 9306 33da 09       		.byte	0x9
 9307 33db 471F0000 		.4byte	0x1f47
 9308 33df EE330000 		.4byte	0x33ee
 9309 33e3 01       		.uleb128 0x1
 9310 33e4 7D000000 		.4byte	0x7d
 9311 33e8 01       		.uleb128 0x1
 9312 33e9 7D000000 		.4byte	0x7d
 9313 33ed 00       		.byte	0
 9314 33ee 0B       		.uleb128 0xb
 9315 33ef 9B030000 		.4byte	.LASF479
 9316 33f3 14       		.byte	0x14
 9317 33f4 0701     		.2byte	0x107
 9318 33f6 0B       		.byte	0xb
 9319 33f7 7D000000 		.4byte	0x7d
 9320 33fb 05340000 		.4byte	0x3405
 9321 33ff 01       		.uleb128 0x1
 9322 3400 D71C0000 		.4byte	0x1cd7
 9323 3404 00       		.byte	0
 9324 3405 0B       		.uleb128 0xb
 9325 3406 53020000 		.4byte	.LASF480
 9326 340a 14       		.byte	0x14
 9327 340b 0D01     		.2byte	0x10d
 9328 340d 0B       		.byte	0xb
 9329 340e 7D000000 		.4byte	0x7d
 9330 3412 26340000 		.4byte	0x3426
 9331 3416 01       		.uleb128 0x1
 9332 3417 D71C0000 		.4byte	0x1cd7
 9333 341b 01       		.uleb128 0x1
 9334 341c 35330000 		.4byte	0x3335
 9335 3420 01       		.uleb128 0x1
 9336 3421 2C000000 		.4byte	0x2c
 9337 3425 00       		.byte	0
 9338 3426 0B       		.uleb128 0xb
 9339 3427 44150000 		.4byte	.LASF481
 9340 342b 14       		.byte	0x14
 9341 342c 1101     		.2byte	0x111
 9342 342e 14       		.byte	0x14
 9343 342f D3000000 		.4byte	0xd3
 9344 3433 47340000 		.4byte	0x3447
ARM GAS  /tmp/ccHvmxP5.s 			page 165


 9345 3437 01       		.uleb128 0x1
 9346 3438 D71C0000 		.4byte	0x1cd7
 9347 343c 01       		.uleb128 0x1
 9348 343d 35330000 		.4byte	0x3335
 9349 3441 01       		.uleb128 0x1
 9350 3442 2C000000 		.4byte	0x2c
 9351 3446 00       		.byte	0
 9352 3447 0A       		.uleb128 0xa
 9353 3448 F8190000 		.4byte	.LASF482
 9354 344c 14       		.byte	0x14
 9355 344d A3       		.byte	0xa3
 9356 344e 07       		.byte	0x7
 9357 344f 25000000 		.4byte	0x25
 9358 3453 62340000 		.4byte	0x3462
 9359 3457 01       		.uleb128 0x1
 9360 3458 D71C0000 		.4byte	0x1cd7
 9361 345c 01       		.uleb128 0x1
 9362 345d 35330000 		.4byte	0x3335
 9363 3461 00       		.byte	0
 9364 3462 0B       		.uleb128 0xb
 9365 3463 2E190000 		.4byte	.LASF483
 9366 3467 14       		.byte	0x14
 9367 3468 4401     		.2byte	0x144
 9368 346a 14       		.byte	0x14
 9369 346b 9F150000 		.4byte	0x159f
 9370 346f 7E340000 		.4byte	0x347e
 9371 3473 01       		.uleb128 0x1
 9372 3474 D71C0000 		.4byte	0x1cd7
 9373 3478 01       		.uleb128 0x1
 9374 3479 35330000 		.4byte	0x3335
 9375 347d 00       		.byte	0
 9376 347e 0D       		.uleb128 0xd
 9377 347f D71C0000 		.4byte	0x1cd7
 9378 3483 8E340000 		.4byte	0x348e
 9379 3487 0F       		.uleb128 0xf
 9380 3488 7B010000 		.4byte	0x17b
 9381 348c 0A       		.byte	0xa
 9382 348d 00       		.byte	0
 9383 348e 3D       		.uleb128 0x3d
 9384 348f 571F0000 		.4byte	.LASF594
 9385 3493 04       		.byte	0x4
 9386 3494 25       		.byte	0x25
 9387 3495 14       		.byte	0x14
 9388 3496 7E340000 		.4byte	0x347e
 9389 349a 4F       		.uleb128 0x4f
 9390 349b 3A180000 		.4byte	.LASF484
 9391 349f 04       		.byte	0x4
 9392 34a0 3E       		.byte	0x3e
 9393 34a1 19       		.byte	0x19
 9394 34a2 AD150000 		.4byte	0x15ad
 9395 34a6 04       		.byte	0x4
 9396 34a7 00803B47 		.4byte	0x473b8000
 9397 34ab 6E       		.uleb128 0x6e
 9398 34ac 4F1D0000 		.4byte	.LASF485
 9399 34b0 04       		.byte	0x4
 9400 34b1 3F       		.byte	0x3f
 9401 34b2 19       		.byte	0x19
ARM GAS  /tmp/ccHvmxP5.s 			page 166


 9402 34b3 BE150000 		.4byte	0x15be
 9403 34b7 04       		.byte	0x4
 9404 34b8 6F       		.uleb128 0x6f
 9405 34b9 AE120000 		.4byte	.LASF486
 9406 34bd 04       		.byte	0x4
 9407 34be 40       		.byte	0x40
 9408 34bf 19       		.byte	0x19
 9409 34c0 BE150000 		.4byte	0x15be
 9410 34c4 00EE0200 		.4byte	0x2ee00
 9411 34c8 70       		.uleb128 0x70
 9412 34c9 6B506900 		.ascii	"kPi\000"
 9413 34cd 04       		.byte	0x4
 9414 34ce 41       		.byte	0x41
 9415 34cf 19       		.byte	0x19
 9416 34d0 AD150000 		.4byte	0x15ad
 9417 34d4 04       		.byte	0x4
 9418 34d5 DB0F4940 		.4byte	0x40490fdb
 9419 34d9 4F       		.uleb128 0x4f
 9420 34da 411D0000 		.4byte	.LASF487
 9421 34de 04       		.byte	0x4
 9422 34df 42       		.byte	0x42
 9423 34e0 19       		.byte	0x19
 9424 34e1 AD150000 		.4byte	0x15ad
 9425 34e5 04       		.byte	0x4
 9426 34e6 DB0FC940 		.4byte	0x40c90fdb
 9427 34ea 50       		.uleb128 0x50
 9428 34eb CD060000 		.4byte	.LASF488
 9429 34ef 04       		.byte	0x4
 9430 34f0 47       		.byte	0x47
 9431 34f1 16       		.byte	0x16
 9432 34f2 46010000 		.4byte	0x146
 9433 34f6 0004     		.2byte	0x400
 9434 34f8 50       		.uleb128 0x50
 9435 34f9 E9150000 		.4byte	.LASF489
 9436 34fd 04       		.byte	0x4
 9437 34fe 48       		.byte	0x48
 9438 34ff 16       		.byte	0x16
 9439 3500 46010000 		.4byte	0x146
 9440 3504 0004     		.2byte	0x400
 9441 3506 0D       		.uleb128 0xd
 9442 3507 25000000 		.4byte	0x25
 9443 350b 17350000 		.4byte	0x3517
 9444 350f 3C       		.uleb128 0x3c
 9445 3510 7B010000 		.4byte	0x17b
 9446 3514 FF03     		.2byte	0x3ff
 9447 3516 00       		.byte	0
 9448 3517 21       		.uleb128 0x21
 9449 3518 E6170000 		.4byte	.LASF490
 9450 351c 04       		.byte	0x4
 9451 351d 49       		.byte	0x49
 9452 351e 0E       		.byte	0xe
 9453 351f 06350000 		.4byte	0x3506
 9454 3523 21       		.uleb128 0x21
 9455 3524 B8080000 		.4byte	.LASF491
 9456 3528 04       		.byte	0x4
 9457 3529 4A       		.byte	0x4a
 9458 352a 0E       		.byte	0xe
ARM GAS  /tmp/ccHvmxP5.s 			page 167


 9459 352b 06350000 		.4byte	0x3506
 9460 352f 0A       		.uleb128 0xa
 9461 3530 BD100000 		.4byte	.LASF492
 9462 3534 1A       		.byte	0x1a
 9463 3535 25       		.byte	0x25
 9464 3536 06       		.byte	0x6
 9465 3537 2C000000 		.4byte	0x2c
 9466 353b 4A350000 		.4byte	0x354a
 9467 353f 01       		.uleb128 0x1
 9468 3540 D71C0000 		.4byte	0x1cd7
 9469 3544 01       		.uleb128 0x1
 9470 3545 D71C0000 		.4byte	0x1cd7
 9471 3549 00       		.byte	0
 9472 354a 0A       		.uleb128 0xa
 9473 354b 5D120000 		.4byte	.LASF493
 9474 354f 1A       		.byte	0x1a
 9475 3550 28       		.byte	0x28
 9476 3551 08       		.byte	0x8
 9477 3552 A11C0000 		.4byte	0x1ca1
 9478 3556 60350000 		.4byte	0x3560
 9479 355a 01       		.uleb128 0x1
 9480 355b 2C000000 		.4byte	0x2c
 9481 355f 00       		.byte	0
 9482 3560 0A       		.uleb128 0xa
 9483 3561 0C1A0000 		.4byte	.LASF494
 9484 3565 1A       		.byte	0x1a
 9485 3566 32       		.byte	0x32
 9486 3567 08       		.byte	0x8
 9487 3568 A11C0000 		.4byte	0x1ca1
 9488 356c 7B350000 		.4byte	0x357b
 9489 3570 01       		.uleb128 0x1
 9490 3571 A11C0000 		.4byte	0x1ca1
 9491 3575 01       		.uleb128 0x1
 9492 3576 D71C0000 		.4byte	0x1cd7
 9493 357a 00       		.byte	0
 9494 357b 0A       		.uleb128 0xa
 9495 357c 7C100000 		.4byte	.LASF495
 9496 3580 1A       		.byte	0x1a
 9497 3581 34       		.byte	0x34
 9498 3582 09       		.byte	0x9
 9499 3583 B2150000 		.4byte	0x15b2
 9500 3587 9B350000 		.4byte	0x359b
 9501 358b 01       		.uleb128 0x1
 9502 358c A11C0000 		.4byte	0x1ca1
 9503 3590 01       		.uleb128 0x1
 9504 3591 D71C0000 		.4byte	0x1cd7
 9505 3595 01       		.uleb128 0x1
 9506 3596 B2150000 		.4byte	0x15b2
 9507 359a 00       		.byte	0
 9508 359b 34       		.uleb128 0x34
 9509 359c 1A0E0000 		.4byte	.LASF499
 9510 35a0 0C       		.byte	0xc
 9511 35a1 01       		.byte	0x1
 9512 35a2 0A       		.byte	0xa
 9513 35a3 07       		.byte	0x7
 9514 35a4 BA360000 		.4byte	0x36ba
 9515 35a8 1D       		.uleb128 0x1d
ARM GAS  /tmp/ccHvmxP5.s 			page 168


 9516 35a9 1A0E0000 		.4byte	.LASF499
 9517 35ad 01       		.byte	0x1
 9518 35ae 0C       		.byte	0xc
 9519 35af 03       		.byte	0x3
 9520 35b0 2D100000 		.4byte	.LASF501
 9521 35b4 BF360000 		.4byte	0x36bf
 9522 35b8 01       		.byte	0x1
 9523 35b9 C1350000 		.4byte	0x35c1
 9524 35bd C7350000 		.4byte	0x35c7
 9525 35c1 0C       		.uleb128 0xc
 9526 35c2 BF360000 		.4byte	0x36bf
 9527 35c6 00       		.byte	0
 9528 35c7 17       		.uleb128 0x17
 9529 35c8 09190000 		.4byte	.LASF400
 9530 35cc 01       		.byte	0x1
 9531 35cd 0E       		.byte	0xe
 9532 35ce 08       		.byte	0x8
 9533 35cf 56160000 		.4byte	.LASF497
 9534 35d3 01       		.byte	0x1
 9535 35d4 DC350000 		.4byte	0x35dc
 9536 35d8 EC350000 		.4byte	0x35ec
 9537 35dc 0C       		.uleb128 0xc
 9538 35dd BF360000 		.4byte	0x36bf
 9539 35e1 01       		.uleb128 0x1
 9540 35e2 9B220000 		.4byte	0x229b
 9541 35e6 01       		.uleb128 0x1
 9542 35e7 B2150000 		.4byte	0x15b2
 9543 35eb 00       		.byte	0
 9544 35ec 17       		.uleb128 0x17
 9545 35ed 3F100000 		.4byte	.LASF496
 9546 35f1 01       		.byte	0x1
 9547 35f2 16       		.byte	0x16
 9548 35f3 08       		.byte	0x8
 9549 35f4 18190000 		.4byte	.LASF498
 9550 35f8 01       		.byte	0x1
 9551 35f9 01360000 		.4byte	0x3601
 9552 35fd 0C360000 		.4byte	0x360c
 9553 3601 0C       		.uleb128 0xc
 9554 3602 BF360000 		.4byte	0x36bf
 9555 3606 01       		.uleb128 0x1
 9556 3607 25000000 		.4byte	0x25
 9557 360b 00       		.byte	0
 9558 360c 1D       		.uleb128 0x1d
 9559 360d A9120000 		.4byte	.LASF500
 9560 3611 01       		.byte	0x1
 9561 3612 1C       		.byte	0x1c
 9562 3613 09       		.byte	0x9
 9563 3614 E91D0000 		.4byte	.LASF502
 9564 3618 25000000 		.4byte	0x25
 9565 361c 01       		.byte	0x1
 9566 361d 25360000 		.4byte	0x3625
 9567 3621 30360000 		.4byte	0x3630
 9568 3625 0C       		.uleb128 0xc
 9569 3626 CA360000 		.4byte	0x36ca
 9570 362a 01       		.uleb128 0x1
 9571 362b 25000000 		.4byte	0x25
 9572 362f 00       		.byte	0
ARM GAS  /tmp/ccHvmxP5.s 			page 169


 9573 3630 1D       		.uleb128 0x1d
 9574 3631 081E0000 		.4byte	.LASF503
 9575 3635 01       		.byte	0x1
 9576 3636 2A       		.byte	0x2a
 9577 3637 09       		.byte	0x9
 9578 3638 FB140000 		.4byte	.LASF504
 9579 363c 25000000 		.4byte	0x25
 9580 3640 01       		.byte	0x1
 9581 3641 49360000 		.4byte	0x3649
 9582 3645 54360000 		.4byte	0x3654
 9583 3649 0C       		.uleb128 0xc
 9584 364a CA360000 		.4byte	0x36ca
 9585 364e 01       		.uleb128 0x1
 9586 364f 25000000 		.4byte	0x25
 9587 3653 00       		.byte	0
 9588 3654 1D       		.uleb128 0x1d
 9589 3655 0E170000 		.4byte	.LASF505
 9590 3659 01       		.byte	0x1
 9591 365a 3D       		.byte	0x3d
 9592 365b 0A       		.byte	0xa
 9593 365c 710E0000 		.4byte	.LASF506
 9594 3660 B2150000 		.4byte	0x15b2
 9595 3664 01       		.byte	0x1
 9596 3665 6D360000 		.4byte	0x366d
 9597 3669 73360000 		.4byte	0x3673
 9598 366d 0C       		.uleb128 0xc
 9599 366e CA360000 		.4byte	0x36ca
 9600 3672 00       		.byte	0
 9601 3673 1D       		.uleb128 0x1d
 9602 3674 4A140000 		.4byte	.LASF507
 9603 3678 01       		.byte	0x1
 9604 3679 3E       		.byte	0x3e
 9605 367a 0A       		.byte	0xa
 9606 367b 9D080000 		.4byte	.LASF508
 9607 367f B2150000 		.4byte	0x15b2
 9608 3683 01       		.byte	0x1
 9609 3684 8C360000 		.4byte	0x368c
 9610 3688 92360000 		.4byte	0x3692
 9611 368c 0C       		.uleb128 0xc
 9612 368d CA360000 		.4byte	0x36ca
 9613 3691 00       		.byte	0
 9614 3692 04       		.uleb128 0x4
 9615 3693 AA160000 		.4byte	.LASF509
 9616 3697 01       		.byte	0x1
 9617 3698 41       		.byte	0x41
 9618 3699 0B       		.byte	0xb
 9619 369a 9B220000 		.4byte	0x229b
 9620 369e 00       		.byte	0
 9621 369f 04       		.uleb128 0x4
 9622 36a0 CC1C0000 		.4byte	.LASF510
 9623 36a4 01       		.byte	0x1
 9624 36a5 42       		.byte	0x42
 9625 36a6 0B       		.byte	0xb
 9626 36a7 B2150000 		.4byte	0x15b2
 9627 36ab 04       		.byte	0x4
 9628 36ac 04       		.uleb128 0x4
 9629 36ad 50010000 		.4byte	.LASF300
ARM GAS  /tmp/ccHvmxP5.s 			page 170


 9630 36b1 01       		.byte	0x1
 9631 36b2 43       		.byte	0x43
 9632 36b3 0B       		.byte	0xb
 9633 36b4 B2150000 		.4byte	0x15b2
 9634 36b8 08       		.byte	0x8
 9635 36b9 00       		.byte	0
 9636 36ba 0E       		.uleb128 0xe
 9637 36bb 9B350000 		.4byte	0x359b
 9638 36bf 09       		.uleb128 0x9
 9639 36c0 04       		.byte	0x4
 9640 36c1 9B350000 		.4byte	0x359b
 9641 36c5 0E       		.uleb128 0xe
 9642 36c6 BF360000 		.4byte	0x36bf
 9643 36ca 09       		.uleb128 0x9
 9644 36cb 04       		.byte	0x4
 9645 36cc BA360000 		.4byte	0x36ba
 9646 36d0 0E       		.uleb128 0xe
 9647 36d1 CA360000 		.4byte	0x36ca
 9648 36d5 34       		.uleb128 0x34
 9649 36d6 D6170000 		.4byte	.LASF511
 9650 36da 1C       		.byte	0x1c
 9651 36db 02       		.byte	0x2
 9652 36dc 09       		.byte	0x9
 9653 36dd 07       		.byte	0x7
 9654 36de F0370000 		.4byte	0x37f0
 9655 36e2 1D       		.uleb128 0x1d
 9656 36e3 D6170000 		.4byte	.LASF511
 9657 36e7 02       		.byte	0x2
 9658 36e8 0B       		.byte	0xb
 9659 36e9 03       		.byte	0x3
 9660 36ea 08050000 		.4byte	.LASF512
 9661 36ee F0370000 		.4byte	0x37f0
 9662 36f2 01       		.byte	0x1
 9663 36f3 FB360000 		.4byte	0x36fb
 9664 36f7 01370000 		.4byte	0x3701
 9665 36fb 0C       		.uleb128 0xc
 9666 36fc F0370000 		.4byte	0x37f0
 9667 3700 00       		.byte	0
 9668 3701 17       		.uleb128 0x17
 9669 3702 D30A0000 		.4byte	.LASF513
 9670 3706 02       		.byte	0x2
 9671 3707 0D       		.byte	0xd
 9672 3708 08       		.byte	0x8
 9673 3709 A8090000 		.4byte	.LASF514
 9674 370d 01       		.byte	0x1
 9675 370e 16370000 		.4byte	0x3716
 9676 3712 1C370000 		.4byte	0x371c
 9677 3716 0C       		.uleb128 0xc
 9678 3717 F0370000 		.4byte	0x37f0
 9679 371b 00       		.byte	0
 9680 371c 17       		.uleb128 0x17
 9681 371d 5C080000 		.4byte	.LASF515
 9682 3721 02       		.byte	0x2
 9683 3722 13       		.byte	0x13
 9684 3723 08       		.byte	0x8
 9685 3724 71090000 		.4byte	.LASF516
 9686 3728 01       		.byte	0x1
ARM GAS  /tmp/ccHvmxP5.s 			page 171


 9687 3729 31370000 		.4byte	0x3731
 9688 372d 46370000 		.4byte	0x3746
 9689 3731 0C       		.uleb128 0xc
 9690 3732 F0370000 		.4byte	0x37f0
 9691 3736 01       		.uleb128 0x1
 9692 3737 25000000 		.4byte	0x25
 9693 373b 01       		.uleb128 0x1
 9694 373c 25000000 		.4byte	0x25
 9695 3740 01       		.uleb128 0x1
 9696 3741 25000000 		.4byte	0x25
 9697 3745 00       		.byte	0
 9698 3746 17       		.uleb128 0x17
 9699 3747 17060000 		.4byte	.LASF517
 9700 374b 02       		.byte	0x2
 9701 374c 21       		.byte	0x21
 9702 374d 08       		.byte	0x8
 9703 374e 4E190000 		.4byte	.LASF518
 9704 3752 01       		.byte	0x1
 9705 3753 5B370000 		.4byte	0x375b
 9706 3757 70370000 		.4byte	0x3770
 9707 375b 0C       		.uleb128 0xc
 9708 375c F0370000 		.4byte	0x37f0
 9709 3760 01       		.uleb128 0x1
 9710 3761 25000000 		.4byte	0x25
 9711 3765 01       		.uleb128 0x1
 9712 3766 25000000 		.4byte	0x25
 9713 376a 01       		.uleb128 0x1
 9714 376b 25000000 		.4byte	0x25
 9715 376f 00       		.byte	0
 9716 3770 1D       		.uleb128 0x1d
 9717 3771 360D0000 		.4byte	.LASF519
 9718 3775 02       		.byte	0x2
 9719 3776 2E       		.byte	0x2e
 9720 3777 10       		.byte	0x10
 9721 3778 1E170000 		.4byte	.LASF520
 9722 377c 25000000 		.4byte	0x25
 9723 3780 01       		.byte	0x1
 9724 3781 89370000 		.4byte	0x3789
 9725 3785 94370000 		.4byte	0x3794
 9726 3789 0C       		.uleb128 0xc
 9727 378a F0370000 		.4byte	0x37f0
 9728 378e 01       		.uleb128 0x1
 9729 378f 25000000 		.4byte	0x25
 9730 3793 00       		.byte	0
 9731 3794 11       		.uleb128 0x11
 9732 3795 5F623000 		.ascii	"_b0\000"
 9733 3799 02       		.byte	0x2
 9734 379a 36       		.byte	0x36
 9735 379b 09       		.byte	0x9
 9736 379c 25000000 		.4byte	0x25
 9737 37a0 00       		.byte	0
 9738 37a1 11       		.uleb128 0x11
 9739 37a2 5F623100 		.ascii	"_b1\000"
 9740 37a6 02       		.byte	0x2
 9741 37a7 36       		.byte	0x36
 9742 37a8 0E       		.byte	0xe
 9743 37a9 25000000 		.4byte	0x25
ARM GAS  /tmp/ccHvmxP5.s 			page 172


 9744 37ad 04       		.byte	0x4
 9745 37ae 11       		.uleb128 0x11
 9746 37af 5F623200 		.ascii	"_b2\000"
 9747 37b3 02       		.byte	0x2
 9748 37b4 36       		.byte	0x36
 9749 37b5 13       		.byte	0x13
 9750 37b6 25000000 		.4byte	0x25
 9751 37ba 08       		.byte	0x8
 9752 37bb 11       		.uleb128 0x11
 9753 37bc 5F613100 		.ascii	"_a1\000"
 9754 37c0 02       		.byte	0x2
 9755 37c1 36       		.byte	0x36
 9756 37c2 18       		.byte	0x18
 9757 37c3 25000000 		.4byte	0x25
 9758 37c7 0C       		.byte	0xc
 9759 37c8 11       		.uleb128 0x11
 9760 37c9 5F613200 		.ascii	"_a2\000"
 9761 37cd 02       		.byte	0x2
 9762 37ce 36       		.byte	0x36
 9763 37cf 1D       		.byte	0x1d
 9764 37d0 25000000 		.4byte	0x25
 9765 37d4 10       		.byte	0x10
 9766 37d5 11       		.uleb128 0x11
 9767 37d6 5F7A3100 		.ascii	"_z1\000"
 9768 37da 02       		.byte	0x2
 9769 37db 37       		.byte	0x37
 9770 37dc 09       		.byte	0x9
 9771 37dd 25000000 		.4byte	0x25
 9772 37e1 14       		.byte	0x14
 9773 37e2 11       		.uleb128 0x11
 9774 37e3 5F7A3200 		.ascii	"_z2\000"
 9775 37e7 02       		.byte	0x2
 9776 37e8 37       		.byte	0x37
 9777 37e9 0E       		.byte	0xe
 9778 37ea 25000000 		.4byte	0x25
 9779 37ee 18       		.byte	0x18
 9780 37ef 00       		.byte	0
 9781 37f0 09       		.uleb128 0x9
 9782 37f1 04       		.byte	0x4
 9783 37f2 D5360000 		.4byte	0x36d5
 9784 37f6 0E       		.uleb128 0xe
 9785 37f7 F0370000 		.4byte	0x37f0
 9786 37fb 34       		.uleb128 0x34
 9787 37fc AE140000 		.4byte	.LASF521
 9788 3800 88       		.byte	0x88
 9789 3801 03       		.byte	0x3
 9790 3802 1D       		.byte	0x1d
 9791 3803 07       		.byte	0x7
 9792 3804 9A390000 		.4byte	0x399a
 9793 3808 71       		.uleb128 0x71
 9794 3809 1F1B0000 		.4byte	.LASF652
 9795 380d 03       		.byte	0x3
 9796 380e 1F       		.byte	0x1f
 9797 380f 18       		.byte	0x18
 9798 3810 46010000 		.4byte	0x146
 9799 3814 01       		.byte	0x1
 9800 3815 02       		.byte	0x2
ARM GAS  /tmp/ccHvmxP5.s 			page 173


 9801 3816 1D       		.uleb128 0x1d
 9802 3817 AE140000 		.4byte	.LASF521
 9803 381b 03       		.byte	0x3
 9804 381c 21       		.byte	0x21
 9805 381d 03       		.byte	0x3
 9806 381e 70080000 		.4byte	.LASF522
 9807 3822 9A390000 		.4byte	0x399a
 9808 3826 01       		.byte	0x1
 9809 3827 2F380000 		.4byte	0x382f
 9810 382b 35380000 		.4byte	0x3835
 9811 382f 0C       		.uleb128 0xc
 9812 3830 9A390000 		.4byte	0x399a
 9813 3834 00       		.byte	0
 9814 3835 17       		.uleb128 0x17
 9815 3836 09190000 		.4byte	.LASF400
 9816 383a 03       		.byte	0x3
 9817 383b 2A       		.byte	0x2a
 9818 383c 08       		.byte	0x8
 9819 383d F51A0000 		.4byte	.LASF523
 9820 3841 01       		.byte	0x1
 9821 3842 4A380000 		.4byte	0x384a
 9822 3846 5F380000 		.4byte	0x385f
 9823 384a 0C       		.uleb128 0xc
 9824 384b 9A390000 		.4byte	0x399a
 9825 384f 01       		.uleb128 0x1
 9826 3850 25000000 		.4byte	0x25
 9827 3854 01       		.uleb128 0x1
 9828 3855 9B220000 		.4byte	0x229b
 9829 3859 01       		.uleb128 0x1
 9830 385a 9B220000 		.4byte	0x229b
 9831 385e 00       		.byte	0
 9832 385f 17       		.uleb128 0x17
 9833 3860 82120000 		.4byte	.LASF524
 9834 3864 03       		.byte	0x3
 9835 3865 33       		.byte	0x33
 9836 3866 08       		.byte	0x8
 9837 3867 A11A0000 		.4byte	.LASF525
 9838 386b 01       		.byte	0x1
 9839 386c 74380000 		.4byte	0x3874
 9840 3870 7F380000 		.4byte	0x387f
 9841 3874 0C       		.uleb128 0xc
 9842 3875 9A390000 		.4byte	0x399a
 9843 3879 01       		.uleb128 0x1
 9844 387a 2C000000 		.4byte	0x2c
 9845 387e 00       		.byte	0
 9846 387f 17       		.uleb128 0x17
 9847 3880 57010000 		.4byte	.LASF526
 9848 3884 03       		.byte	0x3
 9849 3885 55       		.byte	0x55
 9850 3886 08       		.byte	0x8
 9851 3887 301E0000 		.4byte	.LASF527
 9852 388b 01       		.byte	0x1
 9853 388c 94380000 		.4byte	0x3894
 9854 3890 9F380000 		.4byte	0x389f
 9855 3894 0C       		.uleb128 0xc
 9856 3895 9A390000 		.4byte	0x399a
 9857 3899 01       		.uleb128 0x1
ARM GAS  /tmp/ccHvmxP5.s 			page 174


 9858 389a 25000000 		.4byte	0x25
 9859 389e 00       		.byte	0
 9860 389f 17       		.uleb128 0x17
 9861 38a0 360D0000 		.4byte	.LASF519
 9862 38a4 03       		.byte	0x3
 9863 38a5 5B       		.byte	0x5b
 9864 38a6 08       		.byte	0x8
 9865 38a7 A0110000 		.4byte	.LASF528
 9866 38ab 01       		.byte	0x1
 9867 38ac B4380000 		.4byte	0x38b4
 9868 38b0 C9380000 		.4byte	0x38c9
 9869 38b4 0C       		.uleb128 0xc
 9870 38b5 9A390000 		.4byte	0x399a
 9871 38b9 01       		.uleb128 0x1
 9872 38ba C32D0000 		.4byte	0x2dc3
 9873 38be 01       		.uleb128 0x1
 9874 38bf 9B220000 		.4byte	0x229b
 9875 38c3 01       		.uleb128 0x1
 9876 38c4 AF000000 		.4byte	0xaf
 9877 38c8 00       		.byte	0
 9878 38c9 11       		.uleb128 0x11
 9879 38ca 5F737200 		.ascii	"_sr\000"
 9880 38ce 03       		.byte	0x3
 9881 38cf B8       		.byte	0xb8
 9882 38d0 0E       		.byte	0xe
 9883 38d1 25000000 		.4byte	0x25
 9884 38d5 00       		.byte	0
 9885 38d6 04       		.uleb128 0x4
 9886 38d7 37130000 		.4byte	.LASF529
 9887 38db 03       		.byte	0x3
 9888 38dc B9       		.byte	0xb9
 9889 38dd 0E       		.byte	0xe
 9890 38de 25000000 		.4byte	0x25
 9891 38e2 04       		.byte	0x4
 9892 38e3 04       		.uleb128 0x4
 9893 38e4 73180000 		.4byte	.LASF530
 9894 38e8 03       		.byte	0x3
 9895 38e9 B9       		.byte	0xb9
 9896 38ea 19       		.byte	0x19
 9897 38eb 25000000 		.4byte	0x25
 9898 38ef 08       		.byte	0x8
 9899 38f0 04       		.uleb128 0x4
 9900 38f1 C5120000 		.4byte	.LASF531
 9901 38f5 03       		.byte	0x3
 9902 38f6 BA       		.byte	0xba
 9903 38f7 0E       		.byte	0xe
 9904 38f8 25000000 		.4byte	0x25
 9905 38fc 0C       		.byte	0xc
 9906 38fd 04       		.uleb128 0x4
 9907 38fe DA140000 		.4byte	.LASF532
 9908 3902 03       		.byte	0x3
 9909 3903 BB       		.byte	0xbb
 9910 3904 0E       		.byte	0xe
 9911 3905 25000000 		.4byte	0x25
 9912 3909 10       		.byte	0x10
 9913 390a 04       		.uleb128 0x4
 9914 390b 110A0000 		.4byte	.LASF533
ARM GAS  /tmp/ccHvmxP5.s 			page 175


 9915 390f 03       		.byte	0x3
 9916 3910 BC       		.byte	0xbc
 9917 3911 0E       		.byte	0xe
 9918 3912 25000000 		.4byte	0x25
 9919 3916 14       		.byte	0x14
 9920 3917 04       		.uleb128 0x4
 9921 3918 48120000 		.4byte	.LASF534
 9922 391c 03       		.byte	0x3
 9923 391d BC       		.byte	0xbc
 9924 391e 1E       		.byte	0x1e
 9925 391f 25000000 		.4byte	0x25
 9926 3923 18       		.byte	0x18
 9927 3924 04       		.uleb128 0x4
 9928 3925 6B100000 		.4byte	.LASF535
 9929 3929 03       		.byte	0x3
 9930 392a BD       		.byte	0xbd
 9931 392b 0E       		.byte	0xe
 9932 392c A5390000 		.4byte	0x39a5
 9933 3930 1C       		.byte	0x1c
 9934 3931 04       		.uleb128 0x4
 9935 3932 52040000 		.4byte	.LASF536
 9936 3936 03       		.byte	0x3
 9937 3937 BE       		.byte	0xbe
 9938 3938 0E       		.byte	0xe
 9939 3939 A5390000 		.4byte	0x39a5
 9940 393d 24       		.byte	0x24
 9941 393e 04       		.uleb128 0x4
 9942 393f FA1E0000 		.4byte	.LASF537
 9943 3943 03       		.byte	0x3
 9944 3944 BF       		.byte	0xbf
 9945 3945 0E       		.byte	0xe
 9946 3946 25000000 		.4byte	0x25
 9947 394a 2C       		.byte	0x2c
 9948 394b 04       		.uleb128 0x4
 9949 394c 7A120000 		.4byte	.LASF538
 9950 3950 03       		.byte	0x3
 9951 3951 C0       		.byte	0xc0
 9952 3952 0E       		.byte	0xe
 9953 3953 2C000000 		.4byte	0x2c
 9954 3957 30       		.byte	0x30
 9955 3958 04       		.uleb128 0x4
 9956 3959 71050000 		.4byte	.LASF539
 9957 395d 03       		.byte	0x3
 9958 395e C1       		.byte	0xc1
 9959 395f 0E       		.byte	0xe
 9960 3960 2C000000 		.4byte	0x2c
 9961 3964 34       		.byte	0x34
 9962 3965 04       		.uleb128 0x4
 9963 3966 AB150000 		.4byte	.LASF540
 9964 396a 03       		.byte	0x3
 9965 396b C2       		.byte	0xc2
 9966 396c 0E       		.byte	0xe
 9967 396d D5360000 		.4byte	0x36d5
 9968 3971 38       		.byte	0x38
 9969 3972 04       		.uleb128 0x4
 9970 3973 01010000 		.4byte	.LASF541
 9971 3977 03       		.byte	0x3
ARM GAS  /tmp/ccHvmxP5.s 			page 176


 9972 3978 C2       		.byte	0xc2
 9973 3979 18       		.byte	0x18
 9974 397a D5360000 		.4byte	0x36d5
 9975 397e 54       		.byte	0x54
 9976 397f 04       		.uleb128 0x4
 9977 3980 CD160000 		.4byte	.LASF542
 9978 3984 03       		.byte	0x3
 9979 3985 C3       		.byte	0xc3
 9980 3986 0E       		.byte	0xe
 9981 3987 9B350000 		.4byte	0x359b
 9982 398b 70       		.byte	0x70
 9983 398c 04       		.uleb128 0x4
 9984 398d D4160000 		.4byte	.LASF543
 9985 3991 03       		.byte	0x3
 9986 3992 C3       		.byte	0xc3
 9987 3993 16       		.byte	0x16
 9988 3994 9B350000 		.4byte	0x359b
 9989 3998 7C       		.byte	0x7c
 9990 3999 00       		.byte	0
 9991 399a 09       		.uleb128 0x9
 9992 399b 04       		.byte	0x4
 9993 399c FB370000 		.4byte	0x37fb
 9994 39a0 0E       		.uleb128 0xe
 9995 39a1 9A390000 		.4byte	0x399a
 9996 39a5 0D       		.uleb128 0xd
 9997 39a6 25000000 		.4byte	0x25
 9998 39aa B5390000 		.4byte	0x39b5
 9999 39ae 0F       		.uleb128 0xf
 10000 39af 7B010000 		.4byte	0x17b
 10001 39b3 01       		.byte	0x1
 10002 39b4 00       		.byte	0
 10003 39b5 34       		.uleb128 0x34
 10004 39b6 7A150000 		.4byte	.LASF544
 10005 39ba 94       		.byte	0x94
 10006 39bb 05       		.byte	0x5
 10007 39bc 1D       		.byte	0x1d
 10008 39bd 07       		.byte	0x7
 10009 39be EF3B0000 		.4byte	0x3bef
 10010 39c2 1D       		.uleb128 0x1d
 10011 39c3 7A150000 		.4byte	.LASF544
 10012 39c7 05       		.byte	0x5
 10013 39c8 1F       		.byte	0x1f
 10014 39c9 03       		.byte	0x3
 10015 39ca C8080000 		.4byte	.LASF545
 10016 39ce F43B0000 		.4byte	0x3bf4
 10017 39d2 01       		.byte	0x1
 10018 39d3 DB390000 		.4byte	0x39db
 10019 39d7 E1390000 		.4byte	0x39e1
 10020 39db 0C       		.uleb128 0xc
 10021 39dc F43B0000 		.4byte	0x3bf4
 10022 39e0 00       		.byte	0
 10023 39e1 1D       		.uleb128 0x1d
 10024 39e2 F1090000 		.4byte	.LASF546
 10025 39e6 05       		.byte	0x5
 10026 39e7 20       		.byte	0x20
 10027 39e8 03       		.byte	0x3
 10028 39e9 FA180000 		.4byte	.LASF547
ARM GAS  /tmp/ccHvmxP5.s 			page 177


 10029 39ed 8F160000 		.4byte	0x168f
 10030 39f1 01       		.byte	0x1
 10031 39f2 FA390000 		.4byte	0x39fa
 10032 39f6 053A0000 		.4byte	0x3a05
 10033 39fa 0C       		.uleb128 0xc
 10034 39fb F43B0000 		.4byte	0x3bf4
 10035 39ff 0C       		.uleb128 0xc
 10036 3a00 2C000000 		.4byte	0x2c
 10037 3a04 00       		.byte	0
 10038 3a05 1D       		.uleb128 0x1d
 10039 3a06 2E140000 		.4byte	.LASF548
 10040 3a0a 05       		.byte	0x5
 10041 3a0b 22       		.byte	0x22
 10042 3a0c 11       		.byte	0x11
 10043 3a0d 97100000 		.4byte	.LASF549
 10044 3a11 33000000 		.4byte	0x33
 10045 3a15 01       		.byte	0x1
 10046 3a16 1E3A0000 		.4byte	0x3a1e
 10047 3a1a 293A0000 		.4byte	0x3a29
 10048 3a1e 0C       		.uleb128 0xc
 10049 3a1f F43B0000 		.4byte	0x3bf4
 10050 3a23 01       		.uleb128 0x1
 10051 3a24 BD2D0000 		.4byte	0x2dbd
 10052 3a28 00       		.byte	0
 10053 3a29 17       		.uleb128 0x17
 10054 3a2a FF1D0000 		.4byte	.LASF550
 10055 3a2e 05       		.byte	0x5
 10056 3a2f 4A       		.byte	0x4a
 10057 3a30 0F       		.byte	0xf
 10058 3a31 61130000 		.4byte	.LASF551
 10059 3a35 01       		.byte	0x1
 10060 3a36 3E3A0000 		.4byte	0x3a3e
 10061 3a3a 443A0000 		.4byte	0x3a44
 10062 3a3e 0C       		.uleb128 0xc
 10063 3a3f F43B0000 		.4byte	0x3bf4
 10064 3a43 00       		.byte	0
 10065 3a44 17       		.uleb128 0x17
 10066 3a45 C5100000 		.4byte	.LASF552
 10067 3a49 05       		.byte	0x5
 10068 3a4a 4B       		.byte	0x4b
 10069 3a4b 0F       		.byte	0xf
 10070 3a4c FB120000 		.4byte	.LASF553
 10071 3a50 01       		.byte	0x1
 10072 3a51 593A0000 		.4byte	0x3a59
 10073 3a55 5F3A0000 		.4byte	0x3a5f
 10074 3a59 0C       		.uleb128 0xc
 10075 3a5a F43B0000 		.4byte	0x3bf4
 10076 3a5e 00       		.byte	0
 10077 3a5f 17       		.uleb128 0x17
 10078 3a60 06070000 		.4byte	.LASF554
 10079 3a64 05       		.byte	0x5
 10080 3a65 4C       		.byte	0x4c
 10081 3a66 0F       		.byte	0xf
 10082 3a67 A20C0000 		.4byte	.LASF555
 10083 3a6b 01       		.byte	0x1
 10084 3a6c 743A0000 		.4byte	0x3a74
 10085 3a70 7A3A0000 		.4byte	0x3a7a
ARM GAS  /tmp/ccHvmxP5.s 			page 178


 10086 3a74 0C       		.uleb128 0xc
 10087 3a75 F43B0000 		.4byte	0x3bf4
 10088 3a79 00       		.byte	0
 10089 3a7a 17       		.uleb128 0x17
 10090 3a7b 250A0000 		.4byte	.LASF556
 10091 3a7f 05       		.byte	0x5
 10092 3a80 4D       		.byte	0x4d
 10093 3a81 0F       		.byte	0xf
 10094 3a82 901B0000 		.4byte	.LASF557
 10095 3a86 01       		.byte	0x1
 10096 3a87 8F3A0000 		.4byte	0x3a8f
 10097 3a8b 953A0000 		.4byte	0x3a95
 10098 3a8f 0C       		.uleb128 0xc
 10099 3a90 F43B0000 		.4byte	0x3bf4
 10100 3a94 00       		.byte	0
 10101 3a95 17       		.uleb128 0x17
 10102 3a96 8F060000 		.4byte	.LASF558
 10103 3a9a 05       		.byte	0x5
 10104 3a9b 4F       		.byte	0x4f
 10105 3a9c 0F       		.byte	0xf
 10106 3a9d 220F0000 		.4byte	.LASF559
 10107 3aa1 01       		.byte	0x1
 10108 3aa2 AA3A0000 		.4byte	0x3aaa
 10109 3aa6 BF3A0000 		.4byte	0x3abf
 10110 3aaa 0C       		.uleb128 0xc
 10111 3aab F43B0000 		.4byte	0x3bf4
 10112 3aaf 01       		.uleb128 0x1
 10113 3ab0 C32D0000 		.4byte	0x2dc3
 10114 3ab4 01       		.uleb128 0x1
 10115 3ab5 9B220000 		.4byte	0x229b
 10116 3ab9 01       		.uleb128 0x1
 10117 3aba AF000000 		.4byte	0xaf
 10118 3abe 00       		.byte	0
 10119 3abf 17       		.uleb128 0x17
 10120 3ac0 84050000 		.4byte	.LASF560
 10121 3ac4 05       		.byte	0x5
 10122 3ac5 5A       		.byte	0x5a
 10123 3ac6 0F       		.byte	0xf
 10124 3ac7 141E0000 		.4byte	.LASF561
 10125 3acb 01       		.byte	0x1
 10126 3acc D43A0000 		.4byte	0x3ad4
 10127 3ad0 E43A0000 		.4byte	0x3ae4
 10128 3ad4 0C       		.uleb128 0xc
 10129 3ad5 F43B0000 		.4byte	0x3bf4
 10130 3ad9 01       		.uleb128 0x1
 10131 3ada 84000000 		.4byte	0x84
 10132 3ade 01       		.uleb128 0x1
 10133 3adf 59000000 		.4byte	0x59
 10134 3ae3 00       		.byte	0
 10135 3ae4 1D       		.uleb128 0x1d
 10136 3ae5 C61B0000 		.4byte	.LASF562
 10137 3ae9 05       		.byte	0x5
 10138 3aea 6F       		.byte	0x6f
 10139 3aeb 12       		.byte	0x12
 10140 3aec F6050000 		.4byte	.LASF563
 10141 3af0 59000000 		.4byte	0x59
 10142 3af4 01       		.byte	0x1
ARM GAS  /tmp/ccHvmxP5.s 			page 179


 10143 3af5 FD3A0000 		.4byte	0x3afd
 10144 3af9 083B0000 		.4byte	0x3b08
 10145 3afd 0C       		.uleb128 0xc
 10146 3afe FF3B0000 		.4byte	0x3bff
 10147 3b02 01       		.uleb128 0x1
 10148 3b03 84000000 		.4byte	0x84
 10149 3b07 00       		.byte	0
 10150 3b08 1D       		.uleb128 0x1d
 10151 3b09 4F0A0000 		.4byte	.LASF564
 10152 3b0d 05       		.byte	0x5
 10153 3b0e 77       		.byte	0x77
 10154 3b0f 16       		.byte	0x16
 10155 3b10 CF020000 		.4byte	.LASF565
 10156 3b14 D71C0000 		.4byte	0x1cd7
 10157 3b18 01       		.byte	0x1
 10158 3b19 213B0000 		.4byte	0x3b21
 10159 3b1d 313B0000 		.4byte	0x3b31
 10160 3b21 0C       		.uleb128 0xc
 10161 3b22 FF3B0000 		.4byte	0x3bff
 10162 3b26 01       		.uleb128 0x1
 10163 3b27 84000000 		.4byte	0x84
 10164 3b2b 01       		.uleb128 0x1
 10165 3b2c 59000000 		.4byte	0x59
 10166 3b30 00       		.byte	0
 10167 3b31 17       		.uleb128 0x17
 10168 3b32 C6030000 		.4byte	.LASF566
 10169 3b36 05       		.byte	0x5
 10170 3b37 7F       		.byte	0x7f
 10171 3b38 0F       		.byte	0xf
 10172 3b39 10120000 		.4byte	.LASF567
 10173 3b3d 01       		.byte	0x1
 10174 3b3e 463B0000 		.4byte	0x3b46
 10175 3b42 513B0000 		.4byte	0x3b51
 10176 3b46 0C       		.uleb128 0xc
 10177 3b47 F43B0000 		.4byte	0x3bf4
 10178 3b4b 01       		.uleb128 0x1
 10179 3b4c AF000000 		.4byte	0xaf
 10180 3b50 00       		.byte	0
 10181 3b51 17       		.uleb128 0x17
 10182 3b52 F91C0000 		.4byte	.LASF568
 10183 3b56 05       		.byte	0x5
 10184 3b57 80       		.byte	0x80
 10185 3b58 0F       		.byte	0xf
 10186 3b59 0E030000 		.4byte	.LASF569
 10187 3b5d 01       		.byte	0x1
 10188 3b5e 663B0000 		.4byte	0x3b66
 10189 3b62 713B0000 		.4byte	0x3b71
 10190 3b66 0C       		.uleb128 0xc
 10191 3b67 F43B0000 		.4byte	0x3bf4
 10192 3b6b 01       		.uleb128 0x1
 10193 3b6c AF000000 		.4byte	0xaf
 10194 3b70 00       		.byte	0
 10195 3b71 17       		.uleb128 0x17
 10196 3b72 AC1B0000 		.4byte	.LASF570
 10197 3b76 05       		.byte	0x5
 10198 3b77 81       		.byte	0x81
 10199 3b78 0F       		.byte	0xf
ARM GAS  /tmp/ccHvmxP5.s 			page 180


 10200 3b79 CB180000 		.4byte	.LASF571
 10201 3b7d 01       		.byte	0x1
 10202 3b7e 863B0000 		.4byte	0x3b86
 10203 3b82 A03B0000 		.4byte	0x3ba0
 10204 3b86 0C       		.uleb128 0xc
 10205 3b87 F43B0000 		.4byte	0x3bf4
 10206 3b8b 01       		.uleb128 0x1
 10207 3b8c 84000000 		.4byte	0x84
 10208 3b90 01       		.uleb128 0x1
 10209 3b91 84000000 		.4byte	0x84
 10210 3b95 01       		.uleb128 0x1
 10211 3b96 AF000000 		.4byte	0xaf
 10212 3b9a 01       		.uleb128 0x1
 10213 3b9b AF000000 		.4byte	0xaf
 10214 3b9f 00       		.byte	0
 10215 3ba0 1B       		.uleb128 0x1b
 10216 3ba1 E4050000 		.4byte	.LASF572
 10217 3ba5 05       		.byte	0x5
 10218 3ba6 87       		.byte	0x87
 10219 3ba7 17       		.byte	0x17
 10220 3ba8 F10D0000 		.4byte	.LASF573
 10221 3bac 25000000 		.4byte	0x25
 10222 3bb0 BA3B0000 		.4byte	0x3bba
 10223 3bb4 01       		.uleb128 0x1
 10224 3bb5 59000000 		.4byte	0x59
 10225 3bb9 00       		.byte	0
 10226 3bba 04       		.uleb128 0x4
 10227 3bbb DC120000 		.4byte	.LASF574
 10228 3bbf 05       		.byte	0x5
 10229 3bc0 8D       		.byte	0x8d
 10230 3bc1 13       		.byte	0x13
 10231 3bc2 FB370000 		.4byte	0x37fb
 10232 3bc6 00       		.byte	0
 10233 3bc7 04       		.uleb128 0x4
 10234 3bc8 7A120000 		.4byte	.LASF538
 10235 3bcc 05       		.byte	0x5
 10236 3bcd 8E       		.byte	0x8e
 10237 3bce 10       		.byte	0x10
 10238 3bcf 2C000000 		.4byte	0x2c
 10239 3bd3 88       		.byte	0x88
 10240 3bd4 04       		.uleb128 0x4
 10241 3bd5 91030000 		.4byte	.LASF575
 10242 3bd9 05       		.byte	0x5
 10243 3bda 8F       		.byte	0x8f
 10244 3bdb 10       		.byte	0x10
 10245 3bdc 08240000 		.4byte	0x2408
 10246 3be0 8C       		.byte	0x8c
 10247 3be1 04       		.uleb128 0x4
 10248 3be2 291B0000 		.4byte	.LASF576
 10249 3be6 05       		.byte	0x5
 10250 3be7 90       		.byte	0x90
 10251 3be8 10       		.byte	0x10
 10252 3be9 59000000 		.4byte	0x59
 10253 3bed 90       		.byte	0x90
 10254 3bee 00       		.byte	0
 10255 3bef 0E       		.uleb128 0xe
 10256 3bf0 B5390000 		.4byte	0x39b5
ARM GAS  /tmp/ccHvmxP5.s 			page 181


 10257 3bf4 09       		.uleb128 0x9
 10258 3bf5 04       		.byte	0x4
 10259 3bf6 B5390000 		.4byte	0x39b5
 10260 3bfa 0E       		.uleb128 0xe
 10261 3bfb F43B0000 		.4byte	0x3bf4
 10262 3bff 09       		.uleb128 0x9
 10263 3c00 04       		.byte	0x4
 10264 3c01 EF3B0000 		.4byte	0x3bef
 10265 3c05 0E       		.uleb128 0xe
 10266 3c06 FF3B0000 		.4byte	0x3bff
 10267 3c0a 72       		.uleb128 0x72
 10268 3c0b EE0E0000 		.4byte	.LASF653
 10269 3c0f 05       		.byte	0x5
 10270 3c10 95       		.byte	0x95
 10271 3c11 0F       		.byte	0xf
 10272 3c12 B5390000 		.4byte	0x39b5
 10273 3c16 05       		.uleb128 0x5
 10274 3c17 03       		.byte	0x3
 10275 3c18 00000000 		.4byte	_ZL17s_effect_instance
 10276 3c1c 73       		.uleb128 0x73
 10277 3c1d 87090000 		.4byte	.LASF654
 10278 3c21 74       		.uleb128 0x74
 10279 3c22 DA0D0000 		.4byte	.LASF631
 10280 3c26 00000000 		.4byte	.LFB537
 10281 3c2a 68000000 		.4byte	.LFE537-.LFB537
 10282 3c2e 01       		.uleb128 0x1
 10283 3c2f 9C       		.byte	0x9c
 10284 3c30 753D0000 		.4byte	0x3d75
 10285 3c34 26       		.uleb128 0x26
 10286 3c35 753D0000 		.4byte	0x3d75
 10287 3c39 00000000 		.4byte	.LBI374
 10288 3c3d 0100     		.2byte	.LVU773
 10289 3c3f D0030000 		.4byte	.Ldebug_ranges0+0x3d0
 10290 3c43 05       		.byte	0x5
 10291 3c44 B4       		.byte	0xb4
 10292 3c45 01       		.byte	0x1
 10293 3c46 05       		.uleb128 0x5
 10294 3c47 8B3D0000 		.4byte	0x3d8b
 10295 3c4b 02000000 		.4byte	.LLST136
 10296 3c4f 00000000 		.4byte	.LVUS136
 10297 3c53 05       		.uleb128 0x5
 10298 3c54 7F3D0000 		.4byte	0x3d7f
 10299 3c58 1A000000 		.4byte	.LLST137
 10300 3c5c 18000000 		.4byte	.LVUS137
 10301 3c60 26       		.uleb128 0x26
 10302 3c61 753D0000 		.4byte	0x3d75
 10303 3c65 00000000 		.4byte	.LBI375
 10304 3c69 0200     		.2byte	.LVU774
 10305 3c6b D0030000 		.4byte	.Ldebug_ranges0+0x3d0
 10306 3c6f 05       		.byte	0x5
 10307 3c70 B4       		.byte	0xb4
 10308 3c71 01       		.byte	0x1
 10309 3c72 05       		.uleb128 0x5
 10310 3c73 8B3D0000 		.4byte	0x3d8b
 10311 3c77 30000000 		.4byte	.LLST138
 10312 3c7b 2E000000 		.4byte	.LVUS138
 10313 3c7f 05       		.uleb128 0x5
ARM GAS  /tmp/ccHvmxP5.s 			page 182


 10314 3c80 7F3D0000 		.4byte	0x3d7f
 10315 3c84 48000000 		.4byte	.LLST139
 10316 3c88 46000000 		.4byte	.LVUS139
 10317 3c8c 26       		.uleb128 0x26
 10318 3c8d A3460000 		.4byte	0x46a3
 10319 3c91 00000000 		.4byte	.LBI377
 10320 3c95 0300     		.2byte	.LVU775
 10321 3c97 E8030000 		.4byte	.Ldebug_ranges0+0x3e8
 10322 3c9b 05       		.byte	0x5
 10323 3c9c 95       		.byte	0x95
 10324 3c9d 0F       		.byte	0xf
 10325 3c9e 05       		.uleb128 0x5
 10326 3c9f B1460000 		.4byte	0x46b1
 10327 3ca3 5E000000 		.4byte	.LLST140
 10328 3ca7 5C000000 		.4byte	.LVUS140
 10329 3cab 26       		.uleb128 0x26
 10330 3cac 7F4D0000 		.4byte	0x4d7f
 10331 3cb0 00000000 		.4byte	.LBI380
 10332 3cb4 0400     		.2byte	.LVU776
 10333 3cb6 00040000 		.4byte	.Ldebug_ranges0+0x400
 10334 3cba 05       		.byte	0x5
 10335 3cbb 1F       		.byte	0x1f
 10336 3cbc 3E       		.byte	0x3e
 10337 3cbd 05       		.uleb128 0x5
 10338 3cbe 8D4D0000 		.4byte	0x4d8d
 10339 3cc2 78000000 		.4byte	.LLST141
 10340 3cc6 76000000 		.4byte	.LVUS141
 10341 3cca 18       		.uleb128 0x18
 10342 3ccb F24F0000 		.4byte	0x4ff2
 10343 3ccf 28000000 		.4byte	.LBI383
 10344 3cd3 0000     		.2byte	.LVU781
 10345 3cd5 28040000 		.4byte	.Ldebug_ranges0+0x428
 10346 3cd9 03       		.byte	0x3
 10347 3cda 25       		.byte	0x25
 10348 3cdb 38       		.byte	0x38
 10349 3cdc FE3C0000 		.4byte	0x3cfe
 10350 3ce0 05       		.uleb128 0x5
 10351 3ce1 00500000 		.4byte	0x5000
 10352 3ce5 92000000 		.4byte	.LLST142
 10353 3ce9 90000000 		.4byte	.LVUS142
 10354 3ced 1A       		.uleb128 0x1a
 10355 3cee 2C000000 		.4byte	.LVL222
 10356 3cf2 CF4F0000 		.4byte	0x4fcf
 10357 3cf6 07       		.uleb128 0x7
 10358 3cf7 01       		.uleb128 0x1
 10359 3cf8 50       		.byte	0x50
 10360 3cf9 02       		.uleb128 0x2
 10361 3cfa 74       		.byte	0x74
 10362 3cfb 38       		.sleb128 56
 10363 3cfc 00       		.byte	0
 10364 3cfd 00       		.byte	0
 10365 3cfe 51       		.uleb128 0x51
 10366 3cff F24F0000 		.4byte	0x4ff2
 10367 3d03 2C000000 		.4byte	.LBI389
 10368 3d07 0100     		.2byte	.LVU785
 10369 3d09 2C000000 		.4byte	.LBB389
 10370 3d0d 08000000 		.4byte	.LBE389-.LBB389
ARM GAS  /tmp/ccHvmxP5.s 			page 183


 10371 3d11 03       		.byte	0x3
 10372 3d12 25       		.byte	0x25
 10373 3d13 38       		.byte	0x38
 10374 3d14 373D0000 		.4byte	0x3d37
 10375 3d18 05       		.uleb128 0x5
 10376 3d19 00500000 		.4byte	0x5000
 10377 3d1d AC000000 		.4byte	.LLST143
 10378 3d21 AA000000 		.4byte	.LVUS143
 10379 3d25 1A       		.uleb128 0x1a
 10380 3d26 34000000 		.4byte	.LVL223
 10381 3d2a CF4F0000 		.4byte	0x4fcf
 10382 3d2e 07       		.uleb128 0x7
 10383 3d2f 01       		.uleb128 0x1
 10384 3d30 50       		.byte	0x50
 10385 3d31 03       		.uleb128 0x3
 10386 3d32 74       		.byte	0x74
 10387 3d33 D400     		.sleb128 84
 10388 3d35 00       		.byte	0
 10389 3d36 00       		.byte	0
 10390 3d37 18       		.uleb128 0x18
 10391 3d38 BC510000 		.4byte	0x51bc
 10392 3d3c 34000000 		.4byte	.LBI392
 10393 3d40 0100     		.2byte	.LVU789
 10394 3d42 40040000 		.4byte	.Ldebug_ranges0+0x440
 10395 3d46 03       		.byte	0x3
 10396 3d47 25       		.byte	0x25
 10397 3d48 38       		.byte	0x38
 10398 3d49 5A3D0000 		.4byte	0x3d5a
 10399 3d4d 3E       		.uleb128 0x3e
 10400 3d4e CA510000 		.4byte	0x51ca
 10401 3d52 06       		.uleb128 0x6
 10402 3d53 03       		.byte	0x3
 10403 3d54 70000000 		.4byte	_ZL17s_effect_instance+112
 10404 3d58 9F       		.byte	0x9f
 10405 3d59 00       		.byte	0
 10406 3d5a 75       		.uleb128 0x75
 10407 3d5b BC510000 		.4byte	0x51bc
 10408 3d5f 56000000 		.4byte	.LBB396
 10409 3d63 08000000 		.4byte	.LBE396-.LBB396
 10410 3d67 03       		.byte	0x3
 10411 3d68 25       		.byte	0x25
 10412 3d69 38       		.byte	0x38
 10413 3d6a 22       		.uleb128 0x22
 10414 3d6b CA510000 		.4byte	0x51ca
 10415 3d6f 00       		.byte	0
 10416 3d70 00       		.byte	0
 10417 3d71 00       		.byte	0
 10418 3d72 00       		.byte	0
 10419 3d73 00       		.byte	0
 10420 3d74 00       		.byte	0
 10421 3d75 76       		.uleb128 0x76
 10422 3d76 7F1E0000 		.4byte	.LASF655
 10423 3d7a 01       		.byte	0x1
 10424 3d7b 983D0000 		.4byte	0x3d98
 10425 3d7f 1C       		.uleb128 0x1c
 10426 3d80 02110000 		.4byte	.LASF577
 10427 3d84 05       		.byte	0x5
ARM GAS  /tmp/ccHvmxP5.s 			page 184


 10428 3d85 B4       		.byte	0xb4
 10429 3d86 01       		.byte	0x1
 10430 3d87 2C000000 		.4byte	0x2c
 10431 3d8b 1C       		.uleb128 0x1c
 10432 3d8c 900E0000 		.4byte	.LASF578
 10433 3d90 05       		.byte	0x5
 10434 3d91 B4       		.byte	0xb4
 10435 3d92 01       		.byte	0x1
 10436 3d93 2C000000 		.4byte	0x2c
 10437 3d97 00       		.byte	0
 10438 3d98 3F       		.uleb128 0x3f
 10439 3d99 63010000 		.4byte	.LASF579
 10440 3d9d 05       		.byte	0x5
 10441 3d9e B2       		.byte	0xb2
 10442 3d9f 16       		.byte	0x16
 10443 3da0 74010000 		.4byte	.LFB535
 10444 3da4 02000000 		.4byte	.LFE535-.LFB535
 10445 3da8 01       		.uleb128 0x1
 10446 3da9 9C       		.byte	0x9c
 10447 3daa E23D0000 		.4byte	0x3de2
 10448 3dae 40       		.uleb128 0x40
 10449 3daf 696400   		.ascii	"id\000"
 10450 3db2 05       		.byte	0x5
 10451 3db3 B2       		.byte	0xb2
 10452 3db4 2F       		.byte	0x2f
 10453 3db5 84000000 		.4byte	0x84
 10454 3db9 01       		.uleb128 0x1
 10455 3dba 50       		.byte	0x50
 10456 3dbb 52       		.uleb128 0x52
 10457 3dbc EE030000 		.4byte	.LASF580
 10458 3dc0 05       		.byte	0x5
 10459 3dc1 B2       		.byte	0xb2
 10460 3dc2 3B       		.byte	0x3b
 10461 3dc3 84000000 		.4byte	0x84
 10462 3dc7 01       		.uleb128 0x1
 10463 3dc8 51       		.byte	0x51
 10464 3dc9 40       		.uleb128 0x40
 10465 3dca 7800     		.ascii	"x\000"
 10466 3dcc 05       		.byte	0x5
 10467 3dcd B2       		.byte	0xb2
 10468 3dce 4B       		.byte	0x4b
 10469 3dcf AF000000 		.4byte	0xaf
 10470 3dd3 01       		.uleb128 0x1
 10471 3dd4 52       		.byte	0x52
 10472 3dd5 40       		.uleb128 0x40
 10473 3dd6 7900     		.ascii	"y\000"
 10474 3dd8 05       		.byte	0x5
 10475 3dd9 B2       		.byte	0xb2
 10476 3dda 57       		.byte	0x57
 10477 3ddb AF000000 		.4byte	0xaf
 10478 3ddf 01       		.uleb128 0x1
 10479 3de0 53       		.byte	0x53
 10480 3de1 00       		.byte	0
 10481 3de2 77       		.uleb128 0x77
 10482 3de3 C3130000 		.4byte	.LASF656
 10483 3de7 05       		.byte	0x5
 10484 3de8 AF       		.byte	0xaf
ARM GAS  /tmp/ccHvmxP5.s 			page 185


 10485 3de9 16       		.byte	0x16
 10486 3dea FB3D0000 		.4byte	0x3dfb
 10487 3dee 1C       		.uleb128 0x1c
 10488 3def 55110000 		.4byte	.LASF581
 10489 3df3 05       		.byte	0x5
 10490 3df4 AF       		.byte	0xaf
 10491 3df5 35       		.byte	0x35
 10492 3df6 AF000000 		.4byte	0xaf
 10493 3dfa 00       		.byte	0
 10494 3dfb 78       		.uleb128 0x78
 10495 3dfc 9F140000 		.4byte	.LASF582
 10496 3e00 05       		.byte	0x5
 10497 3e01 AC       		.byte	0xac
 10498 3e02 16       		.byte	0x16
 10499 3e03 01       		.byte	0x1
 10500 3e04 153E0000 		.4byte	0x3e15
 10501 3e08 1C       		.uleb128 0x1c
 10502 3e09 F5140000 		.4byte	.LASF583
 10503 3e0d 05       		.byte	0x5
 10504 3e0e AC       		.byte	0xac
 10505 3e0f 2E       		.byte	0x2e
 10506 3e10 AF000000 		.4byte	0xaf
 10507 3e14 00       		.byte	0
 10508 3e15 41       		.uleb128 0x41
 10509 3e16 13090000 		.4byte	.LASF584
 10510 3e1a 05       		.byte	0x5
 10511 3e1b A9       		.byte	0xa9
 10512 3e1c 1D       		.byte	0x1d
 10513 3e1d D71C0000 		.4byte	0x1cd7
 10514 3e21 50010000 		.4byte	.LFB532
 10515 3e25 20000000 		.4byte	.LFE532-.LFB532
 10516 3e29 01       		.uleb128 0x1
 10517 3e2a 9C       		.byte	0x9c
 10518 3e2b 973E0000 		.4byte	0x3e97
 10519 3e2f 20       		.uleb128 0x20
 10520 3e30 696400   		.ascii	"id\000"
 10521 3e33 05       		.byte	0x5
 10522 3e34 A9       		.byte	0xa9
 10523 3e35 3E       		.byte	0x3e
 10524 3e36 84000000 		.4byte	0x84
 10525 3e3a CC000000 		.4byte	.LLST133
 10526 3e3e C4000000 		.4byte	.LVUS133
 10527 3e42 52       		.uleb128 0x52
 10528 3e43 C2080000 		.4byte	.LASF453
 10529 3e47 05       		.byte	0x5
 10530 3e48 A9       		.byte	0xa9
 10531 3e49 4A       		.byte	0x4a
 10532 3e4a 59000000 		.4byte	0x59
 10533 3e4e 01       		.uleb128 0x1
 10534 3e4f 51       		.byte	0x51
 10535 3e50 26       		.uleb128 0x26
 10536 3e51 AA420000 		.4byte	0x42aa
 10537 3e55 50010000 		.4byte	.LBI342
 10538 3e59 0200     		.2byte	.LVU748
 10539 3e5b B8030000 		.4byte	.Ldebug_ranges0+0x3b8
 10540 3e5f 05       		.byte	0x5
 10541 3e60 AA       		.byte	0xaa
ARM GAS  /tmp/ccHvmxP5.s 			page 186


 10542 3e61 30       		.byte	0x30
 10543 3e62 3E       		.uleb128 0x3e
 10544 3e63 B8420000 		.4byte	0x42b8
 10545 3e67 06       		.uleb128 0x6
 10546 3e68 03       		.byte	0x3
 10547 3e69 00000000 		.4byte	_ZL17s_effect_instance
 10548 3e6d 9F       		.byte	0x9f
 10549 3e6e 05       		.uleb128 0x5
 10550 3e6f CC420000 		.4byte	0x42cc
 10551 3e73 08010000 		.4byte	.LLST134
 10552 3e77 06010000 		.4byte	.LVUS134
 10553 3e7b 05       		.uleb128 0x5
 10554 3e7c C1420000 		.4byte	0x42c1
 10555 3e80 23010000 		.4byte	.LLST135
 10556 3e84 1B010000 		.4byte	.LVUS135
 10557 3e88 79       		.uleb128 0x79
 10558 3e89 D8420000 		.4byte	0x42d8
 10559 3e8d 56010000 		.4byte	.LBB345
 10560 3e91 0E000000 		.4byte	.LBE345-.LBB345
 10561 3e95 00       		.byte	0
 10562 3e96 00       		.byte	0
 10563 3e97 41       		.uleb128 0x41
 10564 3e98 3B010000 		.4byte	.LASF585
 10565 3e9c 05       		.byte	0x5
 10566 3e9d A6       		.byte	0xa6
 10567 3e9e 19       		.byte	0x19
 10568 3e9f 59000000 		.4byte	0x59
 10569 3ea3 28010000 		.4byte	.LFB531
 10570 3ea7 28000000 		.4byte	.LFE531-.LFB531
 10571 3eab 01       		.uleb128 0x1
 10572 3eac 9C       		.byte	0x9c
 10573 3ead F63E0000 		.4byte	0x3ef6
 10574 3eb1 20       		.uleb128 0x20
 10575 3eb2 696400   		.ascii	"id\000"
 10576 3eb5 05       		.byte	0x5
 10577 3eb6 A6       		.byte	0xa6
 10578 3eb7 36       		.byte	0x36
 10579 3eb8 84000000 		.4byte	0x84
 10580 3ebc 69010000 		.4byte	.LLST130
 10581 3ec0 5D010000 		.4byte	.LVUS130
 10582 3ec4 53       		.uleb128 0x53
 10583 3ec5 01430000 		.4byte	0x4301
 10584 3ec9 28010000 		.4byte	.LBI336
 10585 3ecd 0200     		.2byte	.LVU734
 10586 3ecf 28010000 		.4byte	.LBB336
 10587 3ed3 1E000000 		.4byte	.LBE336-.LBB336
 10588 3ed7 05       		.byte	0x5
 10589 3ed8 A7       		.byte	0xa7
 10590 3ed9 2D       		.byte	0x2d
 10591 3eda 05       		.uleb128 0x5
 10592 3edb 18430000 		.4byte	0x4318
 10593 3edf C6010000 		.4byte	.LLST131
 10594 3ee3 BC010000 		.4byte	.LVUS131
 10595 3ee7 05       		.uleb128 0x5
 10596 3ee8 0F430000 		.4byte	0x430f
 10597 3eec 0D020000 		.4byte	.LLST132
 10598 3ef0 0B020000 		.4byte	.LVUS132
ARM GAS  /tmp/ccHvmxP5.s 			page 187


 10599 3ef4 00       		.byte	0
 10600 3ef5 00       		.byte	0
 10601 3ef6 3F       		.uleb128 0x3f
 10602 3ef7 681D0000 		.4byte	.LASF586
 10603 3efb 05       		.byte	0x5
 10604 3efc A3       		.byte	0xa3
 10605 3efd 16       		.byte	0x16
 10606 3efe 5C000000 		.4byte	.LFB530
 10607 3f02 CC000000 		.4byte	.LFE530-.LFB530
 10608 3f06 01       		.uleb128 0x1
 10609 3f07 9C       		.byte	0x9c
 10610 3f08 8D400000 		.4byte	0x408d
 10611 3f0c 20       		.uleb128 0x20
 10612 3f0d 696400   		.ascii	"id\000"
 10613 3f10 05       		.byte	0x5
 10614 3f11 A3       		.byte	0xa3
 10615 3f12 33       		.byte	0x33
 10616 3f13 84000000 		.4byte	0x84
 10617 3f17 2F020000 		.4byte	.LLST114
 10618 3f1b 25020000 		.4byte	.LVUS114
 10619 3f1f 24       		.uleb128 0x24
 10620 3f20 C2080000 		.4byte	.LASF453
 10621 3f24 05       		.byte	0x5
 10622 3f25 A3       		.byte	0xa3
 10623 3f26 3F       		.byte	0x3f
 10624 3f27 59000000 		.4byte	0x59
 10625 3f2b 80020000 		.4byte	.LLST115
 10626 3f2f 74020000 		.4byte	.LVUS115
 10627 3f33 26       		.uleb128 0x26
 10628 3f34 24430000 		.4byte	0x4324
 10629 3f38 5C000000 		.4byte	.LBI298
 10630 3f3c 0200     		.2byte	.LVU666
 10631 3f3e 10030000 		.4byte	.Ldebug_ranges0+0x310
 10632 3f42 05       		.byte	0x5
 10633 3f43 A4       		.byte	0xa4
 10634 3f44 21       		.byte	0x21
 10635 3f45 05       		.uleb128 0x5
 10636 3f46 46430000 		.4byte	0x4346
 10637 3f4a DF020000 		.4byte	.LLST116
 10638 3f4e D3020000 		.4byte	.LVUS116
 10639 3f52 05       		.uleb128 0x5
 10640 3f53 3B430000 		.4byte	0x433b
 10641 3f57 3C030000 		.4byte	.LLST117
 10642 3f5b 32030000 		.4byte	.LVUS117
 10643 3f5f 05       		.uleb128 0x5
 10644 3f60 32430000 		.4byte	0x4332
 10645 3f64 84030000 		.4byte	.LLST118
 10646 3f68 7E030000 		.4byte	.LVUS118
 10647 3f6c 18       		.uleb128 0x18
 10648 3f6d 24430000 		.4byte	0x4324
 10649 3f71 66000000 		.4byte	.LBI300
 10650 3f75 0000     		.2byte	.LVU672
 10651 3f77 48030000 		.4byte	.Ldebug_ranges0+0x348
 10652 3f7b 05       		.byte	0x5
 10653 3f7c 5A       		.byte	0x5a
 10654 3f7d 0F       		.byte	0xf
 10655 3f7e DC3F0000 		.4byte	0x3fdc
ARM GAS  /tmp/ccHvmxP5.s 			page 188


 10656 3f82 05       		.uleb128 0x5
 10657 3f83 3B430000 		.4byte	0x433b
 10658 3f87 BE030000 		.4byte	.LLST119
 10659 3f8b BC030000 		.4byte	.LVUS119
 10660 3f8f 05       		.uleb128 0x5
 10661 3f90 46430000 		.4byte	0x4346
 10662 3f94 D6030000 		.4byte	.LLST120
 10663 3f98 D2030000 		.4byte	.LVUS120
 10664 3f9c 05       		.uleb128 0x5
 10665 3f9d 32430000 		.4byte	0x4332
 10666 3fa1 F9030000 		.4byte	.LLST121
 10667 3fa5 F7030000 		.4byte	.LVUS121
 10668 3fa9 1A       		.uleb128 0x1a
 10669 3faa 8C000000 		.4byte	.LVL196
 10670 3fae 304C0000 		.4byte	0x4c30
 10671 3fb2 07       		.uleb128 0x7
 10672 3fb3 01       		.uleb128 0x1
 10673 3fb4 51       		.byte	0x51
 10674 3fb5 24       		.uleb128 0x24
 10675 3fb6 34       		.byte	0x34
 10676 3fb7 F3       		.byte	0xf3
 10677 3fb8 01       		.uleb128 0x1
 10678 3fb9 51       		.byte	0x51
 10679 3fba 12       		.byte	0x12
 10680 3fbb 30       		.byte	0x30
 10681 3fbc 16       		.byte	0x16
 10682 3fbd 14       		.byte	0x14
 10683 3fbe 2B       		.byte	0x2b
 10684 3fbf 28       		.byte	0x28
 10685 3fc0 0100     		.2byte	0x1
 10686 3fc2 16       		.byte	0x16
 10687 3fc3 13       		.byte	0x13
 10688 3fc4 F3       		.byte	0xf3
 10689 3fc5 01       		.uleb128 0x1
 10690 3fc6 51       		.byte	0x51
 10691 3fc7 12       		.byte	0x12
 10692 3fc8 30       		.byte	0x30
 10693 3fc9 16       		.byte	0x16
 10694 3fca 14       		.byte	0x14
 10695 3fcb 2B       		.byte	0x2b
 10696 3fcc 28       		.byte	0x28
 10697 3fcd 0100     		.2byte	0x1
 10698 3fcf 16       		.byte	0x16
 10699 3fd0 13       		.byte	0x13
 10700 3fd1 34       		.byte	0x34
 10701 3fd2 2A       		.byte	0x2a
 10702 3fd3 28       		.byte	0x28
 10703 3fd4 0100     		.2byte	0x1
 10704 3fd6 16       		.byte	0x16
 10705 3fd7 13       		.byte	0x13
 10706 3fd8 31       		.byte	0x31
 10707 3fd9 1C       		.byte	0x1c
 10708 3fda 00       		.byte	0
 10709 3fdb 00       		.byte	0
 10710 3fdc 18       		.uleb128 0x18
 10711 3fdd F0410000 		.4byte	0x41f0
 10712 3fe1 AA000000 		.4byte	.LBI304
ARM GAS  /tmp/ccHvmxP5.s 			page 189


 10713 3fe5 0100     		.2byte	.LVU702
 10714 3fe7 60030000 		.4byte	.Ldebug_ranges0+0x360
 10715 3feb 05       		.byte	0x5
 10716 3fec 67       		.byte	0x67
 10717 3fed 1F       		.byte	0x1f
 10718 3fee 20400000 		.4byte	0x4020
 10719 3ff2 05       		.uleb128 0x5
 10720 3ff3 FA410000 		.4byte	0x41fa
 10721 3ff7 15040000 		.4byte	.LLST122
 10722 3ffb 11040000 		.4byte	.LVUS122
 10723 3fff 2B       		.uleb128 0x2b
 10724 4000 60030000 		.4byte	.Ldebug_ranges0+0x360
 10725 4004 2F       		.uleb128 0x2f
 10726 4005 06420000 		.4byte	0x4206
 10727 4009 39040000 		.4byte	.LLST123
 10728 400d 33040000 		.4byte	.LVUS123
 10729 4011 2F       		.uleb128 0x2f
 10730 4012 12420000 		.4byte	0x4212
 10731 4016 78040000 		.4byte	.LLST124
 10732 401a 72040000 		.4byte	.LVUS124
 10733 401e 00       		.byte	0
 10734 401f 00       		.byte	0
 10735 4020 53       		.uleb128 0x53
 10736 4021 0C4C0000 		.4byte	0x4c0c
 10737 4025 DE000000 		.4byte	.LBI313
 10738 4029 0100     		.2byte	.LVU714
 10739 402b DE000000 		.4byte	.LBB313
 10740 402f 24000000 		.4byte	.LBE313-.LBB313
 10741 4033 05       		.byte	0x5
 10742 4034 67       		.byte	0x67
 10743 4035 1F       		.byte	0x1f
 10744 4036 05       		.uleb128 0x5
 10745 4037 234C0000 		.4byte	0x4c23
 10746 403b AE040000 		.4byte	.LLST125
 10747 403f AA040000 		.4byte	.LVUS125
 10748 4043 05       		.uleb128 0x5
 10749 4044 1A4C0000 		.4byte	0x4c1a
 10750 4048 D3040000 		.4byte	.LLST126
 10751 404c D1040000 		.4byte	.LVUS126
 10752 4050 26       		.uleb128 0x26
 10753 4051 EB510000 		.4byte	0x51eb
 10754 4055 F2000000 		.4byte	.LBI315
 10755 4059 0100     		.2byte	.LVU721
 10756 405b 90030000 		.4byte	.Ldebug_ranges0+0x390
 10757 405f 03       		.byte	0x3
 10758 4060 58       		.byte	0x58
 10759 4061 16       		.byte	0x16
 10760 4062 05       		.uleb128 0x5
 10761 4063 14520000 		.4byte	0x5214
 10762 4067 ED040000 		.4byte	.LLST127
 10763 406b EB040000 		.4byte	.LVUS127
 10764 406f 05       		.uleb128 0x5
 10765 4070 0A520000 		.4byte	0x520a
 10766 4074 03050000 		.4byte	.LLST128
 10767 4078 01050000 		.4byte	.LVUS128
 10768 407c 05       		.uleb128 0x5
 10769 407d 00520000 		.4byte	0x5200
ARM GAS  /tmp/ccHvmxP5.s 			page 190


 10770 4081 1D050000 		.4byte	.LLST129
 10771 4085 1B050000 		.4byte	.LVUS129
 10772 4089 00       		.byte	0
 10773 408a 00       		.byte	0
 10774 408b 00       		.byte	0
 10775 408c 00       		.byte	0
 10776 408d 3F       		.uleb128 0x3f
 10777 408e 191F0000 		.4byte	.LASF587
 10778 4092 05       		.byte	0x5
 10779 4093 A0       		.byte	0xa0
 10780 4094 16       		.byte	0x16
 10781 4095 1C000000 		.4byte	.LFB529
 10782 4099 40000000 		.4byte	.LFE529-.LFB529
 10783 409d 01       		.uleb128 0x1
 10784 409e 9C       		.byte	0x9c
 10785 409f 8F410000 		.4byte	0x418f
 10786 40a3 20       		.uleb128 0x20
 10787 40a4 696E00   		.ascii	"in\000"
 10788 40a7 05       		.byte	0x5
 10789 40a8 A0       		.byte	0xa0
 10790 40a9 2F       		.byte	0x2f
 10791 40aa C32D0000 		.4byte	0x2dc3
 10792 40ae 3F050000 		.4byte	.LLST106
 10793 40b2 35050000 		.4byte	.LVUS106
 10794 40b6 20       		.uleb128 0x20
 10795 40b7 6F757400 		.ascii	"out\000"
 10796 40bb 05       		.byte	0x5
 10797 40bc A0       		.byte	0xa0
 10798 40bd 3A       		.byte	0x3a
 10799 40be 9B220000 		.4byte	0x229b
 10800 40c2 8E050000 		.4byte	.LLST107
 10801 40c6 84050000 		.4byte	.LVUS107
 10802 40ca 24       		.uleb128 0x24
 10803 40cb 42110000 		.4byte	.LASF588
 10804 40cf 05       		.byte	0x5
 10805 40d0 A0       		.byte	0xa0
 10806 40d1 48       		.byte	0x48
 10807 40d2 AF000000 		.4byte	0xaf
 10808 40d6 D9050000 		.4byte	.LLST108
 10809 40da D3050000 		.4byte	.LVUS108
 10810 40de 26       		.uleb128 0x26
 10811 40df 53430000 		.4byte	0x4353
 10812 40e3 1C000000 		.4byte	.LBI278
 10813 40e7 0200     		.2byte	.LVU640
 10814 40e9 F8020000 		.4byte	.Ldebug_ranges0+0x2f8
 10815 40ed 05       		.byte	0x5
 10816 40ee A1       		.byte	0xa1
 10817 40ef 1C       		.byte	0x1c
 10818 40f0 05       		.uleb128 0x5
 10819 40f1 81430000 		.4byte	0x4381
 10820 40f5 0B060000 		.4byte	.LLST109
 10821 40f9 05060000 		.4byte	.LVUS109
 10822 40fd 05       		.uleb128 0x5
 10823 40fe 75430000 		.4byte	0x4375
 10824 4102 41060000 		.4byte	.LLST110
 10825 4106 37060000 		.4byte	.LVUS110
 10826 410a 05       		.uleb128 0x5
ARM GAS  /tmp/ccHvmxP5.s 			page 191


 10827 410b 6A430000 		.4byte	0x436a
 10828 410f 90060000 		.4byte	.LLST111
 10829 4113 86060000 		.4byte	.LVUS111
 10830 4117 05       		.uleb128 0x5
 10831 4118 61430000 		.4byte	0x4361
 10832 411c D7060000 		.4byte	.LLST112
 10833 4120 D5060000 		.4byte	.LVUS112
 10834 4124 7A       		.uleb128 0x7a
 10835 4125 53430000 		.4byte	0x4353
 10836 4129 28000000 		.4byte	.LBB280
 10837 412d 22000000 		.4byte	.LBE280-.LBB280
 10838 4131 05       		.byte	0x5
 10839 4132 4F       		.byte	0x4f
 10840 4133 0F       		.byte	0xf
 10841 4134 68410000 		.4byte	0x4168
 10842 4138 22       		.uleb128 0x22
 10843 4139 61430000 		.4byte	0x4361
 10844 413d 22       		.uleb128 0x22
 10845 413e 81430000 		.4byte	0x4381
 10846 4142 22       		.uleb128 0x22
 10847 4143 75430000 		.4byte	0x4375
 10848 4147 22       		.uleb128 0x22
 10849 4148 6A430000 		.4byte	0x436a
 10850 414c 7B       		.uleb128 0x7b
 10851 414d 8D430000 		.4byte	0x438d
 10852 4151 28000000 		.4byte	.LBB281
 10853 4155 22000000 		.4byte	.LBE281-.LBB281
 10854 4159 2F       		.uleb128 0x2f
 10855 415a 8E430000 		.4byte	0x438e
 10856 415e F5060000 		.4byte	.LLST113
 10857 4162 EF060000 		.4byte	.LVUS113
 10858 4166 00       		.byte	0
 10859 4167 00       		.byte	0
 10860 4168 1A       		.uleb128 0x1a
 10861 4169 56000000 		.4byte	.LVL189
 10862 416d D2460000 		.4byte	0x46d2
 10863 4171 07       		.uleb128 0x7
 10864 4172 01       		.uleb128 0x1
 10865 4173 50       		.byte	0x50
 10866 4174 02       		.uleb128 0x2
 10867 4175 74       		.byte	0x74
 10868 4176 00       		.sleb128 0
 10869 4177 07       		.uleb128 0x7
 10870 4178 01       		.uleb128 0x1
 10871 4179 51       		.byte	0x51
 10872 417a 03       		.uleb128 0x3
 10873 417b F3       		.byte	0xf3
 10874 417c 01       		.uleb128 0x1
 10875 417d 50       		.byte	0x50
 10876 417e 07       		.uleb128 0x7
 10877 417f 01       		.uleb128 0x1
 10878 4180 52       		.byte	0x52
 10879 4181 03       		.uleb128 0x3
 10880 4182 F3       		.byte	0xf3
 10881 4183 01       		.uleb128 0x1
 10882 4184 51       		.byte	0x51
 10883 4185 07       		.uleb128 0x7
ARM GAS  /tmp/ccHvmxP5.s 			page 192


 10884 4186 01       		.uleb128 0x1
 10885 4187 53       		.byte	0x53
 10886 4188 03       		.uleb128 0x3
 10887 4189 F3       		.byte	0xf3
 10888 418a 01       		.uleb128 0x1
 10889 418b 52       		.byte	0x52
 10890 418c 00       		.byte	0
 10891 418d 00       		.byte	0
 10892 418e 00       		.byte	0
 10893 418f 42       		.uleb128 0x42
 10894 4190 D0000000 		.4byte	.LASF589
 10895 4194 05       		.byte	0x5
 10896 4195 9F       		.byte	0x9f
 10897 4196 16       		.byte	0x16
 10898 4197 42       		.uleb128 0x42
 10899 4198 AA050000 		.4byte	.LASF590
 10900 419c 05       		.byte	0x5
 10901 419d 9E       		.byte	0x9e
 10902 419e 16       		.byte	0x16
 10903 419f 42       		.uleb128 0x42
 10904 41a0 DD030000 		.4byte	.LASF591
 10905 41a4 05       		.byte	0x5
 10906 41a5 9D       		.byte	0x9d
 10907 41a6 16       		.byte	0x16
 10908 41a7 7C       		.uleb128 0x7c
 10909 41a8 4D090000 		.4byte	.LASF657
 10910 41ac 05       		.byte	0x5
 10911 41ad 9C       		.byte	0x9c
 10912 41ae 16       		.byte	0x16
 10913 41af 01       		.byte	0x1
 10914 41b0 41       		.uleb128 0x41
 10915 41b1 66170000 		.4byte	.LASF592
 10916 41b5 05       		.byte	0x5
 10917 41b6 99       		.byte	0x99
 10918 41b7 18       		.byte	0x18
 10919 41b8 33000000 		.4byte	0x33
 10920 41bc 00000000 		.4byte	.LFB524
 10921 41c0 14000000 		.4byte	.LFE524-.LFB524
 10922 41c4 01       		.uleb128 0x1
 10923 41c5 9C       		.byte	0x9c
 10924 41c6 F0410000 		.4byte	0x41f0
 10925 41ca 24       		.uleb128 0x24
 10926 41cb A3180000 		.4byte	.LASF593
 10927 41cf 05       		.byte	0x5
 10928 41d0 99       		.byte	0x99
 10929 41d1 3D       		.byte	0x3d
 10930 41d2 BD2D0000 		.4byte	0x2dbd
 10931 41d6 26070000 		.4byte	.LLST105
 10932 41da 20070000 		.4byte	.LVUS105
 10933 41de 1A       		.uleb128 0x1a
 10934 41df 0C000000 		.4byte	.LVL179
 10935 41e3 FA430000 		.4byte	0x43fa
 10936 41e7 07       		.uleb128 0x7
 10937 41e8 01       		.uleb128 0x1
 10938 41e9 51       		.byte	0x51
 10939 41ea 03       		.uleb128 0x3
 10940 41eb F3       		.byte	0xf3
ARM GAS  /tmp/ccHvmxP5.s 			page 193


 10941 41ec 01       		.uleb128 0x1
 10942 41ed 50       		.byte	0x50
 10943 41ee 00       		.byte	0
 10944 41ef 00       		.byte	0
 10945 41f0 7D       		.uleb128 0x7d
 10946 41f1 A03B0000 		.4byte	0x3ba0
 10947 41f5 03       		.byte	0x3
 10948 41f6 1F420000 		.4byte	0x421f
 10949 41fa 12       		.uleb128 0x12
 10950 41fb 72617700 		.ascii	"raw\000"
 10951 41ff 05       		.byte	0x5
 10952 4200 87       		.byte	0x87
 10953 4201 31       		.byte	0x31
 10954 4202 59000000 		.4byte	0x59
 10955 4206 3D       		.uleb128 0x3d
 10956 4207 D5090000 		.4byte	.LASF595
 10957 420b 05       		.byte	0x5
 10958 420c 88       		.byte	0x88
 10959 420d 11       		.byte	0x11
 10960 420e AD150000 		.4byte	0x15ad
 10961 4212 3D       		.uleb128 0x3d
 10962 4213 8E180000 		.4byte	.LASF596
 10963 4217 05       		.byte	0x5
 10964 4218 89       		.byte	0x89
 10965 4219 11       		.byte	0x11
 10966 421a AD150000 		.4byte	0x15ad
 10967 421e 00       		.byte	0
 10968 421f 14       		.uleb128 0x14
 10969 4220 713B0000 		.4byte	0x3b71
 10970 4224 2D420000 		.4byte	0x422d
 10971 4228 03       		.byte	0x3
 10972 4229 62420000 		.4byte	0x4262
 10973 422d 13       		.uleb128 0x13
 10974 422e AC0F0000 		.4byte	.LASF597
 10975 4232 FA3B0000 		.4byte	0x3bfa
 10976 4236 12       		.uleb128 0x12
 10977 4237 696400   		.ascii	"id\000"
 10978 423a 05       		.byte	0x5
 10979 423b 81       		.byte	0x81
 10980 423c 22       		.byte	0x22
 10981 423d 84000000 		.4byte	0x84
 10982 4241 1C       		.uleb128 0x1c
 10983 4242 EE030000 		.4byte	.LASF580
 10984 4246 05       		.byte	0x5
 10985 4247 81       		.byte	0x81
 10986 4248 2E       		.byte	0x2e
 10987 4249 84000000 		.4byte	0x84
 10988 424d 12       		.uleb128 0x12
 10989 424e 7800     		.ascii	"x\000"
 10990 4250 05       		.byte	0x5
 10991 4251 81       		.byte	0x81
 10992 4252 3E       		.byte	0x3e
 10993 4253 AF000000 		.4byte	0xaf
 10994 4257 12       		.uleb128 0x12
 10995 4258 7900     		.ascii	"y\000"
 10996 425a 05       		.byte	0x5
 10997 425b 81       		.byte	0x81
ARM GAS  /tmp/ccHvmxP5.s 			page 194


 10998 425c 4A       		.byte	0x4a
 10999 425d AF000000 		.4byte	0xaf
 11000 4261 00       		.byte	0
 11001 4262 14       		.uleb128 0x14
 11002 4263 513B0000 		.4byte	0x3b51
 11003 4267 70420000 		.4byte	0x4270
 11004 426b 03       		.byte	0x3
 11005 426c 86420000 		.4byte	0x4286
 11006 4270 13       		.uleb128 0x13
 11007 4271 AC0F0000 		.4byte	.LASF597
 11008 4275 FA3B0000 		.4byte	0x3bfa
 11009 4279 1C       		.uleb128 0x1c
 11010 427a 55110000 		.4byte	.LASF581
 11011 427e 05       		.byte	0x5
 11012 427f 80       		.byte	0x80
 11013 4280 27       		.byte	0x27
 11014 4281 AF000000 		.4byte	0xaf
 11015 4285 00       		.byte	0
 11016 4286 14       		.uleb128 0x14
 11017 4287 313B0000 		.4byte	0x3b31
 11018 428b 94420000 		.4byte	0x4294
 11019 428f 03       		.byte	0x3
 11020 4290 AA420000 		.4byte	0x42aa
 11021 4294 13       		.uleb128 0x13
 11022 4295 AC0F0000 		.4byte	.LASF597
 11023 4299 FA3B0000 		.4byte	0x3bfa
 11024 429d 1C       		.uleb128 0x1c
 11025 429e F5140000 		.4byte	.LASF583
 11026 42a2 05       		.byte	0x5
 11027 42a3 7F       		.byte	0x7f
 11028 42a4 21       		.byte	0x21
 11029 42a5 AF000000 		.4byte	0xaf
 11030 42a9 00       		.byte	0
 11031 42aa 14       		.uleb128 0x14
 11032 42ab 083B0000 		.4byte	0x3b08
 11033 42af B8420000 		.4byte	0x42b8
 11034 42b3 03       		.byte	0x3
 11035 42b4 F1420000 		.4byte	0x42f1
 11036 42b8 13       		.uleb128 0x13
 11037 42b9 AC0F0000 		.4byte	.LASF597
 11038 42bd 053C0000 		.4byte	0x3c05
 11039 42c1 12       		.uleb128 0x12
 11040 42c2 696400   		.ascii	"id\000"
 11041 42c5 05       		.byte	0x5
 11042 42c6 77       		.byte	0x77
 11043 42c7 33       		.byte	0x33
 11044 42c8 84000000 		.4byte	0x84
 11045 42cc 1C       		.uleb128 0x1c
 11046 42cd C2080000 		.4byte	.LASF453
 11047 42d1 05       		.byte	0x5
 11048 42d2 77       		.byte	0x77
 11049 42d3 3F       		.byte	0x3f
 11050 42d4 59000000 		.4byte	0x59
 11051 42d8 54       		.uleb128 0x54
 11052 42d9 7E       		.uleb128 0x7e
 11053 42da D81B0000 		.4byte	.LASF658
 11054 42de 05       		.byte	0x5
ARM GAS  /tmp/ccHvmxP5.s 			page 195


 11055 42df 79       		.byte	0x79
 11056 42e0 1A       		.byte	0x1a
 11057 42e1 97010000 		.4byte	.LASF659
 11058 42e5 F1420000 		.4byte	0x42f1
 11059 42e9 05       		.uleb128 0x5
 11060 42ea 03       		.byte	0x3
 11061 42eb 00000000 		.4byte	_ZZNK6Effect20getParameterStrValueEhlE5names
 11062 42ef 00       		.byte	0
 11063 42f0 00       		.byte	0
 11064 42f1 0D       		.uleb128 0xd
 11065 42f2 D71C0000 		.4byte	0x1cd7
 11066 42f6 01430000 		.4byte	0x4301
 11067 42fa 0F       		.uleb128 0xf
 11068 42fb 7B010000 		.4byte	0x17b
 11069 42ff 04       		.byte	0x4
 11070 4300 00       		.byte	0
 11071 4301 14       		.uleb128 0x14
 11072 4302 E43A0000 		.4byte	0x3ae4
 11073 4306 0F430000 		.4byte	0x430f
 11074 430a 03       		.byte	0x3
 11075 430b 24430000 		.4byte	0x4324
 11076 430f 13       		.uleb128 0x13
 11077 4310 AC0F0000 		.4byte	.LASF597
 11078 4314 053C0000 		.4byte	0x3c05
 11079 4318 12       		.uleb128 0x12
 11080 4319 696400   		.ascii	"id\000"
 11081 431c 05       		.byte	0x5
 11082 431d 6F       		.byte	0x6f
 11083 431e 2C       		.byte	0x2c
 11084 431f 84000000 		.4byte	0x84
 11085 4323 00       		.byte	0
 11086 4324 14       		.uleb128 0x14
 11087 4325 BF3A0000 		.4byte	0x3abf
 11088 4329 32430000 		.4byte	0x4332
 11089 432d 03       		.byte	0x3
 11090 432e 53430000 		.4byte	0x4353
 11091 4332 13       		.uleb128 0x13
 11092 4333 AC0F0000 		.4byte	.LASF597
 11093 4337 FA3B0000 		.4byte	0x3bfa
 11094 433b 12       		.uleb128 0x12
 11095 433c 696400   		.ascii	"id\000"
 11096 433f 05       		.byte	0x5
 11097 4340 5A       		.byte	0x5a
 11098 4341 24       		.byte	0x24
 11099 4342 84000000 		.4byte	0x84
 11100 4346 1C       		.uleb128 0x1c
 11101 4347 C2080000 		.4byte	.LASF453
 11102 434b 05       		.byte	0x5
 11103 434c 5A       		.byte	0x5a
 11104 434d 30       		.byte	0x30
 11105 434e 59000000 		.4byte	0x59
 11106 4352 00       		.byte	0
 11107 4353 14       		.uleb128 0x14
 11108 4354 953A0000 		.4byte	0x3a95
 11109 4358 61430000 		.4byte	0x4361
 11110 435c 03       		.byte	0x3
 11111 435d 9A430000 		.4byte	0x439a
ARM GAS  /tmp/ccHvmxP5.s 			page 196


 11112 4361 13       		.uleb128 0x13
 11113 4362 AC0F0000 		.4byte	.LASF597
 11114 4366 FA3B0000 		.4byte	0x3bfa
 11115 436a 12       		.uleb128 0x12
 11116 436b 696E00   		.ascii	"in\000"
 11117 436e 05       		.byte	0x5
 11118 436f 4F       		.byte	0x4f
 11119 4370 24       		.byte	0x24
 11120 4371 C32D0000 		.4byte	0x2dc3
 11121 4375 12       		.uleb128 0x12
 11122 4376 6F757400 		.ascii	"out\000"
 11123 437a 05       		.byte	0x5
 11124 437b 4F       		.byte	0x4f
 11125 437c 2F       		.byte	0x2f
 11126 437d 9B220000 		.4byte	0x229b
 11127 4381 1C       		.uleb128 0x1c
 11128 4382 42110000 		.4byte	.LASF588
 11129 4386 05       		.byte	0x5
 11130 4387 4F       		.byte	0x4f
 11131 4388 3D       		.byte	0x3d
 11132 4389 AF000000 		.4byte	0xaf
 11133 438d 54       		.uleb128 0x54
 11134 438e 43       		.uleb128 0x43
 11135 438f 6600     		.ascii	"f\000"
 11136 4391 05       		.byte	0x5
 11137 4392 51       		.byte	0x51
 11138 4393 15       		.byte	0x15
 11139 4394 AF000000 		.4byte	0xaf
 11140 4398 00       		.byte	0
 11141 4399 00       		.byte	0
 11142 439a 14       		.uleb128 0x14
 11143 439b 7A3A0000 		.4byte	0x3a7a
 11144 439f A8430000 		.4byte	0x43a8
 11145 43a3 03       		.byte	0x3
 11146 43a4 B2430000 		.4byte	0x43b2
 11147 43a8 13       		.uleb128 0x13
 11148 43a9 AC0F0000 		.4byte	.LASF597
 11149 43ad FA3B0000 		.4byte	0x3bfa
 11150 43b1 00       		.byte	0
 11151 43b2 14       		.uleb128 0x14
 11152 43b3 5F3A0000 		.4byte	0x3a5f
 11153 43b7 C0430000 		.4byte	0x43c0
 11154 43bb 03       		.byte	0x3
 11155 43bc CA430000 		.4byte	0x43ca
 11156 43c0 13       		.uleb128 0x13
 11157 43c1 AC0F0000 		.4byte	.LASF597
 11158 43c5 FA3B0000 		.4byte	0x3bfa
 11159 43c9 00       		.byte	0
 11160 43ca 14       		.uleb128 0x14
 11161 43cb 443A0000 		.4byte	0x3a44
 11162 43cf D8430000 		.4byte	0x43d8
 11163 43d3 03       		.byte	0x3
 11164 43d4 E2430000 		.4byte	0x43e2
 11165 43d8 13       		.uleb128 0x13
 11166 43d9 AC0F0000 		.4byte	.LASF597
 11167 43dd FA3B0000 		.4byte	0x3bfa
 11168 43e1 00       		.byte	0
ARM GAS  /tmp/ccHvmxP5.s 			page 197


 11169 43e2 14       		.uleb128 0x14
 11170 43e3 293A0000 		.4byte	0x3a29
 11171 43e7 F0430000 		.4byte	0x43f0
 11172 43eb 03       		.byte	0x3
 11173 43ec FA430000 		.4byte	0x43fa
 11174 43f0 13       		.uleb128 0x13
 11175 43f1 AC0F0000 		.4byte	.LASF597
 11176 43f5 FA3B0000 		.4byte	0x3bfa
 11177 43f9 00       		.byte	0
 11178 43fa 27       		.uleb128 0x27
 11179 43fb 053A0000 		.4byte	0x3a05
 11180 43ff 11440000 		.4byte	0x4411
 11181 4403 00000000 		.4byte	.LFB511
 11182 4407 34010000 		.4byte	.LFE511-.LFB511
 11183 440b 01       		.uleb128 0x1
 11184 440c 9C       		.byte	0x9c
 11185 440d 6B460000 		.4byte	0x466b
 11186 4411 2C       		.uleb128 0x2c
 11187 4412 AC0F0000 		.4byte	.LASF597
 11188 4416 FA3B0000 		.4byte	0x3bfa
 11189 441a 6E070000 		.4byte	.LLST86
 11190 441e 52070000 		.4byte	.LVUS86
 11191 4422 24       		.uleb128 0x24
 11192 4423 A3180000 		.4byte	.LASF593
 11193 4427 05       		.byte	0x5
 11194 4428 22       		.byte	0x22
 11195 4429 31       		.byte	0x31
 11196 442a BD2D0000 		.4byte	0x2dbd
 11197 442e 1E080000 		.4byte	.LLST87
 11198 4432 10080000 		.4byte	.LVUS87
 11199 4436 16       		.uleb128 0x16
 11200 4437 191C0000 		.4byte	.LASF598
 11201 443b 05       		.byte	0x5
 11202 443c 35       		.byte	0x35
 11203 443d 12       		.byte	0x12
 11204 443e BE150000 		.4byte	0x15be
 11205 4442 7B080000 		.4byte	.LLST88
 11206 4446 79080000 		.4byte	.LVUS88
 11207 444a 16       		.uleb128 0x16
 11208 444b DA110000 		.4byte	.LASF599
 11209 444f 05       		.byte	0x5
 11210 4450 36       		.byte	0x36
 11211 4451 0C       		.byte	0xc
 11212 4452 9B220000 		.4byte	0x229b
 11213 4456 97080000 		.4byte	.LLST89
 11214 445a 93080000 		.4byte	.LVUS89
 11215 445e 16       		.uleb128 0x16
 11216 445f 05120000 		.4byte	.LASF600
 11217 4463 05       		.byte	0x5
 11218 4464 38       		.byte	0x38
 11219 4465 0C       		.byte	0xc
 11220 4466 9B220000 		.4byte	0x229b
 11221 446a B9080000 		.4byte	.LLST90
 11222 446e B5080000 		.4byte	.LVUS90
 11223 4472 18       		.uleb128 0x18
 11224 4473 444D0000 		.4byte	0x4d44
 11225 4477 7C000000 		.4byte	.LBI228
ARM GAS  /tmp/ccHvmxP5.s 			page 198


 11226 447b 0100     		.2byte	.LVU545
 11227 447d 38020000 		.4byte	.Ldebug_ranges0+0x238
 11228 4481 05       		.byte	0x5
 11229 4482 3E       		.byte	0x3e
 11230 4483 14       		.byte	0x14
 11231 4484 EB450000 		.4byte	0x45eb
 11232 4488 05       		.uleb128 0x5
 11233 4489 724D0000 		.4byte	0x4d72
 11234 448d D9080000 		.4byte	.LLST91
 11235 4491 D7080000 		.4byte	.LVUS91
 11236 4495 05       		.uleb128 0x5
 11237 4496 664D0000 		.4byte	0x4d66
 11238 449a EE080000 		.4byte	.LLST92
 11239 449e EC080000 		.4byte	.LVUS92
 11240 44a2 05       		.uleb128 0x5
 11241 44a3 5B4D0000 		.4byte	0x4d5b
 11242 44a7 03090000 		.4byte	.LLST93
 11243 44ab 01090000 		.4byte	.LVUS93
 11244 44af 05       		.uleb128 0x5
 11245 44b0 524D0000 		.4byte	0x4d52
 11246 44b4 1D090000 		.4byte	.LLST94
 11247 44b8 1B090000 		.4byte	.LVUS94
 11248 44bc 18       		.uleb128 0x18
 11249 44bd 8C510000 		.4byte	0x518c
 11250 44c1 86000000 		.4byte	.LBI230
 11251 44c5 0100     		.2byte	.LVU551
 11252 44c7 70020000 		.4byte	.Ldebug_ranges0+0x270
 11253 44cb 03       		.byte	0x3
 11254 44cc 2C       		.byte	0x2c
 11255 44cd 10       		.byte	0x10
 11256 44ce 19450000 		.4byte	0x4519
 11257 44d2 05       		.uleb128 0x5
 11258 44d3 AF510000 		.4byte	0x51af
 11259 44d7 32090000 		.4byte	.LLST95
 11260 44db 30090000 		.4byte	.LVUS95
 11261 44df 05       		.uleb128 0x5
 11262 44e0 A3510000 		.4byte	0x51a3
 11263 44e4 4C090000 		.4byte	.LLST96
 11264 44e8 4A090000 		.4byte	.LVUS96
 11265 44ec 05       		.uleb128 0x5
 11266 44ed 9A510000 		.4byte	0x519a
 11267 44f1 61090000 		.4byte	.LLST97
 11268 44f5 5F090000 		.4byte	.LVUS97
 11269 44f9 1A       		.uleb128 0x1a
 11270 44fa 94000000 		.4byte	.LVL157
 11271 44fe 1D530000 		.4byte	0x531d
 11272 4502 07       		.uleb128 0x7
 11273 4503 01       		.uleb128 0x1
 11274 4504 50       		.byte	0x50
 11275 4505 02       		.uleb128 0x2
 11276 4506 77       		.byte	0x77
 11277 4507 00       		.sleb128 0
 11278 4508 07       		.uleb128 0x7
 11279 4509 01       		.uleb128 0x1
 11280 450a 51       		.byte	0x51
 11281 450b 02       		.uleb128 0x2
 11282 450c 75       		.byte	0x75
ARM GAS  /tmp/ccHvmxP5.s 			page 199


 11283 450d 00       		.sleb128 0
 11284 450e 07       		.uleb128 0x7
 11285 450f 01       		.uleb128 0x1
 11286 4510 52       		.byte	0x52
 11287 4511 05       		.uleb128 0x5
 11288 4512 0C       		.byte	0xc
 11289 4513 00B80B00 		.4byte	0xbb800
 11290 4517 00       		.byte	0
 11291 4518 00       		.byte	0
 11292 4519 18       		.uleb128 0x18
 11293 451a 0C4C0000 		.4byte	0x4c0c
 11294 451e C2000000 		.4byte	.LBI239
 11295 4522 0100     		.2byte	.LVU580
 11296 4524 A0020000 		.4byte	.Ldebug_ranges0+0x2a0
 11297 4528 03       		.byte	0x3
 11298 4529 30       		.byte	0x30
 11299 452a 10       		.byte	0x10
 11300 452b 4A450000 		.4byte	0x454a
 11301 452f 05       		.uleb128 0x5
 11302 4530 234C0000 		.4byte	0x4c23
 11303 4534 79090000 		.4byte	.LLST98
 11304 4538 77090000 		.4byte	.LVUS98
 11305 453c 05       		.uleb128 0x5
 11306 453d 1A4C0000 		.4byte	0x4c1a
 11307 4541 93090000 		.4byte	.LLST99
 11308 4545 91090000 		.4byte	.LVUS99
 11309 4549 00       		.byte	0
 11310 454a 51       		.uleb128 0x51
 11311 454b 8C510000 		.4byte	0x518c
 11312 454f 94000000 		.4byte	.LBI247
 11313 4553 0200     		.2byte	.LVU561
 11314 4555 94000000 		.4byte	.LBB247
 11315 4559 12000000 		.4byte	.LBE247-.LBB247
 11316 455d 03       		.byte	0x3
 11317 455e 2D       		.byte	0x2d
 11318 455f 10       		.byte	0x10
 11319 4560 AB450000 		.4byte	0x45ab
 11320 4564 05       		.uleb128 0x5
 11321 4565 AF510000 		.4byte	0x51af
 11322 4569 A8090000 		.4byte	.LLST100
 11323 456d A6090000 		.4byte	.LVUS100
 11324 4571 05       		.uleb128 0x5
 11325 4572 A3510000 		.4byte	0x51a3
 11326 4576 C2090000 		.4byte	.LLST101
 11327 457a C0090000 		.4byte	.LVUS101
 11328 457e 05       		.uleb128 0x5
 11329 457f 9A510000 		.4byte	0x519a
 11330 4583 D7090000 		.4byte	.LLST102
 11331 4587 D5090000 		.4byte	.LVUS102
 11332 458b 1A       		.uleb128 0x1a
 11333 458c A6000000 		.4byte	.LVL158
 11334 4590 1D530000 		.4byte	0x531d
 11335 4594 07       		.uleb128 0x7
 11336 4595 01       		.uleb128 0x1
 11337 4596 50       		.byte	0x50
 11338 4597 02       		.uleb128 0x2
 11339 4598 76       		.byte	0x76
ARM GAS  /tmp/ccHvmxP5.s 			page 200


 11340 4599 00       		.sleb128 0
 11341 459a 07       		.uleb128 0x7
 11342 459b 01       		.uleb128 0x1
 11343 459c 51       		.byte	0x51
 11344 459d 02       		.uleb128 0x2
 11345 459e 75       		.byte	0x75
 11346 459f 00       		.sleb128 0
 11347 45a0 07       		.uleb128 0x7
 11348 45a1 01       		.uleb128 0x1
 11349 45a2 52       		.byte	0x52
 11350 45a3 05       		.uleb128 0x5
 11351 45a4 0C       		.byte	0xc
 11352 45a5 00B80B00 		.4byte	0xbb800
 11353 45a9 00       		.byte	0
 11354 45aa 00       		.byte	0
 11355 45ab 1E       		.uleb128 0x1e
 11356 45ac AE000000 		.4byte	.LVL159
 11357 45b0 CF4F0000 		.4byte	0x4fcf
 11358 45b4 BF450000 		.4byte	0x45bf
 11359 45b8 07       		.uleb128 0x7
 11360 45b9 01       		.uleb128 0x1
 11361 45ba 50       		.byte	0x50
 11362 45bb 02       		.uleb128 0x2
 11363 45bc 74       		.byte	0x74
 11364 45bd 38       		.sleb128 56
 11365 45be 00       		.byte	0
 11366 45bf 1E       		.uleb128 0x1e
 11367 45c0 B6000000 		.4byte	.LVL160
 11368 45c4 CF4F0000 		.4byte	0x4fcf
 11369 45c8 D4450000 		.4byte	0x45d4
 11370 45cc 07       		.uleb128 0x7
 11371 45cd 01       		.uleb128 0x1
 11372 45ce 50       		.byte	0x50
 11373 45cf 03       		.uleb128 0x3
 11374 45d0 74       		.byte	0x74
 11375 45d1 D400     		.sleb128 84
 11376 45d3 00       		.byte	0
 11377 45d4 1A       		.uleb128 0x1a
 11378 45d5 C2000000 		.4byte	.LVL162
 11379 45d9 304C0000 		.4byte	0x4c30
 11380 45dd 07       		.uleb128 0x7
 11381 45de 01       		.uleb128 0x1
 11382 45df 50       		.byte	0x50
 11383 45e0 02       		.uleb128 0x2
 11384 45e1 74       		.byte	0x74
 11385 45e2 00       		.sleb128 0
 11386 45e3 07       		.uleb128 0x7
 11387 45e4 01       		.uleb128 0x1
 11388 45e5 51       		.byte	0x51
 11389 45e6 02       		.uleb128 0x2
 11390 45e7 75       		.byte	0x75
 11391 45e8 00       		.sleb128 0
 11392 45e9 00       		.byte	0
 11393 45ea 00       		.byte	0
 11394 45eb 18       		.uleb128 0x18
 11395 45ec 0C4C0000 		.4byte	0x4c0c
 11396 45f0 EA000000 		.4byte	.LBI264
ARM GAS  /tmp/ccHvmxP5.s 			page 201


 11397 45f4 0400     		.2byte	.LVU606
 11398 45f6 D8020000 		.4byte	.Ldebug_ranges0+0x2d8
 11399 45fa 05       		.byte	0x5
 11400 45fb 45       		.byte	0x45
 11401 45fc 1B       		.byte	0x1b
 11402 45fd 1C460000 		.4byte	0x461c
 11403 4601 05       		.uleb128 0x5
 11404 4602 234C0000 		.4byte	0x4c23
 11405 4606 EF090000 		.4byte	.LLST103
 11406 460a ED090000 		.4byte	.LVUS103
 11407 460e 05       		.uleb128 0x5
 11408 460f 1A4C0000 		.4byte	0x4c1a
 11409 4613 090A0000 		.4byte	.LLST104
 11410 4617 070A0000 		.4byte	.LVUS104
 11411 461b 00       		.byte	0
 11412 461c 55       		.uleb128 0x55
 11413 461d 5C000000 		.4byte	.LVL150
 11414 4621 2F460000 		.4byte	0x462f
 11415 4625 07       		.uleb128 0x7
 11416 4626 01       		.uleb128 0x1
 11417 4627 50       		.byte	0x50
 11418 4628 05       		.uleb128 0x5
 11419 4629 0C       		.byte	0xc
 11420 462a 00B80B00 		.4byte	0xbb800
 11421 462e 00       		.byte	0
 11422 462f 55       		.uleb128 0x55
 11423 4630 68000000 		.4byte	.LVL152
 11424 4634 42460000 		.4byte	0x4642
 11425 4638 07       		.uleb128 0x7
 11426 4639 01       		.uleb128 0x1
 11427 463a 50       		.byte	0x50
 11428 463b 05       		.uleb128 0x5
 11429 463c 0C       		.byte	0xc
 11430 463d 00B80B00 		.4byte	0xbb800
 11431 4641 00       		.byte	0
 11432 4642 56       		.uleb128 0x56
 11433 4643 74000000 		.4byte	.LVL154
 11434 4647 27530000 		.4byte	0x5327
 11435 464b 56       		.uleb128 0x56
 11436 464c 7C000000 		.4byte	.LVL155
 11437 4650 33530000 		.4byte	0x5333
 11438 4654 1A       		.uleb128 0x1a
 11439 4655 EA000000 		.4byte	.LVL165
 11440 4659 304C0000 		.4byte	0x4c30
 11441 465d 07       		.uleb128 0x7
 11442 465e 01       		.uleb128 0x1
 11443 465f 50       		.byte	0x50
 11444 4660 02       		.uleb128 0x2
 11445 4661 74       		.byte	0x74
 11446 4662 00       		.sleb128 0
 11447 4663 07       		.uleb128 0x7
 11448 4664 01       		.uleb128 0x1
 11449 4665 51       		.byte	0x51
 11450 4666 02       		.uleb128 0x2
 11451 4667 75       		.byte	0x75
 11452 4668 00       		.sleb128 0
 11453 4669 00       		.byte	0
ARM GAS  /tmp/ccHvmxP5.s 			page 202


 11454 466a 00       		.byte	0
 11455 466b 14       		.uleb128 0x14
 11456 466c E1390000 		.4byte	0x39e1
 11457 4670 79460000 		.4byte	0x4679
 11458 4674 02       		.byte	0x2
 11459 4675 8C460000 		.4byte	0x468c
 11460 4679 13       		.uleb128 0x13
 11461 467a AC0F0000 		.4byte	.LASF597
 11462 467e FA3B0000 		.4byte	0x3bfa
 11463 4682 13       		.uleb128 0x13
 11464 4683 CA1E0000 		.4byte	.LASF601
 11465 4687 46010000 		.4byte	0x146
 11466 468b 00       		.byte	0
 11467 468c 30       		.uleb128 0x30
 11468 468d 6B460000 		.4byte	0x466b
 11469 4691 081D0000 		.4byte	.LASF602
 11470 4695 9D460000 		.4byte	0x469d
 11471 4699 A3460000 		.4byte	0x46a3
 11472 469d 22       		.uleb128 0x22
 11473 469e 79460000 		.4byte	0x4679
 11474 46a2 00       		.byte	0
 11475 46a3 14       		.uleb128 0x14
 11476 46a4 C2390000 		.4byte	0x39c2
 11477 46a8 B1460000 		.4byte	0x46b1
 11478 46ac 02       		.byte	0x2
 11479 46ad BB460000 		.4byte	0x46bb
 11480 46b1 13       		.uleb128 0x13
 11481 46b2 AC0F0000 		.4byte	.LASF597
 11482 46b6 FA3B0000 		.4byte	0x3bfa
 11483 46ba 00       		.byte	0
 11484 46bb 30       		.uleb128 0x30
 11485 46bc A3460000 		.4byte	0x46a3
 11486 46c0 B71B0000 		.4byte	.LASF603
 11487 46c4 CC460000 		.4byte	0x46cc
 11488 46c8 D2460000 		.4byte	0x46d2
 11489 46cc 22       		.uleb128 0x22
 11490 46cd B1460000 		.4byte	0x46b1
 11491 46d1 00       		.byte	0
 11492 46d2 27       		.uleb128 0x27
 11493 46d3 9F380000 		.4byte	0x389f
 11494 46d7 E9460000 		.4byte	0x46e9
 11495 46db 00000000 		.4byte	.LFB504
 11496 46df EC030000 		.4byte	.LFE504-.LFB504
 11497 46e3 01       		.uleb128 0x1
 11498 46e4 9C       		.byte	0x9c
 11499 46e5 0C4C0000 		.4byte	0x4c0c
 11500 46e9 2C       		.uleb128 0x2c
 11501 46ea AC0F0000 		.4byte	.LASF597
 11502 46ee A0390000 		.4byte	0x39a0
 11503 46f2 220A0000 		.4byte	.LLST38
 11504 46f6 1C0A0000 		.4byte	.LVUS38
 11505 46fa 20       		.uleb128 0x20
 11506 46fb 696E00   		.ascii	"in\000"
 11507 46fe 03       		.byte	0x3
 11508 46ff 5B       		.byte	0x5b
 11509 4700 1D       		.byte	0x1d
 11510 4701 C32D0000 		.4byte	0x2dc3
ARM GAS  /tmp/ccHvmxP5.s 			page 203


 11511 4705 520A0000 		.4byte	.LLST39
 11512 4709 4E0A0000 		.4byte	.LVUS39
 11513 470d 20       		.uleb128 0x20
 11514 470e 6F757400 		.ascii	"out\000"
 11515 4712 03       		.byte	0x3
 11516 4713 5B       		.byte	0x5b
 11517 4714 28       		.byte	0x28
 11518 4715 9B220000 		.4byte	0x229b
 11519 4719 770A0000 		.4byte	.LLST40
 11520 471d 730A0000 		.4byte	.LVUS40
 11521 4721 24       		.uleb128 0x24
 11522 4722 42110000 		.4byte	.LASF588
 11523 4726 03       		.byte	0x3
 11524 4727 5B       		.byte	0x5b
 11525 4728 36       		.byte	0x36
 11526 4729 AF000000 		.4byte	0xaf
 11527 472d 9E0A0000 		.4byte	.LLST41
 11528 4731 980A0000 		.4byte	.LVUS41
 11529 4735 2B       		.uleb128 0x2b
 11530 4736 00000000 		.4byte	.Ldebug_ranges0+0
 11531 473a 10       		.uleb128 0x10
 11532 473b 6600     		.ascii	"f\000"
 11533 473d 03       		.byte	0x3
 11534 473e 5C       		.byte	0x5c
 11535 473f 13       		.byte	0x13
 11536 4740 AF000000 		.4byte	0xaf
 11537 4744 D30A0000 		.4byte	.LLST42
 11538 4748 CB0A0000 		.4byte	.LVUS42
 11539 474c 2B       		.uleb128 0x2b
 11540 474d 20000000 		.4byte	.Ldebug_ranges0+0x20
 11541 4751 10       		.uleb128 0x10
 11542 4752 696E4C00 		.ascii	"inL\000"
 11543 4756 03       		.byte	0x3
 11544 4757 5D       		.byte	0x5d
 11545 4758 0D       		.byte	0xd
 11546 4759 25000000 		.4byte	0x25
 11547 475d 120B0000 		.4byte	.LLST43
 11548 4761 0A0B0000 		.4byte	.LVUS43
 11549 4765 10       		.uleb128 0x10
 11550 4766 696E5200 		.ascii	"inR\000"
 11551 476a 03       		.byte	0x3
 11552 476b 5E       		.byte	0x5e
 11553 476c 0D       		.byte	0xd
 11554 476d 25000000 		.4byte	0x25
 11555 4771 540B0000 		.4byte	.LLST44
 11556 4775 4A0B0000 		.4byte	.LVUS44
 11557 4779 10       		.uleb128 0x10
 11558 477a 6C666F00 		.ascii	"lfo\000"
 11559 477e 03       		.byte	0x3
 11560 477f 65       		.byte	0x65
 11561 4780 0D       		.byte	0xd
 11562 4781 25000000 		.4byte	0x25
 11563 4785 A00B0000 		.4byte	.LLST45
 11564 4789 980B0000 		.4byte	.LVUS45
 11565 478d 16       		.uleb128 0x16
 11566 478e D3040000 		.4byte	.LASF604
 11567 4792 03       		.byte	0x3
ARM GAS  /tmp/ccHvmxP5.s 			page 204


 11568 4793 8C       		.byte	0x8c
 11569 4794 0D       		.byte	0xd
 11570 4795 25000000 		.4byte	0x25
 11571 4799 DC0B0000 		.4byte	.LLST46
 11572 479d D80B0000 		.4byte	.LVUS46
 11573 47a1 16       		.uleb128 0x16
 11574 47a2 48040000 		.4byte	.LASF605
 11575 47a6 03       		.byte	0x3
 11576 47a7 8D       		.byte	0x8d
 11577 47a8 0D       		.byte	0xd
 11578 47a9 25000000 		.4byte	0x25
 11579 47ad 0A0C0000 		.4byte	.LLST47
 11580 47b1 040C0000 		.4byte	.LVUS47
 11581 47b5 16       		.uleb128 0x16
 11582 47b6 00160000 		.4byte	.LASF606
 11583 47ba 03       		.byte	0x3
 11584 47bb 94       		.byte	0x94
 11585 47bc 0D       		.byte	0xd
 11586 47bd 25000000 		.4byte	0x25
 11587 47c1 4E0C0000 		.4byte	.LLST48
 11588 47c5 3E0C0000 		.4byte	.LVUS48
 11589 47c9 16       		.uleb128 0x16
 11590 47ca 58120000 		.4byte	.LASF607
 11591 47ce 03       		.byte	0x3
 11592 47cf 94       		.byte	0x94
 11593 47d0 19       		.byte	0x19
 11594 47d1 25000000 		.4byte	0x25
 11595 47d5 CE0C0000 		.4byte	.LLST49
 11596 47d9 C60C0000 		.4byte	.LVUS49
 11597 47dd 35       		.uleb128 0x35
 11598 47de B8000000 		.4byte	.Ldebug_ranges0+0xb8
 11599 47e2 BB480000 		.4byte	0x48bb
 11600 47e6 16       		.uleb128 0x16
 11601 47e7 BC1C0000 		.4byte	.LASF608
 11602 47eb 03       		.byte	0x3
 11603 47ec 6F       		.byte	0x6f
 11604 47ed 13       		.byte	0x13
 11605 47ee 25000000 		.4byte	0x25
 11606 47f2 0E0D0000 		.4byte	.LLST61
 11607 47f6 0A0D0000 		.4byte	.LVUS61
 11608 47fa 18       		.uleb128 0x18
 11609 47fb 1F520000 		.4byte	0x521f
 11610 47ff 24010000 		.4byte	.LBI139
 11611 4803 0100     		.2byte	.LVU323
 11612 4805 D0000000 		.4byte	.Ldebug_ranges0+0xd0
 11613 4809 03       		.byte	0x3
 11614 480a 70       		.byte	0x70
 11615 480b 1C       		.byte	0x1c
 11616 480c 38480000 		.4byte	0x4838
 11617 4810 05       		.uleb128 0x5
 11618 4811 49520000 		.4byte	0x5249
 11619 4815 320D0000 		.4byte	.LLST62
 11620 4819 2E0D0000 		.4byte	.LVUS62
 11621 481d 05       		.uleb128 0x5
 11622 481e 3E520000 		.4byte	0x523e
 11623 4822 5E0D0000 		.4byte	.LLST63
 11624 4826 5A0D0000 		.4byte	.LVUS63
ARM GAS  /tmp/ccHvmxP5.s 			page 205


 11625 482a 05       		.uleb128 0x5
 11626 482b 34520000 		.4byte	0x5234
 11627 482f 8A0D0000 		.4byte	.LLST64
 11628 4833 860D0000 		.4byte	.LVUS64
 11629 4837 00       		.byte	0
 11630 4838 18       		.uleb128 0x18
 11631 4839 1F520000 		.4byte	0x521f
 11632 483d 52010000 		.4byte	.LBI142
 11633 4841 0100     		.2byte	.LVU330
 11634 4843 E8000000 		.4byte	.Ldebug_ranges0+0xe8
 11635 4847 03       		.byte	0x3
 11636 4848 71       		.byte	0x71
 11637 4849 1C       		.byte	0x1c
 11638 484a 76480000 		.4byte	0x4876
 11639 484e 05       		.uleb128 0x5
 11640 484f 49520000 		.4byte	0x5249
 11641 4853 AE0D0000 		.4byte	.LLST65
 11642 4857 AA0D0000 		.4byte	.LVUS65
 11643 485b 05       		.uleb128 0x5
 11644 485c 3E520000 		.4byte	0x523e
 11645 4860 DA0D0000 		.4byte	.LLST66
 11646 4864 D60D0000 		.4byte	.LVUS66
 11647 4868 05       		.uleb128 0x5
 11648 4869 34520000 		.4byte	0x5234
 11649 486d 060E0000 		.4byte	.LLST67
 11650 4871 020E0000 		.4byte	.LVUS67
 11651 4875 00       		.byte	0
 11652 4876 1E       		.uleb128 0x1e
 11653 4877 52010000 		.4byte	.LVL82
 11654 487b E24E0000 		.4byte	0x4ee2
 11655 487f 96480000 		.4byte	0x4896
 11656 4883 07       		.uleb128 0x7
 11657 4884 01       		.uleb128 0x1
 11658 4885 50       		.byte	0x50
 11659 4886 02       		.uleb128 0x2
 11660 4887 79       		.byte	0x79
 11661 4888 00       		.sleb128 0
 11662 4889 07       		.uleb128 0x7
 11663 488a 02       		.uleb128 0x2
 11664 488b 90       		.byte	0x90
 11665 488c 41       		.uleb128 0x41
 11666 488d 07       		.uleb128 0x7
 11667 488e F4       		.byte	0xf4
 11668 488f 25       		.uleb128 0x25
 11669 4890 04       		.byte	0x4
 11670 4891 00004040 		.4byte	0x40400000
 11671 4895 00       		.byte	0
 11672 4896 1A       		.uleb128 0x1a
 11673 4897 84010000 		.4byte	.LVL84
 11674 489b E24E0000 		.4byte	0x4ee2
 11675 489f 07       		.uleb128 0x7
 11676 48a0 01       		.uleb128 0x1
 11677 48a1 50       		.byte	0x50
 11678 48a2 02       		.uleb128 0x2
 11679 48a3 77       		.byte	0x77
 11680 48a4 00       		.sleb128 0
 11681 48a5 07       		.uleb128 0x7
ARM GAS  /tmp/ccHvmxP5.s 			page 206


 11682 48a6 02       		.uleb128 0x2
 11683 48a7 90       		.byte	0x90
 11684 48a8 40       		.uleb128 0x40
 11685 48a9 03       		.uleb128 0x3
 11686 48aa F5       		.byte	0xf5
 11687 48ab 50       		.uleb128 0x50
 11688 48ac 25       		.uleb128 0x25
 11689 48ad 07       		.uleb128 0x7
 11690 48ae 02       		.uleb128 0x2
 11691 48af 90       		.byte	0x90
 11692 48b0 41       		.uleb128 0x41
 11693 48b1 07       		.uleb128 0x7
 11694 48b2 F4       		.byte	0xf4
 11695 48b3 25       		.uleb128 0x25
 11696 48b4 04       		.byte	0x4
 11697 48b5 00004040 		.4byte	0x40400000
 11698 48b9 00       		.byte	0
 11699 48ba 00       		.byte	0
 11700 48bb 35       		.uleb128 0x35
 11701 48bc 48000000 		.4byte	.Ldebug_ranges0+0x48
 11702 48c0 99490000 		.4byte	0x4999
 11703 48c4 16       		.uleb128 0x16
 11704 48c5 64110000 		.4byte	.LASF609
 11705 48c9 03       		.byte	0x3
 11706 48ca 77       		.byte	0x77
 11707 48cb 13       		.byte	0x13
 11708 48cc 25000000 		.4byte	0x25
 11709 48d0 2A0E0000 		.4byte	.LLST50
 11710 48d4 260E0000 		.4byte	.LVUS50
 11711 48d8 18       		.uleb128 0x18
 11712 48d9 1F520000 		.4byte	0x521f
 11713 48dd EA020000 		.4byte	.LBI124
 11714 48e1 0100     		.2byte	.LVU455
 11715 48e3 68000000 		.4byte	.Ldebug_ranges0+0x68
 11716 48e7 03       		.byte	0x3
 11717 48e8 78       		.byte	0x78
 11718 48e9 1C       		.byte	0x1c
 11719 48ea 16490000 		.4byte	0x4916
 11720 48ee 05       		.uleb128 0x5
 11721 48ef 49520000 		.4byte	0x5249
 11722 48f3 4E0E0000 		.4byte	.LLST51
 11723 48f7 4A0E0000 		.4byte	.LVUS51
 11724 48fb 05       		.uleb128 0x5
 11725 48fc 3E520000 		.4byte	0x523e
 11726 4900 7A0E0000 		.4byte	.LLST52
 11727 4904 760E0000 		.4byte	.LVUS52
 11728 4908 05       		.uleb128 0x5
 11729 4909 34520000 		.4byte	0x5234
 11730 490d A60E0000 		.4byte	.LLST53
 11731 4911 A20E0000 		.4byte	.LVUS53
 11732 4915 00       		.byte	0
 11733 4916 18       		.uleb128 0x18
 11734 4917 1F520000 		.4byte	0x521f
 11735 491b 16030000 		.4byte	.LBI127
 11736 491f 0100     		.2byte	.LVU462
 11737 4921 80000000 		.4byte	.Ldebug_ranges0+0x80
 11738 4925 03       		.byte	0x3
ARM GAS  /tmp/ccHvmxP5.s 			page 207


 11739 4926 79       		.byte	0x79
 11740 4927 1C       		.byte	0x1c
 11741 4928 54490000 		.4byte	0x4954
 11742 492c 05       		.uleb128 0x5
 11743 492d 49520000 		.4byte	0x5249
 11744 4931 CA0E0000 		.4byte	.LLST54
 11745 4935 C60E0000 		.4byte	.LVUS54
 11746 4939 05       		.uleb128 0x5
 11747 493a 3E520000 		.4byte	0x523e
 11748 493e F60E0000 		.4byte	.LLST55
 11749 4942 F20E0000 		.4byte	.LVUS55
 11750 4946 05       		.uleb128 0x5
 11751 4947 34520000 		.4byte	0x5234
 11752 494b 220F0000 		.4byte	.LLST56
 11753 494f 1E0F0000 		.4byte	.LVUS56
 11754 4953 00       		.byte	0
 11755 4954 1E       		.uleb128 0x1e
 11756 4955 16030000 		.4byte	.LVL124
 11757 4959 F54D0000 		.4byte	0x4df5
 11758 495d 74490000 		.4byte	0x4974
 11759 4961 07       		.uleb128 0x7
 11760 4962 01       		.uleb128 0x1
 11761 4963 50       		.byte	0x50
 11762 4964 02       		.uleb128 0x2
 11763 4965 79       		.byte	0x79
 11764 4966 00       		.sleb128 0
 11765 4967 07       		.uleb128 0x7
 11766 4968 02       		.uleb128 0x2
 11767 4969 90       		.byte	0x90
 11768 496a 41       		.uleb128 0x41
 11769 496b 07       		.uleb128 0x7
 11770 496c F4       		.byte	0xf4
 11771 496d 25       		.uleb128 0x25
 11772 496e 04       		.byte	0x4
 11773 496f 00008040 		.4byte	0x40800000
 11774 4973 00       		.byte	0
 11775 4974 1A       		.uleb128 0x1a
 11776 4975 46030000 		.4byte	.LVL126
 11777 4979 F54D0000 		.4byte	0x4df5
 11778 497d 07       		.uleb128 0x7
 11779 497e 01       		.uleb128 0x1
 11780 497f 50       		.byte	0x50
 11781 4980 02       		.uleb128 0x2
 11782 4981 77       		.byte	0x77
 11783 4982 00       		.sleb128 0
 11784 4983 07       		.uleb128 0x7
 11785 4984 02       		.uleb128 0x2
 11786 4985 90       		.byte	0x90
 11787 4986 40       		.uleb128 0x40
 11788 4987 03       		.uleb128 0x3
 11789 4988 F5       		.byte	0xf5
 11790 4989 50       		.uleb128 0x50
 11791 498a 25       		.uleb128 0x25
 11792 498b 07       		.uleb128 0x7
 11793 498c 02       		.uleb128 0x2
 11794 498d 90       		.byte	0x90
 11795 498e 41       		.uleb128 0x41
ARM GAS  /tmp/ccHvmxP5.s 			page 208


 11796 498f 07       		.uleb128 0x7
 11797 4990 F4       		.byte	0xf4
 11798 4991 25       		.uleb128 0x25
 11799 4992 04       		.byte	0x4
 11800 4993 00008040 		.4byte	0x40800000
 11801 4997 00       		.byte	0
 11802 4998 00       		.byte	0
 11803 4999 35       		.uleb128 0x35
 11804 499a A0000000 		.4byte	.Ldebug_ranges0+0xa0
 11805 499e F3490000 		.4byte	0x49f3
 11806 49a2 16       		.uleb128 0x16
 11807 49a3 8D170000 		.4byte	.LASF610
 11808 49a7 03       		.byte	0x3
 11809 49a8 7E       		.byte	0x7e
 11810 49a9 11       		.byte	0x11
 11811 49aa 25000000 		.4byte	0x25
 11812 49ae 440F0000 		.4byte	.LLST57
 11813 49b2 420F0000 		.4byte	.LVUS57
 11814 49b6 10       		.uleb128 0x10
 11815 49b7 61747400 		.ascii	"att\000"
 11816 49bb 03       		.byte	0x3
 11817 49bc 7F       		.byte	0x7f
 11818 49bd 11       		.byte	0x11
 11819 49be 25000000 		.4byte	0x25
 11820 49c2 5A0F0000 		.4byte	.LLST58
 11821 49c6 580F0000 		.4byte	.LVUS58
 11822 49ca 10       		.uleb128 0x10
 11823 49cb 72656C00 		.ascii	"rel\000"
 11824 49cf 03       		.byte	0x3
 11825 49d0 7F       		.byte	0x7f
 11826 49d1 22       		.byte	0x22
 11827 49d2 25000000 		.4byte	0x25
 11828 49d6 740F0000 		.4byte	.LLST59
 11829 49da 720F0000 		.4byte	.LVUS59
 11830 49de 16       		.uleb128 0x16
 11831 49df EC190000 		.4byte	.LASF611
 11832 49e3 03       		.byte	0x3
 11833 49e4 80       		.byte	0x80
 11834 49e5 11       		.byte	0x11
 11835 49e6 25000000 		.4byte	0x25
 11836 49ea 8E0F0000 		.4byte	.LLST60
 11837 49ee 8C0F0000 		.4byte	.LVUS60
 11838 49f2 00       		.byte	0
 11839 49f3 35       		.uleb128 0x35
 11840 49f4 90010000 		.4byte	.Ldebug_ranges0+0x190
 11841 49f8 F94A0000 		.4byte	0x4af9
 11842 49fc 10       		.uleb128 0x10
 11843 49fd 6800     		.ascii	"h\000"
 11844 49ff 03       		.byte	0x3
 11845 4a00 96       		.byte	0x96
 11846 4a01 10       		.byte	0x10
 11847 4a02 2C000000 		.4byte	0x2c
 11848 4a06 A40F0000 		.4byte	.LLST77
 11849 4a0a A20F0000 		.4byte	.LVUS77
 11850 4a0e 2B       		.uleb128 0x2b
 11851 4a0f B0010000 		.4byte	.Ldebug_ranges0+0x1b0
 11852 4a13 10       		.uleb128 0x10
ARM GAS  /tmp/ccHvmxP5.s 			page 209


 11853 4a14 7400     		.ascii	"t\000"
 11854 4a16 03       		.byte	0x3
 11855 4a17 9D       		.byte	0x9d
 11856 4a18 0F       		.byte	0xf
 11857 4a19 25000000 		.4byte	0x25
 11858 4a1d C00F0000 		.4byte	.LLST78
 11859 4a21 B80F0000 		.4byte	.LVUS78
 11860 4a25 10       		.uleb128 0x10
 11861 4a26 656E7600 		.ascii	"env\000"
 11862 4a2a 03       		.byte	0x3
 11863 4a2b 9E       		.byte	0x9e
 11864 4a2c 0F       		.byte	0xf
 11865 4a2d 25000000 		.4byte	0x25
 11866 4a31 12100000 		.4byte	.LLST79
 11867 4a35 0E100000 		.4byte	.LVUS79
 11868 4a39 16       		.uleb128 0x16
 11869 4a3a 8B030000 		.4byte	.LASF612
 11870 4a3e 03       		.byte	0x3
 11871 4a3f A3       		.byte	0xa3
 11872 4a40 0F       		.byte	0xf
 11873 4a41 25000000 		.4byte	0x25
 11874 4a45 3E100000 		.4byte	.LLST80
 11875 4a49 32100000 		.4byte	.LVUS80
 11876 4a4d 18       		.uleb128 0x18
 11877 4a4e 55520000 		.4byte	0x5255
 11878 4a52 28020000 		.4byte	.LBI185
 11879 4a56 0100     		.2byte	.LVU386
 11880 4a58 D8010000 		.4byte	.Ldebug_ranges0+0x1d8
 11881 4a5c 03       		.byte	0x3
 11882 4a5d 9E       		.byte	0x9e
 11883 4a5e 1F       		.byte	0x1f
 11884 4a5f 844A0000 		.4byte	0x4a84
 11885 4a63 05       		.uleb128 0x5
 11886 4a64 6A520000 		.4byte	0x526a
 11887 4a68 A4100000 		.4byte	.LLST81
 11888 4a6c 9E100000 		.4byte	.LVUS81
 11889 4a70 2B       		.uleb128 0x2b
 11890 4a71 D8010000 		.4byte	.Ldebug_ranges0+0x1d8
 11891 4a75 2F       		.uleb128 0x2f
 11892 4a76 74520000 		.4byte	0x5274
 11893 4a7a EA100000 		.4byte	.LLST82
 11894 4a7e DE100000 		.4byte	.LVUS82
 11895 4a82 00       		.byte	0
 11896 4a83 00       		.byte	0
 11897 4a84 18       		.uleb128 0x18
 11898 4a85 1F520000 		.4byte	0x521f
 11899 4a89 50020000 		.4byte	.LBI193
 11900 4a8d 0300     		.2byte	.LVU401
 11901 4a8f 10020000 		.4byte	.Ldebug_ranges0+0x210
 11902 4a93 03       		.byte	0x3
 11903 4a94 A4       		.byte	0xa4
 11904 4a95 17       		.byte	0x17
 11905 4a96 C24A0000 		.4byte	0x4ac2
 11906 4a9a 05       		.uleb128 0x5
 11907 4a9b 49520000 		.4byte	0x5249
 11908 4a9f A4110000 		.4byte	.LLST83
 11909 4aa3 A0110000 		.4byte	.LVUS83
ARM GAS  /tmp/ccHvmxP5.s 			page 210


 11910 4aa7 05       		.uleb128 0x5
 11911 4aa8 3E520000 		.4byte	0x523e
 11912 4aac D0110000 		.4byte	.LLST84
 11913 4ab0 CC110000 		.4byte	.LVUS84
 11914 4ab4 05       		.uleb128 0x5
 11915 4ab5 34520000 		.4byte	0x5234
 11916 4ab9 00120000 		.4byte	.LLST85
 11917 4abd F8110000 		.4byte	.LVUS85
 11918 4ac1 00       		.byte	0
 11919 4ac2 1E       		.uleb128 0x1e
 11920 4ac3 6E020000 		.4byte	.LVL103
 11921 4ac7 21500000 		.4byte	0x5021
 11922 4acb DE4A0000 		.4byte	0x4ade
 11923 4acf 07       		.uleb128 0x7
 11924 4ad0 01       		.uleb128 0x1
 11925 4ad1 50       		.byte	0x50
 11926 4ad2 02       		.uleb128 0x2
 11927 4ad3 7B       		.byte	0x7b
 11928 4ad4 00       		.sleb128 0
 11929 4ad5 07       		.uleb128 0x7
 11930 4ad6 02       		.uleb128 0x2
 11931 4ad7 90       		.byte	0x90
 11932 4ad8 40       		.uleb128 0x40
 11933 4ad9 03       		.uleb128 0x3
 11934 4ada F5       		.byte	0xf5
 11935 4adb 51       		.uleb128 0x51
 11936 4adc 25       		.uleb128 0x25
 11937 4add 00       		.byte	0
 11938 4ade 1A       		.uleb128 0x1a
 11939 4adf 7E020000 		.4byte	.LVL105
 11940 4ae3 21500000 		.4byte	0x5021
 11941 4ae7 07       		.uleb128 0x7
 11942 4ae8 01       		.uleb128 0x1
 11943 4ae9 50       		.byte	0x50
 11944 4aea 03       		.uleb128 0x3
 11945 4aeb 92       		.byte	0x92
 11946 4aec 5A       		.uleb128 0x5a
 11947 4aed 00       		.sleb128 0
 11948 4aee 07       		.uleb128 0x7
 11949 4aef 02       		.uleb128 0x2
 11950 4af0 90       		.byte	0x90
 11951 4af1 40       		.uleb128 0x40
 11952 4af2 03       		.uleb128 0x3
 11953 4af3 F5       		.byte	0xf5
 11954 4af4 51       		.uleb128 0x51
 11955 4af5 25       		.uleb128 0x25
 11956 4af6 00       		.byte	0
 11957 4af7 00       		.byte	0
 11958 4af8 00       		.byte	0
 11959 4af9 18       		.uleb128 0x18
 11960 4afa 6A510000 		.4byte	0x516a
 11961 4afe 48000000 		.4byte	.LBI156
 11962 4b02 0100     		.2byte	.LVU263
 11963 4b04 08010000 		.4byte	.Ldebug_ranges0+0x108
 11964 4b08 03       		.byte	0x3
 11965 4b09 5F       		.byte	0x5f
 11966 4b0a 13       		.byte	0x13
ARM GAS  /tmp/ccHvmxP5.s 			page 211


 11967 4b0b 2A4B0000 		.4byte	0x4b2a
 11968 4b0f 05       		.uleb128 0x5
 11969 4b10 81510000 		.4byte	0x5181
 11970 4b14 4A120000 		.4byte	.LLST68
 11971 4b18 48120000 		.4byte	.LVUS68
 11972 4b1c 05       		.uleb128 0x5
 11973 4b1d 78510000 		.4byte	0x5178
 11974 4b21 60120000 		.4byte	.LLST69
 11975 4b25 5E120000 		.4byte	.LVUS69
 11976 4b29 00       		.byte	0
 11977 4b2a 18       		.uleb128 0x18
 11978 4b2b 6A510000 		.4byte	0x516a
 11979 4b2f 68000000 		.4byte	.LBI165
 11980 4b33 0000     		.2byte	.LVU274
 11981 4b35 38010000 		.4byte	.Ldebug_ranges0+0x138
 11982 4b39 03       		.byte	0x3
 11983 4b3a 60       		.byte	0x60
 11984 4b3b 13       		.byte	0x13
 11985 4b3c 5B4B0000 		.4byte	0x4b5b
 11986 4b40 05       		.uleb128 0x5
 11987 4b41 81510000 		.4byte	0x5181
 11988 4b45 75120000 		.4byte	.LLST70
 11989 4b49 73120000 		.4byte	.LVUS70
 11990 4b4d 05       		.uleb128 0x5
 11991 4b4e 78510000 		.4byte	0x5178
 11992 4b52 8D120000 		.4byte	.LLST71
 11993 4b56 89120000 		.4byte	.LVUS71
 11994 4b5a 00       		.byte	0
 11995 4b5b 18       		.uleb128 0x18
 11996 4b5c 81520000 		.4byte	0x5281
 11997 4b60 A2000000 		.4byte	.LBI174
 11998 4b64 0100     		.2byte	.LVU293
 11999 4b66 60010000 		.4byte	.Ldebug_ranges0+0x160
 12000 4b6a 03       		.byte	0x3
 12001 4b6b 65       		.byte	0x65
 12002 4b6c 1A       		.byte	0x1a
 12003 4b6d 924B0000 		.4byte	0x4b92
 12004 4b71 05       		.uleb128 0x5
 12005 4b72 96520000 		.4byte	0x5296
 12006 4b76 B0120000 		.4byte	.LLST72
 12007 4b7a AC120000 		.4byte	.LVUS72
 12008 4b7e 2B       		.uleb128 0x2b
 12009 4b7f 60010000 		.4byte	.Ldebug_ranges0+0x160
 12010 4b83 2F       		.uleb128 0x2f
 12011 4b84 A2520000 		.4byte	0x52a2
 12012 4b88 D2120000 		.4byte	.LLST73
 12013 4b8c D0120000 		.4byte	.LVUS73
 12014 4b90 00       		.byte	0
 12015 4b91 00       		.byte	0
 12016 4b92 18       		.uleb128 0x18
 12017 4b93 1F520000 		.4byte	0x521f
 12018 4b97 C4010000 		.4byte	.LBI179
 12019 4b9b 0000     		.2byte	.LVU358
 12020 4b9d 78010000 		.4byte	.Ldebug_ranges0+0x178
 12021 4ba1 03       		.byte	0x3
 12022 4ba2 91       		.byte	0x91
 12023 4ba3 1F       		.byte	0x1f
ARM GAS  /tmp/ccHvmxP5.s 			page 212


 12024 4ba4 D04B0000 		.4byte	0x4bd0
 12025 4ba8 05       		.uleb128 0x5
 12026 4ba9 49520000 		.4byte	0x5249
 12027 4bad FE120000 		.4byte	.LLST74
 12028 4bb1 FA120000 		.4byte	.LVUS74
 12029 4bb5 05       		.uleb128 0x5
 12030 4bb6 3E520000 		.4byte	0x523e
 12031 4bba 28130000 		.4byte	.LLST75
 12032 4bbe 24130000 		.4byte	.LVUS75
 12033 4bc2 05       		.uleb128 0x5
 12034 4bc3 34520000 		.4byte	0x5234
 12035 4bc7 54130000 		.4byte	.LLST76
 12036 4bcb 52130000 		.4byte	.LVUS76
 12037 4bcf 00       		.byte	0
 12038 4bd0 1E       		.uleb128 0x1e
 12039 4bd1 9A020000 		.4byte	.LVL111
 12040 4bd5 AE4D0000 		.4byte	0x4dae
 12041 4bd9 F04B0000 		.4byte	0x4bf0
 12042 4bdd 07       		.uleb128 0x7
 12043 4bde 01       		.uleb128 0x1
 12044 4bdf 50       		.byte	0x50
 12045 4be0 02       		.uleb128 0x2
 12046 4be1 79       		.byte	0x79
 12047 4be2 00       		.sleb128 0
 12048 4be3 07       		.uleb128 0x7
 12049 4be4 02       		.uleb128 0x2
 12050 4be5 90       		.byte	0x90
 12051 4be6 40       		.uleb128 0x40
 12052 4be7 07       		.uleb128 0x7
 12053 4be8 F5       		.byte	0xf5
 12054 4be9 56       		.uleb128 0x56
 12055 4bea 25       		.uleb128 0x25
 12056 4beb F5       		.byte	0xf5
 12057 4bec 52       		.uleb128 0x52
 12058 4bed 25       		.uleb128 0x25
 12059 4bee 1E       		.byte	0x1e
 12060 4bef 00       		.byte	0
 12061 4bf0 1A       		.uleb128 0x1a
 12062 4bf1 AA020000 		.4byte	.LVL114
 12063 4bf5 AE4D0000 		.4byte	0x4dae
 12064 4bf9 07       		.uleb128 0x7
 12065 4bfa 01       		.uleb128 0x1
 12066 4bfb 50       		.byte	0x50
 12067 4bfc 03       		.uleb128 0x3
 12068 4bfd 74       		.byte	0x74
 12069 4bfe D400     		.sleb128 84
 12070 4c00 07       		.uleb128 0x7
 12071 4c01 02       		.uleb128 0x2
 12072 4c02 90       		.byte	0x90
 12073 4c03 40       		.uleb128 0x40
 12074 4c04 03       		.uleb128 0x3
 12075 4c05 F5       		.byte	0xf5
 12076 4c06 55       		.uleb128 0x55
 12077 4c07 25       		.uleb128 0x25
 12078 4c08 00       		.byte	0
 12079 4c09 00       		.byte	0
 12080 4c0a 00       		.byte	0
ARM GAS  /tmp/ccHvmxP5.s 			page 213


 12081 4c0b 00       		.byte	0
 12082 4c0c 14       		.uleb128 0x14
 12083 4c0d 7F380000 		.4byte	0x387f
 12084 4c11 1A4C0000 		.4byte	0x4c1a
 12085 4c15 03       		.byte	0x3
 12086 4c16 304C0000 		.4byte	0x4c30
 12087 4c1a 13       		.uleb128 0x13
 12088 4c1b AC0F0000 		.4byte	.LASF597
 12089 4c1f A0390000 		.4byte	0x39a0
 12090 4c23 1C       		.uleb128 0x1c
 12091 4c24 D5090000 		.4byte	.LASF595
 12092 4c28 03       		.byte	0x3
 12093 4c29 55       		.byte	0x55
 12094 4c2a 1A       		.byte	0x1a
 12095 4c2b 25000000 		.4byte	0x25
 12096 4c2f 00       		.byte	0
 12097 4c30 27       		.uleb128 0x27
 12098 4c31 5F380000 		.4byte	0x385f
 12099 4c35 474C0000 		.4byte	0x4c47
 12100 4c39 00000000 		.4byte	.LFB502
 12101 4c3d BC000000 		.4byte	.LFE502-.LFB502
 12102 4c41 01       		.uleb128 0x1
 12103 4c42 9C       		.byte	0x9c
 12104 4c43 444D0000 		.4byte	0x4d44
 12105 4c47 2C       		.uleb128 0x2c
 12106 4c48 AC0F0000 		.4byte	.LASF597
 12107 4c4c A0390000 		.4byte	0x39a0
 12108 4c50 74130000 		.4byte	.LLST36
 12109 4c54 68130000 		.4byte	.LVUS36
 12110 4c58 24       		.uleb128 0x24
 12111 4c59 A51B0000 		.4byte	.LASF613
 12112 4c5d 03       		.byte	0x3
 12113 4c5e 33       		.byte	0x33
 12114 4c5f 16       		.byte	0x16
 12115 4c60 2C000000 		.4byte	0x2c
 12116 4c64 CA130000 		.4byte	.LLST37
 12117 4c68 BE130000 		.4byte	.LVUS37
 12118 4c6c 1E       		.uleb128 0x1e
 12119 4c6d 4E000000 		.4byte	.LVL52
 12120 4c71 CF4F0000 		.4byte	0x4fcf
 12121 4c75 804C0000 		.4byte	0x4c80
 12122 4c79 07       		.uleb128 0x7
 12123 4c7a 01       		.uleb128 0x1
 12124 4c7b 50       		.byte	0x50
 12125 4c7c 02       		.uleb128 0x2
 12126 4c7d 74       		.byte	0x74
 12127 4c7e 38       		.sleb128 56
 12128 4c7f 00       		.byte	0
 12129 4c80 1E       		.uleb128 0x1e
 12130 4c81 56000000 		.4byte	.LVL53
 12131 4c85 CF4F0000 		.4byte	0x4fcf
 12132 4c89 954C0000 		.4byte	0x4c95
 12133 4c8d 07       		.uleb128 0x7
 12134 4c8e 01       		.uleb128 0x1
 12135 4c8f 50       		.byte	0x50
 12136 4c90 03       		.uleb128 0x3
 12137 4c91 74       		.byte	0x74
ARM GAS  /tmp/ccHvmxP5.s 			page 214


 12138 4c92 D400     		.sleb128 84
 12139 4c94 00       		.byte	0
 12140 4c95 1E       		.uleb128 0x1e
 12141 4c96 6E000000 		.4byte	.LVL56
 12142 4c9a E24E0000 		.4byte	0x4ee2
 12143 4c9e C14C0000 		.4byte	0x4cc1
 12144 4ca2 07       		.uleb128 0x7
 12145 4ca3 01       		.uleb128 0x1
 12146 4ca4 50       		.byte	0x50
 12147 4ca5 02       		.uleb128 0x2
 12148 4ca6 74       		.byte	0x74
 12149 4ca7 38       		.sleb128 56
 12150 4ca8 07       		.uleb128 0x7
 12151 4ca9 02       		.uleb128 0x2
 12152 4caa 90       		.byte	0x90
 12153 4cab 40       		.uleb128 0x40
 12154 4cac 07       		.uleb128 0x7
 12155 4cad F4       		.byte	0xf4
 12156 4cae 25       		.uleb128 0x25
 12157 4caf 04       		.byte	0x4
 12158 4cb0 0000FA43 		.4byte	0x43fa0000
 12159 4cb4 07       		.uleb128 0x7
 12160 4cb5 02       		.uleb128 0x2
 12161 4cb6 90       		.byte	0x90
 12162 4cb7 41       		.uleb128 0x41
 12163 4cb8 07       		.uleb128 0x7
 12164 4cb9 F4       		.byte	0xf4
 12165 4cba 25       		.uleb128 0x25
 12166 4cbb 04       		.byte	0x4
 12167 4cbc 00004040 		.4byte	0x40400000
 12168 4cc0 00       		.byte	0
 12169 4cc1 1E       		.uleb128 0x1e
 12170 4cc2 82000000 		.4byte	.LVL57
 12171 4cc6 E24E0000 		.4byte	0x4ee2
 12172 4cca EE4C0000 		.4byte	0x4cee
 12173 4cce 07       		.uleb128 0x7
 12174 4ccf 01       		.uleb128 0x1
 12175 4cd0 50       		.byte	0x50
 12176 4cd1 03       		.uleb128 0x3
 12177 4cd2 74       		.byte	0x74
 12178 4cd3 D400     		.sleb128 84
 12179 4cd5 07       		.uleb128 0x7
 12180 4cd6 02       		.uleb128 0x2
 12181 4cd7 90       		.byte	0x90
 12182 4cd8 40       		.uleb128 0x40
 12183 4cd9 07       		.uleb128 0x7
 12184 4cda F4       		.byte	0xf4
 12185 4cdb 25       		.uleb128 0x25
 12186 4cdc 04       		.byte	0x4
 12187 4cdd 0000FA43 		.4byte	0x43fa0000
 12188 4ce1 07       		.uleb128 0x7
 12189 4ce2 02       		.uleb128 0x2
 12190 4ce3 90       		.byte	0x90
 12191 4ce4 41       		.uleb128 0x41
 12192 4ce5 07       		.uleb128 0x7
 12193 4ce6 F4       		.byte	0xf4
 12194 4ce7 25       		.uleb128 0x25
ARM GAS  /tmp/ccHvmxP5.s 			page 215


 12195 4ce8 04       		.byte	0x4
 12196 4ce9 00004040 		.4byte	0x40400000
 12197 4ced 00       		.byte	0
 12198 4cee 1E       		.uleb128 0x1e
 12199 4cef 9E000000 		.4byte	.LVL60
 12200 4cf3 F54D0000 		.4byte	0x4df5
 12201 4cf7 1A4D0000 		.4byte	0x4d1a
 12202 4cfb 07       		.uleb128 0x7
 12203 4cfc 01       		.uleb128 0x1
 12204 4cfd 50       		.byte	0x50
 12205 4cfe 02       		.uleb128 0x2
 12206 4cff 74       		.byte	0x74
 12207 4d00 38       		.sleb128 56
 12208 4d01 07       		.uleb128 0x7
 12209 4d02 02       		.uleb128 0x2
 12210 4d03 90       		.byte	0x90
 12211 4d04 40       		.uleb128 0x40
 12212 4d05 07       		.uleb128 0x7
 12213 4d06 F4       		.byte	0xf4
 12214 4d07 25       		.uleb128 0x25
 12215 4d08 04       		.byte	0x4
 12216 4d09 0000C843 		.4byte	0x43c80000
 12217 4d0d 07       		.uleb128 0x7
 12218 4d0e 02       		.uleb128 0x2
 12219 4d0f 90       		.byte	0x90
 12220 4d10 41       		.uleb128 0x41
 12221 4d11 07       		.uleb128 0x7
 12222 4d12 F4       		.byte	0xf4
 12223 4d13 25       		.uleb128 0x25
 12224 4d14 04       		.byte	0x4
 12225 4d15 00008040 		.4byte	0x40800000
 12226 4d19 00       		.byte	0
 12227 4d1a 1A       		.uleb128 0x1a
 12228 4d1b B2000000 		.4byte	.LVL61
 12229 4d1f F54D0000 		.4byte	0x4df5
 12230 4d23 07       		.uleb128 0x7
 12231 4d24 01       		.uleb128 0x1
 12232 4d25 50       		.byte	0x50
 12233 4d26 03       		.uleb128 0x3
 12234 4d27 74       		.byte	0x74
 12235 4d28 D400     		.sleb128 84
 12236 4d2a 07       		.uleb128 0x7
 12237 4d2b 02       		.uleb128 0x2
 12238 4d2c 90       		.byte	0x90
 12239 4d2d 40       		.uleb128 0x40
 12240 4d2e 07       		.uleb128 0x7
 12241 4d2f F4       		.byte	0xf4
 12242 4d30 25       		.uleb128 0x25
 12243 4d31 04       		.byte	0x4
 12244 4d32 0000C843 		.4byte	0x43c80000
 12245 4d36 07       		.uleb128 0x7
 12246 4d37 02       		.uleb128 0x2
 12247 4d38 90       		.byte	0x90
 12248 4d39 41       		.uleb128 0x41
 12249 4d3a 07       		.uleb128 0x7
 12250 4d3b F4       		.byte	0xf4
 12251 4d3c 25       		.uleb128 0x25
ARM GAS  /tmp/ccHvmxP5.s 			page 216


 12252 4d3d 04       		.byte	0x4
 12253 4d3e 00008040 		.4byte	0x40800000
 12254 4d42 00       		.byte	0
 12255 4d43 00       		.byte	0
 12256 4d44 14       		.uleb128 0x14
 12257 4d45 35380000 		.4byte	0x3835
 12258 4d49 524D0000 		.4byte	0x4d52
 12259 4d4d 03       		.byte	0x3
 12260 4d4e 7F4D0000 		.4byte	0x4d7f
 12261 4d52 13       		.uleb128 0x13
 12262 4d53 AC0F0000 		.4byte	.LASF597
 12263 4d57 A0390000 		.4byte	0x39a0
 12264 4d5b 12       		.uleb128 0x12
 12265 4d5c 737200   		.ascii	"sr\000"
 12266 4d5f 03       		.byte	0x3
 12267 4d60 2A       		.byte	0x2a
 12268 4d61 13       		.byte	0x13
 12269 4d62 25000000 		.4byte	0x25
 12270 4d66 1C       		.uleb128 0x1c
 12271 4d67 DA110000 		.4byte	.LASF599
 12272 4d6b 03       		.byte	0x3
 12273 4d6c 2A       		.byte	0x2a
 12274 4d6d 1E       		.byte	0x1e
 12275 4d6e 9B220000 		.4byte	0x229b
 12276 4d72 1C       		.uleb128 0x1c
 12277 4d73 05120000 		.4byte	.LASF600
 12278 4d77 03       		.byte	0x3
 12279 4d78 2A       		.byte	0x2a
 12280 4d79 2B       		.byte	0x2b
 12281 4d7a 9B220000 		.4byte	0x229b
 12282 4d7e 00       		.byte	0
 12283 4d7f 14       		.uleb128 0x14
 12284 4d80 16380000 		.4byte	0x3816
 12285 4d84 8D4D0000 		.4byte	0x4d8d
 12286 4d88 02       		.byte	0x2
 12287 4d89 974D0000 		.4byte	0x4d97
 12288 4d8d 13       		.uleb128 0x13
 12289 4d8e AC0F0000 		.4byte	.LASF597
 12290 4d92 A0390000 		.4byte	0x39a0
 12291 4d96 00       		.byte	0
 12292 4d97 30       		.uleb128 0x30
 12293 4d98 7F4D0000 		.4byte	0x4d7f
 12294 4d9c 240E0000 		.4byte	.LASF614
 12295 4da0 A84D0000 		.4byte	0x4da8
 12296 4da4 AE4D0000 		.4byte	0x4dae
 12297 4da8 22       		.uleb128 0x22
 12298 4da9 8D4D0000 		.4byte	0x4d8d
 12299 4dad 00       		.byte	0
 12300 4dae 27       		.uleb128 0x27
 12301 4daf 70370000 		.4byte	0x3770
 12302 4db3 C54D0000 		.4byte	0x4dc5
 12303 4db7 00000000 		.4byte	.LFB497
 12304 4dbb 46000000 		.4byte	.LFE497-.LFB497
 12305 4dbf 01       		.uleb128 0x1
 12306 4dc0 9C       		.byte	0x9c
 12307 4dc1 F54D0000 		.4byte	0x4df5
 12308 4dc5 57       		.uleb128 0x57
ARM GAS  /tmp/ccHvmxP5.s 			page 217


 12309 4dc6 AC0F0000 		.4byte	.LASF597
 12310 4dca F6370000 		.4byte	0x37f6
 12311 4dce 01       		.uleb128 0x1
 12312 4dcf 50       		.byte	0x50
 12313 4dd0 20       		.uleb128 0x20
 12314 4dd1 7800     		.ascii	"x\000"
 12315 4dd3 02       		.byte	0x2
 12316 4dd4 2E       		.byte	0x2e
 12317 4dd5 1E       		.byte	0x1e
 12318 4dd6 25000000 		.4byte	0x25
 12319 4dda 21140000 		.4byte	.LLST34
 12320 4dde 1D140000 		.4byte	.LVUS34
 12321 4de2 10       		.uleb128 0x10
 12322 4de3 7900     		.ascii	"y\000"
 12323 4de5 02       		.byte	0x2
 12324 4de6 2F       		.byte	0x2f
 12325 4de7 0B       		.byte	0xb
 12326 4de8 25000000 		.4byte	0x25
 12327 4dec 43140000 		.4byte	.LLST35
 12328 4df0 41140000 		.4byte	.LVUS35
 12329 4df4 00       		.byte	0
 12330 4df5 27       		.uleb128 0x27
 12331 4df6 46370000 		.4byte	0x3746
 12332 4dfa 0C4E0000 		.4byte	0x4e0c
 12333 4dfe 00000000 		.4byte	.LFB496
 12334 4e02 84000000 		.4byte	.LFE496-.LFB496
 12335 4e06 01       		.uleb128 0x1
 12336 4e07 9C       		.byte	0x9c
 12337 4e08 E24E0000 		.4byte	0x4ee2
 12338 4e0c 2C       		.uleb128 0x2c
 12339 4e0d AC0F0000 		.4byte	.LASF597
 12340 4e11 F6370000 		.4byte	0x37f6
 12341 4e15 5D140000 		.4byte	.LLST25
 12342 4e19 57140000 		.4byte	.LVUS25
 12343 4e1d 24       		.uleb128 0x24
 12344 4e1e 8D160000 		.4byte	.LASF615
 12345 4e22 02       		.byte	0x2
 12346 4e23 21       		.byte	0x21
 12347 4e24 15       		.byte	0x15
 12348 4e25 25000000 		.4byte	0x25
 12349 4e29 8D140000 		.4byte	.LLST26
 12350 4e2d 89140000 		.4byte	.LVUS26
 12351 4e31 20       		.uleb128 0x20
 12352 4e32 5100     		.ascii	"Q\000"
 12353 4e34 02       		.byte	0x2
 12354 4e35 21       		.byte	0x21
 12355 4e36 25       		.byte	0x25
 12356 4e37 25000000 		.4byte	0x25
 12357 4e3b B5140000 		.4byte	.LLST27
 12358 4e3f B1140000 		.4byte	.LVUS27
 12359 4e43 20       		.uleb128 0x20
 12360 4e44 737200   		.ascii	"sr\000"
 12361 4e47 02       		.byte	0x2
 12362 4e48 21       		.byte	0x21
 12363 4e49 2E       		.byte	0x2e
 12364 4e4a 25000000 		.4byte	0x25
 12365 4e4e DD140000 		.4byte	.LLST28
ARM GAS  /tmp/ccHvmxP5.s 			page 218


 12366 4e52 D9140000 		.4byte	.LVUS28
 12367 4e56 10       		.uleb128 0x10
 12368 4e57 773000   		.ascii	"w0\000"
 12369 4e5a 02       		.byte	0x2
 12370 4e5b 22       		.byte	0x22
 12371 4e5c 0B       		.byte	0xb
 12372 4e5d 25000000 		.4byte	0x25
 12373 4e61 05150000 		.4byte	.LLST29
 12374 4e65 01150000 		.4byte	.LVUS29
 12375 4e69 16       		.uleb128 0x16
 12376 4e6a 200A0000 		.4byte	.LASF616
 12377 4e6e 02       		.byte	0x2
 12378 4e6f 23       		.byte	0x23
 12379 4e70 0B       		.byte	0xb
 12380 4e71 25000000 		.4byte	0x25
 12381 4e75 3B150000 		.4byte	.LLST30
 12382 4e79 37150000 		.4byte	.LVUS30
 12383 4e7d 16       		.uleb128 0x16
 12384 4e7e E4150000 		.4byte	.LASF617
 12385 4e82 02       		.byte	0x2
 12386 4e83 24       		.byte	0x24
 12387 4e84 0B       		.byte	0xb
 12388 4e85 25000000 		.4byte	0x25
 12389 4e89 5D150000 		.4byte	.LLST31
 12390 4e8d 5B150000 		.4byte	.LVUS31
 12391 4e91 16       		.uleb128 0x16
 12392 4e92 B3170000 		.4byte	.LASF618
 12393 4e96 02       		.byte	0x2
 12394 4e97 25       		.byte	0x25
 12395 4e98 0B       		.byte	0xb
 12396 4e99 25000000 		.4byte	0x25
 12397 4e9d 73150000 		.4byte	.LLST32
 12398 4ea1 71150000 		.4byte	.LVUS32
 12399 4ea5 10       		.uleb128 0x10
 12400 4ea6 61307200 		.ascii	"a0r\000"
 12401 4eaa 02       		.byte	0x2
 12402 4eab 26       		.byte	0x26
 12403 4eac 0B       		.byte	0xb
 12404 4ead 25000000 		.4byte	0x25
 12405 4eb1 89150000 		.4byte	.LLST33
 12406 4eb5 87150000 		.4byte	.LVUS33
 12407 4eb9 1E       		.uleb128 0x1e
 12408 4eba 24000000 		.4byte	.LVL38
 12409 4ebe 3F530000 		.4byte	0x533f
 12410 4ec2 CF4E0000 		.4byte	0x4ecf
 12411 4ec6 07       		.uleb128 0x7
 12412 4ec7 02       		.uleb128 0x2
 12413 4ec8 90       		.byte	0x90
 12414 4ec9 40       		.uleb128 0x40
 12415 4eca 03       		.uleb128 0x3
 12416 4ecb F5       		.byte	0xf5
 12417 4ecc 52       		.uleb128 0x52
 12418 4ecd 25       		.uleb128 0x25
 12419 4ece 00       		.byte	0
 12420 4ecf 1A       		.uleb128 0x1a
 12421 4ed0 30000000 		.4byte	.LVL41
 12422 4ed4 4C530000 		.4byte	0x534c
ARM GAS  /tmp/ccHvmxP5.s 			page 219


 12423 4ed8 07       		.uleb128 0x7
 12424 4ed9 02       		.uleb128 0x2
 12425 4eda 90       		.byte	0x90
 12426 4edb 40       		.uleb128 0x40
 12427 4edc 03       		.uleb128 0x3
 12428 4edd F5       		.byte	0xf5
 12429 4ede 52       		.uleb128 0x52
 12430 4edf 25       		.uleb128 0x25
 12431 4ee0 00       		.byte	0
 12432 4ee1 00       		.byte	0
 12433 4ee2 27       		.uleb128 0x27
 12434 4ee3 1C370000 		.4byte	0x371c
 12435 4ee7 F94E0000 		.4byte	0x4ef9
 12436 4eeb 00000000 		.4byte	.LFB495
 12437 4eef 88000000 		.4byte	.LFE495-.LFB495
 12438 4ef3 01       		.uleb128 0x1
 12439 4ef4 9C       		.byte	0x9c
 12440 4ef5 CF4F0000 		.4byte	0x4fcf
 12441 4ef9 2C       		.uleb128 0x2c
 12442 4efa AC0F0000 		.4byte	.LASF597
 12443 4efe F6370000 		.4byte	0x37f6
 12444 4f02 A3150000 		.4byte	.LLST16
 12445 4f06 9D150000 		.4byte	.LVUS16
 12446 4f0a 24       		.uleb128 0x24
 12447 4f0b 67000000 		.4byte	.LASF619
 12448 4f0f 02       		.byte	0x2
 12449 4f10 13       		.byte	0x13
 12450 4f11 15       		.byte	0x15
 12451 4f12 25000000 		.4byte	0x25
 12452 4f16 D3150000 		.4byte	.LLST17
 12453 4f1a CF150000 		.4byte	.LVUS17
 12454 4f1e 20       		.uleb128 0x20
 12455 4f1f 5100     		.ascii	"Q\000"
 12456 4f21 02       		.byte	0x2
 12457 4f22 13       		.byte	0x13
 12458 4f23 25       		.byte	0x25
 12459 4f24 25000000 		.4byte	0x25
 12460 4f28 FB150000 		.4byte	.LLST18
 12461 4f2c F7150000 		.4byte	.LVUS18
 12462 4f30 20       		.uleb128 0x20
 12463 4f31 737200   		.ascii	"sr\000"
 12464 4f34 02       		.byte	0x2
 12465 4f35 13       		.byte	0x13
 12466 4f36 2E       		.byte	0x2e
 12467 4f37 25000000 		.4byte	0x25
 12468 4f3b 23160000 		.4byte	.LLST19
 12469 4f3f 1F160000 		.4byte	.LVUS19
 12470 4f43 10       		.uleb128 0x10
 12471 4f44 773000   		.ascii	"w0\000"
 12472 4f47 02       		.byte	0x2
 12473 4f48 14       		.byte	0x14
 12474 4f49 0B       		.byte	0xb
 12475 4f4a 25000000 		.4byte	0x25
 12476 4f4e 4B160000 		.4byte	.LLST20
 12477 4f52 47160000 		.4byte	.LVUS20
 12478 4f56 16       		.uleb128 0x16
 12479 4f57 E4150000 		.4byte	.LASF617
ARM GAS  /tmp/ccHvmxP5.s 			page 220


 12480 4f5b 02       		.byte	0x2
 12481 4f5c 15       		.byte	0x15
 12482 4f5d 0B       		.byte	0xb
 12483 4f5e 25000000 		.4byte	0x25
 12484 4f62 81160000 		.4byte	.LLST21
 12485 4f66 7D160000 		.4byte	.LVUS21
 12486 4f6a 16       		.uleb128 0x16
 12487 4f6b 200A0000 		.4byte	.LASF616
 12488 4f6f 02       		.byte	0x2
 12489 4f70 16       		.byte	0x16
 12490 4f71 0B       		.byte	0xb
 12491 4f72 25000000 		.4byte	0x25
 12492 4f76 A3160000 		.4byte	.LLST22
 12493 4f7a A1160000 		.4byte	.LVUS22
 12494 4f7e 16       		.uleb128 0x16
 12495 4f7f B3170000 		.4byte	.LASF618
 12496 4f83 02       		.byte	0x2
 12497 4f84 17       		.byte	0x17
 12498 4f85 0B       		.byte	0xb
 12499 4f86 25000000 		.4byte	0x25
 12500 4f8a B9160000 		.4byte	.LLST23
 12501 4f8e B7160000 		.4byte	.LVUS23
 12502 4f92 10       		.uleb128 0x10
 12503 4f93 61307200 		.ascii	"a0r\000"
 12504 4f97 02       		.byte	0x2
 12505 4f98 18       		.byte	0x18
 12506 4f99 0B       		.byte	0xb
 12507 4f9a 25000000 		.4byte	0x25
 12508 4f9e CF160000 		.4byte	.LLST24
 12509 4fa2 CD160000 		.4byte	.LVUS24
 12510 4fa6 1E       		.uleb128 0x1e
 12511 4fa7 24000000 		.4byte	.LVL25
 12512 4fab 4C530000 		.4byte	0x534c
 12513 4faf BC4F0000 		.4byte	0x4fbc
 12514 4fb3 07       		.uleb128 0x7
 12515 4fb4 02       		.uleb128 0x2
 12516 4fb5 90       		.byte	0x90
 12517 4fb6 40       		.uleb128 0x40
 12518 4fb7 03       		.uleb128 0x3
 12519 4fb8 F5       		.byte	0xf5
 12520 4fb9 52       		.uleb128 0x52
 12521 4fba 25       		.uleb128 0x25
 12522 4fbb 00       		.byte	0
 12523 4fbc 1A       		.uleb128 0x1a
 12524 4fbd 30000000 		.4byte	.LVL28
 12525 4fc1 3F530000 		.4byte	0x533f
 12526 4fc5 07       		.uleb128 0x7
 12527 4fc6 02       		.uleb128 0x2
 12528 4fc7 90       		.byte	0x90
 12529 4fc8 40       		.uleb128 0x40
 12530 4fc9 03       		.uleb128 0x3
 12531 4fca F5       		.byte	0xf5
 12532 4fcb 52       		.uleb128 0x52
 12533 4fcc 25       		.uleb128 0x25
 12534 4fcd 00       		.byte	0
 12535 4fce 00       		.byte	0
 12536 4fcf 27       		.uleb128 0x27
ARM GAS  /tmp/ccHvmxP5.s 			page 221


 12537 4fd0 01370000 		.4byte	0x3701
 12538 4fd4 E64F0000 		.4byte	0x4fe6
 12539 4fd8 00000000 		.4byte	.LFB494
 12540 4fdc 16000000 		.4byte	.LFE494-.LFB494
 12541 4fe0 01       		.uleb128 0x1
 12542 4fe1 9C       		.byte	0x9c
 12543 4fe2 F24F0000 		.4byte	0x4ff2
 12544 4fe6 57       		.uleb128 0x57
 12545 4fe7 AC0F0000 		.4byte	.LASF597
 12546 4feb F6370000 		.4byte	0x37f6
 12547 4fef 01       		.uleb128 0x1
 12548 4ff0 50       		.byte	0x50
 12549 4ff1 00       		.byte	0
 12550 4ff2 14       		.uleb128 0x14
 12551 4ff3 E2360000 		.4byte	0x36e2
 12552 4ff7 00500000 		.4byte	0x5000
 12553 4ffb 02       		.byte	0x2
 12554 4ffc 0A500000 		.4byte	0x500a
 12555 5000 13       		.uleb128 0x13
 12556 5001 AC0F0000 		.4byte	.LASF597
 12557 5005 F6370000 		.4byte	0x37f6
 12558 5009 00       		.byte	0
 12559 500a 30       		.uleb128 0x30
 12560 500b F24F0000 		.4byte	0x4ff2
 12561 500f BC180000 		.4byte	.LASF620
 12562 5013 1B500000 		.4byte	0x501b
 12563 5017 21500000 		.4byte	0x5021
 12564 501b 22       		.uleb128 0x22
 12565 501c 00500000 		.4byte	0x5000
 12566 5020 00       		.byte	0
 12567 5021 27       		.uleb128 0x27
 12568 5022 30360000 		.4byte	0x3630
 12569 5026 38500000 		.4byte	0x5038
 12570 502a 00000000 		.4byte	.LFB488
 12571 502e DC000000 		.4byte	.LFE488-.LFB488
 12572 5032 01       		.uleb128 0x1
 12573 5033 9C       		.byte	0x9c
 12574 5034 6A510000 		.4byte	0x516a
 12575 5038 2C       		.uleb128 0x2c
 12576 5039 AC0F0000 		.4byte	.LASF597
 12577 503d D0360000 		.4byte	0x36d0
 12578 5041 E7160000 		.4byte	.LLST0
 12579 5045 E3160000 		.4byte	.LVUS0
 12580 5049 24       		.uleb128 0x24
 12581 504a 63080000 		.4byte	.LASF621
 12582 504e 01       		.byte	0x1
 12583 504f 2A       		.byte	0x2a
 12584 5050 1B       		.byte	0x1b
 12585 5051 25000000 		.4byte	0x25
 12586 5055 0C170000 		.4byte	.LLST1
 12587 5059 08170000 		.4byte	.LVUS1
 12588 505d 10       		.uleb128 0x10
 12589 505e 706F7300 		.ascii	"pos\000"
 12590 5062 01       		.byte	0x1
 12591 5063 2B       		.byte	0x2b
 12592 5064 0B       		.byte	0xb
 12593 5065 25000000 		.4byte	0x25
ARM GAS  /tmp/ccHvmxP5.s 			page 222


 12594 5069 32170000 		.4byte	.LLST2
 12595 506d 30170000 		.4byte	.LVUS2
 12596 5071 10       		.uleb128 0x10
 12597 5072 693100   		.ascii	"i1\000"
 12598 5075 01       		.byte	0x1
 12599 5076 2F       		.byte	0x2f
 12600 5077 0B       		.byte	0xb
 12601 5078 2C000000 		.4byte	0x2c
 12602 507c 4C170000 		.4byte	.LLST3
 12603 5080 46170000 		.4byte	.LVUS3
 12604 5084 16       		.uleb128 0x16
 12605 5085 78190000 		.4byte	.LASF402
 12606 5089 01       		.byte	0x1
 12607 508a 30       		.byte	0x30
 12608 508b 0B       		.byte	0xb
 12609 508c 25000000 		.4byte	0x25
 12610 5090 7B170000 		.4byte	.LLST4
 12611 5094 79170000 		.4byte	.LVUS4
 12612 5098 10       		.uleb128 0x10
 12613 5099 693000   		.ascii	"i0\000"
 12614 509c 01       		.byte	0x1
 12615 509d 31       		.byte	0x31
 12616 509e 0B       		.byte	0xb
 12617 509f 2C000000 		.4byte	0x2c
 12618 50a3 95170000 		.4byte	.LLST5
 12619 50a7 8F170000 		.4byte	.LVUS5
 12620 50ab 10       		.uleb128 0x10
 12621 50ac 693200   		.ascii	"i2\000"
 12622 50af 01       		.byte	0x1
 12623 50b0 32       		.byte	0x32
 12624 50b1 0B       		.byte	0xb
 12625 50b2 2C000000 		.4byte	0x2c
 12626 50b6 EE170000 		.4byte	.LLST6
 12627 50ba E8170000 		.4byte	.LVUS6
 12628 50be 10       		.uleb128 0x10
 12629 50bf 693300   		.ascii	"i3\000"
 12630 50c2 01       		.byte	0x1
 12631 50c3 33       		.byte	0x33
 12632 50c4 0B       		.byte	0xb
 12633 50c5 2C000000 		.4byte	0x2c
 12634 50c9 38180000 		.4byte	.LLST7
 12635 50cd 32180000 		.4byte	.LVUS7
 12636 50d1 10       		.uleb128 0x10
 12637 50d2 703000   		.ascii	"p0\000"
 12638 50d5 01       		.byte	0x1
 12639 50d6 35       		.byte	0x35
 12640 50d7 0B       		.byte	0xb
 12641 50d8 25000000 		.4byte	0x25
 12642 50dc 80180000 		.4byte	.LLST8
 12643 50e0 7C180000 		.4byte	.LVUS8
 12644 50e4 10       		.uleb128 0x10
 12645 50e5 703100   		.ascii	"p1\000"
 12646 50e8 01       		.byte	0x1
 12647 50e9 35       		.byte	0x35
 12648 50ea 1A       		.byte	0x1a
 12649 50eb 25000000 		.4byte	0x25
 12650 50ef BE180000 		.4byte	.LLST9
ARM GAS  /tmp/ccHvmxP5.s 			page 223


 12651 50f3 BA180000 		.4byte	.LVUS9
 12652 50f7 10       		.uleb128 0x10
 12653 50f8 703200   		.ascii	"p2\000"
 12654 50fb 01       		.byte	0x1
 12655 50fc 35       		.byte	0x35
 12656 50fd 29       		.byte	0x29
 12657 50fe 25000000 		.4byte	0x25
 12658 5102 E9180000 		.4byte	.LLST10
 12659 5106 E5180000 		.4byte	.LVUS10
 12660 510a 10       		.uleb128 0x10
 12661 510b 703300   		.ascii	"p3\000"
 12662 510e 01       		.byte	0x1
 12663 510f 35       		.byte	0x35
 12664 5110 38       		.byte	0x38
 12665 5111 25000000 		.4byte	0x25
 12666 5115 1D190000 		.4byte	.LLST11
 12667 5119 19190000 		.4byte	.LVUS11
 12668 511d 10       		.uleb128 0x10
 12669 511e 633000   		.ascii	"c0\000"
 12670 5121 01       		.byte	0x1
 12671 5122 36       		.byte	0x36
 12672 5123 0B       		.byte	0xb
 12673 5124 25000000 		.4byte	0x25
 12674 5128 41190000 		.4byte	.LLST12
 12675 512c 3D190000 		.4byte	.LVUS12
 12676 5130 10       		.uleb128 0x10
 12677 5131 633100   		.ascii	"c1\000"
 12678 5134 01       		.byte	0x1
 12679 5135 37       		.byte	0x37
 12680 5136 0B       		.byte	0xb
 12681 5137 25000000 		.4byte	0x25
 12682 513b 6A190000 		.4byte	.LLST13
 12683 513f 68190000 		.4byte	.LVUS13
 12684 5143 10       		.uleb128 0x10
 12685 5144 633200   		.ascii	"c2\000"
 12686 5147 01       		.byte	0x1
 12687 5148 38       		.byte	0x38
 12688 5149 0B       		.byte	0xb
 12689 514a 25000000 		.4byte	0x25
 12690 514e 8A190000 		.4byte	.LLST14
 12691 5152 88190000 		.4byte	.LVUS14
 12692 5156 10       		.uleb128 0x10
 12693 5157 633300   		.ascii	"c3\000"
 12694 515a 01       		.byte	0x1
 12695 515b 39       		.byte	0x39
 12696 515c 0B       		.byte	0xb
 12697 515d 25000000 		.4byte	0x25
 12698 5161 A0190000 		.4byte	.LLST15
 12699 5165 9E190000 		.4byte	.LVUS15
 12700 5169 00       		.byte	0
 12701 516a 14       		.uleb128 0x14
 12702 516b EC350000 		.4byte	0x35ec
 12703 516f 78510000 		.4byte	0x5178
 12704 5173 03       		.byte	0x3
 12705 5174 8C510000 		.4byte	0x518c
 12706 5178 13       		.uleb128 0x13
 12707 5179 AC0F0000 		.4byte	.LASF597
ARM GAS  /tmp/ccHvmxP5.s 			page 224


 12708 517d C5360000 		.4byte	0x36c5
 12709 5181 12       		.uleb128 0x12
 12710 5182 7300     		.ascii	"s\000"
 12711 5184 01       		.byte	0x1
 12712 5185 16       		.byte	0x16
 12713 5186 14       		.byte	0x14
 12714 5187 25000000 		.4byte	0x25
 12715 518b 00       		.byte	0
 12716 518c 14       		.uleb128 0x14
 12717 518d C7350000 		.4byte	0x35c7
 12718 5191 9A510000 		.4byte	0x519a
 12719 5195 03       		.byte	0x3
 12720 5196 BC510000 		.4byte	0x51bc
 12721 519a 13       		.uleb128 0x13
 12722 519b AC0F0000 		.4byte	.LASF597
 12723 519f C5360000 		.4byte	0x36c5
 12724 51a3 12       		.uleb128 0x12
 12725 51a4 62756600 		.ascii	"buf\000"
 12726 51a8 01       		.byte	0x1
 12727 51a9 0E       		.byte	0xe
 12728 51aa 14       		.byte	0x14
 12729 51ab 9B220000 		.4byte	0x229b
 12730 51af 12       		.uleb128 0x12
 12731 51b0 6C656E00 		.ascii	"len\000"
 12732 51b4 01       		.byte	0x1
 12733 51b5 0E       		.byte	0xe
 12734 51b6 20       		.byte	0x20
 12735 51b7 B2150000 		.4byte	0x15b2
 12736 51bb 00       		.byte	0
 12737 51bc 14       		.uleb128 0x14
 12738 51bd A8350000 		.4byte	0x35a8
 12739 51c1 CA510000 		.4byte	0x51ca
 12740 51c5 02       		.byte	0x2
 12741 51c6 D4510000 		.4byte	0x51d4
 12742 51ca 13       		.uleb128 0x13
 12743 51cb AC0F0000 		.4byte	.LASF597
 12744 51cf C5360000 		.4byte	0x36c5
 12745 51d3 00       		.byte	0
 12746 51d4 30       		.uleb128 0x30
 12747 51d5 BC510000 		.4byte	0x51bc
 12748 51d9 7B160000 		.4byte	.LASF622
 12749 51dd E5510000 		.4byte	0x51e5
 12750 51e1 EB510000 		.4byte	0x51eb
 12751 51e5 22       		.uleb128 0x22
 12752 51e6 CA510000 		.4byte	0x51ca
 12753 51ea 00       		.byte	0
 12754 51eb 36       		.uleb128 0x36
 12755 51ec 49000000 		.4byte	.LASF623
 12756 51f0 04       		.byte	0x4
 12757 51f1 60       		.byte	0x60
 12758 51f2 0E       		.byte	0xe
 12759 51f3 91080000 		.4byte	.LASF624
 12760 51f7 25000000 		.4byte	0x25
 12761 51fb 03       		.byte	0x3
 12762 51fc 1F520000 		.4byte	0x521f
 12763 5200 12       		.uleb128 0x12
 12764 5201 6100     		.ascii	"a\000"
ARM GAS  /tmp/ccHvmxP5.s 			page 225


 12765 5203 04       		.byte	0x4
 12766 5204 60       		.byte	0x60
 12767 5205 1A       		.byte	0x1a
 12768 5206 25000000 		.4byte	0x25
 12769 520a 12       		.uleb128 0x12
 12770 520b 6200     		.ascii	"b\000"
 12771 520d 04       		.byte	0x4
 12772 520e 60       		.byte	0x60
 12773 520f 23       		.byte	0x23
 12774 5210 25000000 		.4byte	0x25
 12775 5214 12       		.uleb128 0x12
 12776 5215 7400     		.ascii	"t\000"
 12777 5217 04       		.byte	0x4
 12778 5218 60       		.byte	0x60
 12779 5219 2C       		.byte	0x2c
 12780 521a 25000000 		.4byte	0x25
 12781 521e 00       		.byte	0
 12782 521f 36       		.uleb128 0x36
 12783 5220 54140000 		.4byte	.LASF625
 12784 5224 04       		.byte	0x4
 12785 5225 5D       		.byte	0x5d
 12786 5226 0E       		.byte	0xe
 12787 5227 EA040000 		.4byte	.LASF626
 12788 522b 25000000 		.4byte	0x25
 12789 522f 03       		.byte	0x3
 12790 5230 55520000 		.4byte	0x5255
 12791 5234 12       		.uleb128 0x12
 12792 5235 7600     		.ascii	"v\000"
 12793 5237 04       		.byte	0x4
 12794 5238 5D       		.byte	0x5d
 12795 5239 1B       		.byte	0x1b
 12796 523a 25000000 		.4byte	0x25
 12797 523e 12       		.uleb128 0x12
 12798 523f 6C6F00   		.ascii	"lo\000"
 12799 5242 04       		.byte	0x4
 12800 5243 5D       		.byte	0x5d
 12801 5244 24       		.byte	0x24
 12802 5245 25000000 		.4byte	0x25
 12803 5249 12       		.uleb128 0x12
 12804 524a 686900   		.ascii	"hi\000"
 12805 524d 04       		.byte	0x4
 12806 524e 5D       		.byte	0x5d
 12807 524f 2E       		.byte	0x2e
 12808 5250 25000000 		.4byte	0x25
 12809 5254 00       		.byte	0
 12810 5255 36       		.uleb128 0x36
 12811 5256 84100000 		.4byte	.LASF627
 12812 525a 04       		.byte	0x4
 12813 525b 53       		.byte	0x53
 12814 525c 0E       		.byte	0xe
 12815 525d 411A0000 		.4byte	.LASF628
 12816 5261 25000000 		.4byte	0x25
 12817 5265 03       		.byte	0x3
 12818 5266 81520000 		.4byte	0x5281
 12819 526a 12       		.uleb128 0x12
 12820 526b 7400     		.ascii	"t\000"
 12821 526d 04       		.byte	0x4
ARM GAS  /tmp/ccHvmxP5.s 			page 226


 12822 526e 53       		.byte	0x53
 12823 526f 1F       		.byte	0x1f
 12824 5270 25000000 		.4byte	0x25
 12825 5274 43       		.uleb128 0x43
 12826 5275 69647800 		.ascii	"idx\000"
 12827 5279 04       		.byte	0x4
 12828 527a 54       		.byte	0x54
 12829 527b 07       		.byte	0x7
 12830 527c 2C000000 		.4byte	0x2c
 12831 5280 00       		.byte	0
 12832 5281 36       		.uleb128 0x36
 12833 5282 A1120000 		.4byte	.LASF629
 12834 5286 04       		.byte	0x4
 12835 5287 4E       		.byte	0x4e
 12836 5288 0E       		.byte	0xe
 12837 5289 381B0000 		.4byte	.LASF630
 12838 528d 25000000 		.4byte	0x25
 12839 5291 03       		.byte	0x3
 12840 5292 AF520000 		.4byte	0x52af
 12841 5296 1C       		.uleb128 0x1c
 12842 5297 EE030000 		.4byte	.LASF580
 12843 529b 04       		.byte	0x4
 12844 529c 4E       		.byte	0x4e
 12845 529d 1C       		.byte	0x1c
 12846 529e 25000000 		.4byte	0x25
 12847 52a2 43       		.uleb128 0x43
 12848 52a3 69647800 		.ascii	"idx\000"
 12849 52a7 04       		.byte	0x4
 12850 52a8 4F       		.byte	0x4f
 12851 52a9 07       		.byte	0x7
 12852 52aa 2C000000 		.4byte	0x2c
 12853 52ae 00       		.byte	0
 12854 52af 7F       		.uleb128 0x7f
 12855 52b0 56050000 		.4byte	.LASF632
 12856 52b4 06       		.byte	0x6
 12857 52b5 4D       		.byte	0x4d
 12858 52b6 09       		.byte	0x9
 12859 52b7 59000000 		.4byte	0x59
 12860 52bb 03       		.byte	0x3
 12861 52bc E3520000 		.4byte	0x52e3
 12862 52c0 12       		.uleb128 0x12
 12863 52c1 6D696E00 		.ascii	"min\000"
 12864 52c5 06       		.byte	0x6
 12865 52c6 4D       		.byte	0x4d
 12866 52c7 25       		.byte	0x25
 12867 52c8 65000000 		.4byte	0x65
 12868 52cc 12       		.uleb128 0x12
 12869 52cd 7800     		.ascii	"x\000"
 12870 52cf 06       		.byte	0x6
 12871 52d0 4D       		.byte	0x4d
 12872 52d1 38       		.byte	0x38
 12873 52d2 65000000 		.4byte	0x65
 12874 52d6 12       		.uleb128 0x12
 12875 52d7 6D617800 		.ascii	"max\000"
 12876 52db 06       		.byte	0x6
 12877 52dc 4D       		.byte	0x4d
 12878 52dd 49       		.byte	0x49
ARM GAS  /tmp/ccHvmxP5.s 			page 227


 12879 52de 65000000 		.4byte	0x65
 12880 52e2 00       		.byte	0
 12881 52e3 19       		.uleb128 0x19
 12882 52e4 02       		.byte	0x2
 12883 52e5 10       		.byte	0x10
 12884 52e6 AD1D0000 		.4byte	.LASF633
 12885 52ea 19       		.uleb128 0x19
 12886 52eb 04       		.byte	0x4
 12887 52ec 10       		.byte	0x10
 12888 52ed B10F0000 		.4byte	.LASF634
 12889 52f1 8001     		.uleb128 0x80
 12890 52f3 A7410000 		.4byte	0x41a7
 12891 52f7 14000000 		.4byte	.LFB525
 12892 52fb 02000000 		.4byte	.LFE525-.LFB525
 12893 52ff 01       		.uleb128 0x1
 12894 5300 9C       		.byte	0x9c
 12895 5301 8101     		.uleb128 0x81
 12896 5303 FB3D0000 		.4byte	0x3dfb
 12897 5307 70010000 		.4byte	.LFB533
 12898 530b 02000000 		.4byte	.LFE533-.LFB533
 12899 530f 01       		.uleb128 0x1
 12900 5310 9C       		.byte	0x9c
 12901 5311 1D530000 		.4byte	0x531d
 12902 5315 3E       		.uleb128 0x3e
 12903 5316 083E0000 		.4byte	0x3e08
 12904 531a 01       		.uleb128 0x1
 12905 531b 50       		.byte	0x50
 12906 531c 00       		.byte	0
 12907 531d 8201     		.uleb128 0x82
 12908 531f E6080000 		.4byte	.LASF660
 12909 5323 F7040000 		.4byte	.LASF661
 12910 5327 58       		.uleb128 0x58
 12911 5328 D41E0000 		.4byte	.LASF635
 12912 532c 1A1A0000 		.4byte	.LASF637
 12913 5330 04       		.byte	0x4
 12914 5331 4B       		.byte	0x4b
 12915 5332 06       		.byte	0x6
 12916 5333 58       		.uleb128 0x58
 12917 5334 3E1C0000 		.4byte	.LASF636
 12918 5338 5A0C0000 		.4byte	.LASF638
 12919 533c 04       		.byte	0x4
 12920 533d 4C       		.byte	0x4c
 12921 533e 06       		.byte	0x6
 12922 533f 59       		.uleb128 0x59
 12923 5340 E0090000 		.4byte	.LASF639
 12924 5344 E0090000 		.4byte	.LASF639
 12925 5348 13       		.byte	0x13
 12926 5349 5A01     		.2byte	0x15a
 12927 534b 0E       		.byte	0xe
 12928 534c 59       		.uleb128 0x59
 12929 534d D7080000 		.4byte	.LASF640
 12930 5351 D7080000 		.4byte	.LASF640
 12931 5355 13       		.byte	0x13
 12932 5356 5901     		.2byte	0x159
 12933 5358 0E       		.byte	0xe
 12934 5359 00       		.byte	0
 12935              		.section	.debug_abbrev,"",%progbits
ARM GAS  /tmp/ccHvmxP5.s 			page 228


 12936              	.Ldebug_abbrev0:
 12937 0000 01       		.uleb128 0x1
 12938 0001 05       		.uleb128 0x5
 12939 0002 00       		.byte	0
 12940 0003 49       		.uleb128 0x49
 12941 0004 13       		.uleb128 0x13
 12942 0005 00       		.byte	0
 12943 0006 00       		.byte	0
 12944 0007 02       		.uleb128 0x2
 12945 0008 08       		.uleb128 0x8
 12946 0009 00       		.byte	0
 12947 000a 3A       		.uleb128 0x3a
 12948 000b 0B       		.uleb128 0xb
 12949 000c 3B       		.uleb128 0x3b
 12950 000d 0B       		.uleb128 0xb
 12951 000e 39       		.uleb128 0x39
 12952 000f 0B       		.uleb128 0xb
 12953 0010 18       		.uleb128 0x18
 12954 0011 13       		.uleb128 0x13
 12955 0012 00       		.byte	0
 12956 0013 00       		.byte	0
 12957 0014 03       		.uleb128 0x3
 12958 0015 2E       		.uleb128 0x2e
 12959 0016 01       		.byte	0x1
 12960 0017 3F       		.uleb128 0x3f
 12961 0018 19       		.uleb128 0x19
 12962 0019 03       		.uleb128 0x3
 12963 001a 0E       		.uleb128 0xe
 12964 001b 3A       		.uleb128 0x3a
 12965 001c 0B       		.uleb128 0xb
 12966 001d 3B       		.uleb128 0x3b
 12967 001e 05       		.uleb128 0x5
 12968 001f 39       		.uleb128 0x39
 12969 0020 0B       		.uleb128 0xb
 12970 0021 6E       		.uleb128 0x6e
 12971 0022 0E       		.uleb128 0xe
 12972 0023 49       		.uleb128 0x49
 12973 0024 13       		.uleb128 0x13
 12974 0025 3C       		.uleb128 0x3c
 12975 0026 19       		.uleb128 0x19
 12976 0027 01       		.uleb128 0x1
 12977 0028 13       		.uleb128 0x13
 12978 0029 00       		.byte	0
 12979 002a 00       		.byte	0
 12980 002b 04       		.uleb128 0x4
 12981 002c 0D       		.uleb128 0xd
 12982 002d 00       		.byte	0
 12983 002e 03       		.uleb128 0x3
 12984 002f 0E       		.uleb128 0xe
 12985 0030 3A       		.uleb128 0x3a
 12986 0031 0B       		.uleb128 0xb
 12987 0032 3B       		.uleb128 0x3b
 12988 0033 0B       		.uleb128 0xb
 12989 0034 39       		.uleb128 0x39
 12990 0035 0B       		.uleb128 0xb
 12991 0036 49       		.uleb128 0x49
 12992 0037 13       		.uleb128 0x13
ARM GAS  /tmp/ccHvmxP5.s 			page 229


 12993 0038 38       		.uleb128 0x38
 12994 0039 0B       		.uleb128 0xb
 12995 003a 00       		.byte	0
 12996 003b 00       		.byte	0
 12997 003c 05       		.uleb128 0x5
 12998 003d 05       		.uleb128 0x5
 12999 003e 00       		.byte	0
 13000 003f 31       		.uleb128 0x31
 13001 0040 13       		.uleb128 0x13
 13002 0041 02       		.uleb128 0x2
 13003 0042 17       		.uleb128 0x17
 13004 0043 B742     		.uleb128 0x2137
 13005 0045 17       		.uleb128 0x17
 13006 0046 00       		.byte	0
 13007 0047 00       		.byte	0
 13008 0048 06       		.uleb128 0x6
 13009 0049 0D       		.uleb128 0xd
 13010 004a 00       		.byte	0
 13011 004b 03       		.uleb128 0x3
 13012 004c 0E       		.uleb128 0xe
 13013 004d 3A       		.uleb128 0x3a
 13014 004e 0B       		.uleb128 0xb
 13015 004f 3B       		.uleb128 0x3b
 13016 0050 05       		.uleb128 0x5
 13017 0051 39       		.uleb128 0x39
 13018 0052 0B       		.uleb128 0xb
 13019 0053 49       		.uleb128 0x49
 13020 0054 13       		.uleb128 0x13
 13021 0055 38       		.uleb128 0x38
 13022 0056 0B       		.uleb128 0xb
 13023 0057 00       		.byte	0
 13024 0058 00       		.byte	0
 13025 0059 07       		.uleb128 0x7
 13026 005a 8A8201   		.uleb128 0x410a
 13027 005d 00       		.byte	0
 13028 005e 02       		.uleb128 0x2
 13029 005f 18       		.uleb128 0x18
 13030 0060 9142     		.uleb128 0x2111
 13031 0062 18       		.uleb128 0x18
 13032 0063 00       		.byte	0
 13033 0064 00       		.byte	0
 13034 0065 08       		.uleb128 0x8
 13035 0066 16       		.uleb128 0x16
 13036 0067 00       		.byte	0
 13037 0068 03       		.uleb128 0x3
 13038 0069 0E       		.uleb128 0xe
 13039 006a 3A       		.uleb128 0x3a
 13040 006b 0B       		.uleb128 0xb
 13041 006c 3B       		.uleb128 0x3b
 13042 006d 0B       		.uleb128 0xb
 13043 006e 39       		.uleb128 0x39
 13044 006f 0B       		.uleb128 0xb
 13045 0070 49       		.uleb128 0x49
 13046 0071 13       		.uleb128 0x13
 13047 0072 00       		.byte	0
 13048 0073 00       		.byte	0
 13049 0074 09       		.uleb128 0x9
ARM GAS  /tmp/ccHvmxP5.s 			page 230


 13050 0075 0F       		.uleb128 0xf
 13051 0076 00       		.byte	0
 13052 0077 0B       		.uleb128 0xb
 13053 0078 0B       		.uleb128 0xb
 13054 0079 49       		.uleb128 0x49
 13055 007a 13       		.uleb128 0x13
 13056 007b 00       		.byte	0
 13057 007c 00       		.byte	0
 13058 007d 0A       		.uleb128 0xa
 13059 007e 2E       		.uleb128 0x2e
 13060 007f 01       		.byte	0x1
 13061 0080 3F       		.uleb128 0x3f
 13062 0081 19       		.uleb128 0x19
 13063 0082 03       		.uleb128 0x3
 13064 0083 0E       		.uleb128 0xe
 13065 0084 3A       		.uleb128 0x3a
 13066 0085 0B       		.uleb128 0xb
 13067 0086 3B       		.uleb128 0x3b
 13068 0087 0B       		.uleb128 0xb
 13069 0088 39       		.uleb128 0x39
 13070 0089 0B       		.uleb128 0xb
 13071 008a 49       		.uleb128 0x49
 13072 008b 13       		.uleb128 0x13
 13073 008c 3C       		.uleb128 0x3c
 13074 008d 19       		.uleb128 0x19
 13075 008e 01       		.uleb128 0x1
 13076 008f 13       		.uleb128 0x13
 13077 0090 00       		.byte	0
 13078 0091 00       		.byte	0
 13079 0092 0B       		.uleb128 0xb
 13080 0093 2E       		.uleb128 0x2e
 13081 0094 01       		.byte	0x1
 13082 0095 3F       		.uleb128 0x3f
 13083 0096 19       		.uleb128 0x19
 13084 0097 03       		.uleb128 0x3
 13085 0098 0E       		.uleb128 0xe
 13086 0099 3A       		.uleb128 0x3a
 13087 009a 0B       		.uleb128 0xb
 13088 009b 3B       		.uleb128 0x3b
 13089 009c 05       		.uleb128 0x5
 13090 009d 39       		.uleb128 0x39
 13091 009e 0B       		.uleb128 0xb
 13092 009f 49       		.uleb128 0x49
 13093 00a0 13       		.uleb128 0x13
 13094 00a1 3C       		.uleb128 0x3c
 13095 00a2 19       		.uleb128 0x19
 13096 00a3 01       		.uleb128 0x1
 13097 00a4 13       		.uleb128 0x13
 13098 00a5 00       		.byte	0
 13099 00a6 00       		.byte	0
 13100 00a7 0C       		.uleb128 0xc
 13101 00a8 05       		.uleb128 0x5
 13102 00a9 00       		.byte	0
 13103 00aa 49       		.uleb128 0x49
 13104 00ab 13       		.uleb128 0x13
 13105 00ac 34       		.uleb128 0x34
 13106 00ad 19       		.uleb128 0x19
ARM GAS  /tmp/ccHvmxP5.s 			page 231


 13107 00ae 00       		.byte	0
 13108 00af 00       		.byte	0
 13109 00b0 0D       		.uleb128 0xd
 13110 00b1 01       		.uleb128 0x1
 13111 00b2 01       		.byte	0x1
 13112 00b3 49       		.uleb128 0x49
 13113 00b4 13       		.uleb128 0x13
 13114 00b5 01       		.uleb128 0x1
 13115 00b6 13       		.uleb128 0x13
 13116 00b7 00       		.byte	0
 13117 00b8 00       		.byte	0
 13118 00b9 0E       		.uleb128 0xe
 13119 00ba 26       		.uleb128 0x26
 13120 00bb 00       		.byte	0
 13121 00bc 49       		.uleb128 0x49
 13122 00bd 13       		.uleb128 0x13
 13123 00be 00       		.byte	0
 13124 00bf 00       		.byte	0
 13125 00c0 0F       		.uleb128 0xf
 13126 00c1 21       		.uleb128 0x21
 13127 00c2 00       		.byte	0
 13128 00c3 49       		.uleb128 0x49
 13129 00c4 13       		.uleb128 0x13
 13130 00c5 2F       		.uleb128 0x2f
 13131 00c6 0B       		.uleb128 0xb
 13132 00c7 00       		.byte	0
 13133 00c8 00       		.byte	0
 13134 00c9 10       		.uleb128 0x10
 13135 00ca 34       		.uleb128 0x34
 13136 00cb 00       		.byte	0
 13137 00cc 03       		.uleb128 0x3
 13138 00cd 08       		.uleb128 0x8
 13139 00ce 3A       		.uleb128 0x3a
 13140 00cf 0B       		.uleb128 0xb
 13141 00d0 3B       		.uleb128 0x3b
 13142 00d1 0B       		.uleb128 0xb
 13143 00d2 39       		.uleb128 0x39
 13144 00d3 0B       		.uleb128 0xb
 13145 00d4 49       		.uleb128 0x49
 13146 00d5 13       		.uleb128 0x13
 13147 00d6 02       		.uleb128 0x2
 13148 00d7 17       		.uleb128 0x17
 13149 00d8 B742     		.uleb128 0x2137
 13150 00da 17       		.uleb128 0x17
 13151 00db 00       		.byte	0
 13152 00dc 00       		.byte	0
 13153 00dd 11       		.uleb128 0x11
 13154 00de 0D       		.uleb128 0xd
 13155 00df 00       		.byte	0
 13156 00e0 03       		.uleb128 0x3
 13157 00e1 08       		.uleb128 0x8
 13158 00e2 3A       		.uleb128 0x3a
 13159 00e3 0B       		.uleb128 0xb
 13160 00e4 3B       		.uleb128 0x3b
 13161 00e5 0B       		.uleb128 0xb
 13162 00e6 39       		.uleb128 0x39
 13163 00e7 0B       		.uleb128 0xb
ARM GAS  /tmp/ccHvmxP5.s 			page 232


 13164 00e8 49       		.uleb128 0x49
 13165 00e9 13       		.uleb128 0x13
 13166 00ea 38       		.uleb128 0x38
 13167 00eb 0B       		.uleb128 0xb
 13168 00ec 00       		.byte	0
 13169 00ed 00       		.byte	0
 13170 00ee 12       		.uleb128 0x12
 13171 00ef 05       		.uleb128 0x5
 13172 00f0 00       		.byte	0
 13173 00f1 03       		.uleb128 0x3
 13174 00f2 08       		.uleb128 0x8
 13175 00f3 3A       		.uleb128 0x3a
 13176 00f4 0B       		.uleb128 0xb
 13177 00f5 3B       		.uleb128 0x3b
 13178 00f6 0B       		.uleb128 0xb
 13179 00f7 39       		.uleb128 0x39
 13180 00f8 0B       		.uleb128 0xb
 13181 00f9 49       		.uleb128 0x49
 13182 00fa 13       		.uleb128 0x13
 13183 00fb 00       		.byte	0
 13184 00fc 00       		.byte	0
 13185 00fd 13       		.uleb128 0x13
 13186 00fe 05       		.uleb128 0x5
 13187 00ff 00       		.byte	0
 13188 0100 03       		.uleb128 0x3
 13189 0101 0E       		.uleb128 0xe
 13190 0102 49       		.uleb128 0x49
 13191 0103 13       		.uleb128 0x13
 13192 0104 34       		.uleb128 0x34
 13193 0105 19       		.uleb128 0x19
 13194 0106 00       		.byte	0
 13195 0107 00       		.byte	0
 13196 0108 14       		.uleb128 0x14
 13197 0109 2E       		.uleb128 0x2e
 13198 010a 01       		.byte	0x1
 13199 010b 47       		.uleb128 0x47
 13200 010c 13       		.uleb128 0x13
 13201 010d 64       		.uleb128 0x64
 13202 010e 13       		.uleb128 0x13
 13203 010f 20       		.uleb128 0x20
 13204 0110 0B       		.uleb128 0xb
 13205 0111 01       		.uleb128 0x1
 13206 0112 13       		.uleb128 0x13
 13207 0113 00       		.byte	0
 13208 0114 00       		.byte	0
 13209 0115 15       		.uleb128 0x15
 13210 0116 34       		.uleb128 0x34
 13211 0117 00       		.byte	0
 13212 0118 03       		.uleb128 0x3
 13213 0119 0E       		.uleb128 0xe
 13214 011a 3A       		.uleb128 0x3a
 13215 011b 0B       		.uleb128 0xb
 13216 011c 3B       		.uleb128 0x3b
 13217 011d 05       		.uleb128 0x5
 13218 011e 39       		.uleb128 0x39
 13219 011f 0B       		.uleb128 0xb
 13220 0120 49       		.uleb128 0x49
ARM GAS  /tmp/ccHvmxP5.s 			page 233


 13221 0121 13       		.uleb128 0x13
 13222 0122 3F       		.uleb128 0x3f
 13223 0123 19       		.uleb128 0x19
 13224 0124 3C       		.uleb128 0x3c
 13225 0125 19       		.uleb128 0x19
 13226 0126 00       		.byte	0
 13227 0127 00       		.byte	0
 13228 0128 16       		.uleb128 0x16
 13229 0129 34       		.uleb128 0x34
 13230 012a 00       		.byte	0
 13231 012b 03       		.uleb128 0x3
 13232 012c 0E       		.uleb128 0xe
 13233 012d 3A       		.uleb128 0x3a
 13234 012e 0B       		.uleb128 0xb
 13235 012f 3B       		.uleb128 0x3b
 13236 0130 0B       		.uleb128 0xb
 13237 0131 39       		.uleb128 0x39
 13238 0132 0B       		.uleb128 0xb
 13239 0133 49       		.uleb128 0x49
 13240 0134 13       		.uleb128 0x13
 13241 0135 02       		.uleb128 0x2
 13242 0136 17       		.uleb128 0x17
 13243 0137 B742     		.uleb128 0x2137
 13244 0139 17       		.uleb128 0x17
 13245 013a 00       		.byte	0
 13246 013b 00       		.byte	0
 13247 013c 17       		.uleb128 0x17
 13248 013d 2E       		.uleb128 0x2e
 13249 013e 01       		.byte	0x1
 13250 013f 3F       		.uleb128 0x3f
 13251 0140 19       		.uleb128 0x19
 13252 0141 03       		.uleb128 0x3
 13253 0142 0E       		.uleb128 0xe
 13254 0143 3A       		.uleb128 0x3a
 13255 0144 0B       		.uleb128 0xb
 13256 0145 3B       		.uleb128 0x3b
 13257 0146 0B       		.uleb128 0xb
 13258 0147 39       		.uleb128 0x39
 13259 0148 0B       		.uleb128 0xb
 13260 0149 6E       		.uleb128 0x6e
 13261 014a 0E       		.uleb128 0xe
 13262 014b 32       		.uleb128 0x32
 13263 014c 0B       		.uleb128 0xb
 13264 014d 3C       		.uleb128 0x3c
 13265 014e 19       		.uleb128 0x19
 13266 014f 64       		.uleb128 0x64
 13267 0150 13       		.uleb128 0x13
 13268 0151 01       		.uleb128 0x1
 13269 0152 13       		.uleb128 0x13
 13270 0153 00       		.byte	0
 13271 0154 00       		.byte	0
 13272 0155 18       		.uleb128 0x18
 13273 0156 1D       		.uleb128 0x1d
 13274 0157 01       		.byte	0x1
 13275 0158 31       		.uleb128 0x31
 13276 0159 13       		.uleb128 0x13
 13277 015a 52       		.uleb128 0x52
ARM GAS  /tmp/ccHvmxP5.s 			page 234


 13278 015b 01       		.uleb128 0x1
 13279 015c B842     		.uleb128 0x2138
 13280 015e 05       		.uleb128 0x5
 13281 015f 55       		.uleb128 0x55
 13282 0160 17       		.uleb128 0x17
 13283 0161 58       		.uleb128 0x58
 13284 0162 0B       		.uleb128 0xb
 13285 0163 59       		.uleb128 0x59
 13286 0164 0B       		.uleb128 0xb
 13287 0165 57       		.uleb128 0x57
 13288 0166 0B       		.uleb128 0xb
 13289 0167 01       		.uleb128 0x1
 13290 0168 13       		.uleb128 0x13
 13291 0169 00       		.byte	0
 13292 016a 00       		.byte	0
 13293 016b 19       		.uleb128 0x19
 13294 016c 24       		.uleb128 0x24
 13295 016d 00       		.byte	0
 13296 016e 0B       		.uleb128 0xb
 13297 016f 0B       		.uleb128 0xb
 13298 0170 3E       		.uleb128 0x3e
 13299 0171 0B       		.uleb128 0xb
 13300 0172 03       		.uleb128 0x3
 13301 0173 0E       		.uleb128 0xe
 13302 0174 00       		.byte	0
 13303 0175 00       		.byte	0
 13304 0176 1A       		.uleb128 0x1a
 13305 0177 898201   		.uleb128 0x4109
 13306 017a 01       		.byte	0x1
 13307 017b 11       		.uleb128 0x11
 13308 017c 01       		.uleb128 0x1
 13309 017d 31       		.uleb128 0x31
 13310 017e 13       		.uleb128 0x13
 13311 017f 00       		.byte	0
 13312 0180 00       		.byte	0
 13313 0181 1B       		.uleb128 0x1b
 13314 0182 2E       		.uleb128 0x2e
 13315 0183 01       		.byte	0x1
 13316 0184 3F       		.uleb128 0x3f
 13317 0185 19       		.uleb128 0x19
 13318 0186 03       		.uleb128 0x3
 13319 0187 0E       		.uleb128 0xe
 13320 0188 3A       		.uleb128 0x3a
 13321 0189 0B       		.uleb128 0xb
 13322 018a 3B       		.uleb128 0x3b
 13323 018b 0B       		.uleb128 0xb
 13324 018c 39       		.uleb128 0x39
 13325 018d 0B       		.uleb128 0xb
 13326 018e 6E       		.uleb128 0x6e
 13327 018f 0E       		.uleb128 0xe
 13328 0190 49       		.uleb128 0x49
 13329 0191 13       		.uleb128 0x13
 13330 0192 3C       		.uleb128 0x3c
 13331 0193 19       		.uleb128 0x19
 13332 0194 01       		.uleb128 0x1
 13333 0195 13       		.uleb128 0x13
 13334 0196 00       		.byte	0
ARM GAS  /tmp/ccHvmxP5.s 			page 235


 13335 0197 00       		.byte	0
 13336 0198 1C       		.uleb128 0x1c
 13337 0199 05       		.uleb128 0x5
 13338 019a 00       		.byte	0
 13339 019b 03       		.uleb128 0x3
 13340 019c 0E       		.uleb128 0xe
 13341 019d 3A       		.uleb128 0x3a
 13342 019e 0B       		.uleb128 0xb
 13343 019f 3B       		.uleb128 0x3b
 13344 01a0 0B       		.uleb128 0xb
 13345 01a1 39       		.uleb128 0x39
 13346 01a2 0B       		.uleb128 0xb
 13347 01a3 49       		.uleb128 0x49
 13348 01a4 13       		.uleb128 0x13
 13349 01a5 00       		.byte	0
 13350 01a6 00       		.byte	0
 13351 01a7 1D       		.uleb128 0x1d
 13352 01a8 2E       		.uleb128 0x2e
 13353 01a9 01       		.byte	0x1
 13354 01aa 3F       		.uleb128 0x3f
 13355 01ab 19       		.uleb128 0x19
 13356 01ac 03       		.uleb128 0x3
 13357 01ad 0E       		.uleb128 0xe
 13358 01ae 3A       		.uleb128 0x3a
 13359 01af 0B       		.uleb128 0xb
 13360 01b0 3B       		.uleb128 0x3b
 13361 01b1 0B       		.uleb128 0xb
 13362 01b2 39       		.uleb128 0x39
 13363 01b3 0B       		.uleb128 0xb
 13364 01b4 6E       		.uleb128 0x6e
 13365 01b5 0E       		.uleb128 0xe
 13366 01b6 49       		.uleb128 0x49
 13367 01b7 13       		.uleb128 0x13
 13368 01b8 32       		.uleb128 0x32
 13369 01b9 0B       		.uleb128 0xb
 13370 01ba 3C       		.uleb128 0x3c
 13371 01bb 19       		.uleb128 0x19
 13372 01bc 64       		.uleb128 0x64
 13373 01bd 13       		.uleb128 0x13
 13374 01be 01       		.uleb128 0x1
 13375 01bf 13       		.uleb128 0x13
 13376 01c0 00       		.byte	0
 13377 01c1 00       		.byte	0
 13378 01c2 1E       		.uleb128 0x1e
 13379 01c3 898201   		.uleb128 0x4109
 13380 01c6 01       		.byte	0x1
 13381 01c7 11       		.uleb128 0x11
 13382 01c8 01       		.uleb128 0x1
 13383 01c9 31       		.uleb128 0x31
 13384 01ca 13       		.uleb128 0x13
 13385 01cb 01       		.uleb128 0x1
 13386 01cc 13       		.uleb128 0x13
 13387 01cd 00       		.byte	0
 13388 01ce 00       		.byte	0
 13389 01cf 1F       		.uleb128 0x1f
 13390 01d0 2E       		.uleb128 0x2e
 13391 01d1 01       		.byte	0x1
ARM GAS  /tmp/ccHvmxP5.s 			page 236


 13392 01d2 3F       		.uleb128 0x3f
 13393 01d3 19       		.uleb128 0x19
 13394 01d4 03       		.uleb128 0x3
 13395 01d5 08       		.uleb128 0x8
 13396 01d6 3A       		.uleb128 0x3a
 13397 01d7 0B       		.uleb128 0xb
 13398 01d8 3B       		.uleb128 0x3b
 13399 01d9 05       		.uleb128 0x5
 13400 01da 39       		.uleb128 0x39
 13401 01db 0B       		.uleb128 0xb
 13402 01dc 6E       		.uleb128 0x6e
 13403 01dd 0E       		.uleb128 0xe
 13404 01de 49       		.uleb128 0x49
 13405 01df 13       		.uleb128 0x13
 13406 01e0 3C       		.uleb128 0x3c
 13407 01e1 19       		.uleb128 0x19
 13408 01e2 01       		.uleb128 0x1
 13409 01e3 13       		.uleb128 0x13
 13410 01e4 00       		.byte	0
 13411 01e5 00       		.byte	0
 13412 01e6 20       		.uleb128 0x20
 13413 01e7 05       		.uleb128 0x5
 13414 01e8 00       		.byte	0
 13415 01e9 03       		.uleb128 0x3
 13416 01ea 08       		.uleb128 0x8
 13417 01eb 3A       		.uleb128 0x3a
 13418 01ec 0B       		.uleb128 0xb
 13419 01ed 3B       		.uleb128 0x3b
 13420 01ee 0B       		.uleb128 0xb
 13421 01ef 39       		.uleb128 0x39
 13422 01f0 0B       		.uleb128 0xb
 13423 01f1 49       		.uleb128 0x49
 13424 01f2 13       		.uleb128 0x13
 13425 01f3 02       		.uleb128 0x2
 13426 01f4 17       		.uleb128 0x17
 13427 01f5 B742     		.uleb128 0x2137
 13428 01f7 17       		.uleb128 0x17
 13429 01f8 00       		.byte	0
 13430 01f9 00       		.byte	0
 13431 01fa 21       		.uleb128 0x21
 13432 01fb 34       		.uleb128 0x34
 13433 01fc 00       		.byte	0
 13434 01fd 03       		.uleb128 0x3
 13435 01fe 0E       		.uleb128 0xe
 13436 01ff 3A       		.uleb128 0x3a
 13437 0200 0B       		.uleb128 0xb
 13438 0201 3B       		.uleb128 0x3b
 13439 0202 0B       		.uleb128 0xb
 13440 0203 39       		.uleb128 0x39
 13441 0204 0B       		.uleb128 0xb
 13442 0205 49       		.uleb128 0x49
 13443 0206 13       		.uleb128 0x13
 13444 0207 3F       		.uleb128 0x3f
 13445 0208 19       		.uleb128 0x19
 13446 0209 3C       		.uleb128 0x3c
 13447 020a 19       		.uleb128 0x19
 13448 020b 00       		.byte	0
ARM GAS  /tmp/ccHvmxP5.s 			page 237


 13449 020c 00       		.byte	0
 13450 020d 22       		.uleb128 0x22
 13451 020e 05       		.uleb128 0x5
 13452 020f 00       		.byte	0
 13453 0210 31       		.uleb128 0x31
 13454 0211 13       		.uleb128 0x13
 13455 0212 00       		.byte	0
 13456 0213 00       		.byte	0
 13457 0214 23       		.uleb128 0x23
 13458 0215 2E       		.uleb128 0x2e
 13459 0216 01       		.byte	0x1
 13460 0217 3F       		.uleb128 0x3f
 13461 0218 19       		.uleb128 0x19
 13462 0219 03       		.uleb128 0x3
 13463 021a 08       		.uleb128 0x8
 13464 021b 3A       		.uleb128 0x3a
 13465 021c 0B       		.uleb128 0xb
 13466 021d 3B       		.uleb128 0x3b
 13467 021e 0B       		.uleb128 0xb
 13468 021f 39       		.uleb128 0x39
 13469 0220 0B       		.uleb128 0xb
 13470 0221 6E       		.uleb128 0x6e
 13471 0222 0E       		.uleb128 0xe
 13472 0223 49       		.uleb128 0x49
 13473 0224 13       		.uleb128 0x13
 13474 0225 3C       		.uleb128 0x3c
 13475 0226 19       		.uleb128 0x19
 13476 0227 01       		.uleb128 0x1
 13477 0228 13       		.uleb128 0x13
 13478 0229 00       		.byte	0
 13479 022a 00       		.byte	0
 13480 022b 24       		.uleb128 0x24
 13481 022c 05       		.uleb128 0x5
 13482 022d 00       		.byte	0
 13483 022e 03       		.uleb128 0x3
 13484 022f 0E       		.uleb128 0xe
 13485 0230 3A       		.uleb128 0x3a
 13486 0231 0B       		.uleb128 0xb
 13487 0232 3B       		.uleb128 0x3b
 13488 0233 0B       		.uleb128 0xb
 13489 0234 39       		.uleb128 0x39
 13490 0235 0B       		.uleb128 0xb
 13491 0236 49       		.uleb128 0x49
 13492 0237 13       		.uleb128 0x13
 13493 0238 02       		.uleb128 0x2
 13494 0239 17       		.uleb128 0x17
 13495 023a B742     		.uleb128 0x2137
 13496 023c 17       		.uleb128 0x17
 13497 023d 00       		.byte	0
 13498 023e 00       		.byte	0
 13499 023f 25       		.uleb128 0x25
 13500 0240 2E       		.uleb128 0x2e
 13501 0241 01       		.byte	0x1
 13502 0242 3F       		.uleb128 0x3f
 13503 0243 19       		.uleb128 0x19
 13504 0244 03       		.uleb128 0x3
 13505 0245 08       		.uleb128 0x8
ARM GAS  /tmp/ccHvmxP5.s 			page 238


 13506 0246 3A       		.uleb128 0x3a
 13507 0247 0B       		.uleb128 0xb
 13508 0248 3B       		.uleb128 0x3b
 13509 0249 0B       		.uleb128 0xb
 13510 024a 39       		.uleb128 0x39
 13511 024b 0B       		.uleb128 0xb
 13512 024c 49       		.uleb128 0x49
 13513 024d 13       		.uleb128 0x13
 13514 024e 3C       		.uleb128 0x3c
 13515 024f 19       		.uleb128 0x19
 13516 0250 01       		.uleb128 0x1
 13517 0251 13       		.uleb128 0x13
 13518 0252 00       		.byte	0
 13519 0253 00       		.byte	0
 13520 0254 26       		.uleb128 0x26
 13521 0255 1D       		.uleb128 0x1d
 13522 0256 01       		.byte	0x1
 13523 0257 31       		.uleb128 0x31
 13524 0258 13       		.uleb128 0x13
 13525 0259 52       		.uleb128 0x52
 13526 025a 01       		.uleb128 0x1
 13527 025b B842     		.uleb128 0x2138
 13528 025d 05       		.uleb128 0x5
 13529 025e 55       		.uleb128 0x55
 13530 025f 17       		.uleb128 0x17
 13531 0260 58       		.uleb128 0x58
 13532 0261 0B       		.uleb128 0xb
 13533 0262 59       		.uleb128 0x59
 13534 0263 0B       		.uleb128 0xb
 13535 0264 57       		.uleb128 0x57
 13536 0265 0B       		.uleb128 0xb
 13537 0266 00       		.byte	0
 13538 0267 00       		.byte	0
 13539 0268 27       		.uleb128 0x27
 13540 0269 2E       		.uleb128 0x2e
 13541 026a 01       		.byte	0x1
 13542 026b 47       		.uleb128 0x47
 13543 026c 13       		.uleb128 0x13
 13544 026d 64       		.uleb128 0x64
 13545 026e 13       		.uleb128 0x13
 13546 026f 11       		.uleb128 0x11
 13547 0270 01       		.uleb128 0x1
 13548 0271 12       		.uleb128 0x12
 13549 0272 06       		.uleb128 0x6
 13550 0273 40       		.uleb128 0x40
 13551 0274 18       		.uleb128 0x18
 13552 0275 9742     		.uleb128 0x2117
 13553 0277 19       		.uleb128 0x19
 13554 0278 01       		.uleb128 0x1
 13555 0279 13       		.uleb128 0x13
 13556 027a 00       		.byte	0
 13557 027b 00       		.byte	0
 13558 027c 28       		.uleb128 0x28
 13559 027d 13       		.uleb128 0x13
 13560 027e 01       		.byte	0x1
 13561 027f 03       		.uleb128 0x3
 13562 0280 0E       		.uleb128 0xe
ARM GAS  /tmp/ccHvmxP5.s 			page 239


 13563 0281 0B       		.uleb128 0xb
 13564 0282 0B       		.uleb128 0xb
 13565 0283 3A       		.uleb128 0x3a
 13566 0284 0B       		.uleb128 0xb
 13567 0285 3B       		.uleb128 0x3b
 13568 0286 0B       		.uleb128 0xb
 13569 0287 39       		.uleb128 0x39
 13570 0288 0B       		.uleb128 0xb
 13571 0289 01       		.uleb128 0x1
 13572 028a 13       		.uleb128 0x13
 13573 028b 00       		.byte	0
 13574 028c 00       		.byte	0
 13575 028d 29       		.uleb128 0x29
 13576 028e 15       		.uleb128 0x15
 13577 028f 01       		.byte	0x1
 13578 0290 49       		.uleb128 0x49
 13579 0291 13       		.uleb128 0x13
 13580 0292 01       		.uleb128 0x1
 13581 0293 13       		.uleb128 0x13
 13582 0294 00       		.byte	0
 13583 0295 00       		.byte	0
 13584 0296 2A       		.uleb128 0x2a
 13585 0297 28       		.uleb128 0x28
 13586 0298 00       		.byte	0
 13587 0299 03       		.uleb128 0x3
 13588 029a 0E       		.uleb128 0xe
 13589 029b 1C       		.uleb128 0x1c
 13590 029c 0D       		.uleb128 0xd
 13591 029d 00       		.byte	0
 13592 029e 00       		.byte	0
 13593 029f 2B       		.uleb128 0x2b
 13594 02a0 0B       		.uleb128 0xb
 13595 02a1 01       		.byte	0x1
 13596 02a2 55       		.uleb128 0x55
 13597 02a3 17       		.uleb128 0x17
 13598 02a4 00       		.byte	0
 13599 02a5 00       		.byte	0
 13600 02a6 2C       		.uleb128 0x2c
 13601 02a7 05       		.uleb128 0x5
 13602 02a8 00       		.byte	0
 13603 02a9 03       		.uleb128 0x3
 13604 02aa 0E       		.uleb128 0xe
 13605 02ab 49       		.uleb128 0x49
 13606 02ac 13       		.uleb128 0x13
 13607 02ad 34       		.uleb128 0x34
 13608 02ae 19       		.uleb128 0x19
 13609 02af 02       		.uleb128 0x2
 13610 02b0 17       		.uleb128 0x17
 13611 02b1 B742     		.uleb128 0x2137
 13612 02b3 17       		.uleb128 0x17
 13613 02b4 00       		.byte	0
 13614 02b5 00       		.byte	0
 13615 02b6 2D       		.uleb128 0x2d
 13616 02b7 16       		.uleb128 0x16
 13617 02b8 00       		.byte	0
 13618 02b9 03       		.uleb128 0x3
 13619 02ba 0E       		.uleb128 0xe
ARM GAS  /tmp/ccHvmxP5.s 			page 240


 13620 02bb 3A       		.uleb128 0x3a
 13621 02bc 0B       		.uleb128 0xb
 13622 02bd 3B       		.uleb128 0x3b
 13623 02be 05       		.uleb128 0x5
 13624 02bf 39       		.uleb128 0x39
 13625 02c0 0B       		.uleb128 0xb
 13626 02c1 49       		.uleb128 0x49
 13627 02c2 13       		.uleb128 0x13
 13628 02c3 00       		.byte	0
 13629 02c4 00       		.byte	0
 13630 02c5 2E       		.uleb128 0x2e
 13631 02c6 0D       		.uleb128 0xd
 13632 02c7 00       		.byte	0
 13633 02c8 03       		.uleb128 0x3
 13634 02c9 0E       		.uleb128 0xe
 13635 02ca 3A       		.uleb128 0x3a
 13636 02cb 0B       		.uleb128 0xb
 13637 02cc 3B       		.uleb128 0x3b
 13638 02cd 05       		.uleb128 0x5
 13639 02ce 39       		.uleb128 0x39
 13640 02cf 0B       		.uleb128 0xb
 13641 02d0 49       		.uleb128 0x49
 13642 02d1 13       		.uleb128 0x13
 13643 02d2 38       		.uleb128 0x38
 13644 02d3 05       		.uleb128 0x5
 13645 02d4 00       		.byte	0
 13646 02d5 00       		.byte	0
 13647 02d6 2F       		.uleb128 0x2f
 13648 02d7 34       		.uleb128 0x34
 13649 02d8 00       		.byte	0
 13650 02d9 31       		.uleb128 0x31
 13651 02da 13       		.uleb128 0x13
 13652 02db 02       		.uleb128 0x2
 13653 02dc 17       		.uleb128 0x17
 13654 02dd B742     		.uleb128 0x2137
 13655 02df 17       		.uleb128 0x17
 13656 02e0 00       		.byte	0
 13657 02e1 00       		.byte	0
 13658 02e2 30       		.uleb128 0x30
 13659 02e3 2E       		.uleb128 0x2e
 13660 02e4 01       		.byte	0x1
 13661 02e5 31       		.uleb128 0x31
 13662 02e6 13       		.uleb128 0x13
 13663 02e7 6E       		.uleb128 0x6e
 13664 02e8 0E       		.uleb128 0xe
 13665 02e9 64       		.uleb128 0x64
 13666 02ea 13       		.uleb128 0x13
 13667 02eb 01       		.uleb128 0x1
 13668 02ec 13       		.uleb128 0x13
 13669 02ed 00       		.byte	0
 13670 02ee 00       		.byte	0
 13671 02ef 31       		.uleb128 0x31
 13672 02f0 13       		.uleb128 0x13
 13673 02f1 01       		.byte	0x1
 13674 02f2 0B       		.uleb128 0xb
 13675 02f3 0B       		.uleb128 0xb
 13676 02f4 3A       		.uleb128 0x3a
ARM GAS  /tmp/ccHvmxP5.s 			page 241


 13677 02f5 0B       		.uleb128 0xb
 13678 02f6 3B       		.uleb128 0x3b
 13679 02f7 0B       		.uleb128 0xb
 13680 02f8 39       		.uleb128 0x39
 13681 02f9 0B       		.uleb128 0xb
 13682 02fa 6E       		.uleb128 0x6e
 13683 02fb 0E       		.uleb128 0xe
 13684 02fc 01       		.uleb128 0x1
 13685 02fd 13       		.uleb128 0x13
 13686 02fe 00       		.byte	0
 13687 02ff 00       		.byte	0
 13688 0300 32       		.uleb128 0x32
 13689 0301 13       		.uleb128 0x13
 13690 0302 01       		.byte	0x1
 13691 0303 03       		.uleb128 0x3
 13692 0304 0E       		.uleb128 0xe
 13693 0305 0B       		.uleb128 0xb
 13694 0306 0B       		.uleb128 0xb
 13695 0307 3A       		.uleb128 0x3a
 13696 0308 0B       		.uleb128 0xb
 13697 0309 3B       		.uleb128 0x3b
 13698 030a 05       		.uleb128 0x5
 13699 030b 39       		.uleb128 0x39
 13700 030c 0B       		.uleb128 0xb
 13701 030d 01       		.uleb128 0x1
 13702 030e 13       		.uleb128 0x13
 13703 030f 00       		.byte	0
 13704 0310 00       		.byte	0
 13705 0311 33       		.uleb128 0x33
 13706 0312 0D       		.uleb128 0xd
 13707 0313 00       		.byte	0
 13708 0314 03       		.uleb128 0x3
 13709 0315 08       		.uleb128 0x8
 13710 0316 3A       		.uleb128 0x3a
 13711 0317 0B       		.uleb128 0xb
 13712 0318 3B       		.uleb128 0x3b
 13713 0319 05       		.uleb128 0x5
 13714 031a 39       		.uleb128 0x39
 13715 031b 0B       		.uleb128 0xb
 13716 031c 49       		.uleb128 0x49
 13717 031d 13       		.uleb128 0x13
 13718 031e 38       		.uleb128 0x38
 13719 031f 0B       		.uleb128 0xb
 13720 0320 00       		.byte	0
 13721 0321 00       		.byte	0
 13722 0322 34       		.uleb128 0x34
 13723 0323 02       		.uleb128 0x2
 13724 0324 01       		.byte	0x1
 13725 0325 03       		.uleb128 0x3
 13726 0326 0E       		.uleb128 0xe
 13727 0327 0B       		.uleb128 0xb
 13728 0328 0B       		.uleb128 0xb
 13729 0329 3A       		.uleb128 0x3a
 13730 032a 0B       		.uleb128 0xb
 13731 032b 3B       		.uleb128 0x3b
 13732 032c 0B       		.uleb128 0xb
 13733 032d 39       		.uleb128 0x39
ARM GAS  /tmp/ccHvmxP5.s 			page 242


 13734 032e 0B       		.uleb128 0xb
 13735 032f 01       		.uleb128 0x1
 13736 0330 13       		.uleb128 0x13
 13737 0331 00       		.byte	0
 13738 0332 00       		.byte	0
 13739 0333 35       		.uleb128 0x35
 13740 0334 0B       		.uleb128 0xb
 13741 0335 01       		.byte	0x1
 13742 0336 55       		.uleb128 0x55
 13743 0337 17       		.uleb128 0x17
 13744 0338 01       		.uleb128 0x1
 13745 0339 13       		.uleb128 0x13
 13746 033a 00       		.byte	0
 13747 033b 00       		.byte	0
 13748 033c 36       		.uleb128 0x36
 13749 033d 2E       		.uleb128 0x2e
 13750 033e 01       		.byte	0x1
 13751 033f 3F       		.uleb128 0x3f
 13752 0340 19       		.uleb128 0x19
 13753 0341 03       		.uleb128 0x3
 13754 0342 0E       		.uleb128 0xe
 13755 0343 3A       		.uleb128 0x3a
 13756 0344 0B       		.uleb128 0xb
 13757 0345 3B       		.uleb128 0x3b
 13758 0346 0B       		.uleb128 0xb
 13759 0347 39       		.uleb128 0x39
 13760 0348 0B       		.uleb128 0xb
 13761 0349 6E       		.uleb128 0x6e
 13762 034a 0E       		.uleb128 0xe
 13763 034b 49       		.uleb128 0x49
 13764 034c 13       		.uleb128 0x13
 13765 034d 20       		.uleb128 0x20
 13766 034e 0B       		.uleb128 0xb
 13767 034f 01       		.uleb128 0x1
 13768 0350 13       		.uleb128 0x13
 13769 0351 00       		.byte	0
 13770 0352 00       		.byte	0
 13771 0353 37       		.uleb128 0x37
 13772 0354 13       		.uleb128 0x13
 13773 0355 01       		.byte	0x1
 13774 0356 03       		.uleb128 0x3
 13775 0357 0E       		.uleb128 0xe
 13776 0358 0B       		.uleb128 0xb
 13777 0359 05       		.uleb128 0x5
 13778 035a 3A       		.uleb128 0x3a
 13779 035b 0B       		.uleb128 0xb
 13780 035c 3B       		.uleb128 0x3b
 13781 035d 0B       		.uleb128 0xb
 13782 035e 39       		.uleb128 0x39
 13783 035f 0B       		.uleb128 0xb
 13784 0360 01       		.uleb128 0x1
 13785 0361 13       		.uleb128 0x13
 13786 0362 00       		.byte	0
 13787 0363 00       		.byte	0
 13788 0364 38       		.uleb128 0x38
 13789 0365 0D       		.uleb128 0xd
 13790 0366 00       		.byte	0
ARM GAS  /tmp/ccHvmxP5.s 			page 243


 13791 0367 03       		.uleb128 0x3
 13792 0368 0E       		.uleb128 0xe
 13793 0369 3A       		.uleb128 0x3a
 13794 036a 0B       		.uleb128 0xb
 13795 036b 3B       		.uleb128 0x3b
 13796 036c 0B       		.uleb128 0xb
 13797 036d 39       		.uleb128 0x39
 13798 036e 0B       		.uleb128 0xb
 13799 036f 49       		.uleb128 0x49
 13800 0370 13       		.uleb128 0x13
 13801 0371 38       		.uleb128 0x38
 13802 0372 05       		.uleb128 0x5
 13803 0373 00       		.byte	0
 13804 0374 00       		.byte	0
 13805 0375 39       		.uleb128 0x39
 13806 0376 15       		.uleb128 0x15
 13807 0377 01       		.byte	0x1
 13808 0378 01       		.uleb128 0x1
 13809 0379 13       		.uleb128 0x13
 13810 037a 00       		.byte	0
 13811 037b 00       		.byte	0
 13812 037c 3A       		.uleb128 0x3a
 13813 037d 28       		.uleb128 0x28
 13814 037e 00       		.byte	0
 13815 037f 03       		.uleb128 0x3
 13816 0380 0E       		.uleb128 0xe
 13817 0381 1C       		.uleb128 0x1c
 13818 0382 06       		.uleb128 0x6
 13819 0383 00       		.byte	0
 13820 0384 00       		.byte	0
 13821 0385 3B       		.uleb128 0x3b
 13822 0386 0D       		.uleb128 0xd
 13823 0387 00       		.byte	0
 13824 0388 03       		.uleb128 0x3
 13825 0389 0E       		.uleb128 0xe
 13826 038a 3A       		.uleb128 0x3a
 13827 038b 0B       		.uleb128 0xb
 13828 038c 3B       		.uleb128 0x3b
 13829 038d 05       		.uleb128 0x5
 13830 038e 39       		.uleb128 0x39
 13831 038f 0B       		.uleb128 0xb
 13832 0390 49       		.uleb128 0x49
 13833 0391 13       		.uleb128 0x13
 13834 0392 0B       		.uleb128 0xb
 13835 0393 0B       		.uleb128 0xb
 13836 0394 0D       		.uleb128 0xd
 13837 0395 0B       		.uleb128 0xb
 13838 0396 0C       		.uleb128 0xc
 13839 0397 0B       		.uleb128 0xb
 13840 0398 38       		.uleb128 0x38
 13841 0399 0B       		.uleb128 0xb
 13842 039a 00       		.byte	0
 13843 039b 00       		.byte	0
 13844 039c 3C       		.uleb128 0x3c
 13845 039d 21       		.uleb128 0x21
 13846 039e 00       		.byte	0
 13847 039f 49       		.uleb128 0x49
ARM GAS  /tmp/ccHvmxP5.s 			page 244


 13848 03a0 13       		.uleb128 0x13
 13849 03a1 2F       		.uleb128 0x2f
 13850 03a2 05       		.uleb128 0x5
 13851 03a3 00       		.byte	0
 13852 03a4 00       		.byte	0
 13853 03a5 3D       		.uleb128 0x3d
 13854 03a6 34       		.uleb128 0x34
 13855 03a7 00       		.byte	0
 13856 03a8 03       		.uleb128 0x3
 13857 03a9 0E       		.uleb128 0xe
 13858 03aa 3A       		.uleb128 0x3a
 13859 03ab 0B       		.uleb128 0xb
 13860 03ac 3B       		.uleb128 0x3b
 13861 03ad 0B       		.uleb128 0xb
 13862 03ae 39       		.uleb128 0x39
 13863 03af 0B       		.uleb128 0xb
 13864 03b0 49       		.uleb128 0x49
 13865 03b1 13       		.uleb128 0x13
 13866 03b2 00       		.byte	0
 13867 03b3 00       		.byte	0
 13868 03b4 3E       		.uleb128 0x3e
 13869 03b5 05       		.uleb128 0x5
 13870 03b6 00       		.byte	0
 13871 03b7 31       		.uleb128 0x31
 13872 03b8 13       		.uleb128 0x13
 13873 03b9 02       		.uleb128 0x2
 13874 03ba 18       		.uleb128 0x18
 13875 03bb 00       		.byte	0
 13876 03bc 00       		.byte	0
 13877 03bd 3F       		.uleb128 0x3f
 13878 03be 2E       		.uleb128 0x2e
 13879 03bf 01       		.byte	0x1
 13880 03c0 3F       		.uleb128 0x3f
 13881 03c1 19       		.uleb128 0x19
 13882 03c2 03       		.uleb128 0x3
 13883 03c3 0E       		.uleb128 0xe
 13884 03c4 3A       		.uleb128 0x3a
 13885 03c5 0B       		.uleb128 0xb
 13886 03c6 3B       		.uleb128 0x3b
 13887 03c7 0B       		.uleb128 0xb
 13888 03c8 39       		.uleb128 0x39
 13889 03c9 0B       		.uleb128 0xb
 13890 03ca 11       		.uleb128 0x11
 13891 03cb 01       		.uleb128 0x1
 13892 03cc 12       		.uleb128 0x12
 13893 03cd 06       		.uleb128 0x6
 13894 03ce 40       		.uleb128 0x40
 13895 03cf 18       		.uleb128 0x18
 13896 03d0 9742     		.uleb128 0x2117
 13897 03d2 19       		.uleb128 0x19
 13898 03d3 01       		.uleb128 0x1
 13899 03d4 13       		.uleb128 0x13
 13900 03d5 00       		.byte	0
 13901 03d6 00       		.byte	0
 13902 03d7 40       		.uleb128 0x40
 13903 03d8 05       		.uleb128 0x5
 13904 03d9 00       		.byte	0
ARM GAS  /tmp/ccHvmxP5.s 			page 245


 13905 03da 03       		.uleb128 0x3
 13906 03db 08       		.uleb128 0x8
 13907 03dc 3A       		.uleb128 0x3a
 13908 03dd 0B       		.uleb128 0xb
 13909 03de 3B       		.uleb128 0x3b
 13910 03df 0B       		.uleb128 0xb
 13911 03e0 39       		.uleb128 0x39
 13912 03e1 0B       		.uleb128 0xb
 13913 03e2 49       		.uleb128 0x49
 13914 03e3 13       		.uleb128 0x13
 13915 03e4 02       		.uleb128 0x2
 13916 03e5 18       		.uleb128 0x18
 13917 03e6 00       		.byte	0
 13918 03e7 00       		.byte	0
 13919 03e8 41       		.uleb128 0x41
 13920 03e9 2E       		.uleb128 0x2e
 13921 03ea 01       		.byte	0x1
 13922 03eb 3F       		.uleb128 0x3f
 13923 03ec 19       		.uleb128 0x19
 13924 03ed 03       		.uleb128 0x3
 13925 03ee 0E       		.uleb128 0xe
 13926 03ef 3A       		.uleb128 0x3a
 13927 03f0 0B       		.uleb128 0xb
 13928 03f1 3B       		.uleb128 0x3b
 13929 03f2 0B       		.uleb128 0xb
 13930 03f3 39       		.uleb128 0x39
 13931 03f4 0B       		.uleb128 0xb
 13932 03f5 49       		.uleb128 0x49
 13933 03f6 13       		.uleb128 0x13
 13934 03f7 11       		.uleb128 0x11
 13935 03f8 01       		.uleb128 0x1
 13936 03f9 12       		.uleb128 0x12
 13937 03fa 06       		.uleb128 0x6
 13938 03fb 40       		.uleb128 0x40
 13939 03fc 18       		.uleb128 0x18
 13940 03fd 9742     		.uleb128 0x2117
 13941 03ff 19       		.uleb128 0x19
 13942 0400 01       		.uleb128 0x1
 13943 0401 13       		.uleb128 0x13
 13944 0402 00       		.byte	0
 13945 0403 00       		.byte	0
 13946 0404 42       		.uleb128 0x42
 13947 0405 2E       		.uleb128 0x2e
 13948 0406 00       		.byte	0
 13949 0407 3F       		.uleb128 0x3f
 13950 0408 19       		.uleb128 0x19
 13951 0409 03       		.uleb128 0x3
 13952 040a 0E       		.uleb128 0xe
 13953 040b 3A       		.uleb128 0x3a
 13954 040c 0B       		.uleb128 0xb
 13955 040d 3B       		.uleb128 0x3b
 13956 040e 0B       		.uleb128 0xb
 13957 040f 39       		.uleb128 0x39
 13958 0410 0B       		.uleb128 0xb
 13959 0411 00       		.byte	0
 13960 0412 00       		.byte	0
 13961 0413 43       		.uleb128 0x43
ARM GAS  /tmp/ccHvmxP5.s 			page 246


 13962 0414 34       		.uleb128 0x34
 13963 0415 00       		.byte	0
 13964 0416 03       		.uleb128 0x3
 13965 0417 08       		.uleb128 0x8
 13966 0418 3A       		.uleb128 0x3a
 13967 0419 0B       		.uleb128 0xb
 13968 041a 3B       		.uleb128 0x3b
 13969 041b 0B       		.uleb128 0xb
 13970 041c 39       		.uleb128 0x39
 13971 041d 0B       		.uleb128 0xb
 13972 041e 49       		.uleb128 0x49
 13973 041f 13       		.uleb128 0x13
 13974 0420 00       		.byte	0
 13975 0421 00       		.byte	0
 13976 0422 44       		.uleb128 0x44
 13977 0423 39       		.uleb128 0x39
 13978 0424 00       		.byte	0
 13979 0425 03       		.uleb128 0x3
 13980 0426 0E       		.uleb128 0xe
 13981 0427 3A       		.uleb128 0x3a
 13982 0428 0B       		.uleb128 0xb
 13983 0429 3B       		.uleb128 0x3b
 13984 042a 05       		.uleb128 0x5
 13985 042b 39       		.uleb128 0x39
 13986 042c 0B       		.uleb128 0xb
 13987 042d 8901     		.uleb128 0x89
 13988 042f 19       		.uleb128 0x19
 13989 0430 00       		.byte	0
 13990 0431 00       		.byte	0
 13991 0432 45       		.uleb128 0x45
 13992 0433 3A       		.uleb128 0x3a
 13993 0434 00       		.byte	0
 13994 0435 3A       		.uleb128 0x3a
 13995 0436 0B       		.uleb128 0xb
 13996 0437 3B       		.uleb128 0x3b
 13997 0438 05       		.uleb128 0x5
 13998 0439 39       		.uleb128 0x39
 13999 043a 0B       		.uleb128 0xb
 14000 043b 18       		.uleb128 0x18
 14001 043c 13       		.uleb128 0x13
 14002 043d 00       		.byte	0
 14003 043e 00       		.byte	0
 14004 043f 46       		.uleb128 0x46
 14005 0440 08       		.uleb128 0x8
 14006 0441 00       		.byte	0
 14007 0442 3A       		.uleb128 0x3a
 14008 0443 0B       		.uleb128 0xb
 14009 0444 3B       		.uleb128 0x3b
 14010 0445 05       		.uleb128 0x5
 14011 0446 39       		.uleb128 0x39
 14012 0447 0B       		.uleb128 0xb
 14013 0448 18       		.uleb128 0x18
 14014 0449 13       		.uleb128 0x13
 14015 044a 00       		.byte	0
 14016 044b 00       		.byte	0
 14017 044c 47       		.uleb128 0x47
 14018 044d 0D       		.uleb128 0xd
ARM GAS  /tmp/ccHvmxP5.s 			page 247


 14019 044e 00       		.byte	0
 14020 044f 03       		.uleb128 0x3
 14021 0450 0E       		.uleb128 0xe
 14022 0451 3A       		.uleb128 0x3a
 14023 0452 0B       		.uleb128 0xb
 14024 0453 3B       		.uleb128 0x3b
 14025 0454 05       		.uleb128 0x5
 14026 0455 39       		.uleb128 0x39
 14027 0456 0B       		.uleb128 0xb
 14028 0457 49       		.uleb128 0x49
 14029 0458 13       		.uleb128 0x13
 14030 0459 8801     		.uleb128 0x88
 14031 045b 0B       		.uleb128 0xb
 14032 045c 38       		.uleb128 0x38
 14033 045d 0B       		.uleb128 0xb
 14034 045e 00       		.byte	0
 14035 045f 00       		.byte	0
 14036 0460 48       		.uleb128 0x48
 14037 0461 0D       		.uleb128 0xd
 14038 0462 00       		.byte	0
 14039 0463 03       		.uleb128 0x3
 14040 0464 0E       		.uleb128 0xe
 14041 0465 3A       		.uleb128 0x3a
 14042 0466 0B       		.uleb128 0xb
 14043 0467 3B       		.uleb128 0x3b
 14044 0468 0B       		.uleb128 0xb
 14045 0469 39       		.uleb128 0x39
 14046 046a 0B       		.uleb128 0xb
 14047 046b 49       		.uleb128 0x49
 14048 046c 13       		.uleb128 0x13
 14049 046d 00       		.byte	0
 14050 046e 00       		.byte	0
 14051 046f 49       		.uleb128 0x49
 14052 0470 13       		.uleb128 0x13
 14053 0471 01       		.byte	0x1
 14054 0472 03       		.uleb128 0x3
 14055 0473 0E       		.uleb128 0xe
 14056 0474 0B       		.uleb128 0xb
 14057 0475 05       		.uleb128 0x5
 14058 0476 3A       		.uleb128 0x3a
 14059 0477 0B       		.uleb128 0xb
 14060 0478 3B       		.uleb128 0x3b
 14061 0479 05       		.uleb128 0x5
 14062 047a 39       		.uleb128 0x39
 14063 047b 0B       		.uleb128 0xb
 14064 047c 01       		.uleb128 0x1
 14065 047d 13       		.uleb128 0x13
 14066 047e 00       		.byte	0
 14067 047f 00       		.byte	0
 14068 0480 4A       		.uleb128 0x4a
 14069 0481 13       		.uleb128 0x13
 14070 0482 01       		.byte	0x1
 14071 0483 0B       		.uleb128 0xb
 14072 0484 0B       		.uleb128 0xb
 14073 0485 3A       		.uleb128 0x3a
 14074 0486 0B       		.uleb128 0xb
 14075 0487 3B       		.uleb128 0x3b
ARM GAS  /tmp/ccHvmxP5.s 			page 248


 14076 0488 05       		.uleb128 0x5
 14077 0489 39       		.uleb128 0x39
 14078 048a 0B       		.uleb128 0xb
 14079 048b 01       		.uleb128 0x1
 14080 048c 13       		.uleb128 0x13
 14081 048d 00       		.byte	0
 14082 048e 00       		.byte	0
 14083 048f 4B       		.uleb128 0x4b
 14084 0490 0D       		.uleb128 0xd
 14085 0491 00       		.byte	0
 14086 0492 03       		.uleb128 0x3
 14087 0493 0E       		.uleb128 0xe
 14088 0494 3A       		.uleb128 0x3a
 14089 0495 0B       		.uleb128 0xb
 14090 0496 3B       		.uleb128 0x3b
 14091 0497 05       		.uleb128 0x5
 14092 0498 39       		.uleb128 0x39
 14093 0499 0B       		.uleb128 0xb
 14094 049a 49       		.uleb128 0x49
 14095 049b 13       		.uleb128 0x13
 14096 049c 00       		.byte	0
 14097 049d 00       		.byte	0
 14098 049e 4C       		.uleb128 0x4c
 14099 049f 2E       		.uleb128 0x2e
 14100 04a0 01       		.byte	0x1
 14101 04a1 3F       		.uleb128 0x3f
 14102 04a2 19       		.uleb128 0x19
 14103 04a3 03       		.uleb128 0x3
 14104 04a4 08       		.uleb128 0x8
 14105 04a5 3A       		.uleb128 0x3a
 14106 04a6 0B       		.uleb128 0xb
 14107 04a7 3B       		.uleb128 0x3b
 14108 04a8 05       		.uleb128 0x5
 14109 04a9 39       		.uleb128 0x39
 14110 04aa 0B       		.uleb128 0xb
 14111 04ab 49       		.uleb128 0x49
 14112 04ac 13       		.uleb128 0x13
 14113 04ad 3C       		.uleb128 0x3c
 14114 04ae 19       		.uleb128 0x19
 14115 04af 01       		.uleb128 0x1
 14116 04b0 13       		.uleb128 0x13
 14117 04b1 00       		.byte	0
 14118 04b2 00       		.byte	0
 14119 04b3 4D       		.uleb128 0x4d
 14120 04b4 0D       		.uleb128 0xd
 14121 04b5 00       		.byte	0
 14122 04b6 03       		.uleb128 0x3
 14123 04b7 0E       		.uleb128 0xe
 14124 04b8 3A       		.uleb128 0x3a
 14125 04b9 0B       		.uleb128 0xb
 14126 04ba 3B       		.uleb128 0x3b
 14127 04bb 0B       		.uleb128 0xb
 14128 04bc 39       		.uleb128 0x39
 14129 04bd 0B       		.uleb128 0xb
 14130 04be 49       		.uleb128 0x49
 14131 04bf 13       		.uleb128 0x13
 14132 04c0 0B       		.uleb128 0xb
ARM GAS  /tmp/ccHvmxP5.s 			page 249


 14133 04c1 0B       		.uleb128 0xb
 14134 04c2 0D       		.uleb128 0xd
 14135 04c3 0B       		.uleb128 0xb
 14136 04c4 0C       		.uleb128 0xc
 14137 04c5 0B       		.uleb128 0xb
 14138 04c6 38       		.uleb128 0x38
 14139 04c7 0B       		.uleb128 0xb
 14140 04c8 00       		.byte	0
 14141 04c9 00       		.byte	0
 14142 04ca 4E       		.uleb128 0x4e
 14143 04cb 2E       		.uleb128 0x2e
 14144 04cc 01       		.byte	0x1
 14145 04cd 3F       		.uleb128 0x3f
 14146 04ce 19       		.uleb128 0x19
 14147 04cf 03       		.uleb128 0x3
 14148 04d0 0E       		.uleb128 0xe
 14149 04d1 3A       		.uleb128 0x3a
 14150 04d2 0B       		.uleb128 0xb
 14151 04d3 3B       		.uleb128 0x3b
 14152 04d4 0B       		.uleb128 0xb
 14153 04d5 39       		.uleb128 0x39
 14154 04d6 0B       		.uleb128 0xb
 14155 04d7 3C       		.uleb128 0x3c
 14156 04d8 19       		.uleb128 0x19
 14157 04d9 01       		.uleb128 0x1
 14158 04da 13       		.uleb128 0x13
 14159 04db 00       		.byte	0
 14160 04dc 00       		.byte	0
 14161 04dd 4F       		.uleb128 0x4f
 14162 04de 34       		.uleb128 0x34
 14163 04df 00       		.byte	0
 14164 04e0 03       		.uleb128 0x3
 14165 04e1 0E       		.uleb128 0xe
 14166 04e2 3A       		.uleb128 0x3a
 14167 04e3 0B       		.uleb128 0xb
 14168 04e4 3B       		.uleb128 0x3b
 14169 04e5 0B       		.uleb128 0xb
 14170 04e6 39       		.uleb128 0x39
 14171 04e7 0B       		.uleb128 0xb
 14172 04e8 49       		.uleb128 0x49
 14173 04e9 13       		.uleb128 0x13
 14174 04ea 6C       		.uleb128 0x6c
 14175 04eb 19       		.uleb128 0x19
 14176 04ec 1C       		.uleb128 0x1c
 14177 04ed 0A       		.uleb128 0xa
 14178 04ee 00       		.byte	0
 14179 04ef 00       		.byte	0
 14180 04f0 50       		.uleb128 0x50
 14181 04f1 34       		.uleb128 0x34
 14182 04f2 00       		.byte	0
 14183 04f3 03       		.uleb128 0x3
 14184 04f4 0E       		.uleb128 0xe
 14185 04f5 3A       		.uleb128 0x3a
 14186 04f6 0B       		.uleb128 0xb
 14187 04f7 3B       		.uleb128 0x3b
 14188 04f8 0B       		.uleb128 0xb
 14189 04f9 39       		.uleb128 0x39
ARM GAS  /tmp/ccHvmxP5.s 			page 250


 14190 04fa 0B       		.uleb128 0xb
 14191 04fb 49       		.uleb128 0x49
 14192 04fc 13       		.uleb128 0x13
 14193 04fd 6C       		.uleb128 0x6c
 14194 04fe 19       		.uleb128 0x19
 14195 04ff 1C       		.uleb128 0x1c
 14196 0500 05       		.uleb128 0x5
 14197 0501 00       		.byte	0
 14198 0502 00       		.byte	0
 14199 0503 51       		.uleb128 0x51
 14200 0504 1D       		.uleb128 0x1d
 14201 0505 01       		.byte	0x1
 14202 0506 31       		.uleb128 0x31
 14203 0507 13       		.uleb128 0x13
 14204 0508 52       		.uleb128 0x52
 14205 0509 01       		.uleb128 0x1
 14206 050a B842     		.uleb128 0x2138
 14207 050c 05       		.uleb128 0x5
 14208 050d 11       		.uleb128 0x11
 14209 050e 01       		.uleb128 0x1
 14210 050f 12       		.uleb128 0x12
 14211 0510 06       		.uleb128 0x6
 14212 0511 58       		.uleb128 0x58
 14213 0512 0B       		.uleb128 0xb
 14214 0513 59       		.uleb128 0x59
 14215 0514 0B       		.uleb128 0xb
 14216 0515 57       		.uleb128 0x57
 14217 0516 0B       		.uleb128 0xb
 14218 0517 01       		.uleb128 0x1
 14219 0518 13       		.uleb128 0x13
 14220 0519 00       		.byte	0
 14221 051a 00       		.byte	0
 14222 051b 52       		.uleb128 0x52
 14223 051c 05       		.uleb128 0x5
 14224 051d 00       		.byte	0
 14225 051e 03       		.uleb128 0x3
 14226 051f 0E       		.uleb128 0xe
 14227 0520 3A       		.uleb128 0x3a
 14228 0521 0B       		.uleb128 0xb
 14229 0522 3B       		.uleb128 0x3b
 14230 0523 0B       		.uleb128 0xb
 14231 0524 39       		.uleb128 0x39
 14232 0525 0B       		.uleb128 0xb
 14233 0526 49       		.uleb128 0x49
 14234 0527 13       		.uleb128 0x13
 14235 0528 02       		.uleb128 0x2
 14236 0529 18       		.uleb128 0x18
 14237 052a 00       		.byte	0
 14238 052b 00       		.byte	0
 14239 052c 53       		.uleb128 0x53
 14240 052d 1D       		.uleb128 0x1d
 14241 052e 01       		.byte	0x1
 14242 052f 31       		.uleb128 0x31
 14243 0530 13       		.uleb128 0x13
 14244 0531 52       		.uleb128 0x52
 14245 0532 01       		.uleb128 0x1
 14246 0533 B842     		.uleb128 0x2138
ARM GAS  /tmp/ccHvmxP5.s 			page 251


 14247 0535 05       		.uleb128 0x5
 14248 0536 11       		.uleb128 0x11
 14249 0537 01       		.uleb128 0x1
 14250 0538 12       		.uleb128 0x12
 14251 0539 06       		.uleb128 0x6
 14252 053a 58       		.uleb128 0x58
 14253 053b 0B       		.uleb128 0xb
 14254 053c 59       		.uleb128 0x59
 14255 053d 0B       		.uleb128 0xb
 14256 053e 57       		.uleb128 0x57
 14257 053f 0B       		.uleb128 0xb
 14258 0540 00       		.byte	0
 14259 0541 00       		.byte	0
 14260 0542 54       		.uleb128 0x54
 14261 0543 0B       		.uleb128 0xb
 14262 0544 01       		.byte	0x1
 14263 0545 00       		.byte	0
 14264 0546 00       		.byte	0
 14265 0547 55       		.uleb128 0x55
 14266 0548 898201   		.uleb128 0x4109
 14267 054b 01       		.byte	0x1
 14268 054c 11       		.uleb128 0x11
 14269 054d 01       		.uleb128 0x1
 14270 054e 01       		.uleb128 0x1
 14271 054f 13       		.uleb128 0x13
 14272 0550 00       		.byte	0
 14273 0551 00       		.byte	0
 14274 0552 56       		.uleb128 0x56
 14275 0553 898201   		.uleb128 0x4109
 14276 0556 00       		.byte	0
 14277 0557 11       		.uleb128 0x11
 14278 0558 01       		.uleb128 0x1
 14279 0559 31       		.uleb128 0x31
 14280 055a 13       		.uleb128 0x13
 14281 055b 00       		.byte	0
 14282 055c 00       		.byte	0
 14283 055d 57       		.uleb128 0x57
 14284 055e 05       		.uleb128 0x5
 14285 055f 00       		.byte	0
 14286 0560 03       		.uleb128 0x3
 14287 0561 0E       		.uleb128 0xe
 14288 0562 49       		.uleb128 0x49
 14289 0563 13       		.uleb128 0x13
 14290 0564 34       		.uleb128 0x34
 14291 0565 19       		.uleb128 0x19
 14292 0566 02       		.uleb128 0x2
 14293 0567 18       		.uleb128 0x18
 14294 0568 00       		.byte	0
 14295 0569 00       		.byte	0
 14296 056a 58       		.uleb128 0x58
 14297 056b 2E       		.uleb128 0x2e
 14298 056c 00       		.byte	0
 14299 056d 3F       		.uleb128 0x3f
 14300 056e 19       		.uleb128 0x19
 14301 056f 3C       		.uleb128 0x3c
 14302 0570 19       		.uleb128 0x19
 14303 0571 6E       		.uleb128 0x6e
ARM GAS  /tmp/ccHvmxP5.s 			page 252


 14304 0572 0E       		.uleb128 0xe
 14305 0573 03       		.uleb128 0x3
 14306 0574 0E       		.uleb128 0xe
 14307 0575 3A       		.uleb128 0x3a
 14308 0576 0B       		.uleb128 0xb
 14309 0577 3B       		.uleb128 0x3b
 14310 0578 0B       		.uleb128 0xb
 14311 0579 39       		.uleb128 0x39
 14312 057a 0B       		.uleb128 0xb
 14313 057b 00       		.byte	0
 14314 057c 00       		.byte	0
 14315 057d 59       		.uleb128 0x59
 14316 057e 2E       		.uleb128 0x2e
 14317 057f 00       		.byte	0
 14318 0580 3F       		.uleb128 0x3f
 14319 0581 19       		.uleb128 0x19
 14320 0582 3C       		.uleb128 0x3c
 14321 0583 19       		.uleb128 0x19
 14322 0584 6E       		.uleb128 0x6e
 14323 0585 0E       		.uleb128 0xe
 14324 0586 03       		.uleb128 0x3
 14325 0587 0E       		.uleb128 0xe
 14326 0588 3A       		.uleb128 0x3a
 14327 0589 0B       		.uleb128 0xb
 14328 058a 3B       		.uleb128 0x3b
 14329 058b 05       		.uleb128 0x5
 14330 058c 39       		.uleb128 0x39
 14331 058d 0B       		.uleb128 0xb
 14332 058e 00       		.byte	0
 14333 058f 00       		.byte	0
 14334 0590 5A       		.uleb128 0x5a
 14335 0591 11       		.uleb128 0x11
 14336 0592 01       		.byte	0x1
 14337 0593 25       		.uleb128 0x25
 14338 0594 0E       		.uleb128 0xe
 14339 0595 13       		.uleb128 0x13
 14340 0596 0B       		.uleb128 0xb
 14341 0597 03       		.uleb128 0x3
 14342 0598 0E       		.uleb128 0xe
 14343 0599 1B       		.uleb128 0x1b
 14344 059a 0E       		.uleb128 0xe
 14345 059b 55       		.uleb128 0x55
 14346 059c 17       		.uleb128 0x17
 14347 059d 11       		.uleb128 0x11
 14348 059e 01       		.uleb128 0x1
 14349 059f 10       		.uleb128 0x10
 14350 05a0 17       		.uleb128 0x17
 14351 05a1 00       		.byte	0
 14352 05a2 00       		.byte	0
 14353 05a3 5B       		.uleb128 0x5b
 14354 05a4 24       		.uleb128 0x24
 14355 05a5 00       		.byte	0
 14356 05a6 0B       		.uleb128 0xb
 14357 05a7 0B       		.uleb128 0xb
 14358 05a8 3E       		.uleb128 0x3e
 14359 05a9 0B       		.uleb128 0xb
 14360 05aa 03       		.uleb128 0x3
ARM GAS  /tmp/ccHvmxP5.s 			page 253


 14361 05ab 08       		.uleb128 0x8
 14362 05ac 00       		.byte	0
 14363 05ad 00       		.byte	0
 14364 05ae 5C       		.uleb128 0x5c
 14365 05af 39       		.uleb128 0x39
 14366 05b0 01       		.byte	0x1
 14367 05b1 03       		.uleb128 0x3
 14368 05b2 08       		.uleb128 0x8
 14369 05b3 3A       		.uleb128 0x3a
 14370 05b4 0B       		.uleb128 0xb
 14371 05b5 3B       		.uleb128 0x3b
 14372 05b6 0B       		.uleb128 0xb
 14373 05b7 01       		.uleb128 0x1
 14374 05b8 13       		.uleb128 0x13
 14375 05b9 00       		.byte	0
 14376 05ba 00       		.byte	0
 14377 05bb 5D       		.uleb128 0x5d
 14378 05bc 39       		.uleb128 0x39
 14379 05bd 01       		.byte	0x1
 14380 05be 03       		.uleb128 0x3
 14381 05bf 0E       		.uleb128 0xe
 14382 05c0 3A       		.uleb128 0x3a
 14383 05c1 0B       		.uleb128 0xb
 14384 05c2 3B       		.uleb128 0x3b
 14385 05c3 05       		.uleb128 0x5
 14386 05c4 39       		.uleb128 0x39
 14387 05c5 0B       		.uleb128 0xb
 14388 05c6 01       		.uleb128 0x1
 14389 05c7 13       		.uleb128 0x13
 14390 05c8 00       		.byte	0
 14391 05c9 00       		.byte	0
 14392 05ca 5E       		.uleb128 0x5e
 14393 05cb 2E       		.uleb128 0x2e
 14394 05cc 01       		.byte	0x1
 14395 05cd 3F       		.uleb128 0x3f
 14396 05ce 19       		.uleb128 0x19
 14397 05cf 03       		.uleb128 0x3
 14398 05d0 08       		.uleb128 0x8
 14399 05d1 3A       		.uleb128 0x3a
 14400 05d2 0B       		.uleb128 0xb
 14401 05d3 3B       		.uleb128 0x3b
 14402 05d4 0B       		.uleb128 0xb
 14403 05d5 39       		.uleb128 0x39
 14404 05d6 0B       		.uleb128 0xb
 14405 05d7 6E       		.uleb128 0x6e
 14406 05d8 0E       		.uleb128 0xe
 14407 05d9 49       		.uleb128 0x49
 14408 05da 13       		.uleb128 0x13
 14409 05db 3C       		.uleb128 0x3c
 14410 05dc 19       		.uleb128 0x19
 14411 05dd 00       		.byte	0
 14412 05de 00       		.byte	0
 14413 05df 5F       		.uleb128 0x5f
 14414 05e0 13       		.uleb128 0x13
 14415 05e1 01       		.byte	0x1
 14416 05e2 0B       		.uleb128 0xb
 14417 05e3 0B       		.uleb128 0xb
ARM GAS  /tmp/ccHvmxP5.s 			page 254


 14418 05e4 8801     		.uleb128 0x88
 14419 05e6 0B       		.uleb128 0xb
 14420 05e7 3A       		.uleb128 0x3a
 14421 05e8 0B       		.uleb128 0xb
 14422 05e9 3B       		.uleb128 0x3b
 14423 05ea 05       		.uleb128 0x5
 14424 05eb 39       		.uleb128 0x39
 14425 05ec 0B       		.uleb128 0xb
 14426 05ed 6E       		.uleb128 0x6e
 14427 05ee 0E       		.uleb128 0xe
 14428 05ef 01       		.uleb128 0x1
 14429 05f0 13       		.uleb128 0x13
 14430 05f1 00       		.byte	0
 14431 05f2 00       		.byte	0
 14432 05f3 60       		.uleb128 0x60
 14433 05f4 16       		.uleb128 0x16
 14434 05f5 00       		.byte	0
 14435 05f6 03       		.uleb128 0x3
 14436 05f7 0E       		.uleb128 0xe
 14437 05f8 3A       		.uleb128 0x3a
 14438 05f9 0B       		.uleb128 0xb
 14439 05fa 3B       		.uleb128 0x3b
 14440 05fb 05       		.uleb128 0x5
 14441 05fc 39       		.uleb128 0x39
 14442 05fd 0B       		.uleb128 0xb
 14443 05fe 49       		.uleb128 0x49
 14444 05ff 13       		.uleb128 0x13
 14445 0600 8801     		.uleb128 0x88
 14446 0602 0B       		.uleb128 0xb
 14447 0603 00       		.byte	0
 14448 0604 00       		.byte	0
 14449 0605 61       		.uleb128 0x61
 14450 0606 3B       		.uleb128 0x3b
 14451 0607 00       		.byte	0
 14452 0608 03       		.uleb128 0x3
 14453 0609 0E       		.uleb128 0xe
 14454 060a 00       		.byte	0
 14455 060b 00       		.byte	0
 14456 060c 62       		.uleb128 0x62
 14457 060d 17       		.uleb128 0x17
 14458 060e 01       		.byte	0x1
 14459 060f 0B       		.uleb128 0xb
 14460 0610 0B       		.uleb128 0xb
 14461 0611 3A       		.uleb128 0x3a
 14462 0612 0B       		.uleb128 0xb
 14463 0613 3B       		.uleb128 0x3b
 14464 0614 0B       		.uleb128 0xb
 14465 0615 39       		.uleb128 0x39
 14466 0616 0B       		.uleb128 0xb
 14467 0617 01       		.uleb128 0x1
 14468 0618 13       		.uleb128 0x13
 14469 0619 00       		.byte	0
 14470 061a 00       		.byte	0
 14471 061b 63       		.uleb128 0x63
 14472 061c 0F       		.uleb128 0xf
 14473 061d 00       		.byte	0
 14474 061e 0B       		.uleb128 0xb
ARM GAS  /tmp/ccHvmxP5.s 			page 255


 14475 061f 0B       		.uleb128 0xb
 14476 0620 00       		.byte	0
 14477 0621 00       		.byte	0
 14478 0622 64       		.uleb128 0x64
 14479 0623 15       		.uleb128 0x15
 14480 0624 00       		.byte	0
 14481 0625 00       		.byte	0
 14482 0626 00       		.byte	0
 14483 0627 65       		.uleb128 0x65
 14484 0628 17       		.uleb128 0x17
 14485 0629 01       		.byte	0x1
 14486 062a 0B       		.uleb128 0xb
 14487 062b 0B       		.uleb128 0xb
 14488 062c 3A       		.uleb128 0x3a
 14489 062d 0B       		.uleb128 0xb
 14490 062e 3B       		.uleb128 0x3b
 14491 062f 05       		.uleb128 0x5
 14492 0630 39       		.uleb128 0x39
 14493 0631 0B       		.uleb128 0xb
 14494 0632 01       		.uleb128 0x1
 14495 0633 13       		.uleb128 0x13
 14496 0634 00       		.byte	0
 14497 0635 00       		.byte	0
 14498 0636 66       		.uleb128 0x66
 14499 0637 13       		.uleb128 0x13
 14500 0638 00       		.byte	0
 14501 0639 03       		.uleb128 0x3
 14502 063a 0E       		.uleb128 0xe
 14503 063b 3C       		.uleb128 0x3c
 14504 063c 19       		.uleb128 0x19
 14505 063d 00       		.byte	0
 14506 063e 00       		.byte	0
 14507 063f 67       		.uleb128 0x67
 14508 0640 26       		.uleb128 0x26
 14509 0641 00       		.byte	0
 14510 0642 00       		.byte	0
 14511 0643 00       		.byte	0
 14512 0644 68       		.uleb128 0x68
 14513 0645 04       		.uleb128 0x4
 14514 0646 01       		.byte	0x1
 14515 0647 3E       		.uleb128 0x3e
 14516 0648 0B       		.uleb128 0xb
 14517 0649 0B       		.uleb128 0xb
 14518 064a 0B       		.uleb128 0xb
 14519 064b 49       		.uleb128 0x49
 14520 064c 13       		.uleb128 0x13
 14521 064d 3A       		.uleb128 0x3a
 14522 064e 0B       		.uleb128 0xb
 14523 064f 3B       		.uleb128 0x3b
 14524 0650 0B       		.uleb128 0xb
 14525 0651 39       		.uleb128 0x39
 14526 0652 0B       		.uleb128 0xb
 14527 0653 01       		.uleb128 0x1
 14528 0654 13       		.uleb128 0x13
 14529 0655 00       		.byte	0
 14530 0656 00       		.byte	0
 14531 0657 69       		.uleb128 0x69
ARM GAS  /tmp/ccHvmxP5.s 			page 256


 14532 0658 16       		.uleb128 0x16
 14533 0659 00       		.byte	0
 14534 065a 03       		.uleb128 0x3
 14535 065b 0E       		.uleb128 0xe
 14536 065c 3A       		.uleb128 0x3a
 14537 065d 0B       		.uleb128 0xb
 14538 065e 3B       		.uleb128 0x3b
 14539 065f 0B       		.uleb128 0xb
 14540 0660 39       		.uleb128 0x39
 14541 0661 0B       		.uleb128 0xb
 14542 0662 00       		.byte	0
 14543 0663 00       		.byte	0
 14544 0664 6A       		.uleb128 0x6a
 14545 0665 15       		.uleb128 0x15
 14546 0666 00       		.byte	0
 14547 0667 49       		.uleb128 0x49
 14548 0668 13       		.uleb128 0x13
 14549 0669 00       		.byte	0
 14550 066a 00       		.byte	0
 14551 066b 6B       		.uleb128 0x6b
 14552 066c 04       		.uleb128 0x4
 14553 066d 01       		.byte	0x1
 14554 066e 3E       		.uleb128 0x3e
 14555 066f 0B       		.uleb128 0xb
 14556 0670 0B       		.uleb128 0xb
 14557 0671 0B       		.uleb128 0xb
 14558 0672 49       		.uleb128 0x49
 14559 0673 13       		.uleb128 0x13
 14560 0674 3A       		.uleb128 0x3a
 14561 0675 0B       		.uleb128 0xb
 14562 0676 3B       		.uleb128 0x3b
 14563 0677 05       		.uleb128 0x5
 14564 0678 39       		.uleb128 0x39
 14565 0679 0B       		.uleb128 0xb
 14566 067a 01       		.uleb128 0x1
 14567 067b 13       		.uleb128 0x13
 14568 067c 00       		.byte	0
 14569 067d 00       		.byte	0
 14570 067e 6C       		.uleb128 0x6c
 14571 067f 28       		.uleb128 0x28
 14572 0680 00       		.byte	0
 14573 0681 03       		.uleb128 0x3
 14574 0682 0E       		.uleb128 0xe
 14575 0683 1C       		.uleb128 0x1c
 14576 0684 0B       		.uleb128 0xb
 14577 0685 00       		.byte	0
 14578 0686 00       		.byte	0
 14579 0687 6D       		.uleb128 0x6d
 14580 0688 2E       		.uleb128 0x2e
 14581 0689 00       		.byte	0
 14582 068a 3F       		.uleb128 0x3f
 14583 068b 19       		.uleb128 0x19
 14584 068c 03       		.uleb128 0x3
 14585 068d 0E       		.uleb128 0xe
 14586 068e 3A       		.uleb128 0x3a
 14587 068f 0B       		.uleb128 0xb
 14588 0690 3B       		.uleb128 0x3b
ARM GAS  /tmp/ccHvmxP5.s 			page 257


 14589 0691 0B       		.uleb128 0xb
 14590 0692 39       		.uleb128 0x39
 14591 0693 0B       		.uleb128 0xb
 14592 0694 49       		.uleb128 0x49
 14593 0695 13       		.uleb128 0x13
 14594 0696 3C       		.uleb128 0x3c
 14595 0697 19       		.uleb128 0x19
 14596 0698 00       		.byte	0
 14597 0699 00       		.byte	0
 14598 069a 6E       		.uleb128 0x6e
 14599 069b 34       		.uleb128 0x34
 14600 069c 00       		.byte	0
 14601 069d 03       		.uleb128 0x3
 14602 069e 0E       		.uleb128 0xe
 14603 069f 3A       		.uleb128 0x3a
 14604 06a0 0B       		.uleb128 0xb
 14605 06a1 3B       		.uleb128 0x3b
 14606 06a2 0B       		.uleb128 0xb
 14607 06a3 39       		.uleb128 0x39
 14608 06a4 0B       		.uleb128 0xb
 14609 06a5 49       		.uleb128 0x49
 14610 06a6 13       		.uleb128 0x13
 14611 06a7 6C       		.uleb128 0x6c
 14612 06a8 19       		.uleb128 0x19
 14613 06a9 1C       		.uleb128 0x1c
 14614 06aa 0B       		.uleb128 0xb
 14615 06ab 00       		.byte	0
 14616 06ac 00       		.byte	0
 14617 06ad 6F       		.uleb128 0x6f
 14618 06ae 34       		.uleb128 0x34
 14619 06af 00       		.byte	0
 14620 06b0 03       		.uleb128 0x3
 14621 06b1 0E       		.uleb128 0xe
 14622 06b2 3A       		.uleb128 0x3a
 14623 06b3 0B       		.uleb128 0xb
 14624 06b4 3B       		.uleb128 0x3b
 14625 06b5 0B       		.uleb128 0xb
 14626 06b6 39       		.uleb128 0x39
 14627 06b7 0B       		.uleb128 0xb
 14628 06b8 49       		.uleb128 0x49
 14629 06b9 13       		.uleb128 0x13
 14630 06ba 6C       		.uleb128 0x6c
 14631 06bb 19       		.uleb128 0x19
 14632 06bc 1C       		.uleb128 0x1c
 14633 06bd 06       		.uleb128 0x6
 14634 06be 00       		.byte	0
 14635 06bf 00       		.byte	0
 14636 06c0 70       		.uleb128 0x70
 14637 06c1 34       		.uleb128 0x34
 14638 06c2 00       		.byte	0
 14639 06c3 03       		.uleb128 0x3
 14640 06c4 08       		.uleb128 0x8
 14641 06c5 3A       		.uleb128 0x3a
 14642 06c6 0B       		.uleb128 0xb
 14643 06c7 3B       		.uleb128 0x3b
 14644 06c8 0B       		.uleb128 0xb
 14645 06c9 39       		.uleb128 0x39
ARM GAS  /tmp/ccHvmxP5.s 			page 258


 14646 06ca 0B       		.uleb128 0xb
 14647 06cb 49       		.uleb128 0x49
 14648 06cc 13       		.uleb128 0x13
 14649 06cd 6C       		.uleb128 0x6c
 14650 06ce 19       		.uleb128 0x19
 14651 06cf 1C       		.uleb128 0x1c
 14652 06d0 0A       		.uleb128 0xa
 14653 06d1 00       		.byte	0
 14654 06d2 00       		.byte	0
 14655 06d3 71       		.uleb128 0x71
 14656 06d4 0D       		.uleb128 0xd
 14657 06d5 00       		.byte	0
 14658 06d6 03       		.uleb128 0x3
 14659 06d7 0E       		.uleb128 0xe
 14660 06d8 3A       		.uleb128 0x3a
 14661 06d9 0B       		.uleb128 0xb
 14662 06da 3B       		.uleb128 0x3b
 14663 06db 0B       		.uleb128 0xb
 14664 06dc 39       		.uleb128 0x39
 14665 06dd 0B       		.uleb128 0xb
 14666 06de 49       		.uleb128 0x49
 14667 06df 13       		.uleb128 0x13
 14668 06e0 3F       		.uleb128 0x3f
 14669 06e1 19       		.uleb128 0x19
 14670 06e2 32       		.uleb128 0x32
 14671 06e3 0B       		.uleb128 0xb
 14672 06e4 3C       		.uleb128 0x3c
 14673 06e5 19       		.uleb128 0x19
 14674 06e6 1C       		.uleb128 0x1c
 14675 06e7 0B       		.uleb128 0xb
 14676 06e8 6C       		.uleb128 0x6c
 14677 06e9 19       		.uleb128 0x19
 14678 06ea 00       		.byte	0
 14679 06eb 00       		.byte	0
 14680 06ec 72       		.uleb128 0x72
 14681 06ed 34       		.uleb128 0x34
 14682 06ee 00       		.byte	0
 14683 06ef 03       		.uleb128 0x3
 14684 06f0 0E       		.uleb128 0xe
 14685 06f1 3A       		.uleb128 0x3a
 14686 06f2 0B       		.uleb128 0xb
 14687 06f3 3B       		.uleb128 0x3b
 14688 06f4 0B       		.uleb128 0xb
 14689 06f5 39       		.uleb128 0x39
 14690 06f6 0B       		.uleb128 0xb
 14691 06f7 49       		.uleb128 0x49
 14692 06f8 13       		.uleb128 0x13
 14693 06f9 02       		.uleb128 0x2
 14694 06fa 18       		.uleb128 0x18
 14695 06fb 00       		.byte	0
 14696 06fc 00       		.byte	0
 14697 06fd 73       		.uleb128 0x73
 14698 06fe 2E       		.uleb128 0x2e
 14699 06ff 00       		.byte	0
 14700 0700 03       		.uleb128 0x3
 14701 0701 0E       		.uleb128 0xe
 14702 0702 34       		.uleb128 0x34
ARM GAS  /tmp/ccHvmxP5.s 			page 259


 14703 0703 19       		.uleb128 0x19
 14704 0704 00       		.byte	0
 14705 0705 00       		.byte	0
 14706 0706 74       		.uleb128 0x74
 14707 0707 2E       		.uleb128 0x2e
 14708 0708 01       		.byte	0x1
 14709 0709 03       		.uleb128 0x3
 14710 070a 0E       		.uleb128 0xe
 14711 070b 34       		.uleb128 0x34
 14712 070c 19       		.uleb128 0x19
 14713 070d 11       		.uleb128 0x11
 14714 070e 01       		.uleb128 0x1
 14715 070f 12       		.uleb128 0x12
 14716 0710 06       		.uleb128 0x6
 14717 0711 40       		.uleb128 0x40
 14718 0712 18       		.uleb128 0x18
 14719 0713 9742     		.uleb128 0x2117
 14720 0715 19       		.uleb128 0x19
 14721 0716 01       		.uleb128 0x1
 14722 0717 13       		.uleb128 0x13
 14723 0718 00       		.byte	0
 14724 0719 00       		.byte	0
 14725 071a 75       		.uleb128 0x75
 14726 071b 1D       		.uleb128 0x1d
 14727 071c 01       		.byte	0x1
 14728 071d 31       		.uleb128 0x31
 14729 071e 13       		.uleb128 0x13
 14730 071f 11       		.uleb128 0x11
 14731 0720 01       		.uleb128 0x1
 14732 0721 12       		.uleb128 0x12
 14733 0722 06       		.uleb128 0x6
 14734 0723 58       		.uleb128 0x58
 14735 0724 0B       		.uleb128 0xb
 14736 0725 59       		.uleb128 0x59
 14737 0726 0B       		.uleb128 0xb
 14738 0727 57       		.uleb128 0x57
 14739 0728 0B       		.uleb128 0xb
 14740 0729 00       		.byte	0
 14741 072a 00       		.byte	0
 14742 072b 76       		.uleb128 0x76
 14743 072c 2E       		.uleb128 0x2e
 14744 072d 01       		.byte	0x1
 14745 072e 03       		.uleb128 0x3
 14746 072f 0E       		.uleb128 0xe
 14747 0730 34       		.uleb128 0x34
 14748 0731 19       		.uleb128 0x19
 14749 0732 20       		.uleb128 0x20
 14750 0733 0B       		.uleb128 0xb
 14751 0734 01       		.uleb128 0x1
 14752 0735 13       		.uleb128 0x13
 14753 0736 00       		.byte	0
 14754 0737 00       		.byte	0
 14755 0738 77       		.uleb128 0x77
 14756 0739 2E       		.uleb128 0x2e
 14757 073a 01       		.byte	0x1
 14758 073b 3F       		.uleb128 0x3f
 14759 073c 19       		.uleb128 0x19
ARM GAS  /tmp/ccHvmxP5.s 			page 260


 14760 073d 03       		.uleb128 0x3
 14761 073e 0E       		.uleb128 0xe
 14762 073f 3A       		.uleb128 0x3a
 14763 0740 0B       		.uleb128 0xb
 14764 0741 3B       		.uleb128 0x3b
 14765 0742 0B       		.uleb128 0xb
 14766 0743 39       		.uleb128 0x39
 14767 0744 0B       		.uleb128 0xb
 14768 0745 01       		.uleb128 0x1
 14769 0746 13       		.uleb128 0x13
 14770 0747 00       		.byte	0
 14771 0748 00       		.byte	0
 14772 0749 78       		.uleb128 0x78
 14773 074a 2E       		.uleb128 0x2e
 14774 074b 01       		.byte	0x1
 14775 074c 3F       		.uleb128 0x3f
 14776 074d 19       		.uleb128 0x19
 14777 074e 03       		.uleb128 0x3
 14778 074f 0E       		.uleb128 0xe
 14779 0750 3A       		.uleb128 0x3a
 14780 0751 0B       		.uleb128 0xb
 14781 0752 3B       		.uleb128 0x3b
 14782 0753 0B       		.uleb128 0xb
 14783 0754 39       		.uleb128 0x39
 14784 0755 0B       		.uleb128 0xb
 14785 0756 20       		.uleb128 0x20
 14786 0757 0B       		.uleb128 0xb
 14787 0758 01       		.uleb128 0x1
 14788 0759 13       		.uleb128 0x13
 14789 075a 00       		.byte	0
 14790 075b 00       		.byte	0
 14791 075c 79       		.uleb128 0x79
 14792 075d 0B       		.uleb128 0xb
 14793 075e 00       		.byte	0
 14794 075f 31       		.uleb128 0x31
 14795 0760 13       		.uleb128 0x13
 14796 0761 11       		.uleb128 0x11
 14797 0762 01       		.uleb128 0x1
 14798 0763 12       		.uleb128 0x12
 14799 0764 06       		.uleb128 0x6
 14800 0765 00       		.byte	0
 14801 0766 00       		.byte	0
 14802 0767 7A       		.uleb128 0x7a
 14803 0768 1D       		.uleb128 0x1d
 14804 0769 01       		.byte	0x1
 14805 076a 31       		.uleb128 0x31
 14806 076b 13       		.uleb128 0x13
 14807 076c 11       		.uleb128 0x11
 14808 076d 01       		.uleb128 0x1
 14809 076e 12       		.uleb128 0x12
 14810 076f 06       		.uleb128 0x6
 14811 0770 58       		.uleb128 0x58
 14812 0771 0B       		.uleb128 0xb
 14813 0772 59       		.uleb128 0x59
 14814 0773 0B       		.uleb128 0xb
 14815 0774 57       		.uleb128 0x57
 14816 0775 0B       		.uleb128 0xb
ARM GAS  /tmp/ccHvmxP5.s 			page 261


 14817 0776 01       		.uleb128 0x1
 14818 0777 13       		.uleb128 0x13
 14819 0778 00       		.byte	0
 14820 0779 00       		.byte	0
 14821 077a 7B       		.uleb128 0x7b
 14822 077b 0B       		.uleb128 0xb
 14823 077c 01       		.byte	0x1
 14824 077d 31       		.uleb128 0x31
 14825 077e 13       		.uleb128 0x13
 14826 077f 11       		.uleb128 0x11
 14827 0780 01       		.uleb128 0x1
 14828 0781 12       		.uleb128 0x12
 14829 0782 06       		.uleb128 0x6
 14830 0783 00       		.byte	0
 14831 0784 00       		.byte	0
 14832 0785 7C       		.uleb128 0x7c
 14833 0786 2E       		.uleb128 0x2e
 14834 0787 00       		.byte	0
 14835 0788 3F       		.uleb128 0x3f
 14836 0789 19       		.uleb128 0x19
 14837 078a 03       		.uleb128 0x3
 14838 078b 0E       		.uleb128 0xe
 14839 078c 3A       		.uleb128 0x3a
 14840 078d 0B       		.uleb128 0xb
 14841 078e 3B       		.uleb128 0x3b
 14842 078f 0B       		.uleb128 0xb
 14843 0790 39       		.uleb128 0x39
 14844 0791 0B       		.uleb128 0xb
 14845 0792 20       		.uleb128 0x20
 14846 0793 0B       		.uleb128 0xb
 14847 0794 00       		.byte	0
 14848 0795 00       		.byte	0
 14849 0796 7D       		.uleb128 0x7d
 14850 0797 2E       		.uleb128 0x2e
 14851 0798 01       		.byte	0x1
 14852 0799 47       		.uleb128 0x47
 14853 079a 13       		.uleb128 0x13
 14854 079b 20       		.uleb128 0x20
 14855 079c 0B       		.uleb128 0xb
 14856 079d 01       		.uleb128 0x1
 14857 079e 13       		.uleb128 0x13
 14858 079f 00       		.byte	0
 14859 07a0 00       		.byte	0
 14860 07a1 7E       		.uleb128 0x7e
 14861 07a2 34       		.uleb128 0x34
 14862 07a3 00       		.byte	0
 14863 07a4 03       		.uleb128 0x3
 14864 07a5 0E       		.uleb128 0xe
 14865 07a6 3A       		.uleb128 0x3a
 14866 07a7 0B       		.uleb128 0xb
 14867 07a8 3B       		.uleb128 0x3b
 14868 07a9 0B       		.uleb128 0xb
 14869 07aa 39       		.uleb128 0x39
 14870 07ab 0B       		.uleb128 0xb
 14871 07ac 6E       		.uleb128 0x6e
 14872 07ad 0E       		.uleb128 0xe
 14873 07ae 49       		.uleb128 0x49
ARM GAS  /tmp/ccHvmxP5.s 			page 262


 14874 07af 13       		.uleb128 0x13
 14875 07b0 3F       		.uleb128 0x3f
 14876 07b1 19       		.uleb128 0x19
 14877 07b2 02       		.uleb128 0x2
 14878 07b3 18       		.uleb128 0x18
 14879 07b4 00       		.byte	0
 14880 07b5 00       		.byte	0
 14881 07b6 7F       		.uleb128 0x7f
 14882 07b7 2E       		.uleb128 0x2e
 14883 07b8 01       		.byte	0x1
 14884 07b9 03       		.uleb128 0x3
 14885 07ba 0E       		.uleb128 0xe
 14886 07bb 3A       		.uleb128 0x3a
 14887 07bc 0B       		.uleb128 0xb
 14888 07bd 3B       		.uleb128 0x3b
 14889 07be 0B       		.uleb128 0xb
 14890 07bf 39       		.uleb128 0x39
 14891 07c0 0B       		.uleb128 0xb
 14892 07c1 49       		.uleb128 0x49
 14893 07c2 13       		.uleb128 0x13
 14894 07c3 20       		.uleb128 0x20
 14895 07c4 0B       		.uleb128 0xb
 14896 07c5 01       		.uleb128 0x1
 14897 07c6 13       		.uleb128 0x13
 14898 07c7 00       		.byte	0
 14899 07c8 00       		.byte	0
 14900 07c9 8001     		.uleb128 0x80
 14901 07cb 2E       		.uleb128 0x2e
 14902 07cc 00       		.byte	0
 14903 07cd 31       		.uleb128 0x31
 14904 07ce 13       		.uleb128 0x13
 14905 07cf 11       		.uleb128 0x11
 14906 07d0 01       		.uleb128 0x1
 14907 07d1 12       		.uleb128 0x12
 14908 07d2 06       		.uleb128 0x6
 14909 07d3 40       		.uleb128 0x40
 14910 07d4 18       		.uleb128 0x18
 14911 07d5 9742     		.uleb128 0x2117
 14912 07d7 19       		.uleb128 0x19
 14913 07d8 00       		.byte	0
 14914 07d9 00       		.byte	0
 14915 07da 8101     		.uleb128 0x81
 14916 07dc 2E       		.uleb128 0x2e
 14917 07dd 01       		.byte	0x1
 14918 07de 31       		.uleb128 0x31
 14919 07df 13       		.uleb128 0x13
 14920 07e0 11       		.uleb128 0x11
 14921 07e1 01       		.uleb128 0x1
 14922 07e2 12       		.uleb128 0x12
 14923 07e3 06       		.uleb128 0x6
 14924 07e4 40       		.uleb128 0x40
 14925 07e5 18       		.uleb128 0x18
 14926 07e6 9742     		.uleb128 0x2117
 14927 07e8 19       		.uleb128 0x19
 14928 07e9 01       		.uleb128 0x1
 14929 07ea 13       		.uleb128 0x13
 14930 07eb 00       		.byte	0
ARM GAS  /tmp/ccHvmxP5.s 			page 263


 14931 07ec 00       		.byte	0
 14932 07ed 8201     		.uleb128 0x82
 14933 07ef 2E       		.uleb128 0x2e
 14934 07f0 00       		.byte	0
 14935 07f1 3F       		.uleb128 0x3f
 14936 07f2 19       		.uleb128 0x19
 14937 07f3 3C       		.uleb128 0x3c
 14938 07f4 19       		.uleb128 0x19
 14939 07f5 6E       		.uleb128 0x6e
 14940 07f6 0E       		.uleb128 0xe
 14941 07f7 03       		.uleb128 0x3
 14942 07f8 0E       		.uleb128 0xe
 14943 07f9 00       		.byte	0
 14944 07fa 00       		.byte	0
 14945 07fb 00       		.byte	0
 14946              		.section	.debug_loc,"",%progbits
 14947              	.Ldebug_loc0:
 14948              	.LVUS136:
 14949 0000 01       		.uleb128 .LVU773
 14950 0001 02       		.uleb128 .LVU800
 14951              	.LLST136:
 14952 0002 00000000 		.4byte	.LVL220
 14953 0006 5E000000 		.4byte	.LVL224
 14954 000a 0400     		.2byte	0x4
 14955 000c 0A       		.byte	0xa
 14956 000d FFFF     		.2byte	0xffff
 14957 000f 9F       		.byte	0x9f
 14958 0010 00000000 		.4byte	0
 14959 0014 00000000 		.4byte	0
 14960              	.LVUS137:
 14961 0018 01       		.uleb128 .LVU773
 14962 0019 02       		.uleb128 .LVU800
 14963              	.LLST137:
 14964 001a 00000000 		.4byte	.LVL220
 14965 001e 5E000000 		.4byte	.LVL224
 14966 0022 0200     		.2byte	0x2
 14967 0024 31       		.byte	0x31
 14968 0025 9F       		.byte	0x9f
 14969 0026 00000000 		.4byte	0
 14970 002a 00000000 		.4byte	0
 14971              	.LVUS138:
 14972 002e 03       		.uleb128 .LVU775
 14973 002f 02       		.uleb128 .LVU800
 14974              	.LLST138:
 14975 0030 00000000 		.4byte	.LVL220
 14976 0034 5E000000 		.4byte	.LVL224
 14977 0038 0400     		.2byte	0x4
 14978 003a 0A       		.byte	0xa
 14979 003b FFFF     		.2byte	0xffff
 14980 003d 9F       		.byte	0x9f
 14981 003e 00000000 		.4byte	0
 14982 0042 00000000 		.4byte	0
 14983              	.LVUS139:
 14984 0046 03       		.uleb128 .LVU775
 14985 0047 02       		.uleb128 .LVU800
 14986              	.LLST139:
 14987 0048 00000000 		.4byte	.LVL220
ARM GAS  /tmp/ccHvmxP5.s 			page 264


 14988 004c 5E000000 		.4byte	.LVL224
 14989 0050 0200     		.2byte	0x2
 14990 0052 31       		.byte	0x31
 14991 0053 9F       		.byte	0x9f
 14992 0054 00000000 		.4byte	0
 14993 0058 00000000 		.4byte	0
 14994              	.LVUS140:
 14995 005c 03       		.uleb128 .LVU775
 14996 005d 02       		.uleb128 .LVU800
 14997              	.LLST140:
 14998 005e 00000000 		.4byte	.LVL220
 14999 0062 5E000000 		.4byte	.LVL224
 15000 0066 0600     		.2byte	0x6
 15001 0068 03       		.byte	0x3
 15002 0069 00000000 		.4byte	_ZL17s_effect_instance
 15003 006d 9F       		.byte	0x9f
 15004 006e 00000000 		.4byte	0
 15005 0072 00000000 		.4byte	0
 15006              	.LVUS141:
 15007 0076 04       		.uleb128 .LVU776
 15008 0077 02       		.uleb128 .LVU800
 15009              	.LLST141:
 15010 0078 00000000 		.4byte	.LVL220
 15011 007c 5E000000 		.4byte	.LVL224
 15012 0080 0600     		.2byte	0x6
 15013 0082 03       		.byte	0x3
 15014 0083 00000000 		.4byte	_ZL17s_effect_instance
 15015 0087 9F       		.byte	0x9f
 15016 0088 00000000 		.4byte	0
 15017 008c 00000000 		.4byte	0
 15018              	.LVUS142:
 15019 0090 00       		.uleb128 .LVU781
 15020 0091 00       		.uleb128 .LVU784
 15021              	.LLST142:
 15022 0092 28000000 		.4byte	.LVL221
 15023 0096 2C000000 		.4byte	.LVL222
 15024 009a 0600     		.2byte	0x6
 15025 009c 03       		.byte	0x3
 15026 009d 38000000 		.4byte	_ZL17s_effect_instance+56
 15027 00a1 9F       		.byte	0x9f
 15028 00a2 00000000 		.4byte	0
 15029 00a6 00000000 		.4byte	0
 15030              	.LVUS143:
 15031 00aa 00       		.uleb128 .LVU784
 15032 00ab 00       		.uleb128 .LVU788
 15033              	.LLST143:
 15034 00ac 2C000000 		.4byte	.LVL222
 15035 00b0 34000000 		.4byte	.LVL223
 15036 00b4 0600     		.2byte	0x6
 15037 00b6 03       		.byte	0x3
 15038 00b7 54000000 		.4byte	_ZL17s_effect_instance+84
 15039 00bb 9F       		.byte	0x9f
 15040 00bc 00000000 		.4byte	0
 15041 00c0 00000000 		.4byte	0
 15042              	.LVUS133:
 15043 00c4 00       		.uleb128 0
 15044 00c5 00       		.uleb128 .LVU756
ARM GAS  /tmp/ccHvmxP5.s 			page 265


 15045 00c6 00       		.uleb128 .LVU756
 15046 00c7 00       		.uleb128 .LVU757
 15047 00c8 00       		.uleb128 .LVU757
 15048 00c9 00       		.uleb128 .LVU759
 15049 00ca 00       		.uleb128 .LVU759
 15050 00cb 00       		.uleb128 0
 15051              	.LLST133:
 15052 00cc 50010000 		.4byte	.LVL214
 15053 00d0 62010000 		.4byte	.LVL215
 15054 00d4 0100     		.2byte	0x1
 15055 00d6 50       		.byte	0x50
 15056 00d7 62010000 		.4byte	.LVL215
 15057 00db 64010000 		.4byte	.LVL216
 15058 00df 0400     		.2byte	0x4
 15059 00e1 F3       		.byte	0xf3
 15060 00e2 01       		.uleb128 0x1
 15061 00e3 50       		.byte	0x50
 15062 00e4 9F       		.byte	0x9f
 15063 00e5 64010000 		.4byte	.LVL216
 15064 00e9 66010000 		.4byte	.LVL217
 15065 00ed 0100     		.2byte	0x1
 15066 00ef 50       		.byte	0x50
 15067 00f0 66010000 		.4byte	.LVL217
 15068 00f4 70010000 		.4byte	.LFE532
 15069 00f8 0400     		.2byte	0x4
 15070 00fa F3       		.byte	0xf3
 15071 00fb 01       		.uleb128 0x1
 15072 00fc 50       		.byte	0x50
 15073 00fd 9F       		.byte	0x9f
 15074 00fe 00000000 		.4byte	0
 15075 0102 00000000 		.4byte	0
 15076              	.LVUS134:
 15077 0106 02       		.uleb128 .LVU748
 15078 0107 00       		.uleb128 0
 15079              	.LLST134:
 15080 0108 50010000 		.4byte	.LVL214
 15081 010c 70010000 		.4byte	.LFE532
 15082 0110 0100     		.2byte	0x1
 15083 0112 51       		.byte	0x51
 15084 0113 00000000 		.4byte	0
 15085 0117 00000000 		.4byte	0
 15086              	.LVUS135:
 15087 011b 02       		.uleb128 .LVU748
 15088 011c 00       		.uleb128 .LVU756
 15089 011d 00       		.uleb128 .LVU756
 15090 011e 00       		.uleb128 .LVU757
 15091 011f 00       		.uleb128 .LVU757
 15092 0120 00       		.uleb128 .LVU759
 15093 0121 00       		.uleb128 .LVU759
 15094 0122 00       		.uleb128 0
 15095              	.LLST135:
 15096 0123 50010000 		.4byte	.LVL214
 15097 0127 62010000 		.4byte	.LVL215
 15098 012b 0100     		.2byte	0x1
 15099 012d 50       		.byte	0x50
 15100 012e 62010000 		.4byte	.LVL215
 15101 0132 64010000 		.4byte	.LVL216
ARM GAS  /tmp/ccHvmxP5.s 			page 266


 15102 0136 0400     		.2byte	0x4
 15103 0138 F3       		.byte	0xf3
 15104 0139 01       		.uleb128 0x1
 15105 013a 50       		.byte	0x50
 15106 013b 9F       		.byte	0x9f
 15107 013c 64010000 		.4byte	.LVL216
 15108 0140 66010000 		.4byte	.LVL217
 15109 0144 0100     		.2byte	0x1
 15110 0146 50       		.byte	0x50
 15111 0147 66010000 		.4byte	.LVL217
 15112 014b 70010000 		.4byte	.LFE532
 15113 014f 0400     		.2byte	0x4
 15114 0151 F3       		.byte	0xf3
 15115 0152 01       		.uleb128 0x1
 15116 0153 50       		.byte	0x50
 15117 0154 9F       		.byte	0x9f
 15118 0155 00000000 		.4byte	0
 15119 0159 00000000 		.4byte	0
 15120              	.LVUS130:
 15121 015d 00       		.uleb128 0
 15122 015e 00       		.uleb128 .LVU736
 15123 015f 00       		.uleb128 .LVU736
 15124 0160 00       		.uleb128 .LVU737
 15125 0161 00       		.uleb128 .LVU737
 15126 0162 00       		.uleb128 .LVU740
 15127 0163 00       		.uleb128 .LVU740
 15128 0164 00       		.uleb128 .LVU741
 15129 0165 00       		.uleb128 .LVU741
 15130 0166 00       		.uleb128 .LVU744
 15131 0167 00       		.uleb128 .LVU744
 15132 0168 00       		.uleb128 0
 15133              	.LLST130:
 15134 0169 28010000 		.4byte	.LVL208
 15135 016d 32010000 		.4byte	.LVL209
 15136 0171 0100     		.2byte	0x1
 15137 0173 50       		.byte	0x50
 15138 0174 32010000 		.4byte	.LVL209
 15139 0178 34010000 		.4byte	.LVL210
 15140 017c 0400     		.2byte	0x4
 15141 017e F3       		.byte	0xf3
 15142 017f 01       		.uleb128 0x1
 15143 0180 50       		.byte	0x50
 15144 0181 9F       		.byte	0x9f
 15145 0182 34010000 		.4byte	.LVL210
 15146 0186 3C010000 		.4byte	.LVL211
 15147 018a 0100     		.2byte	0x1
 15148 018c 50       		.byte	0x50
 15149 018d 3C010000 		.4byte	.LVL211
 15150 0191 3E010000 		.4byte	.LVL212
 15151 0195 0400     		.2byte	0x4
 15152 0197 F3       		.byte	0xf3
 15153 0198 01       		.uleb128 0x1
 15154 0199 50       		.byte	0x50
 15155 019a 9F       		.byte	0x9f
 15156 019b 3E010000 		.4byte	.LVL212
 15157 019f 46010000 		.4byte	.LVL213
 15158 01a3 0100     		.2byte	0x1
ARM GAS  /tmp/ccHvmxP5.s 			page 267


 15159 01a5 50       		.byte	0x50
 15160 01a6 46010000 		.4byte	.LVL213
 15161 01aa 50010000 		.4byte	.LFE531
 15162 01ae 0400     		.2byte	0x4
 15163 01b0 F3       		.byte	0xf3
 15164 01b1 01       		.uleb128 0x1
 15165 01b2 50       		.byte	0x50
 15166 01b3 9F       		.byte	0x9f
 15167 01b4 00000000 		.4byte	0
 15168 01b8 00000000 		.4byte	0
 15169              	.LVUS131:
 15170 01bc 02       		.uleb128 .LVU734
 15171 01bd 00       		.uleb128 .LVU736
 15172 01be 00       		.uleb128 .LVU736
 15173 01bf 00       		.uleb128 .LVU737
 15174 01c0 00       		.uleb128 .LVU737
 15175 01c1 00       		.uleb128 .LVU740
 15176 01c2 00       		.uleb128 .LVU740
 15177 01c3 00       		.uleb128 .LVU741
 15178 01c4 00       		.uleb128 .LVU741
 15179 01c5 00       		.uleb128 .LVU744
 15180              	.LLST131:
 15181 01c6 28010000 		.4byte	.LVL208
 15182 01ca 32010000 		.4byte	.LVL209
 15183 01ce 0100     		.2byte	0x1
 15184 01d0 50       		.byte	0x50
 15185 01d1 32010000 		.4byte	.LVL209
 15186 01d5 34010000 		.4byte	.LVL210
 15187 01d9 0400     		.2byte	0x4
 15188 01db F3       		.byte	0xf3
 15189 01dc 01       		.uleb128 0x1
 15190 01dd 50       		.byte	0x50
 15191 01de 9F       		.byte	0x9f
 15192 01df 34010000 		.4byte	.LVL210
 15193 01e3 3C010000 		.4byte	.LVL211
 15194 01e7 0100     		.2byte	0x1
 15195 01e9 50       		.byte	0x50
 15196 01ea 3C010000 		.4byte	.LVL211
 15197 01ee 3E010000 		.4byte	.LVL212
 15198 01f2 0400     		.2byte	0x4
 15199 01f4 F3       		.byte	0xf3
 15200 01f5 01       		.uleb128 0x1
 15201 01f6 50       		.byte	0x50
 15202 01f7 9F       		.byte	0x9f
 15203 01f8 3E010000 		.4byte	.LVL212
 15204 01fc 46010000 		.4byte	.LVL213
 15205 0200 0100     		.2byte	0x1
 15206 0202 50       		.byte	0x50
 15207 0203 00000000 		.4byte	0
 15208 0207 00000000 		.4byte	0
 15209              	.LVUS132:
 15210 020b 02       		.uleb128 .LVU734
 15211 020c 00       		.uleb128 .LVU744
 15212              	.LLST132:
 15213 020d 28010000 		.4byte	.LVL208
 15214 0211 46010000 		.4byte	.LVL213
 15215 0215 0600     		.2byte	0x6
ARM GAS  /tmp/ccHvmxP5.s 			page 268


 15216 0217 03       		.byte	0x3
 15217 0218 00000000 		.4byte	_ZL17s_effect_instance
 15218 021c 9F       		.byte	0x9f
 15219 021d 00000000 		.4byte	0
 15220 0221 00000000 		.4byte	0
 15221              	.LVUS114:
 15222 0225 00       		.uleb128 0
 15223 0226 00       		.uleb128 .LVU670
 15224 0227 00       		.uleb128 .LVU670
 15225 0228 00       		.uleb128 .LVU672
 15226 0229 00       		.uleb128 .LVU672
 15227 022a 00       		.uleb128 .LVU679
 15228 022b 00       		.uleb128 .LVU679
 15229 022c 00       		.uleb128 .LVU688
 15230 022d 00       		.uleb128 .LVU688
 15231 022e 00       		.uleb128 0
 15232              	.LLST114:
 15233 022f 5C000000 		.4byte	.LVL190
 15234 0233 64000000 		.4byte	.LVL191
 15235 0237 0100     		.2byte	0x1
 15236 0239 50       		.byte	0x50
 15237 023a 64000000 		.4byte	.LVL191
 15238 023e 66000000 		.4byte	.LVL192
 15239 0242 0400     		.2byte	0x4
 15240 0244 F3       		.byte	0xf3
 15241 0245 01       		.uleb128 0x1
 15242 0246 50       		.byte	0x50
 15243 0247 9F       		.byte	0x9f
 15244 0248 66000000 		.4byte	.LVL192
 15245 024c 6C000000 		.4byte	.LVL193
 15246 0250 0100     		.2byte	0x1
 15247 0252 50       		.byte	0x50
 15248 0253 6C000000 		.4byte	.LVL193
 15249 0257 8E000000 		.4byte	.LVL197
 15250 025b 0400     		.2byte	0x4
 15251 025d F3       		.byte	0xf3
 15252 025e 01       		.uleb128 0x1
 15253 025f 50       		.byte	0x50
 15254 0260 9F       		.byte	0x9f
 15255 0261 8E000000 		.4byte	.LVL197
 15256 0265 28010000 		.4byte	.LFE530
 15257 0269 0100     		.2byte	0x1
 15258 026b 50       		.byte	0x50
 15259 026c 00000000 		.4byte	0
 15260 0270 00000000 		.4byte	0
 15261              	.LVUS115:
 15262 0274 00       		.uleb128 0
 15263 0275 00       		.uleb128 .LVU670
 15264 0276 00       		.uleb128 .LVU670
 15265 0277 00       		.uleb128 .LVU672
 15266 0278 00       		.uleb128 .LVU672
 15267 0279 00       		.uleb128 .LVU687
 15268 027a 00       		.uleb128 .LVU687
 15269 027b 00       		.uleb128 .LVU688
 15270 027c 00       		.uleb128 .LVU688
 15271 027d 00       		.uleb128 .LVU694
 15272 027e 00       		.uleb128 .LVU694
ARM GAS  /tmp/ccHvmxP5.s 			page 269


 15273 027f 00       		.uleb128 0
 15274              	.LLST115:
 15275 0280 5C000000 		.4byte	.LVL190
 15276 0284 64000000 		.4byte	.LVL191
 15277 0288 0100     		.2byte	0x1
 15278 028a 51       		.byte	0x51
 15279 028b 64000000 		.4byte	.LVL191
 15280 028f 66000000 		.4byte	.LVL192
 15281 0293 0400     		.2byte	0x4
 15282 0295 F3       		.byte	0xf3
 15283 0296 01       		.uleb128 0x1
 15284 0297 51       		.byte	0x51
 15285 0298 9F       		.byte	0x9f
 15286 0299 66000000 		.4byte	.LVL192
 15287 029d 88000000 		.4byte	.LVL195
 15288 02a1 0100     		.2byte	0x1
 15289 02a3 51       		.byte	0x51
 15290 02a4 88000000 		.4byte	.LVL195
 15291 02a8 8E000000 		.4byte	.LVL197
 15292 02ac 0400     		.2byte	0x4
 15293 02ae F3       		.byte	0xf3
 15294 02af 01       		.uleb128 0x1
 15295 02b0 51       		.byte	0x51
 15296 02b1 9F       		.byte	0x9f
 15297 02b2 8E000000 		.4byte	.LVL197
 15298 02b6 92000000 		.4byte	.LVL198
 15299 02ba 0100     		.2byte	0x1
 15300 02bc 51       		.byte	0x51
 15301 02bd 92000000 		.4byte	.LVL198
 15302 02c1 28010000 		.4byte	.LFE530
 15303 02c5 0400     		.2byte	0x4
 15304 02c7 F3       		.byte	0xf3
 15305 02c8 01       		.uleb128 0x1
 15306 02c9 51       		.byte	0x51
 15307 02ca 9F       		.byte	0x9f
 15308 02cb 00000000 		.4byte	0
 15309 02cf 00000000 		.4byte	0
 15310              	.LVUS116:
 15311 02d3 02       		.uleb128 .LVU666
 15312 02d4 00       		.uleb128 .LVU670
 15313 02d5 00       		.uleb128 .LVU672
 15314 02d6 00       		.uleb128 .LVU687
 15315 02d7 00       		.uleb128 .LVU687
 15316 02d8 00       		.uleb128 .LVU688
 15317 02d9 00       		.uleb128 .LVU688
 15318 02da 00       		.uleb128 .LVU694
 15319 02db 00       		.uleb128 .LVU694
 15320 02dc 00       		.uleb128 .LVU728
 15321 02dd 00       		.uleb128 .LVU730
 15322 02de 00       		.uleb128 0
 15323              	.LLST116:
 15324 02df 5C000000 		.4byte	.LVL190
 15325 02e3 64000000 		.4byte	.LVL191
 15326 02e7 0100     		.2byte	0x1
 15327 02e9 51       		.byte	0x51
 15328 02ea 66000000 		.4byte	.LVL192
 15329 02ee 88000000 		.4byte	.LVL195
ARM GAS  /tmp/ccHvmxP5.s 			page 270


 15330 02f2 0100     		.2byte	0x1
 15331 02f4 51       		.byte	0x51
 15332 02f5 88000000 		.4byte	.LVL195
 15333 02f9 8E000000 		.4byte	.LVL197
 15334 02fd 0400     		.2byte	0x4
 15335 02ff F3       		.byte	0xf3
 15336 0300 01       		.uleb128 0x1
 15337 0301 51       		.byte	0x51
 15338 0302 9F       		.byte	0x9f
 15339 0303 8E000000 		.4byte	.LVL197
 15340 0307 92000000 		.4byte	.LVL198
 15341 030b 0100     		.2byte	0x1
 15342 030d 51       		.byte	0x51
 15343 030e 92000000 		.4byte	.LVL198
 15344 0312 02010000 		.4byte	.LVL205
 15345 0316 0400     		.2byte	0x4
 15346 0318 F3       		.byte	0xf3
 15347 0319 01       		.uleb128 0x1
 15348 031a 51       		.byte	0x51
 15349 031b 9F       		.byte	0x9f
 15350 031c 04010000 		.4byte	.LVL206
 15351 0320 28010000 		.4byte	.LFE530
 15352 0324 0400     		.2byte	0x4
 15353 0326 F3       		.byte	0xf3
 15354 0327 01       		.uleb128 0x1
 15355 0328 51       		.byte	0x51
 15356 0329 9F       		.byte	0x9f
 15357 032a 00000000 		.4byte	0
 15358 032e 00000000 		.4byte	0
 15359              	.LVUS117:
 15360 0332 02       		.uleb128 .LVU666
 15361 0333 00       		.uleb128 .LVU670
 15362 0334 00       		.uleb128 .LVU672
 15363 0335 00       		.uleb128 .LVU679
 15364 0336 00       		.uleb128 .LVU679
 15365 0337 00       		.uleb128 .LVU688
 15366 0338 00       		.uleb128 .LVU688
 15367 0339 00       		.uleb128 .LVU728
 15368 033a 00       		.uleb128 .LVU730
 15369 033b 00       		.uleb128 0
 15370              	.LLST117:
 15371 033c 5C000000 		.4byte	.LVL190
 15372 0340 64000000 		.4byte	.LVL191
 15373 0344 0100     		.2byte	0x1
 15374 0346 50       		.byte	0x50
 15375 0347 66000000 		.4byte	.LVL192
 15376 034b 6C000000 		.4byte	.LVL193
 15377 034f 0100     		.2byte	0x1
 15378 0351 50       		.byte	0x50
 15379 0352 6C000000 		.4byte	.LVL193
 15380 0356 8E000000 		.4byte	.LVL197
 15381 035a 0400     		.2byte	0x4
 15382 035c F3       		.byte	0xf3
 15383 035d 01       		.uleb128 0x1
 15384 035e 50       		.byte	0x50
 15385 035f 9F       		.byte	0x9f
 15386 0360 8E000000 		.4byte	.LVL197
ARM GAS  /tmp/ccHvmxP5.s 			page 271


 15387 0364 02010000 		.4byte	.LVL205
 15388 0368 0100     		.2byte	0x1
 15389 036a 50       		.byte	0x50
 15390 036b 04010000 		.4byte	.LVL206
 15391 036f 28010000 		.4byte	.LFE530
 15392 0373 0100     		.2byte	0x1
 15393 0375 50       		.byte	0x50
 15394 0376 00000000 		.4byte	0
 15395 037a 00000000 		.4byte	0
 15396              	.LVUS118:
 15397 037e 02       		.uleb128 .LVU666
 15398 037f 00       		.uleb128 .LVU670
 15399 0380 00       		.uleb128 .LVU672
 15400 0381 00       		.uleb128 .LVU728
 15401 0382 00       		.uleb128 .LVU730
 15402 0383 00       		.uleb128 0
 15403              	.LLST118:
 15404 0384 5C000000 		.4byte	.LVL190
 15405 0388 64000000 		.4byte	.LVL191
 15406 038c 0600     		.2byte	0x6
 15407 038e 03       		.byte	0x3
 15408 038f 00000000 		.4byte	_ZL17s_effect_instance
 15409 0393 9F       		.byte	0x9f
 15410 0394 66000000 		.4byte	.LVL192
 15411 0398 02010000 		.4byte	.LVL205
 15412 039c 0600     		.2byte	0x6
 15413 039e 03       		.byte	0x3
 15414 039f 00000000 		.4byte	_ZL17s_effect_instance
 15415 03a3 9F       		.byte	0x9f
 15416 03a4 04010000 		.4byte	.LVL206
 15417 03a8 28010000 		.4byte	.LFE530
 15418 03ac 0600     		.2byte	0x6
 15419 03ae 03       		.byte	0x3
 15420 03af 00000000 		.4byte	_ZL17s_effect_instance
 15421 03b3 9F       		.byte	0x9f
 15422 03b4 00000000 		.4byte	0
 15423 03b8 00000000 		.4byte	0
 15424              	.LVUS119:
 15425 03bc 01       		.uleb128 .LVU673
 15426 03bd 00       		.uleb128 .LVU688
 15427              	.LLST119:
 15428 03be 66000000 		.4byte	.LVL192
 15429 03c2 8E000000 		.4byte	.LVL197
 15430 03c6 0200     		.2byte	0x2
 15431 03c8 30       		.byte	0x30
 15432 03c9 9F       		.byte	0x9f
 15433 03ca 00000000 		.4byte	0
 15434 03ce 00000000 		.4byte	0
 15435              	.LVUS120:
 15436 03d2 00       		.uleb128 .LVU672
 15437 03d3 00       		.uleb128 .LVU687
 15438 03d4 00       		.uleb128 .LVU687
 15439 03d5 00       		.uleb128 .LVU688
 15440              	.LLST120:
 15441 03d6 66000000 		.4byte	.LVL192
 15442 03da 88000000 		.4byte	.LVL195
 15443 03de 0100     		.2byte	0x1
ARM GAS  /tmp/ccHvmxP5.s 			page 272


 15444 03e0 51       		.byte	0x51
 15445 03e1 88000000 		.4byte	.LVL195
 15446 03e5 8E000000 		.4byte	.LVL197
 15447 03e9 0400     		.2byte	0x4
 15448 03eb F3       		.byte	0xf3
 15449 03ec 01       		.uleb128 0x1
 15450 03ed 51       		.byte	0x51
 15451 03ee 9F       		.byte	0x9f
 15452 03ef 00000000 		.4byte	0
 15453 03f3 00000000 		.4byte	0
 15454              	.LVUS121:
 15455 03f7 00       		.uleb128 .LVU672
 15456 03f8 00       		.uleb128 .LVU688
 15457              	.LLST121:
 15458 03f9 66000000 		.4byte	.LVL192
 15459 03fd 8E000000 		.4byte	.LVL197
 15460 0401 0600     		.2byte	0x6
 15461 0403 03       		.byte	0x3
 15462 0404 00000000 		.4byte	_ZL17s_effect_instance
 15463 0408 9F       		.byte	0x9f
 15464 0409 00000000 		.4byte	0
 15465 040d 00000000 		.4byte	0
 15466              	.LVUS122:
 15467 0411 01       		.uleb128 .LVU702
 15468 0412 00       		.uleb128 .LVU713
 15469 0413 00       		.uleb128 .LVU730
 15470 0414 00       		.uleb128 0
 15471              	.LLST122:
 15472 0415 AA000000 		.4byte	.LVL199
 15473 0419 DE000000 		.4byte	.LVL202
 15474 041d 0100     		.2byte	0x1
 15475 041f 51       		.byte	0x51
 15476 0420 04010000 		.4byte	.LVL206
 15477 0424 28010000 		.4byte	.LFE530
 15478 0428 0100     		.2byte	0x1
 15479 042a 51       		.byte	0x51
 15480 042b 00000000 		.4byte	0
 15481 042f 00000000 		.4byte	0
 15482              	.LVUS123:
 15483 0433 03       		.uleb128 .LVU704
 15484 0434 00       		.uleb128 .LVU706
 15485 0435 00       		.uleb128 .LVU706
 15486 0436 00       		.uleb128 .LVU713
 15487 0437 00       		.uleb128 .LVU730
 15488 0438 00       		.uleb128 0
 15489              	.LLST123:
 15490 0439 AA000000 		.4byte	.LVL199
 15491 043d AE000000 		.4byte	.LVL200
 15492 0441 0F00     		.2byte	0xf
 15493 0443 71       		.byte	0x71
 15494 0444 00       		.sleb128 0
 15495 0445 F7       		.byte	0xf7
 15496 0446 2C       		.uleb128 0x2c
 15497 0447 F7       		.byte	0xf7
 15498 0448 25       		.uleb128 0x25
 15499 0449 F4       		.byte	0xf4
 15500 044a 25       		.uleb128 0x25
ARM GAS  /tmp/ccHvmxP5.s 			page 273


 15501 044b 04       		.byte	0x4
 15502 044c 00C07F44 		.4byte	0x447fc000
 15503 0450 1B       		.byte	0x1b
 15504 0451 9F       		.byte	0x9f
 15505 0452 AE000000 		.4byte	.LVL200
 15506 0456 DE000000 		.4byte	.LVL202
 15507 045a 0200     		.2byte	0x2
 15508 045c 90       		.byte	0x90
 15509 045d 4C       		.uleb128 0x4c
 15510 045e 04010000 		.4byte	.LVL206
 15511 0462 28010000 		.4byte	.LFE530
 15512 0466 0200     		.2byte	0x2
 15513 0468 90       		.byte	0x90
 15514 0469 4C       		.uleb128 0x4c
 15515 046a 00000000 		.4byte	0
 15516 046e 00000000 		.4byte	0
 15517              	.LVUS124:
 15518 0472 00       		.uleb128 .LVU710
 15519 0473 00       		.uleb128 .LVU713
 15520 0474 00       		.uleb128 .LVU730
 15521 0475 00       		.uleb128 .LVU731
 15522 0476 00       		.uleb128 .LVU731
 15523 0477 00       		.uleb128 0
 15524              	.LLST124:
 15525 0478 C2000000 		.4byte	.LVL201
 15526 047c DE000000 		.4byte	.LVL202
 15527 0480 0200     		.2byte	0x2
 15528 0482 90       		.byte	0x90
 15529 0483 4F       		.uleb128 0x4f
 15530 0484 04010000 		.4byte	.LVL206
 15531 0488 08010000 		.4byte	.LVL207
 15532 048c 0200     		.2byte	0x2
 15533 048e 90       		.byte	0x90
 15534 048f 4F       		.uleb128 0x4f
 15535 0490 08010000 		.4byte	.LVL207
 15536 0494 28010000 		.4byte	.LFE530
 15537 0498 0800     		.2byte	0x8
 15538 049a F5       		.byte	0xf5
 15539 049b 4E       		.uleb128 0x4e
 15540 049c 25       		.uleb128 0x25
 15541 049d F5       		.byte	0xf5
 15542 049e 4D       		.uleb128 0x4d
 15543 049f 25       		.uleb128 0x25
 15544 04a0 1B       		.byte	0x1b
 15545 04a1 9F       		.byte	0x9f
 15546 04a2 00000000 		.4byte	0
 15547 04a6 00000000 		.4byte	0
 15548              	.LVUS125:
 15549 04aa 00       		.uleb128 .LVU713
 15550 04ab 00       		.uleb128 .LVU725
 15551 04ac 00       		.uleb128 .LVU725
 15552 04ad 00       		.uleb128 .LVU728
 15553              	.LLST125:
 15554 04ae DE000000 		.4byte	.LVL202
 15555 04b2 FA000000 		.4byte	.LVL204
 15556 04b6 0200     		.2byte	0x2
 15557 04b8 90       		.byte	0x90
ARM GAS  /tmp/ccHvmxP5.s 			page 274


 15558 04b9 4F       		.uleb128 0x4f
 15559 04ba FA000000 		.4byte	.LVL204
 15560 04be 02010000 		.4byte	.LVL205
 15561 04c2 0500     		.2byte	0x5
 15562 04c4 03       		.byte	0x3
 15563 04c5 0C000000 		.4byte	_ZL17s_effect_instance+12
 15564 04c9 00000000 		.4byte	0
 15565 04cd 00000000 		.4byte	0
 15566              	.LVUS126:
 15567 04d1 00       		.uleb128 .LVU713
 15568 04d2 00       		.uleb128 .LVU728
 15569              	.LLST126:
 15570 04d3 DE000000 		.4byte	.LVL202
 15571 04d7 02010000 		.4byte	.LVL205
 15572 04db 0600     		.2byte	0x6
 15573 04dd 03       		.byte	0x3
 15574 04de 00000000 		.4byte	_ZL17s_effect_instance
 15575 04e2 9F       		.byte	0x9f
 15576 04e3 00000000 		.4byte	0
 15577 04e7 00000000 		.4byte	0
 15578              	.LVUS127:
 15579 04eb 01       		.uleb128 .LVU721
 15580 04ec 00       		.uleb128 .LVU725
 15581              	.LLST127:
 15582 04ed F2000000 		.4byte	.LVL203
 15583 04f1 FA000000 		.4byte	.LVL204
 15584 04f5 0200     		.2byte	0x2
 15585 04f7 90       		.byte	0x90
 15586 04f8 4F       		.uleb128 0x4f
 15587 04f9 00000000 		.4byte	0
 15588 04fd 00000000 		.4byte	0
 15589              	.LVUS128:
 15590 0501 01       		.uleb128 .LVU721
 15591 0502 00       		.uleb128 .LVU725
 15592              	.LLST128:
 15593 0503 F2000000 		.4byte	.LVL203
 15594 0507 FA000000 		.4byte	.LVL204
 15595 050b 0600     		.2byte	0x6
 15596 050d 9E       		.byte	0x9e
 15597 050e 04       		.uleb128 0x4
 15598 050f 0000003F 		.4byte	0x3f000000
 15599 0513 00000000 		.4byte	0
 15600 0517 00000000 		.4byte	0
 15601              	.LVUS129:
 15602 051b 01       		.uleb128 .LVU721
 15603 051c 00       		.uleb128 .LVU725
 15604              	.LLST129:
 15605 051d F2000000 		.4byte	.LVL203
 15606 0521 FA000000 		.4byte	.LVL204
 15607 0525 0600     		.2byte	0x6
 15608 0527 9E       		.byte	0x9e
 15609 0528 04       		.uleb128 0x4
 15610 0529 CDCC4C3D 		.4byte	0x3d4ccccd
 15611 052d 00000000 		.4byte	0
 15612 0531 00000000 		.4byte	0
 15613              	.LVUS106:
 15614 0535 00       		.uleb128 0
ARM GAS  /tmp/ccHvmxP5.s 			page 275


 15615 0536 00       		.uleb128 .LVU646
 15616 0537 00       		.uleb128 .LVU646
 15617 0538 00       		.uleb128 .LVU656
 15618 0539 00       		.uleb128 .LVU656
 15619 053a 00       		.uleb128 .LVU661
 15620 053b 00       		.uleb128 .LVU661
 15621 053c 00       		.uleb128 .LVU662
 15622 053d 00       		.uleb128 .LVU662
 15623 053e 00       		.uleb128 0
 15624              	.LLST106:
 15625 053f 1C000000 		.4byte	.LVL181
 15626 0543 2A000000 		.4byte	.LVL182
 15627 0547 0100     		.2byte	0x1
 15628 0549 50       		.byte	0x50
 15629 054a 2A000000 		.4byte	.LVL182
 15630 054e 4A000000 		.4byte	.LVL185
 15631 0552 0400     		.2byte	0x4
 15632 0554 F3       		.byte	0xf3
 15633 0555 01       		.uleb128 0x1
 15634 0556 50       		.byte	0x50
 15635 0557 9F       		.byte	0x9f
 15636 0558 4A000000 		.4byte	.LVL185
 15637 055c 52000000 		.4byte	.LVL188
 15638 0560 0100     		.2byte	0x1
 15639 0562 50       		.byte	0x50
 15640 0563 52000000 		.4byte	.LVL188
 15641 0567 55000000 		.4byte	.LVL189-1
 15642 056b 0100     		.2byte	0x1
 15643 056d 51       		.byte	0x51
 15644 056e 55000000 		.4byte	.LVL189-1
 15645 0572 5C000000 		.4byte	.LFE529
 15646 0576 0400     		.2byte	0x4
 15647 0578 F3       		.byte	0xf3
 15648 0579 01       		.uleb128 0x1
 15649 057a 50       		.byte	0x50
 15650 057b 9F       		.byte	0x9f
 15651 057c 00000000 		.4byte	0
 15652 0580 00000000 		.4byte	0
 15653              	.LVUS107:
 15654 0584 00       		.uleb128 0
 15655 0585 00       		.uleb128 .LVU646
 15656 0586 00       		.uleb128 .LVU646
 15657 0587 00       		.uleb128 .LVU656
 15658 0588 00       		.uleb128 .LVU656
 15659 0589 00       		.uleb128 .LVU660
 15660 058a 00       		.uleb128 .LVU660
 15661 058b 00       		.uleb128 .LVU662
 15662 058c 00       		.uleb128 .LVU662
 15663 058d 00       		.uleb128 0
 15664              	.LLST107:
 15665 058e 1C000000 		.4byte	.LVL181
 15666 0592 2A000000 		.4byte	.LVL182
 15667 0596 0100     		.2byte	0x1
 15668 0598 51       		.byte	0x51
 15669 0599 2A000000 		.4byte	.LVL182
 15670 059d 4A000000 		.4byte	.LVL185
 15671 05a1 0400     		.2byte	0x4
ARM GAS  /tmp/ccHvmxP5.s 			page 276


 15672 05a3 F3       		.byte	0xf3
 15673 05a4 01       		.uleb128 0x1
 15674 05a5 51       		.byte	0x51
 15675 05a6 9F       		.byte	0x9f
 15676 05a7 4A000000 		.4byte	.LVL185
 15677 05ab 50000000 		.4byte	.LVL187
 15678 05af 0100     		.2byte	0x1
 15679 05b1 51       		.byte	0x51
 15680 05b2 50000000 		.4byte	.LVL187
 15681 05b6 55000000 		.4byte	.LVL189-1
 15682 05ba 0100     		.2byte	0x1
 15683 05bc 52       		.byte	0x52
 15684 05bd 55000000 		.4byte	.LVL189-1
 15685 05c1 5C000000 		.4byte	.LFE529
 15686 05c5 0400     		.2byte	0x4
 15687 05c7 F3       		.byte	0xf3
 15688 05c8 01       		.uleb128 0x1
 15689 05c9 51       		.byte	0x51
 15690 05ca 9F       		.byte	0x9f
 15691 05cb 00000000 		.4byte	0
 15692 05cf 00000000 		.4byte	0
 15693              	.LVUS108:
 15694 05d3 00       		.uleb128 0
 15695 05d4 00       		.uleb128 .LVU659
 15696 05d5 00       		.uleb128 .LVU659
 15697 05d6 00       		.uleb128 .LVU662
 15698 05d7 00       		.uleb128 .LVU662
 15699 05d8 00       		.uleb128 0
 15700              	.LLST108:
 15701 05d9 1C000000 		.4byte	.LVL181
 15702 05dd 4E000000 		.4byte	.LVL186
 15703 05e1 0100     		.2byte	0x1
 15704 05e3 52       		.byte	0x52
 15705 05e4 4E000000 		.4byte	.LVL186
 15706 05e8 55000000 		.4byte	.LVL189-1
 15707 05ec 0100     		.2byte	0x1
 15708 05ee 53       		.byte	0x53
 15709 05ef 55000000 		.4byte	.LVL189-1
 15710 05f3 5C000000 		.4byte	.LFE529
 15711 05f7 0400     		.2byte	0x4
 15712 05f9 F3       		.byte	0xf3
 15713 05fa 01       		.uleb128 0x1
 15714 05fb 52       		.byte	0x52
 15715 05fc 9F       		.byte	0x9f
 15716 05fd 00000000 		.4byte	0
 15717 0601 00000000 		.4byte	0
 15718              	.LVUS109:
 15719 0605 02       		.uleb128 .LVU640
 15720 0606 00       		.uleb128 .LVU659
 15721 0607 00       		.uleb128 .LVU659
 15722 0608 00       		.uleb128 .LVU662
 15723 0609 00       		.uleb128 .LVU662
 15724 060a 00       		.uleb128 .LVU662
 15725              	.LLST109:
 15726 060b 1C000000 		.4byte	.LVL181
 15727 060f 4E000000 		.4byte	.LVL186
 15728 0613 0100     		.2byte	0x1
ARM GAS  /tmp/ccHvmxP5.s 			page 277


 15729 0615 52       		.byte	0x52
 15730 0616 4E000000 		.4byte	.LVL186
 15731 061a 55000000 		.4byte	.LVL189-1
 15732 061e 0100     		.2byte	0x1
 15733 0620 53       		.byte	0x53
 15734 0621 55000000 		.4byte	.LVL189-1
 15735 0625 56000000 		.4byte	.LVL189
 15736 0629 0400     		.2byte	0x4
 15737 062b F3       		.byte	0xf3
 15738 062c 01       		.uleb128 0x1
 15739 062d 52       		.byte	0x52
 15740 062e 9F       		.byte	0x9f
 15741 062f 00000000 		.4byte	0
 15742 0633 00000000 		.4byte	0
 15743              	.LVUS110:
 15744 0637 02       		.uleb128 .LVU640
 15745 0638 00       		.uleb128 .LVU646
 15746 0639 00       		.uleb128 .LVU646
 15747 063a 00       		.uleb128 .LVU656
 15748 063b 00       		.uleb128 .LVU656
 15749 063c 00       		.uleb128 .LVU660
 15750 063d 00       		.uleb128 .LVU660
 15751 063e 00       		.uleb128 .LVU662
 15752 063f 00       		.uleb128 .LVU662
 15753 0640 00       		.uleb128 .LVU662
 15754              	.LLST110:
 15755 0641 1C000000 		.4byte	.LVL181
 15756 0645 2A000000 		.4byte	.LVL182
 15757 0649 0100     		.2byte	0x1
 15758 064b 51       		.byte	0x51
 15759 064c 2A000000 		.4byte	.LVL182
 15760 0650 4A000000 		.4byte	.LVL185
 15761 0654 0400     		.2byte	0x4
 15762 0656 F3       		.byte	0xf3
 15763 0657 01       		.uleb128 0x1
 15764 0658 51       		.byte	0x51
 15765 0659 9F       		.byte	0x9f
 15766 065a 4A000000 		.4byte	.LVL185
 15767 065e 50000000 		.4byte	.LVL187
 15768 0662 0100     		.2byte	0x1
 15769 0664 51       		.byte	0x51
 15770 0665 50000000 		.4byte	.LVL187
 15771 0669 55000000 		.4byte	.LVL189-1
 15772 066d 0100     		.2byte	0x1
 15773 066f 52       		.byte	0x52
 15774 0670 55000000 		.4byte	.LVL189-1
 15775 0674 56000000 		.4byte	.LVL189
 15776 0678 0400     		.2byte	0x4
 15777 067a F3       		.byte	0xf3
 15778 067b 01       		.uleb128 0x1
 15779 067c 51       		.byte	0x51
 15780 067d 9F       		.byte	0x9f
 15781 067e 00000000 		.4byte	0
 15782 0682 00000000 		.4byte	0
 15783              	.LVUS111:
 15784 0686 02       		.uleb128 .LVU640
 15785 0687 00       		.uleb128 .LVU646
ARM GAS  /tmp/ccHvmxP5.s 			page 278


 15786 0688 00       		.uleb128 .LVU646
 15787 0689 00       		.uleb128 .LVU656
 15788 068a 00       		.uleb128 .LVU656
 15789 068b 00       		.uleb128 .LVU661
 15790 068c 00       		.uleb128 .LVU661
 15791 068d 00       		.uleb128 .LVU662
 15792 068e 00       		.uleb128 .LVU662
 15793 068f 00       		.uleb128 .LVU662
 15794              	.LLST111:
 15795 0690 1C000000 		.4byte	.LVL181
 15796 0694 2A000000 		.4byte	.LVL182
 15797 0698 0100     		.2byte	0x1
 15798 069a 50       		.byte	0x50
 15799 069b 2A000000 		.4byte	.LVL182
 15800 069f 4A000000 		.4byte	.LVL185
 15801 06a3 0400     		.2byte	0x4
 15802 06a5 F3       		.byte	0xf3
 15803 06a6 01       		.uleb128 0x1
 15804 06a7 50       		.byte	0x50
 15805 06a8 9F       		.byte	0x9f
 15806 06a9 4A000000 		.4byte	.LVL185
 15807 06ad 52000000 		.4byte	.LVL188
 15808 06b1 0100     		.2byte	0x1
 15809 06b3 50       		.byte	0x50
 15810 06b4 52000000 		.4byte	.LVL188
 15811 06b8 55000000 		.4byte	.LVL189-1
 15812 06bc 0100     		.2byte	0x1
 15813 06be 51       		.byte	0x51
 15814 06bf 55000000 		.4byte	.LVL189-1
 15815 06c3 56000000 		.4byte	.LVL189
 15816 06c7 0400     		.2byte	0x4
 15817 06c9 F3       		.byte	0xf3
 15818 06ca 01       		.uleb128 0x1
 15819 06cb 50       		.byte	0x50
 15820 06cc 9F       		.byte	0x9f
 15821 06cd 00000000 		.4byte	0
 15822 06d1 00000000 		.4byte	0
 15823              	.LVUS112:
 15824 06d5 02       		.uleb128 .LVU640
 15825 06d6 00       		.uleb128 .LVU662
 15826              	.LLST112:
 15827 06d7 1C000000 		.4byte	.LVL181
 15828 06db 56000000 		.4byte	.LVL189
 15829 06df 0600     		.2byte	0x6
 15830 06e1 03       		.byte	0x3
 15831 06e2 00000000 		.4byte	_ZL17s_effect_instance
 15832 06e6 9F       		.byte	0x9f
 15833 06e7 00000000 		.4byte	0
 15834 06eb 00000000 		.4byte	0
 15835              	.LVUS113:
 15836 06ef 00       		.uleb128 .LVU646
 15837 06f0 00       		.uleb128 .LVU650
 15838 06f1 00       		.uleb128 .LVU650
 15839 06f2 01       		.uleb128 .LVU655
 15840 06f3 01       		.uleb128 .LVU655
 15841 06f4 00       		.uleb128 .LVU656
 15842              	.LLST113:
ARM GAS  /tmp/ccHvmxP5.s 			page 279


 15843 06f5 2A000000 		.4byte	.LVL182
 15844 06f9 3C000000 		.4byte	.LVL183
 15845 06fd 0100     		.2byte	0x1
 15846 06ff 53       		.byte	0x53
 15847 0700 3C000000 		.4byte	.LVL183
 15848 0704 48000000 		.4byte	.LVL184
 15849 0708 0300     		.2byte	0x3
 15850 070a 73       		.byte	0x73
 15851 070b 7F       		.sleb128 -1
 15852 070c 9F       		.byte	0x9f
 15853 070d 48000000 		.4byte	.LVL184
 15854 0711 4A000000 		.4byte	.LVL185
 15855 0715 0100     		.2byte	0x1
 15856 0717 53       		.byte	0x53
 15857 0718 00000000 		.4byte	0
 15858 071c 00000000 		.4byte	0
 15859              	.LVUS105:
 15860 0720 00       		.uleb128 0
 15861 0721 00       		.uleb128 .LVU632
 15862 0722 00       		.uleb128 .LVU632
 15863 0723 00       		.uleb128 .LVU634
 15864 0724 00       		.uleb128 .LVU634
 15865 0725 00       		.uleb128 0
 15866              	.LLST105:
 15867 0726 00000000 		.4byte	.LVL177
 15868 072a 04000000 		.4byte	.LVL178
 15869 072e 0100     		.2byte	0x1
 15870 0730 50       		.byte	0x50
 15871 0731 04000000 		.4byte	.LVL178
 15872 0735 0B000000 		.4byte	.LVL179-1
 15873 0739 0100     		.2byte	0x1
 15874 073b 51       		.byte	0x51
 15875 073c 0B000000 		.4byte	.LVL179-1
 15876 0740 14000000 		.4byte	.LFE524
 15877 0744 0400     		.2byte	0x4
 15878 0746 F3       		.byte	0xf3
 15879 0747 01       		.uleb128 0x1
 15880 0748 50       		.byte	0x50
 15881 0749 9F       		.byte	0x9f
 15882 074a 00000000 		.4byte	0
 15883 074e 00000000 		.4byte	0
 15884              	.LVUS86:
 15885 0752 00       		.uleb128 0
 15886 0753 00       		.uleb128 .LVU525
 15887 0754 00       		.uleb128 .LVU525
 15888 0755 00       		.uleb128 .LVU527
 15889 0756 00       		.uleb128 .LVU527
 15890 0757 00       		.uleb128 .LVU530
 15891 0758 00       		.uleb128 .LVU530
 15892 0759 00       		.uleb128 .LVU617
 15893 075a 00       		.uleb128 .LVU617
 15894 075b 00       		.uleb128 .LVU619
 15895 075c 00       		.uleb128 .LVU619
 15896 075d 00       		.uleb128 .LVU620
 15897 075e 00       		.uleb128 .LVU620
 15898 075f 00       		.uleb128 .LVU621
 15899 0760 00       		.uleb128 .LVU621
ARM GAS  /tmp/ccHvmxP5.s 			page 280


 15900 0761 00       		.uleb128 .LVU622
 15901 0762 00       		.uleb128 .LVU622
 15902 0763 00       		.uleb128 .LVU623
 15903 0764 00       		.uleb128 .LVU623
 15904 0765 00       		.uleb128 .LVU624
 15905 0766 00       		.uleb128 .LVU624
 15906 0767 00       		.uleb128 .LVU625
 15907 0768 00       		.uleb128 .LVU625
 15908 0769 00       		.uleb128 .LVU626
 15909 076a 00       		.uleb128 .LVU626
 15910 076b 00       		.uleb128 .LVU627
 15911 076c 00       		.uleb128 .LVU627
 15912 076d 00       		.uleb128 0
 15913              	.LLST86:
 15914 076e 00000000 		.4byte	.LVL144
 15915 0772 4C000000 		.4byte	.LVL146
 15916 0776 0100     		.2byte	0x1
 15917 0778 50       		.byte	0x50
 15918 0779 4C000000 		.4byte	.LVL146
 15919 077d 58000000 		.4byte	.LVL148
 15920 0781 0100     		.2byte	0x1
 15921 0783 54       		.byte	0x54
 15922 0784 58000000 		.4byte	.LVL148
 15923 0788 5A000000 		.4byte	.LVL149
 15924 078c 0100     		.2byte	0x1
 15925 078e 50       		.byte	0x50
 15926 078f 5A000000 		.4byte	.LVL149
 15927 0793 FC000000 		.4byte	.LVL167
 15928 0797 0100     		.2byte	0x1
 15929 0799 54       		.byte	0x54
 15930 079a FC000000 		.4byte	.LVL167
 15931 079e 00010000 		.4byte	.LVL168
 15932 07a2 0100     		.2byte	0x1
 15933 07a4 50       		.byte	0x50
 15934 07a5 00010000 		.4byte	.LVL168
 15935 07a9 02010000 		.4byte	.LVL169
 15936 07ad 0100     		.2byte	0x1
 15937 07af 54       		.byte	0x54
 15938 07b0 02010000 		.4byte	.LVL169
 15939 07b4 06010000 		.4byte	.LVL170
 15940 07b8 0100     		.2byte	0x1
 15941 07ba 50       		.byte	0x50
 15942 07bb 06010000 		.4byte	.LVL170
 15943 07bf 08010000 		.4byte	.LVL171
 15944 07c3 0100     		.2byte	0x1
 15945 07c5 54       		.byte	0x54
 15946 07c6 08010000 		.4byte	.LVL171
 15947 07ca 0C010000 		.4byte	.LVL172
 15948 07ce 0100     		.2byte	0x1
 15949 07d0 50       		.byte	0x50
 15950 07d1 0C010000 		.4byte	.LVL172
 15951 07d5 0E010000 		.4byte	.LVL173
 15952 07d9 0100     		.2byte	0x1
 15953 07db 54       		.byte	0x54
 15954 07dc 0E010000 		.4byte	.LVL173
 15955 07e0 12010000 		.4byte	.LVL174
 15956 07e4 0100     		.2byte	0x1
ARM GAS  /tmp/ccHvmxP5.s 			page 281


 15957 07e6 50       		.byte	0x50
 15958 07e7 12010000 		.4byte	.LVL174
 15959 07eb 14010000 		.4byte	.LVL175
 15960 07ef 0100     		.2byte	0x1
 15961 07f1 54       		.byte	0x54
 15962 07f2 14010000 		.4byte	.LVL175
 15963 07f6 18010000 		.4byte	.LVL176
 15964 07fa 0100     		.2byte	0x1
 15965 07fc 50       		.byte	0x50
 15966 07fd 18010000 		.4byte	.LVL176
 15967 0801 34010000 		.4byte	.LFE511
 15968 0805 0100     		.2byte	0x1
 15969 0807 54       		.byte	0x54
 15970 0808 00000000 		.4byte	0
 15971 080c 00000000 		.4byte	0
 15972              	.LVUS87:
 15973 0810 00       		.uleb128 0
 15974 0811 00       		.uleb128 .LVU511
 15975 0812 00       		.uleb128 .LVU511
 15976 0813 00       		.uleb128 .LVU526
 15977 0814 00       		.uleb128 .LVU526
 15978 0815 00       		.uleb128 .LVU527
 15979 0816 00       		.uleb128 .LVU527
 15980 0817 00       		.uleb128 .LVU539
 15981 0818 00       		.uleb128 .LVU539
 15982 0819 00       		.uleb128 .LVU617
 15983 081a 00       		.uleb128 .LVU617
 15984 081b 00       		.uleb128 .LVU620
 15985 081c 00       		.uleb128 .LVU620
 15986 081d 00       		.uleb128 0
 15987              	.LLST87:
 15988 081e 00000000 		.4byte	.LVL144
 15989 0822 18000000 		.4byte	.LVL145
 15990 0826 0100     		.2byte	0x1
 15991 0828 51       		.byte	0x51
 15992 0829 18000000 		.4byte	.LVL145
 15993 082d 50000000 		.4byte	.LVL147
 15994 0831 0100     		.2byte	0x1
 15995 0833 55       		.byte	0x55
 15996 0834 50000000 		.4byte	.LVL147
 15997 0838 58000000 		.4byte	.LVL148
 15998 083c 0400     		.2byte	0x4
 15999 083e F3       		.byte	0xf3
 16000 083f 01       		.uleb128 0x1
 16001 0840 51       		.byte	0x51
 16002 0841 9F       		.byte	0x9f
 16003 0842 58000000 		.4byte	.LVL148
 16004 0846 70000000 		.4byte	.LVL153
 16005 084a 0100     		.2byte	0x1
 16006 084c 55       		.byte	0x55
 16007 084d 70000000 		.4byte	.LVL153
 16008 0851 FC000000 		.4byte	.LVL167
 16009 0855 0400     		.2byte	0x4
 16010 0857 F3       		.byte	0xf3
 16011 0858 01       		.uleb128 0x1
 16012 0859 51       		.byte	0x51
 16013 085a 9F       		.byte	0x9f
ARM GAS  /tmp/ccHvmxP5.s 			page 282


 16014 085b FC000000 		.4byte	.LVL167
 16015 085f 02010000 		.4byte	.LVL169
 16016 0863 0100     		.2byte	0x1
 16017 0865 51       		.byte	0x51
 16018 0866 02010000 		.4byte	.LVL169
 16019 086a 34010000 		.4byte	.LFE511
 16020 086e 0100     		.2byte	0x1
 16021 0870 55       		.byte	0x55
 16022 0871 00000000 		.4byte	0
 16023 0875 00000000 		.4byte	0
 16024              	.LVUS88:
 16025 0879 01       		.uleb128 .LVU528
 16026 087a 00       		.uleb128 .LVU617
 16027              	.LLST88:
 16028 087b 58000000 		.4byte	.LVL148
 16029 087f FC000000 		.4byte	.LVL167
 16030 0883 0600     		.2byte	0x6
 16031 0885 0C       		.byte	0xc
 16032 0886 00B80B00 		.4byte	0xbb800
 16033 088a 9F       		.byte	0x9f
 16034 088b 00000000 		.4byte	0
 16035 088f 00000000 		.4byte	0
 16036              	.LVUS89:
 16037 0893 00       		.uleb128 .LVU531
 16038 0894 00       		.uleb128 .LVU535
 16039 0895 00       		.uleb128 .LVU535
 16040 0896 00       		.uleb128 .LVU617
 16041              	.LLST89:
 16042 0897 5C000000 		.4byte	.LVL150
 16043 089b 66000000 		.4byte	.LVL151
 16044 089f 0100     		.2byte	0x1
 16045 08a1 50       		.byte	0x50
 16046 08a2 66000000 		.4byte	.LVL151
 16047 08a6 FC000000 		.4byte	.LVL167
 16048 08aa 0100     		.2byte	0x1
 16049 08ac 57       		.byte	0x57
 16050 08ad 00000000 		.4byte	0
 16051 08b1 00000000 		.4byte	0
 16052              	.LVUS90:
 16053 08b5 00       		.uleb128 .LVU536
 16054 08b6 00       		.uleb128 .LVU541
 16055 08b7 00       		.uleb128 .LVU541
 16056 08b8 00       		.uleb128 .LVU577
 16057              	.LLST90:
 16058 08b9 68000000 		.4byte	.LVL152
 16059 08bd 73000000 		.4byte	.LVL154-1
 16060 08c1 0100     		.2byte	0x1
 16061 08c3 50       		.byte	0x50
 16062 08c4 73000000 		.4byte	.LVL154-1
 16063 08c8 BE000000 		.4byte	.LVL161
 16064 08cc 0100     		.2byte	0x1
 16065 08ce 56       		.byte	0x56
 16066 08cf 00000000 		.4byte	0
 16067 08d3 00000000 		.4byte	0
 16068              	.LVUS91:
 16069 08d7 01       		.uleb128 .LVU545
 16070 08d8 00       		.uleb128 .LVU577
ARM GAS  /tmp/ccHvmxP5.s 			page 283


 16071              	.LLST91:
 16072 08d9 7C000000 		.4byte	.LVL155
 16073 08dd BE000000 		.4byte	.LVL161
 16074 08e1 0100     		.2byte	0x1
 16075 08e3 56       		.byte	0x56
 16076 08e4 00000000 		.4byte	0
 16077 08e8 00000000 		.4byte	0
 16078              	.LVUS92:
 16079 08ec 01       		.uleb128 .LVU545
 16080 08ed 00       		.uleb128 .LVU596
 16081              	.LLST92:
 16082 08ee 7C000000 		.4byte	.LVL155
 16083 08f2 E6000000 		.4byte	.LVL164
 16084 08f6 0100     		.2byte	0x1
 16085 08f8 57       		.byte	0x57
 16086 08f9 00000000 		.4byte	0
 16087 08fd 00000000 		.4byte	0
 16088              	.LVUS93:
 16089 0901 01       		.uleb128 .LVU545
 16090 0902 00       		.uleb128 .LVU596
 16091              	.LLST93:
 16092 0903 7C000000 		.4byte	.LVL155
 16093 0907 E6000000 		.4byte	.LVL164
 16094 090b 0600     		.2byte	0x6
 16095 090d 9E       		.byte	0x9e
 16096 090e 04       		.uleb128 0x4
 16097 090f 00803B47 		.4byte	0x473b8000
 16098 0913 00000000 		.4byte	0
 16099 0917 00000000 		.4byte	0
 16100              	.LVUS94:
 16101 091b 01       		.uleb128 .LVU545
 16102 091c 00       		.uleb128 .LVU596
 16103              	.LLST94:
 16104 091d 7C000000 		.4byte	.LVL155
 16105 0921 E6000000 		.4byte	.LVL164
 16106 0925 0100     		.2byte	0x1
 16107 0927 54       		.byte	0x54
 16108 0928 00000000 		.4byte	0
 16109 092c 00000000 		.4byte	0
 16110              	.LVUS95:
 16111 0930 01       		.uleb128 .LVU551
 16112 0931 00       		.uleb128 .LVU559
 16113              	.LLST95:
 16114 0932 86000000 		.4byte	.LVL156
 16115 0936 94000000 		.4byte	.LVL157
 16116 093a 0600     		.2byte	0x6
 16117 093c 0C       		.byte	0xc
 16118 093d 00EE0200 		.4byte	0x2ee00
 16119 0941 9F       		.byte	0x9f
 16120 0942 00000000 		.4byte	0
 16121 0946 00000000 		.4byte	0
 16122              	.LVUS96:
 16123 094a 01       		.uleb128 .LVU551
 16124 094b 00       		.uleb128 .LVU559
 16125              	.LLST96:
 16126 094c 86000000 		.4byte	.LVL156
 16127 0950 94000000 		.4byte	.LVL157
ARM GAS  /tmp/ccHvmxP5.s 			page 284


 16128 0954 0100     		.2byte	0x1
 16129 0956 57       		.byte	0x57
 16130 0957 00000000 		.4byte	0
 16131 095b 00000000 		.4byte	0
 16132              	.LVUS97:
 16133 095f 01       		.uleb128 .LVU551
 16134 0960 00       		.uleb128 .LVU559
 16135              	.LLST97:
 16136 0961 86000000 		.4byte	.LVL156
 16137 0965 94000000 		.4byte	.LVL157
 16138 0969 0400     		.2byte	0x4
 16139 096b 74       		.byte	0x74
 16140 096c F000     		.sleb128 112
 16141 096e 9F       		.byte	0x9f
 16142 096f 00000000 		.4byte	0
 16143 0973 00000000 		.4byte	0
 16144              	.LVUS98:
 16145 0977 01       		.uleb128 .LVU580
 16146 0978 00       		.uleb128 .LVU596
 16147              	.LLST98:
 16148 0979 C2000000 		.4byte	.LVL162
 16149 097d E6000000 		.4byte	.LVL164
 16150 0981 0600     		.2byte	0x6
 16151 0983 9E       		.byte	0x9e
 16152 0984 04       		.uleb128 0x4
 16153 0985 0000003F 		.4byte	0x3f000000
 16154 0989 00000000 		.4byte	0
 16155 098d 00000000 		.4byte	0
 16156              	.LVUS99:
 16157 0991 01       		.uleb128 .LVU580
 16158 0992 00       		.uleb128 .LVU596
 16159              	.LLST99:
 16160 0993 C2000000 		.4byte	.LVL162
 16161 0997 E6000000 		.4byte	.LVL164
 16162 099b 0100     		.2byte	0x1
 16163 099d 54       		.byte	0x54
 16164 099e 00000000 		.4byte	0
 16165 09a2 00000000 		.4byte	0
 16166              	.LVUS100:
 16167 09a6 02       		.uleb128 .LVU561
 16168 09a7 00       		.uleb128 .LVU569
 16169              	.LLST100:
 16170 09a8 94000000 		.4byte	.LVL157
 16171 09ac A6000000 		.4byte	.LVL158
 16172 09b0 0600     		.2byte	0x6
 16173 09b2 0C       		.byte	0xc
 16174 09b3 00EE0200 		.4byte	0x2ee00
 16175 09b7 9F       		.byte	0x9f
 16176 09b8 00000000 		.4byte	0
 16177 09bc 00000000 		.4byte	0
 16178              	.LVUS101:
 16179 09c0 02       		.uleb128 .LVU561
 16180 09c1 00       		.uleb128 .LVU569
 16181              	.LLST101:
 16182 09c2 94000000 		.4byte	.LVL157
 16183 09c6 A6000000 		.4byte	.LVL158
 16184 09ca 0100     		.2byte	0x1
ARM GAS  /tmp/ccHvmxP5.s 			page 285


 16185 09cc 56       		.byte	0x56
 16186 09cd 00000000 		.4byte	0
 16187 09d1 00000000 		.4byte	0
 16188              	.LVUS102:
 16189 09d5 02       		.uleb128 .LVU561
 16190 09d6 00       		.uleb128 .LVU569
 16191              	.LLST102:
 16192 09d7 94000000 		.4byte	.LVL157
 16193 09db A6000000 		.4byte	.LVL158
 16194 09df 0400     		.2byte	0x4
 16195 09e1 74       		.byte	0x74
 16196 09e2 FC00     		.sleb128 124
 16197 09e4 9F       		.byte	0x9f
 16198 09e5 00000000 		.4byte	0
 16199 09e9 00000000 		.4byte	0
 16200              	.LVUS103:
 16201 09ed 04       		.uleb128 .LVU606
 16202 09ee 00       		.uleb128 .LVU617
 16203              	.LLST103:
 16204 09ef EA000000 		.4byte	.LVL165
 16205 09f3 FC000000 		.4byte	.LVL167
 16206 09f7 0600     		.2byte	0x6
 16207 09f9 9E       		.byte	0x9e
 16208 09fa 04       		.uleb128 0x4
 16209 09fb 0000003F 		.4byte	0x3f000000
 16210 09ff 00000000 		.4byte	0
 16211 0a03 00000000 		.4byte	0
 16212              	.LVUS104:
 16213 0a07 04       		.uleb128 .LVU606
 16214 0a08 00       		.uleb128 .LVU617
 16215              	.LLST104:
 16216 0a09 EA000000 		.4byte	.LVL165
 16217 0a0d FC000000 		.4byte	.LVL167
 16218 0a11 0100     		.2byte	0x1
 16219 0a13 54       		.byte	0x54
 16220 0a14 00000000 		.4byte	0
 16221 0a18 00000000 		.4byte	0
 16222              	.LVUS38:
 16223 0a1c 00       		.uleb128 0
 16224 0a1d 00       		.uleb128 .LVU250
 16225 0a1e 00       		.uleb128 .LVU250
 16226 0a1f 00       		.uleb128 .LVU501
 16227 0a20 00       		.uleb128 .LVU501
 16228 0a21 00       		.uleb128 0
 16229              	.LLST38:
 16230 0a22 00000000 		.4byte	.LVL62
 16231 0a26 20000000 		.4byte	.LVL63
 16232 0a2a 0100     		.2byte	0x1
 16233 0a2c 50       		.byte	0x50
 16234 0a2d 20000000 		.4byte	.LVL63
 16235 0a31 AA030000 		.4byte	.LVL143
 16236 0a35 0100     		.2byte	0x1
 16237 0a37 54       		.byte	0x54
 16238 0a38 AA030000 		.4byte	.LVL143
 16239 0a3c EC030000 		.4byte	.LFE504
 16240 0a40 0400     		.2byte	0x4
 16241 0a42 F3       		.byte	0xf3
ARM GAS  /tmp/ccHvmxP5.s 			page 286


 16242 0a43 01       		.uleb128 0x1
 16243 0a44 50       		.byte	0x50
 16244 0a45 9F       		.byte	0x9f
 16245 0a46 00000000 		.4byte	0
 16246 0a4a 00000000 		.4byte	0
 16247              	.LVUS39:
 16248 0a4e 00       		.uleb128 0
 16249 0a4f 00       		.uleb128 .LVU250
 16250 0a50 00       		.uleb128 .LVU250
 16251 0a51 00       		.uleb128 0
 16252              	.LLST39:
 16253 0a52 00000000 		.4byte	.LVL62
 16254 0a56 20000000 		.4byte	.LVL63
 16255 0a5a 0100     		.2byte	0x1
 16256 0a5c 51       		.byte	0x51
 16257 0a5d 20000000 		.4byte	.LVL63
 16258 0a61 EC030000 		.4byte	.LFE504
 16259 0a65 0400     		.2byte	0x4
 16260 0a67 F3       		.byte	0xf3
 16261 0a68 01       		.uleb128 0x1
 16262 0a69 51       		.byte	0x51
 16263 0a6a 9F       		.byte	0x9f
 16264 0a6b 00000000 		.4byte	0
 16265 0a6f 00000000 		.4byte	0
 16266              	.LVUS40:
 16267 0a73 00       		.uleb128 0
 16268 0a74 00       		.uleb128 .LVU250
 16269 0a75 00       		.uleb128 .LVU250
 16270 0a76 00       		.uleb128 0
 16271              	.LLST40:
 16272 0a77 00000000 		.4byte	.LVL62
 16273 0a7b 20000000 		.4byte	.LVL63
 16274 0a7f 0100     		.2byte	0x1
 16275 0a81 52       		.byte	0x52
 16276 0a82 20000000 		.4byte	.LVL63
 16277 0a86 EC030000 		.4byte	.LFE504
 16278 0a8a 0400     		.2byte	0x4
 16279 0a8c F3       		.byte	0xf3
 16280 0a8d 01       		.uleb128 0x1
 16281 0a8e 52       		.byte	0x52
 16282 0a8f 9F       		.byte	0x9f
 16283 0a90 00000000 		.4byte	0
 16284 0a94 00000000 		.4byte	0
 16285              	.LVUS41:
 16286 0a98 00       		.uleb128 0
 16287 0a99 00       		.uleb128 .LVU250
 16288 0a9a 00       		.uleb128 .LVU250
 16289 0a9b 00       		.uleb128 .LVU501
 16290 0a9c 00       		.uleb128 .LVU501
 16291 0a9d 00       		.uleb128 0
 16292              	.LLST41:
 16293 0a9e 00000000 		.4byte	.LVL62
 16294 0aa2 20000000 		.4byte	.LVL63
 16295 0aa6 0100     		.2byte	0x1
 16296 0aa8 53       		.byte	0x53
 16297 0aa9 20000000 		.4byte	.LVL63
 16298 0aad AA030000 		.4byte	.LVL143
ARM GAS  /tmp/ccHvmxP5.s 			page 287


 16299 0ab1 0300     		.2byte	0x3
 16300 0ab3 91       		.byte	0x91
 16301 0ab4 9C7F     		.sleb128 -100
 16302 0ab6 AA030000 		.4byte	.LVL143
 16303 0aba EC030000 		.4byte	.LFE504
 16304 0abe 0300     		.2byte	0x3
 16305 0ac0 7D       		.byte	0x7d
 16306 0ac1 9C7F     		.sleb128 -100
 16307 0ac3 00000000 		.4byte	0
 16308 0ac7 00000000 		.4byte	0
 16309              	.LVUS42:
 16310 0acb 02       		.uleb128 .LVU244
 16311 0acc 00       		.uleb128 .LVU250
 16312 0acd 00       		.uleb128 .LVU250
 16313 0ace 00       		.uleb128 .LVU426
 16314 0acf 00       		.uleb128 .LVU426
 16315 0ad0 01       		.uleb128 .LVU436
 16316 0ad1 01       		.uleb128 .LVU436
 16317 0ad2 00       		.uleb128 .LVU501
 16318              	.LLST42:
 16319 0ad3 00000000 		.4byte	.LVL62
 16320 0ad7 20000000 		.4byte	.LVL63
 16321 0adb 0200     		.2byte	0x2
 16322 0add 30       		.byte	0x30
 16323 0ade 9F       		.byte	0x9f
 16324 0adf 20000000 		.4byte	.LVL63
 16325 0ae3 96020000 		.4byte	.LVL110
 16326 0ae7 0100     		.2byte	0x1
 16327 0ae9 58       		.byte	0x58
 16328 0aea 96020000 		.4byte	.LVL110
 16329 0aee B6020000 		.4byte	.LVL115
 16330 0af2 0300     		.2byte	0x3
 16331 0af4 78       		.byte	0x78
 16332 0af5 7F       		.sleb128 -1
 16333 0af6 9F       		.byte	0x9f
 16334 0af7 B6020000 		.4byte	.LVL115
 16335 0afb AA030000 		.4byte	.LVL143
 16336 0aff 0100     		.2byte	0x1
 16337 0b01 58       		.byte	0x58
 16338 0b02 00000000 		.4byte	0
 16339 0b06 00000000 		.4byte	0
 16340              	.LVUS43:
 16341 0b0a 00       		.uleb128 .LVU256
 16342 0b0b 00       		.uleb128 .LVU306
 16343 0b0c 00       		.uleb128 .LVU312
 16344 0b0d 00       		.uleb128 .LVU318
 16345 0b0e 00       		.uleb128 .LVU440
 16346 0b0f 00       		.uleb128 .LVU449
 16347 0b10 00       		.uleb128 .LVU473
 16348 0b11 00       		.uleb128 .LVU480
 16349              	.LLST43:
 16350 0b12 38000000 		.4byte	.LVL64
 16351 0b16 D6000000 		.4byte	.LVL73
 16352 0b1a 0200     		.2byte	0x2
 16353 0b1c 90       		.byte	0x90
 16354 0b1d 4F       		.uleb128 0x4f
 16355 0b1e F4000000 		.4byte	.LVL76
ARM GAS  /tmp/ccHvmxP5.s 			page 288


 16356 0b22 00010000 		.4byte	.LVL77
 16357 0b26 0200     		.2byte	0x2
 16358 0b28 90       		.byte	0x90
 16359 0b29 4F       		.uleb128 0x4f
 16360 0b2a C4020000 		.4byte	.LVL119
 16361 0b2e D2020000 		.4byte	.LVL120
 16362 0b32 0200     		.2byte	0x2
 16363 0b34 90       		.byte	0x90
 16364 0b35 4F       		.uleb128 0x4f
 16365 0b36 54030000 		.4byte	.LVL130
 16366 0b3a 60030000 		.4byte	.LVL133
 16367 0b3e 0200     		.2byte	0x2
 16368 0b40 90       		.byte	0x90
 16369 0b41 4F       		.uleb128 0x4f
 16370 0b42 00000000 		.4byte	0
 16371 0b46 00000000 		.4byte	0
 16372              	.LVUS44:
 16373 0b4a 00       		.uleb128 .LVU262
 16374 0b4b 00       		.uleb128 .LVU308
 16375 0b4c 00       		.uleb128 .LVU312
 16376 0b4d 00       		.uleb128 .LVU319
 16377 0b4e 00       		.uleb128 .LVU440
 16378 0b4f 00       		.uleb128 .LVU461
 16379 0b50 00       		.uleb128 .LVU470
 16380 0b51 00       		.uleb128 .LVU471
 16381 0b52 00       		.uleb128 .LVU473
 16382 0b53 00       		.uleb128 .LVU478
 16383              	.LLST44:
 16384 0b54 48000000 		.4byte	.LVL65
 16385 0b58 DE000000 		.4byte	.LVL75
 16386 0b5c 0200     		.2byte	0x2
 16387 0b5e 90       		.byte	0x90
 16388 0b5f 4D       		.uleb128 0x4d
 16389 0b60 F4000000 		.4byte	.LVL76
 16390 0b64 04010000 		.4byte	.LVL78
 16391 0b68 0200     		.2byte	0x2
 16392 0b6a 90       		.byte	0x90
 16393 0b6b 4D       		.uleb128 0x4d
 16394 0b6c C4020000 		.4byte	.LVL119
 16395 0b70 15030000 		.4byte	.LVL124-1
 16396 0b74 0200     		.2byte	0x2
 16397 0b76 90       		.byte	0x90
 16398 0b77 4D       		.uleb128 0x4d
 16399 0b78 48030000 		.4byte	.LVL127
 16400 0b7c 4E030000 		.4byte	.LVL128
 16401 0b80 0200     		.2byte	0x2
 16402 0b82 90       		.byte	0x90
 16403 0b83 4D       		.uleb128 0x4d
 16404 0b84 54030000 		.4byte	.LVL130
 16405 0b88 58030000 		.4byte	.LVL131
 16406 0b8c 0200     		.2byte	0x2
 16407 0b8e 90       		.byte	0x90
 16408 0b8f 4D       		.uleb128 0x4d
 16409 0b90 00000000 		.4byte	0
 16410 0b94 00000000 		.4byte	0
 16411              	.LVUS45:
 16412 0b98 00       		.uleb128 .LVU301
ARM GAS  /tmp/ccHvmxP5.s 			page 289


 16413 0b99 00       		.uleb128 .LVU307
 16414 0b9a 00       		.uleb128 .LVU312
 16415 0b9b 00       		.uleb128 .LVU320
 16416 0b9c 00       		.uleb128 .LVU440
 16417 0b9d 00       		.uleb128 .LVU452
 16418 0b9e 00       		.uleb128 .LVU473
 16419 0b9f 00       		.uleb128 .LVU479
 16420              	.LLST45:
 16421 0ba0 C0000000 		.4byte	.LVL72
 16422 0ba4 DA000000 		.4byte	.LVL74
 16423 0ba8 0200     		.2byte	0x2
 16424 0baa 90       		.byte	0x90
 16425 0bab 4E       		.uleb128 0x4e
 16426 0bac F4000000 		.4byte	.LVL76
 16427 0bb0 0C010000 		.4byte	.LVL79
 16428 0bb4 0200     		.2byte	0x2
 16429 0bb6 90       		.byte	0x90
 16430 0bb7 4E       		.uleb128 0x4e
 16431 0bb8 C4020000 		.4byte	.LVL119
 16432 0bbc DE020000 		.4byte	.LVL121
 16433 0bc0 0200     		.2byte	0x2
 16434 0bc2 90       		.byte	0x90
 16435 0bc3 4E       		.uleb128 0x4e
 16436 0bc4 54030000 		.4byte	.LVL130
 16437 0bc8 5C030000 		.4byte	.LVL132
 16438 0bcc 0200     		.2byte	0x2
 16439 0bce 90       		.byte	0x90
 16440 0bcf 4E       		.uleb128 0x4e
 16441 0bd0 00000000 		.4byte	0
 16442 0bd4 00000000 		.4byte	0
 16443              	.LVUS46:
 16444 0bd8 01       		.uleb128 .LVU348
 16445 0bd9 00       		.uleb128 .LVU437
 16446 0bda 00       		.uleb128 .LVU494
 16447 0bdb 00       		.uleb128 .LVU499
 16448              	.LLST46:
 16449 0bdc 9A010000 		.4byte	.LVL85
 16450 0be0 B8020000 		.4byte	.LVL116
 16451 0be4 0600     		.2byte	0x6
 16452 0be6 9E       		.byte	0x9e
 16453 0be7 04       		.uleb128 0x4
 16454 0be8 0000003F 		.4byte	0x3f000000
 16455 0bec 94030000 		.4byte	.LVL138
 16456 0bf0 A0030000 		.4byte	.LVL142
 16457 0bf4 0600     		.2byte	0x6
 16458 0bf6 9E       		.byte	0x9e
 16459 0bf7 04       		.uleb128 0x4
 16460 0bf8 0000003F 		.4byte	0x3f000000
 16461 0bfc 00000000 		.4byte	0
 16462 0c00 00000000 		.4byte	0
 16463              	.LVUS47:
 16464 0c04 02       		.uleb128 .LVU349
 16465 0c05 00       		.uleb128 .LVU354
 16466 0c06 00       		.uleb128 .LVU494
 16467 0c07 00       		.uleb128 .LVU496
 16468 0c08 00       		.uleb128 .LVU496
 16469 0c09 00       		.uleb128 .LVU497
ARM GAS  /tmp/ccHvmxP5.s 			page 290


 16470              	.LLST47:
 16471 0c0a 9A010000 		.4byte	.LVL85
 16472 0c0e B8010000 		.4byte	.LVL87
 16473 0c12 0200     		.2byte	0x2
 16474 0c14 90       		.byte	0x90
 16475 0c15 4F       		.uleb128 0x4f
 16476 0c16 94030000 		.4byte	.LVL138
 16477 0c1a 98030000 		.4byte	.LVL139
 16478 0c1e 0200     		.2byte	0x2
 16479 0c20 90       		.byte	0x90
 16480 0c21 4F       		.uleb128 0x4f
 16481 0c22 98030000 		.4byte	.LVL139
 16482 0c26 9A030000 		.4byte	.LVL140
 16483 0c2a 0A00     		.2byte	0xa
 16484 0c2c 74       		.byte	0x74
 16485 0c2d 14       		.sleb128 20
 16486 0c2e F6       		.byte	0xf6
 16487 0c2f 04       		.byte	0x4
 16488 0c30 25       		.uleb128 0x25
 16489 0c31 F5       		.byte	0xf5
 16490 0c32 4E       		.uleb128 0x4e
 16491 0c33 25       		.uleb128 0x25
 16492 0c34 1C       		.byte	0x1c
 16493 0c35 9F       		.byte	0x9f
 16494 0c36 00000000 		.4byte	0
 16495 0c3a 00000000 		.4byte	0
 16496              	.LVUS48:
 16497 0c3e 01       		.uleb128 .LVU369
 16498 0c3f 00       		.uleb128 .LVU375
 16499 0c40 00       		.uleb128 .LVU375
 16500 0c41 01       		.uleb128 .LVU419
 16501 0c42 01       		.uleb128 .LVU419
 16502 0c43 00       		.uleb128 .LVU424
 16503 0c44 00       		.uleb128 .LVU424
 16504 0c45 00       		.uleb128 .LVU427
 16505 0c46 00       		.uleb128 .LVU427
 16506 0c47 00       		.uleb128 .LVU428
 16507 0c48 00       		.uleb128 .LVU428
 16508 0c49 00       		.uleb128 .LVU430
 16509 0c4a 00       		.uleb128 .LVU430
 16510 0c4b 00       		.uleb128 .LVU437
 16511 0c4c 00       		.uleb128 .LVU497
 16512 0c4d 00       		.uleb128 .LVU499
 16513              	.LLST48:
 16514 0c4e F6010000 		.4byte	.LVL91
 16515 0c52 04020000 		.4byte	.LVL92
 16516 0c56 0600     		.2byte	0x6
 16517 0c58 9E       		.byte	0x9e
 16518 0c59 04       		.uleb128 0x4
 16519 0c5a 00000000 		.4byte	0
 16520 0c5e 04020000 		.4byte	.LVL92
 16521 0c62 88020000 		.4byte	.LVL107
 16522 0c66 0200     		.2byte	0x2
 16523 0c68 90       		.byte	0x90
 16524 0c69 56       		.uleb128 0x56
 16525 0c6a 88020000 		.4byte	.LVL107
 16526 0c6e 92020000 		.4byte	.LVL109
ARM GAS  /tmp/ccHvmxP5.s 			page 291


 16527 0c72 0800     		.2byte	0x8
 16528 0c74 F5       		.byte	0xf5
 16529 0c75 56       		.uleb128 0x56
 16530 0c76 25       		.uleb128 0x25
 16531 0c77 F5       		.byte	0xf5
 16532 0c78 52       		.uleb128 0x52
 16533 0c79 25       		.uleb128 0x25
 16534 0c7a 1E       		.byte	0x1e
 16535 0c7b 9F       		.byte	0x9f
 16536 0c7c 92020000 		.4byte	.LVL109
 16537 0c80 99020000 		.4byte	.LVL111-1
 16538 0c84 0200     		.2byte	0x2
 16539 0c86 90       		.byte	0x90
 16540 0c87 40       		.uleb128 0x40
 16541 0c88 99020000 		.4byte	.LVL111-1
 16542 0c8c 9E020000 		.4byte	.LVL112
 16543 0c90 0800     		.2byte	0x8
 16544 0c92 F5       		.byte	0xf5
 16545 0c93 56       		.uleb128 0x56
 16546 0c94 25       		.uleb128 0x25
 16547 0c95 F5       		.byte	0xf5
 16548 0c96 52       		.uleb128 0x52
 16549 0c97 25       		.uleb128 0x25
 16550 0c98 1E       		.byte	0x1e
 16551 0c99 9F       		.byte	0x9f
 16552 0c9a 9E020000 		.4byte	.LVL112
 16553 0c9e A6020000 		.4byte	.LVL113
 16554 0ca2 0200     		.2byte	0x2
 16555 0ca4 90       		.byte	0x90
 16556 0ca5 40       		.uleb128 0x40
 16557 0ca6 A6020000 		.4byte	.LVL113
 16558 0caa B8020000 		.4byte	.LVL116
 16559 0cae 0200     		.2byte	0x2
 16560 0cb0 90       		.byte	0x90
 16561 0cb1 50       		.uleb128 0x50
 16562 0cb2 9A030000 		.4byte	.LVL140
 16563 0cb6 A0030000 		.4byte	.LVL142
 16564 0cba 0200     		.2byte	0x2
 16565 0cbc 90       		.byte	0x90
 16566 0cbd 56       		.uleb128 0x56
 16567 0cbe 00000000 		.4byte	0
 16568 0cc2 00000000 		.4byte	0
 16569              	.LVUS49:
 16570 0cc6 01       		.uleb128 .LVU369
 16571 0cc7 00       		.uleb128 .LVU375
 16572 0cc8 00       		.uleb128 .LVU375
 16573 0cc9 00       		.uleb128 .LVU431
 16574 0cca 00       		.uleb128 .LVU431
 16575 0ccb 00       		.uleb128 .LVU437
 16576 0ccc 00       		.uleb128 .LVU497
 16577 0ccd 00       		.uleb128 .LVU499
 16578              	.LLST49:
 16579 0cce F6010000 		.4byte	.LVL91
 16580 0cd2 04020000 		.4byte	.LVL92
 16581 0cd6 0600     		.2byte	0x6
 16582 0cd8 9E       		.byte	0x9e
 16583 0cd9 04       		.uleb128 0x4
ARM GAS  /tmp/ccHvmxP5.s 			page 292


 16584 0cda 00000000 		.4byte	0
 16585 0cde 04020000 		.4byte	.LVL92
 16586 0ce2 AA020000 		.4byte	.LVL114
 16587 0ce6 0200     		.2byte	0x2
 16588 0ce8 90       		.byte	0x90
 16589 0ce9 55       		.uleb128 0x55
 16590 0cea AA020000 		.4byte	.LVL114
 16591 0cee B8020000 		.4byte	.LVL116
 16592 0cf2 0200     		.2byte	0x2
 16593 0cf4 90       		.byte	0x90
 16594 0cf5 40       		.uleb128 0x40
 16595 0cf6 9A030000 		.4byte	.LVL140
 16596 0cfa A0030000 		.4byte	.LVL142
 16597 0cfe 0200     		.2byte	0x2
 16598 0d00 90       		.byte	0x90
 16599 0d01 55       		.uleb128 0x55
 16600 0d02 00000000 		.4byte	0
 16601 0d06 00000000 		.4byte	0
 16602              	.LVUS61:
 16603 0d0a 00       		.uleb128 .LVU322
 16604 0d0b 00       		.uleb128 .LVU336
 16605 0d0c 00       		.uleb128 .LVU437
 16606 0d0d 00       		.uleb128 .LVU439
 16607              	.LLST61:
 16608 0d0e 24010000 		.4byte	.LVL80
 16609 0d12 72010000 		.4byte	.LVL83
 16610 0d16 0200     		.2byte	0x2
 16611 0d18 90       		.byte	0x90
 16612 0d19 50       		.uleb128 0x50
 16613 0d1a B8020000 		.4byte	.LVL116
 16614 0d1e C2020000 		.4byte	.LVL118
 16615 0d22 0200     		.2byte	0x2
 16616 0d24 90       		.byte	0x90
 16617 0d25 50       		.uleb128 0x50
 16618 0d26 00000000 		.4byte	0
 16619 0d2a 00000000 		.4byte	0
 16620              	.LVUS62:
 16621 0d2e 01       		.uleb128 .LVU323
 16622 0d2f 00       		.uleb128 .LVU327
 16623 0d30 00       		.uleb128 .LVU437
 16624 0d31 00       		.uleb128 .LVU438
 16625              	.LLST62:
 16626 0d32 24010000 		.4byte	.LVL80
 16627 0d36 42010000 		.4byte	.LVL81
 16628 0d3a 0600     		.2byte	0x6
 16629 0d3c 9E       		.byte	0x9e
 16630 0d3d 04       		.uleb128 0x4
 16631 0d3e 0080BB45 		.4byte	0x45bb8000
 16632 0d42 B8020000 		.4byte	.LVL116
 16633 0d46 BE020000 		.4byte	.LVL117
 16634 0d4a 0600     		.2byte	0x6
 16635 0d4c 9E       		.byte	0x9e
 16636 0d4d 04       		.uleb128 0x4
 16637 0d4e 0080BB45 		.4byte	0x45bb8000
 16638 0d52 00000000 		.4byte	0
 16639 0d56 00000000 		.4byte	0
 16640              	.LVUS63:
ARM GAS  /tmp/ccHvmxP5.s 			page 293


 16641 0d5a 01       		.uleb128 .LVU323
 16642 0d5b 00       		.uleb128 .LVU327
 16643 0d5c 00       		.uleb128 .LVU437
 16644 0d5d 00       		.uleb128 .LVU438
 16645              	.LLST63:
 16646 0d5e 24010000 		.4byte	.LVL80
 16647 0d62 42010000 		.4byte	.LVL81
 16648 0d66 0600     		.2byte	0x6
 16649 0d68 9E       		.byte	0x9e
 16650 0d69 04       		.uleb128 0x4
 16651 0d6a 0000A042 		.4byte	0x42a00000
 16652 0d6e B8020000 		.4byte	.LVL116
 16653 0d72 BE020000 		.4byte	.LVL117
 16654 0d76 0600     		.2byte	0x6
 16655 0d78 9E       		.byte	0x9e
 16656 0d79 04       		.uleb128 0x4
 16657 0d7a 0000A042 		.4byte	0x42a00000
 16658 0d7e 00000000 		.4byte	0
 16659 0d82 00000000 		.4byte	0
 16660              	.LVUS64:
 16661 0d86 01       		.uleb128 .LVU323
 16662 0d87 00       		.uleb128 .LVU327
 16663 0d88 00       		.uleb128 .LVU437
 16664 0d89 00       		.uleb128 .LVU438
 16665              	.LLST64:
 16666 0d8a 24010000 		.4byte	.LVL80
 16667 0d8e 42010000 		.4byte	.LVL81
 16668 0d92 0200     		.2byte	0x2
 16669 0d94 90       		.byte	0x90
 16670 0d95 50       		.uleb128 0x50
 16671 0d96 B8020000 		.4byte	.LVL116
 16672 0d9a BE020000 		.4byte	.LVL117
 16673 0d9e 0200     		.2byte	0x2
 16674 0da0 90       		.byte	0x90
 16675 0da1 50       		.uleb128 0x50
 16676 0da2 00000000 		.4byte	0
 16677 0da6 00000000 		.4byte	0
 16678              	.LVUS65:
 16679 0daa 01       		.uleb128 .LVU330
 16680 0dab 00       		.uleb128 .LVU336
 16681 0dac 00       		.uleb128 .LVU438
 16682 0dad 00       		.uleb128 .LVU440
 16683              	.LLST65:
 16684 0dae 52010000 		.4byte	.LVL82
 16685 0db2 72010000 		.4byte	.LVL83
 16686 0db6 0600     		.2byte	0x6
 16687 0db8 9E       		.byte	0x9e
 16688 0db9 04       		.uleb128 0x4
 16689 0dba 0080BB45 		.4byte	0x45bb8000
 16690 0dbe BE020000 		.4byte	.LVL117
 16691 0dc2 C4020000 		.4byte	.LVL119
 16692 0dc6 0600     		.2byte	0x6
 16693 0dc8 9E       		.byte	0x9e
 16694 0dc9 04       		.uleb128 0x4
 16695 0dca 0080BB45 		.4byte	0x45bb8000
 16696 0dce 00000000 		.4byte	0
 16697 0dd2 00000000 		.4byte	0
ARM GAS  /tmp/ccHvmxP5.s 			page 294


 16698              	.LVUS66:
 16699 0dd6 01       		.uleb128 .LVU330
 16700 0dd7 00       		.uleb128 .LVU336
 16701 0dd8 00       		.uleb128 .LVU438
 16702 0dd9 00       		.uleb128 .LVU440
 16703              	.LLST66:
 16704 0dda 52010000 		.4byte	.LVL82
 16705 0dde 72010000 		.4byte	.LVL83
 16706 0de2 0600     		.2byte	0x6
 16707 0de4 9E       		.byte	0x9e
 16708 0de5 04       		.uleb128 0x4
 16709 0de6 0000A042 		.4byte	0x42a00000
 16710 0dea BE020000 		.4byte	.LVL117
 16711 0dee C4020000 		.4byte	.LVL119
 16712 0df2 0600     		.2byte	0x6
 16713 0df4 9E       		.byte	0x9e
 16714 0df5 04       		.uleb128 0x4
 16715 0df6 0000A042 		.4byte	0x42a00000
 16716 0dfa 00000000 		.4byte	0
 16717 0dfe 00000000 		.4byte	0
 16718              	.LVUS67:
 16719 0e02 01       		.uleb128 .LVU330
 16720 0e03 00       		.uleb128 .LVU336
 16721 0e04 00       		.uleb128 .LVU438
 16722 0e05 00       		.uleb128 .LVU439
 16723              	.LLST67:
 16724 0e06 52010000 		.4byte	.LVL82
 16725 0e0a 72010000 		.4byte	.LVL83
 16726 0e0e 0200     		.2byte	0x2
 16727 0e10 90       		.byte	0x90
 16728 0e11 50       		.uleb128 0x50
 16729 0e12 BE020000 		.4byte	.LVL117
 16730 0e16 C2020000 		.4byte	.LVL118
 16731 0e1a 0200     		.2byte	0x2
 16732 0e1c 90       		.byte	0x90
 16733 0e1d 50       		.uleb128 0x50
 16734 0e1e 00000000 		.4byte	0
 16735 0e22 00000000 		.4byte	0
 16736              	.LVUS50:
 16737 0e26 00       		.uleb128 .LVU454
 16738 0e27 00       		.uleb128 .LVU468
 16739 0e28 00       		.uleb128 .LVU470
 16740 0e29 00       		.uleb128 .LVU472
 16741              	.LLST50:
 16742 0e2a EA020000 		.4byte	.LVL122
 16743 0e2e 34030000 		.4byte	.LVL125
 16744 0e32 0200     		.2byte	0x2
 16745 0e34 90       		.byte	0x90
 16746 0e35 50       		.uleb128 0x50
 16747 0e36 48030000 		.4byte	.LVL127
 16748 0e3a 52030000 		.4byte	.LVL129
 16749 0e3e 0200     		.2byte	0x2
 16750 0e40 90       		.byte	0x90
 16751 0e41 50       		.uleb128 0x50
 16752 0e42 00000000 		.4byte	0
 16753 0e46 00000000 		.4byte	0
 16754              	.LVUS51:
ARM GAS  /tmp/ccHvmxP5.s 			page 295


 16755 0e4a 01       		.uleb128 .LVU455
 16756 0e4b 00       		.uleb128 .LVU459
 16757 0e4c 00       		.uleb128 .LVU470
 16758 0e4d 00       		.uleb128 .LVU471
 16759              	.LLST51:
 16760 0e4e EA020000 		.4byte	.LVL122
 16761 0e52 06030000 		.4byte	.LVL123
 16762 0e56 0600     		.2byte	0x6
 16763 0e58 9E       		.byte	0x9e
 16764 0e59 04       		.uleb128 0x4
 16765 0e5a 00803B45 		.4byte	0x453b8000
 16766 0e5e 48030000 		.4byte	.LVL127
 16767 0e62 4E030000 		.4byte	.LVL128
 16768 0e66 0600     		.2byte	0x6
 16769 0e68 9E       		.byte	0x9e
 16770 0e69 04       		.uleb128 0x4
 16771 0e6a 00803B45 		.4byte	0x453b8000
 16772 0e6e 00000000 		.4byte	0
 16773 0e72 00000000 		.4byte	0
 16774              	.LVUS52:
 16775 0e76 01       		.uleb128 .LVU455
 16776 0e77 00       		.uleb128 .LVU459
 16777 0e78 00       		.uleb128 .LVU470
 16778 0e79 00       		.uleb128 .LVU471
 16779              	.LLST52:
 16780 0e7a EA020000 		.4byte	.LVL122
 16781 0e7e 06030000 		.4byte	.LVL123
 16782 0e82 0600     		.2byte	0x6
 16783 0e84 9E       		.byte	0x9e
 16784 0e85 04       		.uleb128 0x4
 16785 0e86 00001643 		.4byte	0x43160000
 16786 0e8a 48030000 		.4byte	.LVL127
 16787 0e8e 4E030000 		.4byte	.LVL128
 16788 0e92 0600     		.2byte	0x6
 16789 0e94 9E       		.byte	0x9e
 16790 0e95 04       		.uleb128 0x4
 16791 0e96 00001643 		.4byte	0x43160000
 16792 0e9a 00000000 		.4byte	0
 16793 0e9e 00000000 		.4byte	0
 16794              	.LVUS53:
 16795 0ea2 01       		.uleb128 .LVU455
 16796 0ea3 00       		.uleb128 .LVU459
 16797 0ea4 00       		.uleb128 .LVU470
 16798 0ea5 00       		.uleb128 .LVU471
 16799              	.LLST53:
 16800 0ea6 EA020000 		.4byte	.LVL122
 16801 0eaa 06030000 		.4byte	.LVL123
 16802 0eae 0200     		.2byte	0x2
 16803 0eb0 90       		.byte	0x90
 16804 0eb1 50       		.uleb128 0x50
 16805 0eb2 48030000 		.4byte	.LVL127
 16806 0eb6 4E030000 		.4byte	.LVL128
 16807 0eba 0200     		.2byte	0x2
 16808 0ebc 90       		.byte	0x90
 16809 0ebd 50       		.uleb128 0x50
 16810 0ebe 00000000 		.4byte	0
 16811 0ec2 00000000 		.4byte	0
ARM GAS  /tmp/ccHvmxP5.s 			page 296


 16812              	.LVUS54:
 16813 0ec6 01       		.uleb128 .LVU462
 16814 0ec7 00       		.uleb128 .LVU468
 16815 0ec8 00       		.uleb128 .LVU471
 16816 0ec9 00       		.uleb128 .LVU473
 16817              	.LLST54:
 16818 0eca 16030000 		.4byte	.LVL124
 16819 0ece 34030000 		.4byte	.LVL125
 16820 0ed2 0600     		.2byte	0x6
 16821 0ed4 9E       		.byte	0x9e
 16822 0ed5 04       		.uleb128 0x4
 16823 0ed6 00803B45 		.4byte	0x453b8000
 16824 0eda 4E030000 		.4byte	.LVL128
 16825 0ede 54030000 		.4byte	.LVL130
 16826 0ee2 0600     		.2byte	0x6
 16827 0ee4 9E       		.byte	0x9e
 16828 0ee5 04       		.uleb128 0x4
 16829 0ee6 00803B45 		.4byte	0x453b8000
 16830 0eea 00000000 		.4byte	0
 16831 0eee 00000000 		.4byte	0
 16832              	.LVUS55:
 16833 0ef2 01       		.uleb128 .LVU462
 16834 0ef3 00       		.uleb128 .LVU468
 16835 0ef4 00       		.uleb128 .LVU471
 16836 0ef5 00       		.uleb128 .LVU473
 16837              	.LLST55:
 16838 0ef6 16030000 		.4byte	.LVL124
 16839 0efa 34030000 		.4byte	.LVL125
 16840 0efe 0600     		.2byte	0x6
 16841 0f00 9E       		.byte	0x9e
 16842 0f01 04       		.uleb128 0x4
 16843 0f02 00001643 		.4byte	0x43160000
 16844 0f06 4E030000 		.4byte	.LVL128
 16845 0f0a 54030000 		.4byte	.LVL130
 16846 0f0e 0600     		.2byte	0x6
 16847 0f10 9E       		.byte	0x9e
 16848 0f11 04       		.uleb128 0x4
 16849 0f12 00001643 		.4byte	0x43160000
 16850 0f16 00000000 		.4byte	0
 16851 0f1a 00000000 		.4byte	0
 16852              	.LVUS56:
 16853 0f1e 01       		.uleb128 .LVU462
 16854 0f1f 00       		.uleb128 .LVU468
 16855 0f20 00       		.uleb128 .LVU471
 16856 0f21 00       		.uleb128 .LVU472
 16857              	.LLST56:
 16858 0f22 16030000 		.4byte	.LVL124
 16859 0f26 34030000 		.4byte	.LVL125
 16860 0f2a 0200     		.2byte	0x2
 16861 0f2c 90       		.byte	0x90
 16862 0f2d 50       		.uleb128 0x50
 16863 0f2e 4E030000 		.4byte	.LVL128
 16864 0f32 52030000 		.4byte	.LVL129
 16865 0f36 0200     		.2byte	0x2
 16866 0f38 90       		.byte	0x90
 16867 0f39 50       		.uleb128 0x50
 16868 0f3a 00000000 		.4byte	0
ARM GAS  /tmp/ccHvmxP5.s 			page 297


 16869 0f3e 00000000 		.4byte	0
 16870              	.LVUS57:
 16871 0f42 00       		.uleb128 .LVU482
 16872 0f43 00       		.uleb128 .LVU486
 16873              	.LLST57:
 16874 0f44 68030000 		.4byte	.LVL134
 16875 0f48 74030000 		.4byte	.LVL135
 16876 0f4c 0200     		.2byte	0x2
 16877 0f4e 90       		.byte	0x90
 16878 0f4f 4F       		.uleb128 0x4f
 16879 0f50 00000000 		.4byte	0
 16880 0f54 00000000 		.4byte	0
 16881              	.LVUS58:
 16882 0f58 01       		.uleb128 .LVU483
 16883 0f59 00       		.uleb128 .LVU494
 16884              	.LLST58:
 16885 0f5a 68030000 		.4byte	.LVL134
 16886 0f5e 94030000 		.4byte	.LVL138
 16887 0f62 0600     		.2byte	0x6
 16888 0f64 9E       		.byte	0x9e
 16889 0f65 04       		.uleb128 0x4
 16890 0f66 6F12033B 		.4byte	0x3b03126f
 16891 0f6a 00000000 		.4byte	0
 16892 0f6e 00000000 		.4byte	0
 16893              	.LVUS59:
 16894 0f72 01       		.uleb128 .LVU483
 16895 0f73 00       		.uleb128 .LVU494
 16896              	.LLST59:
 16897 0f74 68030000 		.4byte	.LVL134
 16898 0f78 94030000 		.4byte	.LVL138
 16899 0f7c 0600     		.2byte	0x6
 16900 0f7e 9E       		.byte	0x9e
 16901 0f7f 04       		.uleb128 0x4
 16902 0f80 17B75139 		.4byte	0x3951b717
 16903 0f84 00000000 		.4byte	0
 16904 0f88 00000000 		.4byte	0
 16905              	.LVUS60:
 16906 0f8c 00       		.uleb128 .LVU487
 16907 0f8d 00       		.uleb128 .LVU494
 16908              	.LLST60:
 16909 0f8e 7E030000 		.4byte	.LVL136
 16910 0f92 94030000 		.4byte	.LVL138
 16911 0f96 0200     		.2byte	0x2
 16912 0f98 90       		.byte	0x90
 16913 0f99 4D       		.uleb128 0x4d
 16914 0f9a 00000000 		.4byte	0
 16915 0f9e 00000000 		.4byte	0
 16916              	.LVUS77:
 16917 0fa2 02       		.uleb128 .LVU370
 16918 0fa3 00       		.uleb128 .LVU375
 16919              	.LLST77:
 16920 0fa4 F6010000 		.4byte	.LVL91
 16921 0fa8 04020000 		.4byte	.LVL92
 16922 0fac 0200     		.2byte	0x2
 16923 0fae 30       		.byte	0x30
 16924 0faf 9F       		.byte	0x9f
 16925 0fb0 00000000 		.4byte	0
ARM GAS  /tmp/ccHvmxP5.s 			page 298


 16926 0fb4 00000000 		.4byte	0
 16927              	.LVUS78:
 16928 0fb8 00       		.uleb128 .LVU385
 16929 0fb9 00       		.uleb128 .LVU390
 16930 0fba 00       		.uleb128 .LVU390
 16931 0fbb 00       		.uleb128 .LVU393
 16932 0fbc 00       		.uleb128 .LVU393
 16933 0fbd 00       		.uleb128 .LVU409
 16934 0fbe 00       		.uleb128 .LVU497
 16935 0fbf 00       		.uleb128 .LVU499
 16936              	.LLST78:
 16937 0fc0 28020000 		.4byte	.LVL93
 16938 0fc4 2C020000 		.4byte	.LVL94
 16939 0fc8 0800     		.2byte	0x8
 16940 0fca F5       		.byte	0xf5
 16941 0fcb 4F       		.uleb128 0x4f
 16942 0fcc 25       		.uleb128 0x25
 16943 0fcd F5       		.byte	0xf5
 16944 0fce 50       		.uleb128 0x50
 16945 0fcf 25       		.uleb128 0x25
 16946 0fd0 1B       		.byte	0x1b
 16947 0fd1 9F       		.byte	0x9f
 16948 0fd2 2C020000 		.4byte	.LVL94
 16949 0fd6 3C020000 		.4byte	.LVL96
 16950 0fda 0200     		.2byte	0x2
 16951 0fdc 90       		.byte	0x90
 16952 0fdd 4F       		.uleb128 0x4f
 16953 0fde 3C020000 		.4byte	.LVL96
 16954 0fe2 6D020000 		.4byte	.LVL103-1
 16955 0fe6 0A00     		.2byte	0xa
 16956 0fe8 77       		.byte	0x77
 16957 0fe9 7C       		.sleb128 -4
 16958 0fea F6       		.byte	0xf6
 16959 0feb 04       		.byte	0x4
 16960 0fec 25       		.uleb128 0x25
 16961 0fed F5       		.byte	0xf5
 16962 0fee 50       		.uleb128 0x50
 16963 0fef 25       		.uleb128 0x25
 16964 0ff0 1B       		.byte	0x1b
 16965 0ff1 9F       		.byte	0x9f
 16966 0ff2 9A030000 		.4byte	.LVL140
 16967 0ff6 A0030000 		.4byte	.LVL142
 16968 0ffa 0A00     		.2byte	0xa
 16969 0ffc 77       		.byte	0x77
 16970 0ffd 7C       		.sleb128 -4
 16971 0ffe F6       		.byte	0xf6
 16972 0fff 04       		.byte	0x4
 16973 1000 25       		.uleb128 0x25
 16974 1001 F5       		.byte	0xf5
 16975 1002 50       		.uleb128 0x50
 16976 1003 25       		.uleb128 0x25
 16977 1004 1B       		.byte	0x1b
 16978 1005 9F       		.byte	0x9f
 16979 1006 00000000 		.4byte	0
 16980 100a 00000000 		.4byte	0
 16981              	.LVUS79:
 16982 100e 00       		.uleb128 .LVU398
ARM GAS  /tmp/ccHvmxP5.s 			page 299


 16983 100f 00       		.uleb128 .LVU437
 16984 1010 00       		.uleb128 .LVU497
 16985 1011 00       		.uleb128 .LVU499
 16986              	.LLST79:
 16987 1012 50020000 		.4byte	.LVL100
 16988 1016 B8020000 		.4byte	.LVL116
 16989 101a 0200     		.2byte	0x2
 16990 101c 90       		.byte	0x90
 16991 101d 57       		.uleb128 0x57
 16992 101e 9A030000 		.4byte	.LVL140
 16993 1022 A0030000 		.4byte	.LVL142
 16994 1026 0200     		.2byte	0x2
 16995 1028 90       		.byte	0x90
 16996 1029 57       		.uleb128 0x57
 16997 102a 00000000 		.4byte	0
 16998 102e 00000000 		.4byte	0
 16999              	.LVUS80:
 17000 1032 02       		.uleb128 .LVU400
 17001 1033 00       		.uleb128 .LVU405
 17002 1034 00       		.uleb128 .LVU405
 17003 1035 00       		.uleb128 .LVU407
 17004 1036 00       		.uleb128 .LVU407
 17005 1037 00       		.uleb128 .LVU409
 17006 1038 00       		.uleb128 .LVU409
 17007 1039 00       		.uleb128 .LVU437
 17008 103a 00       		.uleb128 .LVU497
 17009 103b 00       		.uleb128 .LVU498
 17010 103c 00       		.uleb128 .LVU498
 17011 103d 00       		.uleb128 .LVU499
 17012              	.LLST80:
 17013 103e 50020000 		.4byte	.LVL100
 17014 1042 62020000 		.4byte	.LVL101
 17015 1046 0200     		.2byte	0x2
 17016 1048 90       		.byte	0x90
 17017 1049 51       		.uleb128 0x51
 17018 104a 62020000 		.4byte	.LVL101
 17019 104e 6A020000 		.4byte	.LVL102
 17020 1052 0A00     		.2byte	0xa
 17021 1054 F5       		.byte	0xf5
 17022 1055 50       		.uleb128 0x50
 17023 1056 25       		.uleb128 0x25
 17024 1057 77       		.byte	0x77
 17025 1058 7C       		.sleb128 -4
 17026 1059 F6       		.byte	0xf6
 17027 105a 04       		.byte	0x4
 17028 105b 25       		.uleb128 0x25
 17029 105c 1C       		.byte	0x1c
 17030 105d 9F       		.byte	0x9f
 17031 105e 6A020000 		.4byte	.LVL102
 17032 1062 6D020000 		.4byte	.LVL103-1
 17033 1066 0200     		.2byte	0x2
 17034 1068 90       		.byte	0x90
 17035 1069 40       		.uleb128 0x40
 17036 106a 6D020000 		.4byte	.LVL103-1
 17037 106e B8020000 		.4byte	.LVL116
 17038 1072 0200     		.2byte	0x2
 17039 1074 90       		.byte	0x90
ARM GAS  /tmp/ccHvmxP5.s 			page 300


 17040 1075 51       		.uleb128 0x51
 17041 1076 9A030000 		.4byte	.LVL140
 17042 107a 9E030000 		.4byte	.LVL141
 17043 107e 0200     		.2byte	0x2
 17044 1080 90       		.byte	0x90
 17045 1081 51       		.uleb128 0x51
 17046 1082 9E030000 		.4byte	.LVL141
 17047 1086 A0030000 		.4byte	.LVL142
 17048 108a 0A00     		.2byte	0xa
 17049 108c F5       		.byte	0xf5
 17050 108d 50       		.uleb128 0x50
 17051 108e 25       		.uleb128 0x25
 17052 108f 77       		.byte	0x77
 17053 1090 7C       		.sleb128 -4
 17054 1091 F6       		.byte	0xf6
 17055 1092 04       		.byte	0x4
 17056 1093 25       		.uleb128 0x25
 17057 1094 1C       		.byte	0x1c
 17058 1095 9F       		.byte	0x9f
 17059 1096 00000000 		.4byte	0
 17060 109a 00000000 		.4byte	0
 17061              	.LVUS81:
 17062 109e 01       		.uleb128 .LVU386
 17063 109f 00       		.uleb128 .LVU390
 17064 10a0 00       		.uleb128 .LVU390
 17065 10a1 00       		.uleb128 .LVU393
 17066 10a2 00       		.uleb128 .LVU393
 17067 10a3 00       		.uleb128 .LVU398
 17068              	.LLST81:
 17069 10a4 28020000 		.4byte	.LVL93
 17070 10a8 2C020000 		.4byte	.LVL94
 17071 10ac 0800     		.2byte	0x8
 17072 10ae F5       		.byte	0xf5
 17073 10af 4F       		.uleb128 0x4f
 17074 10b0 25       		.uleb128 0x25
 17075 10b1 F5       		.byte	0xf5
 17076 10b2 50       		.uleb128 0x50
 17077 10b3 25       		.uleb128 0x25
 17078 10b4 1B       		.byte	0x1b
 17079 10b5 9F       		.byte	0x9f
 17080 10b6 2C020000 		.4byte	.LVL94
 17081 10ba 3C020000 		.4byte	.LVL96
 17082 10be 0200     		.2byte	0x2
 17083 10c0 90       		.byte	0x90
 17084 10c1 4F       		.uleb128 0x4f
 17085 10c2 3C020000 		.4byte	.LVL96
 17086 10c6 50020000 		.4byte	.LVL100
 17087 10ca 0A00     		.2byte	0xa
 17088 10cc 77       		.byte	0x77
 17089 10cd 7C       		.sleb128 -4
 17090 10ce F6       		.byte	0xf6
 17091 10cf 04       		.byte	0x4
 17092 10d0 25       		.uleb128 0x25
 17093 10d1 F5       		.byte	0xf5
 17094 10d2 50       		.uleb128 0x50
 17095 10d3 25       		.uleb128 0x25
 17096 10d4 1B       		.byte	0x1b
ARM GAS  /tmp/ccHvmxP5.s 			page 301


 17097 10d5 9F       		.byte	0x9f
 17098 10d6 00000000 		.4byte	0
 17099 10da 00000000 		.4byte	0
 17100              	.LVUS82:
 17101 10de 03       		.uleb128 .LVU388
 17102 10df 00       		.uleb128 .LVU390
 17103 10e0 00       		.uleb128 .LVU390
 17104 10e1 00       		.uleb128 .LVU391
 17105 10e2 00       		.uleb128 .LVU391
 17106 10e3 00       		.uleb128 .LVU394
 17107 10e4 00       		.uleb128 .LVU394
 17108 10e5 00       		.uleb128 .LVU396
 17109 10e6 00       		.uleb128 .LVU396
 17110 10e7 00       		.uleb128 .LVU397
 17111 10e8 00       		.uleb128 .LVU397
 17112 10e9 00       		.uleb128 .LVU398
 17113              	.LLST82:
 17114 10ea 28020000 		.4byte	.LVL93
 17115 10ee 2C020000 		.4byte	.LVL94
 17116 10f2 1400     		.2byte	0x14
 17117 10f4 F5       		.byte	0xf5
 17118 10f5 4F       		.uleb128 0x4f
 17119 10f6 25       		.uleb128 0x25
 17120 10f7 F5       		.byte	0xf5
 17121 10f8 50       		.uleb128 0x50
 17122 10f9 25       		.uleb128 0x25
 17123 10fa 1B       		.byte	0x1b
 17124 10fb F4       		.byte	0xf4
 17125 10fc 25       		.uleb128 0x25
 17126 10fd 04       		.byte	0x4
 17127 10fe 00C07F44 		.4byte	0x447fc000
 17128 1102 1E       		.byte	0x1e
 17129 1103 F7       		.byte	0xf7
 17130 1104 2C       		.uleb128 0x2c
 17131 1105 F7       		.byte	0xf7
 17132 1106 00       		.uleb128 0
 17133 1107 9F       		.byte	0x9f
 17134 1108 2C020000 		.4byte	.LVL94
 17135 110c 30020000 		.4byte	.LVL95
 17136 1110 1400     		.2byte	0x14
 17137 1112 F5       		.byte	0xf5
 17138 1113 51       		.uleb128 0x51
 17139 1114 25       		.uleb128 0x25
 17140 1115 F5       		.byte	0xf5
 17141 1116 50       		.uleb128 0x50
 17142 1117 25       		.uleb128 0x25
 17143 1118 1B       		.byte	0x1b
 17144 1119 F4       		.byte	0xf4
 17145 111a 25       		.uleb128 0x25
 17146 111b 04       		.byte	0x4
 17147 111c 00C07F44 		.4byte	0x447fc000
 17148 1120 1E       		.byte	0x1e
 17149 1121 F7       		.byte	0xf7
 17150 1122 2C       		.uleb128 0x2c
 17151 1123 F7       		.byte	0xf7
 17152 1124 00       		.uleb128 0
 17153 1125 9F       		.byte	0x9f
ARM GAS  /tmp/ccHvmxP5.s 			page 302


 17154 1126 30020000 		.4byte	.LVL95
 17155 112a 44020000 		.4byte	.LVL97
 17156 112e 1600     		.2byte	0x16
 17157 1130 77       		.byte	0x77
 17158 1131 7C       		.sleb128 -4
 17159 1132 F6       		.byte	0xf6
 17160 1133 04       		.byte	0x4
 17161 1134 25       		.uleb128 0x25
 17162 1135 F5       		.byte	0xf5
 17163 1136 50       		.uleb128 0x50
 17164 1137 25       		.uleb128 0x25
 17165 1138 1B       		.byte	0x1b
 17166 1139 F4       		.byte	0xf4
 17167 113a 25       		.uleb128 0x25
 17168 113b 04       		.byte	0x4
 17169 113c 00C07F44 		.4byte	0x447fc000
 17170 1140 1E       		.byte	0x1e
 17171 1141 F7       		.byte	0xf7
 17172 1142 2C       		.uleb128 0x2c
 17173 1143 F7       		.byte	0xf7
 17174 1144 00       		.uleb128 0
 17175 1145 9F       		.byte	0x9f
 17176 1146 44020000 		.4byte	.LVL97
 17177 114a 48020000 		.4byte	.LVL98
 17178 114e 1900     		.2byte	0x19
 17179 1150 73       		.byte	0x73
 17180 1151 00       		.sleb128 0
 17181 1152 12       		.byte	0x12
 17182 1153 0A       		.byte	0xa
 17183 1154 FF03     		.2byte	0x3ff
 17184 1156 16       		.byte	0x16
 17185 1157 14       		.byte	0x14
 17186 1158 2D       		.byte	0x2d
 17187 1159 28       		.byte	0x28
 17188 115a 0100     		.2byte	0x1
 17189 115c 16       		.byte	0x16
 17190 115d 13       		.byte	0x13
 17191 115e 12       		.byte	0x12
 17192 115f 30       		.byte	0x30
 17193 1160 16       		.byte	0x16
 17194 1161 14       		.byte	0x14
 17195 1162 2B       		.byte	0x2b
 17196 1163 28       		.byte	0x28
 17197 1164 0100     		.2byte	0x1
 17198 1166 16       		.byte	0x16
 17199 1167 13       		.byte	0x13
 17200 1168 9F       		.byte	0x9f
 17201 1169 48020000 		.4byte	.LVL98
 17202 116d 4C020000 		.4byte	.LVL99
 17203 1171 0100     		.2byte	0x1
 17204 1173 53       		.byte	0x53
 17205 1174 4C020000 		.4byte	.LVL99
 17206 1178 50020000 		.4byte	.LVL100
 17207 117c 1A00     		.2byte	0x1a
 17208 117e 92       		.byte	0x92
 17209 117f 4F       		.uleb128 0x4f
 17210 1180 00       		.sleb128 0
ARM GAS  /tmp/ccHvmxP5.s 			page 303


 17211 1181 12       		.byte	0x12
 17212 1182 0A       		.byte	0xa
 17213 1183 FF03     		.2byte	0x3ff
 17214 1185 16       		.byte	0x16
 17215 1186 14       		.byte	0x14
 17216 1187 2D       		.byte	0x2d
 17217 1188 28       		.byte	0x28
 17218 1189 0100     		.2byte	0x1
 17219 118b 16       		.byte	0x16
 17220 118c 13       		.byte	0x13
 17221 118d 12       		.byte	0x12
 17222 118e 30       		.byte	0x30
 17223 118f 16       		.byte	0x16
 17224 1190 14       		.byte	0x14
 17225 1191 2B       		.byte	0x2b
 17226 1192 28       		.byte	0x28
 17227 1193 0100     		.2byte	0x1
 17228 1195 16       		.byte	0x16
 17229 1196 13       		.byte	0x13
 17230 1197 9F       		.byte	0x9f
 17231 1198 00000000 		.4byte	0
 17232 119c 00000000 		.4byte	0
 17233              	.LVUS83:
 17234 11a0 03       		.uleb128 .LVU401
 17235 11a1 00       		.uleb128 .LVU407
 17236 11a2 00       		.uleb128 .LVU497
 17237 11a3 00       		.uleb128 .LVU499
 17238              	.LLST83:
 17239 11a4 50020000 		.4byte	.LVL100
 17240 11a8 6A020000 		.4byte	.LVL102
 17241 11ac 0600     		.2byte	0x6
 17242 11ae 9E       		.byte	0x9e
 17243 11af 04       		.uleb128 0x4
 17244 11b0 C07F3B48 		.4byte	0x483b7fc0
 17245 11b4 9A030000 		.4byte	.LVL140
 17246 11b8 A0030000 		.4byte	.LVL142
 17247 11bc 0600     		.2byte	0x6
 17248 11be 9E       		.byte	0x9e
 17249 11bf 04       		.uleb128 0x4
 17250 11c0 C07F3B48 		.4byte	0x483b7fc0
 17251 11c4 00000000 		.4byte	0
 17252 11c8 00000000 		.4byte	0
 17253              	.LVUS84:
 17254 11cc 03       		.uleb128 .LVU401
 17255 11cd 00       		.uleb128 .LVU407
 17256 11ce 00       		.uleb128 .LVU497
 17257 11cf 00       		.uleb128 .LVU499
 17258              	.LLST84:
 17259 11d0 50020000 		.4byte	.LVL100
 17260 11d4 6A020000 		.4byte	.LVL102
 17261 11d8 0600     		.2byte	0x6
 17262 11da 9E       		.byte	0x9e
 17263 11db 04       		.uleb128 0x4
 17264 11dc 0000803F 		.4byte	0x3f800000
 17265 11e0 9A030000 		.4byte	.LVL140
 17266 11e4 A0030000 		.4byte	.LVL142
 17267 11e8 0600     		.2byte	0x6
ARM GAS  /tmp/ccHvmxP5.s 			page 304


 17268 11ea 9E       		.byte	0x9e
 17269 11eb 04       		.uleb128 0x4
 17270 11ec 0000803F 		.4byte	0x3f800000
 17271 11f0 00000000 		.4byte	0
 17272 11f4 00000000 		.4byte	0
 17273              	.LVUS85:
 17274 11f8 03       		.uleb128 .LVU401
 17275 11f9 00       		.uleb128 .LVU405
 17276 11fa 00       		.uleb128 .LVU405
 17277 11fb 00       		.uleb128 .LVU407
 17278 11fc 00       		.uleb128 .LVU497
 17279 11fd 00       		.uleb128 .LVU498
 17280 11fe 00       		.uleb128 .LVU498
 17281 11ff 00       		.uleb128 .LVU499
 17282              	.LLST85:
 17283 1200 50020000 		.4byte	.LVL100
 17284 1204 62020000 		.4byte	.LVL101
 17285 1208 0200     		.2byte	0x2
 17286 120a 90       		.byte	0x90
 17287 120b 51       		.uleb128 0x51
 17288 120c 62020000 		.4byte	.LVL101
 17289 1210 6A020000 		.4byte	.LVL102
 17290 1214 0A00     		.2byte	0xa
 17291 1216 F5       		.byte	0xf5
 17292 1217 50       		.uleb128 0x50
 17293 1218 25       		.uleb128 0x25
 17294 1219 77       		.byte	0x77
 17295 121a 7C       		.sleb128 -4
 17296 121b F6       		.byte	0xf6
 17297 121c 04       		.byte	0x4
 17298 121d 25       		.uleb128 0x25
 17299 121e 1C       		.byte	0x1c
 17300 121f 9F       		.byte	0x9f
 17301 1220 9A030000 		.4byte	.LVL140
 17302 1224 9E030000 		.4byte	.LVL141
 17303 1228 0200     		.2byte	0x2
 17304 122a 90       		.byte	0x90
 17305 122b 51       		.uleb128 0x51
 17306 122c 9E030000 		.4byte	.LVL141
 17307 1230 A0030000 		.4byte	.LVL142
 17308 1234 0A00     		.2byte	0xa
 17309 1236 F5       		.byte	0xf5
 17310 1237 50       		.uleb128 0x50
 17311 1238 25       		.uleb128 0x25
 17312 1239 77       		.byte	0x77
 17313 123a 7C       		.sleb128 -4
 17314 123b F6       		.byte	0xf6
 17315 123c 04       		.byte	0x4
 17316 123d 25       		.uleb128 0x25
 17317 123e 1C       		.byte	0x1c
 17318 123f 9F       		.byte	0x9f
 17319 1240 00000000 		.4byte	0
 17320 1244 00000000 		.4byte	0
 17321              	.LVUS68:
 17322 1248 01       		.uleb128 .LVU263
 17323 1249 00       		.uleb128 .LVU271
 17324              	.LLST68:
ARM GAS  /tmp/ccHvmxP5.s 			page 305


 17325 124a 48000000 		.4byte	.LVL65
 17326 124e 60000000 		.4byte	.LVL66
 17327 1252 0200     		.2byte	0x2
 17328 1254 90       		.byte	0x90
 17329 1255 4F       		.uleb128 0x4f
 17330 1256 00000000 		.4byte	0
 17331 125a 00000000 		.4byte	0
 17332              	.LVUS69:
 17333 125e 01       		.uleb128 .LVU263
 17334 125f 00       		.uleb128 .LVU271
 17335              	.LLST69:
 17336 1260 48000000 		.4byte	.LVL65
 17337 1264 60000000 		.4byte	.LVL66
 17338 1268 0100     		.2byte	0x1
 17339 126a 5B       		.byte	0x5b
 17340 126b 00000000 		.4byte	0
 17341 126f 00000000 		.4byte	0
 17342              	.LVUS70:
 17343 1273 00       		.uleb128 .LVU274
 17344 1274 00       		.uleb128 .LVU286
 17345              	.LLST70:
 17346 1275 68000000 		.4byte	.LVL67
 17347 1279 92000000 		.4byte	.LVL69
 17348 127d 0200     		.2byte	0x2
 17349 127f 90       		.byte	0x90
 17350 1280 4D       		.uleb128 0x4d
 17351 1281 00000000 		.4byte	0
 17352 1285 00000000 		.4byte	0
 17353              	.LVUS71:
 17354 1289 00       		.uleb128 .LVU274
 17355 128a 00       		.uleb128 .LVU277
 17356 128b 00       		.uleb128 .LVU277
 17357 128c 00       		.uleb128 .LVU286
 17358              	.LLST71:
 17359 128d 68000000 		.4byte	.LVL67
 17360 1291 6C000000 		.4byte	.LVL68
 17361 1295 0100     		.2byte	0x1
 17362 1297 53       		.byte	0x53
 17363 1298 6C000000 		.4byte	.LVL68
 17364 129c 92000000 		.4byte	.LVL69
 17365 12a0 0200     		.2byte	0x2
 17366 12a2 90       		.byte	0x90
 17367 12a3 5A       		.uleb128 0x5a
 17368 12a4 00000000 		.4byte	0
 17369 12a8 00000000 		.4byte	0
 17370              	.LVUS72:
 17371 12ac 01       		.uleb128 .LVU293
 17372 12ad 00       		.uleb128 .LVU299
 17373 12ae 00       		.uleb128 .LVU299
 17374 12af 00       		.uleb128 .LVU301
 17375              	.LLST72:
 17376 12b0 A2000000 		.4byte	.LVL70
 17377 12b4 AE000000 		.4byte	.LVL71
 17378 12b8 0200     		.2byte	0x2
 17379 12ba 90       		.byte	0x90
 17380 12bb 4E       		.uleb128 0x4e
 17381 12bc AE000000 		.4byte	.LVL71
ARM GAS  /tmp/ccHvmxP5.s 			page 306


 17382 12c0 C0000000 		.4byte	.LVL72
 17383 12c4 0200     		.2byte	0x2
 17384 12c6 74       		.byte	0x74
 17385 12c7 04       		.sleb128 4
 17386 12c8 00000000 		.4byte	0
 17387 12cc 00000000 		.4byte	0
 17388              	.LVUS73:
 17389 12d0 03       		.uleb128 .LVU295
 17390 12d1 00       		.uleb128 .LVU301
 17391              	.LLST73:
 17392 12d2 A2000000 		.4byte	.LVL70
 17393 12d6 C0000000 		.4byte	.LVL72
 17394 12da 1600     		.2byte	0x16
 17395 12dc 74       		.byte	0x74
 17396 12dd 04       		.sleb128 4
 17397 12de F6       		.byte	0xf6
 17398 12df 04       		.byte	0x4
 17399 12e0 25       		.uleb128 0x25
 17400 12e1 F4       		.byte	0xf4
 17401 12e2 25       		.uleb128 0x25
 17402 12e3 04       		.byte	0x4
 17403 12e4 00008044 		.4byte	0x44800000
 17404 12e8 1E       		.byte	0x1e
 17405 12e9 F7       		.byte	0xf7
 17406 12ea 2C       		.uleb128 0x2c
 17407 12eb F7       		.byte	0xf7
 17408 12ec 00       		.uleb128 0
 17409 12ed 0A       		.byte	0xa
 17410 12ee FF03     		.2byte	0x3ff
 17411 12f0 1A       		.byte	0x1a
 17412 12f1 9F       		.byte	0x9f
 17413 12f2 00000000 		.4byte	0
 17414 12f6 00000000 		.4byte	0
 17415              	.LVUS74:
 17416 12fa 00       		.uleb128 .LVU358
 17417 12fb 00       		.uleb128 .LVU362
 17418 12fc 00       		.uleb128 .LVU362
 17419 12fd 00       		.uleb128 .LVU363
 17420              	.LLST74:
 17421 12fe C4010000 		.4byte	.LVL88
 17422 1302 D2010000 		.4byte	.LVL89
 17423 1306 0800     		.2byte	0x8
 17424 1308 F5       		.byte	0xf5
 17425 1309 4E       		.uleb128 0x4e
 17426 130a 25       		.uleb128 0x25
 17427 130b F5       		.byte	0xf5
 17428 130c 4E       		.uleb128 0x4e
 17429 130d 25       		.uleb128 0x25
 17430 130e 22       		.byte	0x22
 17431 130f 9F       		.byte	0x9f
 17432 1310 D2010000 		.4byte	.LVL89
 17433 1314 E0010000 		.4byte	.LVL90
 17434 1318 0200     		.2byte	0x2
 17435 131a 90       		.byte	0x90
 17436 131b 50       		.uleb128 0x50
 17437 131c 00000000 		.4byte	0
 17438 1320 00000000 		.4byte	0
ARM GAS  /tmp/ccHvmxP5.s 			page 307


 17439              	.LVUS75:
 17440 1324 00       		.uleb128 .LVU358
 17441 1325 00       		.uleb128 .LVU362
 17442 1326 00       		.uleb128 .LVU362
 17443 1327 00       		.uleb128 .LVU363
 17444              	.LLST75:
 17445 1328 C4010000 		.4byte	.LVL88
 17446 132c D2010000 		.4byte	.LVL89
 17447 1330 0200     		.2byte	0x2
 17448 1332 90       		.byte	0x90
 17449 1333 50       		.uleb128 0x50
 17450 1334 D2010000 		.4byte	.LVL89
 17451 1338 E0010000 		.4byte	.LVL90
 17452 133c 0C00     		.2byte	0xc
 17453 133e F5       		.byte	0xf5
 17454 133f 4E       		.uleb128 0x4e
 17455 1340 25       		.uleb128 0x25
 17456 1341 F4       		.byte	0xf4
 17457 1342 25       		.uleb128 0x25
 17458 1343 04       		.byte	0x4
 17459 1344 CDCC4C3D 		.4byte	0x3d4ccccd
 17460 1348 1E       		.byte	0x1e
 17461 1349 9F       		.byte	0x9f
 17462 134a 00000000 		.4byte	0
 17463 134e 00000000 		.4byte	0
 17464              	.LVUS76:
 17465 1352 00       		.uleb128 .LVU358
 17466 1353 00       		.uleb128 .LVU363
 17467              	.LLST76:
 17468 1354 C4010000 		.4byte	.LVL88
 17469 1358 E0010000 		.4byte	.LVL90
 17470 135c 0200     		.2byte	0x2
 17471 135e 90       		.byte	0x90
 17472 135f 4F       		.uleb128 0x4f
 17473 1360 00000000 		.4byte	0
 17474 1364 00000000 		.4byte	0
 17475              	.LVUS36:
 17476 1368 00       		.uleb128 0
 17477 1369 00       		.uleb128 .LVU211
 17478 136a 00       		.uleb128 .LVU211
 17479 136b 00       		.uleb128 .LVU219
 17480 136c 00       		.uleb128 .LVU219
 17481 136d 00       		.uleb128 .LVU226
 17482 136e 00       		.uleb128 .LVU226
 17483 136f 00       		.uleb128 .LVU230
 17484 1370 00       		.uleb128 .LVU230
 17485 1371 00       		.uleb128 .LVU234
 17486 1372 00       		.uleb128 .LVU234
 17487 1373 00       		.uleb128 0
 17488              	.LLST36:
 17489 1374 00000000 		.4byte	.LVL50
 17490 1378 42000000 		.4byte	.LVL51
 17491 137c 0100     		.2byte	0x1
 17492 137e 50       		.byte	0x50
 17493 137f 42000000 		.4byte	.LVL51
 17494 1383 58000000 		.4byte	.LVL54
 17495 1387 0100     		.2byte	0x1
ARM GAS  /tmp/ccHvmxP5.s 			page 308


 17496 1389 54       		.byte	0x54
 17497 138a 58000000 		.4byte	.LVL54
 17498 138e 66000000 		.4byte	.LVL55
 17499 1392 0100     		.2byte	0x1
 17500 1394 50       		.byte	0x50
 17501 1395 66000000 		.4byte	.LVL55
 17502 1399 84000000 		.4byte	.LVL58
 17503 139d 0100     		.2byte	0x1
 17504 139f 54       		.byte	0x54
 17505 13a0 84000000 		.4byte	.LVL58
 17506 13a4 92000000 		.4byte	.LVL59
 17507 13a8 0100     		.2byte	0x1
 17508 13aa 50       		.byte	0x50
 17509 13ab 92000000 		.4byte	.LVL59
 17510 13af BC000000 		.4byte	.LFE502
 17511 13b3 0100     		.2byte	0x1
 17512 13b5 54       		.byte	0x54
 17513 13b6 00000000 		.4byte	0
 17514 13ba 00000000 		.4byte	0
 17515              	.LVUS37:
 17516 13be 00       		.uleb128 0
 17517 13bf 00       		.uleb128 .LVU215
 17518 13c0 00       		.uleb128 .LVU215
 17519 13c1 00       		.uleb128 .LVU219
 17520 13c2 00       		.uleb128 .LVU219
 17521 13c3 00       		.uleb128 .LVU227
 17522 13c4 00       		.uleb128 .LVU227
 17523 13c5 00       		.uleb128 .LVU230
 17524 13c6 00       		.uleb128 .LVU230
 17525 13c7 00       		.uleb128 .LVU238
 17526 13c8 00       		.uleb128 .LVU238
 17527 13c9 00       		.uleb128 0
 17528              	.LLST37:
 17529 13ca 00000000 		.4byte	.LVL50
 17530 13ce 4D000000 		.4byte	.LVL52-1
 17531 13d2 0100     		.2byte	0x1
 17532 13d4 51       		.byte	0x51
 17533 13d5 4D000000 		.4byte	.LVL52-1
 17534 13d9 58000000 		.4byte	.LVL54
 17535 13dd 0400     		.2byte	0x4
 17536 13df F3       		.byte	0xf3
 17537 13e0 01       		.uleb128 0x1
 17538 13e1 51       		.byte	0x51
 17539 13e2 9F       		.byte	0x9f
 17540 13e3 58000000 		.4byte	.LVL54
 17541 13e7 6D000000 		.4byte	.LVL56-1
 17542 13eb 0100     		.2byte	0x1
 17543 13ed 51       		.byte	0x51
 17544 13ee 6D000000 		.4byte	.LVL56-1
 17545 13f2 84000000 		.4byte	.LVL58
 17546 13f6 0400     		.2byte	0x4
 17547 13f8 F3       		.byte	0xf3
 17548 13f9 01       		.uleb128 0x1
 17549 13fa 51       		.byte	0x51
 17550 13fb 9F       		.byte	0x9f
 17551 13fc 84000000 		.4byte	.LVL58
 17552 1400 9D000000 		.4byte	.LVL60-1
ARM GAS  /tmp/ccHvmxP5.s 			page 309


 17553 1404 0100     		.2byte	0x1
 17554 1406 51       		.byte	0x51
 17555 1407 9D000000 		.4byte	.LVL60-1
 17556 140b BC000000 		.4byte	.LFE502
 17557 140f 0400     		.2byte	0x4
 17558 1411 F3       		.byte	0xf3
 17559 1412 01       		.uleb128 0x1
 17560 1413 51       		.byte	0x51
 17561 1414 9F       		.byte	0x9f
 17562 1415 00000000 		.4byte	0
 17563 1419 00000000 		.4byte	0
 17564              	.LVUS34:
 17565 141d 00       		.uleb128 0
 17566 141e 00       		.uleb128 .LVU171
 17567 141f 00       		.uleb128 .LVU171
 17568 1420 00       		.uleb128 0
 17569              	.LLST34:
 17570 1421 00000000 		.4byte	.LVL48
 17571 1425 18000000 		.4byte	.LVL49
 17572 1429 0200     		.2byte	0x2
 17573 142b 90       		.byte	0x90
 17574 142c 40       		.uleb128 0x40
 17575 142d 18000000 		.4byte	.LVL49
 17576 1431 46000000 		.4byte	.LFE497
 17577 1435 0200     		.2byte	0x2
 17578 1437 90       		.byte	0x90
 17579 1438 4E       		.uleb128 0x4e
 17580 1439 00000000 		.4byte	0
 17581 143d 00000000 		.4byte	0
 17582              	.LVUS35:
 17583 1441 00       		.uleb128 .LVU171
 17584 1442 00       		.uleb128 0
 17585              	.LLST35:
 17586 1443 18000000 		.4byte	.LVL49
 17587 1447 46000000 		.4byte	.LFE497
 17588 144b 0200     		.2byte	0x2
 17589 144d 90       		.byte	0x90
 17590 144e 40       		.uleb128 0x40
 17591 144f 00000000 		.4byte	0
 17592 1453 00000000 		.4byte	0
 17593              	.LVUS25:
 17594 1457 00       		.uleb128 0
 17595 1458 00       		.uleb128 .LVU133
 17596 1459 00       		.uleb128 .LVU133
 17597 145a 00       		.uleb128 .LVU163
 17598 145b 00       		.uleb128 .LVU163
 17599 145c 00       		.uleb128 0
 17600              	.LLST25:
 17601 145d 00000000 		.4byte	.LVL35
 17602 1461 23000000 		.4byte	.LVL38-1
 17603 1465 0100     		.2byte	0x1
 17604 1467 50       		.byte	0x50
 17605 1468 23000000 		.4byte	.LVL38-1
 17606 146c 7E000000 		.4byte	.LVL47
 17607 1470 0100     		.2byte	0x1
 17608 1472 54       		.byte	0x54
 17609 1473 7E000000 		.4byte	.LVL47
ARM GAS  /tmp/ccHvmxP5.s 			page 310


 17610 1477 84000000 		.4byte	.LFE496
 17611 147b 0400     		.2byte	0x4
 17612 147d F3       		.byte	0xf3
 17613 147e 01       		.uleb128 0x1
 17614 147f 50       		.byte	0x50
 17615 1480 9F       		.byte	0x9f
 17616 1481 00000000 		.4byte	0
 17617 1485 00000000 		.4byte	0
 17618              	.LVUS26:
 17619 1489 00       		.uleb128 0
 17620 148a 00       		.uleb128 .LVU127
 17621 148b 00       		.uleb128 .LVU127
 17622 148c 00       		.uleb128 0
 17623              	.LLST26:
 17624 148d 00000000 		.4byte	.LVL35
 17625 1491 08000000 		.4byte	.LVL36
 17626 1495 0200     		.2byte	0x2
 17627 1497 90       		.byte	0x90
 17628 1498 40       		.uleb128 0x40
 17629 1499 08000000 		.4byte	.LVL36
 17630 149d 84000000 		.4byte	.LFE496
 17631 14a1 0600     		.2byte	0x6
 17632 14a3 F3       		.byte	0xf3
 17633 14a4 03       		.uleb128 0x3
 17634 14a5 F5       		.byte	0xf5
 17635 14a6 40       		.uleb128 0x40
 17636 14a7 25       		.uleb128 0x25
 17637 14a8 9F       		.byte	0x9f
 17638 14a9 00000000 		.4byte	0
 17639 14ad 00000000 		.4byte	0
 17640              	.LVUS27:
 17641 14b1 00       		.uleb128 0
 17642 14b2 00       		.uleb128 .LVU133
 17643 14b3 00       		.uleb128 .LVU133
 17644 14b4 00       		.uleb128 0
 17645              	.LLST27:
 17646 14b5 00000000 		.4byte	.LVL35
 17647 14b9 23000000 		.4byte	.LVL38-1
 17648 14bd 0200     		.2byte	0x2
 17649 14bf 90       		.byte	0x90
 17650 14c0 41       		.uleb128 0x41
 17651 14c1 23000000 		.4byte	.LVL38-1
 17652 14c5 84000000 		.4byte	.LFE496
 17653 14c9 0600     		.2byte	0x6
 17654 14cb F3       		.byte	0xf3
 17655 14cc 03       		.uleb128 0x3
 17656 14cd F5       		.byte	0xf5
 17657 14ce 41       		.uleb128 0x41
 17658 14cf 25       		.uleb128 0x25
 17659 14d0 9F       		.byte	0x9f
 17660 14d1 00000000 		.4byte	0
 17661 14d5 00000000 		.4byte	0
 17662              	.LVUS28:
 17663 14d9 00       		.uleb128 0
 17664 14da 00       		.uleb128 .LVU133
 17665 14db 00       		.uleb128 .LVU133
 17666 14dc 00       		.uleb128 0
ARM GAS  /tmp/ccHvmxP5.s 			page 311


 17667              	.LLST28:
 17668 14dd 00000000 		.4byte	.LVL35
 17669 14e1 23000000 		.4byte	.LVL38-1
 17670 14e5 0200     		.2byte	0x2
 17671 14e7 90       		.byte	0x90
 17672 14e8 42       		.uleb128 0x42
 17673 14e9 23000000 		.4byte	.LVL38-1
 17674 14ed 84000000 		.4byte	.LFE496
 17675 14f1 0600     		.2byte	0x6
 17676 14f3 F3       		.byte	0xf3
 17677 14f4 03       		.uleb128 0x3
 17678 14f5 F5       		.byte	0xf5
 17679 14f6 42       		.uleb128 0x42
 17680 14f7 25       		.uleb128 0x25
 17681 14f8 9F       		.byte	0x9f
 17682 14f9 00000000 		.4byte	0
 17683 14fd 00000000 		.4byte	0
 17684              	.LVUS29:
 17685 1501 00       		.uleb128 .LVU129
 17686 1502 00       		.uleb128 .LVU162
 17687 1503 00       		.uleb128 .LVU162
 17688 1504 00       		.uleb128 0
 17689              	.LLST29:
 17690 1505 12000000 		.4byte	.LVL37
 17691 1509 7C000000 		.4byte	.LVL46
 17692 150d 0200     		.2byte	0x2
 17693 150f 90       		.byte	0x90
 17694 1510 52       		.uleb128 0x52
 17695 1511 7C000000 		.4byte	.LVL46
 17696 1515 84000000 		.4byte	.LFE496
 17697 1519 1400     		.2byte	0x14
 17698 151b F3       		.byte	0xf3
 17699 151c 03       		.uleb128 0x3
 17700 151d F5       		.byte	0xf5
 17701 151e 40       		.uleb128 0x40
 17702 151f 25       		.uleb128 0x25
 17703 1520 F4       		.byte	0xf4
 17704 1521 25       		.uleb128 0x25
 17705 1522 04       		.byte	0x4
 17706 1523 DB0FC940 		.4byte	0x40c90fdb
 17707 1527 1E       		.byte	0x1e
 17708 1528 F3       		.byte	0xf3
 17709 1529 03       		.uleb128 0x3
 17710 152a F5       		.byte	0xf5
 17711 152b 42       		.uleb128 0x42
 17712 152c 25       		.uleb128 0x25
 17713 152d 1B       		.byte	0x1b
 17714 152e 9F       		.byte	0x9f
 17715 152f 00000000 		.4byte	0
 17716 1533 00000000 		.4byte	0
 17717              	.LVUS30:
 17718 1537 00       		.uleb128 .LVU134
 17719 1538 00       		.uleb128 .LVU136
 17720 1539 00       		.uleb128 .LVU136
 17721 153a 00       		.uleb128 .LVU148
 17722              	.LLST30:
 17723 153b 28000000 		.4byte	.LVL39
ARM GAS  /tmp/ccHvmxP5.s 			page 312


 17724 153f 2C000000 		.4byte	.LVL40
 17725 1543 0200     		.2byte	0x2
 17726 1545 90       		.byte	0x90
 17727 1546 40       		.uleb128 0x40
 17728 1547 2C000000 		.4byte	.LVL40
 17729 154b 50000000 		.4byte	.LVL44
 17730 154f 0200     		.2byte	0x2
 17731 1551 90       		.byte	0x90
 17732 1552 50       		.uleb128 0x50
 17733 1553 00000000 		.4byte	0
 17734 1557 00000000 		.4byte	0
 17735              	.LVUS31:
 17736 155b 00       		.uleb128 .LVU137
 17737 155c 00       		.uleb128 .LVU149
 17738              	.LLST31:
 17739 155d 30000000 		.4byte	.LVL41
 17740 1561 58000000 		.4byte	.LVL45
 17741 1565 0200     		.2byte	0x2
 17742 1567 90       		.byte	0x90
 17743 1568 40       		.uleb128 0x40
 17744 1569 00000000 		.4byte	0
 17745 156d 00000000 		.4byte	0
 17746              	.LVUS32:
 17747 1571 00       		.uleb128 .LVU140
 17748 1572 00       		.uleb128 0
 17749              	.LLST32:
 17750 1573 38000000 		.4byte	.LVL42
 17751 1577 84000000 		.4byte	.LFE496
 17752 157b 0200     		.2byte	0x2
 17753 157d 90       		.byte	0x90
 17754 157e 4D       		.uleb128 0x4d
 17755 157f 00000000 		.4byte	0
 17756 1583 00000000 		.4byte	0
 17757              	.LVUS33:
 17758 1587 00       		.uleb128 .LVU144
 17759 1588 00       		.uleb128 0
 17760              	.LLST33:
 17761 1589 44000000 		.4byte	.LVL43
 17762 158d 84000000 		.4byte	.LFE496
 17763 1591 0200     		.2byte	0x2
 17764 1593 90       		.byte	0x90
 17765 1594 4E       		.uleb128 0x4e
 17766 1595 00000000 		.4byte	0
 17767 1599 00000000 		.4byte	0
 17768              	.LVUS16:
 17769 159d 00       		.uleb128 0
 17770 159e 00       		.uleb128 .LVU91
 17771 159f 00       		.uleb128 .LVU91
 17772 15a0 00       		.uleb128 .LVU123
 17773 15a1 00       		.uleb128 .LVU123
 17774 15a2 00       		.uleb128 0
 17775              	.LLST16:
 17776 15a3 00000000 		.4byte	.LVL22
 17777 15a7 23000000 		.4byte	.LVL25-1
 17778 15ab 0100     		.2byte	0x1
 17779 15ad 50       		.byte	0x50
 17780 15ae 23000000 		.4byte	.LVL25-1
ARM GAS  /tmp/ccHvmxP5.s 			page 313


 17781 15b2 82000000 		.4byte	.LVL34
 17782 15b6 0100     		.2byte	0x1
 17783 15b8 54       		.byte	0x54
 17784 15b9 82000000 		.4byte	.LVL34
 17785 15bd 88000000 		.4byte	.LFE495
 17786 15c1 0400     		.2byte	0x4
 17787 15c3 F3       		.byte	0xf3
 17788 15c4 01       		.uleb128 0x1
 17789 15c5 50       		.byte	0x50
 17790 15c6 9F       		.byte	0x9f
 17791 15c7 00000000 		.4byte	0
 17792 15cb 00000000 		.4byte	0
 17793              	.LVUS17:
 17794 15cf 00       		.uleb128 0
 17795 15d0 00       		.uleb128 .LVU85
 17796 15d1 00       		.uleb128 .LVU85
 17797 15d2 00       		.uleb128 0
 17798              	.LLST17:
 17799 15d3 00000000 		.4byte	.LVL22
 17800 15d7 08000000 		.4byte	.LVL23
 17801 15db 0200     		.2byte	0x2
 17802 15dd 90       		.byte	0x90
 17803 15de 40       		.uleb128 0x40
 17804 15df 08000000 		.4byte	.LVL23
 17805 15e3 88000000 		.4byte	.LFE495
 17806 15e7 0600     		.2byte	0x6
 17807 15e9 F3       		.byte	0xf3
 17808 15ea 03       		.uleb128 0x3
 17809 15eb F5       		.byte	0xf5
 17810 15ec 40       		.uleb128 0x40
 17811 15ed 25       		.uleb128 0x25
 17812 15ee 9F       		.byte	0x9f
 17813 15ef 00000000 		.4byte	0
 17814 15f3 00000000 		.4byte	0
 17815              	.LVUS18:
 17816 15f7 00       		.uleb128 0
 17817 15f8 00       		.uleb128 .LVU91
 17818 15f9 00       		.uleb128 .LVU91
 17819 15fa 00       		.uleb128 0
 17820              	.LLST18:
 17821 15fb 00000000 		.4byte	.LVL22
 17822 15ff 23000000 		.4byte	.LVL25-1
 17823 1603 0200     		.2byte	0x2
 17824 1605 90       		.byte	0x90
 17825 1606 41       		.uleb128 0x41
 17826 1607 23000000 		.4byte	.LVL25-1
 17827 160b 88000000 		.4byte	.LFE495
 17828 160f 0600     		.2byte	0x6
 17829 1611 F3       		.byte	0xf3
 17830 1612 03       		.uleb128 0x3
 17831 1613 F5       		.byte	0xf5
 17832 1614 41       		.uleb128 0x41
 17833 1615 25       		.uleb128 0x25
 17834 1616 9F       		.byte	0x9f
 17835 1617 00000000 		.4byte	0
 17836 161b 00000000 		.4byte	0
 17837              	.LVUS19:
ARM GAS  /tmp/ccHvmxP5.s 			page 314


 17838 161f 00       		.uleb128 0
 17839 1620 00       		.uleb128 .LVU91
 17840 1621 00       		.uleb128 .LVU91
 17841 1622 00       		.uleb128 0
 17842              	.LLST19:
 17843 1623 00000000 		.4byte	.LVL22
 17844 1627 23000000 		.4byte	.LVL25-1
 17845 162b 0200     		.2byte	0x2
 17846 162d 90       		.byte	0x90
 17847 162e 42       		.uleb128 0x42
 17848 162f 23000000 		.4byte	.LVL25-1
 17849 1633 88000000 		.4byte	.LFE495
 17850 1637 0600     		.2byte	0x6
 17851 1639 F3       		.byte	0xf3
 17852 163a 03       		.uleb128 0x3
 17853 163b F5       		.byte	0xf5
 17854 163c 42       		.uleb128 0x42
 17855 163d 25       		.uleb128 0x25
 17856 163e 9F       		.byte	0x9f
 17857 163f 00000000 		.4byte	0
 17858 1643 00000000 		.4byte	0
 17859              	.LVUS20:
 17860 1647 00       		.uleb128 .LVU87
 17861 1648 00       		.uleb128 .LVU122
 17862 1649 00       		.uleb128 .LVU122
 17863 164a 00       		.uleb128 0
 17864              	.LLST20:
 17865 164b 12000000 		.4byte	.LVL24
 17866 164f 80000000 		.4byte	.LVL33
 17867 1653 0200     		.2byte	0x2
 17868 1655 90       		.byte	0x90
 17869 1656 52       		.uleb128 0x52
 17870 1657 80000000 		.4byte	.LVL33
 17871 165b 88000000 		.4byte	.LFE495
 17872 165f 1400     		.2byte	0x14
 17873 1661 F3       		.byte	0xf3
 17874 1662 03       		.uleb128 0x3
 17875 1663 F5       		.byte	0xf5
 17876 1664 40       		.uleb128 0x40
 17877 1665 25       		.uleb128 0x25
 17878 1666 F4       		.byte	0xf4
 17879 1667 25       		.uleb128 0x25
 17880 1668 04       		.byte	0x4
 17881 1669 DB0FC940 		.4byte	0x40c90fdb
 17882 166d 1E       		.byte	0x1e
 17883 166e F3       		.byte	0xf3
 17884 166f 03       		.uleb128 0x3
 17885 1670 F5       		.byte	0xf5
 17886 1671 42       		.uleb128 0x42
 17887 1672 25       		.uleb128 0x25
 17888 1673 1B       		.byte	0x1b
 17889 1674 9F       		.byte	0x9f
 17890 1675 00000000 		.4byte	0
 17891 1679 00000000 		.4byte	0
 17892              	.LVUS21:
 17893 167d 00       		.uleb128 .LVU92
 17894 167e 00       		.uleb128 .LVU94
ARM GAS  /tmp/ccHvmxP5.s 			page 315


 17895 167f 00       		.uleb128 .LVU94
 17896 1680 00       		.uleb128 .LVU102
 17897              	.LLST21:
 17898 1681 28000000 		.4byte	.LVL26
 17899 1685 2C000000 		.4byte	.LVL27
 17900 1689 0200     		.2byte	0x2
 17901 168b 90       		.byte	0x90
 17902 168c 40       		.uleb128 0x40
 17903 168d 2C000000 		.4byte	.LVL27
 17904 1691 44000000 		.4byte	.LVL31
 17905 1695 0200     		.2byte	0x2
 17906 1697 90       		.byte	0x90
 17907 1698 50       		.uleb128 0x50
 17908 1699 00000000 		.4byte	0
 17909 169d 00000000 		.4byte	0
 17910              	.LVUS22:
 17911 16a1 00       		.uleb128 .LVU95
 17912 16a2 00       		.uleb128 .LVU100
 17913              	.LLST22:
 17914 16a3 30000000 		.4byte	.LVL28
 17915 16a7 3C000000 		.4byte	.LVL30
 17916 16ab 0200     		.2byte	0x2
 17917 16ad 90       		.byte	0x90
 17918 16ae 40       		.uleb128 0x40
 17919 16af 00000000 		.4byte	0
 17920 16b3 00000000 		.4byte	0
 17921              	.LVUS23:
 17922 16b7 00       		.uleb128 .LVU97
 17923 16b8 00       		.uleb128 0
 17924              	.LLST23:
 17925 16b9 34000000 		.4byte	.LVL29
 17926 16bd 88000000 		.4byte	.LFE495
 17927 16c1 0200     		.2byte	0x2
 17928 16c3 90       		.byte	0x90
 17929 16c4 4B       		.uleb128 0x4b
 17930 16c5 00000000 		.4byte	0
 17931 16c9 00000000 		.4byte	0
 17932              	.LVUS24:
 17933 16cd 00       		.uleb128 .LVU104
 17934 16ce 00       		.uleb128 0
 17935              	.LLST24:
 17936 16cf 4C000000 		.4byte	.LVL32
 17937 16d3 88000000 		.4byte	.LFE495
 17938 16d7 0200     		.2byte	0x2
 17939 16d9 90       		.byte	0x90
 17940 16da 4D       		.uleb128 0x4d
 17941 16db 00000000 		.4byte	0
 17942 16df 00000000 		.4byte	0
 17943              	.LVUS0:
 17944 16e3 00       		.uleb128 0
 17945 16e4 00       		.uleb128 .LVU21
 17946 16e5 00       		.uleb128 .LVU21
 17947 16e6 00       		.uleb128 0
 17948              	.LLST0:
 17949 16e7 00000000 		.4byte	.LVL0
 17950 16eb 48000000 		.4byte	.LVL5
 17951 16ef 0100     		.2byte	0x1
ARM GAS  /tmp/ccHvmxP5.s 			page 316


 17952 16f1 50       		.byte	0x50
 17953 16f2 48000000 		.4byte	.LVL5
 17954 16f6 DC000000 		.4byte	.LFE488
 17955 16fa 0400     		.2byte	0x4
 17956 16fc F3       		.byte	0xf3
 17957 16fd 01       		.uleb128 0x1
 17958 16fe 50       		.byte	0x50
 17959 16ff 9F       		.byte	0x9f
 17960 1700 00000000 		.4byte	0
 17961 1704 00000000 		.4byte	0
 17962              	.LVUS1:
 17963 1708 00       		.uleb128 0
 17964 1709 00       		.uleb128 .LVU5
 17965 170a 00       		.uleb128 .LVU5
 17966 170b 00       		.uleb128 0
 17967              	.LLST1:
 17968 170c 00000000 		.4byte	.LVL0
 17969 1710 10000000 		.4byte	.LVL1
 17970 1714 0200     		.2byte	0x2
 17971 1716 90       		.byte	0x90
 17972 1717 40       		.uleb128 0x40
 17973 1718 10000000 		.4byte	.LVL1
 17974 171c DC000000 		.4byte	.LFE488
 17975 1720 0600     		.2byte	0x6
 17976 1722 F3       		.byte	0xf3
 17977 1723 03       		.uleb128 0x3
 17978 1724 F5       		.byte	0xf5
 17979 1725 40       		.uleb128 0x40
 17980 1726 25       		.uleb128 0x25
 17981 1727 9F       		.byte	0x9f
 17982 1728 00000000 		.4byte	0
 17983 172c 00000000 		.4byte	0
 17984              	.LVUS2:
 17985 1730 00       		.uleb128 .LVU6
 17986 1731 00       		.uleb128 .LVU37
 17987              	.LLST2:
 17988 1732 18000000 		.4byte	.LVL2
 17989 1736 76000000 		.4byte	.LVL10
 17990 173a 0200     		.2byte	0x2
 17991 173c 90       		.byte	0x90
 17992 173d 40       		.uleb128 0x40
 17993 173e 00000000 		.4byte	0
 17994 1742 00000000 		.4byte	0
 17995              	.LVUS3:
 17996 1746 00       		.uleb128 .LVU23
 17997 1747 00       		.uleb128 .LVU36
 17998 1748 00       		.uleb128 .LVU36
 17999 1749 00       		.uleb128 .LVU45
 18000 174a 00       		.uleb128 .LVU45
 18001 174b 00       		.uleb128 0
 18002              	.LLST3:
 18003 174c 50000000 		.4byte	.LVL6
 18004 1750 72000000 		.4byte	.LVL9
 18005 1754 0100     		.2byte	0x1
 18006 1756 52       		.byte	0x52
 18007 1757 72000000 		.4byte	.LVL9
 18008 175b 9A000000 		.4byte	.LVL12
ARM GAS  /tmp/ccHvmxP5.s 			page 317


 18009 175f 0300     		.2byte	0x3
 18010 1761 72       		.byte	0x72
 18011 1762 7E       		.sleb128 -2
 18012 1763 9F       		.byte	0x9f
 18013 1764 9A000000 		.4byte	.LVL12
 18014 1768 DC000000 		.4byte	.LFE488
 18015 176c 0300     		.2byte	0x3
 18016 176e 74       		.byte	0x74
 18017 176f 7F       		.sleb128 -1
 18018 1770 9F       		.byte	0x9f
 18019 1771 00000000 		.4byte	0
 18020 1775 00000000 		.4byte	0
 18021              	.LVUS4:
 18022 1779 00       		.uleb128 .LVU27
 18023 177a 00       		.uleb128 0
 18024              	.LLST4:
 18025 177b 5A000000 		.4byte	.LVL7
 18026 177f DC000000 		.4byte	.LFE488
 18027 1783 0200     		.2byte	0x2
 18028 1785 90       		.byte	0x90
 18029 1786 4F       		.uleb128 0x4f
 18030 1787 00000000 		.4byte	0
 18031 178b 00000000 		.4byte	0
 18032              	.LVUS5:
 18033 178f 01       		.uleb128 .LVU28
 18034 1790 00       		.uleb128 .LVU36
 18035 1791 00       		.uleb128 .LVU36
 18036 1792 00       		.uleb128 .LVU45
 18037 1793 00       		.uleb128 .LVU45
 18038 1794 00       		.uleb128 0
 18039              	.LLST5:
 18040 1795 5A000000 		.4byte	.LVL7
 18041 1799 72000000 		.4byte	.LVL9
 18042 179d 0F00     		.2byte	0xf
 18043 179f 72       		.byte	0x72
 18044 17a0 00       		.sleb128 0
 18045 17a1 73       		.byte	0x73
 18046 17a2 00       		.sleb128 0
 18047 17a3 22       		.byte	0x22
 18048 17a4 31       		.byte	0x31
 18049 17a5 1C       		.byte	0x1c
 18050 17a6 73       		.byte	0x73
 18051 17a7 00       		.sleb128 0
 18052 17a8 14       		.byte	0x14
 18053 17a9 14       		.byte	0x14
 18054 17aa 1B       		.byte	0x1b
 18055 17ab 1E       		.byte	0x1e
 18056 17ac 1C       		.byte	0x1c
 18057 17ad 9F       		.byte	0x9f
 18058 17ae 72000000 		.4byte	.LVL9
 18059 17b2 9A000000 		.4byte	.LVL12
 18060 17b6 0F00     		.2byte	0xf
 18061 17b8 72       		.byte	0x72
 18062 17b9 00       		.sleb128 0
 18063 17ba 73       		.byte	0x73
 18064 17bb 00       		.sleb128 0
 18065 17bc 22       		.byte	0x22
ARM GAS  /tmp/ccHvmxP5.s 			page 318


 18066 17bd 33       		.byte	0x33
 18067 17be 1C       		.byte	0x1c
 18068 17bf 73       		.byte	0x73
 18069 17c0 00       		.sleb128 0
 18070 17c1 14       		.byte	0x14
 18071 17c2 14       		.byte	0x14
 18072 17c3 1B       		.byte	0x1b
 18073 17c4 1E       		.byte	0x1e
 18074 17c5 1C       		.byte	0x1c
 18075 17c6 9F       		.byte	0x9f
 18076 17c7 9A000000 		.4byte	.LVL12
 18077 17cb DC000000 		.4byte	.LFE488
 18078 17cf 0F00     		.2byte	0xf
 18079 17d1 73       		.byte	0x73
 18080 17d2 00       		.sleb128 0
 18081 17d3 74       		.byte	0x74
 18082 17d4 00       		.sleb128 0
 18083 17d5 22       		.byte	0x22
 18084 17d6 32       		.byte	0x32
 18085 17d7 1C       		.byte	0x1c
 18086 17d8 73       		.byte	0x73
 18087 17d9 00       		.sleb128 0
 18088 17da 14       		.byte	0x14
 18089 17db 14       		.byte	0x14
 18090 17dc 1B       		.byte	0x1b
 18091 17dd 1E       		.byte	0x1e
 18092 17de 1C       		.byte	0x1c
 18093 17df 9F       		.byte	0x9f
 18094 17e0 00000000 		.4byte	0
 18095 17e4 00000000 		.4byte	0
 18096              	.LVUS6:
 18097 17e8 02       		.uleb128 .LVU29
 18098 17e9 00       		.uleb128 .LVU36
 18099 17ea 00       		.uleb128 .LVU36
 18100 17eb 00       		.uleb128 .LVU45
 18101 17ec 00       		.uleb128 .LVU45
 18102 17ed 00       		.uleb128 0
 18103              	.LLST6:
 18104 17ee 5A000000 		.4byte	.LVL7
 18105 17f2 72000000 		.4byte	.LVL9
 18106 17f6 0A00     		.2byte	0xa
 18107 17f8 72       		.byte	0x72
 18108 17f9 01       		.sleb128 1
 18109 17fa 73       		.byte	0x73
 18110 17fb 00       		.sleb128 0
 18111 17fc 14       		.byte	0x14
 18112 17fd 14       		.byte	0x14
 18113 17fe 1B       		.byte	0x1b
 18114 17ff 1E       		.byte	0x1e
 18115 1800 1C       		.byte	0x1c
 18116 1801 9F       		.byte	0x9f
 18117 1802 72000000 		.4byte	.LVL9
 18118 1806 9A000000 		.4byte	.LVL12
 18119 180a 0A00     		.2byte	0xa
 18120 180c 72       		.byte	0x72
 18121 180d 7F       		.sleb128 -1
 18122 180e 73       		.byte	0x73
ARM GAS  /tmp/ccHvmxP5.s 			page 319


 18123 180f 00       		.sleb128 0
 18124 1810 14       		.byte	0x14
 18125 1811 14       		.byte	0x14
 18126 1812 1B       		.byte	0x1b
 18127 1813 1E       		.byte	0x1e
 18128 1814 1C       		.byte	0x1c
 18129 1815 9F       		.byte	0x9f
 18130 1816 9A000000 		.4byte	.LVL12
 18131 181a DC000000 		.4byte	.LFE488
 18132 181e 0A00     		.2byte	0xa
 18133 1820 74       		.byte	0x74
 18134 1821 00       		.sleb128 0
 18135 1822 73       		.byte	0x73
 18136 1823 00       		.sleb128 0
 18137 1824 14       		.byte	0x14
 18138 1825 14       		.byte	0x14
 18139 1826 1B       		.byte	0x1b
 18140 1827 1E       		.byte	0x1e
 18141 1828 1C       		.byte	0x1c
 18142 1829 9F       		.byte	0x9f
 18143 182a 00000000 		.4byte	0
 18144 182e 00000000 		.4byte	0
 18145              	.LVUS7:
 18146 1832 03       		.uleb128 .LVU30
 18147 1833 00       		.uleb128 .LVU36
 18148 1834 00       		.uleb128 .LVU36
 18149 1835 00       		.uleb128 .LVU45
 18150 1836 00       		.uleb128 .LVU45
 18151 1837 00       		.uleb128 0
 18152              	.LLST7:
 18153 1838 5A000000 		.4byte	.LVL7
 18154 183c 72000000 		.4byte	.LVL9
 18155 1840 0A00     		.2byte	0xa
 18156 1842 72       		.byte	0x72
 18157 1843 02       		.sleb128 2
 18158 1844 73       		.byte	0x73
 18159 1845 00       		.sleb128 0
 18160 1846 14       		.byte	0x14
 18161 1847 14       		.byte	0x14
 18162 1848 1B       		.byte	0x1b
 18163 1849 1E       		.byte	0x1e
 18164 184a 1C       		.byte	0x1c
 18165 184b 9F       		.byte	0x9f
 18166 184c 72000000 		.4byte	.LVL9
 18167 1850 9A000000 		.4byte	.LVL12
 18168 1854 0A00     		.2byte	0xa
 18169 1856 72       		.byte	0x72
 18170 1857 00       		.sleb128 0
 18171 1858 73       		.byte	0x73
 18172 1859 00       		.sleb128 0
 18173 185a 14       		.byte	0x14
 18174 185b 14       		.byte	0x14
 18175 185c 1B       		.byte	0x1b
 18176 185d 1E       		.byte	0x1e
 18177 185e 1C       		.byte	0x1c
 18178 185f 9F       		.byte	0x9f
 18179 1860 9A000000 		.4byte	.LVL12
ARM GAS  /tmp/ccHvmxP5.s 			page 320


 18180 1864 DC000000 		.4byte	.LFE488
 18181 1868 0A00     		.2byte	0xa
 18182 186a 74       		.byte	0x74
 18183 186b 01       		.sleb128 1
 18184 186c 73       		.byte	0x73
 18185 186d 00       		.sleb128 0
 18186 186e 14       		.byte	0x14
 18187 186f 14       		.byte	0x14
 18188 1870 1B       		.byte	0x1b
 18189 1871 1E       		.byte	0x1e
 18190 1872 1C       		.byte	0x1c
 18191 1873 9F       		.byte	0x9f
 18192 1874 00000000 		.4byte	0
 18193 1878 00000000 		.4byte	0
 18194              	.LVUS8:
 18195 187c 00       		.uleb128 .LVU34
 18196 187d 00       		.uleb128 .LVU59
 18197 187e 00       		.uleb128 .LVU59
 18198 187f 00       		.uleb128 0
 18199              	.LLST8:
 18200 1880 6C000000 		.4byte	.LVL8
 18201 1884 C2000000 		.4byte	.LVL17
 18202 1888 0200     		.2byte	0x2
 18203 188a 90       		.byte	0x90
 18204 188b 4A       		.uleb128 0x4a
 18205 188c C2000000 		.4byte	.LVL17
 18206 1890 DC000000 		.4byte	.LFE488
 18207 1894 1C00     		.2byte	0x1c
 18208 1896 73       		.byte	0x73
 18209 1897 00       		.sleb128 0
 18210 1898 73       		.byte	0x73
 18211 1899 00       		.sleb128 0
 18212 189a 74       		.byte	0x74
 18213 189b 00       		.sleb128 0
 18214 189c 22       		.byte	0x22
 18215 189d 32       		.byte	0x32
 18216 189e 1C       		.byte	0x1c
 18217 189f 73       		.byte	0x73
 18218 18a0 00       		.sleb128 0
 18219 18a1 1B       		.byte	0x1b
 18220 18a2 73       		.byte	0x73
 18221 18a3 00       		.sleb128 0
 18222 18a4 1E       		.byte	0x1e
 18223 18a5 1C       		.byte	0x1c
 18224 18a6 74       		.byte	0x74
 18225 18a7 00       		.sleb128 0
 18226 18a8 22       		.byte	0x22
 18227 18a9 32       		.byte	0x32
 18228 18aa 1C       		.byte	0x1c
 18229 18ab 32       		.byte	0x32
 18230 18ac 24       		.byte	0x24
 18231 18ad F3       		.byte	0xf3
 18232 18ae 01       		.uleb128 0x1
 18233 18af 50       		.byte	0x50
 18234 18b0 06       		.byte	0x6
 18235 18b1 22       		.byte	0x22
 18236 18b2 00000000 		.4byte	0
ARM GAS  /tmp/ccHvmxP5.s 			page 321


 18237 18b6 00000000 		.4byte	0
 18238              	.LVUS9:
 18239 18ba 00       		.uleb128 .LVU37
 18240 18bb 00       		.uleb128 .LVU66
 18241 18bc 00       		.uleb128 .LVU66
 18242 18bd 00       		.uleb128 0
 18243              	.LLST9:
 18244 18be 76000000 		.4byte	.LVL10
 18245 18c2 DA000000 		.4byte	.LVL20
 18246 18c6 0200     		.2byte	0x2
 18247 18c8 90       		.byte	0x90
 18248 18c9 40       		.uleb128 0x40
 18249 18ca DA000000 		.4byte	.LVL20
 18250 18ce DC000000 		.4byte	.LFE488
 18251 18d2 0900     		.2byte	0x9
 18252 18d4 74       		.byte	0x74
 18253 18d5 7F       		.sleb128 -1
 18254 18d6 32       		.byte	0x32
 18255 18d7 24       		.byte	0x24
 18256 18d8 F3       		.byte	0xf3
 18257 18d9 01       		.uleb128 0x1
 18258 18da 50       		.byte	0x50
 18259 18db 06       		.byte	0x6
 18260 18dc 22       		.byte	0x22
 18261 18dd 00000000 		.4byte	0
 18262 18e1 00000000 		.4byte	0
 18263              	.LVUS10:
 18264 18e5 00       		.uleb128 .LVU42
 18265 18e6 00       		.uleb128 .LVU55
 18266 18e7 00       		.uleb128 .LVU55
 18267 18e8 00       		.uleb128 0
 18268              	.LLST10:
 18269 18e9 8E000000 		.4byte	.LVL11
 18270 18ed B6000000 		.4byte	.LVL14
 18271 18f1 0200     		.2byte	0x2
 18272 18f3 90       		.byte	0x90
 18273 18f4 4D       		.uleb128 0x4d
 18274 18f5 B6000000 		.4byte	.LVL14
 18275 18f9 DC000000 		.4byte	.LFE488
 18276 18fd 1200     		.2byte	0x12
 18277 18ff 74       		.byte	0x74
 18278 1900 00       		.sleb128 0
 18279 1901 74       		.byte	0x74
 18280 1902 00       		.sleb128 0
 18281 1903 73       		.byte	0x73
 18282 1904 00       		.sleb128 0
 18283 1905 1B       		.byte	0x1b
 18284 1906 73       		.byte	0x73
 18285 1907 00       		.sleb128 0
 18286 1908 1E       		.byte	0x1e
 18287 1909 1C       		.byte	0x1c
 18288 190a 32       		.byte	0x32
 18289 190b 24       		.byte	0x24
 18290 190c F3       		.byte	0xf3
 18291 190d 01       		.uleb128 0x1
 18292 190e 50       		.byte	0x50
 18293 190f 06       		.byte	0x6
ARM GAS  /tmp/ccHvmxP5.s 			page 322


 18294 1910 22       		.byte	0x22
 18295 1911 00000000 		.4byte	0
 18296 1915 00000000 		.4byte	0
 18297              	.LVUS11:
 18298 1919 00       		.uleb128 .LVU50
 18299 191a 00       		.uleb128 .LVU58
 18300 191b 00       		.uleb128 .LVU58
 18301 191c 00       		.uleb128 0
 18302              	.LLST11:
 18303 191d AE000000 		.4byte	.LVL13
 18304 1921 BE000000 		.4byte	.LVL16
 18305 1925 0200     		.2byte	0x2
 18306 1927 90       		.byte	0x90
 18307 1928 4C       		.uleb128 0x4c
 18308 1929 BE000000 		.4byte	.LVL16
 18309 192d DC000000 		.4byte	.LFE488
 18310 1931 0200     		.2byte	0x2
 18311 1933 71       		.byte	0x71
 18312 1934 00       		.sleb128 0
 18313 1935 00000000 		.4byte	0
 18314 1939 00000000 		.4byte	0
 18315              	.LVUS12:
 18316 193d 01       		.uleb128 .LVU51
 18317 193e 00       		.uleb128 .LVU66
 18318 193f 00       		.uleb128 .LVU66
 18319 1940 00       		.uleb128 0
 18320              	.LLST12:
 18321 1941 AE000000 		.4byte	.LVL13
 18322 1945 DA000000 		.4byte	.LVL20
 18323 1949 0200     		.2byte	0x2
 18324 194b 90       		.byte	0x90
 18325 194c 40       		.uleb128 0x40
 18326 194d DA000000 		.4byte	.LVL20
 18327 1951 DC000000 		.4byte	.LFE488
 18328 1955 0900     		.2byte	0x9
 18329 1957 74       		.byte	0x74
 18330 1958 7F       		.sleb128 -1
 18331 1959 32       		.byte	0x32
 18332 195a 24       		.byte	0x24
 18333 195b F3       		.byte	0xf3
 18334 195c 01       		.uleb128 0x1
 18335 195d 50       		.byte	0x50
 18336 195e 06       		.byte	0x6
 18337 195f 22       		.byte	0x22
 18338 1960 00000000 		.4byte	0
 18339 1964 00000000 		.4byte	0
 18340              	.LVUS13:
 18341 1968 02       		.uleb128 .LVU52
 18342 1969 00       		.uleb128 0
 18343              	.LLST13:
 18344 196a AE000000 		.4byte	.LVL13
 18345 196e DC000000 		.4byte	.LFE488
 18346 1972 0C00     		.2byte	0xc
 18347 1974 F5       		.byte	0xf5
 18348 1975 49       		.uleb128 0x49
 18349 1976 25       		.uleb128 0x25
 18350 1977 F4       		.byte	0xf4
ARM GAS  /tmp/ccHvmxP5.s 			page 323


 18351 1978 25       		.uleb128 0x25
 18352 1979 04       		.byte	0x4
 18353 197a 0000003F 		.4byte	0x3f000000
 18354 197e 1E       		.byte	0x1e
 18355 197f 9F       		.byte	0x9f
 18356 1980 00000000 		.4byte	0
 18357 1984 00000000 		.4byte	0
 18358              	.LVUS14:
 18359 1988 00       		.uleb128 .LVU56
 18360 1989 00       		.uleb128 .LVU63
 18361              	.LLST14:
 18362 198a BA000000 		.4byte	.LVL15
 18363 198e CE000000 		.4byte	.LVL19
 18364 1992 0200     		.2byte	0x2
 18365 1994 90       		.byte	0x90
 18366 1995 4E       		.uleb128 0x4e
 18367 1996 00000000 		.4byte	0
 18368 199a 00000000 		.4byte	0
 18369              	.LVUS15:
 18370 199e 00       		.uleb128 .LVU61
 18371 199f 00       		.uleb128 0
 18372              	.LLST15:
 18373 19a0 CA000000 		.4byte	.LVL18
 18374 19a4 DC000000 		.4byte	.LFE488
 18375 19a8 0200     		.2byte	0x2
 18376 19aa 90       		.byte	0x90
 18377 19ab 4D       		.uleb128 0x4d
 18378 19ac 00000000 		.4byte	0
 18379 19b0 00000000 		.4byte	0
 18380              		.section	.debug_aranges,"",%progbits
 18381 0000 64000000 		.4byte	0x64
 18382 0004 0200     		.2byte	0x2
 18383 0006 00000000 		.4byte	.Ldebug_info0
 18384 000a 04       		.byte	0x4
 18385 000b 00       		.byte	0
 18386 000c 0000     		.2byte	0
 18387 000e 0000     		.2byte	0
 18388 0010 00000000 		.4byte	.Ltext0
 18389 0014 76010000 		.4byte	.Letext0-.Ltext0
 18390 0018 00000000 		.4byte	.LFB488
 18391 001c DC000000 		.4byte	.LFE488-.LFB488
 18392 0020 00000000 		.4byte	.LFB494
 18393 0024 16000000 		.4byte	.LFE494-.LFB494
 18394 0028 00000000 		.4byte	.LFB495
 18395 002c 88000000 		.4byte	.LFE495-.LFB495
 18396 0030 00000000 		.4byte	.LFB496
 18397 0034 84000000 		.4byte	.LFE496-.LFB496
 18398 0038 00000000 		.4byte	.LFB497
 18399 003c 46000000 		.4byte	.LFE497-.LFB497
 18400 0040 00000000 		.4byte	.LFB502
 18401 0044 BC000000 		.4byte	.LFE502-.LFB502
 18402 0048 00000000 		.4byte	.LFB504
 18403 004c EC030000 		.4byte	.LFE504-.LFB504
 18404 0050 00000000 		.4byte	.LFB511
 18405 0054 34010000 		.4byte	.LFE511-.LFB511
 18406 0058 00000000 		.4byte	.LFB537
 18407 005c 68000000 		.4byte	.LFE537-.LFB537
ARM GAS  /tmp/ccHvmxP5.s 			page 324


 18408 0060 00000000 		.4byte	0
 18409 0064 00000000 		.4byte	0
 18410              		.section	.debug_ranges,"",%progbits
 18411              	.Ldebug_ranges0:
 18412 0000 0E000000 		.4byte	.LBB118
 18413 0004 12000000 		.4byte	.LBE118
 18414 0008 18000000 		.4byte	.LBB214
 18415 000c 1C000000 		.4byte	.LBE214
 18416 0010 20000000 		.4byte	.LBB215
 18417 0014 A0030000 		.4byte	.LBE215
 18418 0018 00000000 		.4byte	0
 18419 001c 00000000 		.4byte	0
 18420 0020 18000000 		.4byte	.LBB119
 18421 0024 1C000000 		.4byte	.LBE119
 18422 0028 28000000 		.4byte	.LBB211
 18423 002c 92020000 		.4byte	.LBE211
 18424 0030 96020000 		.4byte	.LBB212
 18425 0034 B6020000 		.4byte	.LBE212
 18426 0038 B8020000 		.4byte	.LBB213
 18427 003c A0030000 		.4byte	.LBE213
 18428 0040 00000000 		.4byte	0
 18429 0044 00000000 		.4byte	0
 18430 0048 18000000 		.4byte	.LBB123
 18431 004c 1C000000 		.4byte	.LBE123
 18432 0050 CE020000 		.4byte	.LBB134
 18433 0054 46030000 		.4byte	.LBE134
 18434 0058 48030000 		.4byte	.LBB135
 18435 005c 54030000 		.4byte	.LBE135
 18436 0060 00000000 		.4byte	0
 18437 0064 00000000 		.4byte	0
 18438 0068 EA020000 		.4byte	.LBB124
 18439 006c 06030000 		.4byte	.LBE124
 18440 0070 48030000 		.4byte	.LBB132
 18441 0074 4E030000 		.4byte	.LBE132
 18442 0078 00000000 		.4byte	0
 18443 007c 00000000 		.4byte	0
 18444 0080 16030000 		.4byte	.LBB127
 18445 0084 1A030000 		.4byte	.LBE127
 18446 0088 1C030000 		.4byte	.LBB131
 18447 008c 34030000 		.4byte	.LBE131
 18448 0090 4E030000 		.4byte	.LBB133
 18449 0094 54030000 		.4byte	.LBE133
 18450 0098 00000000 		.4byte	0
 18451 009c 00000000 		.4byte	0
 18452 00a0 DE000000 		.4byte	.LBB136
 18453 00a4 F2000000 		.4byte	.LBE136
 18454 00a8 54030000 		.4byte	.LBB153
 18455 00ac 94030000 		.4byte	.LBE153
 18456 00b0 00000000 		.4byte	0
 18457 00b4 00000000 		.4byte	0
 18458 00b8 FC000000 		.4byte	.LBB138
 18459 00bc 84010000 		.4byte	.LBE138
 18460 00c0 B8020000 		.4byte	.LBB149
 18461 00c4 C4020000 		.4byte	.LBE149
 18462 00c8 00000000 		.4byte	0
 18463 00cc 00000000 		.4byte	0
 18464 00d0 24010000 		.4byte	.LBB139
ARM GAS  /tmp/ccHvmxP5.s 			page 325


 18465 00d4 42010000 		.4byte	.LBE139
 18466 00d8 B8020000 		.4byte	.LBB147
 18467 00dc BE020000 		.4byte	.LBE147
 18468 00e0 00000000 		.4byte	0
 18469 00e4 00000000 		.4byte	0
 18470 00e8 52010000 		.4byte	.LBB142
 18471 00ec 56010000 		.4byte	.LBE142
 18472 00f0 58010000 		.4byte	.LBB146
 18473 00f4 72010000 		.4byte	.LBE146
 18474 00f8 BE020000 		.4byte	.LBB148
 18475 00fc C4020000 		.4byte	.LBE148
 18476 0100 00000000 		.4byte	0
 18477 0104 00000000 		.4byte	0
 18478 0108 28000000 		.4byte	.LBB156
 18479 010c 2A000000 		.4byte	.LBE156
 18480 0110 2E000000 		.4byte	.LBB162
 18481 0114 34000000 		.4byte	.LBE162
 18482 0118 3C000000 		.4byte	.LBB163
 18483 011c 44000000 		.4byte	.LBE163
 18484 0120 48000000 		.4byte	.LBB164
 18485 0124 58000000 		.4byte	.LBE164
 18486 0128 5E000000 		.4byte	.LBB170
 18487 012c 60000000 		.4byte	.LBE170
 18488 0130 00000000 		.4byte	0
 18489 0134 00000000 		.4byte	0
 18490 0138 58000000 		.4byte	.LBB165
 18491 013c 5E000000 		.4byte	.LBE165
 18492 0140 68000000 		.4byte	.LBB171
 18493 0144 76000000 		.4byte	.LBE171
 18494 0148 82000000 		.4byte	.LBB172
 18495 014c 86000000 		.4byte	.LBE172
 18496 0150 8A000000 		.4byte	.LBB173
 18497 0154 92000000 		.4byte	.LBE173
 18498 0158 00000000 		.4byte	0
 18499 015c 00000000 		.4byte	0
 18500 0160 96000000 		.4byte	.LBB174
 18501 0164 98000000 		.4byte	.LBE174
 18502 0168 A2000000 		.4byte	.LBB177
 18503 016c C0000000 		.4byte	.LBE177
 18504 0170 00000000 		.4byte	0
 18505 0174 00000000 		.4byte	0
 18506 0178 C4010000 		.4byte	.LBB179
 18507 017c CE010000 		.4byte	.LBE179
 18508 0180 D2010000 		.4byte	.LBB182
 18509 0184 E0010000 		.4byte	.LBE182
 18510 0188 00000000 		.4byte	0
 18511 018c 00000000 		.4byte	0
 18512 0190 E8010000 		.4byte	.LBB183
 18513 0194 EE010000 		.4byte	.LBE183
 18514 0198 F6010000 		.4byte	.LBB208
 18515 019c 88020000 		.4byte	.LBE208
 18516 01a0 9A030000 		.4byte	.LBB210
 18517 01a4 A0030000 		.4byte	.LBE210
 18518 01a8 00000000 		.4byte	0
 18519 01ac 00000000 		.4byte	0
 18520 01b0 E8010000 		.4byte	.LBB184
 18521 01b4 EE010000 		.4byte	.LBE184
ARM GAS  /tmp/ccHvmxP5.s 			page 326


 18522 01b8 F6010000 		.4byte	.LBB205
 18523 01bc 7E020000 		.4byte	.LBE205
 18524 01c0 80020000 		.4byte	.LBB206
 18525 01c4 84020000 		.4byte	.LBE206
 18526 01c8 9A030000 		.4byte	.LBB207
 18527 01cc A0030000 		.4byte	.LBE207
 18528 01d0 00000000 		.4byte	0
 18529 01d4 00000000 		.4byte	0
 18530 01d8 E8010000 		.4byte	.LBB185
 18531 01dc EE010000 		.4byte	.LBE185
 18532 01e0 F6010000 		.4byte	.LBB192
 18533 01e4 FE010000 		.4byte	.LBE192
 18534 01e8 02020000 		.4byte	.LBB198
 18535 01ec 04020000 		.4byte	.LBE198
 18536 01f0 08020000 		.4byte	.LBB199
 18537 01f4 0A020000 		.4byte	.LBE199
 18538 01f8 28020000 		.4byte	.LBB200
 18539 01fc 28020000 		.4byte	.LBE200
 18540 0200 38020000 		.4byte	.LBB202
 18541 0204 50020000 		.4byte	.LBE202
 18542 0208 00000000 		.4byte	0
 18543 020c 00000000 		.4byte	0
 18544 0210 FE010000 		.4byte	.LBB193
 18545 0214 02020000 		.4byte	.LBE193
 18546 0218 30020000 		.4byte	.LBB201
 18547 021c 38020000 		.4byte	.LBE201
 18548 0220 50020000 		.4byte	.LBB203
 18549 0224 62020000 		.4byte	.LBE203
 18550 0228 9A030000 		.4byte	.LBB204
 18551 022c A0030000 		.4byte	.LBE204
 18552 0230 00000000 		.4byte	0
 18553 0234 00000000 		.4byte	0
 18554 0238 6E000000 		.4byte	.LBB228
 18555 023c 70000000 		.4byte	.LBE228
 18556 0240 74000000 		.4byte	.LBB259
 18557 0244 78000000 		.4byte	.LBE259
 18558 0248 7C000000 		.4byte	.LBB260
 18559 024c C6000000 		.4byte	.LBE260
 18560 0250 CA000000 		.4byte	.LBB261
 18561 0254 CE000000 		.4byte	.LBE261
 18562 0258 D8000000 		.4byte	.LBB262
 18563 025c DA000000 		.4byte	.LBE262
 18564 0260 E2000000 		.4byte	.LBB263
 18565 0264 E6000000 		.4byte	.LBE263
 18566 0268 00000000 		.4byte	0
 18567 026c 00000000 		.4byte	0
 18568 0270 6E000000 		.4byte	.LBB230
 18569 0274 70000000 		.4byte	.LBE230
 18570 0278 74000000 		.4byte	.LBB236
 18571 027c 78000000 		.4byte	.LBE236
 18572 0280 7E000000 		.4byte	.LBB237
 18573 0284 84000000 		.4byte	.LBE237
 18574 0288 86000000 		.4byte	.LBB238
 18575 028c 88000000 		.4byte	.LBE238
 18576 0290 8C000000 		.4byte	.LBB246
 18577 0294 94000000 		.4byte	.LBE246
 18578 0298 00000000 		.4byte	0
ARM GAS  /tmp/ccHvmxP5.s 			page 327


 18579 029c 00000000 		.4byte	0
 18580 02a0 88000000 		.4byte	.LBB239
 18581 02a4 8C000000 		.4byte	.LBE239
 18582 02a8 BA000000 		.4byte	.LBB249
 18583 02ac BE000000 		.4byte	.LBE249
 18584 02b0 C2000000 		.4byte	.LBB250
 18585 02b4 C6000000 		.4byte	.LBE250
 18586 02b8 CA000000 		.4byte	.LBB251
 18587 02bc CE000000 		.4byte	.LBE251
 18588 02c0 D8000000 		.4byte	.LBB252
 18589 02c4 DA000000 		.4byte	.LBE252
 18590 02c8 E2000000 		.4byte	.LBB253
 18591 02cc E6000000 		.4byte	.LBE253
 18592 02d0 00000000 		.4byte	0
 18593 02d4 00000000 		.4byte	0
 18594 02d8 EA000000 		.4byte	.LBB264
 18595 02dc EE000000 		.4byte	.LBE264
 18596 02e0 F0000000 		.4byte	.LBB268
 18597 02e4 F2000000 		.4byte	.LBE268
 18598 02e8 F2000000 		.4byte	.LBB269
 18599 02ec FC000000 		.4byte	.LBE269
 18600 02f0 00000000 		.4byte	0
 18601 02f4 00000000 		.4byte	0
 18602 02f8 1C000000 		.4byte	.LBB278
 18603 02fc 1C000000 		.4byte	.LBE278
 18604 0300 1E000000 		.4byte	.LBB283
 18605 0304 56000000 		.4byte	.LBE283
 18606 0308 00000000 		.4byte	0
 18607 030c 00000000 		.4byte	0
 18608 0310 5C000000 		.4byte	.LBB298
 18609 0314 5C000000 		.4byte	.LBE298
 18610 0318 5E000000 		.4byte	.LBB329
 18611 031c 64000000 		.4byte	.LBE329
 18612 0320 66000000 		.4byte	.LBB330
 18613 0324 66000000 		.4byte	.LBE330
 18614 0328 6A000000 		.4byte	.LBB331
 18615 032c 8E000000 		.4byte	.LBE331
 18616 0330 92000000 		.4byte	.LBB332
 18617 0334 02010000 		.4byte	.LBE332
 18618 0338 04010000 		.4byte	.LBB333
 18619 033c 28010000 		.4byte	.LBE333
 18620 0340 00000000 		.4byte	0
 18621 0344 00000000 		.4byte	0
 18622 0348 66000000 		.4byte	.LBB300
 18623 034c 66000000 		.4byte	.LBE300
 18624 0350 6A000000 		.4byte	.LBB303
 18625 0354 8E000000 		.4byte	.LBE303
 18626 0358 00000000 		.4byte	0
 18627 035c 00000000 		.4byte	0
 18628 0360 92000000 		.4byte	.LBB304
 18629 0364 9A000000 		.4byte	.LBE304
 18630 0368 9C000000 		.4byte	.LBB310
 18631 036c A0000000 		.4byte	.LBE310
 18632 0370 A2000000 		.4byte	.LBB311
 18633 0374 A6000000 		.4byte	.LBE311
 18634 0378 AA000000 		.4byte	.LBB312
 18635 037c DE000000 		.4byte	.LBE312
ARM GAS  /tmp/ccHvmxP5.s 			page 328


 18636 0380 04010000 		.4byte	.LBB323
 18637 0384 28010000 		.4byte	.LBE323
 18638 0388 00000000 		.4byte	0
 18639 038c 00000000 		.4byte	0
 18640 0390 DE000000 		.4byte	.LBB315
 18641 0394 E6000000 		.4byte	.LBE315
 18642 0398 E8000000 		.4byte	.LBB320
 18643 039c EC000000 		.4byte	.LBE320
 18644 03a0 F2000000 		.4byte	.LBB321
 18645 03a4 F2000000 		.4byte	.LBE321
 18646 03a8 F6000000 		.4byte	.LBB322
 18647 03ac FA000000 		.4byte	.LBE322
 18648 03b0 00000000 		.4byte	0
 18649 03b4 00000000 		.4byte	0
 18650 03b8 50010000 		.4byte	.LBB342
 18651 03bc 50010000 		.4byte	.LBE342
 18652 03c0 54010000 		.4byte	.LBB347
 18653 03c4 66010000 		.4byte	.LBE347
 18654 03c8 00000000 		.4byte	0
 18655 03cc 00000000 		.4byte	0
 18656 03d0 00000000 		.4byte	.LBB374
 18657 03d4 00000000 		.4byte	.LBE374
 18658 03d8 02000000 		.4byte	.LBB411
 18659 03dc 5E000000 		.4byte	.LBE411
 18660 03e0 00000000 		.4byte	0
 18661 03e4 00000000 		.4byte	0
 18662 03e8 00000000 		.4byte	.LBB377
 18663 03ec 00000000 		.4byte	.LBE377
 18664 03f0 02000000 		.4byte	.LBB408
 18665 03f4 5E000000 		.4byte	.LBE408
 18666 03f8 00000000 		.4byte	0
 18667 03fc 00000000 		.4byte	0
 18668 0400 00000000 		.4byte	.LBB380
 18669 0404 00000000 		.4byte	.LBE380
 18670 0408 02000000 		.4byte	.LBB403
 18671 040c 3E000000 		.4byte	.LBE403
 18672 0410 40000000 		.4byte	.LBB404
 18673 0414 42000000 		.4byte	.LBE404
 18674 0418 52000000 		.4byte	.LBB405
 18675 041c 5E000000 		.4byte	.LBE405
 18676 0420 00000000 		.4byte	0
 18677 0424 00000000 		.4byte	0
 18678 0428 12000000 		.4byte	.LBB383
 18679 042c 16000000 		.4byte	.LBE383
 18680 0430 28000000 		.4byte	.LBB388
 18681 0434 2C000000 		.4byte	.LBE388
 18682 0438 00000000 		.4byte	0
 18683 043c 00000000 		.4byte	0
 18684 0440 34000000 		.4byte	.LBB392
 18685 0444 34000000 		.4byte	.LBE392
 18686 0448 52000000 		.4byte	.LBB395
 18687 044c 56000000 		.4byte	.LBE395
 18688 0450 00000000 		.4byte	0
 18689 0454 00000000 		.4byte	0
 18690 0458 00000000 		.4byte	.Ltext0
 18691 045c 76010000 		.4byte	.Letext0
 18692 0460 00000000 		.4byte	.LFB488
ARM GAS  /tmp/ccHvmxP5.s 			page 329


 18693 0464 DC000000 		.4byte	.LFE488
 18694 0468 00000000 		.4byte	.LFB494
 18695 046c 16000000 		.4byte	.LFE494
 18696 0470 00000000 		.4byte	.LFB495
 18697 0474 88000000 		.4byte	.LFE495
 18698 0478 00000000 		.4byte	.LFB496
 18699 047c 84000000 		.4byte	.LFE496
 18700 0480 00000000 		.4byte	.LFB497
 18701 0484 46000000 		.4byte	.LFE497
 18702 0488 00000000 		.4byte	.LFB502
 18703 048c BC000000 		.4byte	.LFE502
 18704 0490 00000000 		.4byte	.LFB504
 18705 0494 EC030000 		.4byte	.LFE504
 18706 0498 00000000 		.4byte	.LFB511
 18707 049c 34010000 		.4byte	.LFE511
 18708 04a0 00000000 		.4byte	.LFB537
 18709 04a4 68000000 		.4byte	.LFE537
 18710 04a8 00000000 		.4byte	0
 18711 04ac 00000000 		.4byte	0
 18712              		.section	.debug_line,"",%progbits
 18713              	.Ldebug_line0:
 18714 0000 710F0000 		.section	.debug_str,"MS",%progbits,1
 18714      03008202 
 18714      00000201 
 18714      FB0E0D00 
 18714      01010101 
 18715              	.LASF177:
 18716 0000 6664696D 		.ascii	"fdim\000"
 18716      00
 18717              	.LASF101:
 18718 0005 5F5A5374 		.ascii	"_ZSt4fmodee\000"
 18718      34666D6F 
 18718      64656500 
 18719              	.LASF40:
 18720 0011 5F5A5374 		.ascii	"_ZSt3absd\000"
 18720      33616273 
 18720      6400
 18721              	.LASF38:
 18722 001b 5F5A5374 		.ascii	"_ZSt3abse\000"
 18722      33616273 
 18722      6500
 18723              	.LASF39:
 18724 0025 5F5A5374 		.ascii	"_ZSt3absf\000"
 18724      33616273 
 18724      6600
 18725              	.LASF225:
 18726 002f 5F5A5374 		.ascii	"_ZSt10nexttowardee\000"
 18726      31306E65 
 18726      7874746F 
 18726      77617264 
 18726      656500
 18727              	.LASF2:
 18728 0042 696E7438 		.ascii	"int8_t\000"
 18728      5F7400
 18729              	.LASF623:
 18730 0049 6C657270 		.ascii	"lerpf\000"
 18730      6600
ARM GAS  /tmp/ccHvmxP5.s 			page 330


 18731              	.LASF42:
 18732 004f 5F5A5374 		.ascii	"_ZSt3absl\000"
 18732      33616273 
 18732      6C00
 18733              	.LASF244:
 18734 0059 5F5A5374 		.ascii	"_ZSt6scalbnfi\000"
 18734      36736361 
 18734      6C626E66 
 18734      6900
 18735              	.LASF619:
 18736 0067 6375746F 		.ascii	"cutoffHz\000"
 18736      6666487A 
 18736      00
 18737              	.LASF125:
 18738 0070 5F5A5374 		.ascii	"_ZSt7signbitd\000"
 18738      37736967 
 18738      6E626974 
 18738      6400
 18739              	.LASF124:
 18740 007e 5F5A5374 		.ascii	"_ZSt7signbite\000"
 18740      37736967 
 18740      6E626974 
 18740      6500
 18741              	.LASF126:
 18742 008c 5F5A5374 		.ascii	"_ZSt7signbitf\000"
 18742      37736967 
 18742      6E626974 
 18742      6600
 18743              	.LASF41:
 18744 009a 5F5A5374 		.ascii	"_ZSt3absx\000"
 18744      33616273 
 18744      7800
 18745              	.LASF649:
 18746 00a4 5F5F6C6F 		.ascii	"__locale_t\000"
 18746      63616C65 
 18746      5F7400
 18747              	.LASF263:
 18748 00af 5F5F7661 		.ascii	"__value\000"
 18748      6C756500 
 18749              	.LASF421:
 18750 00b7 6B5F756E 		.ascii	"k_unit_err_geometry\000"
 18750      69745F65 
 18750      72725F67 
 18750      656F6D65 
 18750      74727900 
 18751              	.LASF354:
 18752 00cb 5F5F7366 		.ascii	"__sf\000"
 18752      00
 18753              	.LASF589:
 18754 00d0 756E6974 		.ascii	"unit_suspend\000"
 18754      5F737573 
 18754      70656E64 
 18754      00
 18755              	.LASF187:
 18756 00dd 5F5A5374 		.ascii	"_ZSt4fminff\000"
 18756      34666D69 
 18756      6E666600 
ARM GAS  /tmp/ccHvmxP5.s 			page 331


 18757              	.LASF81:
 18758 00e9 5F5A5374 		.ascii	"_ZSt5log10e\000"
 18758      356C6F67 
 18758      31306500 
 18759              	.LASF82:
 18760 00f5 5F5A5374 		.ascii	"_ZSt5log10f\000"
 18760      356C6F67 
 18760      31306600 
 18761              	.LASF541:
 18762 0101 5F66696C 		.ascii	"_filterR\000"
 18762      74657252 
 18762      00
 18763              	.LASF299:
 18764 010a 5F726561 		.ascii	"_read\000"
 18764      6400
 18765              	.LASF643:
 18766 0110 2F776F72 		.ascii	"/workspace/nts-3_kaoss/underpass-genericfx\000"
 18766      6B737061 
 18766      63652F6E 
 18766      74732D33 
 18766      5F6B616F 
 18767              	.LASF585:
 18768 013b 756E6974 		.ascii	"unit_get_param_value\000"
 18768      5F676574 
 18768      5F706172 
 18768      616D5F76 
 18768      616C7565 
 18769              	.LASF300:
 18770 0150 5F777269 		.ascii	"_write\000"
 18770      746500
 18771              	.LASF526:
 18772 0157 73657441 		.ascii	"setActivity\000"
 18772      63746976 
 18772      69747900 
 18773              	.LASF579:
 18774 0163 756E6974 		.ascii	"unit_touch_event\000"
 18774      5F746F75 
 18774      63685F65 
 18774      76656E74 
 18774      00
 18775              	.LASF33:
 18776 0174 75696E74 		.ascii	"uint_fast64_t\000"
 18776      5F666173 
 18776      7436345F 
 18776      7400
 18777              	.LASF5:
 18778 0182 696E7433 		.ascii	"int32_t\000"
 18778      325F7400 
 18779              	.LASF314:
 18780 018a 5F617363 		.ascii	"_asctime_buf\000"
 18780      74696D65 
 18780      5F627566 
 18780      00
 18781              	.LASF659:
 18782 0197 5F5A5A4E 		.ascii	"_ZZNK6Effect20getParameterStrValueEhlE5names\000"
 18782      4B364566 
 18782      66656374 
ARM GAS  /tmp/ccHvmxP5.s 			page 332


 18782      32306765 
 18782      74506172 
 18783              	.LASF348:
 18784 01c4 5F637674 		.ascii	"_cvtlen\000"
 18784      6C656E00 
 18785              	.LASF88:
 18786 01cc 73717274 		.ascii	"sqrt\000"
 18786      00
 18787              	.LASF478:
 18788 01d1 6C6C6469 		.ascii	"lldiv\000"
 18788      7600
 18789              	.LASF222:
 18790 01d7 5F5A5374 		.ascii	"_ZSt9nextafteree\000"
 18790      396E6578 
 18790      74616674 
 18790      65726565 
 18790      00
 18791              	.LASF185:
 18792 01e8 666D696E 		.ascii	"fmin\000"
 18792      00
 18793              	.LASF195:
 18794 01ed 5F5A5374 		.ascii	"_ZSt6lgammae\000"
 18794      366C6761 
 18794      6D6D6165 
 18794      00
 18795              	.LASF196:
 18796 01fa 5F5A5374 		.ascii	"_ZSt6lgammaf\000"
 18796      366C6761 
 18796      6D6D6166 
 18796      00
 18797              	.LASF273:
 18798 0207 5F5F746D 		.ascii	"__tm\000"
 18798      00
 18799              	.LASF329:
 18800 020c 5F776373 		.ascii	"_wcsrtombs_state\000"
 18800      72746F6D 
 18800      62735F73 
 18800      74617465 
 18800      00
 18801              	.LASF304:
 18802 021d 5F6E6275 		.ascii	"_nbuf\000"
 18802      6600
 18803              	.LASF274:
 18804 0223 5F5F746D 		.ascii	"__tm_sec\000"
 18804      5F736563 
 18804      00
 18805              	.LASF147:
 18806 022c 6973756E 		.ascii	"isunordered\000"
 18806      6F726465 
 18806      72656400 
 18807              	.LASF322:
 18808 0238 5F6C3634 		.ascii	"_l64a_buf\000"
 18808      615F6275 
 18808      6600
 18809              	.LASF380:
 18810 0242 6B5F756E 		.ascii	"k_unit_api_2_0_0\000"
 18810      69745F61 
ARM GAS  /tmp/ccHvmxP5.s 			page 333


 18810      70695F32 
 18810      5F305F30 
 18810      00
 18811              	.LASF480:
 18812 0253 73747274 		.ascii	"strtoll\000"
 18812      6F6C6C00 
 18813              	.LASF419:
 18814 025b 6B5F756E 		.ascii	"k_unit_err_api_version\000"
 18814      69745F65 
 18814      72725F61 
 18814      70695F76 
 18814      65727369 
 18815              	.LASF226:
 18816 0272 5F5A5374 		.ascii	"_ZSt10nexttowardfe\000"
 18816      31306E65 
 18816      7874746F 
 18816      77617264 
 18816      666500
 18817              	.LASF293:
 18818 0285 5F73697A 		.ascii	"_size\000"
 18818      6500
 18819              	.LASF398:
 18820 028b 756E6974 		.ascii	"unit_param\000"
 18820      5F706172 
 18820      616D00
 18821              	.LASF449:
 18822 0296 67656E65 		.ascii	"genericfx_param_mapping\000"
 18822      72696366 
 18822      785F7061 
 18822      72616D5F 
 18822      6D617070 
 18823              	.LASF308:
 18824 02ae 5F6C6F63 		.ascii	"_lock\000"
 18824      6B00
 18825              	.LASF22:
 18826 02b4 75696E74 		.ascii	"uint_least16_t\000"
 18826      5F6C6561 
 18826      73743136 
 18826      5F7400
 18827              	.LASF180:
 18828 02c3 5F5A5374 		.ascii	"_ZSt3fmaeee\000"
 18828      33666D61 
 18828      65656500 
 18829              	.LASF565:
 18830 02cf 5F5A4E4B 		.ascii	"_ZNK6Effect20getParameterStrValueEhl\000"
 18830      36456666 
 18830      65637432 
 18830      30676574 
 18830      50617261 
 18831              	.LASF25:
 18832 02f4 696E745F 		.ascii	"int_fast8_t\000"
 18832      66617374 
 18832      385F7400 
 18833              	.LASF243:
 18834 0300 5F5A5374 		.ascii	"_ZSt6scalbnei\000"
 18834      36736361 
 18834      6C626E65 
ARM GAS  /tmp/ccHvmxP5.s 			page 334


 18834      6900
 18835              	.LASF569:
 18836 030e 5F5A4E36 		.ascii	"_ZN6Effect14tempo4ppqnTickEm\000"
 18836      45666665 
 18836      63743134 
 18836      74656D70 
 18836      6F347070 
 18837              	.LASF68:
 18838 032b 5F5A5374 		.ascii	"_ZSt4tanhe\000"
 18838      3474616E 
 18838      686500
 18839              	.LASF69:
 18840 0336 5F5A5374 		.ascii	"_ZSt4tanhf\000"
 18840      3474616E 
 18840      686600
 18841              	.LASF401:
 18842 0341 74797065 		.ascii	"type\000"
 18842      00
 18843              	.LASF362:
 18844 0346 5F6D756C 		.ascii	"_mult\000"
 18844      7400
 18845              	.LASF213:
 18846 034c 5F5A5374 		.ascii	"_ZSt5lrinte\000"
 18846      356C7269 
 18846      6E746500 
 18847              	.LASF214:
 18848 0358 5F5A5374 		.ascii	"_ZSt5lrintf\000"
 18848      356C7269 
 18848      6E746600 
 18849              	.LASF461:
 18850 0364 61746F69 		.ascii	"atoi\000"
 18850      00
 18851              	.LASF191:
 18852 0369 696C6F67 		.ascii	"ilogb\000"
 18852      6200
 18853              	.LASF389:
 18854 036f 756E6974 		.ascii	"unit_runtime_hooks_t\000"
 18854      5F72756E 
 18854      74696D65 
 18854      5F686F6F 
 18854      6B735F74 
 18855              	.LASF253:
 18856 0384 646F7562 		.ascii	"double\000"
 18856      6C6500
 18857              	.LASF612:
 18858 038b 64656C61 		.ascii	"delay\000"
 18858      7900
 18859              	.LASF575:
 18860 0391 5F627970 		.ascii	"_bypassed\000"
 18860      61737365 
 18860      6400
 18861              	.LASF479:
 18862 039b 61746F6C 		.ascii	"atoll\000"
 18862      6C00
 18863              	.LASF223:
 18864 03a1 5F5A5374 		.ascii	"_ZSt9nextafterff\000"
 18864      396E6578 
ARM GAS  /tmp/ccHvmxP5.s 			page 335


 18864      74616674 
 18864      65726666 
 18864      00
 18865              	.LASF149:
 18866 03b2 5F5A5374 		.ascii	"_ZSt11isunordereddd\000"
 18866      31316973 
 18866      756E6F72 
 18866      64657265 
 18866      64646400 
 18867              	.LASF566:
 18868 03c6 73657454 		.ascii	"setTempo\000"
 18868      656D706F 
 18868      00
 18869              	.LASF32:
 18870 03cf 75696E74 		.ascii	"uint_fast32_t\000"
 18870      5F666173 
 18870      7433325F 
 18870      7400
 18871              	.LASF591:
 18872 03dd 756E6974 		.ascii	"unit_reset\000"
 18872      5F726573 
 18872      657400
 18873              	.LASF260:
 18874 03e8 5F5F7763 		.ascii	"__wch\000"
 18874      6800
 18875              	.LASF580:
 18876 03ee 70686173 		.ascii	"phase\000"
 18876      6500
 18877              	.LASF204:
 18878 03f4 5F5A5374 		.ascii	"_ZSt5log1pe\000"
 18878      356C6F67 
 18878      31706500 
 18879              	.LASF205:
 18880 0400 5F5A5374 		.ascii	"_ZSt5log1pf\000"
 18880      356C6F67 
 18880      31706600 
 18881              	.LASF224:
 18882 040c 6E657874 		.ascii	"nexttoward\000"
 18882      746F7761 
 18882      726400
 18883              	.LASF270:
 18884 0417 5F736967 		.ascii	"_sign\000"
 18884      6E00
 18885              	.LASF296:
 18886 041d 5F66696C 		.ascii	"_file\000"
 18886      6500
 18887              	.LASF460:
 18888 0423 61746F66 		.ascii	"atof\000"
 18888      00
 18889              	.LASF418:
 18890 0428 6B5F756E 		.ascii	"k_unit_err_target\000"
 18890      69745F65 
 18890      72725F74 
 18890      61726765 
 18890      7400
 18891              	.LASF283:
 18892 043a 5F6F6E5F 		.ascii	"_on_exit_args\000"
ARM GAS  /tmp/ccHvmxP5.s 			page 336


 18892      65786974 
 18892      5F617267 
 18892      7300
 18893              	.LASF605:
 18894 0448 64696666 		.ascii	"diff\000"
 18894      00
 18895              	.LASF462:
 18896 044d 61746F6C 		.ascii	"atol\000"
 18896      00
 18897              	.LASF536:
 18898 0452 5F726561 		.ascii	"_readSpeed\000"
 18898      64537065 
 18898      656400
 18899              	.LASF393:
 18900 045d 6672616D 		.ascii	"frames_per_buffer\000"
 18900      65735F70 
 18900      65725F62 
 18900      75666665 
 18900      7200
 18901              	.LASF426:
 18902 046f 6D696469 		.ascii	"midi_to_hz_lut_f\000"
 18902      5F746F5F 
 18902      687A5F6C 
 18902      75745F66 
 18902      00
 18903              	.LASF325:
 18904 0480 5F6D6272 		.ascii	"_mbrlen_state\000"
 18904      6C656E5F 
 18904      73746174 
 18904      6500
 18905              	.LASF446:
 18906 048e 6B5F6678 		.ascii	"k_fx_api_platform\000"
 18906      5F617069 
 18906      5F706C61 
 18906      74666F72 
 18906      6D00
 18907              	.LASF148:
 18908 04a0 5F5A5374 		.ascii	"_ZSt11isunorderedee\000"
 18908      31316973 
 18908      756E6F72 
 18908      64657265 
 18908      64656500 
 18909              	.LASF6:
 18910 04b4 6C6F6E67 		.ascii	"long int\000"
 18910      20696E74 
 18910      00
 18911              	.LASF364:
 18912 04bd 5F696D70 		.ascii	"_impure_ptr\000"
 18912      7572655F 
 18912      70747200 
 18913              	.LASF345:
 18914 04c9 5F726573 		.ascii	"_result_k\000"
 18914      756C745F 
 18914      6B00
 18915              	.LASF604:
 18916 04d3 6D617843 		.ascii	"maxChange\000"
 18916      68616E67 
ARM GAS  /tmp/ccHvmxP5.s 			page 337


 18916      6500
 18917              	.LASF368:
 18918 04dd 31305F6D 		.ascii	"10_mbstate_t\000"
 18918      62737461 
 18918      74655F74 
 18918      00
 18919              	.LASF626:
 18920 04ea 5F5A3663 		.ascii	"_Z6clampffff\000"
 18920      6C616D70 
 18920      66666666 
 18920      00
 18921              	.LASF661:
 18922 04f7 5F5F6275 		.ascii	"__builtin_memset\000"
 18922      696C7469 
 18922      6E5F6D65 
 18922      6D736574 
 18922      00
 18923              	.LASF512:
 18924 0508 5F5A4E36 		.ascii	"_ZN6BiquadC4Ev\000"
 18924      42697175 
 18924      61644334 
 18924      457600
 18925              	.LASF315:
 18926 0517 5F6C6F63 		.ascii	"_localtime_buf\000"
 18926      616C7469 
 18926      6D655F62 
 18926      756600
 18927              	.LASF477:
 18928 0526 7763746F 		.ascii	"wctomb\000"
 18928      6D6200
 18929              	.LASF267:
 18930 052d 5F666C6F 		.ascii	"_flock_t\000"
 18930      636B5F74 
 18930      00
 18931              	.LASF219:
 18932 0536 5F5A5374 		.ascii	"_ZSt9nearbyinte\000"
 18932      396E6561 
 18932      72627969 
 18932      6E746500 
 18933              	.LASF220:
 18934 0546 5F5A5374 		.ascii	"_ZSt9nearbyintf\000"
 18934      396E6561 
 18934      72627969 
 18934      6E746600 
 18935              	.LASF632:
 18936 0556 636C6970 		.ascii	"clipminmaxi32\000"
 18936      6D696E6D 
 18936      61786933 
 18936      3200
 18937              	.LASF429:
 18938 0564 77745F73 		.ascii	"wt_saw_lut_f\000"
 18938      61775F6C 
 18938      75745F66 
 18938      00
 18939              	.LASF539:
 18940 0571 5F66696C 		.ascii	"_filterUpdateCount\000"
 18940      74657255 
ARM GAS  /tmp/ccHvmxP5.s 			page 338


 18940      70646174 
 18940      65436F75 
 18940      6E7400
 18941              	.LASF560:
 18942 0584 73657450 		.ascii	"setParameter\000"
 18942      6172616D 
 18942      65746572 
 18942      00
 18943              	.LASF651:
 18944 0591 72616E64 		.ascii	"rand\000"
 18944      00
 18945              	.LASF123:
 18946 0596 7369676E 		.ascii	"signbit\000"
 18946      62697400 
 18947              	.LASF178:
 18948 059e 5F5A5374 		.ascii	"_ZSt4fdimee\000"
 18948      34666469 
 18948      6D656500 
 18949              	.LASF590:
 18950 05aa 756E6974 		.ascii	"unit_resume\000"
 18950      5F726573 
 18950      756D6500 
 18951              	.LASF278:
 18952 05b6 5F5F746D 		.ascii	"__tm_mon\000"
 18952      5F6D6F6E 
 18952      00
 18953              	.LASF150:
 18954 05bf 5F5A5374 		.ascii	"_ZSt11isunorderedff\000"
 18954      31316973 
 18954      756E6F72 
 18954      64657265 
 18954      64666600 
 18955              	.LASF388:
 18956 05d3 73647261 		.ascii	"sdram_avail\000"
 18956      6D5F6176 
 18956      61696C00 
 18957              	.LASF67:
 18958 05df 74616E68 		.ascii	"tanh\000"
 18958      00
 18959              	.LASF572:
 18960 05e4 5F717561 		.ascii	"_quantiseActivity\000"
 18960      6E746973 
 18960      65416374 
 18960      69766974 
 18960      7900
 18961              	.LASF563:
 18962 05f6 5F5A4E4B 		.ascii	"_ZNK6Effect17getParameterValueEh\000"
 18962      36456666 
 18962      65637431 
 18962      37676574 
 18962      50617261 
 18963              	.LASF517:
 18964 0617 73657442 		.ascii	"setBPF\000"
 18964      504600
 18965              	.LASF24:
 18966 061e 75696E74 		.ascii	"uint_least64_t\000"
 18966      5F6C6561 
ARM GAS  /tmp/ccHvmxP5.s 			page 339


 18966      73743634 
 18966      5F7400
 18967              	.LASF95:
 18968 062d 5F5A5374 		.ascii	"_ZSt4fabse\000"
 18968      34666162 
 18968      736500
 18969              	.LASF96:
 18970 0638 5F5A5374 		.ascii	"_ZSt4fabsf\000"
 18970      34666162 
 18970      736600
 18971              	.LASF312:
 18972 0643 5F756E75 		.ascii	"_unused_rand\000"
 18972      7365645F 
 18972      72616E64 
 18972      00
 18973              	.LASF1:
 18974 0650 7369676E 		.ascii	"signed char\000"
 18974      65642063 
 18974      68617200 
 18975              	.LASF387:
 18976 065c 73647261 		.ascii	"sdram_free\000"
 18976      6D5F6672 
 18976      656500
 18977              	.LASF9:
 18978 0667 75696E74 		.ascii	"uint8_t\000"
 18978      385F7400 
 18979              	.LASF218:
 18980 066f 6E656172 		.ascii	"nearbyint\000"
 18980      6279696E 
 18980      7400
 18981              	.LASF50:
 18982 0679 5F5A5374 		.ascii	"_ZSt4atane\000"
 18982      34617461 
 18982      6E6500
 18983              	.LASF51:
 18984 0684 5F5A5374 		.ascii	"_ZSt4atanf\000"
 18984      34617461 
 18984      6E6600
 18985              	.LASF558:
 18986 068f 50726F63 		.ascii	"Process\000"
 18986      65737300 
 18987              	.LASF105:
 18988 0697 5F5A5374 		.ascii	"_ZSt10fpclassifyd\000"
 18988      31306670 
 18988      636C6173 
 18988      73696679 
 18988      6400
 18989              	.LASF104:
 18990 06a9 5F5A5374 		.ascii	"_ZSt10fpclassifye\000"
 18990      31306670 
 18990      636C6173 
 18990      73696679 
 18990      6500
 18991              	.LASF106:
 18992 06bb 5F5A5374 		.ascii	"_ZSt10fpclassifyf\000"
 18992      31306670 
 18992      636C6173 
ARM GAS  /tmp/ccHvmxP5.s 			page 340


 18992      73696679 
 18992      6600
 18993              	.LASF488:
 18994 06cd 6B4C7574 		.ascii	"kLutSize\000"
 18994      53697A65 
 18994      00
 18995              	.LASF475:
 18996 06d6 73797374 		.ascii	"system\000"
 18996      656D00
 18997              	.LASF111:
 18998 06dd 6973696E 		.ascii	"isinf\000"
 18998      6600
 18999              	.LASF431:
 19000 06e3 77745F73 		.ascii	"wt_sqr_lut_f\000"
 19000      71725F6C 
 19000      75745F66 
 19000      00
 19001              	.LASF207:
 19002 06f0 5F5A5374 		.ascii	"_ZSt4log2e\000"
 19002      346C6F67 
 19002      326500
 19003              	.LASF208:
 19004 06fb 5F5A5374 		.ascii	"_ZSt4log2f\000"
 19004      346C6F67 
 19004      326600
 19005              	.LASF554:
 19006 0706 52657375 		.ascii	"Resume\000"
 19006      6D6500
 19007              	.LASF103:
 19008 070d 6670636C 		.ascii	"fpclassify\000"
 19008      61737369 
 19008      667900
 19009              	.LASF448:
 19010 0718 706F7732 		.ascii	"pow2_lut_f\000"
 19010      5F6C7574 
 19010      5F6600
 19011              	.LASF169:
 19012 0723 5F5A5374 		.ascii	"_ZSt4erfce\000"
 19012      34657266 
 19012      636500
 19013              	.LASF170:
 19014 072e 5F5A5374 		.ascii	"_ZSt4erfcf\000"
 19014      34657266 
 19014      636600
 19015              	.LASF10:
 19016 0739 756E7369 		.ascii	"unsigned char\000"
 19016      676E6564 
 19016      20636861 
 19016      7200
 19017              	.LASF451:
 19018 0747 63757276 		.ascii	"curve\000"
 19018      6500
 19019              	.LASF397:
 19020 074d 756E6974 		.ascii	"unit_runtime_desc_t\000"
 19020      5F72756E 
 19020      74696D65 
 19020      5F646573 
ARM GAS  /tmp/ccHvmxP5.s 			page 341


 19020      635F7400 
 19021              	.LASF84:
 19022 0761 5F5A5374 		.ascii	"_ZSt4modfePe\000"
 19022      346D6F64 
 19022      66655065 
 19022      00
 19023              	.LASF430:
 19024 076e 77745F73 		.ascii	"wt_sqr_notes\000"
 19024      71725F6E 
 19024      6F746573 
 19024      00
 19025              	.LASF59:
 19026 077b 5F5A5374 		.ascii	"_ZSt3tane\000"
 19026      3374616E 
 19026      6500
 19027              	.LASF60:
 19028 0785 5F5A5374 		.ascii	"_ZSt3tanf\000"
 19028      3374616E 
 19028      6600
 19029              	.LASF139:
 19030 078f 69736C65 		.ascii	"islessequal\000"
 19030      73736571 
 19030      75616C00 
 19031              	.LASF454:
 19032 079b 67656E65 		.ascii	"genericfx_param_mapping_t\000"
 19032      72696366 
 19032      785F7061 
 19032      72616D5F 
 19032      6D617070 
 19033              	.LASF381:
 19034 07b5 756E6974 		.ascii	"unit_runtime_sdram_alloc_ptr\000"
 19034      5F72756E 
 19034      74696D65 
 19034      5F736472 
 19034      616D5F61 
 19035              	.LASF121:
 19036 07d2 5F5A5374 		.ascii	"_ZSt8isnormald\000"
 19036      3869736E 
 19036      6F726D61 
 19036      6C6400
 19037              	.LASF120:
 19038 07e1 5F5A5374 		.ascii	"_ZSt8isnormale\000"
 19038      3869736E 
 19038      6F726D61 
 19038      6C6500
 19039              	.LASF122:
 19040 07f0 5F5A5374 		.ascii	"_ZSt8isnormalf\000"
 19040      3869736E 
 19040      6F726D61 
 19040      6C6600
 19041              	.LASF382:
 19042 07ff 756E6974 		.ascii	"unit_runtime_sdram_free_ptr\000"
 19042      5F72756E 
 19042      74696D65 
 19042      5F736472 
 19042      616D5F66 
 19043              	.LASF311:
ARM GAS  /tmp/ccHvmxP5.s 			page 342


 19044 081b 5F726565 		.ascii	"_reent\000"
 19044      6E7400
 19045              	.LASF100:
 19046 0822 666D6F64 		.ascii	"fmod\000"
 19046      00
 19047              	.LASF365:
 19048 0827 5F676C6F 		.ascii	"_global_impure_ptr\000"
 19048      62616C5F 
 19048      696D7075 
 19048      72655F70 
 19048      747200
 19049              	.LASF374:
 19050 083a 376C6C64 		.ascii	"7lldiv_t\000"
 19050      69765F74 
 19050      00
 19051              	.LASF424:
 19052 0843 6B5F6F73 		.ascii	"k_osc_api_platform\000"
 19052      635F6170 
 19052      695F706C 
 19052      6174666F 
 19052      726D00
 19053              	.LASF212:
 19054 0856 6C72696E 		.ascii	"lrint\000"
 19054      7400
 19055              	.LASF515:
 19056 085c 7365744C 		.ascii	"setLPF\000"
 19056      504600
 19057              	.LASF621:
 19058 0863 64656C61 		.ascii	"delaySamples\000"
 19058      7953616D 
 19058      706C6573 
 19058      00
 19059              	.LASF522:
 19060 0870 5F5A4E31 		.ascii	"_ZN15UnderpassEngineC4Ev\000"
 19060      35556E64 
 19060      65727061 
 19060      7373456E 
 19060      67696E65 
 19061              	.LASF333:
 19062 0889 5F756E75 		.ascii	"_unused\000"
 19062      73656400 
 19063              	.LASF624:
 19064 0891 5F5A356C 		.ascii	"_Z5lerpffff\000"
 19064      65727066 
 19064      66666600 
 19065              	.LASF508:
 19066 089d 5F5A4E4B 		.ascii	"_ZNK9DelayLine9writeHeadEv\000"
 19066      3944656C 
 19066      61794C69 
 19066      6E653977 
 19066      72697465 
 19067              	.LASF491:
 19068 08b8 675F6861 		.ascii	"g_hannLut\000"
 19068      6E6E4C75 
 19068      7400
 19069              	.LASF453:
 19070 08c2 76616C75 		.ascii	"value\000"
ARM GAS  /tmp/ccHvmxP5.s 			page 343


 19070      6500
 19071              	.LASF545:
 19072 08c8 5F5A4E36 		.ascii	"_ZN6EffectC4Ev\000"
 19072      45666665 
 19072      63744334 
 19072      457600
 19073              	.LASF640:
 19074 08d7 636F7366 		.ascii	"cosf\000"
 19074      00
 19075              	.LASF61:
 19076 08dc 636F7368 		.ascii	"cosh\000"
 19076      00
 19077              	.LASF355:
 19078 08e1 63686172 		.ascii	"char\000"
 19078      00
 19079              	.LASF660:
 19080 08e6 6D656D73 		.ascii	"memset\000"
 19080      657400
 19081              	.LASF290:
 19082 08ed 5F666E73 		.ascii	"_fns\000"
 19082      00
 19083              	.LASF465:
 19084 08f2 6C646976 		.ascii	"ldiv\000"
 19084      00
 19085              	.LASF645:
 19086 08f7 5F5A4E39 		.ascii	"_ZN9__gnu_cxx3divExx\000"
 19086      5F5F676E 
 19086      755F6378 
 19086      78336469 
 19086      76457878 
 19087              	.LASF302:
 19088 090c 5F636C6F 		.ascii	"_close\000"
 19088      736500
 19089              	.LASF584:
 19090 0913 756E6974 		.ascii	"unit_get_param_str_value\000"
 19090      5F676574 
 19090      5F706172 
 19090      616D5F73 
 19090      74725F76 
 19091              	.LASF405:
 19092 092c 6E616D65 		.ascii	"name\000"
 19092      00
 19093              	.LASF23:
 19094 0931 75696E74 		.ascii	"uint_least32_t\000"
 19094      5F6C6561 
 19094      73743332 
 19094      5F7400
 19095              	.LASF445:
 19096 0940 62697472 		.ascii	"bitres_lut_f\000"
 19096      65735F6C 
 19096      75745F66 
 19096      00
 19097              	.LASF657:
 19098 094d 756E6974 		.ascii	"unit_teardown\000"
 19098      5F746561 
 19098      72646F77 
 19098      6E00
ARM GAS  /tmp/ccHvmxP5.s 			page 344


 19099              	.LASF65:
 19100 095b 5F5A5374 		.ascii	"_ZSt4sinhe\000"
 19100      3473696E 
 19100      686500
 19101              	.LASF66:
 19102 0966 5F5A5374 		.ascii	"_ZSt4sinhf\000"
 19102      3473696E 
 19102      686600
 19103              	.LASF516:
 19104 0971 5F5A4E36 		.ascii	"_ZN6Biquad6setLPFEfff\000"
 19104      42697175 
 19104      61643673 
 19104      65744C50 
 19104      46456666 
 19105              	.LASF654:
 19106 0987 5F474C4F 		.ascii	"_GLOBAL__sub_D_unit.cc\000"
 19106      42414C5F 
 19106      5F737562 
 19106      5F445F75 
 19106      6E69742E 
 19107              	.LASF127:
 19108 099e 69736772 		.ascii	"isgreater\000"
 19108      65617465 
 19108      7200
 19109              	.LASF514:
 19110 09a8 5F5A4E36 		.ascii	"_ZN6Biquad5resetEv\000"
 19110      42697175 
 19110      61643572 
 19110      65736574 
 19110      457600
 19111              	.LASF216:
 19112 09bb 5F5A5374 		.ascii	"_ZSt6lrounde\000"
 19112      366C726F 
 19112      756E6465 
 19112      00
 19113              	.LASF217:
 19114 09c8 5F5A5374 		.ascii	"_ZSt6lroundf\000"
 19114      366C726F 
 19114      756E6466 
 19114      00
 19115              	.LASF595:
 19116 09d5 6E6F726D 		.ascii	"norm\000"
 19116      00
 19117              	.LASF80:
 19118 09da 6C6F6731 		.ascii	"log10\000"
 19118      3000
 19119              	.LASF639:
 19120 09e0 73696E66 		.ascii	"sinf\000"
 19120      00
 19121              	.LASF64:
 19122 09e5 73696E68 		.ascii	"sinh\000"
 19122      00
 19123              	.LASF335:
 19124 09ea 5F737464 		.ascii	"_stdin\000"
 19124      696E00
 19125              	.LASF546:
 19126 09f1 7E456666 		.ascii	"~Effect\000"
ARM GAS  /tmp/ccHvmxP5.s 			page 345


 19126      65637400 
 19127              	.LASF369:
 19128 09f9 35646976 		.ascii	"5div_t\000"
 19128      5F7400
 19129              	.LASF447:
 19130 0a00 6B5F6678 		.ascii	"k_fx_api_version\000"
 19130      5F617069 
 19130      5F766572 
 19130      73696F6E 
 19130      00
 19131              	.LASF533:
 19132 0a11 5F746172 		.ascii	"_targetLoopLen\000"
 19132      6765744C 
 19132      6F6F704C 
 19132      656E00
 19133              	.LASF616:
 19134 0a20 73696E77 		.ascii	"sinw\000"
 19134      00
 19135              	.LASF556:
 19136 0a25 53757370 		.ascii	"Suspend\000"
 19136      656E6400 
 19137              	.LASF648:
 19138 0a2d 6465636C 		.ascii	"decltype(nullptr)\000"
 19138      74797065 
 19138      286E756C 
 19138      6C707472 
 19138      2900
 19139              	.LASF164:
 19140 0a3f 5F5A5374 		.ascii	"_ZSt8copysignee\000"
 19140      38636F70 
 19140      79736967 
 19140      6E656500 
 19141              	.LASF564:
 19142 0a4f 67657450 		.ascii	"getParameterStrValue\000"
 19142      6172616D 
 19142      65746572 
 19142      53747256 
 19142      616C7565 
 19143              	.LASF113:
 19144 0a64 5F5A5374 		.ascii	"_ZSt5isinfd\000"
 19144      35697369 
 19144      6E666400 
 19145              	.LASF112:
 19146 0a70 5F5A5374 		.ascii	"_ZSt5isinfe\000"
 19146      35697369 
 19146      6E666500 
 19147              	.LASF114:
 19148 0a7c 5F5A5374 		.ascii	"_ZSt5isinff\000"
 19148      35697369 
 19148      6E666600 
 19149              	.LASF143:
 19150 0a88 69736C65 		.ascii	"islessgreater\000"
 19150      73736772 
 19150      65617465 
 19150      7200
 19151              	.LASF18:
 19152 0a96 696E745F 		.ascii	"int_least16_t\000"
ARM GAS  /tmp/ccHvmxP5.s 			page 346


 19152      6C656173 
 19152      7431365F 
 19152      7400
 19153              	.LASF47:
 19154 0aa4 5F5A5374 		.ascii	"_ZSt4asine\000"
 19154      34617369 
 19154      6E6500
 19155              	.LASF48:
 19156 0aaf 5F5A5374 		.ascii	"_ZSt4asinf\000"
 19156      34617369 
 19156      6E6600
 19157              	.LASF181:
 19158 0aba 5F5A5374 		.ascii	"_ZSt3fmafff\000"
 19158      33666D61 
 19158      66666600 
 19159              	.LASF466:
 19160 0ac6 6D626C65 		.ascii	"mblen\000"
 19160      6E00
 19161              	.LASF399:
 19162 0acc 63656E74 		.ascii	"center\000"
 19162      657200
 19163              	.LASF513:
 19164 0ad3 72657365 		.ascii	"reset\000"
 19164      7400
 19165              	.LASF52:
 19166 0ad9 6174616E 		.ascii	"atan2\000"
 19166      3200
 19167              	.LASF203:
 19168 0adf 6C6F6731 		.ascii	"log1p\000"
 19168      7000
 19169              	.LASF641:
 19170 0ae5 474E5520 		.ascii	"GNU C++11 9.2.1 20191025 (release) [ARM/arm-9-branc"
 19170      432B2B31 
 19170      3120392E 
 19170      322E3120 
 19170      32303139 
 19171 0b18 68207265 		.ascii	"h revision 277599] -mcpu=cortex-m7 -mthumb -mno-thu"
 19171      76697369 
 19171      6F6E2032 
 19171      37373539 
 19171      395D202D 
 19172 0b4b 6D622D69 		.ascii	"mb-interwork -mlittle-endian -mfloat-abi=hard -mfpu"
 19172      6E746572 
 19172      776F726B 
 19172      202D6D6C 
 19172      6974746C 
 19173 0b7e 3D667076 		.ascii	"=fpv4-sp-d16 -march=armv7e-m+fp -g -Os -std=c++11 -"
 19173      342D7370 
 19173      2D643136 
 19173      202D6D61 
 19173      7263683D 
 19174 0bb1 6673696E 		.ascii	"fsingle-precision-constant -fcheck-new -fPIC -fno-u"
 19174      676C652D 
 19174      70726563 
 19174      6973696F 
 19174      6E2D636F 
 19175 0be4 73652D63 		.ascii	"se-cxa-atexit -fno-rtti -fno-exceptions -fno-non-ca"
ARM GAS  /tmp/ccHvmxP5.s 			page 347


 19175      78612D61 
 19175      74657869 
 19175      74202D66 
 19175      6E6F2D72 
 19176 0c17 6C6C2D65 		.ascii	"ll-exceptions\000"
 19176      78636570 
 19176      74696F6E 
 19176      7300
 19177              	.LASF341:
 19178 0c25 5F6C6F63 		.ascii	"_locale\000"
 19178      616C6500 
 19179              	.LASF452:
 19180 0c2d 63757276 		.ascii	"curve_polarity\000"
 19180      655F706F 
 19180      6C617269 
 19180      747900
 19181              	.LASF337:
 19182 0c3c 5F737464 		.ascii	"_stderr\000"
 19182      65727200 
 19183              	.LASF145:
 19184 0c44 5F5A5374 		.ascii	"_ZSt13islessgreaterdd\000"
 19184      31336973 
 19184      6C657373 
 19184      67726561 
 19184      74657264 
 19185              	.LASF638:
 19186 0c5a 696E6974 		.ascii	"initHannLut\000"
 19186      48616E6E 
 19186      4C757400 
 19187              	.LASF165:
 19188 0c66 5F5A5374 		.ascii	"_ZSt8copysignff\000"
 19188      38636F70 
 19188      79736967 
 19188      6E666600 
 19189              	.LASF175:
 19190 0c76 5F5A5374 		.ascii	"_ZSt5expm1e\000"
 19190      35657870 
 19190      6D316500 
 19191              	.LASF176:
 19192 0c82 5F5A5374 		.ascii	"_ZSt5expm1f\000"
 19192      35657870 
 19192      6D316600 
 19193              	.LASF57:
 19194 0c8e 5F5A5374 		.ascii	"_ZSt3sine\000"
 19194      3373696E 
 19194      6500
 19195              	.LASF58:
 19196 0c98 5F5A5374 		.ascii	"_ZSt3sinf\000"
 19196      3373696E 
 19196      6600
 19197              	.LASF555:
 19198 0ca2 5F5A4E36 		.ascii	"_ZN6Effect6ResumeEv\000"
 19198      45666665 
 19198      63743652 
 19198      6573756D 
 19198      65457600 
 19199              	.LASF157:
ARM GAS  /tmp/ccHvmxP5.s 			page 348


 19200 0cb6 6174616E 		.ascii	"atanh\000"
 19200      6800
 19201              	.LASF414:
 19202 0cbc 6E756D5F 		.ascii	"num_params\000"
 19202      70617261 
 19202      6D7300
 19203              	.LASF240:
 19204 0cc7 5F5A5374 		.ascii	"_ZSt7scalblnel\000"
 19204      37736361 
 19204      6C626C6E 
 19204      656C00
 19205              	.LASF412:
 19206 0cd6 72657365 		.ascii	"reserved0\000"
 19206      72766564 
 19206      3000
 19207              	.LASF413:
 19208 0ce0 72657365 		.ascii	"reserved1\000"
 19208      72766564 
 19208      3100
 19209              	.LASF474:
 19210 0cea 73747274 		.ascii	"strtoul\000"
 19210      6F756C00 
 19211              	.LASF70:
 19212 0cf2 5F5A5374 		.ascii	"_ZSt3expe\000"
 19212      33657870 
 19212      6500
 19213              	.LASF71:
 19214 0cfc 5F5A5374 		.ascii	"_ZSt3expf\000"
 19214      33657870 
 19214      6600
 19215              	.LASF298:
 19216 0d06 5F636F6F 		.ascii	"_cookie\000"
 19216      6B696500 
 19217              	.LASF346:
 19218 0d0e 5F703573 		.ascii	"_p5s\000"
 19218      00
 19219              	.LASF189:
 19220 0d13 5F5A5374 		.ascii	"_ZSt5hypotee\000"
 19220      35687970 
 19220      6F746565 
 19220      00
 19221              	.LASF144:
 19222 0d20 5F5A5374 		.ascii	"_ZSt13islessgreateree\000"
 19222      31336973 
 19222      6C657373 
 19222      67726561 
 19222      74657265 
 19223              	.LASF519:
 19224 0d36 70726F63 		.ascii	"process\000"
 19224      65737300 
 19225              	.LASF271:
 19226 0d3e 5F776473 		.ascii	"_wds\000"
 19226      00
 19227              	.LASF385:
 19228 0d43 72756E74 		.ascii	"runtime_context\000"
 19228      696D655F 
 19228      636F6E74 
ARM GAS  /tmp/ccHvmxP5.s 			page 349


 19228      65787400 
 19229              	.LASF245:
 19230 0d53 7467616D 		.ascii	"tgamma\000"
 19230      6D6100
 19231              	.LASF427:
 19232 0d5a 77745F73 		.ascii	"wt_sine_lut_f\000"
 19232      696E655F 
 19232      6C75745F 
 19232      6600
 19233              	.LASF201:
 19234 0d68 5F5A5374 		.ascii	"_ZSt7llrounde\000"
 19234      376C6C72 
 19234      6F756E64 
 19234      6500
 19235              	.LASF202:
 19236 0d76 5F5A5374 		.ascii	"_ZSt7llroundf\000"
 19236      376C6C72 
 19236      6F756E64 
 19236      6600
 19237              	.LASF352:
 19238 0d84 5F736967 		.ascii	"_sig_func\000"
 19238      5F66756E 
 19238      6300
 19239              	.LASF456:
 19240 0d8e 636F6D6D 		.ascii	"common\000"
 19240      6F6E00
 19241              	.LASF306:
 19242 0d95 5F6F6666 		.ascii	"_offset\000"
 19242      73657400 
 19243              	.LASF241:
 19244 0d9d 5F5A5374 		.ascii	"_ZSt7scalblnfl\000"
 19244      37736361 
 19244      6C626C6E 
 19244      666C00
 19245              	.LASF349:
 19246 0dac 5F637674 		.ascii	"_cvtbuf\000"
 19246      62756600 
 19247              	.LASF277:
 19248 0db4 5F5F746D 		.ascii	"__tm_mday\000"
 19248      5F6D6461 
 19248      7900
 19249              	.LASF129:
 19250 0dbe 5F5A5374 		.ascii	"_ZSt9isgreaterdd\000"
 19250      39697367 
 19250      72656174 
 19250      65726464 
 19250      00
 19251              	.LASF97:
 19252 0dcf 666C6F6F 		.ascii	"floor\000"
 19252      7200
 19253              	.LASF206:
 19254 0dd5 6C6F6732 		.ascii	"log2\000"
 19254      00
 19255              	.LASF631:
 19256 0dda 5F474C4F 		.ascii	"_GLOBAL__sub_I_unit.cc\000"
 19256      42414C5F 
 19256      5F737562 
ARM GAS  /tmp/ccHvmxP5.s 			page 350


 19256      5F495F75 
 19256      6E69742E 
 19257              	.LASF573:
 19258 0df1 5F5A4E36 		.ascii	"_ZN6Effect17_quantiseActivityEl\000"
 19258      45666665 
 19258      63743137 
 19258      5F717561 
 19258      6E746973 
 19259              	.LASF367:
 19260 0e11 646F7562 		.ascii	"double_t\000"
 19260      6C655F74 
 19260      00
 19261              	.LASF499:
 19262 0e1a 44656C61 		.ascii	"DelayLine\000"
 19262      794C696E 
 19262      6500
 19263              	.LASF614:
 19264 0e24 5F5A4E31 		.ascii	"_ZN15UnderpassEngineC2Ev\000"
 19264      35556E64 
 19264      65727061 
 19264      7373456E 
 19264      67696E65 
 19265              	.LASF211:
 19266 0e3d 5F5A5374 		.ascii	"_ZSt4logbf\000"
 19266      346C6F67 
 19266      626600
 19267              	.LASF146:
 19268 0e48 5F5A5374 		.ascii	"_ZSt13islessgreaterff\000"
 19268      31336973 
 19268      6C657373 
 19268      67726561 
 19268      74657266 
 19269              	.LASF73:
 19270 0e5e 5F5A5374 		.ascii	"_ZSt5frexpePi\000"
 19270      35667265 
 19270      78706550 
 19270      6900
 19271              	.LASF94:
 19272 0e6c 66616273 		.ascii	"fabs\000"
 19272      00
 19273              	.LASF506:
 19274 0e71 5F5A4E4B 		.ascii	"_ZNK9DelayLine6lengthEv\000"
 19274      3944656C 
 19274      61794C69 
 19274      6E65366C 
 19274      656E6774 
 19275              	.LASF464:
 19276 0e89 67657465 		.ascii	"getenv\000"
 19276      6E7600
 19277              	.LASF578:
 19278 0e90 5F5F7072 		.ascii	"__priority\000"
 19278      696F7269 
 19278      747900
 19279              	.LASF425:
 19280 0e9b 6B5F6F73 		.ascii	"k_osc_api_version\000"
 19280      635F6170 
 19280      695F7665 
ARM GAS  /tmp/ccHvmxP5.s 			page 351


 19280      7273696F 
 19280      6E00
 19281              	.LASF209:
 19282 0ead 6C6F6762 		.ascii	"logb\000"
 19282      00
 19283              	.LASF14:
 19284 0eb2 6C6F6E67 		.ascii	"long unsigned int\000"
 19284      20756E73 
 19284      69676E65 
 19284      6420696E 
 19284      7400
 19285              	.LASF379:
 19286 0ec4 6B5F756E 		.ascii	"k_unit_api_1_1_0\000"
 19286      69745F61 
 19286      70695F31 
 19286      5F315F30 
 19286      00
 19287              	.LASF375:
 19288 0ed5 6C6C6469 		.ascii	"lldiv_t\000"
 19288      765F7400 
 19289              	.LASF128:
 19290 0edd 5F5A5374 		.ascii	"_ZSt9isgreateree\000"
 19290      39697367 
 19290      72656174 
 19290      65726565 
 19290      00
 19291              	.LASF653:
 19292 0eee 735F6566 		.ascii	"s_effect_instance\000"
 19292      66656374 
 19292      5F696E73 
 19292      74616E63 
 19292      6500
 19293              	.LASF294:
 19294 0f00 5F5F7346 		.ascii	"__sFILE\000"
 19294      494C4500 
 19295              	.LASF342:
 19296 0f08 5F5F7364 		.ascii	"__sdidinit\000"
 19296      6964696E 
 19296      697400
 19297              	.LASF310:
 19298 0f13 5F666C61 		.ascii	"_flags2\000"
 19298      67733200 
 19299              	.LASF391:
 19300 0f1b 74617267 		.ascii	"target\000"
 19300      657400
 19301              	.LASF559:
 19302 0f22 5F5A4E36 		.ascii	"_ZN6Effect7ProcessEPKfPfm\000"
 19302      45666665 
 19302      63743750 
 19302      726F6365 
 19302      73734550 
 19303              	.LASF161:
 19304 0f3c 5F5A5374 		.ascii	"_ZSt4cbrte\000"
 19304      34636272 
 19304      746500
 19305              	.LASF162:
 19306 0f47 5F5A5374 		.ascii	"_ZSt4cbrtf\000"
ARM GAS  /tmp/ccHvmxP5.s 			page 352


 19306      34636272 
 19306      746600
 19307              	.LASF372:
 19308 0f52 366C6469 		.ascii	"6ldiv_t\000"
 19308      765F7400 
 19309              	.LASF190:
 19310 0f5a 5F5A5374 		.ascii	"_ZSt5hypotff\000"
 19310      35687970 
 19310      6F746666 
 19310      00
 19311              	.LASF85:
 19312 0f67 5F5A5374 		.ascii	"_ZSt4modffPf\000"
 19312      346D6F64 
 19312      66665066 
 19312      00
 19313              	.LASF20:
 19314 0f74 696E745F 		.ascii	"int_least64_t\000"
 19314      6C656173 
 19314      7436345F 
 19314      7400
 19315              	.LASF266:
 19316 0f82 5F4C4F43 		.ascii	"_LOCK_RECURSIVE_T\000"
 19316      4B5F5245 
 19316      43555253 
 19316      4956455F 
 19316      5400
 19317              	.LASF237:
 19318 0f94 5F5A5374 		.ascii	"_ZSt5rounde\000"
 19318      35726F75 
 19318      6E646500 
 19319              	.LASF238:
 19320 0fa0 5F5A5374 		.ascii	"_ZSt5roundf\000"
 19320      35726F75 
 19320      6E646600 
 19321              	.LASF597:
 19322 0fac 74686973 		.ascii	"this\000"
 19322      00
 19323              	.LASF634:
 19324 0fb1 63686172 		.ascii	"char32_t\000"
 19324      33325F74 
 19324      00
 19325              	.LASF334:
 19326 0fba 5F657272 		.ascii	"_errno\000"
 19326      6E6F00
 19327              	.LASF476:
 19328 0fc1 77637374 		.ascii	"wcstombs\000"
 19328      6F6D6273 
 19328      00
 19329              	.LASF457:
 19330 0fca 64656661 		.ascii	"default_mappings\000"
 19330      756C745F 
 19330      6D617070 
 19330      696E6773 
 19330      00
 19331              	.LASF168:
 19332 0fdb 65726663 		.ascii	"erfc\000"
 19332      00
ARM GAS  /tmp/ccHvmxP5.s 			page 353


 19333              	.LASF396:
 19334 0fe0 686F6F6B 		.ascii	"hooks\000"
 19334      7300
 19335              	.LASF323:
 19336 0fe6 5F736967 		.ascii	"_signal_buf\000"
 19336      6E616C5F 
 19336      62756600 
 19337              	.LASF35:
 19338 0ff2 75696E74 		.ascii	"uintptr_t\000"
 19338      7074725F 
 19338      7400
 19339              	.LASF130:
 19340 0ffc 5F5A5374 		.ascii	"_ZSt9isgreaterff\000"
 19340      39697367 
 19340      72656174 
 19340      65726666 
 19340      00
 19341              	.LASF154:
 19342 100d 6173696E 		.ascii	"asinh\000"
 19342      6800
 19343              	.LASF246:
 19344 1013 5F5A5374 		.ascii	"_ZSt6tgammae\000"
 19344      36746761 
 19344      6D6D6165 
 19344      00
 19345              	.LASF247:
 19346 1020 5F5A5374 		.ascii	"_ZSt6tgammaf\000"
 19346      36746761 
 19346      6D6D6166 
 19346      00
 19347              	.LASF501:
 19348 102d 5F5A4E39 		.ascii	"_ZN9DelayLineC4Ev\000"
 19348      44656C61 
 19348      794C696E 
 19348      65433445 
 19348      7600
 19349              	.LASF496:
 19350 103f 77726974 		.ascii	"write\000"
 19350      6500
 19351              	.LASF455:
 19352 1045 67656E65 		.ascii	"genericfx_unit_header\000"
 19352      72696366 
 19352      785F756E 
 19352      69745F68 
 19352      65616465 
 19353              	.LASF417:
 19354 105b 6B5F756E 		.ascii	"k_unit_err_none\000"
 19354      69745F65 
 19354      72725F6E 
 19354      6F6E6500 
 19355              	.LASF535:
 19356 106b 5F726561 		.ascii	"_readPos\000"
 19356      64506F73 
 19356      00
 19357              	.LASF272:
 19358 1074 5F426967 		.ascii	"_Bigint\000"
 19358      696E7400 
ARM GAS  /tmp/ccHvmxP5.s 			page 354


 19359              	.LASF495:
 19360 107c 73747278 		.ascii	"strxfrm\000"
 19360      66726D00 
 19361              	.LASF627:
 19362 1084 68616E6E 		.ascii	"hannWindow\000"
 19362      57696E64 
 19362      6F7700
 19363              	.LASF269:
 19364 108f 5F6D6178 		.ascii	"_maxwds\000"
 19364      77647300 
 19365              	.LASF549:
 19366 1097 5F5A4E36 		.ascii	"_ZN6Effect4InitEPK17unit_runtime_desc\000"
 19366      45666665 
 19366      63743449 
 19366      6E697445 
 19366      504B3137 
 19367              	.LASF492:
 19368 10bd 73747263 		.ascii	"strcoll\000"
 19368      6F6C6C00 
 19369              	.LASF552:
 19370 10c5 52657365 		.ascii	"Reset\000"
 19370      7400
 19371              	.LASF343:
 19372 10cb 5F5F636C 		.ascii	"__cleanup\000"
 19372      65616E75 
 19372      7000
 19373              	.LASF351:
 19374 10d5 5F617465 		.ascii	"_atexit0\000"
 19374      78697430 
 19374      00
 19375              	.LASF117:
 19376 10de 5F5A5374 		.ascii	"_ZSt5isnand\000"
 19376      3569736E 
 19376      616E6400 
 19377              	.LASF116:
 19378 10ea 5F5A5374 		.ascii	"_ZSt5isnane\000"
 19378      3569736E 
 19378      616E6500 
 19379              	.LASF118:
 19380 10f6 5F5A5374 		.ascii	"_ZSt5isnanf\000"
 19380      3569736E 
 19380      616E6600 
 19381              	.LASF577:
 19382 1102 5F5F696E 		.ascii	"__initialize_p\000"
 19382      69746961 
 19382      6C697A65 
 19382      5F7000
 19383              	.LASF339:
 19384 1111 5F656D65 		.ascii	"_emergency\000"
 19384      7267656E 
 19384      637900
 19385              	.LASF249:
 19386 111c 5F5A5374 		.ascii	"_ZSt5trunce\000"
 19386      35747275 
 19386      6E636500 
 19387              	.LASF250:
 19388 1128 5F5A5374 		.ascii	"_ZSt5truncf\000"
ARM GAS  /tmp/ccHvmxP5.s 			page 355


 19388      35747275 
 19388      6E636600 
 19389              	.LASF8:
 19390 1134 6C6F6E67 		.ascii	"long long int\000"
 19390      206C6F6E 
 19390      6720696E 
 19390      7400
 19391              	.LASF588:
 19392 1142 6672616D 		.ascii	"frames\000"
 19392      657300
 19393              	.LASF102:
 19394 1149 5F5A5374 		.ascii	"_ZSt4fmodff\000"
 19394      34666D6F 
 19394      64666600 
 19395              	.LASF581:
 19396 1155 636F756E 		.ascii	"counter\000"
 19396      74657200 
 19397              	.LASF358:
 19398 115d 5F6E696F 		.ascii	"_niobs\000"
 19398      627300
 19399              	.LASF609:
 19400 1164 63656E74 		.ascii	"centre\000"
 19400      726500
 19401              	.LASF353:
 19402 116b 5F5F7367 		.ascii	"__sglue\000"
 19402      6C756500 
 19403              	.LASF332:
 19404 1173 5F6E6D61 		.ascii	"_nmalloc\000"
 19404      6C6C6F63 
 19404      00
 19405              	.LASF19:
 19406 117c 696E745F 		.ascii	"int_least32_t\000"
 19406      6C656173 
 19406      7433325F 
 19406      7400
 19407              	.LASF316:
 19408 118a 5F67616D 		.ascii	"_gamma_signgam\000"
 19408      6D615F73 
 19408      69676E67 
 19408      616D00
 19409              	.LASF469:
 19410 1199 6D62746F 		.ascii	"mbtowc\000"
 19410      776300
 19411              	.LASF528:
 19412 11a0 5F5A4E31 		.ascii	"_ZN15UnderpassEngine7processEPKfPfm\000"
 19412      35556E64 
 19412      65727061 
 19412      7373456E 
 19412      67696E65 
 19413              	.LASF89:
 19414 11c4 5F5A5374 		.ascii	"_ZSt4sqrte\000"
 19414      34737172 
 19414      746500
 19415              	.LASF90:
 19416 11cf 5F5A5374 		.ascii	"_ZSt4sqrtf\000"
 19416      34737172 
 19416      746600
ARM GAS  /tmp/ccHvmxP5.s 			page 356


 19417              	.LASF599:
 19418 11da 6275664C 		.ascii	"bufL\000"
 19418      00
 19419              	.LASF37:
 19420 11df 75696E74 		.ascii	"uintmax_t\000"
 19420      6D61785F 
 19420      7400
 19421              	.LASF347:
 19422 11e9 5F667265 		.ascii	"_freelist\000"
 19422      656C6973 
 19422      7400
 19423              	.LASF390:
 19424 11f3 756E6974 		.ascii	"unit_runtime_desc\000"
 19424      5F72756E 
 19424      74696D65 
 19424      5F646573 
 19424      6300
 19425              	.LASF600:
 19426 1205 62756652 		.ascii	"bufR\000"
 19426      00
 19427              	.LASF359:
 19428 120a 5F696F62 		.ascii	"_iobs\000"
 19428      7300
 19429              	.LASF567:
 19430 1210 5F5A4E36 		.ascii	"_ZN6Effect8setTempoEm\000"
 19430      45666665 
 19430      63743873 
 19430      65745465 
 19430      6D706F45 
 19431              	.LASF357:
 19432 1226 5F676C75 		.ascii	"_glue\000"
 19432      6500
 19433              	.LASF236:
 19434 122c 726F756E 		.ascii	"round\000"
 19434      6400
 19435              	.LASF420:
 19436 1232 6B5F756E 		.ascii	"k_unit_err_samplerate\000"
 19436      69745F65 
 19436      72725F73 
 19436      616D706C 
 19436      65726174 
 19437              	.LASF534:
 19438 1248 5F637572 		.ascii	"_currentLoopLen\000"
 19438      72656E74 
 19438      4C6F6F70 
 19438      4C656E00 
 19439              	.LASF607:
 19440 1258 73756D52 		.ascii	"sumR\000"
 19440      00
 19441              	.LASF493:
 19442 125d 73747265 		.ascii	"strerror\000"
 19442      72726F72 
 19442      00
 19443              	.LASF0:
 19444 1266 666C6F61 		.ascii	"float\000"
 19444      7400
 19445              	.LASF376:
ARM GAS  /tmp/ccHvmxP5.s 			page 357


 19446 126c 5F5F636F 		.ascii	"__compar_fn_t\000"
 19446      6D706172 
 19446      5F666E5F 
 19446      7400
 19447              	.LASF538:
 19448 127a 5F707265 		.ascii	"_preset\000"
 19448      73657400 
 19449              	.LASF524:
 19450 1282 73657450 		.ascii	"setPreset\000"
 19450      72657365 
 19450      7400
 19451              	.LASF297:
 19452 128c 5F6C6266 		.ascii	"_lbfsize\000"
 19452      73697A65 
 19452      00
 19453              	.LASF441:
 19454 1295 74616E70 		.ascii	"tanpi_lut_f\000"
 19454      695F6C75 
 19454      745F6600 
 19455              	.LASF629:
 19456 12a1 66617374 		.ascii	"fastSin\000"
 19456      53696E00 
 19457              	.LASF500:
 19458 12a9 72656164 		.ascii	"read\000"
 19458      00
 19459              	.LASF486:
 19460 12ae 6B427566 		.ascii	"kBufLen\000"
 19460      4C656E00 
 19461              	.LASF443:
 19462 12b6 63756269 		.ascii	"cubicsat_lut_f\000"
 19462      63736174 
 19462      5F6C7574 
 19462      5F6600
 19463              	.LASF531:
 19464 12c5 5F6D6F64 		.ascii	"_modDepth\000"
 19464      44657074 
 19464      6800
 19465              	.LASF30:
 19466 12cf 756E7369 		.ascii	"unsigned int\000"
 19466      676E6564 
 19466      20696E74 
 19466      00
 19467              	.LASF574:
 19468 12dc 5F756E64 		.ascii	"_underpass\000"
 19468      65727061 
 19468      737300
 19469              	.LASF647:
 19470 12e7 6D61785F 		.ascii	"max_align_t\000"
 19470      616C6967 
 19470      6E5F7400 
 19471              	.LASF200:
 19472 12f3 6C6C726F 		.ascii	"llround\000"
 19472      756E6400 
 19473              	.LASF553:
 19474 12fb 5F5A4E36 		.ascii	"_ZN6Effect5ResetEv\000"
 19474      45666665 
 19474      63743552 
ARM GAS  /tmp/ccHvmxP5.s 			page 358


 19474      65736574 
 19474      457600
 19475              	.LASF34:
 19476 130e 696E7470 		.ascii	"intptr_t\000"
 19476      74725F74 
 19476      00
 19477              	.LASF330:
 19478 1317 5F685F65 		.ascii	"_h_errno\000"
 19478      72726E6F 
 19478      00
 19479              	.LASF133:
 19480 1320 5F5A5374 		.ascii	"_ZSt14isgreaterequaldd\000"
 19480      31346973 
 19480      67726561 
 19480      74657265 
 19480      7175616C 
 19481              	.LASF529:
 19482 1337 5F6C666F 		.ascii	"_lfoPhase\000"
 19482      50686173 
 19482      6500
 19483              	.LASF440:
 19484 1341 6C6F675F 		.ascii	"log_lut_f\000"
 19484      6C75745F 
 19484      6600
 19485              	.LASF328:
 19486 134b 5F776372 		.ascii	"_wcrtomb_state\000"
 19486      746F6D62 
 19486      5F737461 
 19486      746500
 19487              	.LASF230:
 19488 135a 72656D71 		.ascii	"remquo\000"
 19488      756F00
 19489              	.LASF551:
 19490 1361 5F5A4E36 		.ascii	"_ZN6Effect8TeardownEv\000"
 19490      45666665 
 19490      63743854 
 19490      65617264 
 19490      6F776E45 
 19491              	.LASF53:
 19492 1377 5F5A5374 		.ascii	"_ZSt5atan2ee\000"
 19492      35617461 
 19492      6E326565 
 19492      00
 19493              	.LASF350:
 19494 1384 5F6E6577 		.ascii	"_new\000"
 19494      00
 19495              	.LASF231:
 19496 1389 5F5A5374 		.ascii	"_ZSt6remquoeePi\000"
 19496      3672656D 
 19496      71756F65 
 19496      65506900 
 19497              	.LASF303:
 19498 1399 5F756275 		.ascii	"_ubuf\000"
 19498      6600
 19499              	.LASF26:
 19500 139f 696E745F 		.ascii	"int_fast16_t\000"
 19500      66617374 
ARM GAS  /tmp/ccHvmxP5.s 			page 359


 19500      31365F74 
 19500      00
 19501              	.LASF321:
 19502 13ac 5F776374 		.ascii	"_wctomb_state\000"
 19502      6F6D625F 
 19502      73746174 
 19502      6500
 19503              	.LASF309:
 19504 13ba 5F6D6273 		.ascii	"_mbstate\000"
 19504      74617465 
 19504      00
 19505              	.LASF656:
 19506 13c3 756E6974 		.ascii	"unit_tempo_4ppqn_tick\000"
 19506      5F74656D 
 19506      706F5F34 
 19506      7070716E 
 19506      5F746963 
 19507              	.LASF317:
 19508 13d9 5F72616E 		.ascii	"_rand_next\000"
 19508      645F6E65 
 19508      787400
 19509              	.LASF331:
 19510 13e4 5F6E6578 		.ascii	"_nextf\000"
 19510      746600
 19511              	.LASF295:
 19512 13eb 5F666C61 		.ascii	"_flags\000"
 19512      677300
 19513              	.LASF74:
 19514 13f2 5F5A5374 		.ascii	"_ZSt5frexpfPi\000"
 19514      35667265 
 19514      78706650 
 19514      6900
 19515              	.LASF158:
 19516 1400 5F5A5374 		.ascii	"_ZSt5atanhe\000"
 19516      35617461 
 19516      6E686500 
 19517              	.LASF159:
 19518 140c 5F5A5374 		.ascii	"_ZSt5atanhf\000"
 19518      35617461 
 19518      6E686600 
 19519              	.LASF44:
 19520 1418 5F5A5374 		.ascii	"_ZSt4acose\000"
 19520      3461636F 
 19520      736500
 19521              	.LASF45:
 19522 1423 5F5A5374 		.ascii	"_ZSt4acosf\000"
 19522      3461636F 
 19522      736600
 19523              	.LASF548:
 19524 142e 496E6974 		.ascii	"Init\000"
 19524      00
 19525              	.LASF256:
 19526 1433 5F5F6D61 		.ascii	"__max_align_ld\000"
 19526      785F616C 
 19526      69676E5F 
 19526      6C6400
 19527              	.LASF288:
ARM GAS  /tmp/ccHvmxP5.s 			page 360


 19528 1442 5F617465 		.ascii	"_atexit\000"
 19528      78697400 
 19529              	.LASF507:
 19530 144a 77726974 		.ascii	"writeHead\000"
 19530      65486561 
 19530      6400
 19531              	.LASF625:
 19532 1454 636C616D 		.ascii	"clampf\000"
 19532      706600
 19533              	.LASF255:
 19534 145b 5F5F6D61 		.ascii	"__max_align_ll\000"
 19534      785F616C 
 19534      69676E5F 
 19534      6C6C00
 19535              	.LASF378:
 19536 146a 6B5F756E 		.ascii	"k_unit_api_1_0_0\000"
 19536      69745F61 
 19536      70695F31 
 19536      5F305F30 
 19536      00
 19537              	.LASF160:
 19538 147b 63627274 		.ascii	"cbrt\000"
 19538      00
 19539              	.LASF54:
 19540 1480 5F5A5374 		.ascii	"_ZSt5atan2ff\000"
 19540      35617461 
 19540      6E326666 
 19540      00
 19541              	.LASF262:
 19542 148d 5F5F636F 		.ascii	"__count\000"
 19542      756E7400 
 19543              	.LASF644:
 19544 1495 5F5F676E 		.ascii	"__gnu_cxx\000"
 19544      755F6378 
 19544      7800
 19545              	.LASF582:
 19546 149f 756E6974 		.ascii	"unit_set_tempo\000"
 19546      5F736574 
 19546      5F74656D 
 19546      706F00
 19547              	.LASF521:
 19548 14ae 556E6465 		.ascii	"UnderpassEngine\000"
 19548      72706173 
 19548      73456E67 
 19548      696E6500 
 19549              	.LASF131:
 19550 14be 69736772 		.ascii	"isgreaterequal\000"
 19550      65617465 
 19550      72657175 
 19550      616C00
 19551              	.LASF239:
 19552 14cd 7363616C 		.ascii	"scalbln\000"
 19552      626C6E00 
 19553              	.LASF377:
 19554 14d5 626F6F6C 		.ascii	"bool\000"
 19554      00
 19555              	.LASF532:
ARM GAS  /tmp/ccHvmxP5.s 			page 361


 19556 14da 5F626173 		.ascii	"_baseLoopLen\000"
 19556      654C6F6F 
 19556      704C656E 
 19556      00
 19557              	.LASF21:
 19558 14e7 75696E74 		.ascii	"uint_least8_t\000"
 19558      5F6C6561 
 19558      7374385F 
 19558      7400
 19559              	.LASF583:
 19560 14f5 74656D70 		.ascii	"tempo\000"
 19560      6F00
 19561              	.LASF504:
 19562 14fb 5F5A4E4B 		.ascii	"_ZNK9DelayLine11readHermiteEf\000"
 19562      3944656C 
 19562      61794C69 
 19562      6E653131 
 19562      72656164 
 19563              	.LASF55:
 19564 1519 5F5A5374 		.ascii	"_ZSt3cose\000"
 19564      33636F73 
 19564      6500
 19565              	.LASF56:
 19566 1523 5F5A5374 		.ascii	"_ZSt3cosf\000"
 19566      33636F73 
 19566      6600
 19567              	.LASF17:
 19568 152d 696E745F 		.ascii	"int_least8_t\000"
 19568      6C656173 
 19568      74385F74 
 19568      00
 19569              	.LASF280:
 19570 153a 5F5F746D 		.ascii	"__tm_wday\000"
 19570      5F776461 
 19570      7900
 19571              	.LASF481:
 19572 1544 73747274 		.ascii	"strtoull\000"
 19572      6F756C6C 
 19572      00
 19573              	.LASF470:
 19574 154d 71736F72 		.ascii	"qsort\000"
 19574      7400
 19575              	.LASF36:
 19576 1553 696E746D 		.ascii	"intmax_t\000"
 19576      61785F74 
 19576      00
 19577              	.LASF252:
 19578 155c 6C6F6E67 		.ascii	"long double\000"
 19578      20646F75 
 19578      626C6500 
 19579              	.LASF366:
 19580 1568 666C6F61 		.ascii	"float_t\000"
 19580      745F7400 
 19581              	.LASF281:
 19582 1570 5F5F746D 		.ascii	"__tm_yday\000"
 19582      5F796461 
 19582      7900
ARM GAS  /tmp/ccHvmxP5.s 			page 362


 19583              	.LASF544:
 19584 157a 45666665 		.ascii	"Effect\000"
 19584      637400
 19585              	.LASF434:
 19586 1581 77617665 		.ascii	"wavesA\000"
 19586      734100
 19587              	.LASF435:
 19588 1588 77617665 		.ascii	"wavesB\000"
 19588      734200
 19589              	.LASF436:
 19590 158f 77617665 		.ascii	"wavesC\000"
 19590      734300
 19591              	.LASF437:
 19592 1596 77617665 		.ascii	"wavesD\000"
 19592      734400
 19593              	.LASF438:
 19594 159d 77617665 		.ascii	"wavesE\000"
 19594      734500
 19595              	.LASF439:
 19596 15a4 77617665 		.ascii	"wavesF\000"
 19596      734600
 19597              	.LASF540:
 19598 15ab 5F66696C 		.ascii	"_filterL\000"
 19598      7465724C 
 19598      00
 19599              	.LASF141:
 19600 15b4 5F5A5374 		.ascii	"_ZSt11islessequaldd\000"
 19600      31316973 
 19600      6C657373 
 19600      65717561 
 19600      6C646400 
 19601              	.LASF361:
 19602 15c8 5F736565 		.ascii	"_seed\000"
 19602      6400
 19603              	.LASF172:
 19604 15ce 5F5A5374 		.ascii	"_ZSt4exp2e\000"
 19604      34657870 
 19604      326500
 19605              	.LASF173:
 19606 15d9 5F5A5374 		.ascii	"_ZSt4exp2f\000"
 19606      34657870 
 19606      326600
 19607              	.LASF617:
 19608 15e4 636F7377 		.ascii	"cosw\000"
 19608      00
 19609              	.LASF489:
 19610 15e9 6B48616E 		.ascii	"kHannSize\000"
 19610      6E53697A 
 19610      6500
 19611              	.LASF301:
 19612 15f3 5F736565 		.ascii	"_seek\000"
 19612      6B00
 19613              	.LASF373:
 19614 15f9 6C646976 		.ascii	"ldiv_t\000"
 19614      5F7400
 19615              	.LASF606:
 19616 1600 73756D4C 		.ascii	"sumL\000"
ARM GAS  /tmp/ccHvmxP5.s 			page 363


 19616      00
 19617              	.LASF259:
 19618 1605 5F66706F 		.ascii	"_fpos_t\000"
 19618      735F7400 
 19619              	.LASF383:
 19620 160d 756E6974 		.ascii	"unit_runtime_sdram_avail_ptr\000"
 19620      5F72756E 
 19620      74696D65 
 19620      5F736472 
 19620      616D5F61 
 19621              	.LASF386:
 19622 162a 73647261 		.ascii	"sdram_alloc\000"
 19622      6D5F616C 
 19622      6C6F6300 
 19623              	.LASF261:
 19624 1636 5F5F7763 		.ascii	"__wchb\000"
 19624      686200
 19625              	.LASF49:
 19626 163d 6174616E 		.ascii	"atan\000"
 19626      00
 19627              	.LASF179:
 19628 1642 5F5A5374 		.ascii	"_ZSt4fdimff\000"
 19628      34666469 
 19628      6D666600 
 19629              	.LASF463:
 19630 164e 62736561 		.ascii	"bsearch\000"
 19630      72636800 
 19631              	.LASF497:
 19632 1656 5F5A4E39 		.ascii	"_ZN9DelayLine4initEPfj\000"
 19632      44656C61 
 19632      794C696E 
 19632      6534696E 
 19632      69744550 
 19633              	.LASF320:
 19634 166d 5F6D6274 		.ascii	"_mbtowc_state\000"
 19634      6F77635F 
 19634      73746174 
 19634      6500
 19635              	.LASF622:
 19636 167b 5F5A4E39 		.ascii	"_ZN9DelayLineC2Ev\000"
 19636      44656C61 
 19636      794C696E 
 19636      65433245 
 19636      7600
 19637              	.LASF615:
 19638 168d 63656E74 		.ascii	"centerHz\000"
 19638      6572487A 
 19638      00
 19639              	.LASF140:
 19640 1696 5F5A5374 		.ascii	"_ZSt11islessequalee\000"
 19640      31316973 
 19640      6C657373 
 19640      65717561 
 19640      6C656500 
 19641              	.LASF509:
 19642 16aa 5F627566 		.ascii	"_buf\000"
 19642      00
ARM GAS  /tmp/ccHvmxP5.s 			page 364


 19643              	.LASF16:
 19644 16af 6C6F6E67 		.ascii	"long long unsigned int\000"
 19644      206C6F6E 
 19644      6720756E 
 19644      7369676E 
 19644      65642069 
 19645              	.LASF415:
 19646 16c6 70617261 		.ascii	"params\000"
 19646      6D7300
 19647              	.LASF542:
 19648 16cd 5F6C696E 		.ascii	"_lineL\000"
 19648      654C00
 19649              	.LASF543:
 19650 16d4 5F6C696E 		.ascii	"_lineR\000"
 19650      655200
 19651              	.LASF109:
 19652 16db 5F5A5374 		.ascii	"_ZSt8isfinited\000"
 19652      38697366 
 19652      696E6974 
 19652      656400
 19653              	.LASF108:
 19654 16ea 5F5A5374 		.ascii	"_ZSt8isfinitee\000"
 19654      38697366 
 19654      696E6974 
 19654      656500
 19655              	.LASF110:
 19656 16f9 5F5A5374 		.ascii	"_ZSt8isfinitef\000"
 19656      38697366 
 19656      696E6974 
 19656      656600
 19657              	.LASF75:
 19658 1708 6C646578 		.ascii	"ldexp\000"
 19658      7000
 19659              	.LASF505:
 19660 170e 6C656E67 		.ascii	"length\000"
 19660      746800
 19661              	.LASF11:
 19662 1715 75696E74 		.ascii	"uint16_t\000"
 19662      31365F74 
 19662      00
 19663              	.LASF520:
 19664 171e 5F5A4E36 		.ascii	"_ZN6Biquad7processEf\000"
 19664      42697175 
 19664      61643770 
 19664      726F6365 
 19664      73734566 
 19665              	.LASF72:
 19666 1733 66726578 		.ascii	"frexp\000"
 19666      7000
 19667              	.LASF285:
 19668 1739 5F64736F 		.ascii	"_dso_handle\000"
 19668      5F68616E 
 19668      646C6500 
 19669              	.LASF340:
 19670 1745 5F756E73 		.ascii	"_unspecified_locale_info\000"
 19670      70656369 
 19670      66696564 
ARM GAS  /tmp/ccHvmxP5.s 			page 365


 19670      5F6C6F63 
 19670      616C655F 
 19671              	.LASF360:
 19672 175e 5F72616E 		.ascii	"_rand48\000"
 19672      64343800 
 19673              	.LASF592:
 19674 1766 756E6974 		.ascii	"unit_init\000"
 19674      5F696E69 
 19674      7400
 19675              	.LASF336:
 19676 1770 5F737464 		.ascii	"_stdout\000"
 19676      6F757400 
 19677              	.LASF43:
 19678 1778 61636F73 		.ascii	"acos\000"
 19678      00
 19679              	.LASF174:
 19680 177d 6578706D 		.ascii	"expm1\000"
 19680      3100
 19681              	.LASF221:
 19682 1783 6E657874 		.ascii	"nextafter\000"
 19682      61667465 
 19682      7200
 19683              	.LASF610:
 19684 178d 656E7649 		.ascii	"envIn\000"
 19684      6E00
 19685              	.LASF384:
 19686 1793 756E6974 		.ascii	"unit_runtime_hooks\000"
 19686      5F72756E 
 19686      74696D65 
 19686      5F686F6F 
 19686      6B7300
 19687              	.LASF28:
 19688 17a6 696E745F 		.ascii	"int_fast64_t\000"
 19688      66617374 
 19688      36345F74 
 19688      00
 19689              	.LASF618:
 19690 17b3 616C7068 		.ascii	"alpha\000"
 19690      6100
 19691              	.LASF305:
 19692 17b9 5F626C6B 		.ascii	"_blksize\000"
 19692      73697A65 
 19692      00
 19693              	.LASF142:
 19694 17c2 5F5A5374 		.ascii	"_ZSt11islessequalff\000"
 19694      31316973 
 19694      6C657373 
 19694      65717561 
 19694      6C666600 
 19695              	.LASF511:
 19696 17d6 42697175 		.ascii	"Biquad\000"
 19696      616400
 19697              	.LASF163:
 19698 17dd 636F7079 		.ascii	"copysign\000"
 19698      7369676E 
 19698      00
 19699              	.LASF490:
ARM GAS  /tmp/ccHvmxP5.s 			page 366


 19700 17e6 675F7369 		.ascii	"g_sinLut\000"
 19700      6E4C7574 
 19700      00
 19701              	.LASF292:
 19702 17ef 5F626173 		.ascii	"_base\000"
 19702      6500
 19703              	.LASF442:
 19704 17f5 73717274 		.ascii	"sqrtm2log_lut_f\000"
 19704      6D326C6F 
 19704      675F6C75 
 19704      745F6600 
 19705              	.LASF313:
 19706 1805 5F737472 		.ascii	"_strtok_last\000"
 19706      746F6B5F 
 19706      6C617374 
 19706      00
 19707              	.LASF46:
 19708 1812 6173696E 		.ascii	"asin\000"
 19708      00
 19709              	.LASF326:
 19710 1817 5F6D6272 		.ascii	"_mbrtowc_state\000"
 19710      746F7763 
 19710      5F737461 
 19710      746500
 19711              	.LASF408:
 19712 1826 68656164 		.ascii	"header_size\000"
 19712      65725F73 
 19712      697A6500 
 19713              	.LASF251:
 19714 1832 5F5F6378 		.ascii	"__cxx11\000"
 19714      78313100 
 19715              	.LASF484:
 19716 183a 6B53616D 		.ascii	"kSampleRate\000"
 19716      706C6552 
 19716      61746500 
 19717              	.LASF248:
 19718 1846 7472756E 		.ascii	"trunc\000"
 19718      6300
 19719              	.LASF370:
 19720 184c 71756F74 		.ascii	"quot\000"
 19720      00
 19721              	.LASF411:
 19722 1851 76657273 		.ascii	"version\000"
 19722      696F6E00 
 19723              	.LASF432:
 19724 1859 77745F70 		.ascii	"wt_par_notes\000"
 19724      61725F6E 
 19724      6F746573 
 19724      00
 19725              	.LASF356:
 19726 1866 5F5F4649 		.ascii	"__FILE\000"
 19726      4C4500
 19727              	.LASF151:
 19728 186d 61636F73 		.ascii	"acosh\000"
 19728      6800
 19729              	.LASF530:
 19730 1873 5F6C666F 		.ascii	"_lfoRate\000"
ARM GAS  /tmp/ccHvmxP5.s 			page 367


 19730      52617465 
 19730      00
 19731              	.LASF422:
 19732 187c 6B5F756E 		.ascii	"k_unit_err_memory\000"
 19732      69745F65 
 19732      72725F6D 
 19732      656D6F72 
 19732      7900
 19733              	.LASF596:
 19734 188e 7175616E 		.ascii	"quantised\000"
 19734      74697365 
 19734      6400
 19735              	.LASF264:
 19736 1898 5F6D6273 		.ascii	"_mbstate_t\000"
 19736      74617465 
 19736      5F7400
 19737              	.LASF593:
 19738 18a3 64657363 		.ascii	"desc\000"
 19738      00
 19739              	.LASF394:
 19740 18a8 696E7075 		.ascii	"input_channels\000"
 19740      745F6368 
 19740      616E6E65 
 19740      6C7300
 19741              	.LASF318:
 19742 18b7 5F723438 		.ascii	"_r48\000"
 19742      00
 19743              	.LASF620:
 19744 18bc 5F5A4E36 		.ascii	"_ZN6BiquadC2Ev\000"
 19744      42697175 
 19744      61644332 
 19744      457600
 19745              	.LASF571:
 19746 18cb 5F5A4E36 		.ascii	"_ZN6Effect10touchEventEhhmm\000"
 19746      45666665 
 19746      63743130 
 19746      746F7563 
 19746      68457665 
 19747              	.LASF257:
 19748 18e7 77696E74 		.ascii	"wint_t\000"
 19748      5F7400
 19749              	.LASF268:
 19750 18ee 5F6E6578 		.ascii	"_next\000"
 19750      7400
 19751              	.LASF307:
 19752 18f4 5F646174 		.ascii	"_data\000"
 19752      6100
 19753              	.LASF547:
 19754 18fa 5F5A4E36 		.ascii	"_ZN6EffectD4Ev\000"
 19754      45666665 
 19754      63744434 
 19754      457600
 19755              	.LASF400:
 19756 1909 696E6974 		.ascii	"init\000"
 19756      00
 19757              	.LASF403:
 19758 190e 66726163 		.ascii	"frac_mode\000"
ARM GAS  /tmp/ccHvmxP5.s 			page 368


 19758      5F6D6F64 
 19758      6500
 19759              	.LASF498:
 19760 1918 5F5A4E39 		.ascii	"_ZN9DelayLine5writeEf\000"
 19760      44656C61 
 19760      794C696E 
 19760      65357772 
 19760      69746545 
 19761              	.LASF483:
 19762 192e 73747274 		.ascii	"strtold\000"
 19762      6F6C6400 
 19763              	.LASF458:
 19764 1936 67656E65 		.ascii	"genericfx_unit_header_t\000"
 19764      72696366 
 19764      785F756E 
 19764      69745F68 
 19764      65616465 
 19765              	.LASF518:
 19766 194e 5F5A4E36 		.ascii	"_ZN6Biquad6setBPFEfff\000"
 19766      42697175 
 19766      61643673 
 19766      65744250 
 19766      46456666 
 19767              	.LASF78:
 19768 1964 5F5A5374 		.ascii	"_ZSt3loge\000"
 19768      336C6F67 
 19768      6500
 19769              	.LASF79:
 19770 196e 5F5A5374 		.ascii	"_ZSt3logf\000"
 19770      336C6F67 
 19770      6600
 19771              	.LASF402:
 19772 1978 66726163 		.ascii	"frac\000"
 19772      00
 19773              	.LASF210:
 19774 197d 5F5A5374 		.ascii	"_ZSt4logbe\000"
 19774      346C6F67 
 19774      626500
 19775              	.LASF182:
 19776 1988 666D6178 		.ascii	"fmax\000"
 19776      00
 19777              	.LASF392:
 19778 198d 73616D70 		.ascii	"samplerate\000"
 19778      6C657261 
 19778      746500
 19779              	.LASF233:
 19780 1998 72696E74 		.ascii	"rint\000"
 19780      00
 19781              	.LASF115:
 19782 199d 69736E61 		.ascii	"isnan\000"
 19782      6E00
 19783              	.LASF27:
 19784 19a3 696E745F 		.ascii	"int_fast32_t\000"
 19784      66617374 
 19784      33325F74 
 19784      00
 19785              	.LASF137:
ARM GAS  /tmp/ccHvmxP5.s 			page 369


 19786 19b0 5F5A5374 		.ascii	"_ZSt6islessdd\000"
 19786      3669736C 
 19786      65737364 
 19786      6400
 19787              	.LASF155:
 19788 19be 5F5A5374 		.ascii	"_ZSt5asinhe\000"
 19788      35617369 
 19788      6E686500 
 19789              	.LASF156:
 19790 19ca 5F5A5374 		.ascii	"_ZSt5asinhf\000"
 19790      35617369 
 19790      6E686600 
 19791              	.LASF62:
 19792 19d6 5F5A5374 		.ascii	"_ZSt4coshe\000"
 19792      34636F73 
 19792      686500
 19793              	.LASF63:
 19794 19e1 5F5A5374 		.ascii	"_ZSt4coshf\000"
 19794      34636F73 
 19794      686600
 19795              	.LASF611:
 19796 19ec 636F6566 		.ascii	"coef\000"
 19796      00
 19797              	.LASF472:
 19798 19f1 73747274 		.ascii	"strtod\000"
 19798      6F6400
 19799              	.LASF482:
 19800 19f8 73747274 		.ascii	"strtof\000"
 19800      6F6600
 19801              	.LASF29:
 19802 19ff 75696E74 		.ascii	"uint_fast8_t\000"
 19802      5F666173 
 19802      74385F74 
 19802      00
 19803              	.LASF494:
 19804 1a0c 73747274 		.ascii	"strtok\000"
 19804      6F6B00
 19805              	.LASF473:
 19806 1a13 73747274 		.ascii	"strtol\000"
 19806      6F6C00
 19807              	.LASF637:
 19808 1a1a 696E6974 		.ascii	"initSinLut\000"
 19808      53696E4C 
 19808      757400
 19809              	.LASF215:
 19810 1a25 6C726F75 		.ascii	"lround\000"
 19810      6E6400
 19811              	.LASF642:
 19812 1a2c 756E6974 		.ascii	"unit.cc\000"
 19812      2E636300 
 19813              	.LASF319:
 19814 1a34 5F6D626C 		.ascii	"_mblen_state\000"
 19814      656E5F73 
 19814      74617465 
 19814      00
 19815              	.LASF628:
 19816 1a41 5F5A3130 		.ascii	"_Z10hannWindowf\000"
ARM GAS  /tmp/ccHvmxP5.s 			page 370


 19816      68616E6E 
 19816      57696E64 
 19816      6F776600 
 19817              	.LASF416:
 19818 1a51 756E6974 		.ascii	"unit_header_t\000"
 19818      5F686561 
 19818      6465725F 
 19818      7400
 19819              	.LASF4:
 19820 1a5f 73686F72 		.ascii	"short int\000"
 19820      7420696E 
 19820      7400
 19821              	.LASF242:
 19822 1a69 7363616C 		.ascii	"scalbn\000"
 19822      626E00
 19823              	.LASF15:
 19824 1a70 75696E74 		.ascii	"uint64_t\000"
 19824      36345F74 
 19824      00
 19825              	.LASF395:
 19826 1a79 6F757470 		.ascii	"output_channels\000"
 19826      75745F63 
 19826      68616E6E 
 19826      656C7300 
 19827              	.LASF166:
 19828 1a89 5F5A5374 		.ascii	"_ZSt3erfe\000"
 19828      33657266 
 19828      6500
 19829              	.LASF83:
 19830 1a93 6D6F6466 		.ascii	"modf\000"
 19830      00
 19831              	.LASF107:
 19832 1a98 69736669 		.ascii	"isfinite\000"
 19832      6E697465 
 19832      00
 19833              	.LASF525:
 19834 1aa1 5F5A4E31 		.ascii	"_ZN15UnderpassEngine9setPresetEi\000"
 19834      35556E64 
 19834      65727061 
 19834      7373456E 
 19834      67696E65 
 19835              	.LASF3:
 19836 1ac2 696E7431 		.ascii	"int16_t\000"
 19836      365F7400 
 19837              	.LASF459:
 19838 1aca 61746578 		.ascii	"atexit\000"
 19838      697400
 19839              	.LASF136:
 19840 1ad1 5F5A5374 		.ascii	"_ZSt6islessee\000"
 19840      3669736C 
 19840      65737365 
 19840      6500
 19841              	.LASF234:
 19842 1adf 5F5A5374 		.ascii	"_ZSt4rinte\000"
 19842      3472696E 
 19842      746500
 19843              	.LASF235:
ARM GAS  /tmp/ccHvmxP5.s 			page 371


 19844 1aea 5F5A5374 		.ascii	"_ZSt4rintf\000"
 19844      3472696E 
 19844      746600
 19845              	.LASF523:
 19846 1af5 5F5A4E31 		.ascii	"_ZN15UnderpassEngine4initEfPfS0_\000"
 19846      35556E64 
 19846      65727061 
 19846      7373456E 
 19846      67696E65 
 19847              	.LASF286:
 19848 1b16 5F666E74 		.ascii	"_fntypes\000"
 19848      79706573 
 19848      00
 19849              	.LASF652:
 19850 1b1f 6B4E756D 		.ascii	"kNumHeads\000"
 19850      48656164 
 19850      7300
 19851              	.LASF576:
 19852 1b29 5F616374 		.ascii	"_activityParam\000"
 19852      69766974 
 19852      79506172 
 19852      616D00
 19853              	.LASF630:
 19854 1b38 5F5A3766 		.ascii	"_Z7fastSinf\000"
 19854      61737453 
 19854      696E6600 
 19855              	.LASF197:
 19856 1b44 6C6C7269 		.ascii	"llrint\000"
 19856      6E7400
 19857              	.LASF279:
 19858 1b4b 5F5F746D 		.ascii	"__tm_year\000"
 19858      5F796561 
 19858      7200
 19859              	.LASF371:
 19860 1b55 6469765F 		.ascii	"div_t\000"
 19860      7400
 19861              	.LASF188:
 19862 1b5b 6879706F 		.ascii	"hypot\000"
 19862      7400
 19863              	.LASF132:
 19864 1b61 5F5A5374 		.ascii	"_ZSt14isgreaterequalee\000"
 19864      31346973 
 19864      67726561 
 19864      74657265 
 19864      7175616C 
 19865              	.LASF98:
 19866 1b78 5F5A5374 		.ascii	"_ZSt5floore\000"
 19866      35666C6F 
 19866      6F726500 
 19867              	.LASF99:
 19868 1b84 5F5A5374 		.ascii	"_ZSt5floorf\000"
 19868      35666C6F 
 19868      6F726600 
 19869              	.LASF557:
 19870 1b90 5F5A4E36 		.ascii	"_ZN6Effect7SuspendEv\000"
 19870      45666665 
 19870      63743753 
ARM GAS  /tmp/ccHvmxP5.s 			page 372


 19870      75737065 
 19870      6E644576 
 19871              	.LASF613:
 19872 1ba5 70726573 		.ascii	"preset\000"
 19872      657400
 19873              	.LASF570:
 19874 1bac 746F7563 		.ascii	"touchEvent\000"
 19874      68457665 
 19874      6E7400
 19875              	.LASF603:
 19876 1bb7 5F5A4E36 		.ascii	"_ZN6EffectC2Ev\000"
 19876      45666665 
 19876      63744332 
 19876      457600
 19877              	.LASF562:
 19878 1bc6 67657450 		.ascii	"getParameterValue\000"
 19878      6172616D 
 19878      65746572 
 19878      56616C75 
 19878      6500
 19879              	.LASF658:
 19880 1bd8 6E616D65 		.ascii	"names\000"
 19880      7300
 19881              	.LASF471:
 19882 1bde 7372616E 		.ascii	"srand\000"
 19882      6400
 19883              	.LASF138:
 19884 1be4 5F5A5374 		.ascii	"_ZSt6islessff\000"
 19884      3669736C 
 19884      65737366 
 19884      6600
 19885              	.LASF92:
 19886 1bf2 5F5A5374 		.ascii	"_ZSt4ceile\000"
 19886      34636569 
 19886      6C6500
 19887              	.LASF93:
 19888 1bfd 5F5A5374 		.ascii	"_ZSt4ceilf\000"
 19888      34636569 
 19888      6C6600
 19889              	.LASF409:
 19890 1c08 6465765F 		.ascii	"dev_id\000"
 19890      696400
 19891              	.LASF338:
 19892 1c0f 5F696E63 		.ascii	"_inc\000"
 19892      00
 19893              	.LASF289:
 19894 1c14 5F696E64 		.ascii	"_ind\000"
 19894      00
 19895              	.LASF598:
 19896 1c19 6B427974 		.ascii	"kBytes\000"
 19896      657300
 19897              	.LASF193:
 19898 1c20 5F5A5374 		.ascii	"_ZSt5ilogbf\000"
 19898      35696C6F 
 19898      67626600 
 19899              	.LASF291:
 19900 1c2c 5F5F7362 		.ascii	"__sbuf\000"
ARM GAS  /tmp/ccHvmxP5.s 			page 373


 19900      756600
 19901              	.LASF86:
 19902 1c33 5F5A5374 		.ascii	"_ZSt3powee\000"
 19902      33706F77 
 19902      656500
 19903              	.LASF636:
 19904 1c3e 5F5A3131 		.ascii	"_Z11initHannLutv\000"
 19904      696E6974 
 19904      48616E6E 
 19904      4C757476 
 19904      00
 19905              	.LASF287:
 19906 1c4f 5F69735F 		.ascii	"_is_cxa\000"
 19906      63786100 
 19907              	.LASF433:
 19908 1c57 77745F70 		.ascii	"wt_par_lut_f\000"
 19908      61725F6C 
 19908      75745F66 
 19908      00
 19909              	.LASF650:
 19910 1c64 756E6974 		.ascii	"unit_runtime_base_context_t\000"
 19910      5F72756E 
 19910      74696D65 
 19910      5F626173 
 19910      655F636F 
 19911              	.LASF192:
 19912 1c80 5F5A5374 		.ascii	"_ZSt5ilogbe\000"
 19912      35696C6F 
 19912      67626500 
 19913              	.LASF134:
 19914 1c8c 5F5A5374 		.ascii	"_ZSt14isgreaterequalff\000"
 19914      31346973 
 19914      67726561 
 19914      74657265 
 19914      7175616C 
 19915              	.LASF410:
 19916 1ca3 756E6974 		.ascii	"unit_id\000"
 19916      5F696400 
 19917              	.LASF423:
 19918 1cab 6B5F756E 		.ascii	"k_unit_err_undef\000"
 19918      69745F65 
 19918      72725F75 
 19918      6E646566 
 19918      00
 19919              	.LASF608:
 19920 1cbc 6375746F 		.ascii	"cutoff\000"
 19920      666600
 19921              	.LASF467:
 19922 1cc3 6D627374 		.ascii	"mbstowcs\000"
 19922      6F776373 
 19922      00
 19923              	.LASF510:
 19924 1ccc 5F6C656E 		.ascii	"_len\000"
 19924      00
 19925              	.LASF228:
 19926 1cd1 5F5A5374 		.ascii	"_ZSt9remainderee\000"
 19926      3972656D 
ARM GAS  /tmp/ccHvmxP5.s 			page 374


 19926      61696E64 
 19926      65726565 
 19926      00
 19927              	.LASF265:
 19928 1ce2 5F5F554C 		.ascii	"__ULong\000"
 19928      6F6E6700 
 19929              	.LASF444:
 19930 1cea 73636865 		.ascii	"schetzen_lut_f\000"
 19930      747A656E 
 19930      5F6C7574 
 19930      5F6600
 19931              	.LASF568:
 19932 1cf9 74656D70 		.ascii	"tempo4ppqnTick\000"
 19932      6F347070 
 19932      716E5469 
 19932      636B00
 19933              	.LASF602:
 19934 1d08 5F5A4E36 		.ascii	"_ZN6EffectD2Ev\000"
 19934      45666665 
 19934      63744432 
 19934      457600
 19935              	.LASF13:
 19936 1d17 75696E74 		.ascii	"uint32_t\000"
 19936      33325F74 
 19936      00
 19937              	.LASF344:
 19938 1d20 5F726573 		.ascii	"_result\000"
 19938      756C7400 
 19939              	.LASF31:
 19940 1d28 75696E74 		.ascii	"uint_fast16_t\000"
 19940      5F666173 
 19940      7431365F 
 19940      7400
 19941              	.LASF87:
 19942 1d36 5F5A5374 		.ascii	"_ZSt3powff\000"
 19942      33706F77 
 19942      666600
 19943              	.LASF487:
 19944 1d41 6B54776F 		.ascii	"kTwoPi\000"
 19944      506900
 19945              	.LASF194:
 19946 1d48 6C67616D 		.ascii	"lgamma\000"
 19946      6D6100
 19947              	.LASF485:
 19948 1d4f 6B427566 		.ascii	"kBufLenSec\000"
 19948      4C656E53 
 19948      656300
 19949              	.LASF135:
 19950 1d5a 69736C65 		.ascii	"isless\000"
 19950      737300
 19951              	.LASF254:
 19952 1d61 73697A65 		.ascii	"size_t\000"
 19952      5F7400
 19953              	.LASF586:
 19954 1d68 756E6974 		.ascii	"unit_set_param_value\000"
 19954      5F736574 
 19954      5F706172 
ARM GAS  /tmp/ccHvmxP5.s 			page 375


 19954      616D5F76 
 19954      616C7565 
 19955              	.LASF404:
 19956 1d7d 72657365 		.ascii	"reserved\000"
 19956      72766564 
 19956      00
 19957              	.LASF76:
 19958 1d86 5F5A5374 		.ascii	"_ZSt5ldexpei\000"
 19958      356C6465 
 19958      78706569 
 19958      00
 19959              	.LASF646:
 19960 1d93 31316D61 		.ascii	"11max_align_t\000"
 19960      785F616C 
 19960      69676E5F 
 19960      7400
 19961              	.LASF258:
 19962 1da1 5F6F6666 		.ascii	"_off_t\000"
 19962      5F7400
 19963              	.LASF91:
 19964 1da8 6365696C 		.ascii	"ceil\000"
 19964      00
 19965              	.LASF633:
 19966 1dad 63686172 		.ascii	"char16_t\000"
 19966      31365F74 
 19966      00
 19967              	.LASF363:
 19968 1db6 5F616464 		.ascii	"_add\000"
 19968      00
 19969              	.LASF229:
 19970 1dbb 5F5A5374 		.ascii	"_ZSt9remainderff\000"
 19970      3972656D 
 19970      61696E64 
 19970      65726666 
 19970      00
 19971              	.LASF12:
 19972 1dcc 73686F72 		.ascii	"short unsigned int\000"
 19972      7420756E 
 19972      7369676E 
 19972      65642069 
 19972      6E7400
 19973              	.LASF276:
 19974 1ddf 5F5F746D 		.ascii	"__tm_hour\000"
 19974      5F686F75 
 19974      7200
 19975              	.LASF502:
 19976 1de9 5F5A4E4B 		.ascii	"_ZNK9DelayLine4readEf\000"
 19976      3944656C 
 19976      61794C69 
 19976      6E653472 
 19976      65616445 
 19977              	.LASF550:
 19978 1dff 54656172 		.ascii	"Teardown\000"
 19978      646F776E 
 19978      00
 19979              	.LASF503:
 19980 1e08 72656164 		.ascii	"readHermite\000"
ARM GAS  /tmp/ccHvmxP5.s 			page 376


 19980      4865726D 
 19980      69746500 
 19981              	.LASF561:
 19982 1e14 5F5A4E36 		.ascii	"_ZN6Effect12setParameterEhl\000"
 19982      45666665 
 19982      63743132 
 19982      73657450 
 19982      6172616D 
 19983              	.LASF527:
 19984 1e30 5F5A4E31 		.ascii	"_ZN15UnderpassEngine11setActivityEf\000"
 19984      35556E64 
 19984      65727061 
 19984      7373456E 
 19984      67696E65 
 19985              	.LASF327:
 19986 1e54 5F6D6273 		.ascii	"_mbsrtowcs_state\000"
 19986      72746F77 
 19986      63735F73 
 19986      74617465 
 19986      00
 19987              	.LASF198:
 19988 1e65 5F5A5374 		.ascii	"_ZSt6llrinte\000"
 19988      366C6C72 
 19988      696E7465 
 19988      00
 19989              	.LASF199:
 19990 1e72 5F5A5374 		.ascii	"_ZSt6llrintf\000"
 19990      366C6C72 
 19990      696E7466 
 19990      00
 19991              	.LASF655:
 19992 1e7f 5F5F7374 		.ascii	"__static_initialization_and_destruction_0\000"
 19992      61746963 
 19992      5F696E69 
 19992      7469616C 
 19992      697A6174 
 19993              	.LASF407:
 19994 1ea9 756E6974 		.ascii	"unit_header\000"
 19994      5F686561 
 19994      64657200 
 19995              	.LASF7:
 19996 1eb5 696E7436 		.ascii	"int64_t\000"
 19996      345F7400 
 19997              	.LASF77:
 19998 1ebd 5F5A5374 		.ascii	"_ZSt5ldexpfi\000"
 19998      356C6465 
 19998      78706669 
 19998      00
 19999              	.LASF601:
 20000 1eca 5F5F696E 		.ascii	"__in_chrg\000"
 20000      5F636872 
 20000      6700
 20001              	.LASF635:
 20002 1ed4 5F5A3130 		.ascii	"_Z10initSinLutv\000"
 20002      696E6974 
 20002      53696E4C 
 20002      75747600 
ARM GAS  /tmp/ccHvmxP5.s 			page 377


 20003              	.LASF167:
 20004 1ee4 5F5A5374 		.ascii	"_ZSt3erff\000"
 20004      33657266 
 20004      6600
 20005              	.LASF183:
 20006 1eee 5F5A5374 		.ascii	"_ZSt4fmaxee\000"
 20006      34666D61 
 20006      78656500 
 20007              	.LASF537:
 20008 1efa 5F656E76 		.ascii	"_envFollow\000"
 20008      466F6C6C 
 20008      6F7700
 20009              	.LASF171:
 20010 1f05 65787032 		.ascii	"exp2\000"
 20010      00
 20011              	.LASF450:
 20012 1f0a 61737369 		.ascii	"assign\000"
 20012      676E00
 20013              	.LASF284:
 20014 1f11 5F666E61 		.ascii	"_fnargs\000"
 20014      72677300 
 20015              	.LASF587:
 20016 1f19 756E6974 		.ascii	"unit_render\000"
 20016      5F72656E 
 20016      64657200 
 20017              	.LASF282:
 20018 1f25 5F5F746D 		.ascii	"__tm_isdst\000"
 20018      5F697364 
 20018      737400
 20019              	.LASF232:
 20020 1f30 5F5A5374 		.ascii	"_ZSt6remquoffPi\000"
 20020      3672656D 
 20020      71756F66 
 20020      66506900 
 20021              	.LASF428:
 20022 1f40 77745F73 		.ascii	"wt_saw_notes\000"
 20022      61775F6E 
 20022      6F746573 
 20022      00
 20023              	.LASF227:
 20024 1f4d 72656D61 		.ascii	"remainder\000"
 20024      696E6465 
 20024      7200
 20025              	.LASF594:
 20026 1f57 6B456666 		.ascii	"kEffectNames\000"
 20026      6563744E 
 20026      616D6573 
 20026      00
 20027              	.LASF275:
 20028 1f64 5F5F746D 		.ascii	"__tm_min\000"
 20028      5F6D696E 
 20028      00
 20029              	.LASF186:
 20030 1f6d 5F5A5374 		.ascii	"_ZSt4fminee\000"
 20030      34666D69 
 20030      6E656500 
 20031              	.LASF324:
ARM GAS  /tmp/ccHvmxP5.s 			page 378


 20032 1f79 5F676574 		.ascii	"_getdate_err\000"
 20032      64617465 
 20032      5F657272 
 20032      00
 20033              	.LASF468:
 20034 1f86 77636861 		.ascii	"wchar_t\000"
 20034      725F7400 
 20035              	.LASF184:
 20036 1f8e 5F5A5374 		.ascii	"_ZSt4fmaxff\000"
 20036      34666D61 
 20036      78666600 
 20037              	.LASF406:
 20038 1f9a 756E6974 		.ascii	"unit_param_t\000"
 20038      5F706172 
 20038      616D5F74 
 20038      00
 20039              	.LASF119:
 20040 1fa7 69736E6F 		.ascii	"isnormal\000"
 20040      726D616C 
 20040      00
 20041              	.LASF152:
 20042 1fb0 5F5A5374 		.ascii	"_ZSt5acoshe\000"
 20042      3561636F 
 20042      73686500 
 20043              	.LASF153:
 20044 1fbc 5F5A5374 		.ascii	"_ZSt5acoshf\000"
 20044      3561636F 
 20044      73686600 
 20045              		.ident	"GCC: (15:9-2019-q4-0ubuntu1) 9.2.1 20191025 (release) [ARM/arm-9-branch revision 277599]"
ARM GAS  /tmp/ccHvmxP5.s 			page 379


DEFINED SYMBOLS
                            *ABS*:0000000000000000 unit.cc
     /tmp/ccHvmxP5.s:18     .text._ZNK9DelayLine11readHermiteEf:0000000000000000 $t
     /tmp/ccHvmxP5.s:26     .text._ZNK9DelayLine11readHermiteEf:0000000000000000 _ZNK9DelayLine11readHermiteEf
     /tmp/ccHvmxP5.s:192    .text._ZN6Biquad5resetEv:0000000000000000 $t
     /tmp/ccHvmxP5.s:199    .text._ZN6Biquad5resetEv:0000000000000000 _ZN6Biquad5resetEv
     /tmp/ccHvmxP5.s:235    .text._ZN6Biquad6setLPFEfff:0000000000000000 $t
     /tmp/ccHvmxP5.s:242    .text._ZN6Biquad6setLPFEfff:0000000000000000 _ZN6Biquad6setLPFEfff
     /tmp/ccHvmxP5.s:352    .text._ZN6Biquad6setLPFEfff:0000000000000084 $d
     /tmp/ccHvmxP5.s:357    .text._ZN6Biquad6setBPFEfff:0000000000000000 $t
     /tmp/ccHvmxP5.s:364    .text._ZN6Biquad6setBPFEfff:0000000000000000 _ZN6Biquad6setBPFEfff
     /tmp/ccHvmxP5.s:472    .text._ZN6Biquad6setBPFEfff:0000000000000080 $d
     /tmp/ccHvmxP5.s:477    .text._ZN6Biquad7processEf:0000000000000000 $t
     /tmp/ccHvmxP5.s:484    .text._ZN6Biquad7processEf:0000000000000000 _ZN6Biquad7processEf
     /tmp/ccHvmxP5.s:533    .text._ZN15UnderpassEngine9setPresetEi:0000000000000000 $t
     /tmp/ccHvmxP5.s:540    .text._ZN15UnderpassEngine9setPresetEi:0000000000000000 _ZN15UnderpassEngine9setPresetEi
     /tmp/ccHvmxP5.s:593    .text._ZN15UnderpassEngine9setPresetEi:0000000000000038 $d
     /tmp/ccHvmxP5.s:597    .text._ZN15UnderpassEngine9setPresetEi:000000000000003c $t
     /tmp/ccHvmxP5.s:686    .text._ZN15UnderpassEngine9setPresetEi:00000000000000b4 $d
     /tmp/ccHvmxP5.s:692    .text._ZN15UnderpassEngine7processEPKfPfm:0000000000000000 $t
     /tmp/ccHvmxP5.s:699    .text._ZN15UnderpassEngine7processEPKfPfm:0000000000000000 _ZN15UnderpassEngine7processEPKfPfm
     /tmp/ccHvmxP5.s:928    .text._ZN15UnderpassEngine7processEPKfPfm:00000000000000ca $d
     /tmp/ccHvmxP5.s:932    .text._ZN15UnderpassEngine7processEPKfPfm:00000000000000d2 $t
     /tmp/ccHvmxP5.s:1593   .text._ZN15UnderpassEngine7processEPKfPfm:00000000000003ac $d
     /tmp/ccHvmxP5.s:1613   .text._ZN6Effect4InitEPK17unit_runtime_desc:0000000000000000 $t
     /tmp/ccHvmxP5.s:1620   .text._ZN6Effect4InitEPK17unit_runtime_desc:0000000000000000 _ZN6Effect4InitEPK17unit_runtime_desc
     /tmp/ccHvmxP5.s:2002   .text._ZN6Effect4InitEPK17unit_runtime_desc:000000000000011c $d
     /tmp/ccHvmxP5.s:2012   .text:0000000000000000 $t
     /tmp/ccHvmxP5.s:2019   .text:0000000000000000 unit_init
     /tmp/ccHvmxP5.s:2047   .text:0000000000000010 $d
     /tmp/ccHvmxP5.s:2051   .text:0000000000000014 $t
     /tmp/ccHvmxP5.s:2058   .text:0000000000000014 unit_teardown
     /tmp/ccHvmxP5.s:2079   .text:0000000000000016 unit_reset
     /tmp/ccHvmxP5.s:2096   .text:0000000000000018 unit_resume
     /tmp/ccHvmxP5.s:2113   .text:000000000000001a unit_suspend
     /tmp/ccHvmxP5.s:2130   .text:000000000000001c unit_render
     /tmp/ccHvmxP5.s:2215   .text:0000000000000058 $d
     /tmp/ccHvmxP5.s:2219   .text:000000000000005c $t
     /tmp/ccHvmxP5.s:2226   .text:000000000000005c unit_set_param_value
     /tmp/ccHvmxP5.s:2461   .text:000000000000010c $d
     /tmp/ccHvmxP5.s:2475   .text:0000000000000128 $t
     /tmp/ccHvmxP5.s:2482   .text:0000000000000128 unit_get_param_value
     /tmp/ccHvmxP5.s:2533   .text:0000000000000148 $d
     /tmp/ccHvmxP5.s:2538   .text:0000000000000150 $t
     /tmp/ccHvmxP5.s:2545   .text:0000000000000150 unit_get_param_str_value
     /tmp/ccHvmxP5.s:2600   .text:0000000000000168 $d
     /tmp/ccHvmxP5.s:2866   .data.rel.local._ZZNK6Effect20getParameterStrValueEhlE5names:0000000000000000 _ZZNK6Effect20getParameterStrValueEhlE5names
     /tmp/ccHvmxP5.s:2605   .text:0000000000000170 $t
     /tmp/ccHvmxP5.s:2612   .text:0000000000000170 unit_set_tempo
     /tmp/ccHvmxP5.s:2634   .text:0000000000000172 unit_tempo_4ppqn_tick
     /tmp/ccHvmxP5.s:2651   .text:0000000000000174 unit_touch_event
     /tmp/ccHvmxP5.s:2670   .text.startup:0000000000000000 $t
     /tmp/ccHvmxP5.s:2676   .text.startup:0000000000000000 _GLOBAL__sub_I_unit.cc
     /tmp/ccHvmxP5.s:2842   .text.startup:0000000000000060 $d
     /tmp/ccHvmxP5.s:2848   .init_array:0000000000000000 $d
     /tmp/ccHvmxP5.s:2863   .data.rel.local._ZZNK6Effect20getParameterStrValueEhlE5names:0000000000000000 $d
     /tmp/ccHvmxP5.s:2873   .bss:0000000000000000 $d
ARM GAS  /tmp/ccHvmxP5.s 			page 380


     /tmp/ccHvmxP5.s:2877   .bss:0000000000000000 _ZL17s_effect_instance

UNDEFINED SYMBOLS
cosf
sinf
_GLOBAL_OFFSET_TABLE_
g_sinLut
g_hannLut
_Z10initSinLutv
_Z11initHannLutv
memset
unit_header
