ARM GAS  /tmp/cc3q4aVX.s 			page 1


   1              		.cpu cortex-m7
   2              		.eabi_attribute 27, 1
   3              		.eabi_attribute 28, 1
   4              		.eabi_attribute 20, 1
   5              		.eabi_attribute 21, 1
   6              		.eabi_attribute 23, 3
   7              		.eabi_attribute 24, 1
   8              		.eabi_attribute 25, 1
   9              		.eabi_attribute 26, 1
  10              		.eabi_attribute 30, 4
  11              		.eabi_attribute 34, 1
  12              		.eabi_attribute 18, 4
  13              		.file	"unit.cc"
  14              		.text
  15              	.Ltext0:
  16              		.cfi_sections	.debug_frame
  17              		.section	.text._ZNK9DelayLine11readHermiteEf,"axG",%progbits,_ZNK9DelayLine11readHermiteEf,comdat
  18              		.align	1
  19              		.weak	_ZNK9DelayLine11readHermiteEf
  20              		.arch armv7e-m
  21              		.syntax unified
  22              		.thumb
  23              		.thumb_func
  24              		.fpu fpv4-sp-d16
  25              		.type	_ZNK9DelayLine11readHermiteEf, %function
  26              	_ZNK9DelayLine11readHermiteEf:
  27              	.LVL0:
  28              	.LFB488:
  29              		.file 1 "src/delay_line.h"
  30              		.loc 1 42 9 view -0
  31              		.cfi_startproc
  32              		@ args = 0, pretend = 0, frame = 0
  33              		@ frame_needed = 0, uses_anonymous_args = 0
  34              		.loc 1 43 5 view .LVU1
  35              		.loc 1 43 17 is_stmt 0 view .LVU2
  36 0000 D0ED027A 		vldr.32	s15, [r0, #8]	@ int
  37 0004 4368     		ldr	r3, [r0, #4]
  38 0006 F8EE677A 		vcvt.f32.u32	s15, s15
  39              		.loc 1 42 9 view .LVU3
  40 000a 10B5     		push	{r4, lr}
  41              		.cfi_def_cfa_offset 8
  42              		.cfi_offset 4, -8
  43              		.cfi_offset 14, -4
  44              		.loc 1 43 31 view .LVU4
  45 000c 37EEC00A 		vsub.f32	s0, s15, s0
  46              	.LVL1:
  47              		.loc 1 43 11 view .LVU5
  48 0010 F7EE007A 		vmov.f32	s15, #1.0e+0
  49 0014 30EE670A 		vsub.f32	s0, s0, s15
  50              	.LVL2:
  51              		.loc 1 43 11 view .LVU6
  52 0018 07EE903A 		vmov	s15, r3	@ int
  53 001c F8EE677A 		vcvt.f32.u32	s15, s15
  54              	.L4:
  55              		.loc 1 44 5 is_stmt 1 discriminator 2 view .LVU7
  56              		.loc 1 44 16 discriminator 2 view .LVU8
  57 0020 B5EEC00A 		vcmpe.f32	s0, #0
ARM GAS  /tmp/cc3q4aVX.s 			page 2


  58 0024 F1EE10FA 		vmrs	APSR_nzcv, FPSCR
  59 0028 02D5     		bpl	.L2
  60              		.loc 1 44 32 discriminator 1 view .LVU9
  61              		.loc 1 44 36 is_stmt 0 discriminator 1 view .LVU10
  62 002a 30EE270A 		vadd.f32	s0, s0, s15
  63              	.LVL3:
  64              		.loc 1 44 5 discriminator 1 view .LVU11
  65 002e F7E7     		b	.L4
  66              	.L2:
  67              		.loc 1 45 5 is_stmt 1 discriminator 2 view .LVU12
  68              		.loc 1 45 16 discriminator 2 view .LVU13
  69 0030 B4EEE70A 		vcmpe.f32	s0, s15
  70 0034 F1EE10FA 		vmrs	APSR_nzcv, FPSCR
  71 0038 02DB     		blt	.L9
  72              		.loc 1 45 33 discriminator 1 view .LVU14
  73              		.loc 1 45 37 is_stmt 0 discriminator 1 view .LVU15
  74 003a 30EE670A 		vsub.f32	s0, s0, s15
  75              	.LVL4:
  76              		.loc 1 45 5 discriminator 1 view .LVU16
  77 003e F7E7     		b	.L2
  78              	.L9:
  79              		.loc 1 47 5 is_stmt 1 view .LVU17
  80              		.loc 1 47 11 is_stmt 0 view .LVU18
  81 0040 FDEEC07A 		vcvt.s32.f32	s15, s0
  82              		.loc 1 53 16 view .LVU19
  83 0044 0168     		ldr	r1, [r0]
  84              		.loc 1 49 26 view .LVU20
  85 0046 581E     		subs	r0, r3, #1
  86              	.LVL5:
  87              		.loc 1 56 19 view .LVU21
  88 0048 B0EE047A 		vmov.f32	s14, #2.5e+0
  89              		.loc 1 47 11 view .LVU22
  90 004c 17EE902A 		vmov	r2, s15	@ int
  91              	.LVL6:
  92              		.loc 1 48 5 is_stmt 1 view .LVU23
  93              		.loc 1 48 24 is_stmt 0 view .LVU24
  94 0050 F8EEE77A 		vcvt.f32.s32	s15, s15
  95              		.loc 1 49 26 view .LVU25
  96 0054 8418     		adds	r4, r0, r2
  97              		.loc 1 48 11 view .LVU26
  98 0056 70EE677A 		vsub.f32	s15, s0, s15
  99              	.LVL7:
 100              		.loc 1 49 5 is_stmt 1 view .LVU27
 101              		.loc 1 50 5 view .LVU28
 102              		.loc 1 51 5 view .LVU29
 103              		.loc 1 53 5 view .LVU30
 104              		.loc 1 49 11 is_stmt 0 view .LVU31
 105 005a 94FBF3F0 		sdiv	r0, r4, r3
 106 005e 03FB1040 		mls	r0, r3, r0, r4
 107              		.loc 1 50 22 view .LVU32
 108 0062 541C     		adds	r4, r2, #1
 109              		.loc 1 53 11 view .LVU33
 110 0064 01EB8000 		add	r0, r1, r0, lsl #2
 111 0068 90ED005A 		vldr.32	s10, [r0]
 112              	.LVL8:
 113              		.loc 1 53 26 view .LVU34
 114 006c 01EB8200 		add	r0, r1, r2, lsl #2
ARM GAS  /tmp/cc3q4aVX.s 			page 3


 115              		.loc 1 51 22 view .LVU35
 116 0070 0232     		adds	r2, r2, #2
 117              	.LVL9:
 118              		.loc 1 53 26 view .LVU36
 119 0072 90ED000A 		vldr.32	s0, [r0]
 120              	.LVL10:
 121              		.loc 1 56 19 view .LVU37
 122 0076 F0EE455A 		vmov.f32	s11, s10
 123              		.loc 1 50 11 view .LVU38
 124 007a 94FBF3F0 		sdiv	r0, r4, r3
 125              		.loc 1 56 19 view .LVU39
 126 007e E0EE475A 		vfms.f32	s11, s0, s14
 127              		.loc 1 50 11 view .LVU40
 128 0082 03FB1040 		mls	r0, r3, r0, r4
 129              		.loc 1 53 41 view .LVU41
 130 0086 01EB8000 		add	r0, r1, r0, lsl #2
 131 008a D0ED006A 		vldr.32	s13, [r0]
 132              	.LVL11:
 133              		.loc 1 51 11 view .LVU42
 134 008e 92FBF3F0 		sdiv	r0, r2, r3
 135              		.loc 1 56 19 view .LVU43
 136 0092 B0EE657A 		vmov.f32	s14, s11
 137              		.loc 1 51 11 view .LVU44
 138 0096 03FB1022 		mls	r2, r3, r0, r2
 139              	.LVL12:
 140              		.loc 1 56 31 view .LVU45
 141 009a F0EE005A 		vmov.f32	s11, #2.0e+0
 142              		.loc 1 53 56 view .LVU46
 143 009e 01EB8201 		add	r1, r1, r2, lsl #2
 144              		.loc 1 55 27 view .LVU47
 145 00a2 76EEC54A 		vsub.f32	s9, s13, s10
 146              		.loc 1 56 31 view .LVU48
 147 00a6 A6EEA57A 		vfma.f32	s14, s13, s11
 148              		.loc 1 53 56 view .LVU49
 149 00aa 91ED006A 		vldr.32	s12, [r1]
 150              	.LVL13:
 151              		.loc 1 54 5 is_stmt 1 view .LVU50
 152              		.loc 1 55 5 view .LVU51
 153              		.loc 1 56 5 view .LVU52
 154              		.loc 1 56 11 is_stmt 0 view .LVU53
 155 00ae F6EE005A 		vmov.f32	s11, #5.0e-1
 156              		.loc 1 57 46 view .LVU54
 157 00b2 70EE666A 		vsub.f32	s13, s0, s13
 158              	.LVL14:
 159              		.loc 1 56 11 view .LVU55
 160 00b6 A6EE657A 		vfms.f32	s14, s12, s11
 161              	.LVL15:
 162              		.loc 1 57 5 is_stmt 1 view .LVU56
 163              		.loc 1 57 27 is_stmt 0 view .LVU57
 164 00ba 36EE456A 		vsub.f32	s12, s12, s10
 165              	.LVL16:
 166              		.loc 1 57 40 view .LVU58
 167 00be B7EE085A 		vmov.f32	s10, #1.5e+0
 168              	.LVL17:
 169              		.loc 1 57 40 view .LVU59
 170 00c2 66EE856A 		vmul.f32	s13, s13, s10
 171              		.loc 1 57 11 view .LVU60
ARM GAS  /tmp/cc3q4aVX.s 			page 4


 172 00c6 E6EE256A 		vfma.f32	s13, s12, s11
 173              	.LVL18:
 174              		.loc 1 58 5 is_stmt 1 view .LVU61
 175              		.loc 1 58 24 is_stmt 0 view .LVU62
 176 00ca A7EEA67A 		vfma.f32	s14, s15, s13
 177              	.LVL19:
 178              		.loc 1 58 30 view .LVU63
 179 00ce 27EE277A 		vmul.f32	s14, s14, s15
 180              		.loc 1 58 37 view .LVU64
 181 00d2 A4EEA57A 		vfma.f32	s14, s9, s11
 182              		.loc 1 59 3 view .LVU65
 183 00d6 A7EE270A 		vfma.f32	s0, s14, s15
 184              	.LVL20:
 185              		.loc 1 59 3 view .LVU66
 186 00da 10BD     		pop	{r4, pc}
 187              		.loc 1 59 3 view .LVU67
 188              		.cfi_endproc
 189              	.LFE488:
 190              		.size	_ZNK9DelayLine11readHermiteEf, .-_ZNK9DelayLine11readHermiteEf
 191              		.section	.text._ZN6Biquad5resetEv,"axG",%progbits,_ZN6Biquad5resetEv,comdat
 192              		.align	1
 193              		.weak	_ZN6Biquad5resetEv
 194              		.syntax unified
 195              		.thumb
 196              		.thumb_func
 197              		.fpu fpv4-sp-d16
 198              		.type	_ZN6Biquad5resetEv, %function
 199              	_ZN6Biquad5resetEv:
 200              	.LVL21:
 201              	.LFB494:
 202              		.file 2 "src/biquad.h"
 203              		.loc 2 13 8 is_stmt 1 view -0
 204              		.cfi_startproc
 205              		@ args = 0, pretend = 0, frame = 0
 206              		@ frame_needed = 0, uses_anonymous_args = 0
 207              		@ link register save eliminated.
 208              		.loc 2 14 5 view .LVU69
 209              		.loc 2 14 15 is_stmt 0 view .LVU70
 210 0000 0023     		movs	r3, #0
 211              		.loc 2 15 9 view .LVU71
 212 0002 4FF07E52 		mov	r2, #1065353216
 213              		.loc 2 14 15 view .LVU72
 214 0006 8361     		str	r3, [r0, #24]	@ float
 215              		.loc 2 14 9 view .LVU73
 216 0008 4361     		str	r3, [r0, #20]	@ float
 217              		.loc 2 15 5 is_stmt 1 view .LVU74
 218              		.loc 2 15 9 is_stmt 0 view .LVU75
 219 000a 0260     		str	r2, [r0]	@ float
 220              		.loc 2 15 16 is_stmt 1 view .LVU76
 221              		.loc 2 15 38 is_stmt 0 view .LVU77
 222 000c 0361     		str	r3, [r0, #16]	@ float
 223              		.loc 2 15 32 view .LVU78
 224 000e C360     		str	r3, [r0, #12]	@ float
 225              		.loc 2 15 26 view .LVU79
 226 0010 8360     		str	r3, [r0, #8]	@ float
 227              		.loc 2 15 20 view .LVU80
 228 0012 4360     		str	r3, [r0, #4]	@ float
ARM GAS  /tmp/cc3q4aVX.s 			page 5


 229              		.loc 2 16 3 view .LVU81
 230 0014 7047     		bx	lr
 231              		.cfi_endproc
 232              	.LFE494:
 233              		.size	_ZN6Biquad5resetEv, .-_ZN6Biquad5resetEv
 234              		.section	.text._ZN6Biquad6setLPFEfff,"axG",%progbits,_ZN6Biquad6setLPFEfff,comdat
 235              		.align	1
 236              		.weak	_ZN6Biquad6setLPFEfff
 237              		.syntax unified
 238              		.thumb
 239              		.thumb_func
 240              		.fpu fpv4-sp-d16
 241              		.type	_ZN6Biquad6setLPFEfff, %function
 242              	_ZN6Biquad6setLPFEfff:
 243              	.LVL22:
 244              	.LFB495:
 245              		.loc 2 19 8 is_stmt 1 view -0
 246              		.cfi_startproc
 247              		@ args = 0, pretend = 0, frame = 0
 248              		@ frame_needed = 0, uses_anonymous_args = 0
 249              		.loc 2 20 5 view .LVU83
 250              		.loc 2 20 24 is_stmt 0 view .LVU84
 251 0000 DFED207A 		vldr.32	s15, .L12
 252 0004 20EE270A 		vmul.f32	s0, s0, s15
 253              	.LVL23:
 254              		.loc 2 19 8 view .LVU85
 255 0008 10B5     		push	{r4, lr}
 256              		.cfi_def_cfa_offset 8
 257              		.cfi_offset 4, -8
 258              		.cfi_offset 14, -4
 259 000a 2DED048B 		vpush.64	{d8, d9}
 260              		.cfi_def_cfa_offset 24
 261              		.cfi_offset 80, -24
 262              		.cfi_offset 81, -20
 263              		.cfi_offset 82, -16
 264              		.cfi_offset 83, -12
 265              		.loc 2 20 11 view .LVU86
 266 000e 80EE019A 		vdiv.f32	s18, s0, s2
 267              	.LVL24:
 268              		.loc 2 21 5 is_stmt 1 view .LVU87
 269              		.loc 2 19 8 is_stmt 0 view .LVU88
 270 0012 0446     		mov	r4, r0
 271 0014 F0EE608A 		vmov.f32	s17, s1
 272              		.loc 2 23 31 view .LVU89
 273 0018 78EEA88A 		vadd.f32	s17, s17, s17
 274              		.loc 2 21 22 view .LVU90
 275 001c B0EE490A 		vmov.f32	s0, s18
 276 0020 FFF7FEFF 		bl	cosf(PLT)
 277              	.LVL25:
 278              		.loc 2 21 22 view .LVU91
 279 0024 B0EE408A 		vmov.f32	s16, s0
 280              	.LVL26:
 281              		.loc 2 22 5 is_stmt 1 view .LVU92
 282              		.loc 2 22 22 is_stmt 0 view .LVU93
 283 0028 B0EE490A 		vmov.f32	s0, s18
 284              	.LVL27:
 285              		.loc 2 22 22 view .LVU94
ARM GAS  /tmp/cc3q4aVX.s 			page 6


 286 002c FFF7FEFF 		bl	sinf(PLT)
 287              	.LVL28:
 288              		.loc 2 23 5 is_stmt 1 view .LVU95
 289              		.loc 2 23 11 is_stmt 0 view .LVU96
 290 0030 C0EE285A 		vdiv.f32	s11, s0, s17
 291              	.LVL29:
 292              		.loc 2 24 5 is_stmt 1 view .LVU97
 293              		.loc 2 24 30 is_stmt 0 view .LVU98
 294 0034 F7EE007A 		vmov.f32	s15, #1.0e+0
 295              		.loc 2 28 16 view .LVU99
 296 0038 B8EE000A 		vmov.f32	s0, #-2.0e+0
 297              	.LVL30:
 298              		.loc 2 25 16 view .LVU100
 299 003c 37EEC86A 		vsub.f32	s12, s15, s16
 300              		.loc 2 28 16 view .LVU101
 301 0040 28EE008A 		vmul.f32	s16, s16, s0
 302              	.LVL31:
 303              		.loc 2 24 30 view .LVU102
 304 0044 35EEA77A 		vadd.f32	s14, s11, s15
 305              		.loc 2 24 11 view .LVU103
 306 0048 C7EE876A 		vdiv.f32	s13, s15, s14
 307              	.LVL32:
 308              		.loc 2 25 5 is_stmt 1 view .LVU104
 309              		.loc 2 25 24 is_stmt 0 view .LVU105
 310 004c B6EE007A 		vmov.f32	s14, #5.0e-1
 311              		.loc 2 29 16 view .LVU106
 312 0050 77EEE57A 		vsub.f32	s15, s15, s11
 313              		.loc 2 25 24 view .LVU107
 314 0054 26EE077A 		vmul.f32	s14, s12, s14
 315              		.loc 2 28 23 view .LVU108
 316 0058 28EE268A 		vmul.f32	s16, s16, s13
 317              		.loc 2 25 31 view .LVU109
 318 005c 27EE267A 		vmul.f32	s14, s14, s13
 319              		.loc 2 26 24 view .LVU110
 320 0060 26EE266A 		vmul.f32	s12, s12, s13
 321              		.loc 2 29 25 view .LVU111
 322 0064 67EEA67A 		vmul.f32	s15, s15, s13
 323              		.loc 2 28 9 view .LVU112
 324 0068 84ED038A 		vstr.32	s16, [r4, #12]
 325              		.loc 2 25 9 view .LVU113
 326 006c 84ED007A 		vstr.32	s14, [r4]
 327              		.loc 2 26 5 is_stmt 1 view .LVU114
 328              		.loc 2 26 9 is_stmt 0 view .LVU115
 329 0070 84ED016A 		vstr.32	s12, [r4, #4]
 330              		.loc 2 27 5 is_stmt 1 view .LVU116
 331              		.loc 2 27 9 is_stmt 0 view .LVU117
 332 0074 84ED027A 		vstr.32	s14, [r4, #8]
 333              		.loc 2 28 5 is_stmt 1 view .LVU118
 334              		.loc 2 29 5 view .LVU119
 335              		.loc 2 29 9 is_stmt 0 view .LVU120
 336 0078 C4ED047A 		vstr.32	s15, [r4, #16]
 337              		.loc 2 30 3 view .LVU121
 338 007c BDEC048B 		vldm	sp!, {d8-d9}
 339              		.cfi_restore 82
 340              		.cfi_restore 83
 341              		.cfi_restore 80
 342              		.cfi_restore 81
ARM GAS  /tmp/cc3q4aVX.s 			page 7


 343              		.cfi_def_cfa_offset 8
 344              	.LVL33:
 345              		.loc 2 30 3 view .LVU122
 346 0080 10BD     		pop	{r4, pc}
 347              	.LVL34:
 348              	.L13:
 349              		.loc 2 30 3 view .LVU123
 350 0082 00BF     		.align	2
 351              	.L12:
 352 0084 DB0FC940 		.word	1086918619
 353              		.cfi_endproc
 354              	.LFE495:
 355              		.size	_ZN6Biquad6setLPFEfff, .-_ZN6Biquad6setLPFEfff
 356              		.section	.text._ZN6Biquad6setBPFEfff,"axG",%progbits,_ZN6Biquad6setBPFEfff,comdat
 357              		.align	1
 358              		.weak	_ZN6Biquad6setBPFEfff
 359              		.syntax unified
 360              		.thumb
 361              		.thumb_func
 362              		.fpu fpv4-sp-d16
 363              		.type	_ZN6Biquad6setBPFEfff, %function
 364              	_ZN6Biquad6setBPFEfff:
 365              	.LVL35:
 366              	.LFB496:
 367              		.loc 2 33 8 is_stmt 1 view -0
 368              		.cfi_startproc
 369              		@ args = 0, pretend = 0, frame = 0
 370              		@ frame_needed = 0, uses_anonymous_args = 0
 371              		.loc 2 34 5 view .LVU125
 372              		.loc 2 34 26 is_stmt 0 view .LVU126
 373 0000 DFED1F7A 		vldr.32	s15, .L15
 374 0004 20EE270A 		vmul.f32	s0, s0, s15
 375              	.LVL36:
 376              		.loc 2 33 8 view .LVU127
 377 0008 10B5     		push	{r4, lr}
 378              		.cfi_def_cfa_offset 8
 379              		.cfi_offset 4, -8
 380              		.cfi_offset 14, -4
 381 000a 2DED048B 		vpush.64	{d8, d9}
 382              		.cfi_def_cfa_offset 24
 383              		.cfi_offset 80, -24
 384              		.cfi_offset 81, -20
 385              		.cfi_offset 82, -16
 386              		.cfi_offset 83, -12
 387              		.loc 2 34 11 view .LVU128
 388 000e 80EE019A 		vdiv.f32	s18, s0, s2
 389              	.LVL37:
 390              		.loc 2 35 5 is_stmt 1 view .LVU129
 391              		.loc 2 33 8 is_stmt 0 view .LVU130
 392 0012 0446     		mov	r4, r0
 393 0014 F0EE608A 		vmov.f32	s17, s1
 394              		.loc 2 37 31 view .LVU131
 395 0018 78EEA88A 		vadd.f32	s17, s17, s17
 396              		.loc 2 35 23 view .LVU132
 397 001c B0EE490A 		vmov.f32	s0, s18
 398 0020 FFF7FEFF 		bl	sinf(PLT)
 399              	.LVL38:
ARM GAS  /tmp/cc3q4aVX.s 			page 8


 400              		.loc 2 35 23 view .LVU133
 401 0024 B0EE408A 		vmov.f32	s16, s0
 402              	.LVL39:
 403              		.loc 2 36 5 is_stmt 1 view .LVU134
 404              		.loc 2 36 23 is_stmt 0 view .LVU135
 405 0028 B0EE490A 		vmov.f32	s0, s18
 406              	.LVL40:
 407              		.loc 2 36 23 view .LVU136
 408 002c FFF7FEFF 		bl	cosf(PLT)
 409              	.LVL41:
 410              		.loc 2 37 5 is_stmt 1 view .LVU137
 411              		.loc 2 38 30 is_stmt 0 view .LVU138
 412 0030 F7EE007A 		vmov.f32	s15, #1.0e+0
 413              		.loc 2 37 11 view .LVU139
 414 0034 C8EE286A 		vdiv.f32	s13, s16, s17
 415              	.LVL42:
 416              		.loc 2 38 5 is_stmt 1 view .LVU140
 417              		.loc 2 40 9 is_stmt 0 view .LVU141
 418 0038 0023     		movs	r3, #0
 419 003a 6360     		str	r3, [r4, #4]	@ float
 420              		.loc 2 38 30 view .LVU142
 421 003c 36EEA76A 		vadd.f32	s12, s13, s15
 422              		.loc 2 38 11 view .LVU143
 423 0040 87EE867A 		vdiv.f32	s14, s15, s12
 424              	.LVL43:
 425              		.loc 2 39 5 is_stmt 1 view .LVU144
 426              		.loc 2 39 18 is_stmt 0 view .LVU145
 427 0044 B6EE006A 		vmov.f32	s12, #5.0e-1
 428              		.loc 2 43 16 view .LVU146
 429 0048 77EEE67A 		vsub.f32	s15, s15, s13
 430              		.loc 2 39 18 view .LVU147
 431 004c 28EE068A 		vmul.f32	s16, s16, s12
 432              	.LVL44:
 433              		.loc 2 42 16 view .LVU148
 434 0050 B8EE006A 		vmov.f32	s12, #-2.0e+0
 435 0054 20EE060A 		vmul.f32	s0, s0, s12
 436              	.LVL45:
 437              		.loc 2 39 26 view .LVU149
 438 0058 28EE078A 		vmul.f32	s16, s16, s14
 439              		.loc 2 42 23 view .LVU150
 440 005c 20EE070A 		vmul.f32	s0, s0, s14
 441              		.loc 2 43 25 view .LVU151
 442 0060 67EE877A 		vmul.f32	s15, s15, s14
 443              		.loc 2 39 9 view .LVU152
 444 0064 84ED008A 		vstr.32	s16, [r4]
 445              		.loc 2 40 5 is_stmt 1 view .LVU153
 446              		.loc 2 41 5 view .LVU154
 447              		.loc 2 41 11 is_stmt 0 view .LVU155
 448 0068 B1EE488A 		vneg.f32	s16, s16
 449              		.loc 2 42 9 view .LVU156
 450 006c 84ED030A 		vstr.32	s0, [r4, #12]
 451              		.loc 2 43 9 view .LVU157
 452 0070 C4ED047A 		vstr.32	s15, [r4, #16]
 453              		.loc 2 41 9 view .LVU158
 454 0074 84ED028A 		vstr.32	s16, [r4, #8]
 455              		.loc 2 42 5 is_stmt 1 view .LVU159
 456              		.loc 2 43 5 view .LVU160
ARM GAS  /tmp/cc3q4aVX.s 			page 9


 457              		.loc 2 44 3 is_stmt 0 view .LVU161
 458 0078 BDEC048B 		vldm	sp!, {d8-d9}
 459              		.cfi_restore 82
 460              		.cfi_restore 83
 461              		.cfi_restore 80
 462              		.cfi_restore 81
 463              		.cfi_def_cfa_offset 8
 464              	.LVL46:
 465              		.loc 2 44 3 view .LVU162
 466 007c 10BD     		pop	{r4, pc}
 467              	.LVL47:
 468              	.L16:
 469              		.loc 2 44 3 view .LVU163
 470 007e 00BF     		.align	2
 471              	.L15:
 472 0080 DB0FC940 		.word	1086918619
 473              		.cfi_endproc
 474              	.LFE496:
 475              		.size	_ZN6Biquad6setBPFEfff, .-_ZN6Biquad6setBPFEfff
 476              		.section	.text._ZN6Biquad7processEf,"axG",%progbits,_ZN6Biquad7processEf,comdat
 477              		.align	1
 478              		.weak	_ZN6Biquad7processEf
 479              		.syntax unified
 480              		.thumb
 481              		.thumb_func
 482              		.fpu fpv4-sp-d16
 483              		.type	_ZN6Biquad7processEf, %function
 484              	_ZN6Biquad7processEf:
 485              	.LVL48:
 486              	.LFB497:
 487              		.loc 2 46 16 is_stmt 1 view -0
 488              		.cfi_startproc
 489              		@ args = 0, pretend = 0, frame = 0
 490              		@ frame_needed = 0, uses_anonymous_args = 0
 491              		@ link register save eliminated.
 492              		.loc 2 47 5 view .LVU165
 493              		.loc 2 47 11 is_stmt 0 view .LVU166
 494 0000 D0ED006A 		vldr.32	s13, [r0]
 495              		.loc 2 46 16 view .LVU167
 496 0004 B0EE407A 		vmov.f32	s14, s0
 497              		.loc 2 47 11 view .LVU168
 498 0008 D0ED057A 		vldr.32	s15, [r0, #20]
 499 000c E6EE807A 		vfma.f32	s15, s13, s0
 500              		.loc 2 48 19 view .LVU169
 501 0010 D0ED016A 		vldr.32	s13, [r0, #4]
 502              		.loc 2 47 11 view .LVU170
 503 0014 B0EE670A 		vmov.f32	s0, s15
 504              	.LVL49:
 505              		.loc 2 48 5 is_stmt 1 view .LVU171
 506              		.loc 2 48 25 is_stmt 0 view .LVU172
 507 0018 D0ED037A 		vldr.32	s15, [r0, #12]
 508              		.loc 2 48 19 view .LVU173
 509 001c 67EEC07A 		vnmul.f32	s15, s15, s0
 510 0020 E6EE877A 		vfma.f32	s15, s13, s14
 511              		.loc 2 48 29 view .LVU174
 512 0024 D0ED066A 		vldr.32	s13, [r0, #24]
 513 0028 76EEA77A 		vadd.f32	s15, s13, s15
ARM GAS  /tmp/cc3q4aVX.s 			page 10


 514              		.loc 2 49 19 view .LVU175
 515 002c D0ED026A 		vldr.32	s13, [r0, #8]
 516              		.loc 2 48 9 view .LVU176
 517 0030 C0ED057A 		vstr.32	s15, [r0, #20]
 518              		.loc 2 49 5 is_stmt 1 view .LVU177
 519              		.loc 2 49 25 is_stmt 0 view .LVU178
 520 0034 D0ED047A 		vldr.32	s15, [r0, #16]
 521              		.loc 2 49 19 view .LVU179
 522 0038 67EEC07A 		vnmul.f32	s15, s15, s0
 523 003c E6EE877A 		vfma.f32	s15, s13, s14
 524              		.loc 2 49 9 view .LVU180
 525 0040 C0ED067A 		vstr.32	s15, [r0, #24]
 526              		.loc 2 50 5 is_stmt 1 view .LVU181
 527              		.loc 2 51 3 is_stmt 0 view .LVU182
 528 0044 7047     		bx	lr
 529              		.cfi_endproc
 530              	.LFE497:
 531              		.size	_ZN6Biquad7processEf, .-_ZN6Biquad7processEf
 532              		.section	.text._ZN10SpaceDelay9setPresetEi,"axG",%progbits,_ZN10SpaceDelay9setPresetEi,comdat
 533              		.align	1
 534              		.weak	_ZN10SpaceDelay9setPresetEi
 535              		.syntax unified
 536              		.thumb
 537              		.thumb_func
 538              		.fpu fpv4-sp-d16
 539              		.type	_ZN10SpaceDelay9setPresetEi, %function
 540              	_ZN10SpaceDelay9setPresetEi:
 541              	.LVL50:
 542              	.LFB510:
 543              		.file 3 "src/delay_multi.h"
 544              		.loc 3 140 8 is_stmt 1 view -0
 545              		.cfi_startproc
 546              		@ args = 0, pretend = 0, frame = 0
 547              		@ frame_needed = 0, uses_anonymous_args = 0
 548              		.loc 3 141 5 view .LVU184
 549              		.loc 3 140 8 is_stmt 0 view .LVU185
 550 0000 2DE9F843 		push	{r3, r4, r5, r6, r7, r8, r9, lr}
 551              		.cfi_def_cfa_offset 32
 552              		.cfi_offset 3, -32
 553              		.cfi_offset 4, -28
 554              		.cfi_offset 5, -24
 555              		.cfi_offset 6, -20
 556              		.cfi_offset 7, -16
 557              		.cfi_offset 8, -12
 558              		.cfi_offset 9, -8
 559              		.cfi_offset 14, -4
 560              	.LBB90:
 561              		.loc 3 145 16 view .LVU186
 562 0004 6C4F     		ldr	r7, .L40+44
 563              	.LBE90:
 564              		.loc 3 141 17 view .LVU187
 565 0006 01F00301 		and	r1, r1, #3
 566              	.LVL51:
 567              		.loc 3 140 8 view .LVU188
 568 000a 0446     		mov	r4, r0
 569              		.loc 3 141 13 view .LVU189
 570 000c 0025     		movs	r5, #0
ARM GAS  /tmp/cc3q4aVX.s 			page 11


 571              	.LBB91:
 572              		.loc 3 145 16 view .LVU190
 573 000e 00F1100C 		add	ip, r0, #16
 574              	.LPIC0:
 575 0012 7F44     		add	r7, pc
 576              	.LBE91:
 577              		.loc 3 140 8 view .LVU191
 578 0014 2DED048B 		vpush.64	{d8, d9}
 579              		.cfi_def_cfa_offset 48
 580              		.cfi_offset 80, -48
 581              		.cfi_offset 81, -44
 582              		.cfi_offset 82, -40
 583              		.cfi_offset 83, -36
 584              		.loc 3 141 13 view .LVU192
 585 0018 C160     		str	r1, [r0, #12]
 586              		.loc 3 144 5 is_stmt 1 view .LVU193
 587              	.LVL52:
 588              	.LBB92:
 589              		.loc 3 144 23 view .LVU194
 590              	.L19:
 591              		.loc 3 145 7 discriminator 2 view .LVU195
 592              		.loc 3 145 16 is_stmt 0 discriminator 2 view .LVU196
 593 001a 0CEB0506 		add	r6, ip, r5
 594 001e 7B19     		adds	r3, r7, r5
 595 0020 1035     		adds	r5, r5, #16
 596 0022 0FCB     		ldm	r3, {r0, r1, r2, r3}
 597              		.loc 3 144 23 discriminator 2 view .LVU197
 598 0024 802D     		cmp	r5, #128
 599              		.loc 3 145 16 discriminator 2 view .LVU198
 600 0026 86E80F00 		stm	r6, {r0, r1, r2, r3}
 601              		.loc 3 144 5 is_stmt 1 discriminator 2 view .LVU199
 602              		.loc 3 144 23 discriminator 2 view .LVU200
 603 002a F6D1     		bne	.L19
 604 002c 04F19007 		add	r7, r4, #144
 605 0030 04F51475 		add	r5, r4, #592
 606              	.LBE92:
 607              	.LBB93:
 608              		.loc 3 148 14 is_stmt 0 view .LVU201
 609 0034 0026     		movs	r6, #0
 610              		.loc 3 181 31 view .LVU202
 611 0036 DFED558A 		vldr.32	s17, .L40
 612 003a 9FED559A 		vldr.32	s18, .L40+4
 613              	.LBB94:
 614              	.LBB95:
 615              		.file 4 "src/params.h"
 616              		.loc 4 95 32 view .LVU203
 617 003e 9FED558A 		vldr.32	s16, .L40+8
 618              	.L30:
 619              	.LVL53:
 620              		.loc 4 95 32 view .LVU204
 621              	.LBE95:
 622              	.LBE94:
 623              		.loc 3 149 7 is_stmt 1 view .LVU205
 624 0042 07F1E008 		add	r8, r7, #224
 625              		.loc 3 149 25 is_stmt 0 view .LVU206
 626 0046 3846     		mov	r0, r7
 627 0048 FFF7FEFF 		bl	_ZN6Biquad5resetEv(PLT)
ARM GAS  /tmp/cc3q4aVX.s 			page 12


 628              	.LVL54:
 629              		.loc 3 150 7 is_stmt 1 view .LVU207
 630 004c B146     		mov	r9, r6
 631              		.loc 3 150 25 is_stmt 0 view .LVU208
 632 004e 4046     		mov	r0, r8
 633 0050 FFF7FEFF 		bl	_ZN6Biquad5resetEv(PLT)
 634              	.LVL55:
 635              		.loc 3 151 7 is_stmt 1 view .LVU209
 636              		.loc 3 151 20 is_stmt 0 view .LVU210
 637 0054 4FF07E53 		mov	r3, #1065353216
 638 0058 07EE906A 		vmov	s15, r6	@ int
 639 005c 0136     		adds	r6, r6, #1
 640              	.LVL56:
 641              		.loc 3 151 20 view .LVU211
 642 005e 2B62     		str	r3, [r5, #32]	@ float
 643              		.loc 3 153 7 is_stmt 1 view .LVU212
 644 0060 E368     		ldr	r3, [r4, #12]
 645 0062 032B     		cmp	r3, #3
 646 0064 2DD8     		bhi	.L20
 647 0066 DFE803F0 		tbb	[pc, r3]
 648              	.L22:
 649 006a 02       		.byte	(.L25-.L22)/2
 650 006b 39       		.byte	(.L24-.L22)/2
 651 006c 67       		.byte	(.L23-.L22)/2
 652 006d 73       		.byte	(.L21-.L22)/2
 653              		.p2align 1
 654              	.L25:
 655              		.loc 3 154 9 view .LVU213
 656              		.loc 3 156 11 view .LVU214
 657              		.loc 3 156 36 is_stmt 0 view .LVU215
 658 006e F8EEE77A 		vcvt.f32.s32	s15, s15
 659              		.loc 3 156 34 view .LVU216
 660 0072 9FED497A 		vldr.32	s14, .L40+12
 661 0076 9FED490A 		vldr.32	s0, .L40+16
 662 007a A7EEC70A 		vfms.f32	s0, s15, s14
 663              		.loc 3 157 11 is_stmt 1 view .LVU217
 664              	.LVL57:
 665              	.LBB99:
 666              	.LBI99:
 667              		.loc 4 94 14 view .LVU218
 668              	.LBB100:
 669              		.loc 4 95 3 view .LVU219
 670              		.loc 4 95 17 is_stmt 0 view .LVU220
 671 007e DFED487A 		vldr.32	s15, .L40+20
 672 0082 B4EEE70A 		vcmpe.f32	s0, s15
 673 0086 F1EE10FA 		vmrs	APSR_nzcv, FPSCR
 674 008a 24D4     		bmi	.L31
 675              		.loc 4 95 32 view .LVU221
 676 008c DFED457A 		vldr.32	s15, .L40+24
 677 0090 B4EE670A 		vcmp.f32	s0, s15
 678 0094 F1EE10FA 		vmrs	APSR_nzcv, FPSCR
 679 0098 C8BF     		it	gt
 680 009a B0EE670A 		vmovgt.f32	s0, s15
 681              	.LVL58:
 682              	.L26:
 683              		.loc 4 95 32 view .LVU222
 684              	.LBE100:
ARM GAS  /tmp/cc3q4aVX.s 			page 13


 685              	.LBE99:
 686              		.loc 3 157 25 view .LVU223
 687 009e 85ED000A 		vstr.32	s0, [r5]
 688              		.loc 3 158 11 is_stmt 1 view .LVU224
 689              		.loc 3 158 30 is_stmt 0 view .LVU225
 690 00a2 F7EE080A 		vmov.f32	s1, #1.5e+0
 691 00a6 94ED001A 		vldr.32	s2, [r4]
 692 00aa 3846     		mov	r0, r7
 693 00ac FFF7FEFF 		bl	_ZN6Biquad6setLPFEfff(PLT)
 694              	.LVL59:
 695              		.loc 3 159 11 is_stmt 1 view .LVU226
 696              		.loc 3 159 30 is_stmt 0 view .LVU227
 697 00b0 F7EE080A 		vmov.f32	s1, #1.5e+0
 698 00b4 94ED001A 		vldr.32	s2, [r4]
 699 00b8 4046     		mov	r0, r8
 700 00ba 95ED000A 		vldr.32	s0, [r5]
 701 00be FFF7FEFF 		bl	_ZN6Biquad6setLPFEfff(PLT)
 702              	.LVL60:
 703              		.loc 3 160 11 is_stmt 1 view .LVU228
 704              	.L20:
 705              		.loc 3 148 5 discriminator 2 view .LVU229
 706              		.loc 3 148 23 discriminator 2 view .LVU230
 707 00c2 082E     		cmp	r6, #8
 708 00c4 07F11C07 		add	r7, r7, #28
 709 00c8 05F10405 		add	r5, r5, #4
 710 00cc B9D1     		bne	.L30
 711              	.LBE93:
 712              		.loc 3 186 3 is_stmt 0 view .LVU231
 713 00ce BDEC048B 		vldm	sp!, {d8-d9}
 714              		.cfi_remember_state
 715              		.cfi_restore 82
 716              		.cfi_restore 83
 717              		.cfi_restore 80
 718              		.cfi_restore 81
 719              		.cfi_def_cfa_offset 32
 720 00d2 BDE8F883 		pop	{r3, r4, r5, r6, r7, r8, r9, pc}
 721              	.LVL61:
 722              	.L31:
 723              		.cfi_restore_state
 724              	.LBB110:
 725              	.LBB102:
 726              	.LBB101:
 727              		.loc 4 95 17 view .LVU232
 728 00d6 B0EE670A 		vmov.f32	s0, s15
 729              	.LVL62:
 730              		.loc 4 95 17 view .LVU233
 731 00da E0E7     		b	.L26
 732              	.LVL63:
 733              	.L24:
 734              		.loc 4 95 17 view .LVU234
 735              	.LBE101:
 736              	.LBE102:
 737              		.loc 3 162 9 is_stmt 1 view .LVU235
 738              		.loc 3 165 11 view .LVU236
 739              		.loc 3 165 35 is_stmt 0 view .LVU237
 740 00dc 07EE906A 		vmov	s15, r6	@ int
 741 00e0 B8EEE70A 		vcvt.f32.s32	s0, s15
ARM GAS  /tmp/cc3q4aVX.s 			page 14


 742              		.loc 3 165 33 view .LVU238
 743 00e4 DFED307A 		vldr.32	s15, .L40+28
 744 00e8 20EE270A 		vmul.f32	s0, s0, s15
 745              		.loc 3 166 11 is_stmt 1 view .LVU239
 746              	.LVL64:
 747              	.LBB103:
 748              	.LBI103:
 749              		.loc 4 94 14 view .LVU240
 750              	.LBB104:
 751              		.loc 4 95 3 view .LVU241
 752              		.loc 4 95 17 is_stmt 0 view .LVU242
 753 00ec DFED2F7A 		vldr.32	s15, .L40+32
 754 00f0 B4EEE70A 		vcmpe.f32	s0, s15
 755 00f4 F1EE10FA 		vmrs	APSR_nzcv, FPSCR
 756 00f8 1BD4     		bmi	.L33
 757              		.loc 4 95 32 view .LVU243
 758 00fa DFED2D7A 		vldr.32	s15, .L40+36
 759 00fe B4EE670A 		vcmp.f32	s0, s15
 760 0102 F1EE10FA 		vmrs	APSR_nzcv, FPSCR
 761 0106 C8BF     		it	gt
 762 0108 B0EE670A 		vmovgt.f32	s0, s15
 763              	.LVL65:
 764              	.L27:
 765              		.loc 4 95 32 view .LVU244
 766              	.LBE104:
 767              	.LBE103:
 768              		.loc 3 166 25 view .LVU245
 769 010c 85ED000A 		vstr.32	s0, [r5]
 770              		.loc 3 167 11 is_stmt 1 view .LVU246
 771              		.loc 3 167 30 is_stmt 0 view .LVU247
 772 0110 3846     		mov	r0, r7
 773 0112 94ED001A 		vldr.32	s2, [r4]
 774 0116 F1EE000A 		vmov.f32	s1, #4.0e+0
 775 011a FFF7FEFF 		bl	_ZN6Biquad6setBPFEfff(PLT)
 776              	.LVL66:
 777              		.loc 3 168 11 is_stmt 1 view .LVU248
 778              		.loc 3 168 30 is_stmt 0 view .LVU249
 779 011e F1EE000A 		vmov.f32	s1, #4.0e+0
 780 0122 94ED001A 		vldr.32	s2, [r4]
 781 0126 4046     		mov	r0, r8
 782 0128 95ED000A 		vldr.32	s0, [r5]
 783 012c FFF7FEFF 		bl	_ZN6Biquad6setBPFEfff(PLT)
 784              	.LVL67:
 785              		.loc 3 169 11 is_stmt 1 view .LVU250
 786 0130 C7E7     		b	.L20
 787              	.LVL68:
 788              	.L33:
 789              	.LBB106:
 790              	.LBB105:
 791              		.loc 4 95 17 is_stmt 0 view .LVU251
 792 0132 B0EE670A 		vmov.f32	s0, s15
 793              	.LVL69:
 794              		.loc 4 95 17 view .LVU252
 795 0136 E9E7     		b	.L27
 796              	.LVL70:
 797              	.L23:
 798              		.loc 4 95 17 view .LVU253
ARM GAS  /tmp/cc3q4aVX.s 			page 15


 799              	.LBE105:
 800              	.LBE106:
 801              		.loc 3 171 9 is_stmt 1 view .LVU254
 802              		.loc 3 174 11 view .LVU255
 803              		.loc 3 174 39 is_stmt 0 view .LVU256
 804 0138 F6EE087A 		vmov.f32	s15, #7.5e-1
 805 013c 19F0010F 		tst	r9, #1
 806 0140 B7EE087A 		vmov.f32	s14, #1.5e+0
 807 0144 08BF     		it	eq
 808 0146 F0EE477A 		vmoveq.f32	s15, s14
 809              		.loc 3 174 24 view .LVU257
 810 014a C5ED087A 		vstr.32	s15, [r5, #32]
 811              		.loc 3 175 11 is_stmt 1 view .LVU258
 812 014e B8E7     		b	.L20
 813              	.L21:
 814              		.loc 3 177 9 view .LVU259
 815              		.loc 3 180 11 view .LVU260
 816              		.loc 3 181 33 is_stmt 0 view .LVU261
 817 0150 F8EEE77A 		vcvt.f32.s32	s15, s15
 818              		.loc 3 180 24 view .LVU262
 819 0154 4FF08043 		mov	r3, #1073741824
 820              		.loc 3 181 31 view .LVU263
 821 0158 B0EE497A 		vmov.f32	s14, s18
 822              		.loc 3 180 24 view .LVU264
 823 015c 2B62     		str	r3, [r5, #32]	@ float
 824              		.loc 3 181 11 is_stmt 1 view .LVU265
 825              		.loc 3 181 31 is_stmt 0 view .LVU266
 826 015e A7EEA87A 		vfma.f32	s14, s15, s17
 827              	.LBB107:
 828              	.LBB96:
 829              		.loc 4 95 17 view .LVU267
 830 0162 B5EEC07A 		vcmpe.f32	s14, #0
 831              	.LBE96:
 832              	.LBE107:
 833              		.loc 3 181 31 view .LVU268
 834 0166 F0EE477A 		vmov.f32	s15, s14
 835              		.loc 3 182 11 is_stmt 1 view .LVU269
 836              	.LVL71:
 837              	.LBB108:
 838              	.LBI94:
 839              		.loc 4 94 14 view .LVU270
 840              	.LBB97:
 841              		.loc 4 95 3 view .LVU271
 842              		.loc 4 95 17 is_stmt 0 view .LVU272
 843 016a F1EE10FA 		vmrs	APSR_nzcv, FPSCR
 844 016e 09D4     		bmi	.L36
 845              		.loc 4 95 32 view .LVU273
 846 0170 B4EE487A 		vcmp.f32	s14, s16
 847 0174 F1EE10FA 		vmrs	APSR_nzcv, FPSCR
 848 0178 C8BF     		it	gt
 849 017a F0EE487A 		vmovgt.f32	s15, s16
 850              	.L29:
 851              	.LVL72:
 852              		.loc 4 95 32 view .LVU274
 853              	.LBE97:
 854              	.LBE108:
 855              		.loc 3 182 24 view .LVU275
ARM GAS  /tmp/cc3q4aVX.s 			page 16


 856 017e C5ED107A 		vstr.32	s15, [r5, #64]
 857              		.loc 3 183 11 is_stmt 1 view .LVU276
 858 0182 9EE7     		b	.L20
 859              	.LVL73:
 860              	.L36:
 861              	.LBB109:
 862              	.LBB98:
 863              		.loc 4 95 17 is_stmt 0 view .LVU277
 864 0184 DFED0B7A 		vldr.32	s15, .L40+40
 865 0188 F9E7     		b	.L29
 866              	.L41:
 867 018a 00BF     		.align	2
 868              	.L40:
 869 018c CDCCCC3D 		.word	1036831949
 870 0190 CDCC4C3E 		.word	1045220557
 871 0194 6666663F 		.word	1063675494
 872 0198 0000C843 		.word	1137180672
 873 019c 00007A45 		.word	1165623296
 874 01a0 00009643 		.word	1133903872
 875 01a4 0000FA45 		.word	1174011904
 876 01a8 00004843 		.word	1128792064
 877 01ac 0000C842 		.word	1120403456
 878 01b0 0080BB45 		.word	1169915904
 879 01b4 00000000 		.word	0
 880 01b8 A2010000 		.word	.LANCHOR0-(.LPIC0+4)
 881              	.LBE98:
 882              	.LBE109:
 883              	.LBE110:
 884              		.cfi_endproc
 885              	.LFE510:
 886              		.size	_ZN10SpaceDelay9setPresetEi, .-_ZN10SpaceDelay9setPresetEi
 887              		.section	.text._ZN10SpaceDelay8setTempoEm,"axG",%progbits,_ZN10SpaceDelay8setTempoEm,comdat
 888              		.align	1
 889              		.weak	_ZN10SpaceDelay8setTempoEm
 890              		.syntax unified
 891              		.thumb
 892              		.thumb_func
 893              		.fpu fpv4-sp-d16
 894              		.type	_ZN10SpaceDelay8setTempoEm, %function
 895              	_ZN10SpaceDelay8setTempoEm:
 896              	.LVL74:
 897              	.LFB512:
 898              		.loc 3 192 8 is_stmt 1 view -0
 899              		.cfi_startproc
 900              		@ args = 0, pretend = 0, frame = 0
 901              		@ frame_needed = 0, uses_anonymous_args = 0
 902              		@ link register save eliminated.
 903              		.loc 3 193 5 view .LVU279
 904              		.loc 3 193 60 is_stmt 0 view .LVU280
 905 0000 8BB2     		uxth	r3, r1
 906              		.loc 3 193 11 view .LVU281
 907 0002 DFED116A 		vldr.32	s13, .L46
 908              		.loc 3 193 60 view .LVU282
 909 0006 07EE103A 		vmov	s14, r3	@ int
 910              		.loc 3 193 34 view .LVU283
 911 000a 0B0C     		lsrs	r3, r1, #16
 912 000c 07EE903A 		vmov	s15, r3	@ int
ARM GAS  /tmp/cc3q4aVX.s 			page 17


 913              		.loc 3 193 43 view .LVU284
 914 0010 B8EEC77A 		vcvt.f32.s32	s14, s14
 915              		.loc 3 193 17 view .LVU285
 916 0014 F8EEE77A 		vcvt.f32.s32	s15, s15
 917              		.loc 3 193 11 view .LVU286
 918 0018 E7EE267A 		vfma.f32	s15, s14, s13
 919              	.LVL75:
 920              		.loc 3 194 5 is_stmt 1 view .LVU287
 921              		.loc 3 195 20 is_stmt 0 view .LVU288
 922 001c DFED0B6A 		vldr.32	s13, .L46+4
 923              		.loc 3 194 24 view .LVU289
 924 0020 B7EE007A 		vmov.f32	s14, #1.0e+0
 925 0024 F4EE477A 		vcmp.f32	s15, s14
 926 0028 9FED097A 		vldr.32	s14, .L46+8
 927 002c F1EE10FA 		vmrs	APSR_nzcv, FPSCR
 928 0030 48BF     		it	mi
 929 0032 F0EE477A 		vmovmi.f32	s15, s14
 930              	.LVL76:
 931              		.loc 3 195 5 is_stmt 1 view .LVU290
 932              		.loc 3 195 20 is_stmt 0 view .LVU291
 933 0036 90ED007A 		vldr.32	s14, [r0]
 934 003a 27EE267A 		vmul.f32	s14, s14, s13
 935              		.loc 3 195 27 view .LVU292
 936 003e C7EE276A 		vdiv.f32	s13, s14, s15
 937              		.loc 3 195 14 view .LVU293
 938 0042 C0ED016A 		vstr.32	s13, [r0, #4]
 939              		.loc 3 196 3 view .LVU294
 940 0046 7047     		bx	lr
 941              	.L47:
 942              		.align	2
 943              	.L46:
 944 0048 00008037 		.word	931135488
 945 004c 00007042 		.word	1114636288
 946 0050 0000F042 		.word	1123024896
 947              		.cfi_endproc
 948              	.LFE512:
 949              		.size	_ZN10SpaceDelay8setTempoEm, .-_ZN10SpaceDelay8setTempoEm
 950              		.section	.text._ZN10SpaceDelay7processEPKfPfm,"axG",%progbits,_ZN10SpaceDelay7processEPKfPfm,comda
 951              		.align	1
 952              		.weak	_ZN10SpaceDelay7processEPKfPfm
 953              		.syntax unified
 954              		.thumb
 955              		.thumb_func
 956              		.fpu fpv4-sp-d16
 957              		.type	_ZN10SpaceDelay7processEPKfPfm, %function
 958              	_ZN10SpaceDelay7processEPKfPfm:
 959              	.LVL77:
 960              	.LFB513:
 961              		.loc 3 198 8 is_stmt 1 view -0
 962              		.cfi_startproc
 963              		@ args = 0, pretend = 0, frame = 16
 964              		@ frame_needed = 0, uses_anonymous_args = 0
 965              		.loc 3 199 5 view .LVU296
 966              		.loc 3 198 8 is_stmt 0 view .LVU297
 967 0000 2DE9F04F 		push	{r4, r5, r6, r7, r8, r9, r10, fp, lr}
 968              		.cfi_def_cfa_offset 36
 969              		.cfi_offset 4, -36
ARM GAS  /tmp/cc3q4aVX.s 			page 18


 970              		.cfi_offset 5, -32
 971              		.cfi_offset 6, -28
 972              		.cfi_offset 7, -24
 973              		.cfi_offset 8, -20
 974              		.cfi_offset 9, -16
 975              		.cfi_offset 10, -12
 976              		.cfi_offset 11, -8
 977              		.cfi_offset 14, -4
 978 0004 2DED0A8B 		vpush.64	{d8, d9, d10, d11, d12}
 979              		.cfi_def_cfa_offset 76
 980              		.cfi_offset 80, -76
 981              		.cfi_offset 81, -72
 982              		.cfi_offset 82, -68
 983              		.cfi_offset 83, -64
 984              		.cfi_offset 84, -60
 985              		.cfi_offset 85, -56
 986              		.cfi_offset 86, -52
 987              		.cfi_offset 87, -48
 988              		.cfi_offset 88, -44
 989              		.cfi_offset 89, -40
 990              	.LBB133:
 991              	.LBB134:
 992              	.LBB135:
 993              	.LBB136:
 994              	.LBB137:
 995              	.LBB138:
 996              		.loc 4 95 17 view .LVU298
 997 0008 B7EE00BA 		vmov.f32	s22, #1.0e+0
 998              	.LBE138:
 999              	.LBE137:
 1000              	.LBE136:
 1001              	.LBE135:
 1002              	.LBE134:
 1003              	.LBE133:
 1004              		.loc 3 198 8 view .LVU299
 1005 000c 85B0     		sub	sp, sp, #20
 1006              		.cfi_def_cfa_offset 96
 1007              		.loc 3 198 8 view .LVU300
 1008 000e 0446     		mov	r4, r0
 1009 0010 1646     		mov	r6, r2
 1010 0012 0393     		str	r3, [sp, #12]
 1011 0014 0D46     		mov	r5, r1
 1012 0016 F0EE4BBA 		vmov.f32	s23, s22
 1013              	.LBB196:
 1014              		.loc 3 199 19 view .LVU301
 1015 001a 0023     		movs	r3, #0
 1016              	.LVL78:
 1017              		.loc 3 199 19 view .LVU302
 1018 001c 0193     		str	r3, [sp, #4]
 1019              	.LVL79:
 1020              	.L63:
 1021              		.loc 3 199 28 is_stmt 1 discriminator 1 view .LVU303
 1022 001e 019B     		ldr	r3, [sp, #4]
 1023 0020 039A     		ldr	r2, [sp, #12]
 1024 0022 9342     		cmp	r3, r2
 1025 0024 00F0F980 		beq	.L48
 1026              	.LBB193:
ARM GAS  /tmp/cc3q4aVX.s 			page 19


 1027              		.loc 3 200 7 view .LVU304
 1028              	.LBB175:
 1029              	.LBB176:
 1030              		.loc 1 23 10 is_stmt 0 view .LVU305
 1031 0028 D4F8B832 		ldr	r3, [r4, #696]
 1032              	.LBE176:
 1033              	.LBE175:
 1034              		.loc 3 200 19 view .LVU306
 1035 002c 04F52C7B 		add	fp, r4, #688
 1036              	.LBB182:
 1037              	.LBB177:
 1038              		.loc 1 23 18 view .LVU307
 1039 0030 D4F8B012 		ldr	r1, [r4, #688]
 1040              	.LBE177:
 1041              	.LBE182:
 1042              		.loc 3 201 19 view .LVU308
 1043 0034 04F52F77 		add	r7, r4, #700
 1044              		.loc 3 200 19 view .LVU309
 1045 0038 2868     		ldr	r0, [r5]	@ float
 1046              	.LVL80:
 1047              	.LBB183:
 1048              	.LBI175:
 1049              		.loc 1 22 8 is_stmt 1 view .LVU310
 1050              	.LBB178:
 1051              		.loc 1 23 5 view .LVU311
 1052 003a A246     		mov	r10, r4
 1053              		.loc 1 23 18 is_stmt 0 view .LVU312
 1054 003c 01EB8301 		add	r1, r1, r3, lsl #2
 1055              		.loc 1 24 22 view .LVU313
 1056 0040 0133     		adds	r3, r3, #1
 1057              	.LBE178:
 1058              	.LBE183:
 1059              		.loc 3 203 25 view .LVU314
 1060 0042 9FED78AA 		vldr.32	s20, .L72
 1061 0046 04F19009 		add	r9, r4, #144
 1062              	.LBB184:
 1063              	.LBB179:
 1064              		.loc 1 23 18 view .LVU315
 1065 004a 0860     		str	r0, [r1]	@ float
 1066              		.loc 1 24 5 is_stmt 1 view .LVU316
 1067 004c 04F51C78 		add	r8, r4, #624
 1068              		.loc 1 24 27 is_stmt 0 view .LVU317
 1069 0050 D4F8B402 		ldr	r0, [r4, #692]
 1070              	.LVL81:
 1071              		.loc 1 24 27 view .LVU318
 1072              	.LBE179:
 1073              	.LBE184:
 1074              		.loc 3 203 13 view .LVU319
 1075 0054 F0EE4AAA 		vmov.f32	s21, s20
 1076              	.LBB185:
 1077              	.LBB172:
 1078              	.LBB141:
 1079              	.LBB142:
 1080              	.LBB143:
 1081              	.LBB144:
 1082              	.LBB145:
 1083              		.loc 4 95 32 view .LVU320
ARM GAS  /tmp/cc3q4aVX.s 			page 20


 1084 0058 DFED739A 		vldr.32	s19, .L72+4
 1085              	.LBE145:
 1086              	.LBE144:
 1087              	.LBE143:
 1088              	.LBE142:
 1089              	.LBE141:
 1090              	.LBE172:
 1091              	.LBE185:
 1092              	.LBB186:
 1093              	.LBB180:
 1094              		.loc 1 24 27 view .LVU321
 1095 005c B3FBF0F1 		udiv	r1, r3, r0
 1096              	.LVL82:
 1097              		.loc 1 24 27 view .LVU322
 1098 0060 00FB1133 		mls	r3, r0, r1, r3
 1099              	.LBE180:
 1100              	.LBE186:
 1101              	.LBB187:
 1102              	.LBB188:
 1103              		.loc 1 23 18 view .LVU323
 1104 0064 D4F8BC12 		ldr	r1, [r4, #700]
 1105              	.LBE188:
 1106              	.LBE187:
 1107              		.loc 3 201 19 view .LVU324
 1108 0068 6868     		ldr	r0, [r5, #4]	@ float
 1109              	.LBB190:
 1110              	.LBB181:
 1111              		.loc 1 24 12 view .LVU325
 1112 006a C4F8B832 		str	r3, [r4, #696]
 1113              	.LVL83:
 1114              		.loc 1 24 12 view .LVU326
 1115              	.LBE181:
 1116              	.LBE190:
 1117              		.loc 3 201 7 is_stmt 1 view .LVU327
 1118              	.LBB191:
 1119              	.LBI187:
 1120              		.loc 1 22 8 view .LVU328
 1121              	.LBB189:
 1122              		.loc 1 23 5 view .LVU329
 1123              		.loc 1 23 10 is_stmt 0 view .LVU330
 1124 006e D4F8C432 		ldr	r3, [r4, #708]
 1125              		.loc 1 23 18 view .LVU331
 1126 0072 01EB8301 		add	r1, r1, r3, lsl #2
 1127              		.loc 1 24 22 view .LVU332
 1128 0076 0133     		adds	r3, r3, #1
 1129              		.loc 1 23 18 view .LVU333
 1130 0078 0860     		str	r0, [r1]	@ float
 1131              		.loc 1 24 5 is_stmt 1 view .LVU334
 1132              		.loc 1 24 27 is_stmt 0 view .LVU335
 1133 007a D4F8C002 		ldr	r0, [r4, #704]
 1134              	.LVL84:
 1135              		.loc 1 24 27 view .LVU336
 1136 007e B3FBF0F1 		udiv	r1, r3, r0
 1137              	.LVL85:
 1138              		.loc 1 24 27 view .LVU337
 1139 0082 00FB1133 		mls	r3, r0, r1, r3
 1140              		.loc 1 24 12 view .LVU338
ARM GAS  /tmp/cc3q4aVX.s 			page 21


 1141 0086 C4F8C432 		str	r3, [r4, #708]
 1142              	.LVL86:
 1143              		.loc 1 24 12 view .LVU339
 1144              	.LBE189:
 1145              	.LBE191:
 1146              		.loc 3 203 7 is_stmt 1 view .LVU340
 1147              		.loc 3 204 7 view .LVU341
 1148              		.loc 3 204 15 is_stmt 0 view .LVU342
 1149 008a A368     		ldr	r3, [r4, #8]
 1150              		.loc 3 204 38 view .LVU343
 1151 008c 082B     		cmp	r3, #8
 1152 008e A8BF     		it	ge
 1153 0090 0823     		movge	r3, #8
 1154 0092 0093     		str	r3, [sp]
 1155              	.LVL87:
 1156              		.loc 3 206 7 is_stmt 1 view .LVU344
 1157              	.LBB192:
 1158              		.loc 3 206 16 is_stmt 0 view .LVU345
 1159 0094 0023     		movs	r3, #0
 1160              	.LVL88:
 1161              		.loc 3 206 16 view .LVU346
 1162 0096 0293     		str	r3, [sp, #8]
 1163              	.LVL89:
 1164              	.L62:
 1165              		.loc 3 206 25 is_stmt 1 discriminator 1 view .LVU347
 1166 0098 029B     		ldr	r3, [sp, #8]
 1167 009a 009A     		ldr	r2, [sp]
 1168 009c 9342     		cmp	r3, r2
 1169 009e 80F2B280 		bge	.L51
 1170              	.LBB173:
 1171              		.loc 3 207 9 view .LVU348
 1172              		.loc 3 207 22 is_stmt 0 view .LVU349
 1173 00a2 9AED048A 		vldr.32	s16, [r10, #16]
 1174              		.loc 3 207 9 view .LVU350
 1175 00a6 B5EE408A 		vcmp.f32	s16, #0
 1176 00aa F1EE10FA 		vmrs	APSR_nzcv, FPSCR
 1177 00ae 7DD0     		beq	.L52
 1178              		.loc 3 209 9 is_stmt 1 view .LVU351
 1179              		.loc 3 209 33 is_stmt 0 view .LVU352
 1180 00b0 D4ED017A 		vldr.32	s15, [r4, #4]
 1181 00b4 28EE278A 		vmul.f32	s16, s16, s15
 1182              	.LVL90:
 1183              	.LBB167:
 1184              	.LBI137:
 1185              		.loc 4 94 14 is_stmt 1 view .LVU353
 1186              	.LBB139:
 1187              		.loc 4 95 3 view .LVU354
 1188              		.loc 4 95 17 is_stmt 0 view .LVU355
 1189 00b8 B4EECB8A 		vcmpe.f32	s16, s22
 1190 00bc F1EE10FA 		vmrs	APSR_nzcv, FPSCR
 1191 00c0 19D4     		bmi	.L65
 1192              		.loc 4 95 32 view .LVU356
 1193 00c2 B4EE698A 		vcmp.f32	s16, s19
 1194 00c6 F1EE10FA 		vmrs	APSR_nzcv, FPSCR
 1195 00ca C8BF     		it	gt
 1196 00cc B0EE698A 		vmovgt.f32	s16, s19
 1197              	.LVL91:
ARM GAS  /tmp/cc3q4aVX.s 			page 22


 1198              	.L53:
 1199              		.loc 4 95 32 view .LVU357
 1200              	.LBE139:
 1201              	.LBE167:
 1202              		.loc 3 210 9 is_stmt 1 view .LVU358
 1203              		.loc 3 212 9 view .LVU359
 1204              	.LBB168:
 1205              		.loc 3 212 17 is_stmt 0 view .LVU360
 1206 00d0 E168     		ldr	r1, [r4, #12]
 1207              		.loc 3 212 9 view .LVU361
 1208 00d2 0229     		cmp	r1, #2
 1209 00d4 74D0     		beq	.L54
 1210 00d6 11DC     		bgt	.L55
 1211 00d8 0129     		cmp	r1, #1
 1212 00da 46D9     		bls	.L71
 1213              	.L56:
 1214              	.LBB164:
 1215              		.loc 3 245 11 is_stmt 1 view .LVU362
 1216              		.loc 3 246 13 view .LVU363
 1217              		.loc 3 246 36 is_stmt 0 view .LVU364
 1218 00dc 5846     		mov	r0, fp
 1219 00de B0EE480A 		vmov.f32	s0, s16
 1220 00e2 FFF7FEFF 		bl	_ZNK9DelayLine11readHermiteEf(PLT)
 1221              	.LVL92:
 1222              		.loc 3 247 36 view .LVU365
 1223 00e6 3846     		mov	r0, r7
 1224              		.loc 3 246 36 view .LVU366
 1225 00e8 F0EE408A 		vmov.f32	s17, s0
 1226              	.LVL93:
 1227              		.loc 3 247 13 is_stmt 1 view .LVU367
 1228              		.loc 3 247 36 is_stmt 0 view .LVU368
 1229 00ec B0EE480A 		vmov.f32	s0, s16
 1230              	.LVL94:
 1231              		.loc 3 247 36 view .LVU369
 1232 00f0 FFF7FEFF 		bl	_ZNK9DelayLine11readHermiteEf(PLT)
 1233              	.LVL95:
 1234              		.loc 3 247 36 view .LVU370
 1235 00f4 4CE0     		b	.L59
 1236              	.LVL96:
 1237              	.L65:
 1238              		.loc 3 247 36 view .LVU371
 1239              	.LBE164:
 1240              	.LBE168:
 1241              	.LBB169:
 1242              	.LBB140:
 1243              		.loc 4 95 17 view .LVU372
 1244 00f6 B7EE008A 		vmov.f32	s16, #1.0e+0
 1245              	.LVL97:
 1246              		.loc 4 95 17 view .LVU373
 1247 00fa E9E7     		b	.L53
 1248              	.LVL98:
 1249              	.L55:
 1250              		.loc 4 95 17 view .LVU374
 1251              	.LBE140:
 1252              	.LBE169:
 1253              	.LBB170:
 1254              		.loc 3 212 9 view .LVU375
ARM GAS  /tmp/cc3q4aVX.s 			page 23


 1255 00fc 0329     		cmp	r1, #3
 1256 00fe EDD1     		bne	.L56
 1257              	.LBB165:
 1258              		.loc 3 233 11 is_stmt 1 view .LVU376
 1259              		.loc 3 234 11 view .LVU377
 1260              	.LBB150:
 1261              		.loc 3 235 13 view .LVU378
 1262              	.LVL99:
 1263              		.loc 3 236 13 view .LVU379
 1264              		.loc 3 236 40 is_stmt 0 view .LVU380
 1265 0100 B6EE009A 		vmov.f32	s18, #5.0e-1
 1266 0104 28EE099A 		vmul.f32	s18, s16, s18
 1267              	.LVL100:
 1268              	.LBB151:
 1269              	.LBI151:
 1270              		.loc 4 94 14 is_stmt 1 view .LVU381
 1271              	.LBB152:
 1272              		.loc 4 95 3 view .LVU382
 1273              		.loc 4 95 17 is_stmt 0 view .LVU383
 1274 0108 B4EEEB9A 		vcmpe.f32	s18, s23
 1275 010c F1EE10FA 		vmrs	APSR_nzcv, FPSCR
 1276 0110 76D4     		bmi	.L69
 1277              		.loc 4 95 32 view .LVU384
 1278 0112 B4EE699A 		vcmp.f32	s18, s19
 1279 0116 F1EE10FA 		vmrs	APSR_nzcv, FPSCR
 1280 011a C8BF     		it	gt
 1281 011c B0EE699A 		vmovgt.f32	s18, s19
 1282              	.LVL101:
 1283              	.L61:
 1284              		.loc 4 95 32 view .LVU385
 1285              	.LBE152:
 1286              	.LBE151:
 1287              		.loc 3 237 13 is_stmt 1 view .LVU386
 1288              		.loc 3 238 23 is_stmt 0 view .LVU387
 1289 0120 B0EE480A 		vmov.f32	s0, s16
 1290 0124 5846     		mov	r0, fp
 1291 0126 FFF7FEFF 		bl	_ZNK9DelayLine11readHermiteEf(PLT)
 1292              	.LVL102:
 1293              		.loc 3 238 23 view .LVU388
 1294 012a F0EE408A 		vmov.f32	s17, s0
 1295 012e 5846     		mov	r0, fp
 1296 0130 B0EE490A 		vmov.f32	s0, s18
 1297 0134 FFF7FEFF 		bl	_ZNK9DelayLine11readHermiteEf(PLT)
 1298              	.LVL103:
 1299              		.loc 3 237 19 view .LVU389
 1300 0138 98ED08CA 		vldr.32	s24, [r8, #32]
 1301              	.LVL104:
 1302              		.loc 3 238 13 is_stmt 1 view .LVU390
 1303              	.LBB154:
 1304              	.LBI154:
 1305              		.loc 4 97 14 view .LVU391
 1306              	.LBB155:
 1307              		.loc 4 97 49 view .LVU392
 1308              		.loc 4 97 67 is_stmt 0 view .LVU393
 1309 013c 30EE680A 		vsub.f32	s0, s0, s17
 1310              	.LVL105:
 1311              		.loc 4 97 67 view .LVU394
ARM GAS  /tmp/cc3q4aVX.s 			page 24


 1312              	.LBE155:
 1313              	.LBE154:
 1314              		.loc 3 240 23 view .LVU395
 1315 0140 3846     		mov	r0, r7
 1316              	.LBB157:
 1317              	.LBB156:
 1318              		.loc 4 97 70 view .LVU396
 1319 0142 ECEE008A 		vfma.f32	s17, s24, s0
 1320              	.LVL106:
 1321              		.loc 4 97 70 view .LVU397
 1322              	.LBE156:
 1323              	.LBE157:
 1324              		.loc 3 240 13 is_stmt 1 view .LVU398
 1325              		.loc 3 240 23 is_stmt 0 view .LVU399
 1326 0146 B0EE480A 		vmov.f32	s0, s16
 1327 014a FFF7FEFF 		bl	_ZNK9DelayLine11readHermiteEf(PLT)
 1328              	.LVL107:
 1329 014e B0EE408A 		vmov.f32	s16, s0
 1330              	.LVL108:
 1331              		.loc 3 240 23 view .LVU400
 1332 0152 3846     		mov	r0, r7
 1333 0154 B0EE490A 		vmov.f32	s0, s18
 1334 0158 FFF7FEFF 		bl	_ZNK9DelayLine11readHermiteEf(PLT)
 1335              	.LVL109:
 1336              	.LBB158:
 1337              	.LBI158:
 1338              		.loc 4 97 14 is_stmt 1 view .LVU401
 1339              	.LBB159:
 1340              		.loc 4 97 49 view .LVU402
 1341              		.loc 4 97 67 is_stmt 0 view .LVU403
 1342 015c 30EE480A 		vsub.f32	s0, s0, s16
 1343              	.LVL110:
 1344              		.loc 4 97 70 view .LVU404
 1345 0160 ACEE008A 		vfma.f32	s16, s24, s0
 1346              	.LVL111:
 1347              		.loc 4 97 70 view .LVU405
 1348 0164 B0EE480A 		vmov.f32	s0, s16
 1349              	.LVL112:
 1350              		.loc 4 97 70 view .LVU406
 1351              	.LBE159:
 1352              	.LBE158:
 1353              	.LBE150:
 1354              		.loc 3 243 13 is_stmt 1 view .LVU407
 1355 0168 12E0     		b	.L59
 1356              	.LVL113:
 1357              	.L71:
 1358              		.loc 3 218 11 view .LVU408
 1359              		.loc 3 219 13 view .LVU409
 1360              		.loc 3 219 38 is_stmt 0 view .LVU410
 1361 016a 5846     		mov	r0, fp
 1362 016c B0EE480A 		vmov.f32	s0, s16
 1363 0170 FFF7FEFF 		bl	_ZNK9DelayLine11readHermiteEf(PLT)
 1364              	.LVL114:
 1365              		.loc 3 219 38 view .LVU411
 1366 0174 4846     		mov	r0, r9
 1367 0176 FFF7FEFF 		bl	_ZN6Biquad7processEf(PLT)
 1368              	.LVL115:
ARM GAS  /tmp/cc3q4aVX.s 			page 25


 1369              		.loc 3 220 38 view .LVU412
 1370 017a 3846     		mov	r0, r7
 1371              		.loc 3 219 38 view .LVU413
 1372 017c F0EE408A 		vmov.f32	s17, s0
 1373              	.LVL116:
 1374              		.loc 3 220 13 is_stmt 1 view .LVU414
 1375              		.loc 3 220 38 is_stmt 0 view .LVU415
 1376 0180 B0EE480A 		vmov.f32	s0, s16
 1377              	.LVL117:
 1378              		.loc 3 220 38 view .LVU416
 1379 0184 FFF7FEFF 		bl	_ZNK9DelayLine11readHermiteEf(PLT)
 1380              	.LVL118:
 1381 0188 09F1E000 		add	r0, r9, #224
 1382 018c FFF7FEFF 		bl	_ZN6Biquad7processEf(PLT)
 1383              	.LVL119:
 1384              		.loc 3 221 13 is_stmt 1 view .LVU417
 1385              	.L59:
 1386              		.loc 3 221 13 is_stmt 0 view .LVU418
 1387              	.LBE165:
 1388              	.LBE170:
 1389              		.loc 3 250 9 is_stmt 1 view .LVU419
 1390              		.loc 3 250 20 is_stmt 0 view .LVU420
 1391 0190 9AED057A 		vldr.32	s14, [r10, #20]
 1392              		.loc 3 250 47 view .LVU421
 1393 0194 DAED077A 		vldr.32	s15, [r10, #28]
 1394              		.loc 3 250 20 view .LVU422
 1395 0198 68EE878A 		vmul.f32	s17, s17, s14
 1396              	.LVL120:
 1397              		.loc 3 251 20 view .LVU423
 1398 019c 9AED067A 		vldr.32	s14, [r10, #24]
 1399 01a0 20EE070A 		vmul.f32	s0, s0, s14
 1400              	.LVL121:
 1401              		.loc 3 250 14 view .LVU424
 1402 01a4 E8EEA7AA 		vfma.f32	s21, s17, s15
 1403              	.LVL122:
 1404              		.loc 3 251 9 is_stmt 1 view .LVU425
 1405              		.loc 3 251 14 is_stmt 0 view .LVU426
 1406 01a8 A7EE80AA 		vfma.f32	s20, s15, s0
 1407              	.LVL123:
 1408              	.L52:
 1409              		.loc 3 251 14 view .LVU427
 1410              	.LBE173:
 1411              		.loc 3 206 7 is_stmt 1 discriminator 2 view .LVU428
 1412 01ac 029B     		ldr	r3, [sp, #8]
 1413 01ae 0AF1100A 		add	r10, r10, #16
 1414 01b2 09F11C09 		add	r9, r9, #28
 1415 01b6 08F10408 		add	r8, r8, #4
 1416 01ba 0133     		adds	r3, r3, #1
 1417 01bc 0293     		str	r3, [sp, #8]
 1418              	.LVL124:
 1419              		.loc 3 206 7 is_stmt 0 discriminator 2 view .LVU429
 1420 01be 6BE7     		b	.L62
 1421              	.LVL125:
 1422              	.L54:
 1423              	.LBB174:
 1424              	.LBB171:
 1425              	.LBB166:
ARM GAS  /tmp/cc3q4aVX.s 			page 26


 1426              		.loc 3 223 11 is_stmt 1 view .LVU430
 1427              		.loc 3 226 11 view .LVU431
 1428              	.LBB161:
 1429              		.loc 3 227 13 view .LVU432
 1430              		.loc 3 227 40 is_stmt 0 view .LVU433
 1431 01c0 D8ED007A 		vldr.32	s15, [r8]
 1432 01c4 88EE279A 		vdiv.f32	s18, s16, s15
 1433              	.LVL126:
 1434              	.LBB148:
 1435              	.LBI144:
 1436              		.loc 4 94 14 is_stmt 1 view .LVU434
 1437              	.LBB146:
 1438              		.loc 4 95 3 view .LVU435
 1439              		.loc 4 95 17 is_stmt 0 view .LVU436
 1440 01c8 B4EEEB9A 		vcmpe.f32	s18, s23
 1441 01cc F1EE10FA 		vmrs	APSR_nzcv, FPSCR
 1442 01d0 13D4     		bmi	.L67
 1443              		.loc 4 95 32 view .LVU437
 1444 01d2 B4EE699A 		vcmp.f32	s18, s19
 1445 01d6 F1EE10FA 		vmrs	APSR_nzcv, FPSCR
 1446 01da C8BF     		it	gt
 1447 01dc B0EE699A 		vmovgt.f32	s18, s19
 1448              	.LVL127:
 1449              	.L60:
 1450              		.loc 4 95 32 view .LVU438
 1451              	.LBE146:
 1452              	.LBE148:
 1453              		.loc 3 228 13 is_stmt 1 view .LVU439
 1454              		.loc 3 228 36 is_stmt 0 view .LVU440
 1455 01e0 5846     		mov	r0, fp
 1456 01e2 B0EE490A 		vmov.f32	s0, s18
 1457 01e6 FFF7FEFF 		bl	_ZNK9DelayLine11readHermiteEf(PLT)
 1458              	.LVL128:
 1459              		.loc 3 229 36 view .LVU441
 1460 01ea 3846     		mov	r0, r7
 1461              		.loc 3 228 36 view .LVU442
 1462 01ec F0EE408A 		vmov.f32	s17, s0
 1463              	.LVL129:
 1464              		.loc 3 229 13 is_stmt 1 view .LVU443
 1465              		.loc 3 229 36 is_stmt 0 view .LVU444
 1466 01f0 B0EE490A 		vmov.f32	s0, s18
 1467              	.LVL130:
 1468              		.loc 3 229 36 view .LVU445
 1469 01f4 FFF7FEFF 		bl	_ZNK9DelayLine11readHermiteEf(PLT)
 1470              	.LVL131:
 1471              		.loc 3 229 36 view .LVU446
 1472              	.LBE161:
 1473              		.loc 3 231 13 is_stmt 1 view .LVU447
 1474 01f8 CAE7     		b	.L59
 1475              	.LVL132:
 1476              	.L67:
 1477              	.LBB162:
 1478              	.LBB149:
 1479              	.LBB147:
 1480              		.loc 4 95 17 is_stmt 0 view .LVU448
 1481 01fa B7EE009A 		vmov.f32	s18, #1.0e+0
 1482              	.LVL133:
ARM GAS  /tmp/cc3q4aVX.s 			page 27


 1483              		.loc 4 95 17 view .LVU449
 1484 01fe EFE7     		b	.L60
 1485              	.LVL134:
 1486              	.L69:
 1487              		.loc 4 95 17 view .LVU450
 1488              	.LBE147:
 1489              	.LBE149:
 1490              	.LBE162:
 1491              	.LBB163:
 1492              	.LBB160:
 1493              	.LBB153:
 1494 0200 B7EE009A 		vmov.f32	s18, #1.0e+0
 1495              	.LVL135:
 1496              		.loc 4 95 17 view .LVU451
 1497 0204 8CE7     		b	.L61
 1498              	.LVL136:
 1499              	.L51:
 1500              		.loc 4 95 17 view .LVU452
 1501              	.LBE153:
 1502              	.LBE160:
 1503              	.LBE163:
 1504              	.LBE166:
 1505              	.LBE171:
 1506              	.LBE174:
 1507              	.LBE192:
 1508              		.loc 3 254 7 is_stmt 1 discriminator 2 view .LVU453
 1509              	.LBE193:
 1510              		.loc 3 199 5 is_stmt 0 discriminator 2 view .LVU454
 1511 0206 019B     		ldr	r3, [sp, #4]
 1512              	.LVL137:
 1513              		.loc 3 199 5 discriminator 2 view .LVU455
 1514 0208 0836     		adds	r6, r6, #8
 1515              	.LBB194:
 1516              		.loc 3 254 18 discriminator 2 view .LVU456
 1517 020a 46ED02AA 		vstr.32	s21, [r6, #-8]
 1518              		.loc 3 255 7 is_stmt 1 discriminator 2 view .LVU457
 1519 020e 0835     		adds	r5, r5, #8
 1520              	.LBE194:
 1521              		.loc 3 199 5 is_stmt 0 discriminator 2 view .LVU458
 1522 0210 0133     		adds	r3, r3, #1
 1523              	.LBB195:
 1524              		.loc 3 255 18 discriminator 2 view .LVU459
 1525 0212 06ED01AA 		vstr.32	s20, [r6, #-4]
 1526              	.LBE195:
 1527              		.loc 3 199 5 is_stmt 1 discriminator 2 view .LVU460
 1528 0216 0193     		str	r3, [sp, #4]
 1529              	.LVL138:
 1530              		.loc 3 199 5 is_stmt 0 discriminator 2 view .LVU461
 1531 0218 01E7     		b	.L63
 1532              	.LVL139:
 1533              	.L48:
 1534              		.loc 3 199 5 discriminator 2 view .LVU462
 1535              	.LBE196:
 1536              		.loc 3 257 3 view .LVU463
 1537 021a 05B0     		add	sp, sp, #20
 1538              		.cfi_def_cfa_offset 76
 1539              		@ sp needed
ARM GAS  /tmp/cc3q4aVX.s 			page 28


 1540 021c BDEC0A8B 		vldm	sp!, {d8-d12}
 1541              		.cfi_restore 88
 1542              		.cfi_restore 89
 1543              		.cfi_restore 86
 1544              		.cfi_restore 87
 1545              		.cfi_restore 84
 1546              		.cfi_restore 85
 1547              		.cfi_restore 82
 1548              		.cfi_restore 83
 1549              		.cfi_restore 80
 1550              		.cfi_restore 81
 1551              		.cfi_def_cfa_offset 36
 1552 0220 BDE8F08F 		pop	{r4, r5, r6, r7, r8, r9, r10, fp, pc}
 1553              	.LVL140:
 1554              	.L73:
 1555              		.loc 3 257 3 view .LVU464
 1556              		.align	2
 1557              	.L72:
 1558 0224 00000000 		.word	0
 1559 0228 C07F3B48 		.word	1211858880
 1560              		.cfi_endproc
 1561              	.LFE513:
 1562              		.size	_ZN10SpaceDelay7processEPKfPfm, .-_ZN10SpaceDelay7processEPKfPfm
 1563              		.section	.text._ZN6Effect4InitEPK17unit_runtime_desc,"axG",%progbits,_ZN6Effect4InitEPK17unit_runt
 1564              		.align	1
 1565              		.weak	_ZN6Effect4InitEPK17unit_runtime_desc
 1566              		.syntax unified
 1567              		.thumb
 1568              		.thumb_func
 1569              		.fpu fpv4-sp-d16
 1570              		.type	_ZN6Effect4InitEPK17unit_runtime_desc, %function
 1571              	_ZN6Effect4InitEPK17unit_runtime_desc:
 1572              	.LVL141:
 1573              	.LFB526:
 1574              		.file 5 "unit.cc"
 1575              		.loc 5 38 17 is_stmt 1 view -0
 1576              		.cfi_startproc
 1577              		@ args = 0, pretend = 0, frame = 0
 1578              		@ frame_needed = 0, uses_anonymous_args = 0
 1579              		.loc 5 39 5 view .LVU466
 1580              		.loc 5 38 17 is_stmt 0 view .LVU467
 1581 0000 4B4B     		ldr	r3, .L93+16
 1582 0002 2DE9F041 		push	{r4, r5, r6, r7, r8, lr}
 1583              		.cfi_def_cfa_offset 24
 1584              		.cfi_offset 4, -24
 1585              		.cfi_offset 5, -20
 1586              		.cfi_offset 6, -16
 1587              		.cfi_offset 7, -12
 1588              		.cfi_offset 8, -8
 1589              		.cfi_offset 14, -4
 1590              		.loc 5 38 17 view .LVU468
 1591              	.LPIC1:
 1592 0006 7B44     		add	r3, pc
 1593 0008 0446     		mov	r4, r0
 1594              		.loc 5 39 5 view .LVU469
 1595 000a 0D46     		mov	r5, r1
 1596 000c 0029     		cmp	r1, #0
ARM GAS  /tmp/cc3q4aVX.s 			page 29


 1597 000e 77D0     		beq	.L79
 1598              		.loc 5 42 5 is_stmt 1 view .LVU470
 1599              		.loc 5 42 15 is_stmt 0 view .LVU471
 1600 0010 0A68     		ldr	r2, [r1]	@ unaligned
 1601              		.loc 5 42 44 view .LVU472
 1602 0012 4849     		ldr	r1, .L93+20
 1603              	.LVL142:
 1604              		.loc 5 42 44 view .LVU473
 1605 0014 5B58     		ldr	r3, [r3, r1]
 1606 0016 5B68     		ldr	r3, [r3, #4]	@ unaligned
 1607              		.loc 5 42 5 view .LVU474
 1608 0018 9A42     		cmp	r2, r3
 1609 001a 74D1     		bne	.L80
 1610              		.loc 5 45 5 is_stmt 1 view .LVU475
 1611              		.loc 5 45 10 is_stmt 0 view .LVU476
 1612 001c 6B68     		ldr	r3, [r5, #4]	@ unaligned
 1613 001e 03F4FE02 		and	r2, r3, #8323072
 1614              		.loc 5 45 5 view .LVU477
 1615 0022 B2F5003F 		cmp	r2, #131072
 1616 0026 71D1     		bne	.L82
 1617              		.loc 5 45 9 discriminator 1 view .LVU478
 1618 0028 13F4FE4F 		tst	r3, #32512
 1619 002c 6ED1     		bne	.L82
 1620              		.loc 5 48 5 is_stmt 1 view .LVU479
 1621              		.loc 5 48 15 is_stmt 0 view .LVU480
 1622 002e AA68     		ldr	r2, [r5, #8]	@ unaligned
 1623              		.loc 5 48 5 view .LVU481
 1624 0030 4BF68033 		movw	r3, #48000
 1625 0034 9A42     		cmp	r2, r3
 1626 0036 6CD1     		bne	.L83
 1627              		.loc 5 51 5 is_stmt 1 view .LVU482
 1628 0038 AB7B     		ldrb	r3, [r5, #14]	@ zero_extendqisi2
 1629 003a 022B     		cmp	r3, #2
 1630 003c 6CD1     		bne	.L85
 1631              		.loc 5 51 35 is_stmt 0 discriminator 1 view .LVU483
 1632 003e EB7B     		ldrb	r3, [r5, #15]	@ zero_extendqisi2
 1633 0040 022B     		cmp	r3, #2
 1634 0042 69D1     		bne	.L85
 1635              		.loc 5 54 5 is_stmt 1 view .LVU484
 1636              		.loc 5 54 22 is_stmt 0 view .LVU485
 1637 0044 6B69     		ldr	r3, [r5, #20]	@ unaligned
 1638              		.loc 5 54 5 view .LVU486
 1639 0046 1BB9     		cbnz	r3, .L76
 1640              	.LVL143:
 1641              	.L77:
 1642              		.loc 5 55 14 view .LVU487
 1643 0048 6FF00F00 		mvn	r0, #15
 1644              	.L75:
 1645              		.loc 5 78 3 view .LVU488
 1646 004c BDE8F081 		pop	{r4, r5, r6, r7, r8, pc}
 1647              	.LVL144:
 1648              	.L76:
 1649              		.loc 5 57 5 is_stmt 1 view .LVU489
 1650              		.loc 5 58 5 view .LVU490
 1651              		.loc 5 58 51 is_stmt 0 view .LVU491
 1652 0050 3348     		ldr	r0, .L93
 1653              	.LVL145:
ARM GAS  /tmp/cc3q4aVX.s 			page 30


 1654              		.loc 5 58 51 view .LVU492
 1655 0052 9847     		blx	r3
 1656              	.LVL146:
 1657              		.loc 5 59 5 is_stmt 1 view .LVU493
 1658 0054 0646     		mov	r6, r0
 1659 0056 0028     		cmp	r0, #0
 1660 0058 F6D0     		beq	.L77
 1661              		.loc 5 60 5 view .LVU494
 1662              		.loc 5 60 40 is_stmt 0 view .LVU495
 1663 005a 6B69     		ldr	r3, [r5, #20]	@ unaligned
 1664              		.loc 5 60 51 view .LVU496
 1665 005c 3048     		ldr	r0, .L93
 1666              	.LVL147:
 1667              		.loc 5 60 51 view .LVU497
 1668 005e 9847     		blx	r3
 1669              	.LVL148:
 1670              		.loc 5 61 5 is_stmt 1 view .LVU498
 1671 0060 0546     		mov	r5, r0
 1672              	.LVL149:
 1673              		.loc 5 61 5 is_stmt 0 view .LVU499
 1674 0062 0028     		cmp	r0, #0
 1675 0064 F0D0     		beq	.L77
 1676              		.loc 5 63 5 is_stmt 1 view .LVU500
 1677              		.loc 5 63 15 is_stmt 0 view .LVU501
 1678 0066 FFF7FEFF 		bl	_Z10initSinLutv(PLT)
 1679              	.LVL150:
 1680              		.loc 5 64 5 is_stmt 1 view .LVU502
 1681              	.LBB210:
 1682              	.LBB211:
 1683              	.LBB212:
 1684              	.LBB213:
 1685              		.loc 1 17 12 is_stmt 0 view .LVU503
 1686 006a 0027     		movs	r7, #0
 1687              	.LBE213:
 1688              	.LBE212:
 1689              	.LBE211:
 1690              	.LBE210:
 1691              		.loc 5 64 16 view .LVU504
 1692 006c FFF7FEFF 		bl	_Z11initHannLutv(PLT)
 1693              	.LVL151:
 1694              		.loc 5 66 5 is_stmt 1 view .LVU505
 1695              	.LBB224:
 1696              	.LBI210:
 1697              		.loc 3 129 8 view .LVU506
 1698              	.LBB223:
 1699              		.loc 3 130 5 view .LVU507
 1700              	.LBB217:
 1701              	.LBB214:
 1702              		.loc 1 17 12 is_stmt 0 view .LVU508
 1703 0070 DFF8C480 		ldr	r8, .L93+24
 1704              	.LBE214:
 1705              	.LBE217:
 1706              		.loc 3 130 9 view .LVU509
 1707 0074 2B4B     		ldr	r3, .L93+4
 1708              	.LBB218:
 1709              	.LBB215:
 1710              		.loc 1 18 11 view .LVU510
ARM GAS  /tmp/cc3q4aVX.s 			page 31


 1711 0076 3946     		mov	r1, r7
 1712 0078 294A     		ldr	r2, .L93
 1713 007a 3046     		mov	r0, r6
 1714              	.LBE215:
 1715              	.LBE218:
 1716              		.loc 3 130 9 view .LVU511
 1717 007c 2360     		str	r3, [r4]	@ float
 1718              		.loc 3 131 5 is_stmt 1 view .LVU512
 1719              	.LVL152:
 1720              	.LBB219:
 1721              	.LBI212:
 1722              		.loc 1 14 8 view .LVU513
 1723              	.LBB216:
 1724              		.loc 1 15 5 view .LVU514
 1725              		.loc 1 15 12 is_stmt 0 view .LVU515
 1726 007e C4F8B062 		str	r6, [r4, #688]
 1727              		.loc 1 16 5 is_stmt 1 view .LVU516
 1728 0082 04F5B876 		add	r6, r4, #368
 1729              	.LVL153:
 1730              		.loc 1 17 12 is_stmt 0 view .LVU517
 1731 0086 C4E9AD87 		strd	r8, r7, [r4, #692]
 1732              		.loc 1 18 5 is_stmt 1 view .LVU518
 1733              		.loc 1 18 11 is_stmt 0 view .LVU519
 1734 008a FFF7FEFF 		bl	memset(PLT)
 1735              	.LVL154:
 1736              		.loc 1 18 11 view .LVU520
 1737              	.LBE216:
 1738              	.LBE219:
 1739              		.loc 3 132 5 is_stmt 1 view .LVU521
 1740              	.LBB220:
 1741              	.LBI220:
 1742              		.loc 1 14 8 view .LVU522
 1743              	.LBB221:
 1744              		.loc 1 15 5 view .LVU523
 1745              		.loc 1 18 11 is_stmt 0 view .LVU524
 1746 008e 2846     		mov	r0, r5
 1747 0090 234A     		ldr	r2, .L93
 1748 0092 3946     		mov	r1, r7
 1749              		.loc 1 17 12 view .LVU525
 1750 0094 C4F8C472 		str	r7, [r4, #708]
 1751              		.loc 1 16 12 view .LVU526
 1752 0098 C4E9AF58 		strd	r5, r8, [r4, #700]
 1753              		.loc 1 17 5 is_stmt 1 view .LVU527
 1754              		.loc 1 18 5 view .LVU528
 1755 009c 04F19005 		add	r5, r4, #144
 1756              	.LVL155:
 1757              		.loc 1 18 11 is_stmt 0 view .LVU529
 1758 00a0 FFF7FEFF 		bl	memset(PLT)
 1759              	.LVL156:
 1760              		.loc 1 18 11 view .LVU530
 1761              	.LBE221:
 1762              	.LBE220:
 1763              	.LBB222:
 1764              		.loc 3 133 23 is_stmt 1 view .LVU531
 1765              	.L78:
 1766              		.loc 3 134 7 view .LVU532
 1767              		.loc 3 134 25 is_stmt 0 view .LVU533
ARM GAS  /tmp/cc3q4aVX.s 			page 32


 1768 00a4 2846     		mov	r0, r5
 1769 00a6 FFF7FEFF 		bl	_ZN6Biquad5resetEv(PLT)
 1770              	.LVL157:
 1771              		.loc 3 135 7 is_stmt 1 view .LVU534
 1772              		.loc 3 135 25 is_stmt 0 view .LVU535
 1773 00aa 05F1E000 		add	r0, r5, #224
 1774 00ae 1C35     		adds	r5, r5, #28
 1775 00b0 FFF7FEFF 		bl	_ZN6Biquad5resetEv(PLT)
 1776              	.LVL158:
 1777              		.loc 3 133 5 is_stmt 1 view .LVU536
 1778              		.loc 3 133 23 view .LVU537
 1779 00b4 AE42     		cmp	r6, r5
 1780 00b6 F5D1     		bne	.L78
 1781              	.LBE222:
 1782              		.loc 3 137 5 view .LVU538
 1783              		.loc 3 137 14 is_stmt 0 view .LVU539
 1784 00b8 0021     		movs	r1, #0
 1785 00ba 2046     		mov	r0, r4
 1786 00bc FFF7FEFF 		bl	_ZN10SpaceDelay9setPresetEi(PLT)
 1787              	.LVL159:
 1788              		.loc 3 137 14 view .LVU540
 1789              	.LBE223:
 1790              	.LBE224:
 1791              		.loc 5 69 5 is_stmt 1 view .LVU541
 1792              		.loc 5 69 20 is_stmt 0 view .LVU542
 1793 00c0 0123     		movs	r3, #1
 1794              		.loc 5 70 20 view .LVU543
 1795 00c2 0025     		movs	r5, #0
 1796              		.loc 5 72 20 view .LVU544
 1797 00c4 40F2FF12 		movw	r2, #511
 1798              		.loc 5 69 20 view .LVU545
 1799 00c8 C4F8C832 		str	r3, [r4, #712]
 1800              		.loc 5 70 5 is_stmt 1 view .LVU546
 1801              		.loc 5 72 20 is_stmt 0 view .LVU547
 1802 00cc 4FF4A973 		mov	r3, #338
 1803              		.loc 5 73 21 view .LVU548
 1804 00d0 2046     		mov	r0, r4
 1805 00d2 2946     		mov	r1, r5
 1806              		.loc 5 70 20 view .LVU549
 1807 00d4 84F8CC52 		strb	r5, [r4, #716]
 1808              		.loc 5 71 5 is_stmt 1 view .LVU550
 1809              		.loc 5 72 20 is_stmt 0 view .LVU551
 1810 00d8 C4E9B423 		strd	r2, r3, [r4, #720]
 1811              		.loc 5 73 5 is_stmt 1 view .LVU552
 1812              		.loc 5 73 21 is_stmt 0 view .LVU553
 1813 00dc FFF7FEFF 		bl	_ZN10SpaceDelay9setPresetEi(PLT)
 1814              	.LVL160:
 1815              		.loc 5 74 5 is_stmt 1 view .LVU554
 1816              		.loc 5 153 5 view .LVU555
 1817              		.loc 5 154 5 view .LVU556
 1818              		.loc 5 155 5 view .LVU557
 1819              	.LBB225:
 1820              	.LBI225:
 1821              		.loc 3 188 8 view .LVU558
 1822              	.LBB226:
 1823              		.loc 3 189 5 view .LVU559
 1824              	.LBE226:
ARM GAS  /tmp/cc3q4aVX.s 			page 33


 1825              	.LBE225:
 1826              	.LBB229:
 1827              	.LBB230:
 1828              	.LBB231:
 1829              	.LBB232:
 1830              		.loc 3 195 20 is_stmt 0 view .LVU560
 1831 00e0 9FED117A 		vldr.32	s14, .L93+8
 1832 00e4 D4ED007A 		vldr.32	s15, [r4]
 1833              	.LBE232:
 1834              	.LBE231:
 1835              	.LBE230:
 1836              	.LBE229:
 1837              	.LBB242:
 1838              	.LBB227:
 1839              		.loc 3 189 17 view .LVU561
 1840 00e8 0523     		movs	r3, #5
 1841              	.LBE227:
 1842              	.LBE242:
 1843              	.LBB243:
 1844              	.LBB239:
 1845              	.LBB236:
 1846              	.LBB233:
 1847              		.loc 3 195 27 view .LVU562
 1848 00ea DFED106A 		vldr.32	s13, .L93+12
 1849              	.LBE233:
 1850              	.LBE236:
 1851              	.LBE239:
 1852              	.LBE243:
 1853              		.loc 5 77 12 view .LVU563
 1854 00ee 2846     		mov	r0, r5
 1855              	.LBB244:
 1856              	.LBB240:
 1857              	.LBB237:
 1858              	.LBB234:
 1859              		.loc 3 195 20 view .LVU564
 1860 00f0 67EE877A 		vmul.f32	s15, s15, s14
 1861              	.LBE234:
 1862              	.LBE237:
 1863              	.LBE240:
 1864              	.LBE244:
 1865              	.LBB245:
 1866              	.LBB228:
 1867              		.loc 3 189 17 view .LVU565
 1868 00f4 A360     		str	r3, [r4, #8]
 1869              	.LVL161:
 1870              		.loc 3 189 17 view .LVU566
 1871              	.LBE228:
 1872              	.LBE245:
 1873              		.loc 5 75 5 is_stmt 1 view .LVU567
 1874              	.LBB246:
 1875              	.LBI229:
 1876              		.loc 5 159 15 view .LVU568
 1877              	.LBB241:
 1878              		.loc 5 160 5 view .LVU569
 1879              		.loc 5 161 5 view .LVU570
 1880              		.loc 5 162 5 view .LVU571
 1881              		.loc 5 163 5 view .LVU572
ARM GAS  /tmp/cc3q4aVX.s 			page 34


 1882              	.LBB238:
 1883              	.LBI231:
 1884              		.loc 3 192 8 view .LVU573
 1885              	.LBB235:
 1886              		.loc 3 193 5 view .LVU574
 1887              		.loc 3 194 5 view .LVU575
 1888              		.loc 3 195 5 view .LVU576
 1889              		.loc 3 195 27 is_stmt 0 view .LVU577
 1890 00f6 87EEA67A 		vdiv.f32	s14, s15, s13
 1891              		.loc 3 195 14 view .LVU578
 1892 00fa 84ED017A 		vstr.32	s14, [r4, #4]
 1893              		.loc 3 196 3 view .LVU579
 1894 00fe A5E7     		b	.L75
 1895              	.LVL162:
 1896              	.L79:
 1897              		.loc 3 196 3 view .LVU580
 1898              	.LBE235:
 1899              	.LBE238:
 1900              	.LBE241:
 1901              	.LBE246:
 1902              		.loc 5 40 14 view .LVU581
 1903 0100 6FF01F00 		mvn	r0, #31
 1904              	.LVL163:
 1905              		.loc 5 40 14 view .LVU582
 1906 0104 A2E7     		b	.L75
 1907              	.LVL164:
 1908              	.L80:
 1909              		.loc 5 43 14 view .LVU583
 1910 0106 4FF0FF30 		mov	r0, #-1
 1911              	.LVL165:
 1912              		.loc 5 43 14 view .LVU584
 1913 010a 9FE7     		b	.L75
 1914              	.LVL166:
 1915              	.L82:
 1916              		.loc 5 46 14 view .LVU585
 1917 010c 6FF00100 		mvn	r0, #1
 1918              	.LVL167:
 1919              		.loc 5 46 14 view .LVU586
 1920 0110 9CE7     		b	.L75
 1921              	.LVL168:
 1922              	.L83:
 1923              		.loc 5 49 14 view .LVU587
 1924 0112 6FF00300 		mvn	r0, #3
 1925              	.LVL169:
 1926              		.loc 5 49 14 view .LVU588
 1927 0116 99E7     		b	.L75
 1928              	.LVL170:
 1929              	.L85:
 1930              		.loc 5 52 14 view .LVU589
 1931 0118 6FF00700 		mvn	r0, #7
 1932              	.LVL171:
 1933              		.loc 5 52 14 view .LVU590
 1934 011c 96E7     		b	.L75
 1935              	.L94:
 1936 011e 00BF     		.align	2
 1937              	.L93:
 1938 0120 00B80B00 		.word	768000
ARM GAS  /tmp/cc3q4aVX.s 			page 35


 1939 0124 00803B47 		.word	1195081728
 1940 0128 00007042 		.word	1114636288
 1941 012c 6EBAB942 		.word	1119468142
 1942 0130 26010000 		.word	_GLOBAL_OFFSET_TABLE_-(.LPIC1+4)
 1943 0134 00000000 		.word	unit_header(GOT)
 1944 0138 00EE0200 		.word	192000
 1945              		.cfi_endproc
 1946              	.LFE526:
 1947              		.size	_ZN6Effect4InitEPK17unit_runtime_desc, .-_ZN6Effect4InitEPK17unit_runtime_desc
 1948              		.text
 1949              		.align	1
 1950              		.global	unit_init
 1951              		.syntax unified
 1952              		.thumb
 1953              		.thumb_func
 1954              		.fpu fpv4-sp-d16
 1955              		.type	unit_init, %function
 1956              	unit_init:
 1957              	.LVL172:
 1958              	.LFB540:
 1959              		.loc 5 179 67 is_stmt 1 view -0
 1960              		.cfi_startproc
 1961              		@ args = 0, pretend = 0, frame = 0
 1962              		@ frame_needed = 0, uses_anonymous_args = 0
 1963              		.loc 5 180 3 view .LVU592
 1964              		.loc 5 179 67 is_stmt 0 view .LVU593
 1965 0000 0146     		mov	r1, r0
 1966              		.loc 5 180 32 view .LVU594
 1967 0002 0348     		ldr	r0, .L96
 1968              	.LVL173:
 1969              		.loc 5 179 67 view .LVU595
 1970 0004 08B5     		push	{r3, lr}
 1971              		.cfi_def_cfa_offset 8
 1972              		.cfi_offset 3, -8
 1973              		.cfi_offset 14, -4
 1974              		.loc 5 180 32 view .LVU596
 1975              	.LPIC2:
 1976 0006 7844     		add	r0, pc
 1977 0008 FFF7FEFF 		bl	_ZN6Effect4InitEPK17unit_runtime_desc(PLT)
 1978              	.LVL174:
 1979              		.loc 5 181 1 view .LVU597
 1980 000c 08BD     		pop	{r3, pc}
 1981              	.L97:
 1982 000e 00BF     		.align	2
 1983              	.L96:
 1984 0010 06000000 		.word	.LANCHOR1-(.LPIC2+4)
 1985              		.cfi_endproc
 1986              	.LFE540:
 1987              		.size	unit_init, .-unit_init
 1988              		.align	1
 1989              		.global	unit_teardown
 1990              		.syntax unified
 1991              		.thumb
 1992              		.thumb_func
 1993              		.fpu fpv4-sp-d16
 1994              		.type	unit_teardown, %function
 1995              	unit_teardown:
ARM GAS  /tmp/cc3q4aVX.s 			page 36


 1996              	.LFB541:
 1997              		.loc 5 182 39 is_stmt 1 view -0
 1998              		.cfi_startproc
 1999              		@ args = 0, pretend = 0, frame = 0
 2000              		@ frame_needed = 0, uses_anonymous_args = 0
 2001              		@ link register save eliminated.
 2002              		.loc 5 182 41 view .LVU599
 2003              	.LVL175:
 2004              		.loc 5 182 71 is_stmt 0 view .LVU600
 2005 0014 7047     		bx	lr
 2006              		.cfi_endproc
 2007              	.LFE541:
 2008              		.size	unit_teardown, .-unit_teardown
 2009              		.align	1
 2010              		.global	unit_reset
 2011              		.syntax unified
 2012              		.thumb
 2013              		.thumb_func
 2014              		.fpu fpv4-sp-d16
 2015              		.type	unit_reset, %function
 2016              	unit_reset:
 2017              	.LFB567:
 2018              		.cfi_startproc
 2019              		@ args = 0, pretend = 0, frame = 0
 2020              		@ frame_needed = 0, uses_anonymous_args = 0
 2021              		@ link register save eliminated.
 2022 0016 7047     		bx	lr
 2023              		.cfi_endproc
 2024              	.LFE567:
 2025              		.size	unit_reset, .-unit_reset
 2026              		.align	1
 2027              		.global	unit_resume
 2028              		.syntax unified
 2029              		.thumb
 2030              		.thumb_func
 2031              		.fpu fpv4-sp-d16
 2032              		.type	unit_resume, %function
 2033              	unit_resume:
 2034              	.LFB569:
 2035              		.cfi_startproc
 2036              		@ args = 0, pretend = 0, frame = 0
 2037              		@ frame_needed = 0, uses_anonymous_args = 0
 2038              		@ link register save eliminated.
 2039 0018 7047     		bx	lr
 2040              		.cfi_endproc
 2041              	.LFE569:
 2042              		.size	unit_resume, .-unit_resume
 2043              		.align	1
 2044              		.global	unit_suspend
 2045              		.syntax unified
 2046              		.thumb
 2047              		.thumb_func
 2048              		.fpu fpv4-sp-d16
 2049              		.type	unit_suspend, %function
 2050              	unit_suspend:
 2051              	.LFB571:
 2052              		.cfi_startproc
ARM GAS  /tmp/cc3q4aVX.s 			page 37


 2053              		@ args = 0, pretend = 0, frame = 0
 2054              		@ frame_needed = 0, uses_anonymous_args = 0
 2055              		@ link register save eliminated.
 2056 001a 7047     		bx	lr
 2057              		.cfi_endproc
 2058              	.LFE571:
 2059              		.size	unit_suspend, .-unit_suspend
 2060              		.align	1
 2061              		.global	unit_render
 2062              		.syntax unified
 2063              		.thumb
 2064              		.thumb_func
 2065              		.fpu fpv4-sp-d16
 2066              		.type	unit_render, %function
 2067              	unit_render:
 2068              	.LVL176:
 2069              	.LFB545:
 2070              		.loc 5 186 80 is_stmt 1 view -0
 2071              		.cfi_startproc
 2072              		@ args = 0, pretend = 0, frame = 0
 2073              		@ frame_needed = 0, uses_anonymous_args = 0
 2074              		.loc 5 187 3 view .LVU602
 2075              	.LBB255:
 2076              	.LBI255:
 2077              		.loc 5 85 15 view .LVU603
 2078              	.LBE255:
 2079              		.loc 5 86 5 view .LVU604
 2080              		.loc 5 186 80 is_stmt 0 view .LVU605
 2081 001c 10B5     		push	{r4, lr}
 2082              		.cfi_def_cfa_offset 8
 2083              		.cfi_offset 4, -8
 2084              		.cfi_offset 14, -4
 2085              	.LBB260:
 2086              	.LBB256:
 2087              		.loc 5 86 9 view .LVU606
 2088 001e 0E4C     		ldr	r4, .L107
 2089              	.LPIC3:
 2090 0020 7C44     		add	r4, pc
 2091              		.loc 5 86 5 view .LVU607
 2092 0022 94F8CC32 		ldrb	r3, [r4, #716]	@ zero_extendqisi2
 2093 0026 83B1     		cbz	r3, .L103
 2094              	.LBE256:
 2095              	.LBB257:
 2096              	.LBB258:
 2097              		.loc 5 87 21 view .LVU608
 2098 0028 0023     		movs	r3, #0
 2099              	.LVL177:
 2100              	.L105:
 2101              		.loc 5 87 30 is_stmt 1 view .LVU609
 2102 002a 9A42     		cmp	r2, r3
 2103 002c 00F10800 		add	r0, r0, #8
 2104 0030 01F10801 		add	r1, r1, #8
 2105 0034 0FD0     		beq	.L102
 2106              		.loc 5 88 9 view .LVU610
 2107              		.loc 5 88 34 is_stmt 0 view .LVU611
 2108 0036 50F8084C 		ldr	r4, [r0, #-8]	@ float
 2109              		.loc 5 87 7 view .LVU612
ARM GAS  /tmp/cc3q4aVX.s 			page 38


 2110 003a 0133     		adds	r3, r3, #1
 2111              	.LVL178:
 2112              		.loc 5 88 24 view .LVU613
 2113 003c 41F8084C 		str	r4, [r1, #-8]	@ float
 2114              		.loc 5 89 9 is_stmt 1 view .LVU614
 2115              		.loc 5 89 38 is_stmt 0 view .LVU615
 2116 0040 50F8044C 		ldr	r4, [r0, #-4]	@ float
 2117              		.loc 5 89 24 view .LVU616
 2118 0044 41F8044C 		str	r4, [r1, #-4]	@ float
 2119              		.loc 5 87 7 is_stmt 1 view .LVU617
 2120              	.LVL179:
 2121              		.loc 5 87 7 is_stmt 0 view .LVU618
 2122 0048 EFE7     		b	.L105
 2123              	.LVL180:
 2124              	.L103:
 2125              		.loc 5 87 7 view .LVU619
 2126              	.LBE258:
 2127              	.LBE257:
 2128              	.LBB259:
 2129              		.loc 5 92 7 is_stmt 1 view .LVU620
 2130              		.loc 5 92 21 is_stmt 0 view .LVU621
 2131 004a 1346     		mov	r3, r2
 2132 004c 0A46     		mov	r2, r1
 2133              	.LVL181:
 2134              		.loc 5 92 21 view .LVU622
 2135 004e 0146     		mov	r1, r0
 2136              	.LVL182:
 2137              		.loc 5 92 21 view .LVU623
 2138 0050 2046     		mov	r0, r4
 2139              	.LVL183:
 2140              		.loc 5 92 21 view .LVU624
 2141 0052 FFF7FEFF 		bl	_ZN10SpaceDelay7processEPKfPfm(PLT)
 2142              	.LVL184:
 2143              	.L102:
 2144              		.loc 5 92 21 view .LVU625
 2145              	.LBE259:
 2146              	.LBE260:
 2147              		.loc 5 188 1 view .LVU626
 2148 0056 10BD     		pop	{r4, pc}
 2149              	.L108:
 2150              		.align	2
 2151              	.L107:
 2152 0058 34000000 		.word	.LANCHOR1-(.LPIC3+4)
 2153              		.cfi_endproc
 2154              	.LFE545:
 2155              		.size	unit_render, .-unit_render
 2156              		.align	1
 2157              		.global	unit_set_param_value
 2158              		.syntax unified
 2159              		.thumb
 2160              		.thumb_func
 2161              		.fpu fpv4-sp-d16
 2162              		.type	unit_set_param_value, %function
 2163              	unit_set_param_value:
 2164              	.LVL185:
 2165              	.LFB546:
 2166              		.loc 5 189 70 is_stmt 1 view -0
ARM GAS  /tmp/cc3q4aVX.s 			page 39


 2167              		.cfi_startproc
 2168              		@ args = 0, pretend = 0, frame = 0
 2169              		@ frame_needed = 0, uses_anonymous_args = 0
 2170              		.loc 5 190 3 view .LVU628
 2171              	.LBB277:
 2172              	.LBI277:
 2173              		.loc 5 96 15 view .LVU629
 2174              	.LBB278:
 2175              		.loc 5 97 5 view .LVU630
 2176 005c 0128     		cmp	r0, #1
 2177              	.LBE278:
 2178              	.LBE277:
 2179              		.loc 5 189 70 is_stmt 0 view .LVU631
 2180 005e 08B5     		push	{r3, lr}
 2181              		.cfi_def_cfa_offset 8
 2182              		.cfi_offset 3, -8
 2183              		.cfi_offset 14, -4
 2184              	.LBB308:
 2185              	.LBB303:
 2186              		.loc 5 97 5 view .LVU632
 2187 0060 16D0     		beq	.L110
 2188 0062 0228     		cmp	r0, #2
 2189 0064 4ED0     		beq	.L111
 2190 0066 90B9     		cbnz	r0, .L109
 2191              	.LVL186:
 2192              	.LBB279:
 2193              	.LBI279:
 2194              		.loc 5 96 15 is_stmt 1 view .LVU633
 2195              	.LBB280:
 2196              		.loc 5 98 7 view .LVU634
 2197              		.loc 5 98 15 view .LVU635
 2198              		.loc 5 100 9 view .LVU636
 2199              		.loc 5 100 9 is_stmt 0 view .LVU637
 2200              	.LBE280:
 2201              	.LBE279:
 2202              	.LBE303:
 2203              	.LBE308:
 2204              		.file 6 "/workspace/nts-3_kaoss/common/utils/int_math.h"
 2205              		.loc 6 78 3 is_stmt 1 view .LVU638
 2206 0068 21EAE173 		bic	r3, r1, r1, asr #31
 2207              	.LBB309:
 2208              	.LBB304:
 2209              	.LBB282:
 2210              	.LBB281:
 2211              		.loc 5 100 19 is_stmt 0 view .LVU639
 2212 006c 3F48     		ldr	r0, .L116+20
 2213              	.LVL187:
 2214              		.loc 5 100 19 view .LVU640
 2215 006e 042B     		cmp	r3, #4
 2216              	.LPIC5:
 2217 0070 7844     		add	r0, pc
 2218 0072 A8BF     		it	ge
 2219 0074 0423     		movge	r3, #4
 2220              	.LVL188:
 2221              		.loc 5 101 30 view .LVU641
 2222 0076 0029     		cmp	r1, #0
 2223 0078 D4BF     		ite	le
ARM GAS  /tmp/cc3q4aVX.s 			page 40


 2224 007a 0122     		movle	r2, #1
 2225 007c 0022     		movgt	r2, #0
 2226              		.loc 5 100 19 view .LVU642
 2227 007e C0F8C832 		str	r3, [r0, #712]
 2228              		.loc 5 101 9 is_stmt 1 view .LVU643
 2229              		.loc 5 101 30 is_stmt 0 view .LVU644
 2230 0082 80F8CC22 		strb	r2, [r0, #716]
 2231              		.loc 5 102 9 is_stmt 1 view .LVU645
 2232 0086 02DD     		ble	.L109
 2233              		.loc 5 103 11 view .LVU646
 2234              		.loc 5 103 27 is_stmt 0 view .LVU647
 2235 0088 591E     		subs	r1, r3, #1
 2236              	.LVL189:
 2237              		.loc 5 103 27 view .LVU648
 2238 008a FFF7FEFF 		bl	_ZN10SpaceDelay9setPresetEi(PLT)
 2239              	.LVL190:
 2240              	.L109:
 2241              		.loc 5 103 27 view .LVU649
 2242              	.LBE281:
 2243              	.LBE282:
 2244              	.LBE304:
 2245              	.LBE309:
 2246              		.loc 5 191 1 view .LVU650
 2247 008e 08BD     		pop	{r3, pc}
 2248              	.LVL191:
 2249              	.L110:
 2250              	.LBB310:
 2251              	.LBB305:
 2252              		.loc 5 106 7 is_stmt 1 view .LVU651
 2253              		.loc 5 106 15 view .LVU652
 2254              		.loc 5 108 9 view .LVU653
 2255              		.loc 5 108 9 is_stmt 0 view .LVU654
 2256              	.LBE305:
 2257              	.LBE310:
 2258              		.loc 6 78 3 is_stmt 1 view .LVU655
 2259 0090 81F30A01 		usat	r1, #10, r1
 2260              	.LVL192:
 2261              	.LBB311:
 2262              	.LBB306:
 2263              	.LBB283:
 2264              	.LBB284:
 2265              		.loc 5 153 17 is_stmt 0 view .LVU656
 2266 0094 DFED306A 		vldr.32	s13, .L116
 2267              		.loc 5 154 54 view .LVU657
 2268 0098 B2EE046A 		vmov.f32	s12, #1.0e+1
 2269              	.LBE284:
 2270              	.LBE283:
 2271              		.loc 5 108 24 view .LVU658
 2272 009c 344B     		ldr	r3, .L116+24
 2273              	.LBB289:
 2274              	.LBB285:
 2275              		.loc 5 153 29 view .LVU659
 2276 009e 07EE901A 		vmov	s15, r1	@ int
 2277              	.LBE285:
 2278              	.LBE289:
 2279              		.loc 5 108 24 view .LVU660
 2280              	.LPIC8:
ARM GAS  /tmp/cc3q4aVX.s 			page 41


 2281 00a2 7B44     		add	r3, pc
 2282              	.LBB290:
 2283              	.LBB286:
 2284              		.loc 5 153 29 view .LVU661
 2285 00a4 F8EEE77A 		vcvt.f32.s32	s15, s15
 2286              	.LBE286:
 2287              	.LBE290:
 2288              		.loc 5 108 24 view .LVU662
 2289 00a8 C3F8D012 		str	r1, [r3, #720]
 2290              		.loc 5 109 9 is_stmt 1 view .LVU663
 2291              	.LVL193:
 2292              	.LBB291:
 2293              	.LBI283:
 2294              		.loc 5 152 23 view .LVU664
 2295              	.LBB287:
 2296              		.loc 5 153 5 view .LVU665
 2297              		.loc 5 154 5 view .LVU666
 2298              		.loc 5 153 17 is_stmt 0 view .LVU667
 2299 00ac 87EEA67A 		vdiv.f32	s14, s15, s13
 2300              	.LVL194:
 2301              		.loc 5 154 54 view .LVU668
 2302 00b0 F6EE007A 		vmov.f32	s15, #5.0e-1
 2303 00b4 F0EE676A 		vmov.f32	s13, s15
 2304 00b8 E7EE066A 		vfma.f32	s13, s14, s12
 2305              		.loc 5 154 36 view .LVU669
 2306 00bc FDEEE66A 		vcvt.s32.f32	s13, s13
 2307              		.loc 5 154 29 view .LVU670
 2308 00c0 F8EEE66A 		vcvt.f32.s32	s13, s13
 2309              		.loc 5 154 17 view .LVU671
 2310 00c4 86EE867A 		vdiv.f32	s14, s13, s12
 2311              	.LVL195:
 2312              		.loc 5 155 5 is_stmt 1 view .LVU672
 2313              		.loc 5 155 30 is_stmt 0 view .LVU673
 2314 00c8 B5EEC07A 		vcmpe.f32	s14, #0
 2315 00cc F1EE10FA 		vmrs	APSR_nzcv, FPSCR
 2316 00d0 15D4     		bmi	.L114
 2317              		.loc 5 155 56 view .LVU674
 2318 00d2 F7EE006A 		vmov.f32	s13, #1.0e+0
 2319 00d6 B4EE667A 		vcmp.f32	s14, s13
 2320 00da F1EE10FA 		vmrs	APSR_nzcv, FPSCR
 2321 00de C8BF     		it	gt
 2322 00e0 B0EE667A 		vmovgt.f32	s14, s13
 2323              	.LVL196:
 2324              	.L113:
 2325              		.loc 5 155 56 view .LVU675
 2326              	.LBE287:
 2327              	.LBE291:
 2328              	.LBB292:
 2329              	.LBI292:
 2330              		.loc 3 188 8 is_stmt 1 view .LVU676
 2331              	.LBB293:
 2332              		.loc 3 189 5 view .LVU677
 2333              		.loc 3 189 51 is_stmt 0 view .LVU678
 2334 00e4 F1EE0C6A 		vmov.f32	s13, #7.0e+0
 2335              		.loc 3 189 17 view .LVU679
 2336 00e8 224A     		ldr	r2, .L116+28
 2337              	.LPIC9:
ARM GAS  /tmp/cc3q4aVX.s 			page 42


 2338 00ea 7A44     		add	r2, pc
 2339              		.loc 3 189 51 view .LVU680
 2340 00ec E7EE267A 		vfma.f32	s15, s14, s13
 2341              		.loc 3 189 23 view .LVU681
 2342 00f0 FDEEE77A 		vcvt.s32.f32	s15, s15
 2343              		.loc 3 189 21 view .LVU682
 2344 00f4 17EE903A 		vmov	r3, s15	@ int
 2345 00f8 0133     		adds	r3, r3, #1
 2346              		.loc 3 189 17 view .LVU683
 2347 00fa 9360     		str	r3, [r2, #8]
 2348              		.loc 3 190 3 view .LVU684
 2349 00fc C7E7     		b	.L109
 2350              	.LVL197:
 2351              	.L114:
 2352              		.loc 3 190 3 view .LVU685
 2353              	.LBE293:
 2354              	.LBE292:
 2355              	.LBB294:
 2356              	.LBB288:
 2357              		.loc 5 155 30 view .LVU686
 2358 00fe 9FED177A 		vldr.32	s14, .L116+4
 2359              	.LVL198:
 2360              		.loc 5 155 30 view .LVU687
 2361 0102 EFE7     		b	.L113
 2362              	.LVL199:
 2363              	.L111:
 2364              		.loc 5 155 30 view .LVU688
 2365              	.LBE288:
 2366              	.LBE294:
 2367              		.loc 5 112 7 is_stmt 1 view .LVU689
 2368              		.loc 5 112 15 view .LVU690
 2369              		.loc 5 114 9 view .LVU691
 2370              		.loc 5 114 9 is_stmt 0 view .LVU692
 2371              	.LBE306:
 2372              	.LBE311:
 2373              		.loc 6 78 3 is_stmt 1 view .LVU693
 2374 0104 81F30A01 		usat	r1, #10, r1
 2375              	.LVL200:
 2376              	.LBB312:
 2377              	.LBB307:
 2378              	.LBB295:
 2379              	.LBB296:
 2380              		.loc 5 160 51 is_stmt 0 view .LVU694
 2381 0108 9FED137A 		vldr.32	s14, .L116
 2382              	.LBE296:
 2383              	.LBE295:
 2384              		.loc 5 114 21 view .LVU695
 2385 010c 1A48     		ldr	r0, .L116+32
 2386              	.LVL201:
 2387              	.LBB300:
 2388              	.LBB297:
 2389              		.loc 5 160 35 view .LVU696
 2390 010e 07EE901A 		vmov	s15, r1	@ int
 2391              	.LBE297:
 2392              	.LBE300:
 2393              		.loc 5 114 21 view .LVU697
 2394              	.LPIC10:
ARM GAS  /tmp/cc3q4aVX.s 			page 43


 2395 0112 7844     		add	r0, pc
 2396              	.LBB301:
 2397              	.LBB298:
 2398              		.loc 5 160 35 view .LVU698
 2399 0114 F8EEE77A 		vcvt.f32.s32	s15, s15
 2400              	.LBE298:
 2401              	.LBE301:
 2402              		.loc 5 114 21 view .LVU699
 2403 0118 C0F8D412 		str	r1, [r0, #724]
 2404              		.loc 5 115 9 is_stmt 1 view .LVU700
 2405              	.LVL202:
 2406              	.LBB302:
 2407              	.LBI295:
 2408              		.loc 5 159 15 view .LVU701
 2409              	.LBB299:
 2410              		.loc 5 160 5 view .LVU702
 2411              		.loc 5 160 51 is_stmt 0 view .LVU703
 2412 011c C7EE876A 		vdiv.f32	s13, s15, s14
 2413              		.loc 5 160 17 view .LVU704
 2414 0120 9FED0F7A 		vldr.32	s14, .L116+8
 2415 0124 DFED0F7A 		vldr.32	s15, .L116+12
 2416 0128 E6EE877A 		vfma.f32	s15, s13, s14
 2417              	.LVL203:
 2418              		.loc 5 161 5 is_stmt 1 view .LVU705
 2419              		.loc 5 161 20 is_stmt 0 view .LVU706
 2420 012c BCEEE77A 		vcvt.u32.f32	s14, s15
 2421              	.LVL204:
 2422              		.loc 5 162 5 is_stmt 1 view .LVU707
 2423              		.loc 5 163 5 view .LVU708
 2424              		.loc 5 162 46 is_stmt 0 view .LVU709
 2425 0130 F8EE476A 		vcvt.f32.u32	s13, s14
 2426              		.loc 5 163 20 view .LVU710
 2427 0134 17EE103A 		vmov	r3, s14	@ int
 2428              		.loc 5 162 44 view .LVU711
 2429 0138 77EEE67A 		vsub.f32	s15, s15, s13
 2430              	.LVL205:
 2431              		.loc 5 162 59 view .LVU712
 2432 013c DFED0A6A 		vldr.32	s13, .L116+16
 2433 0140 67EEA67A 		vmul.f32	s15, s15, s13
 2434              		.loc 5 162 20 view .LVU713
 2435 0144 FCEEE77A 		vcvt.u32.f32	s15, s15
 2436 0148 17EE901A 		vmov	r1, s15	@ int
 2437              	.LVL206:
 2438              		.loc 5 163 20 view .LVU714
 2439 014c 41EA0341 		orr	r1, r1, r3, lsl #16
 2440 0150 FFF7FEFF 		bl	_ZN10SpaceDelay8setTempoEm(PLT)
 2441              	.LVL207:
 2442              		.loc 5 163 20 view .LVU715
 2443              	.LBE299:
 2444              	.LBE302:
 2445              	.LBE307:
 2446              	.LBE312:
 2447              		.loc 5 191 1 view .LVU716
 2448 0154 9BE7     		b	.L109
 2449              	.L117:
 2450 0156 00BF     		.align	2
 2451              	.L116:
ARM GAS  /tmp/cc3q4aVX.s 			page 44


 2452 0158 00C07F44 		.word	1149222912
 2453 015c 00000000 		.word	0
 2454 0160 00002043 		.word	1126170624
 2455 0164 00002042 		.word	1109393408
 2456 0168 00008047 		.word	1199570944
 2457 016c F8000000 		.word	.LANCHOR1-(.LPIC5+4)
 2458 0170 CA000000 		.word	.LANCHOR1-(.LPIC8+4)
 2459 0174 86000000 		.word	.LANCHOR1-(.LPIC9+4)
 2460 0178 62000000 		.word	.LANCHOR1-(.LPIC10+4)
 2461              		.cfi_endproc
 2462              	.LFE546:
 2463              		.size	unit_set_param_value, .-unit_set_param_value
 2464              		.align	1
 2465              		.global	unit_get_param_value
 2466              		.syntax unified
 2467              		.thumb
 2468              		.thumb_func
 2469              		.fpu fpv4-sp-d16
 2470              		.type	unit_get_param_value, %function
 2471              	unit_get_param_value:
 2472              	.LVL208:
 2473              	.LFB547:
 2474              		.loc 5 192 58 is_stmt 1 view -0
 2475              		.cfi_startproc
 2476              		@ args = 0, pretend = 0, frame = 0
 2477              		@ frame_needed = 0, uses_anonymous_args = 0
 2478              		@ link register save eliminated.
 2479              		.loc 5 193 3 view .LVU718
 2480              	.LBB315:
 2481              	.LBI315:
 2482              		.loc 5 123 18 view .LVU719
 2483              	.LBB316:
 2484              		.loc 5 124 5 view .LVU720
 2485 017c 0128     		cmp	r0, #1
 2486 017e 07D0     		beq	.L119
 2487 0180 0228     		cmp	r0, #2
 2488 0182 0AD0     		beq	.L120
 2489 0184 70B9     		cbnz	r0, .L122
 2490              		.loc 5 125 7 view .LVU721
 2491              		.loc 5 125 15 view .LVU722
 2492              		.loc 5 125 22 is_stmt 0 view .LVU723
 2493 0186 094B     		ldr	r3, .L123
 2494              	.LPIC12:
 2495 0188 7B44     		add	r3, pc
 2496 018a D3F8C802 		ldr	r0, [r3, #712]
 2497              	.LVL209:
 2498              		.loc 5 125 22 view .LVU724
 2499 018e 7047     		bx	lr
 2500              	.LVL210:
 2501              	.L119:
 2502              		.loc 5 126 7 is_stmt 1 view .LVU725
 2503              		.loc 5 126 15 view .LVU726
 2504              		.loc 5 126 22 is_stmt 0 view .LVU727
 2505 0190 074B     		ldr	r3, .L123+4
 2506              	.LPIC13:
 2507 0192 7B44     		add	r3, pc
 2508 0194 D3F8D002 		ldr	r0, [r3, #720]
ARM GAS  /tmp/cc3q4aVX.s 			page 45


 2509              	.LVL211:
 2510              		.loc 5 126 22 view .LVU728
 2511 0198 7047     		bx	lr
 2512              	.LVL212:
 2513              	.L120:
 2514              		.loc 5 127 7 is_stmt 1 view .LVU729
 2515              		.loc 5 127 15 view .LVU730
 2516              		.loc 5 127 22 is_stmt 0 view .LVU731
 2517 019a 064B     		ldr	r3, .L123+8
 2518              	.LPIC14:
 2519 019c 7B44     		add	r3, pc
 2520 019e D3F8D402 		ldr	r0, [r3, #724]
 2521              	.LVL213:
 2522              		.loc 5 127 22 view .LVU732
 2523 01a2 7047     		bx	lr
 2524              	.LVL214:
 2525              	.L122:
 2526              		.loc 5 124 5 view .LVU733
 2527 01a4 4FF00040 		mov	r0, #-2147483648
 2528              	.LVL215:
 2529              		.loc 5 124 5 view .LVU734
 2530              	.LBE316:
 2531              	.LBE315:
 2532              		.loc 5 194 1 view .LVU735
 2533 01a8 7047     		bx	lr
 2534              	.L124:
 2535 01aa 00BF     		.align	2
 2536              	.L123:
 2537 01ac 20000000 		.word	.LANCHOR1-(.LPIC12+4)
 2538 01b0 1A000000 		.word	.LANCHOR1-(.LPIC13+4)
 2539 01b4 14000000 		.word	.LANCHOR1-(.LPIC14+4)
 2540              		.cfi_endproc
 2541              	.LFE547:
 2542              		.size	unit_get_param_value, .-unit_get_param_value
 2543              		.align	1
 2544              		.global	unit_get_param_str_value
 2545              		.syntax unified
 2546              		.thumb
 2547              		.thumb_func
 2548              		.fpu fpv4-sp-d16
 2549              		.type	unit_get_param_str_value, %function
 2550              	unit_get_param_str_value:
 2551              	.LVL216:
 2552              	.LFB548:
 2553              		.loc 5 195 81 is_stmt 1 view -0
 2554              		.cfi_startproc
 2555              		@ args = 0, pretend = 0, frame = 0
 2556              		@ frame_needed = 0, uses_anonymous_args = 0
 2557              		@ link register save eliminated.
 2558              		.loc 5 196 3 view .LVU737
 2559              	.LBB321:
 2560              	.LBI321:
 2561              		.loc 5 132 22 view .LVU738
 2562              	.LBB322:
 2563              		.loc 5 133 5 view .LVU739
 2564              	.LBE322:
 2565              	.LBE321:
ARM GAS  /tmp/cc3q4aVX.s 			page 46


 2566              		.loc 5 195 81 is_stmt 0 view .LVU740
 2567 01b8 054B     		ldr	r3, .L129
 2568              	.LPIC15:
 2569 01ba 7B44     		add	r3, pc
 2570              	.LBB326:
 2571              	.LBB325:
 2572              	.LBB323:
 2573              		.loc 5 133 5 view .LVU741
 2574 01bc 30B9     		cbnz	r0, .L127
 2575              	.LBB324:
 2576              		.loc 5 134 7 is_stmt 1 view .LVU742
 2577              		.loc 5 135 7 view .LVU743
 2578 01be 0429     		cmp	r1, #4
 2579 01c0 05D8     		bhi	.L125
 2580              		.loc 5 135 37 view .LVU744
 2581              		.loc 5 135 55 is_stmt 0 view .LVU745
 2582 01c2 044A     		ldr	r2, .L129+4
 2583 01c4 9B58     		ldr	r3, [r3, r2]
 2584 01c6 53F82100 		ldr	r0, [r3, r1, lsl #2]
 2585              	.LVL217:
 2586              		.loc 5 135 55 view .LVU746
 2587 01ca 7047     		bx	lr
 2588              	.LVL218:
 2589              	.L127:
 2590              		.loc 5 135 55 view .LVU747
 2591              	.LBE324:
 2592              	.LBE323:
 2593              		.loc 5 137 12 view .LVU748
 2594 01cc 0020     		movs	r0, #0
 2595              	.LVL219:
 2596              	.L125:
 2597              		.loc 5 137 12 view .LVU749
 2598              	.LBE325:
 2599              	.LBE326:
 2600              		.loc 5 197 1 view .LVU750
 2601 01ce 7047     		bx	lr
 2602              	.L130:
 2603              		.align	2
 2604              	.L129:
 2605 01d0 12000000 		.word	_GLOBAL_OFFSET_TABLE_-(.LPIC15+4)
 2606 01d4 00000000 		.word	_ZZNK6Effect20getParameterStrValueEhlE5names(GOT)
 2607              		.cfi_endproc
 2608              	.LFE548:
 2609              		.size	unit_get_param_str_value, .-unit_get_param_str_value
 2610              		.align	1
 2611              		.global	unit_set_tempo
 2612              		.syntax unified
 2613              		.thumb
 2614              		.thumb_func
 2615              		.fpu fpv4-sp-d16
 2616              		.type	unit_set_tempo, %function
 2617              	unit_set_tempo:
 2618              	.LVL220:
 2619              	.LFB549:
 2620              		.loc 5 198 53 is_stmt 1 view -0
 2621              		.cfi_startproc
 2622              		@ args = 0, pretend = 0, frame = 0
ARM GAS  /tmp/cc3q4aVX.s 			page 47


 2623              		@ frame_needed = 0, uses_anonymous_args = 0
 2624              		.loc 5 199 3 view .LVU752
 2625              		.loc 5 198 53 is_stmt 0 view .LVU753
 2626 01d8 0146     		mov	r1, r0
 2627              	.LVL221:
 2628              	.LBB327:
 2629              	.LBI327:
 2630              		.loc 5 141 15 is_stmt 1 view .LVU754
 2631              	.LBB328:
 2632              		.loc 5 142 5 view .LVU755
 2633              		.loc 5 142 20 is_stmt 0 view .LVU756
 2634 01da 0348     		ldr	r0, .L132
 2635              	.LVL222:
 2636              		.loc 5 142 20 view .LVU757
 2637              	.LBE328:
 2638              	.LBE327:
 2639              		.loc 5 198 53 view .LVU758
 2640 01dc 08B5     		push	{r3, lr}
 2641              		.cfi_def_cfa_offset 8
 2642              		.cfi_offset 3, -8
 2643              		.cfi_offset 14, -4
 2644              	.LBB330:
 2645              	.LBB329:
 2646              		.loc 5 142 20 view .LVU759
 2647              	.LPIC16:
 2648 01de 7844     		add	r0, pc
 2649 01e0 FFF7FEFF 		bl	_ZN10SpaceDelay8setTempoEm(PLT)
 2650              	.LVL223:
 2651              		.loc 5 142 20 view .LVU760
 2652              	.LBE329:
 2653              	.LBE330:
 2654              		.loc 5 200 1 view .LVU761
 2655 01e4 08BD     		pop	{r3, pc}
 2656              	.L133:
 2657 01e6 00BF     		.align	2
 2658              	.L132:
 2659 01e8 06000000 		.word	.LANCHOR1-(.LPIC16+4)
 2660              		.cfi_endproc
 2661              	.LFE549:
 2662              		.size	unit_set_tempo, .-unit_set_tempo
 2663              		.align	1
 2664              		.global	unit_tempo_4ppqn_tick
 2665              		.syntax unified
 2666              		.thumb
 2667              		.thumb_func
 2668              		.fpu fpv4-sp-d16
 2669              		.type	unit_tempo_4ppqn_tick, %function
 2670              	unit_tempo_4ppqn_tick:
 2671              	.LVL224:
 2672              	.LFB550:
 2673              		.loc 5 201 62 is_stmt 1 view -0
 2674              		.cfi_startproc
 2675              		@ args = 0, pretend = 0, frame = 0
 2676              		@ frame_needed = 0, uses_anonymous_args = 0
 2677              		@ link register save eliminated.
 2678              		.loc 5 202 3 view .LVU763
 2679              		.loc 5 145 50 view .LVU764
ARM GAS  /tmp/cc3q4aVX.s 			page 48


 2680              		.loc 5 203 1 is_stmt 0 view .LVU765
 2681 01ec 7047     		bx	lr
 2682              		.cfi_endproc
 2683              	.LFE550:
 2684              		.size	unit_tempo_4ppqn_tick, .-unit_tempo_4ppqn_tick
 2685              		.align	1
 2686              		.global	unit_touch_event
 2687              		.syntax unified
 2688              		.thumb
 2689              		.thumb_func
 2690              		.fpu fpv4-sp-d16
 2691              		.type	unit_touch_event, %function
 2692              	unit_touch_event:
 2693              	.LVL225:
 2694              	.LFB551:
 2695              		.loc 5 204 90 is_stmt 1 view -0
 2696              		.cfi_startproc
 2697              		@ args = 0, pretend = 0, frame = 0
 2698              		@ frame_needed = 0, uses_anonymous_args = 0
 2699              		@ link register save eliminated.
 2700              		.loc 5 205 3 view .LVU767
 2701              		.loc 5 147 5 view .LVU768
 2702              		.loc 5 147 15 view .LVU769
 2703              		.loc 5 147 28 view .LVU770
 2704              		.loc 5 147 37 view .LVU771
 2705              		.loc 5 206 1 is_stmt 0 view .LVU772
 2706 01ee 7047     		bx	lr
 2707              		.cfi_endproc
 2708              	.LFE551:
 2709              		.size	unit_touch_event, .-unit_touch_event
 2710              		.section	.text.startup,"ax",%progbits
 2711              		.align	1
 2712              		.syntax unified
 2713              		.thumb
 2714              		.thumb_func
 2715              		.fpu fpv4-sp-d16
 2716              		.type	_GLOBAL__sub_I_unit.cc, %function
 2717              	_GLOBAL__sub_I_unit.cc:
 2718              	.LFB553:
 2719              		.loc 5 206 1 is_stmt 1 view -0
 2720              		.cfi_startproc
 2721              		@ args = 0, pretend = 0, frame = 0
 2722              		@ frame_needed = 0, uses_anonymous_args = 0
 2723              	.LVL226:
 2724              	.LBB357:
 2725              	.LBI357:
 2726              		.loc 5 206 1 view .LVU774
 2727              	.LBB358:
 2728              	.LBI358:
 2729              		.loc 5 206 1 view .LVU775
 2730              	.LBB359:
 2731              	.LBB360:
 2732              	.LBI360:
 2733              		.loc 5 35 3 view .LVU776
 2734              	.LBB361:
 2735              	.LBB362:
 2736              	.LBB363:
ARM GAS  /tmp/cc3q4aVX.s 			page 49


 2737              	.LBI363:
 2738              		.loc 3 127 3 view .LVU777
 2739              	.LBB364:
 2740              	.LBB365:
 2741              		.loc 3 127 76 is_stmt 0 view .LVU778
 2742 0000 1A4B     		ldr	r3, .L141+8
 2743 0002 184A     		ldr	r2, .L141
 2744              	.LPIC17:
 2745 0004 7B44     		add	r3, pc
 2746              	.LBE365:
 2747              	.LBE364:
 2748              	.LBE363:
 2749              	.LBE362:
 2750              	.LBE361:
 2751              	.LBE360:
 2752              	.LBE359:
 2753              	.LBE358:
 2754              	.LBE357:
 2755              		.loc 5 206 1 view .LVU779
 2756 0006 70B5     		push	{r4, r5, r6, lr}
 2757              		.cfi_def_cfa_offset 16
 2758              		.cfi_offset 4, -16
 2759              		.cfi_offset 5, -12
 2760              		.cfi_offset 6, -8
 2761              		.cfi_offset 14, -4
 2762              	.LBB393:
 2763              	.LBB392:
 2764              	.LBB391:
 2765              	.LBB390:
 2766              	.LBB389:
 2767              	.LBB388:
 2768              	.LBB386:
 2769              	.LBB384:
 2770              	.LBB382:
 2771              		.loc 3 127 76 view .LVU780
 2772 0008 1A60     		str	r2, [r3]	@ float
 2773 000a 0025     		movs	r5, #0
 2774 000c 164A     		ldr	r2, .L141+4
 2775 000e 1C46     		mov	r4, r3
 2776              	.LBB366:
 2777              	.LBB367:
 2778              		.loc 2 11 19 view .LVU781
 2779 0010 03F19006 		add	r6, r3, #144
 2780              	.LBE367:
 2781              	.LBE366:
 2782              		.loc 3 127 76 view .LVU782
 2783 0014 5A60     		str	r2, [r3, #4]	@ float
 2784 0016 0422     		movs	r2, #4
 2785 0018 C3E90225 		strd	r2, r5, [r3, #8]
 2786              		.loc 3 127 76 is_stmt 1 view .LVU783
 2787              	.L137:
 2788              	.LBB369:
 2789              	.LBI366:
 2790              		.loc 2 11 3 view .LVU784
 2791              	.LBB368:
 2792              		.loc 2 11 14 view .LVU785
 2793              		.loc 2 11 19 is_stmt 0 view .LVU786
ARM GAS  /tmp/cc3q4aVX.s 			page 50


 2794 001c 7019     		adds	r0, r6, r5
 2795 001e 1C35     		adds	r5, r5, #28
 2796 0020 FFF7FEFF 		bl	_ZN6Biquad5resetEv(PLT)
 2797              	.LVL227:
 2798              	.LBE368:
 2799              	.LBE369:
 2800              		.loc 3 127 76 is_stmt 1 view .LVU787
 2801              		.loc 3 127 76 view .LVU788
 2802 0024 E02D     		cmp	r5, #224
 2803 0026 F9D1     		bne	.L137
 2804 0028 0025     		movs	r5, #0
 2805              	.LBB370:
 2806              	.LBB371:
 2807              		.loc 2 11 19 is_stmt 0 view .LVU789
 2808 002a 04F5B874 		add	r4, r4, #368
 2809              	.L138:
 2810              	.LBE371:
 2811              	.LBI370:
 2812              		.loc 2 11 3 is_stmt 1 view .LVU790
 2813              	.LBB372:
 2814              		.loc 2 11 14 view .LVU791
 2815              		.loc 2 11 19 is_stmt 0 view .LVU792
 2816 002e 6019     		adds	r0, r4, r5
 2817 0030 1C35     		adds	r5, r5, #28
 2818 0032 FFF7FEFF 		bl	_ZN6Biquad5resetEv(PLT)
 2819              	.LVL228:
 2820              	.LBE372:
 2821              	.LBE370:
 2822              		.loc 3 127 76 is_stmt 1 view .LVU793
 2823              		.loc 3 127 76 view .LVU794
 2824 0036 E02D     		cmp	r5, #224
 2825 0038 F9D1     		bne	.L138
 2826              	.LVL229:
 2827              	.LBB373:
 2828              	.LBI373:
 2829              		.loc 1 12 3 view .LVU795
 2830              	.LBB374:
 2831              	.LBB375:
 2832              		.loc 1 12 49 is_stmt 0 view .LVU796
 2833 003a 0D4B     		ldr	r3, .L141+12
 2834 003c 0022     		movs	r2, #0
 2835              	.LBE375:
 2836              	.LBE374:
 2837              	.LBE373:
 2838              	.LBE382:
 2839              	.LBE384:
 2840              	.LBE386:
 2841              		.loc 5 35 80 view .LVU797
 2842 003e 0121     		movs	r1, #1
 2843              	.LBB387:
 2844              	.LBB385:
 2845              	.LBB383:
 2846              	.LBB378:
 2847              	.LBB377:
 2848              	.LBB376:
 2849              		.loc 1 12 49 view .LVU798
 2850              	.LPIC22:
ARM GAS  /tmp/cc3q4aVX.s 			page 51


 2851 0040 7B44     		add	r3, pc
 2852 0042 C3E9AC22 		strd	r2, r2, [r3, #688]
 2853              	.LBE376:
 2854              	.LBE377:
 2855              	.LBE378:
 2856              	.LBB379:
 2857              	.LBB380:
 2858              	.LBB381:
 2859 0046 C3E9AE22 		strd	r2, r2, [r3, #696]
 2860 004a C3E9B022 		strd	r2, r2, [r3, #704]
 2861              	.LVL230:
 2862              		.loc 1 12 49 view .LVU799
 2863              	.LBE381:
 2864              	.LBE380:
 2865              	.LBE379:
 2866              	.LBE383:
 2867              	.LBE385:
 2868              	.LBE387:
 2869              		.loc 5 35 80 view .LVU800
 2870 004e C3F8C812 		str	r1, [r3, #712]
 2871 0052 40F2FF11 		movw	r1, #511
 2872 0056 83F8CC22 		strb	r2, [r3, #716]
 2873 005a 4FF4A972 		mov	r2, #338
 2874 005e C3E9B412 		strd	r1, r2, [r3, #720]
 2875              	.LVL231:
 2876              		.loc 5 35 80 view .LVU801
 2877              	.LBE388:
 2878              	.LBE389:
 2879              	.LBE390:
 2880              	.LBE391:
 2881              	.LBE392:
 2882              	.LBE393:
 2883              		.loc 5 206 1 view .LVU802
 2884 0062 70BD     		pop	{r4, r5, r6, pc}
 2885              	.L142:
 2886              		.align	2
 2887              	.L141:
 2888 0064 00803B47 		.word	1195081728
 2889 0068 0080BB46 		.word	1186693120
 2890 006c 64000000 		.word	.LANCHOR1-(.LPIC17+4)
 2891 0070 2C000000 		.word	.LANCHOR1-(.LPIC22+4)
 2892              		.cfi_endproc
 2893              	.LFE553:
 2894              		.size	_GLOBAL__sub_I_unit.cc, .-_GLOBAL__sub_I_unit.cc
 2895              		.section	.init_array,"aw",%init_array
 2896              		.align	2
 2897 0000 00000000 		.word	_GLOBAL__sub_I_unit.cc(target1)
 2898              		.weak	_ZZNK6Effect20getParameterStrValueEhlE5names
 2899              		.section	.rodata.str1.1,"aMS",%progbits,1
 2900              	.LC0:
 2901 0000 4F464600 		.ascii	"OFF\000"
 2902              	.LC1:
 2903 0004 4100     		.ascii	"A\000"
 2904              	.LC2:
 2905 0006 4200     		.ascii	"B\000"
 2906              	.LC3:
 2907 0008 4300     		.ascii	"C\000"
ARM GAS  /tmp/cc3q4aVX.s 			page 52


 2908              	.LC4:
 2909 000a 4400     		.ascii	"D\000"
 2910              		.section	.data.rel.local._ZZNK6Effect20getParameterStrValueEhlE5names,"awG",%progbits,_ZZNK6Effect
 2911              		.align	2
 2912              		.type	_ZZNK6Effect20getParameterStrValueEhlE5names, %object
 2913              		.size	_ZZNK6Effect20getParameterStrValueEhlE5names, 20
 2914              	_ZZNK6Effect20getParameterStrValueEhlE5names:
 2915 0000 00000000 		.word	.LC0
 2916 0004 04000000 		.word	.LC1
 2917 0008 06000000 		.word	.LC2
 2918 000c 08000000 		.word	.LC3
 2919 0010 0A000000 		.word	.LC4
 2920              		.section	.rodata
 2921              		.align	2
 2922              		.set	.LANCHOR0,. + 0
 2923              		.type	_ZL12kPatternTaps, %object
 2924              		.size	_ZL12kPatternTaps, 512
 2925              	_ZL12kPatternTaps:
 2926 0000 0000803F 		.word	1065353216
 2927 0004 3333333F 		.word	1060320051
 2928 0008 3333333F 		.word	1060320051
 2929 000c CDCC4C3F 		.word	1061997773
 2930 0010 00000040 		.word	1073741824
 2931 0014 3333333F 		.word	1060320051
 2932 0018 3333333F 		.word	1060320051
 2933 001c 9A99193F 		.word	1058642330
 2934 0020 00004040 		.word	1077936128
 2935 0024 3333333F 		.word	1060320051
 2936 0028 3333333F 		.word	1060320051
 2937 002c CDCCCC3E 		.word	1053609165
 2938 0030 00008040 		.word	1082130432
 2939 0034 3333333F 		.word	1060320051
 2940 0038 3333333F 		.word	1060320051
 2941 003c CDCC4C3E 		.word	1045220557
 2942 0040 00000000 		.space	64
 2942      00000000 
 2942      00000000 
 2942      00000000 
 2942      00000000 
 2943 0080 0000403F 		.word	1061158912
 2944 0084 CDCC4C3F 		.word	1061997773
 2945 0088 CDCCCC3E 		.word	1053609165
 2946 008c CDCC4C3F 		.word	1061997773
 2947 0090 0000C03F 		.word	1069547520
 2948 0094 CDCCCC3E 		.word	1053609165
 2949 0098 CDCC4C3F 		.word	1061997773
 2950 009c 3333333F 		.word	1060320051
 2951 00a0 00001040 		.word	1074790400
 2952 00a4 CDCC4C3F 		.word	1061997773
 2953 00a8 CDCCCC3E 		.word	1053609165
 2954 00ac 9A99193F 		.word	1058642330
 2955 00b0 00004040 		.word	1077936128
 2956 00b4 CDCCCC3E 		.word	1053609165
 2957 00b8 CDCC4C3F 		.word	1061997773
 2958 00bc 0000003F 		.word	1056964608
 2959 00c0 00000000 		.space	64
 2959      00000000 
ARM GAS  /tmp/cc3q4aVX.s 			page 53


 2959      00000000 
 2959      00000000 
 2959      00000000 
 2960 0100 83C02A3F 		.word	1059766403
 2961 0104 CDCC4C3F 		.word	1061997773
 2962 0108 0000003F 		.word	1056964608
 2963 010c CDCC4C3F 		.word	1061997773
 2964 0110 BE9FAA3F 		.word	1068146622
 2965 0114 0000003F 		.word	1056964608
 2966 0118 CDCC4C3F 		.word	1061997773
 2967 011c 3333333F 		.word	1060320051
 2968 0120 00000040 		.word	1073741824
 2969 0124 CDCC4C3F 		.word	1061997773
 2970 0128 0000003F 		.word	1056964608
 2971 012c 9A99193F 		.word	1058642330
 2972 0130 21B02A40 		.word	1076539425
 2973 0134 0000003F 		.word	1056964608
 2974 0138 CDCC4C3F 		.word	1061997773
 2975 013c 0000003F 		.word	1056964608
 2976 0140 DF4F5540 		.word	1079332831
 2977 0144 CDCC4C3F 		.word	1061997773
 2978 0148 0000003F 		.word	1056964608
 2979 014c CDCCCC3E 		.word	1053609165
 2980 0150 00008040 		.word	1082130432
 2981 0154 0000003F 		.word	1056964608
 2982 0158 CDCC4C3F 		.word	1061997773
 2983 015c 9A99993E 		.word	1050253722
 2984 0160 00000000 		.space	32
 2984      00000000 
 2984      00000000 
 2984      00000000 
 2984      00000000 
 2985 0180 0000003F 		.word	1056964608
 2986 0184 3333333F 		.word	1060320051
 2987 0188 3333333F 		.word	1060320051
 2988 018c CDCC4C3F 		.word	1061997773
 2989 0190 0000803F 		.word	1065353216
 2990 0194 3333333F 		.word	1060320051
 2991 0198 3333333F 		.word	1060320051
 2992 019c 3333333F 		.word	1060320051
 2993 01a0 0000C03F 		.word	1069547520
 2994 01a4 3333333F 		.word	1060320051
 2995 01a8 3333333F 		.word	1060320051
 2996 01ac 9A99193F 		.word	1058642330
 2997 01b0 00000040 		.word	1073741824
 2998 01b4 3333333F 		.word	1060320051
 2999 01b8 3333333F 		.word	1060320051
 3000 01bc 0000003F 		.word	1056964608
 3001 01c0 00002040 		.word	1075838976
 3002 01c4 3333333F 		.word	1060320051
 3003 01c8 3333333F 		.word	1060320051
 3004 01cc CDCCCC3E 		.word	1053609165
 3005 01d0 00004040 		.word	1077936128
 3006 01d4 3333333F 		.word	1060320051
 3007 01d8 3333333F 		.word	1060320051
 3008 01dc 9A99993E 		.word	1050253722
 3009 01e0 00006040 		.word	1080033280
ARM GAS  /tmp/cc3q4aVX.s 			page 54


 3010 01e4 3333333F 		.word	1060320051
 3011 01e8 3333333F 		.word	1060320051
 3012 01ec CDCC4C3E 		.word	1045220557
 3013 01f0 00008040 		.word	1082130432
 3014 01f4 3333333F 		.word	1060320051
 3015 01f8 3333333F 		.word	1060320051
 3016 01fc CDCCCC3D 		.word	1036831949
 3017              		.bss
 3018              		.align	2
 3019              		.set	.LANCHOR1,. + 0
 3020              		.type	_ZL17s_effect_instance, %object
 3021              		.size	_ZL17s_effect_instance, 728
 3022              	_ZL17s_effect_instance:
 3023 0000 00000000 		.space	728
 3023      00000000 
 3023      00000000 
 3023      00000000 
 3023      00000000 
 3024              		.text
 3025              	.Letext0:
 3026              		.file 7 "/usr/lib/gcc/arm-none-eabi/9.2.1/include/stdint.h"
 3027              		.file 8 "/usr/include/newlib/c++/9.2.1/cmath"
 3028              		.file 9 "/usr/include/newlib/c++/9.2.1/bits/std_abs.h"
 3029              		.file 10 "/usr/include/newlib/c++/9.2.1/cstdint"
 3030              		.file 11 "/usr/include/newlib/c++/9.2.1/cstddef"
 3031              		.file 12 "/usr/include/newlib/c++/9.2.1/cstdlib"
 3032              		.file 13 "/usr/include/newlib/c++/9.2.1/cstring"
 3033              		.file 14 "/usr/include/newlib/c++/9.2.1/arm-none-eabi/thumb/v7e-m+fp/hard/bits/c++config.h"
 3034              		.file 15 "/usr/lib/gcc/arm-none-eabi/9.2.1/include/stddef.h"
 3035              		.file 16 "/usr/include/newlib/sys/_types.h"
 3036              		.file 17 "/usr/include/newlib/sys/reent.h"
 3037              		.file 18 "/usr/include/newlib/sys/lock.h"
 3038              		.file 19 "/usr/include/newlib/math.h"
 3039              		.file 20 "/usr/include/newlib/stdlib.h"
 3040              		.file 21 "/usr/include/newlib/c++/9.2.1/math.h"
 3041              		.file 22 "/workspace/nts-3_kaoss/common/runtime.h"
 3042              		.file 23 "/workspace/nts-3_kaoss/common/osc_api.h"
 3043              		.file 24 "/workspace/nts-3_kaoss/common/fx_api.h"
 3044              		.file 25 "/workspace/nts-3_kaoss/common/unit_genericfx.h"
 3045              		.file 26 "/usr/include/newlib/string.h"
 3046              		.file 27 "<built-in>"
 3047              		.section	.debug_info,"",%progbits
 3048              	.Ldebug_info0:
 3049 0000 02550000 		.4byte	0x5502
 3050 0004 0400     		.2byte	0x4
 3051 0006 00000000 		.4byte	.Ldebug_abbrev0
 3052 000a 04       		.byte	0x4
 3053 000b 5B       		.uleb128 0x5b
 3054 000c E50A0000 		.4byte	.LASF646
 3055 0010 04       		.byte	0x4
 3056 0011 321A0000 		.4byte	.LASF647
 3057 0015 3F0D0000 		.4byte	.LASF648
 3058 0019 08040000 		.4byte	.Ldebug_ranges0+0x408
 3059 001d 00000000 		.4byte	0
 3060 0021 00000000 		.4byte	.Ldebug_line0
 3061 0025 17       		.uleb128 0x17
 3062 0026 04       		.byte	0x4
ARM GAS  /tmp/cc3q4aVX.s 			page 55


 3063 0027 04       		.byte	0x4
 3064 0028 51120000 		.4byte	.LASF0
 3065 002c 5C       		.uleb128 0x5c
 3066 002d 04       		.byte	0x4
 3067 002e 05       		.byte	0x5
 3068 002f 696E7400 		.ascii	"int\000"
 3069 0033 17       		.uleb128 0x17
 3070 0034 04       		.byte	0x4
 3071 0035 07       		.byte	0x7
 3072 0036 AE120000 		.4byte	.LASF1
 3073 003a 08       		.uleb128 0x8
 3074 003b 42000000 		.4byte	.LASF3
 3075 003f 07       		.byte	0x7
 3076 0040 22       		.byte	0x22
 3077 0041 17       		.byte	0x17
 3078 0042 46000000 		.4byte	0x46
 3079 0046 17       		.uleb128 0x17
 3080 0047 01       		.byte	0x1
 3081 0048 06       		.byte	0x6
 3082 0049 39060000 		.4byte	.LASF2
 3083 004d 08       		.uleb128 0x8
 3084 004e 971A0000 		.4byte	.LASF4
 3085 0052 07       		.byte	0x7
 3086 0053 25       		.byte	0x25
 3087 0054 18       		.byte	0x18
 3088 0055 59000000 		.4byte	0x59
 3089 0059 17       		.uleb128 0x17
 3090 005a 02       		.byte	0x2
 3091 005b 05       		.byte	0x5
 3092 005c 551A0000 		.4byte	.LASF5
 3093 0060 08       		.uleb128 0x8
 3094 0061 55010000 		.4byte	.LASF6
 3095 0065 07       		.byte	0x7
 3096 0066 28       		.byte	0x28
 3097 0067 18       		.byte	0x18
 3098 0068 71000000 		.4byte	0x71
 3099 006c 0E       		.uleb128 0xe
 3100 006d 60000000 		.4byte	0x60
 3101 0071 17       		.uleb128 0x17
 3102 0072 04       		.byte	0x4
 3103 0073 05       		.byte	0x5
 3104 0074 AB040000 		.4byte	.LASF7
 3105 0078 08       		.uleb128 0x8
 3106 0079 A11E0000 		.4byte	.LASF8
 3107 007d 07       		.byte	0x7
 3108 007e 2B       		.byte	0x2b
 3109 007f 18       		.byte	0x18
 3110 0080 84000000 		.4byte	0x84
 3111 0084 17       		.uleb128 0x17
 3112 0085 08       		.byte	0x8
 3113 0086 05       		.byte	0x5
 3114 0087 52110000 		.4byte	.LASF9
 3115 008b 08       		.uleb128 0x8
 3116 008c 50060000 		.4byte	.LASF10
 3117 0090 07       		.byte	0x7
 3118 0091 2E       		.byte	0x2e
 3119 0092 18       		.byte	0x18
ARM GAS  /tmp/cc3q4aVX.s 			page 56


 3120 0093 9C000000 		.4byte	0x9c
 3121 0097 0E       		.uleb128 0xe
 3122 0098 8B000000 		.4byte	0x8b
 3123 009c 17       		.uleb128 0x17
 3124 009d 01       		.byte	0x1
 3125 009e 08       		.byte	0x8
 3126 009f 22070000 		.4byte	.LASF11
 3127 00a3 08       		.uleb128 0x8
 3128 00a4 29170000 		.4byte	.LASF12
 3129 00a8 07       		.byte	0x7
 3130 00a9 31       		.byte	0x31
 3131 00aa 19       		.byte	0x19
 3132 00ab AF000000 		.4byte	0xaf
 3133 00af 17       		.uleb128 0x17
 3134 00b0 02       		.byte	0x2
 3135 00b1 07       		.byte	0x7
 3136 00b2 EF1D0000 		.4byte	.LASF13
 3137 00b6 08       		.uleb128 0x8
 3138 00b7 341D0000 		.4byte	.LASF14
 3139 00bb 07       		.byte	0x7
 3140 00bc 34       		.byte	0x34
 3141 00bd 19       		.byte	0x19
 3142 00be C7000000 		.4byte	0xc7
 3143 00c2 0E       		.uleb128 0xe
 3144 00c3 B6000000 		.4byte	0xb6
 3145 00c7 17       		.uleb128 0x17
 3146 00c8 04       		.byte	0x4
 3147 00c9 07       		.byte	0x7
 3148 00ca C90E0000 		.4byte	.LASF15
 3149 00ce 08       		.uleb128 0x8
 3150 00cf 661A0000 		.4byte	.LASF16
 3151 00d3 07       		.byte	0x7
 3152 00d4 37       		.byte	0x37
 3153 00d5 19       		.byte	0x19
 3154 00d6 DA000000 		.4byte	0xda
 3155 00da 17       		.uleb128 0x17
 3156 00db 08       		.byte	0x8
 3157 00dc 07       		.byte	0x7
 3158 00dd B7160000 		.4byte	.LASF17
 3159 00e1 08       		.uleb128 0x8
 3160 00e2 29150000 		.4byte	.LASF18
 3161 00e6 07       		.byte	0x7
 3162 00e7 3C       		.byte	0x3c
 3163 00e8 1D       		.byte	0x1d
 3164 00e9 46000000 		.4byte	0x46
 3165 00ed 08       		.uleb128 0x8
 3166 00ee 960A0000 		.4byte	.LASF19
 3167 00f2 07       		.byte	0x7
 3168 00f3 3D       		.byte	0x3d
 3169 00f4 1E       		.byte	0x1e
 3170 00f5 59000000 		.4byte	0x59
 3171 00f9 08       		.uleb128 0x8
 3172 00fa 93110000 		.4byte	.LASF20
 3173 00fe 07       		.byte	0x7
 3174 00ff 3E       		.byte	0x3e
 3175 0100 1E       		.byte	0x1e
 3176 0101 71000000 		.4byte	0x71
ARM GAS  /tmp/cc3q4aVX.s 			page 57


 3177 0105 08       		.uleb128 0x8
 3178 0106 8B0F0000 		.4byte	.LASF21
 3179 010a 07       		.byte	0x7
 3180 010b 3F       		.byte	0x3f
 3181 010c 1E       		.byte	0x1e
 3182 010d 84000000 		.4byte	0x84
 3183 0111 08       		.uleb128 0x8
 3184 0112 E3140000 		.4byte	.LASF22
 3185 0116 07       		.byte	0x7
 3186 0117 40       		.byte	0x40
 3187 0118 1E       		.byte	0x1e
 3188 0119 9C000000 		.4byte	0x9c
 3189 011d 08       		.uleb128 0x8
 3190 011e B0020000 		.4byte	.LASF23
 3191 0122 07       		.byte	0x7
 3192 0123 41       		.byte	0x41
 3193 0124 1F       		.byte	0x1f
 3194 0125 AF000000 		.4byte	0xaf
 3195 0129 08       		.uleb128 0x8
 3196 012a 2D090000 		.4byte	.LASF24
 3197 012e 07       		.byte	0x7
 3198 012f 42       		.byte	0x42
 3199 0130 1F       		.byte	0x1f
 3200 0131 C7000000 		.4byte	0xc7
 3201 0135 08       		.uleb128 0x8
 3202 0136 07060000 		.4byte	.LASF25
 3203 013a 07       		.byte	0x7
 3204 013b 43       		.byte	0x43
 3205 013c 1F       		.byte	0x1f
 3206 013d DA000000 		.4byte	0xda
 3207 0141 08       		.uleb128 0x8
 3208 0142 F0020000 		.4byte	.LASF26
 3209 0146 07       		.byte	0x7
 3210 0147 47       		.byte	0x47
 3211 0148 1C       		.byte	0x1c
 3212 0149 2C000000 		.4byte	0x2c
 3213 014d 0E       		.uleb128 0xe
 3214 014e 2C000000 		.4byte	0x2c
 3215 0152 08       		.uleb128 0x8
 3216 0153 91130000 		.4byte	.LASF27
 3217 0157 07       		.byte	0x7
 3218 0158 48       		.byte	0x48
 3219 0159 1D       		.byte	0x1d
 3220 015a 2C000000 		.4byte	0x2c
 3221 015e 08       		.uleb128 0x8
 3222 015f AE190000 		.4byte	.LASF28
 3223 0163 07       		.byte	0x7
 3224 0164 49       		.byte	0x49
 3225 0165 1D       		.byte	0x1d
 3226 0166 2C000000 		.4byte	0x2c
 3227 016a 08       		.uleb128 0x8
 3228 016b B4170000 		.4byte	.LASF29
 3229 016f 07       		.byte	0x7
 3230 0170 4A       		.byte	0x4a
 3231 0171 1D       		.byte	0x1d
 3232 0172 84000000 		.4byte	0x84
 3233 0176 08       		.uleb128 0x8
ARM GAS  /tmp/cc3q4aVX.s 			page 58


 3234 0177 051A0000 		.4byte	.LASF30
 3235 017b 07       		.byte	0x7
 3236 017c 4B       		.byte	0x4b
 3237 017d 1D       		.byte	0x1d
 3238 017e 33000000 		.4byte	0x33
 3239 0182 08       		.uleb128 0x8
 3240 0183 4B1D0000 		.4byte	.LASF31
 3241 0187 07       		.byte	0x7
 3242 0188 4C       		.byte	0x4c
 3243 0189 1E       		.byte	0x1e
 3244 018a 33000000 		.4byte	0x33
 3245 018e 08       		.uleb128 0x8
 3246 018f D6030000 		.4byte	.LASF32
 3247 0193 07       		.byte	0x7
 3248 0194 4D       		.byte	0x4d
 3249 0195 1E       		.byte	0x1e
 3250 0196 33000000 		.4byte	0x33
 3251 019a 08       		.uleb128 0x8
 3252 019b 47010000 		.4byte	.LASF33
 3253 019f 07       		.byte	0x7
 3254 01a0 4E       		.byte	0x4e
 3255 01a1 1E       		.byte	0x1e
 3256 01a2 DA000000 		.4byte	0xda
 3257 01a6 08       		.uleb128 0x8
 3258 01a7 E2120000 		.4byte	.LASF34
 3259 01ab 07       		.byte	0x7
 3260 01ac 53       		.byte	0x53
 3261 01ad 19       		.byte	0x19
 3262 01ae 2C000000 		.4byte	0x2c
 3263 01b2 08       		.uleb128 0x8
 3264 01b3 09100000 		.4byte	.LASF35
 3265 01b7 07       		.byte	0x7
 3266 01b8 56       		.byte	0x56
 3267 01b9 1A       		.byte	0x1a
 3268 01ba 33000000 		.4byte	0x33
 3269 01be 08       		.uleb128 0x8
 3270 01bf 4F150000 		.4byte	.LASF36
 3271 01c3 07       		.byte	0x7
 3272 01c4 5B       		.byte	0x5b
 3273 01c5 19       		.byte	0x19
 3274 01c6 84000000 		.4byte	0x84
 3275 01ca 08       		.uleb128 0x8
 3276 01cb DF110000 		.4byte	.LASF37
 3277 01cf 07       		.byte	0x7
 3278 01d0 5C       		.byte	0x5c
 3279 01d1 1A       		.byte	0x1a
 3280 01d2 DA000000 		.4byte	0xda
 3281 01d6 5D       		.uleb128 0x5d
 3282 01d7 73746400 		.ascii	"std\000"
 3283 01db 1B       		.byte	0x1b
 3284 01dc 00       		.byte	0
 3285 01dd 2C150000 		.4byte	0x152c
 3286 01e1 46       		.uleb128 0x46
 3287 01e2 46180000 		.4byte	.LASF251
 3288 01e6 0E       		.byte	0xe
 3289 01e7 1401     		.2byte	0x114
 3290 01e9 41       		.byte	0x41
ARM GAS  /tmp/cc3q4aVX.s 			page 59


 3291 01ea 47       		.uleb128 0x47
 3292 01eb 0E       		.byte	0xe
 3293 01ec 1401     		.2byte	0x114
 3294 01ee 41       		.byte	0x41
 3295 01ef E1010000 		.4byte	0x1e1
 3296 01f3 48       		.uleb128 0x48
 3297 01f4 08       		.byte	0x8
 3298 01f5 2904     		.2byte	0x429
 3299 01f7 0B       		.byte	0xb
 3300 01f8 AB1E0000 		.4byte	0x1eab
 3301 01fc 48       		.uleb128 0x48
 3302 01fd 08       		.byte	0x8
 3303 01fe 2A04     		.2byte	0x42a
 3304 0200 0B       		.byte	0xb
 3305 0201 9F1E0000 		.4byte	0x1e9f
 3306 0205 26       		.uleb128 0x26
 3307 0206 61627300 		.ascii	"abs\000"
 3308 020a 09       		.byte	0x9
 3309 020b 4F       		.byte	0x4f
 3310 020c 03       		.byte	0x3
 3311 020d 1B000000 		.4byte	.LASF38
 3312 0211 9F150000 		.4byte	0x159f
 3313 0215 1F020000 		.4byte	0x21f
 3314 0219 01       		.uleb128 0x1
 3315 021a 9F150000 		.4byte	0x159f
 3316 021e 00       		.byte	0
 3317 021f 26       		.uleb128 0x26
 3318 0220 61627300 		.ascii	"abs\000"
 3319 0224 09       		.byte	0x9
 3320 0225 4B       		.byte	0x4b
 3321 0226 03       		.byte	0x3
 3322 0227 25000000 		.4byte	.LASF39
 3323 022b 25000000 		.4byte	0x25
 3324 022f 39020000 		.4byte	0x239
 3325 0233 01       		.uleb128 0x1
 3326 0234 25000000 		.4byte	0x25
 3327 0238 00       		.byte	0
 3328 0239 26       		.uleb128 0x26
 3329 023a 61627300 		.ascii	"abs\000"
 3330 023e 09       		.byte	0x9
 3331 023f 47       		.byte	0x47
 3332 0240 03       		.byte	0x3
 3333 0241 11000000 		.4byte	.LASF40
 3334 0245 A6150000 		.4byte	0x15a6
 3335 0249 53020000 		.4byte	0x253
 3336 024d 01       		.uleb128 0x1
 3337 024e A6150000 		.4byte	0x15a6
 3338 0252 00       		.byte	0
 3339 0253 26       		.uleb128 0x26
 3340 0254 61627300 		.ascii	"abs\000"
 3341 0258 09       		.byte	0x9
 3342 0259 3D       		.byte	0x3d
 3343 025a 03       		.byte	0x3
 3344 025b 9A000000 		.4byte	.LASF41
 3345 025f 84000000 		.4byte	0x84
 3346 0263 6D020000 		.4byte	0x26d
 3347 0267 01       		.uleb128 0x1
ARM GAS  /tmp/cc3q4aVX.s 			page 60


 3348 0268 84000000 		.4byte	0x84
 3349 026c 00       		.byte	0
 3350 026d 26       		.uleb128 0x26
 3351 026e 61627300 		.ascii	"abs\000"
 3352 0272 09       		.byte	0x9
 3353 0273 38       		.byte	0x38
 3354 0274 03       		.byte	0x3
 3355 0275 4F000000 		.4byte	.LASF42
 3356 0279 71000000 		.4byte	0x71
 3357 027d 87020000 		.4byte	0x287
 3358 0281 01       		.uleb128 0x1
 3359 0282 71000000 		.4byte	0x71
 3360 0286 00       		.byte	0
 3361 0287 1C       		.uleb128 0x1c
 3362 0288 8C170000 		.4byte	.LASF43
 3363 028c 08       		.byte	0x8
 3364 028d 5B       		.byte	0x5b
 3365 028e 03       		.byte	0x3
 3366 028f 26140000 		.4byte	.LASF44
 3367 0293 9F150000 		.4byte	0x159f
 3368 0297 A1020000 		.4byte	0x2a1
 3369 029b 01       		.uleb128 0x1
 3370 029c 9F150000 		.4byte	0x159f
 3371 02a0 00       		.byte	0
 3372 02a1 1C       		.uleb128 0x1c
 3373 02a2 8C170000 		.4byte	.LASF43
 3374 02a6 08       		.byte	0x8
 3375 02a7 57       		.byte	0x57
 3376 02a8 03       		.byte	0x3
 3377 02a9 31140000 		.4byte	.LASF45
 3378 02ad 25000000 		.4byte	0x25
 3379 02b1 BB020000 		.4byte	0x2bb
 3380 02b5 01       		.uleb128 0x1
 3381 02b6 25000000 		.4byte	0x25
 3382 02ba 00       		.byte	0
 3383 02bb 1C       		.uleb128 0x1c
 3384 02bc 26180000 		.4byte	.LASF46
 3385 02c0 08       		.byte	0x8
 3386 02c1 6E       		.byte	0x6e
 3387 02c2 03       		.byte	0x3
 3388 02c3 A40A0000 		.4byte	.LASF47
 3389 02c7 9F150000 		.4byte	0x159f
 3390 02cb D5020000 		.4byte	0x2d5
 3391 02cf 01       		.uleb128 0x1
 3392 02d0 9F150000 		.4byte	0x159f
 3393 02d4 00       		.byte	0
 3394 02d5 1C       		.uleb128 0x1c
 3395 02d6 26180000 		.4byte	.LASF46
 3396 02da 08       		.byte	0x8
 3397 02db 6A       		.byte	0x6a
 3398 02dc 03       		.byte	0x3
 3399 02dd AF0A0000 		.4byte	.LASF48
 3400 02e1 25000000 		.4byte	0x25
 3401 02e5 EF020000 		.4byte	0x2ef
 3402 02e9 01       		.uleb128 0x1
 3403 02ea 25000000 		.4byte	0x25
 3404 02ee 00       		.byte	0
ARM GAS  /tmp/cc3q4aVX.s 			page 61


 3405 02ef 1C       		.uleb128 0x1c
 3406 02f0 3A160000 		.4byte	.LASF49
 3407 02f4 08       		.byte	0x8
 3408 02f5 81       		.byte	0x81
 3409 02f6 03       		.byte	0x3
 3410 02f7 62060000 		.4byte	.LASF50
 3411 02fb 9F150000 		.4byte	0x159f
 3412 02ff 09030000 		.4byte	0x309
 3413 0303 01       		.uleb128 0x1
 3414 0304 9F150000 		.4byte	0x159f
 3415 0308 00       		.byte	0
 3416 0309 1C       		.uleb128 0x1c
 3417 030a 3A160000 		.4byte	.LASF49
 3418 030e 08       		.byte	0x8
 3419 030f 7D       		.byte	0x7d
 3420 0310 03       		.byte	0x3
 3421 0311 6D060000 		.4byte	.LASF51
 3422 0315 25000000 		.4byte	0x25
 3423 0319 23030000 		.4byte	0x323
 3424 031d 01       		.uleb128 0x1
 3425 031e 25000000 		.4byte	0x25
 3426 0322 00       		.byte	0
 3427 0323 1C       		.uleb128 0x1c
 3428 0324 D90A0000 		.4byte	.LASF52
 3429 0328 08       		.byte	0x8
 3430 0329 94       		.byte	0x94
 3431 032a 03       		.byte	0x3
 3432 032b 69130000 		.4byte	.LASF53
 3433 032f 9F150000 		.4byte	0x159f
 3434 0333 42030000 		.4byte	0x342
 3435 0337 01       		.uleb128 0x1
 3436 0338 9F150000 		.4byte	0x159f
 3437 033c 01       		.uleb128 0x1
 3438 033d 9F150000 		.4byte	0x159f
 3439 0341 00       		.byte	0
 3440 0342 1C       		.uleb128 0x1c
 3441 0343 D90A0000 		.4byte	.LASF52
 3442 0347 08       		.byte	0x8
 3443 0348 90       		.byte	0x90
 3444 0349 03       		.byte	0x3
 3445 034a 8E140000 		.4byte	.LASF54
 3446 034e 25000000 		.4byte	0x25
 3447 0352 61030000 		.4byte	0x361
 3448 0356 01       		.uleb128 0x1
 3449 0357 25000000 		.4byte	0x25
 3450 035b 01       		.uleb128 0x1
 3451 035c 25000000 		.4byte	0x25
 3452 0360 00       		.byte	0
 3453 0361 26       		.uleb128 0x26
 3454 0362 636F7300 		.ascii	"cos\000"
 3455 0366 08       		.byte	0x8
 3456 0367 BC       		.byte	0xbc
 3457 0368 03       		.byte	0x3
 3458 0369 15150000 		.4byte	.LASF55
 3459 036d 9F150000 		.4byte	0x159f
 3460 0371 7B030000 		.4byte	0x37b
 3461 0375 01       		.uleb128 0x1
ARM GAS  /tmp/cc3q4aVX.s 			page 62


 3462 0376 9F150000 		.4byte	0x159f
 3463 037a 00       		.byte	0
 3464 037b 26       		.uleb128 0x26
 3465 037c 636F7300 		.ascii	"cos\000"
 3466 0380 08       		.byte	0x8
 3467 0381 B8       		.byte	0xb8
 3468 0382 03       		.byte	0x3
 3469 0383 1F150000 		.4byte	.LASF56
 3470 0387 25000000 		.4byte	0x25
 3471 038b 95030000 		.4byte	0x395
 3472 038f 01       		.uleb128 0x1
 3473 0390 25000000 		.4byte	0x25
 3474 0394 00       		.byte	0
 3475 0395 20       		.uleb128 0x20
 3476 0396 73696E00 		.ascii	"sin\000"
 3477 039a 08       		.byte	0x8
 3478 039b AD01     		.2byte	0x1ad
 3479 039d 03       		.byte	0x3
 3480 039e 8E0C0000 		.4byte	.LASF57
 3481 03a2 9F150000 		.4byte	0x159f
 3482 03a6 B0030000 		.4byte	0x3b0
 3483 03aa 01       		.uleb128 0x1
 3484 03ab 9F150000 		.4byte	0x159f
 3485 03af 00       		.byte	0
 3486 03b0 20       		.uleb128 0x20
 3487 03b1 73696E00 		.ascii	"sin\000"
 3488 03b5 08       		.byte	0x8
 3489 03b6 A901     		.2byte	0x1a9
 3490 03b8 03       		.byte	0x3
 3491 03b9 980C0000 		.4byte	.LASF58
 3492 03bd 25000000 		.4byte	0x25
 3493 03c1 CB030000 		.4byte	0x3cb
 3494 03c5 01       		.uleb128 0x1
 3495 03c6 25000000 		.4byte	0x25
 3496 03ca 00       		.byte	0
 3497 03cb 20       		.uleb128 0x20
 3498 03cc 74616E00 		.ascii	"tan\000"
 3499 03d0 08       		.byte	0x8
 3500 03d1 E601     		.2byte	0x1e6
 3501 03d3 03       		.byte	0x3
 3502 03d4 69070000 		.4byte	.LASF59
 3503 03d8 9F150000 		.4byte	0x159f
 3504 03dc E6030000 		.4byte	0x3e6
 3505 03e0 01       		.uleb128 0x1
 3506 03e1 9F150000 		.4byte	0x159f
 3507 03e5 00       		.byte	0
 3508 03e6 20       		.uleb128 0x20
 3509 03e7 74616E00 		.ascii	"tan\000"
 3510 03eb 08       		.byte	0x8
 3511 03ec E201     		.2byte	0x1e2
 3512 03ee 03       		.byte	0x3
 3513 03ef 73070000 		.4byte	.LASF60
 3514 03f3 25000000 		.4byte	0x25
 3515 03f7 01040000 		.4byte	0x401
 3516 03fb 01       		.uleb128 0x1
 3517 03fc 25000000 		.4byte	0x25
 3518 0400 00       		.byte	0
ARM GAS  /tmp/cc3q4aVX.s 			page 63


 3519 0401 1C       		.uleb128 0x1c
 3520 0402 B9080000 		.4byte	.LASF61
 3521 0406 08       		.byte	0x8
 3522 0407 CF       		.byte	0xcf
 3523 0408 03       		.byte	0x3
 3524 0409 E1190000 		.4byte	.LASF62
 3525 040d 9F150000 		.4byte	0x159f
 3526 0411 1B040000 		.4byte	0x41b
 3527 0415 01       		.uleb128 0x1
 3528 0416 9F150000 		.4byte	0x159f
 3529 041a 00       		.byte	0
 3530 041b 1C       		.uleb128 0x1c
 3531 041c B9080000 		.4byte	.LASF61
 3532 0420 08       		.byte	0x8
 3533 0421 CB       		.byte	0xcb
 3534 0422 03       		.byte	0x3
 3535 0423 EC190000 		.4byte	.LASF63
 3536 0427 25000000 		.4byte	0x25
 3537 042b 35040000 		.4byte	0x435
 3538 042f 01       		.uleb128 0x1
 3539 0430 25000000 		.4byte	0x25
 3540 0434 00       		.byte	0
 3541 0435 03       		.uleb128 0x3
 3542 0436 EA090000 		.4byte	.LASF64
 3543 043a 08       		.byte	0x8
 3544 043b C001     		.2byte	0x1c0
 3545 043d 03       		.byte	0x3
 3546 043e 57090000 		.4byte	.LASF65
 3547 0442 9F150000 		.4byte	0x159f
 3548 0446 50040000 		.4byte	0x450
 3549 044a 01       		.uleb128 0x1
 3550 044b 9F150000 		.4byte	0x159f
 3551 044f 00       		.byte	0
 3552 0450 03       		.uleb128 0x3
 3553 0451 EA090000 		.4byte	.LASF64
 3554 0455 08       		.byte	0x8
 3555 0456 BC01     		.2byte	0x1bc
 3556 0458 03       		.byte	0x3
 3557 0459 62090000 		.4byte	.LASF66
 3558 045d 25000000 		.4byte	0x25
 3559 0461 6B040000 		.4byte	0x46b
 3560 0465 01       		.uleb128 0x1
 3561 0466 25000000 		.4byte	0x25
 3562 046a 00       		.byte	0
 3563 046b 03       		.uleb128 0x3
 3564 046c C5050000 		.4byte	.LASF67
 3565 0470 08       		.byte	0x8
 3566 0471 F901     		.2byte	0x1f9
 3567 0473 03       		.byte	0x3
 3568 0474 27030000 		.4byte	.LASF68
 3569 0478 9F150000 		.4byte	0x159f
 3570 047c 86040000 		.4byte	0x486
 3571 0480 01       		.uleb128 0x1
 3572 0481 9F150000 		.4byte	0x159f
 3573 0485 00       		.byte	0
 3574 0486 03       		.uleb128 0x3
 3575 0487 C5050000 		.4byte	.LASF67
ARM GAS  /tmp/cc3q4aVX.s 			page 64


 3576 048b 08       		.byte	0x8
 3577 048c F501     		.2byte	0x1f5
 3578 048e 03       		.byte	0x3
 3579 048f 32030000 		.4byte	.LASF69
 3580 0493 25000000 		.4byte	0x25
 3581 0497 A1040000 		.4byte	0x4a1
 3582 049b 01       		.uleb128 0x1
 3583 049c 25000000 		.4byte	0x25
 3584 04a0 00       		.byte	0
 3585 04a1 26       		.uleb128 0x26
 3586 04a2 65787000 		.ascii	"exp\000"
 3587 04a6 08       		.byte	0x8
 3588 04a7 E2       		.byte	0xe2
 3589 04a8 03       		.byte	0x3
 3590 04a9 110D0000 		.4byte	.LASF70
 3591 04ad 9F150000 		.4byte	0x159f
 3592 04b1 BB040000 		.4byte	0x4bb
 3593 04b5 01       		.uleb128 0x1
 3594 04b6 9F150000 		.4byte	0x159f
 3595 04ba 00       		.byte	0
 3596 04bb 26       		.uleb128 0x26
 3597 04bc 65787000 		.ascii	"exp\000"
 3598 04c0 08       		.byte	0x8
 3599 04c1 DE       		.byte	0xde
 3600 04c2 03       		.byte	0x3
 3601 04c3 1B0D0000 		.4byte	.LASF71
 3602 04c7 25000000 		.4byte	0x25
 3603 04cb D5040000 		.4byte	0x4d5
 3604 04cf 01       		.uleb128 0x1
 3605 04d0 25000000 		.4byte	0x25
 3606 04d4 00       		.byte	0
 3607 04d5 03       		.uleb128 0x3
 3608 04d6 47170000 		.4byte	.LASF72
 3609 04da 08       		.byte	0x8
 3610 04db 3001     		.2byte	0x130
 3611 04dd 03       		.byte	0x3
 3612 04de 750E0000 		.4byte	.LASF73
 3613 04e2 9F150000 		.4byte	0x159f
 3614 04e6 F5040000 		.4byte	0x4f5
 3615 04ea 01       		.uleb128 0x1
 3616 04eb 9F150000 		.4byte	0x159f
 3617 04ef 01       		.uleb128 0x1
 3618 04f0 C5210000 		.4byte	0x21c5
 3619 04f4 00       		.byte	0
 3620 04f5 03       		.uleb128 0x3
 3621 04f6 47170000 		.4byte	.LASF72
 3622 04fa 08       		.byte	0x8
 3623 04fb 2C01     		.2byte	0x12c
 3624 04fd 03       		.byte	0x3
 3625 04fe 00140000 		.4byte	.LASF74
 3626 0502 25000000 		.4byte	0x25
 3627 0506 15050000 		.4byte	0x515
 3628 050a 01       		.uleb128 0x1
 3629 050b 25000000 		.4byte	0x25
 3630 050f 01       		.uleb128 0x1
 3631 0510 C5210000 		.4byte	0x21c5
 3632 0514 00       		.byte	0
ARM GAS  /tmp/cc3q4aVX.s 			page 65


 3633 0515 03       		.uleb128 0x3
 3634 0516 1C170000 		.4byte	.LASF75
 3635 051a 08       		.byte	0x8
 3636 051b 4301     		.2byte	0x143
 3637 051d 03       		.byte	0x3
 3638 051e A91D0000 		.4byte	.LASF76
 3639 0522 9F150000 		.4byte	0x159f
 3640 0526 35050000 		.4byte	0x535
 3641 052a 01       		.uleb128 0x1
 3642 052b 9F150000 		.4byte	0x159f
 3643 052f 01       		.uleb128 0x1
 3644 0530 2C000000 		.4byte	0x2c
 3645 0534 00       		.byte	0
 3646 0535 03       		.uleb128 0x3
 3647 0536 1C170000 		.4byte	.LASF75
 3648 053a 08       		.byte	0x8
 3649 053b 3F01     		.2byte	0x13f
 3650 053d 03       		.byte	0x3
 3651 053e A91E0000 		.4byte	.LASF77
 3652 0542 25000000 		.4byte	0x25
 3653 0546 55050000 		.4byte	0x555
 3654 054a 01       		.uleb128 0x1
 3655 054b 25000000 		.4byte	0x25
 3656 054f 01       		.uleb128 0x1
 3657 0550 2C000000 		.4byte	0x2c
 3658 0554 00       		.byte	0
 3659 0555 20       		.uleb128 0x20
 3660 0556 6C6F6700 		.ascii	"log\000"
 3661 055a 08       		.byte	0x8
 3662 055b 5601     		.2byte	0x156
 3663 055d 03       		.byte	0x3
 3664 055e 6F190000 		.4byte	.LASF78
 3665 0562 9F150000 		.4byte	0x159f
 3666 0566 70050000 		.4byte	0x570
 3667 056a 01       		.uleb128 0x1
 3668 056b 9F150000 		.4byte	0x159f
 3669 056f 00       		.byte	0
 3670 0570 20       		.uleb128 0x20
 3671 0571 6C6F6700 		.ascii	"log\000"
 3672 0575 08       		.byte	0x8
 3673 0576 5201     		.2byte	0x152
 3674 0578 03       		.byte	0x3
 3675 0579 79190000 		.4byte	.LASF79
 3676 057d 25000000 		.4byte	0x25
 3677 0581 8B050000 		.4byte	0x58b
 3678 0585 01       		.uleb128 0x1
 3679 0586 25000000 		.4byte	0x25
 3680 058a 00       		.byte	0
 3681 058b 03       		.uleb128 0x3
 3682 058c DF090000 		.4byte	.LASF80
 3683 0590 08       		.byte	0x8
 3684 0591 6901     		.2byte	0x169
 3685 0593 03       		.byte	0x3
 3686 0594 E9000000 		.4byte	.LASF81
 3687 0598 9F150000 		.4byte	0x159f
 3688 059c A6050000 		.4byte	0x5a6
 3689 05a0 01       		.uleb128 0x1
ARM GAS  /tmp/cc3q4aVX.s 			page 66


 3690 05a1 9F150000 		.4byte	0x159f
 3691 05a5 00       		.byte	0
 3692 05a6 03       		.uleb128 0x3
 3693 05a7 DF090000 		.4byte	.LASF80
 3694 05ab 08       		.byte	0x8
 3695 05ac 6501     		.2byte	0x165
 3696 05ae 03       		.byte	0x3
 3697 05af F5000000 		.4byte	.LASF82
 3698 05b3 25000000 		.4byte	0x25
 3699 05b7 C1050000 		.4byte	0x5c1
 3700 05bb 01       		.uleb128 0x1
 3701 05bc 25000000 		.4byte	0x25
 3702 05c0 00       		.byte	0
 3703 05c1 03       		.uleb128 0x3
 3704 05c2 891A0000 		.4byte	.LASF83
 3705 05c6 08       		.byte	0x8
 3706 05c7 7C01     		.2byte	0x17c
 3707 05c9 03       		.byte	0x3
 3708 05ca 4F070000 		.4byte	.LASF84
 3709 05ce 9F150000 		.4byte	0x159f
 3710 05d2 E1050000 		.4byte	0x5e1
 3711 05d6 01       		.uleb128 0x1
 3712 05d7 9F150000 		.4byte	0x159f
 3713 05db 01       		.uleb128 0x1
 3714 05dc 8D220000 		.4byte	0x228d
 3715 05e0 00       		.byte	0
 3716 05e1 03       		.uleb128 0x3
 3717 05e2 891A0000 		.4byte	.LASF83
 3718 05e6 08       		.byte	0x8
 3719 05e7 7801     		.2byte	0x178
 3720 05e9 03       		.byte	0x3
 3721 05ea 7E0F0000 		.4byte	.LASF85
 3722 05ee 25000000 		.4byte	0x25
 3723 05f2 01060000 		.4byte	0x601
 3724 05f6 01       		.uleb128 0x1
 3725 05f7 25000000 		.4byte	0x25
 3726 05fb 01       		.uleb128 0x1
 3727 05fc 9B220000 		.4byte	0x229b
 3728 0600 00       		.byte	0
 3729 0601 20       		.uleb128 0x20
 3730 0602 706F7700 		.ascii	"pow\000"
 3731 0606 08       		.byte	0x8
 3732 0607 8801     		.2byte	0x188
 3733 0609 03       		.byte	0x3
 3734 060a 2B1C0000 		.4byte	.LASF86
 3735 060e 9F150000 		.4byte	0x159f
 3736 0612 21060000 		.4byte	0x621
 3737 0616 01       		.uleb128 0x1
 3738 0617 9F150000 		.4byte	0x159f
 3739 061b 01       		.uleb128 0x1
 3740 061c 9F150000 		.4byte	0x159f
 3741 0620 00       		.byte	0
 3742 0621 20       		.uleb128 0x20
 3743 0622 706F7700 		.ascii	"pow\000"
 3744 0626 08       		.byte	0x8
 3745 0627 8401     		.2byte	0x184
 3746 0629 03       		.byte	0x3
ARM GAS  /tmp/cc3q4aVX.s 			page 67


 3747 062a 591D0000 		.4byte	.LASF87
 3748 062e 25000000 		.4byte	0x25
 3749 0632 41060000 		.4byte	0x641
 3750 0636 01       		.uleb128 0x1
 3751 0637 25000000 		.4byte	0x25
 3752 063b 01       		.uleb128 0x1
 3753 063c 25000000 		.4byte	0x25
 3754 0640 00       		.byte	0
 3755 0641 03       		.uleb128 0x3
 3756 0642 AD010000 		.4byte	.LASF88
 3757 0646 08       		.byte	0x8
 3758 0647 D301     		.2byte	0x1d3
 3759 0649 03       		.byte	0x3
 3760 064a C4110000 		.4byte	.LASF89
 3761 064e 9F150000 		.4byte	0x159f
 3762 0652 5C060000 		.4byte	0x65c
 3763 0656 01       		.uleb128 0x1
 3764 0657 9F150000 		.4byte	0x159f
 3765 065b 00       		.byte	0
 3766 065c 03       		.uleb128 0x3
 3767 065d AD010000 		.4byte	.LASF88
 3768 0661 08       		.byte	0x8
 3769 0662 CF01     		.2byte	0x1cf
 3770 0664 03       		.byte	0x3
 3771 0665 CF110000 		.4byte	.LASF90
 3772 0669 25000000 		.4byte	0x25
 3773 066d 77060000 		.4byte	0x677
 3774 0671 01       		.uleb128 0x1
 3775 0672 25000000 		.4byte	0x25
 3776 0676 00       		.byte	0
 3777 0677 1C       		.uleb128 0x1c
 3778 0678 CB1D0000 		.4byte	.LASF91
 3779 067c 08       		.byte	0x8
 3780 067d A9       		.byte	0xa9
 3781 067e 03       		.byte	0x3
 3782 067f A41B0000 		.4byte	.LASF92
 3783 0683 9F150000 		.4byte	0x159f
 3784 0687 91060000 		.4byte	0x691
 3785 068b 01       		.uleb128 0x1
 3786 068c 9F150000 		.4byte	0x159f
 3787 0690 00       		.byte	0
 3788 0691 1C       		.uleb128 0x1c
 3789 0692 CB1D0000 		.4byte	.LASF91
 3790 0696 08       		.byte	0x8
 3791 0697 A5       		.byte	0xa5
 3792 0698 03       		.byte	0x3
 3793 0699 AF1B0000 		.4byte	.LASF93
 3794 069d 25000000 		.4byte	0x25
 3795 06a1 AB060000 		.4byte	0x6ab
 3796 06a5 01       		.uleb128 0x1
 3797 06a6 25000000 		.4byte	0x25
 3798 06aa 00       		.byte	0
 3799 06ab 1C       		.uleb128 0x1c
 3800 06ac 830E0000 		.4byte	.LASF94
 3801 06b0 08       		.byte	0x8
 3802 06b1 F5       		.byte	0xf5
 3803 06b2 03       		.byte	0x3
ARM GAS  /tmp/cc3q4aVX.s 			page 68


 3804 06b3 16060000 		.4byte	.LASF95
 3805 06b7 9F150000 		.4byte	0x159f
 3806 06bb C5060000 		.4byte	0x6c5
 3807 06bf 01       		.uleb128 0x1
 3808 06c0 9F150000 		.4byte	0x159f
 3809 06c4 00       		.byte	0
 3810 06c5 1C       		.uleb128 0x1c
 3811 06c6 830E0000 		.4byte	.LASF94
 3812 06ca 08       		.byte	0x8
 3813 06cb F1       		.byte	0xf1
 3814 06cc 03       		.byte	0x3
 3815 06cd 21060000 		.4byte	.LASF96
 3816 06d1 25000000 		.4byte	0x25
 3817 06d5 DF060000 		.4byte	0x6df
 3818 06d9 01       		.uleb128 0x1
 3819 06da 25000000 		.4byte	0x25
 3820 06de 00       		.byte	0
 3821 06df 03       		.uleb128 0x3
 3822 06e0 FF0D0000 		.4byte	.LASF97
 3823 06e4 08       		.byte	0x8
 3824 06e5 0801     		.2byte	0x108
 3825 06e7 03       		.byte	0x3
 3826 06e8 1B1B0000 		.4byte	.LASF98
 3827 06ec 9F150000 		.4byte	0x159f
 3828 06f0 FA060000 		.4byte	0x6fa
 3829 06f4 01       		.uleb128 0x1
 3830 06f5 9F150000 		.4byte	0x159f
 3831 06f9 00       		.byte	0
 3832 06fa 03       		.uleb128 0x3
 3833 06fb FF0D0000 		.4byte	.LASF97
 3834 06ff 08       		.byte	0x8
 3835 0700 0401     		.2byte	0x104
 3836 0702 03       		.byte	0x3
 3837 0703 271B0000 		.4byte	.LASF99
 3838 0707 25000000 		.4byte	0x25
 3839 070b 15070000 		.4byte	0x715
 3840 070f 01       		.uleb128 0x1
 3841 0710 25000000 		.4byte	0x25
 3842 0714 00       		.byte	0
 3843 0715 03       		.uleb128 0x3
 3844 0716 1C080000 		.4byte	.LASF100
 3845 071a 08       		.byte	0x8
 3846 071b 1B01     		.2byte	0x11b
 3847 071d 03       		.byte	0x3
 3848 071e 05000000 		.4byte	.LASF101
 3849 0722 9F150000 		.4byte	0x159f
 3850 0726 35070000 		.4byte	0x735
 3851 072a 01       		.uleb128 0x1
 3852 072b 9F150000 		.4byte	0x159f
 3853 072f 01       		.uleb128 0x1
 3854 0730 9F150000 		.4byte	0x159f
 3855 0734 00       		.byte	0
 3856 0735 03       		.uleb128 0x3
 3857 0736 1C080000 		.4byte	.LASF100
 3858 073a 08       		.byte	0x8
 3859 073b 1701     		.2byte	0x117
 3860 073d 03       		.byte	0x3
ARM GAS  /tmp/cc3q4aVX.s 			page 69


 3861 073e 67110000 		.4byte	.LASF102
 3862 0742 25000000 		.4byte	0x25
 3863 0746 55070000 		.4byte	0x755
 3864 074a 01       		.uleb128 0x1
 3865 074b 25000000 		.4byte	0x25
 3866 074f 01       		.uleb128 0x1
 3867 0750 25000000 		.4byte	0x25
 3868 0754 00       		.byte	0
 3869 0755 03       		.uleb128 0x3
 3870 0756 F6060000 		.4byte	.LASF103
 3871 075a 08       		.byte	0x8
 3872 075b 2302     		.2byte	0x223
 3873 075d 03       		.byte	0x3
 3874 075e 92060000 		.4byte	.LASF104
 3875 0762 2C000000 		.4byte	0x2c
 3876 0766 70070000 		.4byte	0x770
 3877 076a 01       		.uleb128 0x1
 3878 076b 9F150000 		.4byte	0x159f
 3879 076f 00       		.byte	0
 3880 0770 03       		.uleb128 0x3
 3881 0771 F6060000 		.4byte	.LASF103
 3882 0775 08       		.byte	0x8
 3883 0776 1E02     		.2byte	0x21e
 3884 0778 03       		.byte	0x3
 3885 0779 80060000 		.4byte	.LASF105
 3886 077d 2C000000 		.4byte	0x2c
 3887 0781 8B070000 		.4byte	0x78b
 3888 0785 01       		.uleb128 0x1
 3889 0786 A6150000 		.4byte	0x15a6
 3890 078a 00       		.byte	0
 3891 078b 03       		.uleb128 0x3
 3892 078c F6060000 		.4byte	.LASF103
 3893 0790 08       		.byte	0x8
 3894 0791 1902     		.2byte	0x219
 3895 0793 03       		.byte	0x3
 3896 0794 A4060000 		.4byte	.LASF106
 3897 0798 2C000000 		.4byte	0x2c
 3898 079c A6070000 		.4byte	0x7a6
 3899 07a0 01       		.uleb128 0x1
 3900 07a1 25000000 		.4byte	0x25
 3901 07a5 00       		.byte	0
 3902 07a6 03       		.uleb128 0x3
 3903 07a7 8E1A0000 		.4byte	.LASF107
 3904 07ab 08       		.byte	0x8
 3905 07ac 3A02     		.2byte	0x23a
 3906 07ae 03       		.byte	0x3
 3907 07af FE160000 		.4byte	.LASF108
 3908 07b3 08240000 		.4byte	0x2408
 3909 07b7 C1070000 		.4byte	0x7c1
 3910 07bb 01       		.uleb128 0x1
 3911 07bc 9F150000 		.4byte	0x159f
 3912 07c0 00       		.byte	0
 3913 07c1 03       		.uleb128 0x3
 3914 07c2 8E1A0000 		.4byte	.LASF107
 3915 07c6 08       		.byte	0x8
 3916 07c7 3602     		.2byte	0x236
 3917 07c9 03       		.byte	0x3
ARM GAS  /tmp/cc3q4aVX.s 			page 70


 3918 07ca EF160000 		.4byte	.LASF109
 3919 07ce 08240000 		.4byte	0x2408
 3920 07d2 DC070000 		.4byte	0x7dc
 3921 07d6 01       		.uleb128 0x1
 3922 07d7 A6150000 		.4byte	0x15a6
 3923 07db 00       		.byte	0
 3924 07dc 03       		.uleb128 0x3
 3925 07dd 8E1A0000 		.4byte	.LASF107
 3926 07e1 08       		.byte	0x8
 3927 07e2 3202     		.2byte	0x232
 3928 07e4 03       		.byte	0x3
 3929 07e5 0D170000 		.4byte	.LASF110
 3930 07e9 08240000 		.4byte	0x2408
 3931 07ed F7070000 		.4byte	0x7f7
 3932 07f1 01       		.uleb128 0x1
 3933 07f2 25000000 		.4byte	0x25
 3934 07f6 00       		.byte	0
 3935 07f7 03       		.uleb128 0x3
 3936 07f8 C6060000 		.4byte	.LASF111
 3937 07fc 08       		.byte	0x8
 3938 07fd 5502     		.2byte	0x255
 3939 07ff 03       		.byte	0x3
 3940 0800 700A0000 		.4byte	.LASF112
 3941 0804 08240000 		.4byte	0x2408
 3942 0808 12080000 		.4byte	0x812
 3943 080c 01       		.uleb128 0x1
 3944 080d 9F150000 		.4byte	0x159f
 3945 0811 00       		.byte	0
 3946 0812 03       		.uleb128 0x3
 3947 0813 C6060000 		.4byte	.LASF111
 3948 0817 08       		.byte	0x8
 3949 0818 5002     		.2byte	0x250
 3950 081a 03       		.byte	0x3
 3951 081b 640A0000 		.4byte	.LASF113
 3952 081f 08240000 		.4byte	0x2408
 3953 0823 2D080000 		.4byte	0x82d
 3954 0827 01       		.uleb128 0x1
 3955 0828 A6150000 		.4byte	0x15a6
 3956 082c 00       		.byte	0
 3957 082d 03       		.uleb128 0x3
 3958 082e C6060000 		.4byte	.LASF111
 3959 0832 08       		.byte	0x8
 3960 0833 4802     		.2byte	0x248
 3961 0835 03       		.byte	0x3
 3962 0836 7C0A0000 		.4byte	.LASF114
 3963 083a 08240000 		.4byte	0x2408
 3964 083e 48080000 		.4byte	0x848
 3965 0842 01       		.uleb128 0x1
 3966 0843 25000000 		.4byte	0x25
 3967 0847 00       		.byte	0
 3968 0848 03       		.uleb128 0x3
 3969 0849 A8190000 		.4byte	.LASF115
 3970 084d 08       		.byte	0x8
 3971 084e 7002     		.2byte	0x270
 3972 0850 03       		.byte	0x3
 3973 0851 08110000 		.4byte	.LASF116
 3974 0855 08240000 		.4byte	0x2408
ARM GAS  /tmp/cc3q4aVX.s 			page 71


 3975 0859 63080000 		.4byte	0x863
 3976 085d 01       		.uleb128 0x1
 3977 085e 9F150000 		.4byte	0x159f
 3978 0862 00       		.byte	0
 3979 0863 03       		.uleb128 0x3
 3980 0864 A8190000 		.4byte	.LASF115
 3981 0868 08       		.byte	0x8
 3982 0869 6B02     		.2byte	0x26b
 3983 086b 03       		.byte	0x3
 3984 086c FC100000 		.4byte	.LASF117
 3985 0870 08240000 		.4byte	0x2408
 3986 0874 7E080000 		.4byte	0x87e
 3987 0878 01       		.uleb128 0x1
 3988 0879 A6150000 		.4byte	0x15a6
 3989 087d 00       		.byte	0
 3990 087e 03       		.uleb128 0x3
 3991 087f A8190000 		.4byte	.LASF115
 3992 0883 08       		.byte	0x8
 3993 0884 6302     		.2byte	0x263
 3994 0886 03       		.byte	0x3
 3995 0887 14110000 		.4byte	.LASF118
 3996 088b 08240000 		.4byte	0x2408
 3997 088f 99080000 		.4byte	0x899
 3998 0893 01       		.uleb128 0x1
 3999 0894 25000000 		.4byte	0x25
 4000 0898 00       		.byte	0
 4001 0899 03       		.uleb128 0x3
 4002 089a A71F0000 		.4byte	.LASF119
 4003 089e 08       		.byte	0x8
 4004 089f 8602     		.2byte	0x286
 4005 08a1 03       		.byte	0x3
 4006 08a2 CF070000 		.4byte	.LASF120
 4007 08a6 08240000 		.4byte	0x2408
 4008 08aa B4080000 		.4byte	0x8b4
 4009 08ae 01       		.uleb128 0x1
 4010 08af 9F150000 		.4byte	0x159f
 4011 08b3 00       		.byte	0
 4012 08b4 03       		.uleb128 0x3
 4013 08b5 A71F0000 		.4byte	.LASF119
 4014 08b9 08       		.byte	0x8
 4015 08ba 8202     		.2byte	0x282
 4016 08bc 03       		.byte	0x3
 4017 08bd C0070000 		.4byte	.LASF121
 4018 08c1 08240000 		.4byte	0x2408
 4019 08c5 CF080000 		.4byte	0x8cf
 4020 08c9 01       		.uleb128 0x1
 4021 08ca A6150000 		.4byte	0x15a6
 4022 08ce 00       		.byte	0
 4023 08cf 03       		.uleb128 0x3
 4024 08d0 A71F0000 		.4byte	.LASF119
 4025 08d4 08       		.byte	0x8
 4026 08d5 7E02     		.2byte	0x27e
 4027 08d7 03       		.byte	0x3
 4028 08d8 DE070000 		.4byte	.LASF122
 4029 08dc 08240000 		.4byte	0x2408
 4030 08e0 EA080000 		.4byte	0x8ea
 4031 08e4 01       		.uleb128 0x1
ARM GAS  /tmp/cc3q4aVX.s 			page 72


 4032 08e5 25000000 		.4byte	0x25
 4033 08e9 00       		.byte	0
 4034 08ea 03       		.uleb128 0x3
 4035 08eb 7C050000 		.4byte	.LASF123
 4036 08ef 08       		.byte	0x8
 4037 08f0 9D02     		.2byte	0x29d
 4038 08f2 03       		.byte	0x3
 4039 08f3 7E000000 		.4byte	.LASF124
 4040 08f7 08240000 		.4byte	0x2408
 4041 08fb 05090000 		.4byte	0x905
 4042 08ff 01       		.uleb128 0x1
 4043 0900 9F150000 		.4byte	0x159f
 4044 0904 00       		.byte	0
 4045 0905 03       		.uleb128 0x3
 4046 0906 7C050000 		.4byte	.LASF123
 4047 090a 08       		.byte	0x8
 4048 090b 9902     		.2byte	0x299
 4049 090d 03       		.byte	0x3
 4050 090e 70000000 		.4byte	.LASF125
 4051 0912 08240000 		.4byte	0x2408
 4052 0916 20090000 		.4byte	0x920
 4053 091a 01       		.uleb128 0x1
 4054 091b A6150000 		.4byte	0x15a6
 4055 091f 00       		.byte	0
 4056 0920 03       		.uleb128 0x3
 4057 0921 7C050000 		.4byte	.LASF123
 4058 0925 08       		.byte	0x8
 4059 0926 9502     		.2byte	0x295
 4060 0928 03       		.byte	0x3
 4061 0929 8C000000 		.4byte	.LASF126
 4062 092d 08240000 		.4byte	0x2408
 4063 0931 3B090000 		.4byte	0x93b
 4064 0935 01       		.uleb128 0x1
 4065 0936 25000000 		.4byte	0x25
 4066 093a 00       		.byte	0
 4067 093b 03       		.uleb128 0x3
 4068 093c A3090000 		.4byte	.LASF127
 4069 0940 08       		.byte	0x8
 4070 0941 B302     		.2byte	0x2b3
 4071 0943 03       		.byte	0x3
 4072 0944 F40E0000 		.4byte	.LASF128
 4073 0948 08240000 		.4byte	0x2408
 4074 094c 5B090000 		.4byte	0x95b
 4075 0950 01       		.uleb128 0x1
 4076 0951 9F150000 		.4byte	0x159f
 4077 0955 01       		.uleb128 0x1
 4078 0956 9F150000 		.4byte	0x159f
 4079 095a 00       		.byte	0
 4080 095b 03       		.uleb128 0x3
 4081 095c A3090000 		.4byte	.LASF127
 4082 0960 08       		.byte	0x8
 4083 0961 AF02     		.2byte	0x2af
 4084 0963 03       		.byte	0x3
 4085 0964 EE0D0000 		.4byte	.LASF129
 4086 0968 08240000 		.4byte	0x2408
 4087 096c 7B090000 		.4byte	0x97b
 4088 0970 01       		.uleb128 0x1
ARM GAS  /tmp/cc3q4aVX.s 			page 73


 4089 0971 A6150000 		.4byte	0x15a6
 4090 0975 01       		.uleb128 0x1
 4091 0976 A6150000 		.4byte	0x15a6
 4092 097a 00       		.byte	0
 4093 097b 03       		.uleb128 0x3
 4094 097c A3090000 		.4byte	.LASF127
 4095 0980 08       		.byte	0x8
 4096 0981 AB02     		.2byte	0x2ab
 4097 0983 03       		.byte	0x3
 4098 0984 13100000 		.4byte	.LASF130
 4099 0988 08240000 		.4byte	0x2408
 4100 098c 9B090000 		.4byte	0x99b
 4101 0990 01       		.uleb128 0x1
 4102 0991 25000000 		.4byte	0x25
 4103 0995 01       		.uleb128 0x1
 4104 0996 25000000 		.4byte	0x25
 4105 099a 00       		.byte	0
 4106 099b 03       		.uleb128 0x3
 4107 099c C7140000 		.4byte	.LASF131
 4108 09a0 08       		.byte	0x8
 4109 09a1 CD02     		.2byte	0x2cd
 4110 09a3 03       		.byte	0x3
 4111 09a4 041B0000 		.4byte	.LASF132
 4112 09a8 08240000 		.4byte	0x2408
 4113 09ac BB090000 		.4byte	0x9bb
 4114 09b0 01       		.uleb128 0x1
 4115 09b1 9F150000 		.4byte	0x159f
 4116 09b5 01       		.uleb128 0x1
 4117 09b6 9F150000 		.4byte	0x159f
 4118 09ba 00       		.byte	0
 4119 09bb 03       		.uleb128 0x3
 4120 09bc C7140000 		.4byte	.LASF131
 4121 09c0 08       		.byte	0x8
 4122 09c1 C902     		.2byte	0x2c9
 4123 09c3 03       		.byte	0x3
 4124 09c4 F4120000 		.4byte	.LASF133
 4125 09c8 08240000 		.4byte	0x2408
 4126 09cc DB090000 		.4byte	0x9db
 4127 09d0 01       		.uleb128 0x1
 4128 09d1 A6150000 		.4byte	0x15a6
 4129 09d5 01       		.uleb128 0x1
 4130 09d6 A6150000 		.4byte	0x15a6
 4131 09da 00       		.byte	0
 4132 09db 03       		.uleb128 0x3
 4133 09dc C7140000 		.4byte	.LASF131
 4134 09e0 08       		.byte	0x8
 4135 09e1 C502     		.2byte	0x2c5
 4136 09e3 03       		.byte	0x3
 4137 09e4 841C0000 		.4byte	.LASF134
 4138 09e8 08240000 		.4byte	0x2408
 4139 09ec FB090000 		.4byte	0x9fb
 4140 09f0 01       		.uleb128 0x1
 4141 09f1 25000000 		.4byte	0x25
 4142 09f5 01       		.uleb128 0x1
 4143 09f6 25000000 		.4byte	0x25
 4144 09fa 00       		.byte	0
 4145 09fb 03       		.uleb128 0x3
ARM GAS  /tmp/cc3q4aVX.s 			page 74


 4146 09fc 7D1D0000 		.4byte	.LASF135
 4147 0a00 08       		.byte	0x8
 4148 0a01 E702     		.2byte	0x2e7
 4149 0a03 03       		.byte	0x3
 4150 0a04 A61A0000 		.4byte	.LASF136
 4151 0a08 08240000 		.4byte	0x2408
 4152 0a0c 1B0A0000 		.4byte	0xa1b
 4153 0a10 01       		.uleb128 0x1
 4154 0a11 9F150000 		.4byte	0x159f
 4155 0a15 01       		.uleb128 0x1
 4156 0a16 9F150000 		.4byte	0x159f
 4157 0a1a 00       		.byte	0
 4158 0a1b 03       		.uleb128 0x3
 4159 0a1c 7D1D0000 		.4byte	.LASF135
 4160 0a20 08       		.byte	0x8
 4161 0a21 E302     		.2byte	0x2e3
 4162 0a23 03       		.byte	0x3
 4163 0a24 BB190000 		.4byte	.LASF137
 4164 0a28 08240000 		.4byte	0x2408
 4165 0a2c 3B0A0000 		.4byte	0xa3b
 4166 0a30 01       		.uleb128 0x1
 4167 0a31 A6150000 		.4byte	0x15a6
 4168 0a35 01       		.uleb128 0x1
 4169 0a36 A6150000 		.4byte	0x15a6
 4170 0a3a 00       		.byte	0
 4171 0a3b 03       		.uleb128 0x3
 4172 0a3c 7D1D0000 		.4byte	.LASF135
 4173 0a40 08       		.byte	0x8
 4174 0a41 DF02     		.2byte	0x2df
 4175 0a43 03       		.byte	0x3
 4176 0a44 961B0000 		.4byte	.LASF138
 4177 0a48 08240000 		.4byte	0x2408
 4178 0a4c 5B0A0000 		.4byte	0xa5b
 4179 0a50 01       		.uleb128 0x1
 4180 0a51 25000000 		.4byte	0x25
 4181 0a55 01       		.uleb128 0x1
 4182 0a56 25000000 		.4byte	0x25
 4183 0a5a 00       		.byte	0
 4184 0a5b 03       		.uleb128 0x3
 4185 0a5c 7D070000 		.4byte	.LASF139
 4186 0a60 08       		.byte	0x8
 4187 0a61 0103     		.2byte	0x301
 4188 0a63 03       		.byte	0x3
 4189 0a64 9E160000 		.4byte	.LASF140
 4190 0a68 08240000 		.4byte	0x2408
 4191 0a6c 7B0A0000 		.4byte	0xa7b
 4192 0a70 01       		.uleb128 0x1
 4193 0a71 9F150000 		.4byte	0x159f
 4194 0a75 01       		.uleb128 0x1
 4195 0a76 9F150000 		.4byte	0x159f
 4196 0a7a 00       		.byte	0
 4197 0a7b 03       		.uleb128 0x3
 4198 0a7c 7D070000 		.4byte	.LASF139
 4199 0a80 08       		.byte	0x8
 4200 0a81 FD02     		.2byte	0x2fd
 4201 0a83 03       		.byte	0x3
 4202 0a84 A7150000 		.4byte	.LASF141
ARM GAS  /tmp/cc3q4aVX.s 			page 75


 4203 0a88 08240000 		.4byte	0x2408
 4204 0a8c 9B0A0000 		.4byte	0xa9b
 4205 0a90 01       		.uleb128 0x1
 4206 0a91 A6150000 		.4byte	0x15a6
 4207 0a95 01       		.uleb128 0x1
 4208 0a96 A6150000 		.4byte	0x15a6
 4209 0a9a 00       		.byte	0
 4210 0a9b 03       		.uleb128 0x3
 4211 0a9c 7D070000 		.4byte	.LASF139
 4212 0aa0 08       		.byte	0x8
 4213 0aa1 F902     		.2byte	0x2f9
 4214 0aa3 03       		.byte	0x3
 4215 0aa4 D0170000 		.4byte	.LASF142
 4216 0aa8 08240000 		.4byte	0x2408
 4217 0aac BB0A0000 		.4byte	0xabb
 4218 0ab0 01       		.uleb128 0x1
 4219 0ab1 25000000 		.4byte	0x25
 4220 0ab5 01       		.uleb128 0x1
 4221 0ab6 25000000 		.4byte	0x25
 4222 0aba 00       		.byte	0
 4223 0abb 03       		.uleb128 0x3
 4224 0abc 880A0000 		.4byte	.LASF143
 4225 0ac0 08       		.byte	0x8
 4226 0ac1 1B03     		.2byte	0x31b
 4227 0ac3 03       		.byte	0x3
 4228 0ac4 DF1B0000 		.4byte	.LASF144
 4229 0ac8 08240000 		.4byte	0x2408
 4230 0acc DB0A0000 		.4byte	0xadb
 4231 0ad0 01       		.uleb128 0x1
 4232 0ad1 9F150000 		.4byte	0x159f
 4233 0ad5 01       		.uleb128 0x1
 4234 0ad6 9F150000 		.4byte	0x159f
 4235 0ada 00       		.byte	0
 4236 0adb 03       		.uleb128 0x3
 4237 0adc 880A0000 		.4byte	.LASF143
 4238 0ae0 08       		.byte	0x8
 4239 0ae1 1703     		.2byte	0x317
 4240 0ae3 03       		.byte	0x3
 4241 0ae4 440C0000 		.4byte	.LASF145
 4242 0ae8 08240000 		.4byte	0x2408
 4243 0aec FB0A0000 		.4byte	0xafb
 4244 0af0 01       		.uleb128 0x1
 4245 0af1 A6150000 		.4byte	0x15a6
 4246 0af5 01       		.uleb128 0x1
 4247 0af6 A6150000 		.4byte	0x15a6
 4248 0afa 00       		.byte	0
 4249 0afb 03       		.uleb128 0x3
 4250 0afc 880A0000 		.4byte	.LASF143
 4251 0b00 08       		.byte	0x8
 4252 0b01 1303     		.2byte	0x313
 4253 0b03 03       		.byte	0x3
 4254 0b04 5F0E0000 		.4byte	.LASF146
 4255 0b08 08240000 		.4byte	0x2408
 4256 0b0c 1B0B0000 		.4byte	0xb1b
 4257 0b10 01       		.uleb128 0x1
 4258 0b11 25000000 		.4byte	0x25
 4259 0b15 01       		.uleb128 0x1
ARM GAS  /tmp/cc3q4aVX.s 			page 76


 4260 0b16 25000000 		.4byte	0x25
 4261 0b1a 00       		.byte	0
 4262 0b1b 03       		.uleb128 0x3
 4263 0b1c 28020000 		.4byte	.LASF147
 4264 0b20 08       		.byte	0x8
 4265 0b21 3503     		.2byte	0x335
 4266 0b23 03       		.byte	0x3
 4267 0b24 97040000 		.4byte	.LASF148
 4268 0b28 08240000 		.4byte	0x2408
 4269 0b2c 3B0B0000 		.4byte	0xb3b
 4270 0b30 01       		.uleb128 0x1
 4271 0b31 9F150000 		.4byte	0x159f
 4272 0b35 01       		.uleb128 0x1
 4273 0b36 9F150000 		.4byte	0x159f
 4274 0b3a 00       		.byte	0
 4275 0b3b 03       		.uleb128 0x3
 4276 0b3c 28020000 		.4byte	.LASF147
 4277 0b40 08       		.byte	0x8
 4278 0b41 3103     		.2byte	0x331
 4279 0b43 03       		.byte	0x3
 4280 0b44 B4030000 		.4byte	.LASF149
 4281 0b48 08240000 		.4byte	0x2408
 4282 0b4c 5B0B0000 		.4byte	0xb5b
 4283 0b50 01       		.uleb128 0x1
 4284 0b51 A6150000 		.4byte	0x15a6
 4285 0b55 01       		.uleb128 0x1
 4286 0b56 A6150000 		.4byte	0x15a6
 4287 0b5a 00       		.byte	0
 4288 0b5b 03       		.uleb128 0x3
 4289 0b5c 28020000 		.4byte	.LASF147
 4290 0b60 08       		.byte	0x8
 4291 0b61 2D03     		.2byte	0x32d
 4292 0b63 03       		.byte	0x3
 4293 0b64 A5050000 		.4byte	.LASF150
 4294 0b68 08240000 		.4byte	0x2408
 4295 0b6c 7B0B0000 		.4byte	0xb7b
 4296 0b70 01       		.uleb128 0x1
 4297 0b71 25000000 		.4byte	0x25
 4298 0b75 01       		.uleb128 0x1
 4299 0b76 25000000 		.4byte	0x25
 4300 0b7a 00       		.byte	0
 4301 0b7b 03       		.uleb128 0x3
 4302 0b7c 81180000 		.4byte	.LASF151
 4303 0b80 08       		.byte	0x8
 4304 0b81 C204     		.2byte	0x4c2
 4305 0b83 03       		.byte	0x3
 4306 0b84 B01F0000 		.4byte	.LASF152
 4307 0b88 9F150000 		.4byte	0x159f
 4308 0b8c 960B0000 		.4byte	0xb96
 4309 0b90 01       		.uleb128 0x1
 4310 0b91 9F150000 		.4byte	0x159f
 4311 0b95 00       		.byte	0
 4312 0b96 03       		.uleb128 0x3
 4313 0b97 81180000 		.4byte	.LASF151
 4314 0b9b 08       		.byte	0x8
 4315 0b9c BE04     		.2byte	0x4be
 4316 0b9e 03       		.byte	0x3
ARM GAS  /tmp/cc3q4aVX.s 			page 77


 4317 0b9f BC1F0000 		.4byte	.LASF153
 4318 0ba3 25000000 		.4byte	0x25
 4319 0ba7 B10B0000 		.4byte	0xbb1
 4320 0bab 01       		.uleb128 0x1
 4321 0bac 25000000 		.4byte	0x25
 4322 0bb0 00       		.byte	0
 4323 0bb1 03       		.uleb128 0x3
 4324 0bb2 24100000 		.4byte	.LASF154
 4325 0bb6 08       		.byte	0x8
 4326 0bb7 D404     		.2byte	0x4d4
 4327 0bb9 03       		.byte	0x3
 4328 0bba C9190000 		.4byte	.LASF155
 4329 0bbe 9F150000 		.4byte	0x159f
 4330 0bc2 CC0B0000 		.4byte	0xbcc
 4331 0bc6 01       		.uleb128 0x1
 4332 0bc7 9F150000 		.4byte	0x159f
 4333 0bcb 00       		.byte	0
 4334 0bcc 03       		.uleb128 0x3
 4335 0bcd 24100000 		.4byte	.LASF154
 4336 0bd1 08       		.byte	0x8
 4337 0bd2 D004     		.2byte	0x4d0
 4338 0bd4 03       		.byte	0x3
 4339 0bd5 D5190000 		.4byte	.LASF156
 4340 0bd9 25000000 		.4byte	0x25
 4341 0bdd E70B0000 		.4byte	0xbe7
 4342 0be1 01       		.uleb128 0x1
 4343 0be2 25000000 		.4byte	0x25
 4344 0be6 00       		.byte	0
 4345 0be7 03       		.uleb128 0x3
 4346 0be8 B60C0000 		.4byte	.LASF157
 4347 0bec 08       		.byte	0x8
 4348 0bed E604     		.2byte	0x4e6
 4349 0bef 03       		.byte	0x3
 4350 0bf0 0E140000 		.4byte	.LASF158
 4351 0bf4 9F150000 		.4byte	0x159f
 4352 0bf8 020C0000 		.4byte	0xc02
 4353 0bfc 01       		.uleb128 0x1
 4354 0bfd 9F150000 		.4byte	0x159f
 4355 0c01 00       		.byte	0
 4356 0c02 03       		.uleb128 0x3
 4357 0c03 B60C0000 		.4byte	.LASF157
 4358 0c07 08       		.byte	0x8
 4359 0c08 E204     		.2byte	0x4e2
 4360 0c0a 03       		.byte	0x3
 4361 0c0b 1A140000 		.4byte	.LASF159
 4362 0c0f 25000000 		.4byte	0x25
 4363 0c13 1D0C0000 		.4byte	0xc1d
 4364 0c17 01       		.uleb128 0x1
 4365 0c18 25000000 		.4byte	0x25
 4366 0c1c 00       		.byte	0
 4367 0c1d 03       		.uleb128 0x3
 4368 0c1e 89140000 		.4byte	.LASF160
 4369 0c22 08       		.byte	0x8
 4370 0c23 F804     		.2byte	0x4f8
 4371 0c25 03       		.byte	0x3
 4372 0c26 530F0000 		.4byte	.LASF161
 4373 0c2a 9F150000 		.4byte	0x159f
ARM GAS  /tmp/cc3q4aVX.s 			page 78


 4374 0c2e 380C0000 		.4byte	0xc38
 4375 0c32 01       		.uleb128 0x1
 4376 0c33 9F150000 		.4byte	0x159f
 4377 0c37 00       		.byte	0
 4378 0c38 03       		.uleb128 0x3
 4379 0c39 89140000 		.4byte	.LASF160
 4380 0c3d 08       		.byte	0x8
 4381 0c3e F404     		.2byte	0x4f4
 4382 0c40 03       		.byte	0x3
 4383 0c41 5E0F0000 		.4byte	.LASF162
 4384 0c45 25000000 		.4byte	0x25
 4385 0c49 530C0000 		.4byte	0xc53
 4386 0c4d 01       		.uleb128 0x1
 4387 0c4e 25000000 		.4byte	0x25
 4388 0c52 00       		.byte	0
 4389 0c53 03       		.uleb128 0x3
 4390 0c54 EB170000 		.4byte	.LASF163
 4391 0c58 08       		.byte	0x8
 4392 0c59 0A05     		.2byte	0x50a
 4393 0c5b 03       		.byte	0x3
 4394 0c5c 3F0A0000 		.4byte	.LASF164
 4395 0c60 9F150000 		.4byte	0x159f
 4396 0c64 730C0000 		.4byte	0xc73
 4397 0c68 01       		.uleb128 0x1
 4398 0c69 9F150000 		.4byte	0x159f
 4399 0c6d 01       		.uleb128 0x1
 4400 0c6e 9F150000 		.4byte	0x159f
 4401 0c72 00       		.byte	0
 4402 0c73 03       		.uleb128 0x3
 4403 0c74 EB170000 		.4byte	.LASF163
 4404 0c78 08       		.byte	0x8
 4405 0c79 0605     		.2byte	0x506
 4406 0c7b 03       		.byte	0x3
 4407 0c7c 660C0000 		.4byte	.LASF165
 4408 0c80 25000000 		.4byte	0x25
 4409 0c84 930C0000 		.4byte	0xc93
 4410 0c88 01       		.uleb128 0x1
 4411 0c89 25000000 		.4byte	0x25
 4412 0c8d 01       		.uleb128 0x1
 4413 0c8e 25000000 		.4byte	0x25
 4414 0c92 00       		.byte	0
 4415 0c93 20       		.uleb128 0x20
 4416 0c94 65726600 		.ascii	"erf\000"
 4417 0c98 08       		.byte	0x8
 4418 0c99 1E05     		.2byte	0x51e
 4419 0c9b 03       		.byte	0x3
 4420 0c9c 7F1A0000 		.4byte	.LASF166
 4421 0ca0 9F150000 		.4byte	0x159f
 4422 0ca4 AE0C0000 		.4byte	0xcae
 4423 0ca8 01       		.uleb128 0x1
 4424 0ca9 9F150000 		.4byte	0x159f
 4425 0cad 00       		.byte	0
 4426 0cae 20       		.uleb128 0x20
 4427 0caf 65726600 		.ascii	"erf\000"
 4428 0cb3 08       		.byte	0x8
 4429 0cb4 1A05     		.2byte	0x51a
 4430 0cb6 03       		.byte	0x3
ARM GAS  /tmp/cc3q4aVX.s 			page 79


 4431 0cb7 D91E0000 		.4byte	.LASF167
 4432 0cbb 25000000 		.4byte	0x25
 4433 0cbf C90C0000 		.4byte	0xcc9
 4434 0cc3 01       		.uleb128 0x1
 4435 0cc4 25000000 		.4byte	0x25
 4436 0cc8 00       		.byte	0
 4437 0cc9 03       		.uleb128 0x3
 4438 0cca F20F0000 		.4byte	.LASF168
 4439 0cce 08       		.byte	0x8
 4440 0ccf 3005     		.2byte	0x530
 4441 0cd1 03       		.byte	0x3
 4442 0cd2 0C070000 		.4byte	.LASF169
 4443 0cd6 9F150000 		.4byte	0x159f
 4444 0cda E40C0000 		.4byte	0xce4
 4445 0cde 01       		.uleb128 0x1
 4446 0cdf 9F150000 		.4byte	0x159f
 4447 0ce3 00       		.byte	0
 4448 0ce4 03       		.uleb128 0x3
 4449 0ce5 F20F0000 		.4byte	.LASF168
 4450 0ce9 08       		.byte	0x8
 4451 0cea 2C05     		.2byte	0x52c
 4452 0cec 03       		.byte	0x3
 4453 0ced 17070000 		.4byte	.LASF170
 4454 0cf1 25000000 		.4byte	0x25
 4455 0cf5 FF0C0000 		.4byte	0xcff
 4456 0cf9 01       		.uleb128 0x1
 4457 0cfa 25000000 		.4byte	0x25
 4458 0cfe 00       		.byte	0
 4459 0cff 03       		.uleb128 0x3
 4460 0d00 EF1E0000 		.4byte	.LASF171
 4461 0d04 08       		.byte	0x8
 4462 0d05 4205     		.2byte	0x542
 4463 0d07 03       		.byte	0x3
 4464 0d08 CB150000 		.4byte	.LASF172
 4465 0d0c 9F150000 		.4byte	0x159f
 4466 0d10 1A0D0000 		.4byte	0xd1a
 4467 0d14 01       		.uleb128 0x1
 4468 0d15 9F150000 		.4byte	0x159f
 4469 0d19 00       		.byte	0
 4470 0d1a 03       		.uleb128 0x3
 4471 0d1b EF1E0000 		.4byte	.LASF171
 4472 0d1f 08       		.byte	0x8
 4473 0d20 3E05     		.2byte	0x53e
 4474 0d22 03       		.byte	0x3
 4475 0d23 D6150000 		.4byte	.LASF173
 4476 0d27 25000000 		.4byte	0x25
 4477 0d2b 350D0000 		.4byte	0xd35
 4478 0d2f 01       		.uleb128 0x1
 4479 0d30 25000000 		.4byte	0x25
 4480 0d34 00       		.byte	0
 4481 0d35 03       		.uleb128 0x3
 4482 0d36 91170000 		.4byte	.LASF174
 4483 0d3a 08       		.byte	0x8
 4484 0d3b 5405     		.2byte	0x554
 4485 0d3d 03       		.byte	0x3
 4486 0d3e 760C0000 		.4byte	.LASF175
 4487 0d42 9F150000 		.4byte	0x159f
ARM GAS  /tmp/cc3q4aVX.s 			page 80


 4488 0d46 500D0000 		.4byte	0xd50
 4489 0d4a 01       		.uleb128 0x1
 4490 0d4b 9F150000 		.4byte	0x159f
 4491 0d4f 00       		.byte	0
 4492 0d50 03       		.uleb128 0x3
 4493 0d51 91170000 		.4byte	.LASF174
 4494 0d55 08       		.byte	0x8
 4495 0d56 5005     		.2byte	0x550
 4496 0d58 03       		.byte	0x3
 4497 0d59 820C0000 		.4byte	.LASF176
 4498 0d5d 25000000 		.4byte	0x25
 4499 0d61 6B0D0000 		.4byte	0xd6b
 4500 0d65 01       		.uleb128 0x1
 4501 0d66 25000000 		.4byte	0x25
 4502 0d6a 00       		.byte	0
 4503 0d6b 03       		.uleb128 0x3
 4504 0d6c 00000000 		.4byte	.LASF177
 4505 0d70 08       		.byte	0x8
 4506 0d71 6605     		.2byte	0x566
 4507 0d73 03       		.byte	0x3
 4508 0d74 84050000 		.4byte	.LASF178
 4509 0d78 9F150000 		.4byte	0x159f
 4510 0d7c 8B0D0000 		.4byte	0xd8b
 4511 0d80 01       		.uleb128 0x1
 4512 0d81 9F150000 		.4byte	0x159f
 4513 0d85 01       		.uleb128 0x1
 4514 0d86 9F150000 		.4byte	0x159f
 4515 0d8a 00       		.byte	0
 4516 0d8b 03       		.uleb128 0x3
 4517 0d8c 00000000 		.4byte	.LASF177
 4518 0d90 08       		.byte	0x8
 4519 0d91 6205     		.2byte	0x562
 4520 0d93 03       		.byte	0x3
 4521 0d94 3F160000 		.4byte	.LASF179
 4522 0d98 25000000 		.4byte	0x25
 4523 0d9c AB0D0000 		.4byte	0xdab
 4524 0da0 01       		.uleb128 0x1
 4525 0da1 25000000 		.4byte	0x25
 4526 0da5 01       		.uleb128 0x1
 4527 0da6 25000000 		.4byte	0x25
 4528 0daa 00       		.byte	0
 4529 0dab 20       		.uleb128 0x20
 4530 0dac 666D6100 		.ascii	"fma\000"
 4531 0db0 08       		.byte	0x8
 4532 0db1 7A05     		.2byte	0x57a
 4533 0db3 03       		.byte	0x3
 4534 0db4 BF020000 		.4byte	.LASF180
 4535 0db8 9F150000 		.4byte	0x159f
 4536 0dbc D00D0000 		.4byte	0xdd0
 4537 0dc0 01       		.uleb128 0x1
 4538 0dc1 9F150000 		.4byte	0x159f
 4539 0dc5 01       		.uleb128 0x1
 4540 0dc6 9F150000 		.4byte	0x159f
 4541 0dca 01       		.uleb128 0x1
 4542 0dcb 9F150000 		.4byte	0x159f
 4543 0dcf 00       		.byte	0
 4544 0dd0 20       		.uleb128 0x20
ARM GAS  /tmp/cc3q4aVX.s 			page 81


 4545 0dd1 666D6100 		.ascii	"fma\000"
 4546 0dd5 08       		.byte	0x8
 4547 0dd6 7605     		.2byte	0x576
 4548 0dd8 03       		.byte	0x3
 4549 0dd9 BA0A0000 		.4byte	.LASF181
 4550 0ddd 25000000 		.4byte	0x25
 4551 0de1 F50D0000 		.4byte	0xdf5
 4552 0de5 01       		.uleb128 0x1
 4553 0de6 25000000 		.4byte	0x25
 4554 0dea 01       		.uleb128 0x1
 4555 0deb 25000000 		.4byte	0x25
 4556 0def 01       		.uleb128 0x1
 4557 0df0 25000000 		.4byte	0x25
 4558 0df4 00       		.byte	0
 4559 0df5 03       		.uleb128 0x3
 4560 0df6 93190000 		.4byte	.LASF182
 4561 0dfa 08       		.byte	0x8
 4562 0dfb 8E05     		.2byte	0x58e
 4563 0dfd 03       		.byte	0x3
 4564 0dfe E31E0000 		.4byte	.LASF183
 4565 0e02 9F150000 		.4byte	0x159f
 4566 0e06 150E0000 		.4byte	0xe15
 4567 0e0a 01       		.uleb128 0x1
 4568 0e0b 9F150000 		.4byte	0x159f
 4569 0e0f 01       		.uleb128 0x1
 4570 0e10 9F150000 		.4byte	0x159f
 4571 0e14 00       		.byte	0
 4572 0e15 03       		.uleb128 0x3
 4573 0e16 93190000 		.4byte	.LASF182
 4574 0e1a 08       		.byte	0x8
 4575 0e1b 8A05     		.2byte	0x58a
 4576 0e1d 03       		.byte	0x3
 4577 0e1e 8E1F0000 		.4byte	.LASF184
 4578 0e22 25000000 		.4byte	0x25
 4579 0e26 350E0000 		.4byte	0xe35
 4580 0e2a 01       		.uleb128 0x1
 4581 0e2b 25000000 		.4byte	0x25
 4582 0e2f 01       		.uleb128 0x1
 4583 0e30 25000000 		.4byte	0x25
 4584 0e34 00       		.byte	0
 4585 0e35 03       		.uleb128 0x3
 4586 0e36 E4010000 		.4byte	.LASF185
 4587 0e3a 08       		.byte	0x8
 4588 0e3b A205     		.2byte	0x5a2
 4589 0e3d 03       		.byte	0x3
 4590 0e3e 611F0000 		.4byte	.LASF186
 4591 0e42 9F150000 		.4byte	0x159f
 4592 0e46 550E0000 		.4byte	0xe55
 4593 0e4a 01       		.uleb128 0x1
 4594 0e4b 9F150000 		.4byte	0x159f
 4595 0e4f 01       		.uleb128 0x1
 4596 0e50 9F150000 		.4byte	0x159f
 4597 0e54 00       		.byte	0
 4598 0e55 03       		.uleb128 0x3
 4599 0e56 E4010000 		.4byte	.LASF185
 4600 0e5a 08       		.byte	0x8
 4601 0e5b 9E05     		.2byte	0x59e
ARM GAS  /tmp/cc3q4aVX.s 			page 82


 4602 0e5d 03       		.byte	0x3
 4603 0e5e DD000000 		.4byte	.LASF187
 4604 0e62 25000000 		.4byte	0x25
 4605 0e66 750E0000 		.4byte	0xe75
 4606 0e6a 01       		.uleb128 0x1
 4607 0e6b 25000000 		.4byte	0x25
 4608 0e6f 01       		.uleb128 0x1
 4609 0e70 25000000 		.4byte	0x25
 4610 0e74 00       		.byte	0
 4611 0e75 03       		.uleb128 0x3
 4612 0e76 FE1A0000 		.4byte	.LASF188
 4613 0e7a 08       		.byte	0x8
 4614 0e7b B605     		.2byte	0x5b6
 4615 0e7d 03       		.byte	0x3
 4616 0e7e 320D0000 		.4byte	.LASF189
 4617 0e82 9F150000 		.4byte	0x159f
 4618 0e86 950E0000 		.4byte	0xe95
 4619 0e8a 01       		.uleb128 0x1
 4620 0e8b 9F150000 		.4byte	0x159f
 4621 0e8f 01       		.uleb128 0x1
 4622 0e90 9F150000 		.4byte	0x159f
 4623 0e94 00       		.byte	0
 4624 0e95 03       		.uleb128 0x3
 4625 0e96 FE1A0000 		.4byte	.LASF188
 4626 0e9a 08       		.byte	0x8
 4627 0e9b B205     		.2byte	0x5b2
 4628 0e9d 03       		.byte	0x3
 4629 0e9e 710F0000 		.4byte	.LASF190
 4630 0ea2 25000000 		.4byte	0x25
 4631 0ea6 B50E0000 		.4byte	0xeb5
 4632 0eaa 01       		.uleb128 0x1
 4633 0eab 25000000 		.4byte	0x25
 4634 0eaf 01       		.uleb128 0x1
 4635 0eb0 25000000 		.4byte	0x25
 4636 0eb4 00       		.byte	0
 4637 0eb5 03       		.uleb128 0x3
 4638 0eb6 65030000 		.4byte	.LASF191
 4639 0eba 08       		.byte	0x8
 4640 0ebb CA05     		.2byte	0x5ca
 4641 0ebd 03       		.byte	0x3
 4642 0ebe 781C0000 		.4byte	.LASF192
 4643 0ec2 2C000000 		.4byte	0x2c
 4644 0ec6 D00E0000 		.4byte	0xed0
 4645 0eca 01       		.uleb128 0x1
 4646 0ecb 9F150000 		.4byte	0x159f
 4647 0ecf 00       		.byte	0
 4648 0ed0 03       		.uleb128 0x3
 4649 0ed1 65030000 		.4byte	.LASF191
 4650 0ed5 08       		.byte	0x8
 4651 0ed6 C605     		.2byte	0x5c6
 4652 0ed8 03       		.byte	0x3
 4653 0ed9 181C0000 		.4byte	.LASF193
 4654 0edd 2C000000 		.4byte	0x2c
 4655 0ee1 EB0E0000 		.4byte	0xeeb
 4656 0ee5 01       		.uleb128 0x1
 4657 0ee6 25000000 		.4byte	0x25
 4658 0eea 00       		.byte	0
ARM GAS  /tmp/cc3q4aVX.s 			page 83


 4659 0eeb 03       		.uleb128 0x3
 4660 0eec 6B1D0000 		.4byte	.LASF194
 4661 0ef0 08       		.byte	0x8
 4662 0ef1 DD05     		.2byte	0x5dd
 4663 0ef3 03       		.byte	0x3
 4664 0ef4 E9010000 		.4byte	.LASF195
 4665 0ef8 9F150000 		.4byte	0x159f
 4666 0efc 060F0000 		.4byte	0xf06
 4667 0f00 01       		.uleb128 0x1
 4668 0f01 9F150000 		.4byte	0x159f
 4669 0f05 00       		.byte	0
 4670 0f06 03       		.uleb128 0x3
 4671 0f07 6B1D0000 		.4byte	.LASF194
 4672 0f0b 08       		.byte	0x8
 4673 0f0c D905     		.2byte	0x5d9
 4674 0f0e 03       		.byte	0x3
 4675 0f0f F6010000 		.4byte	.LASF196
 4676 0f13 25000000 		.4byte	0x25
 4677 0f17 210F0000 		.4byte	0xf21
 4678 0f1b 01       		.uleb128 0x1
 4679 0f1c 25000000 		.4byte	0x25
 4680 0f20 00       		.byte	0
 4681 0f21 03       		.uleb128 0x3
 4682 0f22 E71A0000 		.4byte	.LASF197
 4683 0f26 08       		.byte	0x8
 4684 0f27 EF05     		.2byte	0x5ef
 4685 0f29 03       		.byte	0x3
 4686 0f2a 511E0000 		.4byte	.LASF198
 4687 0f2e 84000000 		.4byte	0x84
 4688 0f32 3C0F0000 		.4byte	0xf3c
 4689 0f36 01       		.uleb128 0x1
 4690 0f37 9F150000 		.4byte	0x159f
 4691 0f3b 00       		.byte	0
 4692 0f3c 03       		.uleb128 0x3
 4693 0f3d E71A0000 		.4byte	.LASF197
 4694 0f41 08       		.byte	0x8
 4695 0f42 EB05     		.2byte	0x5eb
 4696 0f44 03       		.byte	0x3
 4697 0f45 5E1E0000 		.4byte	.LASF199
 4698 0f49 84000000 		.4byte	0x84
 4699 0f4d 570F0000 		.4byte	0xf57
 4700 0f51 01       		.uleb128 0x1
 4701 0f52 25000000 		.4byte	0x25
 4702 0f56 00       		.byte	0
 4703 0f57 03       		.uleb128 0x3
 4704 0f58 C7120000 		.4byte	.LASF200
 4705 0f5c 08       		.byte	0x8
 4706 0f5d 0106     		.2byte	0x601
 4707 0f5f 03       		.byte	0x3
 4708 0f60 980D0000 		.4byte	.LASF201
 4709 0f64 84000000 		.4byte	0x84
 4710 0f68 720F0000 		.4byte	0xf72
 4711 0f6c 01       		.uleb128 0x1
 4712 0f6d 9F150000 		.4byte	0x159f
 4713 0f71 00       		.byte	0
 4714 0f72 03       		.uleb128 0x3
 4715 0f73 C7120000 		.4byte	.LASF200
ARM GAS  /tmp/cc3q4aVX.s 			page 84


 4716 0f77 08       		.byte	0x8
 4717 0f78 FD05     		.2byte	0x5fd
 4718 0f7a 03       		.byte	0x3
 4719 0f7b A60D0000 		.4byte	.LASF202
 4720 0f7f 84000000 		.4byte	0x84
 4721 0f83 8D0F0000 		.4byte	0xf8d
 4722 0f87 01       		.uleb128 0x1
 4723 0f88 25000000 		.4byte	0x25
 4724 0f8c 00       		.byte	0
 4725 0f8d 03       		.uleb128 0x3
 4726 0f8e DF0A0000 		.4byte	.LASF203
 4727 0f92 08       		.byte	0x8
 4728 0f93 1306     		.2byte	0x613
 4729 0f95 03       		.byte	0x3
 4730 0f96 FB030000 		.4byte	.LASF204
 4731 0f9a 9F150000 		.4byte	0x159f
 4732 0f9e A80F0000 		.4byte	0xfa8
 4733 0fa2 01       		.uleb128 0x1
 4734 0fa3 9F150000 		.4byte	0x159f
 4735 0fa7 00       		.byte	0
 4736 0fa8 03       		.uleb128 0x3
 4737 0fa9 DF0A0000 		.4byte	.LASF203
 4738 0fad 08       		.byte	0x8
 4739 0fae 0F06     		.2byte	0x60f
 4740 0fb0 03       		.byte	0x3
 4741 0fb1 07040000 		.4byte	.LASF205
 4742 0fb5 25000000 		.4byte	0x25
 4743 0fb9 C30F0000 		.4byte	0xfc3
 4744 0fbd 01       		.uleb128 0x1
 4745 0fbe 25000000 		.4byte	0x25
 4746 0fc2 00       		.byte	0
 4747 0fc3 03       		.uleb128 0x3
 4748 0fc4 050E0000 		.4byte	.LASF206
 4749 0fc8 08       		.byte	0x8
 4750 0fc9 2606     		.2byte	0x626
 4751 0fcb 03       		.byte	0x3
 4752 0fcc D9060000 		.4byte	.LASF207
 4753 0fd0 9F150000 		.4byte	0x159f
 4754 0fd4 DE0F0000 		.4byte	0xfde
 4755 0fd8 01       		.uleb128 0x1
 4756 0fd9 9F150000 		.4byte	0x159f
 4757 0fdd 00       		.byte	0
 4758 0fde 03       		.uleb128 0x3
 4759 0fdf 050E0000 		.4byte	.LASF206
 4760 0fe3 08       		.byte	0x8
 4761 0fe4 2206     		.2byte	0x622
 4762 0fe6 03       		.byte	0x3
 4763 0fe7 E4060000 		.4byte	.LASF208
 4764 0feb 25000000 		.4byte	0x25
 4765 0fef F90F0000 		.4byte	0xff9
 4766 0ff3 01       		.uleb128 0x1
 4767 0ff4 25000000 		.4byte	0x25
 4768 0ff8 00       		.byte	0
 4769 0ff9 03       		.uleb128 0x3
 4770 0ffa C40E0000 		.4byte	.LASF209
 4771 0ffe 08       		.byte	0x8
 4772 0fff 3806     		.2byte	0x638
ARM GAS  /tmp/cc3q4aVX.s 			page 85


 4773 1001 03       		.byte	0x3
 4774 1002 88190000 		.4byte	.LASF210
 4775 1006 9F150000 		.4byte	0x159f
 4776 100a 14100000 		.4byte	0x1014
 4777 100e 01       		.uleb128 0x1
 4778 100f 9F150000 		.4byte	0x159f
 4779 1013 00       		.byte	0
 4780 1014 03       		.uleb128 0x3
 4781 1015 C40E0000 		.4byte	.LASF209
 4782 1019 08       		.byte	0x8
 4783 101a 3406     		.2byte	0x634
 4784 101c 03       		.byte	0x3
 4785 101d 540E0000 		.4byte	.LASF211
 4786 1021 25000000 		.4byte	0x25
 4787 1025 2F100000 		.4byte	0x102f
 4788 1029 01       		.uleb128 0x1
 4789 102a 25000000 		.4byte	0x25
 4790 102e 00       		.byte	0
 4791 102f 03       		.uleb128 0x3
 4792 1030 50080000 		.4byte	.LASF212
 4793 1034 08       		.byte	0x8
 4794 1035 4A06     		.2byte	0x64a
 4795 1037 03       		.byte	0x3
 4796 1038 48030000 		.4byte	.LASF213
 4797 103c 71000000 		.4byte	0x71
 4798 1040 4A100000 		.4byte	0x104a
 4799 1044 01       		.uleb128 0x1
 4800 1045 9F150000 		.4byte	0x159f
 4801 1049 00       		.byte	0
 4802 104a 03       		.uleb128 0x3
 4803 104b 50080000 		.4byte	.LASF212
 4804 104f 08       		.byte	0x8
 4805 1050 4606     		.2byte	0x646
 4806 1052 03       		.byte	0x3
 4807 1053 54030000 		.4byte	.LASF214
 4808 1057 71000000 		.4byte	0x71
 4809 105b 65100000 		.4byte	0x1065
 4810 105f 01       		.uleb128 0x1
 4811 1060 25000000 		.4byte	0x25
 4812 1064 00       		.byte	0
 4813 1065 03       		.uleb128 0x3
 4814 1066 2B1A0000 		.4byte	.LASF215
 4815 106a 08       		.byte	0x8
 4816 106b 5C06     		.2byte	0x65c
 4817 106d 03       		.byte	0x3
 4818 106e C0090000 		.4byte	.LASF216
 4819 1072 71000000 		.4byte	0x71
 4820 1076 80100000 		.4byte	0x1080
 4821 107a 01       		.uleb128 0x1
 4822 107b 9F150000 		.4byte	0x159f
 4823 107f 00       		.byte	0
 4824 1080 03       		.uleb128 0x3
 4825 1081 2B1A0000 		.4byte	.LASF215
 4826 1085 08       		.byte	0x8
 4827 1086 5806     		.2byte	0x658
 4828 1088 03       		.byte	0x3
 4829 1089 CD090000 		.4byte	.LASF217
ARM GAS  /tmp/cc3q4aVX.s 			page 86


 4830 108d 71000000 		.4byte	0x71
 4831 1091 9B100000 		.4byte	0x109b
 4832 1095 01       		.uleb128 0x1
 4833 1096 25000000 		.4byte	0x25
 4834 109a 00       		.byte	0
 4835 109b 03       		.uleb128 0x3
 4836 109c 58060000 		.4byte	.LASF218
 4837 10a0 08       		.byte	0x8
 4838 10a1 6E06     		.2byte	0x66e
 4839 10a3 03       		.byte	0x3
 4840 10a4 30050000 		.4byte	.LASF219
 4841 10a8 9F150000 		.4byte	0x159f
 4842 10ac B6100000 		.4byte	0x10b6
 4843 10b0 01       		.uleb128 0x1
 4844 10b1 9F150000 		.4byte	0x159f
 4845 10b5 00       		.byte	0
 4846 10b6 03       		.uleb128 0x3
 4847 10b7 58060000 		.4byte	.LASF218
 4848 10bb 08       		.byte	0x8
 4849 10bc 6A06     		.2byte	0x66a
 4850 10be 03       		.byte	0x3
 4851 10bf 40050000 		.4byte	.LASF220
 4852 10c3 25000000 		.4byte	0x25
 4853 10c7 D1100000 		.4byte	0x10d1
 4854 10cb 01       		.uleb128 0x1
 4855 10cc 25000000 		.4byte	0x25
 4856 10d0 00       		.byte	0
 4857 10d1 03       		.uleb128 0x3
 4858 10d2 97170000 		.4byte	.LASF221
 4859 10d6 08       		.byte	0x8
 4860 10d7 8006     		.2byte	0x680
 4861 10d9 03       		.byte	0x3
 4862 10da B8010000 		.4byte	.LASF222
 4863 10de 9F150000 		.4byte	0x159f
 4864 10e2 F1100000 		.4byte	0x10f1
 4865 10e6 01       		.uleb128 0x1
 4866 10e7 9F150000 		.4byte	0x159f
 4867 10eb 01       		.uleb128 0x1
 4868 10ec 9F150000 		.4byte	0x159f
 4869 10f0 00       		.byte	0
 4870 10f1 03       		.uleb128 0x3
 4871 10f2 97170000 		.4byte	.LASF221
 4872 10f6 08       		.byte	0x8
 4873 10f7 7C06     		.2byte	0x67c
 4874 10f9 03       		.byte	0x3
 4875 10fa A3030000 		.4byte	.LASF223
 4876 10fe 25000000 		.4byte	0x25
 4877 1102 11110000 		.4byte	0x1111
 4878 1106 01       		.uleb128 0x1
 4879 1107 25000000 		.4byte	0x25
 4880 110b 01       		.uleb128 0x1
 4881 110c 25000000 		.4byte	0x25
 4882 1110 00       		.byte	0
 4883 1111 03       		.uleb128 0x3
 4884 1112 13040000 		.4byte	.LASF224
 4885 1116 08       		.byte	0x8
 4886 1117 9406     		.2byte	0x694
ARM GAS  /tmp/cc3q4aVX.s 			page 87


 4887 1119 03       		.byte	0x3
 4888 111a 2F000000 		.4byte	.LASF225
 4889 111e 9F150000 		.4byte	0x159f
 4890 1122 31110000 		.4byte	0x1131
 4891 1126 01       		.uleb128 0x1
 4892 1127 9F150000 		.4byte	0x159f
 4893 112b 01       		.uleb128 0x1
 4894 112c 9F150000 		.4byte	0x159f
 4895 1130 00       		.byte	0
 4896 1131 03       		.uleb128 0x3
 4897 1132 13040000 		.4byte	.LASF224
 4898 1136 08       		.byte	0x8
 4899 1137 9006     		.2byte	0x690
 4900 1139 03       		.byte	0x3
 4901 113a 6E020000 		.4byte	.LASF226
 4902 113e 25000000 		.4byte	0x25
 4903 1142 51110000 		.4byte	0x1151
 4904 1146 01       		.uleb128 0x1
 4905 1147 25000000 		.4byte	0x25
 4906 114b 01       		.uleb128 0x1
 4907 114c 9F150000 		.4byte	0x159f
 4908 1150 00       		.byte	0
 4909 1151 03       		.uleb128 0x3
 4910 1152 411F0000 		.4byte	.LASF227
 4911 1156 08       		.byte	0x8
 4912 1157 A606     		.2byte	0x6a6
 4913 1159 03       		.byte	0x3
 4914 115a EE1C0000 		.4byte	.LASF228
 4915 115e 9F150000 		.4byte	0x159f
 4916 1162 71110000 		.4byte	0x1171
 4917 1166 01       		.uleb128 0x1
 4918 1167 9F150000 		.4byte	0x159f
 4919 116b 01       		.uleb128 0x1
 4920 116c 9F150000 		.4byte	0x159f
 4921 1170 00       		.byte	0
 4922 1171 03       		.uleb128 0x3
 4923 1172 411F0000 		.4byte	.LASF227
 4924 1176 08       		.byte	0x8
 4925 1177 A206     		.2byte	0x6a2
 4926 1179 03       		.byte	0x3
 4927 117a DE1D0000 		.4byte	.LASF229
 4928 117e 25000000 		.4byte	0x25
 4929 1182 91110000 		.4byte	0x1191
 4930 1186 01       		.uleb128 0x1
 4931 1187 25000000 		.4byte	0x25
 4932 118b 01       		.uleb128 0x1
 4933 118c 25000000 		.4byte	0x25
 4934 1190 00       		.byte	0
 4935 1191 03       		.uleb128 0x3
 4936 1192 43130000 		.4byte	.LASF230
 4937 1196 08       		.byte	0x8
 4938 1197 BA06     		.2byte	0x6ba
 4939 1199 03       		.byte	0x3
 4940 119a 7B130000 		.4byte	.LASF231
 4941 119e 9F150000 		.4byte	0x159f
 4942 11a2 B6110000 		.4byte	0x11b6
 4943 11a6 01       		.uleb128 0x1
ARM GAS  /tmp/cc3q4aVX.s 			page 88


 4944 11a7 9F150000 		.4byte	0x159f
 4945 11ab 01       		.uleb128 0x1
 4946 11ac 9F150000 		.4byte	0x159f
 4947 11b0 01       		.uleb128 0x1
 4948 11b1 C5210000 		.4byte	0x21c5
 4949 11b5 00       		.byte	0
 4950 11b6 03       		.uleb128 0x3
 4951 11b7 43130000 		.4byte	.LASF230
 4952 11bb 08       		.byte	0x8
 4953 11bc B606     		.2byte	0x6b6
 4954 11be 03       		.byte	0x3
 4955 11bf 1A1F0000 		.4byte	.LASF232
 4956 11c3 25000000 		.4byte	0x25
 4957 11c7 DB110000 		.4byte	0x11db
 4958 11cb 01       		.uleb128 0x1
 4959 11cc 25000000 		.4byte	0x25
 4960 11d0 01       		.uleb128 0x1
 4961 11d1 25000000 		.4byte	0x25
 4962 11d5 01       		.uleb128 0x1
 4963 11d6 C5210000 		.4byte	0x21c5
 4964 11da 00       		.byte	0
 4965 11db 03       		.uleb128 0x3
 4966 11dc A3190000 		.4byte	.LASF233
 4967 11e0 08       		.byte	0x8
 4968 11e1 CE06     		.2byte	0x6ce
 4969 11e3 03       		.byte	0x3
 4970 11e4 B41A0000 		.4byte	.LASF234
 4971 11e8 9F150000 		.4byte	0x159f
 4972 11ec F6110000 		.4byte	0x11f6
 4973 11f0 01       		.uleb128 0x1
 4974 11f1 9F150000 		.4byte	0x159f
 4975 11f5 00       		.byte	0
 4976 11f6 03       		.uleb128 0x3
 4977 11f7 A3190000 		.4byte	.LASF233
 4978 11fb 08       		.byte	0x8
 4979 11fc CA06     		.2byte	0x6ca
 4980 11fe 03       		.byte	0x3
 4981 11ff BF1A0000 		.4byte	.LASF235
 4982 1203 25000000 		.4byte	0x25
 4983 1207 11120000 		.4byte	0x1211
 4984 120b 01       		.uleb128 0x1
 4985 120c 25000000 		.4byte	0x25
 4986 1210 00       		.byte	0
 4987 1211 03       		.uleb128 0x3
 4988 1212 2C120000 		.4byte	.LASF236
 4989 1216 08       		.byte	0x8
 4990 1217 E006     		.2byte	0x6e0
 4991 1219 03       		.byte	0x3
 4992 121a AB0F0000 		.4byte	.LASF237
 4993 121e 9F150000 		.4byte	0x159f
 4994 1222 2C120000 		.4byte	0x122c
 4995 1226 01       		.uleb128 0x1
 4996 1227 9F150000 		.4byte	0x159f
 4997 122b 00       		.byte	0
 4998 122c 03       		.uleb128 0x3
 4999 122d 2C120000 		.4byte	.LASF236
 5000 1231 08       		.byte	0x8
ARM GAS  /tmp/cc3q4aVX.s 			page 89


 5001 1232 DC06     		.2byte	0x6dc
 5002 1234 03       		.byte	0x3
 5003 1235 B70F0000 		.4byte	.LASF238
 5004 1239 25000000 		.4byte	0x25
 5005 123d 47120000 		.4byte	0x1247
 5006 1241 01       		.uleb128 0x1
 5007 1242 25000000 		.4byte	0x25
 5008 1246 00       		.byte	0
 5009 1247 03       		.uleb128 0x3
 5010 1248 D6140000 		.4byte	.LASF239
 5011 124c 08       		.byte	0x8
 5012 124d F206     		.2byte	0x6f2
 5013 124f 03       		.byte	0x3
 5014 1250 D00C0000 		.4byte	.LASF240
 5015 1254 9F150000 		.4byte	0x159f
 5016 1258 67120000 		.4byte	0x1267
 5017 125c 01       		.uleb128 0x1
 5018 125d 9F150000 		.4byte	0x159f
 5019 1261 01       		.uleb128 0x1
 5020 1262 71000000 		.4byte	0x71
 5021 1266 00       		.byte	0
 5022 1267 03       		.uleb128 0x3
 5023 1268 D6140000 		.4byte	.LASF239
 5024 126c 08       		.byte	0x8
 5025 126d EE06     		.2byte	0x6ee
 5026 126f 03       		.byte	0x3
 5027 1270 CD0D0000 		.4byte	.LASF241
 5028 1274 25000000 		.4byte	0x25
 5029 1278 87120000 		.4byte	0x1287
 5030 127c 01       		.uleb128 0x1
 5031 127d 25000000 		.4byte	0x25
 5032 1281 01       		.uleb128 0x1
 5033 1282 71000000 		.4byte	0x71
 5034 1286 00       		.byte	0
 5035 1287 03       		.uleb128 0x3
 5036 1288 5F1A0000 		.4byte	.LASF242
 5037 128c 08       		.byte	0x8
 5038 128d 0407     		.2byte	0x704
 5039 128f 03       		.byte	0x3
 5040 1290 FC020000 		.4byte	.LASF243
 5041 1294 9F150000 		.4byte	0x159f
 5042 1298 A7120000 		.4byte	0x12a7
 5043 129c 01       		.uleb128 0x1
 5044 129d 9F150000 		.4byte	0x159f
 5045 12a1 01       		.uleb128 0x1
 5046 12a2 2C000000 		.4byte	0x2c
 5047 12a6 00       		.byte	0
 5048 12a7 03       		.uleb128 0x3
 5049 12a8 5F1A0000 		.4byte	.LASF242
 5050 12ac 08       		.byte	0x8
 5051 12ad 0007     		.2byte	0x700
 5052 12af 03       		.byte	0x3
 5053 12b0 59000000 		.4byte	.LASF244
 5054 12b4 25000000 		.4byte	0x25
 5055 12b8 C7120000 		.4byte	0x12c7
 5056 12bc 01       		.uleb128 0x1
 5057 12bd 25000000 		.4byte	0x25
ARM GAS  /tmp/cc3q4aVX.s 			page 90


 5058 12c1 01       		.uleb128 0x1
 5059 12c2 2C000000 		.4byte	0x2c
 5060 12c6 00       		.byte	0
 5061 12c7 03       		.uleb128 0x3
 5062 12c8 830D0000 		.4byte	.LASF245
 5063 12cc 08       		.byte	0x8
 5064 12cd 1607     		.2byte	0x716
 5065 12cf 03       		.byte	0x3
 5066 12d0 2A100000 		.4byte	.LASF246
 5067 12d4 9F150000 		.4byte	0x159f
 5068 12d8 E2120000 		.4byte	0x12e2
 5069 12dc 01       		.uleb128 0x1
 5070 12dd 9F150000 		.4byte	0x159f
 5071 12e1 00       		.byte	0
 5072 12e2 03       		.uleb128 0x3
 5073 12e3 830D0000 		.4byte	.LASF245
 5074 12e7 08       		.byte	0x8
 5075 12e8 1207     		.2byte	0x712
 5076 12ea 03       		.byte	0x3
 5077 12eb 37100000 		.4byte	.LASF247
 5078 12ef 25000000 		.4byte	0x25
 5079 12f3 FD120000 		.4byte	0x12fd
 5080 12f7 01       		.uleb128 0x1
 5081 12f8 25000000 		.4byte	0x25
 5082 12fc 00       		.byte	0
 5083 12fd 03       		.uleb128 0x3
 5084 12fe 5A180000 		.4byte	.LASF248
 5085 1302 08       		.byte	0x8
 5086 1303 2807     		.2byte	0x728
 5087 1305 03       		.byte	0x3
 5088 1306 3A110000 		.4byte	.LASF249
 5089 130a 9F150000 		.4byte	0x159f
 5090 130e 18130000 		.4byte	0x1318
 5091 1312 01       		.uleb128 0x1
 5092 1313 9F150000 		.4byte	0x159f
 5093 1317 00       		.byte	0
 5094 1318 03       		.uleb128 0x3
 5095 1319 5A180000 		.4byte	.LASF248
 5096 131d 08       		.byte	0x8
 5097 131e 2407     		.2byte	0x724
 5098 1320 03       		.byte	0x3
 5099 1321 46110000 		.4byte	.LASF250
 5100 1325 25000000 		.4byte	0x25
 5101 1329 33130000 		.4byte	0x1333
 5102 132d 01       		.uleb128 0x1
 5103 132e 25000000 		.4byte	0x25
 5104 1332 00       		.byte	0
 5105 1333 02       		.uleb128 0x2
 5106 1334 0A       		.byte	0xa
 5107 1335 2F       		.byte	0x2f
 5108 1336 0B       		.byte	0xb
 5109 1337 3A000000 		.4byte	0x3a
 5110 133b 02       		.uleb128 0x2
 5111 133c 0A       		.byte	0xa
 5112 133d 30       		.byte	0x30
 5113 133e 0B       		.byte	0xb
 5114 133f 4D000000 		.4byte	0x4d
ARM GAS  /tmp/cc3q4aVX.s 			page 91


 5115 1343 02       		.uleb128 0x2
 5116 1344 0A       		.byte	0xa
 5117 1345 31       		.byte	0x31
 5118 1346 0B       		.byte	0xb
 5119 1347 60000000 		.4byte	0x60
 5120 134b 02       		.uleb128 0x2
 5121 134c 0A       		.byte	0xa
 5122 134d 32       		.byte	0x32
 5123 134e 0B       		.byte	0xb
 5124 134f 78000000 		.4byte	0x78
 5125 1353 02       		.uleb128 0x2
 5126 1354 0A       		.byte	0xa
 5127 1355 34       		.byte	0x34
 5128 1356 0B       		.byte	0xb
 5129 1357 41010000 		.4byte	0x141
 5130 135b 02       		.uleb128 0x2
 5131 135c 0A       		.byte	0xa
 5132 135d 35       		.byte	0x35
 5133 135e 0B       		.byte	0xb
 5134 135f 52010000 		.4byte	0x152
 5135 1363 02       		.uleb128 0x2
 5136 1364 0A       		.byte	0xa
 5137 1365 36       		.byte	0x36
 5138 1366 0B       		.byte	0xb
 5139 1367 5E010000 		.4byte	0x15e
 5140 136b 02       		.uleb128 0x2
 5141 136c 0A       		.byte	0xa
 5142 136d 37       		.byte	0x37
 5143 136e 0B       		.byte	0xb
 5144 136f 6A010000 		.4byte	0x16a
 5145 1373 02       		.uleb128 0x2
 5146 1374 0A       		.byte	0xa
 5147 1375 39       		.byte	0x39
 5148 1376 0B       		.byte	0xb
 5149 1377 E1000000 		.4byte	0xe1
 5150 137b 02       		.uleb128 0x2
 5151 137c 0A       		.byte	0xa
 5152 137d 3A       		.byte	0x3a
 5153 137e 0B       		.byte	0xb
 5154 137f ED000000 		.4byte	0xed
 5155 1383 02       		.uleb128 0x2
 5156 1384 0A       		.byte	0xa
 5157 1385 3B       		.byte	0x3b
 5158 1386 0B       		.byte	0xb
 5159 1387 F9000000 		.4byte	0xf9
 5160 138b 02       		.uleb128 0x2
 5161 138c 0A       		.byte	0xa
 5162 138d 3C       		.byte	0x3c
 5163 138e 0B       		.byte	0xb
 5164 138f 05010000 		.4byte	0x105
 5165 1393 02       		.uleb128 0x2
 5166 1394 0A       		.byte	0xa
 5167 1395 3E       		.byte	0x3e
 5168 1396 0B       		.byte	0xb
 5169 1397 BE010000 		.4byte	0x1be
 5170 139b 02       		.uleb128 0x2
 5171 139c 0A       		.byte	0xa
ARM GAS  /tmp/cc3q4aVX.s 			page 92


 5172 139d 3F       		.byte	0x3f
 5173 139e 0B       		.byte	0xb
 5174 139f A6010000 		.4byte	0x1a6
 5175 13a3 02       		.uleb128 0x2
 5176 13a4 0A       		.byte	0xa
 5177 13a5 41       		.byte	0x41
 5178 13a6 0B       		.byte	0xb
 5179 13a7 8B000000 		.4byte	0x8b
 5180 13ab 02       		.uleb128 0x2
 5181 13ac 0A       		.byte	0xa
 5182 13ad 42       		.byte	0x42
 5183 13ae 0B       		.byte	0xb
 5184 13af A3000000 		.4byte	0xa3
 5185 13b3 02       		.uleb128 0x2
 5186 13b4 0A       		.byte	0xa
 5187 13b5 43       		.byte	0x43
 5188 13b6 0B       		.byte	0xb
 5189 13b7 B6000000 		.4byte	0xb6
 5190 13bb 02       		.uleb128 0x2
 5191 13bc 0A       		.byte	0xa
 5192 13bd 44       		.byte	0x44
 5193 13be 0B       		.byte	0xb
 5194 13bf CE000000 		.4byte	0xce
 5195 13c3 02       		.uleb128 0x2
 5196 13c4 0A       		.byte	0xa
 5197 13c5 46       		.byte	0x46
 5198 13c6 0B       		.byte	0xb
 5199 13c7 76010000 		.4byte	0x176
 5200 13cb 02       		.uleb128 0x2
 5201 13cc 0A       		.byte	0xa
 5202 13cd 47       		.byte	0x47
 5203 13ce 0B       		.byte	0xb
 5204 13cf 82010000 		.4byte	0x182
 5205 13d3 02       		.uleb128 0x2
 5206 13d4 0A       		.byte	0xa
 5207 13d5 48       		.byte	0x48
 5208 13d6 0B       		.byte	0xb
 5209 13d7 8E010000 		.4byte	0x18e
 5210 13db 02       		.uleb128 0x2
 5211 13dc 0A       		.byte	0xa
 5212 13dd 49       		.byte	0x49
 5213 13de 0B       		.byte	0xb
 5214 13df 9A010000 		.4byte	0x19a
 5215 13e3 02       		.uleb128 0x2
 5216 13e4 0A       		.byte	0xa
 5217 13e5 4B       		.byte	0x4b
 5218 13e6 0B       		.byte	0xb
 5219 13e7 11010000 		.4byte	0x111
 5220 13eb 02       		.uleb128 0x2
 5221 13ec 0A       		.byte	0xa
 5222 13ed 4C       		.byte	0x4c
 5223 13ee 0B       		.byte	0xb
 5224 13ef 1D010000 		.4byte	0x11d
 5225 13f3 02       		.uleb128 0x2
 5226 13f4 0A       		.byte	0xa
 5227 13f5 4D       		.byte	0x4d
 5228 13f6 0B       		.byte	0xb
ARM GAS  /tmp/cc3q4aVX.s 			page 93


 5229 13f7 29010000 		.4byte	0x129
 5230 13fb 02       		.uleb128 0x2
 5231 13fc 0A       		.byte	0xa
 5232 13fd 4E       		.byte	0x4e
 5233 13fe 0B       		.byte	0xb
 5234 13ff 35010000 		.4byte	0x135
 5235 1403 02       		.uleb128 0x2
 5236 1404 0A       		.byte	0xa
 5237 1405 50       		.byte	0x50
 5238 1406 0B       		.byte	0xb
 5239 1407 CA010000 		.4byte	0x1ca
 5240 140b 02       		.uleb128 0x2
 5241 140c 0A       		.byte	0xa
 5242 140d 51       		.byte	0x51
 5243 140e 0B       		.byte	0xb
 5244 140f B2010000 		.4byte	0x1b2
 5245 1413 02       		.uleb128 0x2
 5246 1414 0B       		.byte	0xb
 5247 1415 3A       		.byte	0x3a
 5248 1416 0B       		.byte	0xb
 5249 1417 F1150000 		.4byte	0x15f1
 5250 141b 02       		.uleb128 0x2
 5251 141c 0C       		.byte	0xc
 5252 141d 7F       		.byte	0x7f
 5253 141e 0B       		.byte	0xb
 5254 141f DF1E0000 		.4byte	0x1edf
 5255 1423 02       		.uleb128 0x2
 5256 1424 0C       		.byte	0xc
 5257 1425 80       		.byte	0x80
 5258 1426 0B       		.byte	0xb
 5259 1427 131F0000 		.4byte	0x1f13
 5260 142b 02       		.uleb128 0x2
 5261 142c 0C       		.byte	0xc
 5262 142d 86       		.byte	0x86
 5263 142e 0B       		.byte	0xb
 5264 142f A0310000 		.4byte	0x31a0
 5265 1433 02       		.uleb128 0x2
 5266 1434 0C       		.byte	0xc
 5267 1435 8C       		.byte	0x8c
 5268 1436 0B       		.byte	0xb
 5269 1437 B6310000 		.4byte	0x31b6
 5270 143b 02       		.uleb128 0x2
 5271 143c 0C       		.byte	0xc
 5272 143d 8D       		.byte	0x8d
 5273 143e 0B       		.byte	0xb
 5274 143f CC310000 		.4byte	0x31cc
 5275 1443 02       		.uleb128 0x2
 5276 1444 0C       		.byte	0xc
 5277 1445 8E       		.byte	0x8e
 5278 1446 0B       		.byte	0xb
 5279 1447 E2310000 		.4byte	0x31e2
 5280 144b 02       		.uleb128 0x2
 5281 144c 0C       		.byte	0xc
 5282 144d 8F       		.byte	0x8f
 5283 144e 0B       		.byte	0xb
 5284 144f F8310000 		.4byte	0x31f8
 5285 1453 02       		.uleb128 0x2
ARM GAS  /tmp/cc3q4aVX.s 			page 94


 5286 1454 0C       		.byte	0xc
 5287 1455 91       		.byte	0x91
 5288 1456 0B       		.byte	0xb
 5289 1457 22320000 		.4byte	0x3222
 5290 145b 02       		.uleb128 0x2
 5291 145c 0C       		.byte	0xc
 5292 145d 94       		.byte	0x94
 5293 145e 0B       		.byte	0xb
 5294 145f 3D320000 		.4byte	0x323d
 5295 1463 02       		.uleb128 0x2
 5296 1464 0C       		.byte	0xc
 5297 1465 96       		.byte	0x96
 5298 1466 0B       		.byte	0xb
 5299 1467 53320000 		.4byte	0x3253
 5300 146b 02       		.uleb128 0x2
 5301 146c 0C       		.byte	0xc
 5302 146d 99       		.byte	0x99
 5303 146e 0B       		.byte	0xb
 5304 146f 6E320000 		.4byte	0x326e
 5305 1473 02       		.uleb128 0x2
 5306 1474 0C       		.byte	0xc
 5307 1475 9A       		.byte	0x9a
 5308 1476 0B       		.byte	0xb
 5309 1477 89320000 		.4byte	0x3289
 5310 147b 02       		.uleb128 0x2
 5311 147c 0C       		.byte	0xc
 5312 147d 9B       		.byte	0x9b
 5313 147e 0B       		.byte	0xb
 5314 147f BB320000 		.4byte	0x32bb
 5315 1483 02       		.uleb128 0x2
 5316 1484 0C       		.byte	0xc
 5317 1485 9D       		.byte	0x9d
 5318 1486 0B       		.byte	0xb
 5319 1487 DB320000 		.4byte	0x32db
 5320 148b 02       		.uleb128 0x2
 5321 148c 0C       		.byte	0xc
 5322 148d A3       		.byte	0xa3
 5323 148e 0B       		.byte	0xb
 5324 148f FC320000 		.4byte	0x32fc
 5325 1493 02       		.uleb128 0x2
 5326 1494 0C       		.byte	0xc
 5327 1495 A5       		.byte	0xa5
 5328 1496 0B       		.byte	0xb
 5329 1497 08330000 		.4byte	0x3308
 5330 149b 02       		.uleb128 0x2
 5331 149c 0C       		.byte	0xc
 5332 149d A6       		.byte	0xa6
 5333 149e 0B       		.byte	0xb
 5334 149f 1A330000 		.4byte	0x331a
 5335 14a3 02       		.uleb128 0x2
 5336 14a4 0C       		.byte	0xc
 5337 14a5 A7       		.byte	0xa7
 5338 14a6 0B       		.byte	0xb
 5339 14a7 3B330000 		.4byte	0x333b
 5340 14ab 02       		.uleb128 0x2
 5341 14ac 0C       		.byte	0xc
 5342 14ad A8       		.byte	0xa8
ARM GAS  /tmp/cc3q4aVX.s 			page 95


 5343 14ae 0B       		.byte	0xb
 5344 14af 5B330000 		.4byte	0x335b
 5345 14b3 02       		.uleb128 0x2
 5346 14b4 0C       		.byte	0xc
 5347 14b5 A9       		.byte	0xa9
 5348 14b6 0B       		.byte	0xb
 5349 14b7 7B330000 		.4byte	0x337b
 5350 14bb 02       		.uleb128 0x2
 5351 14bc 0C       		.byte	0xc
 5352 14bd AB       		.byte	0xab
 5353 14be 0B       		.byte	0xb
 5354 14bf 91330000 		.4byte	0x3391
 5355 14c3 02       		.uleb128 0x2
 5356 14c4 0C       		.byte	0xc
 5357 14c5 AC       		.byte	0xac
 5358 14c6 0B       		.byte	0xb
 5359 14c7 B7330000 		.4byte	0x33b7
 5360 14cb 02       		.uleb128 0x2
 5361 14cc 0C       		.byte	0xc
 5362 14cd F0       		.byte	0xf0
 5363 14ce 16       		.byte	0x16
 5364 14cf 471F0000 		.4byte	0x1f47
 5365 14d3 02       		.uleb128 0x2
 5366 14d4 0C       		.byte	0xc
 5367 14d5 F5       		.byte	0xf5
 5368 14d6 16       		.byte	0x16
 5369 14d7 83150000 		.4byte	0x1583
 5370 14db 02       		.uleb128 0x2
 5371 14dc 0C       		.byte	0xc
 5372 14dd F6       		.byte	0xf6
 5373 14de 16       		.byte	0x16
 5374 14df D2330000 		.4byte	0x33d2
 5375 14e3 02       		.uleb128 0x2
 5376 14e4 0C       		.byte	0xc
 5377 14e5 F8       		.byte	0xf8
 5378 14e6 16       		.byte	0x16
 5379 14e7 EE330000 		.4byte	0x33ee
 5380 14eb 02       		.uleb128 0x2
 5381 14ec 0C       		.byte	0xc
 5382 14ed F9       		.byte	0xf9
 5383 14ee 16       		.byte	0x16
 5384 14ef 47340000 		.4byte	0x3447
 5385 14f3 02       		.uleb128 0x2
 5386 14f4 0C       		.byte	0xc
 5387 14f5 FA       		.byte	0xfa
 5388 14f6 16       		.byte	0x16
 5389 14f7 05340000 		.4byte	0x3405
 5390 14fb 02       		.uleb128 0x2
 5391 14fc 0C       		.byte	0xc
 5392 14fd FB       		.byte	0xfb
 5393 14fe 16       		.byte	0x16
 5394 14ff 26340000 		.4byte	0x3426
 5395 1503 02       		.uleb128 0x2
 5396 1504 0C       		.byte	0xc
 5397 1505 FC       		.byte	0xfc
 5398 1506 16       		.byte	0x16
 5399 1507 62340000 		.4byte	0x3462
ARM GAS  /tmp/cc3q4aVX.s 			page 96


 5400 150b 02       		.uleb128 0x2
 5401 150c 0D       		.byte	0xd
 5402 150d 54       		.byte	0x54
 5403 150e 0B       		.byte	0xb
 5404 150f 2F350000 		.4byte	0x352f
 5405 1513 02       		.uleb128 0x2
 5406 1514 0D       		.byte	0xd
 5407 1515 57       		.byte	0x57
 5408 1516 0B       		.byte	0xb
 5409 1517 4A350000 		.4byte	0x354a
 5410 151b 02       		.uleb128 0x2
 5411 151c 0D       		.byte	0xd
 5412 151d 5D       		.byte	0x5d
 5413 151e 0B       		.byte	0xb
 5414 151f 60350000 		.4byte	0x3560
 5415 1523 02       		.uleb128 0x2
 5416 1524 0D       		.byte	0xd
 5417 1525 5E       		.byte	0x5e
 5418 1526 0B       		.byte	0xb
 5419 1527 7B350000 		.4byte	0x357b
 5420 152b 00       		.byte	0
 5421 152c 5E       		.uleb128 0x5e
 5422 152d A3140000 		.4byte	.LASF649
 5423 1531 0E       		.byte	0xe
 5424 1532 1601     		.2byte	0x116
 5425 1534 0B       		.byte	0xb
 5426 1535 9F150000 		.4byte	0x159f
 5427 1539 46       		.uleb128 0x46
 5428 153a 46180000 		.4byte	.LASF251
 5429 153e 0E       		.byte	0xe
 5430 153f 1801     		.2byte	0x118
 5431 1541 41       		.byte	0x41
 5432 1542 47       		.uleb128 0x47
 5433 1543 0E       		.byte	0xe
 5434 1544 1801     		.2byte	0x118
 5435 1546 41       		.byte	0x41
 5436 1547 39150000 		.4byte	0x1539
 5437 154b 02       		.uleb128 0x2
 5438 154c 0C       		.byte	0xc
 5439 154d C8       		.byte	0xc8
 5440 154e 0B       		.byte	0xb
 5441 154f 471F0000 		.4byte	0x1f47
 5442 1553 02       		.uleb128 0x2
 5443 1554 0C       		.byte	0xc
 5444 1555 D8       		.byte	0xd8
 5445 1556 0B       		.byte	0xb
 5446 1557 D2330000 		.4byte	0x33d2
 5447 155b 02       		.uleb128 0x2
 5448 155c 0C       		.byte	0xc
 5449 155d E3       		.byte	0xe3
 5450 155e 0B       		.byte	0xb
 5451 155f EE330000 		.4byte	0x33ee
 5452 1563 02       		.uleb128 0x2
 5453 1564 0C       		.byte	0xc
 5454 1565 E4       		.byte	0xe4
 5455 1566 0B       		.byte	0xb
 5456 1567 05340000 		.4byte	0x3405
ARM GAS  /tmp/cc3q4aVX.s 			page 97


 5457 156b 02       		.uleb128 0x2
 5458 156c 0C       		.byte	0xc
 5459 156d E5       		.byte	0xe5
 5460 156e 0B       		.byte	0xb
 5461 156f 26340000 		.4byte	0x3426
 5462 1573 02       		.uleb128 0x2
 5463 1574 0C       		.byte	0xc
 5464 1575 E7       		.byte	0xe7
 5465 1576 0B       		.byte	0xb
 5466 1577 47340000 		.4byte	0x3447
 5467 157b 02       		.uleb128 0x2
 5468 157c 0C       		.byte	0xc
 5469 157d E8       		.byte	0xe8
 5470 157e 0B       		.byte	0xb
 5471 157f 62340000 		.4byte	0x3462
 5472 1583 5F       		.uleb128 0x5f
 5473 1584 64697600 		.ascii	"div\000"
 5474 1588 0C       		.byte	0xc
 5475 1589 D5       		.byte	0xd5
 5476 158a 03       		.byte	0x3
 5477 158b D4080000 		.4byte	.LASF650
 5478 158f 471F0000 		.4byte	0x1f47
 5479 1593 01       		.uleb128 0x1
 5480 1594 84000000 		.4byte	0x84
 5481 1598 01       		.uleb128 0x1
 5482 1599 84000000 		.4byte	0x84
 5483 159d 00       		.byte	0
 5484 159e 00       		.byte	0
 5485 159f 17       		.uleb128 0x17
 5486 15a0 08       		.byte	0x8
 5487 15a1 04       		.byte	0x4
 5488 15a2 58150000 		.4byte	.LASF252
 5489 15a6 17       		.uleb128 0x17
 5490 15a7 08       		.byte	0x8
 5491 15a8 04       		.byte	0x4
 5492 15a9 80030000 		.4byte	.LASF253
 5493 15ad 0E       		.uleb128 0xe
 5494 15ae 25000000 		.4byte	0x25
 5495 15b2 08       		.uleb128 0x8
 5496 15b3 841D0000 		.4byte	.LASF254
 5497 15b7 0F       		.byte	0xf
 5498 15b8 D1       		.byte	0xd1
 5499 15b9 17       		.byte	0x17
 5500 15ba 33000000 		.4byte	0x33
 5501 15be 0E       		.uleb128 0xe
 5502 15bf B2150000 		.4byte	0x15b2
 5503 15c3 60       		.uleb128 0x60
 5504 15c4 10       		.byte	0x10
 5505 15c5 08       		.byte	0x8
 5506 15c6 0F       		.byte	0xf
 5507 15c7 9F01     		.2byte	0x19f
 5508 15c9 10       		.byte	0x10
 5509 15ca B61D0000 		.4byte	.LASF651
 5510 15ce F1150000 		.4byte	0x15f1
 5511 15d2 49       		.uleb128 0x49
 5512 15d3 69140000 		.4byte	.LASF255
 5513 15d7 0F       		.byte	0xf
ARM GAS  /tmp/cc3q4aVX.s 			page 98


 5514 15d8 A001     		.2byte	0x1a0
 5515 15da 0D       		.byte	0xd
 5516 15db 84000000 		.4byte	0x84
 5517 15df 08       		.byte	0x8
 5518 15e0 00       		.byte	0
 5519 15e1 49       		.uleb128 0x49
 5520 15e2 41140000 		.4byte	.LASF256
 5521 15e6 0F       		.byte	0xf
 5522 15e7 A101     		.2byte	0x1a1
 5523 15e9 0F       		.byte	0xf
 5524 15ea 9F150000 		.4byte	0x159f
 5525 15ee 08       		.byte	0x8
 5526 15ef 08       		.byte	0x8
 5527 15f0 00       		.byte	0
 5528 15f1 61       		.uleb128 0x61
 5529 15f2 BB120000 		.4byte	.LASF652
 5530 15f6 0F       		.byte	0xf
 5531 15f7 AA01     		.2byte	0x1aa
 5532 15f9 03       		.byte	0x3
 5533 15fa C3150000 		.4byte	0x15c3
 5534 15fe 08       		.byte	0x8
 5535 15ff 62       		.uleb128 0x62
 5536 1600 2D0A0000 		.4byte	.LASF653
 5537 1604 30       		.uleb128 0x30
 5538 1605 F2180000 		.4byte	.LASF257
 5539 1609 0F       		.byte	0xf
 5540 160a 5E01     		.2byte	0x15e
 5541 160c 17       		.byte	0x17
 5542 160d 33000000 		.4byte	0x33
 5543 1611 08       		.uleb128 0x8
 5544 1612 C41D0000 		.4byte	.LASF258
 5545 1616 10       		.byte	0x10
 5546 1617 2E       		.byte	0x2e
 5547 1618 0E       		.byte	0xe
 5548 1619 71000000 		.4byte	0x71
 5549 161d 08       		.uleb128 0x8
 5550 161e 02160000 		.4byte	.LASF259
 5551 1622 10       		.byte	0x10
 5552 1623 74       		.byte	0x74
 5553 1624 0E       		.byte	0xe
 5554 1625 71000000 		.4byte	0x71
 5555 1629 35       		.uleb128 0x35
 5556 162a 08       		.byte	0x8
 5557 162b 10       		.byte	0x10
 5558 162c A3       		.byte	0xa3
 5559 162d 01       		.byte	0x1
 5560 162e CA040000 		.4byte	.LASF368
 5561 1632 73160000 		.4byte	0x1673
 5562 1636 63       		.uleb128 0x63
 5563 1637 04       		.byte	0x4
 5564 1638 10       		.byte	0x10
 5565 1639 A6       		.byte	0xa6
 5566 163a 03       		.byte	0x3
 5567 163b 58160000 		.4byte	0x1658
 5568 163f 4A       		.uleb128 0x4a
 5569 1640 EF030000 		.4byte	.LASF260
 5570 1644 10       		.byte	0x10
ARM GAS  /tmp/cc3q4aVX.s 			page 99


 5571 1645 A7       		.byte	0xa7
 5572 1646 0C       		.byte	0xc
 5573 1647 04160000 		.4byte	0x1604
 5574 164b 4A       		.uleb128 0x4a
 5575 164c 33160000 		.4byte	.LASF261
 5576 1650 10       		.byte	0x10
 5577 1651 A8       		.byte	0xa8
 5578 1652 13       		.byte	0x13
 5579 1653 73160000 		.4byte	0x1673
 5580 1657 00       		.byte	0
 5581 1658 06       		.uleb128 0x6
 5582 1659 9B140000 		.4byte	.LASF262
 5583 165d 10       		.byte	0x10
 5584 165e A4       		.byte	0xa4
 5585 165f 07       		.byte	0x7
 5586 1660 2C000000 		.4byte	0x2c
 5587 1664 00       		.byte	0
 5588 1665 06       		.uleb128 0x6
 5589 1666 AF000000 		.4byte	.LASF263
 5590 166a 10       		.byte	0x10
 5591 166b A9       		.byte	0xa9
 5592 166c 05       		.byte	0x5
 5593 166d 36160000 		.4byte	0x1636
 5594 1671 04       		.byte	0x4
 5595 1672 00       		.byte	0
 5596 1673 0C       		.uleb128 0xc
 5597 1674 9C000000 		.4byte	0x9c
 5598 1678 83160000 		.4byte	0x1683
 5599 167c 0F       		.uleb128 0xf
 5600 167d 33000000 		.4byte	0x33
 5601 1681 03       		.byte	0x3
 5602 1682 00       		.byte	0
 5603 1683 08       		.uleb128 0x8
 5604 1684 A3180000 		.4byte	.LASF264
 5605 1688 10       		.byte	0x10
 5606 1689 AA       		.byte	0xaa
 5607 168a 03       		.byte	0x3
 5608 168b 29160000 		.4byte	0x1629
 5609 168f 64       		.uleb128 0x64
 5610 1690 04       		.byte	0x4
 5611 1691 08       		.uleb128 0x8
 5612 1692 FF1C0000 		.4byte	.LASF265
 5613 1696 11       		.byte	0x11
 5614 1697 16       		.byte	0x16
 5615 1698 19       		.byte	0x19
 5616 1699 C7000000 		.4byte	0xc7
 5617 169d 08       		.uleb128 0x8
 5618 169e 990F0000 		.4byte	.LASF266
 5619 16a2 12       		.byte	0x12
 5620 16a3 0C       		.byte	0xc
 5621 16a4 0D       		.byte	0xd
 5622 16a5 2C000000 		.4byte	0x2c
 5623 16a9 08       		.uleb128 0x8
 5624 16aa 27050000 		.4byte	.LASF267
 5625 16ae 11       		.byte	0x11
 5626 16af 23       		.byte	0x23
 5627 16b0 1B       		.byte	0x1b
ARM GAS  /tmp/cc3q4aVX.s 			page 100


 5628 16b1 9D160000 		.4byte	0x169d
 5629 16b5 2B       		.uleb128 0x2b
 5630 16b6 82100000 		.4byte	.LASF272
 5631 16ba 18       		.byte	0x18
 5632 16bb 11       		.byte	0x11
 5633 16bc 34       		.byte	0x34
 5634 16bd 08       		.byte	0x8
 5635 16be 0F170000 		.4byte	0x170f
 5636 16c2 06       		.uleb128 0x6
 5637 16c3 F9180000 		.4byte	.LASF268
 5638 16c7 11       		.byte	0x11
 5639 16c8 36       		.byte	0x36
 5640 16c9 13       		.byte	0x13
 5641 16ca 0F170000 		.4byte	0x170f
 5642 16ce 00       		.byte	0
 5643 16cf 12       		.uleb128 0x12
 5644 16d0 5F6B00   		.ascii	"_k\000"
 5645 16d3 11       		.byte	0x11
 5646 16d4 37       		.byte	0x37
 5647 16d5 07       		.byte	0x7
 5648 16d6 2C000000 		.4byte	0x2c
 5649 16da 04       		.byte	0x4
 5650 16db 06       		.uleb128 0x6
 5651 16dc A6100000 		.4byte	.LASF269
 5652 16e0 11       		.byte	0x11
 5653 16e1 37       		.byte	0x37
 5654 16e2 0B       		.byte	0xb
 5655 16e3 2C000000 		.4byte	0x2c
 5656 16e7 08       		.byte	0x8
 5657 16e8 06       		.uleb128 0x6
 5658 16e9 1E040000 		.4byte	.LASF270
 5659 16ed 11       		.byte	0x11
 5660 16ee 37       		.byte	0x37
 5661 16ef 14       		.byte	0x14
 5662 16f0 2C000000 		.4byte	0x2c
 5663 16f4 0C       		.byte	0xc
 5664 16f5 06       		.uleb128 0x6
 5665 16f6 6E0D0000 		.4byte	.LASF271
 5666 16fa 11       		.byte	0x11
 5667 16fb 37       		.byte	0x37
 5668 16fc 1B       		.byte	0x1b
 5669 16fd 2C000000 		.4byte	0x2c
 5670 1701 10       		.byte	0x10
 5671 1702 12       		.uleb128 0x12
 5672 1703 5F7800   		.ascii	"_x\000"
 5673 1706 11       		.byte	0x11
 5674 1707 38       		.byte	0x38
 5675 1708 0B       		.byte	0xb
 5676 1709 15170000 		.4byte	0x1715
 5677 170d 14       		.byte	0x14
 5678 170e 00       		.byte	0
 5679 170f 09       		.uleb128 0x9
 5680 1710 04       		.byte	0x4
 5681 1711 B5160000 		.4byte	0x16b5
 5682 1715 0C       		.uleb128 0xc
 5683 1716 91160000 		.4byte	0x1691
 5684 171a 25170000 		.4byte	0x1725
ARM GAS  /tmp/cc3q4aVX.s 			page 101


 5685 171e 0F       		.uleb128 0xf
 5686 171f 33000000 		.4byte	0x33
 5687 1723 00       		.byte	0
 5688 1724 00       		.byte	0
 5689 1725 2B       		.uleb128 0x2b
 5690 1726 03020000 		.4byte	.LASF273
 5691 172a 24       		.byte	0x24
 5692 172b 11       		.byte	0x11
 5693 172c 3C       		.byte	0x3c
 5694 172d 08       		.byte	0x8
 5695 172e A8170000 		.4byte	0x17a8
 5696 1732 06       		.uleb128 0x6
 5697 1733 1F020000 		.4byte	.LASF274
 5698 1737 11       		.byte	0x11
 5699 1738 3E       		.byte	0x3e
 5700 1739 09       		.byte	0x9
 5701 173a 2C000000 		.4byte	0x2c
 5702 173e 00       		.byte	0
 5703 173f 06       		.uleb128 0x6
 5704 1740 581F0000 		.4byte	.LASF275
 5705 1744 11       		.byte	0x11
 5706 1745 3F       		.byte	0x3f
 5707 1746 09       		.byte	0x9
 5708 1747 2C000000 		.4byte	0x2c
 5709 174b 04       		.byte	0x4
 5710 174c 06       		.uleb128 0x6
 5711 174d 021E0000 		.4byte	.LASF276
 5712 1751 11       		.byte	0x11
 5713 1752 40       		.byte	0x40
 5714 1753 09       		.byte	0x9
 5715 1754 2C000000 		.4byte	0x2c
 5716 1758 08       		.byte	0x8
 5717 1759 06       		.uleb128 0x6
 5718 175a E40D0000 		.4byte	.LASF277
 5719 175e 11       		.byte	0x11
 5720 175f 41       		.byte	0x41
 5721 1760 09       		.byte	0x9
 5722 1761 2C000000 		.4byte	0x2c
 5723 1765 0C       		.byte	0xc
 5724 1766 06       		.uleb128 0x6
 5725 1767 9C050000 		.4byte	.LASF278
 5726 176b 11       		.byte	0x11
 5727 176c 42       		.byte	0x42
 5728 176d 09       		.byte	0x9
 5729 176e 2C000000 		.4byte	0x2c
 5730 1772 10       		.byte	0x10
 5731 1773 06       		.uleb128 0x6
 5732 1774 EE1A0000 		.4byte	.LASF279
 5733 1778 11       		.byte	0x11
 5734 1779 43       		.byte	0x43
 5735 177a 09       		.byte	0x9
 5736 177b 2C000000 		.4byte	0x2c
 5737 177f 14       		.byte	0x14
 5738 1780 06       		.uleb128 0x6
 5739 1781 36150000 		.4byte	.LASF280
 5740 1785 11       		.byte	0x11
 5741 1786 44       		.byte	0x44
ARM GAS  /tmp/cc3q4aVX.s 			page 102


 5742 1787 09       		.byte	0x9
 5743 1788 2C000000 		.4byte	0x2c
 5744 178c 18       		.byte	0x18
 5745 178d 06       		.uleb128 0x6
 5746 178e 6C150000 		.4byte	.LASF281
 5747 1792 11       		.byte	0x11
 5748 1793 45       		.byte	0x45
 5749 1794 09       		.byte	0x9
 5750 1795 2C000000 		.4byte	0x2c
 5751 1799 1C       		.byte	0x1c
 5752 179a 06       		.uleb128 0x6
 5753 179b 0F1F0000 		.4byte	.LASF282
 5754 179f 11       		.byte	0x11
 5755 17a0 46       		.byte	0x46
 5756 17a1 09       		.byte	0x9
 5757 17a2 2C000000 		.4byte	0x2c
 5758 17a6 20       		.byte	0x20
 5759 17a7 00       		.byte	0
 5760 17a8 3B       		.uleb128 0x3b
 5761 17a9 41040000 		.4byte	.LASF283
 5762 17ad 0801     		.2byte	0x108
 5763 17af 11       		.byte	0x11
 5764 17b0 4F       		.byte	0x4f
 5765 17b1 08       		.byte	0x8
 5766 17b2 ED170000 		.4byte	0x17ed
 5767 17b6 06       		.uleb128 0x6
 5768 17b7 FB1E0000 		.4byte	.LASF284
 5769 17bb 11       		.byte	0x11
 5770 17bc 50       		.byte	0x50
 5771 17bd 0A       		.byte	0xa
 5772 17be ED170000 		.4byte	0x17ed
 5773 17c2 00       		.byte	0
 5774 17c3 06       		.uleb128 0x6
 5775 17c4 4D170000 		.4byte	.LASF285
 5776 17c8 11       		.byte	0x11
 5777 17c9 51       		.byte	0x51
 5778 17ca 09       		.byte	0x9
 5779 17cb ED170000 		.4byte	0x17ed
 5780 17cf 80       		.byte	0x80
 5781 17d0 2C       		.uleb128 0x2c
 5782 17d1 CF1A0000 		.4byte	.LASF286
 5783 17d5 11       		.byte	0x11
 5784 17d6 53       		.byte	0x53
 5785 17d7 0A       		.byte	0xa
 5786 17d8 91160000 		.4byte	0x1691
 5787 17dc 0001     		.2byte	0x100
 5788 17de 2C       		.uleb128 0x2c
 5789 17df 471C0000 		.4byte	.LASF287
 5790 17e3 11       		.byte	0x11
 5791 17e4 56       		.byte	0x56
 5792 17e5 0A       		.byte	0xa
 5793 17e6 91160000 		.4byte	0x1691
 5794 17ea 0401     		.2byte	0x104
 5795 17ec 00       		.byte	0
 5796 17ed 0C       		.uleb128 0xc
 5797 17ee 8F160000 		.4byte	0x168f
 5798 17f2 FD170000 		.4byte	0x17fd
ARM GAS  /tmp/cc3q4aVX.s 			page 103


 5799 17f6 0F       		.uleb128 0xf
 5800 17f7 33000000 		.4byte	0x33
 5801 17fb 1F       		.byte	0x1f
 5802 17fc 00       		.byte	0
 5803 17fd 3B       		.uleb128 0x3b
 5804 17fe 50140000 		.4byte	.LASF288
 5805 1802 9001     		.2byte	0x190
 5806 1804 11       		.byte	0x11
 5807 1805 62       		.byte	0x62
 5808 1806 08       		.byte	0x8
 5809 1807 40180000 		.4byte	0x1840
 5810 180b 06       		.uleb128 0x6
 5811 180c F9180000 		.4byte	.LASF268
 5812 1810 11       		.byte	0x11
 5813 1811 63       		.byte	0x63
 5814 1812 12       		.byte	0x12
 5815 1813 40180000 		.4byte	0x1840
 5816 1817 00       		.byte	0
 5817 1818 06       		.uleb128 0x6
 5818 1819 C61B0000 		.4byte	.LASF289
 5819 181d 11       		.byte	0x11
 5820 181e 64       		.byte	0x64
 5821 181f 06       		.byte	0x6
 5822 1820 2C000000 		.4byte	0x2c
 5823 1824 04       		.byte	0x4
 5824 1825 06       		.uleb128 0x6
 5825 1826 CA080000 		.4byte	.LASF290
 5826 182a 11       		.byte	0x11
 5827 182b 66       		.byte	0x66
 5828 182c 09       		.byte	0x9
 5829 182d 46180000 		.4byte	0x1846
 5830 1831 08       		.byte	0x8
 5831 1832 06       		.uleb128 0x6
 5832 1833 41040000 		.4byte	.LASF283
 5833 1837 11       		.byte	0x11
 5834 1838 67       		.byte	0x67
 5835 1839 1E       		.byte	0x1e
 5836 183a A8170000 		.4byte	0x17a8
 5837 183e 88       		.byte	0x88
 5838 183f 00       		.byte	0
 5839 1840 09       		.uleb128 0x9
 5840 1841 04       		.byte	0x4
 5841 1842 FD170000 		.4byte	0x17fd
 5842 1846 0C       		.uleb128 0xc
 5843 1847 56180000 		.4byte	0x1856
 5844 184b 56180000 		.4byte	0x1856
 5845 184f 0F       		.uleb128 0xf
 5846 1850 33000000 		.4byte	0x33
 5847 1854 1F       		.byte	0x1f
 5848 1855 00       		.byte	0
 5849 1856 09       		.uleb128 0x9
 5850 1857 04       		.byte	0x4
 5851 1858 5C180000 		.4byte	0x185c
 5852 185c 65       		.uleb128 0x65
 5853 185d 2B       		.uleb128 0x2b
 5854 185e 241C0000 		.4byte	.LASF291
 5855 1862 08       		.byte	0x8
ARM GAS  /tmp/cc3q4aVX.s 			page 104


 5856 1863 11       		.byte	0x11
 5857 1864 7A       		.byte	0x7a
 5858 1865 08       		.byte	0x8
 5859 1866 85180000 		.4byte	0x1885
 5860 186a 06       		.uleb128 0x6
 5861 186b FD170000 		.4byte	.LASF292
 5862 186f 11       		.byte	0x11
 5863 1870 7B       		.byte	0x7b
 5864 1871 11       		.byte	0x11
 5865 1872 85180000 		.4byte	0x1885
 5866 1876 00       		.byte	0
 5867 1877 06       		.uleb128 0x6
 5868 1878 81020000 		.4byte	.LASF293
 5869 187c 11       		.byte	0x11
 5870 187d 7C       		.byte	0x7c
 5871 187e 06       		.byte	0x6
 5872 187f 2C000000 		.4byte	0x2c
 5873 1883 04       		.byte	0x4
 5874 1884 00       		.byte	0
 5875 1885 09       		.uleb128 0x9
 5876 1886 04       		.byte	0x4
 5877 1887 9C000000 		.4byte	0x9c
 5878 188b 2B       		.uleb128 0x2b
 5879 188c 170F0000 		.4byte	.LASF294
 5880 1890 68       		.byte	0x68
 5881 1891 11       		.byte	0x11
 5882 1892 BA       		.byte	0xba
 5883 1893 08       		.byte	0x8
 5884 1894 CE190000 		.4byte	0x19ce
 5885 1898 12       		.uleb128 0x12
 5886 1899 5F7000   		.ascii	"_p\000"
 5887 189c 11       		.byte	0x11
 5888 189d BB       		.byte	0xbb
 5889 189e 12       		.byte	0x12
 5890 189f 85180000 		.4byte	0x1885
 5891 18a3 00       		.byte	0
 5892 18a4 12       		.uleb128 0x12
 5893 18a5 5F7200   		.ascii	"_r\000"
 5894 18a8 11       		.byte	0x11
 5895 18a9 BC       		.byte	0xbc
 5896 18aa 07       		.byte	0x7
 5897 18ab 2C000000 		.4byte	0x2c
 5898 18af 04       		.byte	0x4
 5899 18b0 12       		.uleb128 0x12
 5900 18b1 5F7700   		.ascii	"_w\000"
 5901 18b4 11       		.byte	0x11
 5902 18b5 BD       		.byte	0xbd
 5903 18b6 07       		.byte	0x7
 5904 18b7 2C000000 		.4byte	0x2c
 5905 18bb 08       		.byte	0x8
 5906 18bc 06       		.uleb128 0x6
 5907 18bd F9130000 		.4byte	.LASF295
 5908 18c1 11       		.byte	0x11
 5909 18c2 BE       		.byte	0xbe
 5910 18c3 09       		.byte	0x9
 5911 18c4 59000000 		.4byte	0x59
 5912 18c8 0C       		.byte	0xc
ARM GAS  /tmp/cc3q4aVX.s 			page 105


 5913 18c9 06       		.uleb128 0x6
 5914 18ca 24040000 		.4byte	.LASF296
 5915 18ce 11       		.byte	0x11
 5916 18cf BF       		.byte	0xbf
 5917 18d0 09       		.byte	0x9
 5918 18d1 59000000 		.4byte	0x59
 5919 18d5 0E       		.byte	0xe
 5920 18d6 12       		.uleb128 0x12
 5921 18d7 5F626600 		.ascii	"_bf\000"
 5922 18db 11       		.byte	0x11
 5923 18dc C0       		.byte	0xc0
 5924 18dd 11       		.byte	0x11
 5925 18de 5D180000 		.4byte	0x185d
 5926 18e2 10       		.byte	0x10
 5927 18e3 06       		.uleb128 0x6
 5928 18e4 77120000 		.4byte	.LASF297
 5929 18e8 11       		.byte	0x11
 5930 18e9 C1       		.byte	0xc1
 5931 18ea 07       		.byte	0x7
 5932 18eb 2C000000 		.4byte	0x2c
 5933 18ef 18       		.byte	0x18
 5934 18f0 06       		.uleb128 0x6
 5935 18f1 250D0000 		.4byte	.LASF298
 5936 18f5 11       		.byte	0x11
 5937 18f6 C8       		.byte	0xc8
 5938 18f7 0A       		.byte	0xa
 5939 18f8 8F160000 		.4byte	0x168f
 5940 18fc 1C       		.byte	0x1c
 5941 18fd 06       		.uleb128 0x6
 5942 18fe 01010000 		.4byte	.LASF299
 5943 1902 11       		.byte	0x11
 5944 1903 CA       		.byte	0xca
 5945 1904 1D       		.byte	0x1d
 5946 1905 B31C0000 		.4byte	0x1cb3
 5947 1909 20       		.byte	0x20
 5948 190a 06       		.uleb128 0x6
 5949 190b 23010000 		.4byte	.LASF300
 5950 190f 11       		.byte	0x11
 5951 1910 CC       		.byte	0xcc
 5952 1911 1D       		.byte	0x1d
 5953 1912 DD1C0000 		.4byte	0x1cdd
 5954 1916 24       		.byte	0x24
 5955 1917 06       		.uleb128 0x6
 5956 1918 F0150000 		.4byte	.LASF301
 5957 191c 11       		.byte	0x11
 5958 191d CF       		.byte	0xcf
 5959 191e 0D       		.byte	0xd
 5960 191f 011D0000 		.4byte	0x1d01
 5961 1923 28       		.byte	0x28
 5962 1924 06       		.uleb128 0x6
 5963 1925 E9080000 		.4byte	.LASF302
 5964 1929 11       		.byte	0x11
 5965 192a D0       		.byte	0xd0
 5966 192b 09       		.byte	0x9
 5967 192c 1B1D0000 		.4byte	0x1d1b
 5968 1930 2C       		.byte	0x2c
 5969 1931 12       		.uleb128 0x12
ARM GAS  /tmp/cc3q4aVX.s 			page 106


 5970 1932 5F756200 		.ascii	"_ub\000"
 5971 1936 11       		.byte	0x11
 5972 1937 D3       		.byte	0xd3
 5973 1938 11       		.byte	0x11
 5974 1939 5D180000 		.4byte	0x185d
 5975 193d 30       		.byte	0x30
 5976 193e 12       		.uleb128 0x12
 5977 193f 5F757000 		.ascii	"_up\000"
 5978 1943 11       		.byte	0x11
 5979 1944 D4       		.byte	0xd4
 5980 1945 12       		.byte	0x12
 5981 1946 85180000 		.4byte	0x1885
 5982 194a 38       		.byte	0x38
 5983 194b 12       		.uleb128 0x12
 5984 194c 5F757200 		.ascii	"_ur\000"
 5985 1950 11       		.byte	0x11
 5986 1951 D5       		.byte	0xd5
 5987 1952 07       		.byte	0x7
 5988 1953 2C000000 		.4byte	0x2c
 5989 1957 3C       		.byte	0x3c
 5990 1958 06       		.uleb128 0x6
 5991 1959 8B130000 		.4byte	.LASF303
 5992 195d 11       		.byte	0x11
 5993 195e D8       		.byte	0xd8
 5994 195f 11       		.byte	0x11
 5995 1960 211D0000 		.4byte	0x1d21
 5996 1964 40       		.byte	0x40
 5997 1965 06       		.uleb128 0x6
 5998 1966 19020000 		.4byte	.LASF304
 5999 196a 11       		.byte	0x11
 6000 196b D9       		.byte	0xd9
 6001 196c 11       		.byte	0x11
 6002 196d 311D0000 		.4byte	0x1d31
 6003 1971 43       		.byte	0x43
 6004 1972 12       		.uleb128 0x12
 6005 1973 5F6C6200 		.ascii	"_lb\000"
 6006 1977 11       		.byte	0x11
 6007 1978 DC       		.byte	0xdc
 6008 1979 11       		.byte	0x11
 6009 197a 5D180000 		.4byte	0x185d
 6010 197e 44       		.byte	0x44
 6011 197f 06       		.uleb128 0x6
 6012 1980 C7170000 		.4byte	.LASF305
 6013 1984 11       		.byte	0x11
 6014 1985 DF       		.byte	0xdf
 6015 1986 07       		.byte	0x7
 6016 1987 2C000000 		.4byte	0x2c
 6017 198b 4C       		.byte	0x4c
 6018 198c 06       		.uleb128 0x6
 6019 198d C50D0000 		.4byte	.LASF306
 6020 1991 11       		.byte	0x11
 6021 1992 E0       		.byte	0xe0
 6022 1993 0A       		.byte	0xa
 6023 1994 11160000 		.4byte	0x1611
 6024 1998 50       		.byte	0x50
 6025 1999 06       		.uleb128 0x6
 6026 199a FF180000 		.4byte	.LASF307
ARM GAS  /tmp/cc3q4aVX.s 			page 107


 6027 199e 11       		.byte	0x11
 6028 199f E3       		.byte	0xe3
 6029 19a0 12       		.byte	0x12
 6030 19a1 EC190000 		.4byte	0x19ec
 6031 19a5 54       		.byte	0x54
 6032 19a6 06       		.uleb128 0x6
 6033 19a7 AA020000 		.4byte	.LASF308
 6034 19ab 11       		.byte	0x11
 6035 19ac E7       		.byte	0xe7
 6036 19ad 0C       		.byte	0xc
 6037 19ae A9160000 		.4byte	0x16a9
 6038 19b2 58       		.byte	0x58
 6039 19b3 06       		.uleb128 0x6
 6040 19b4 C8130000 		.4byte	.LASF309
 6041 19b8 11       		.byte	0x11
 6042 19b9 E9       		.byte	0xe9
 6043 19ba 0E       		.byte	0xe
 6044 19bb 83160000 		.4byte	0x1683
 6045 19bf 5C       		.byte	0x5c
 6046 19c0 06       		.uleb128 0x6
 6047 19c1 2A0F0000 		.4byte	.LASF310
 6048 19c5 11       		.byte	0x11
 6049 19c6 EA       		.byte	0xea
 6050 19c7 09       		.byte	0x9
 6051 19c8 2C000000 		.4byte	0x2c
 6052 19cc 64       		.byte	0x64
 6053 19cd 00       		.byte	0
 6054 19ce 2D       		.uleb128 0x2d
 6055 19cf 2C000000 		.4byte	0x2c
 6056 19d3 EC190000 		.4byte	0x19ec
 6057 19d7 01       		.uleb128 0x1
 6058 19d8 EC190000 		.4byte	0x19ec
 6059 19dc 01       		.uleb128 0x1
 6060 19dd 8F160000 		.4byte	0x168f
 6061 19e1 01       		.uleb128 0x1
 6062 19e2 A11C0000 		.4byte	0x1ca1
 6063 19e6 01       		.uleb128 0x1
 6064 19e7 2C000000 		.4byte	0x2c
 6065 19eb 00       		.byte	0
 6066 19ec 09       		.uleb128 0x9
 6067 19ed 04       		.byte	0x4
 6068 19ee F7190000 		.4byte	0x19f7
 6069 19f2 0E       		.uleb128 0xe
 6070 19f3 EC190000 		.4byte	0x19ec
 6071 19f7 4B       		.uleb128 0x4b
 6072 19f8 15080000 		.4byte	.LASF311
 6073 19fc 2804     		.2byte	0x428
 6074 19fe 11       		.byte	0x11
 6075 19ff 6502     		.2byte	0x265
 6076 1a01 08       		.byte	0x8
 6077 1a02 A11C0000 		.4byte	0x1ca1
 6078 1a06 66       		.uleb128 0x66
 6079 1a07 F0       		.byte	0xf0
 6080 1a08 11       		.byte	0x11
 6081 1a09 8402     		.2byte	0x284
 6082 1a0b 05       		.byte	0x5
 6083 1a0c 671B0000 		.4byte	0x1b67
ARM GAS  /tmp/cc3q4aVX.s 			page 108


 6084 1a10 4C       		.uleb128 0x4c
 6085 1a11 D0       		.byte	0xd0
 6086 1a12 11       		.byte	0x11
 6087 1a13 8602     		.2byte	0x286
 6088 1a15 09       		.byte	0x9
 6089 1a16 251B0000 		.4byte	0x1b25
 6090 1a1a 05       		.uleb128 0x5
 6091 1a1b 2C060000 		.4byte	.LASF312
 6092 1a1f 11       		.byte	0x11
 6093 1a20 8702     		.2byte	0x287
 6094 1a22 18       		.byte	0x18
 6095 1a23 33000000 		.4byte	0x33
 6096 1a27 00       		.byte	0
 6097 1a28 05       		.uleb128 0x5
 6098 1a29 19180000 		.4byte	.LASF313
 6099 1a2d 11       		.byte	0x11
 6100 1a2e 8802     		.2byte	0x288
 6101 1a30 12       		.byte	0x12
 6102 1a31 A11C0000 		.4byte	0x1ca1
 6103 1a35 04       		.byte	0x4
 6104 1a36 05       		.uleb128 0x5
 6105 1a37 5D010000 		.4byte	.LASF314
 6106 1a3b 11       		.byte	0x11
 6107 1a3c 8902     		.2byte	0x289
 6108 1a3e 10       		.byte	0x10
 6109 1a3f DC1D0000 		.4byte	0x1ddc
 6110 1a43 08       		.byte	0x8
 6111 1a44 05       		.uleb128 0x5
 6112 1a45 11050000 		.4byte	.LASF315
 6113 1a49 11       		.byte	0x11
 6114 1a4a 8A02     		.2byte	0x28a
 6115 1a4c 17       		.byte	0x17
 6116 1a4d 25170000 		.4byte	0x1725
 6117 1a51 24       		.byte	0x24
 6118 1a52 05       		.uleb128 0x5
 6119 1a53 A1110000 		.4byte	.LASF316
 6120 1a57 11       		.byte	0x11
 6121 1a58 8B02     		.2byte	0x28b
 6122 1a5a 0F       		.byte	0xf
 6123 1a5b 2C000000 		.4byte	0x2c
 6124 1a5f 48       		.byte	0x48
 6125 1a60 05       		.uleb128 0x5
 6126 1a61 E7130000 		.4byte	.LASF317
 6127 1a65 11       		.byte	0x11
 6128 1a66 8C02     		.2byte	0x28c
 6129 1a68 2C       		.byte	0x2c
 6130 1a69 DA000000 		.4byte	0xda
 6131 1a6d 50       		.byte	0x50
 6132 1a6e 05       		.uleb128 0x5
 6133 1a6f C2180000 		.4byte	.LASF318
 6134 1a73 11       		.byte	0x11
 6135 1a74 8D02     		.2byte	0x28d
 6136 1a76 1A       		.byte	0x1a
 6137 1a77 931D0000 		.4byte	0x1d93
 6138 1a7b 58       		.byte	0x58
 6139 1a7c 05       		.uleb128 0x5
 6140 1a7d 3A1A0000 		.4byte	.LASF319
ARM GAS  /tmp/cc3q4aVX.s 			page 109


 6141 1a81 11       		.byte	0x11
 6142 1a82 8E02     		.2byte	0x28e
 6143 1a84 16       		.byte	0x16
 6144 1a85 83160000 		.4byte	0x1683
 6145 1a89 68       		.byte	0x68
 6146 1a8a 05       		.uleb128 0x5
 6147 1a8b 6A160000 		.4byte	.LASF320
 6148 1a8f 11       		.byte	0x11
 6149 1a90 8F02     		.2byte	0x28f
 6150 1a92 16       		.byte	0x16
 6151 1a93 83160000 		.4byte	0x1683
 6152 1a97 70       		.byte	0x70
 6153 1a98 05       		.uleb128 0x5
 6154 1a99 BA130000 		.4byte	.LASF321
 6155 1a9d 11       		.byte	0x11
 6156 1a9e 9002     		.2byte	0x290
 6157 1aa0 16       		.byte	0x16
 6158 1aa1 83160000 		.4byte	0x1683
 6159 1aa5 78       		.byte	0x78
 6160 1aa6 05       		.uleb128 0x5
 6161 1aa7 34020000 		.4byte	.LASF322
 6162 1aab 11       		.byte	0x11
 6163 1aac 9102     		.2byte	0x291
 6164 1aae 10       		.byte	0x10
 6165 1aaf EC1D0000 		.4byte	0x1dec
 6166 1ab3 80       		.byte	0x80
 6167 1ab4 05       		.uleb128 0x5
 6168 1ab5 FD0F0000 		.4byte	.LASF323
 6169 1ab9 11       		.byte	0x11
 6170 1aba 9202     		.2byte	0x292
 6171 1abc 10       		.byte	0x10
 6172 1abd FC1D0000 		.4byte	0x1dfc
 6173 1ac1 88       		.byte	0x88
 6174 1ac2 05       		.uleb128 0x5
 6175 1ac3 6D1F0000 		.4byte	.LASF324
 6176 1ac7 11       		.byte	0x11
 6177 1ac8 9302     		.2byte	0x293
 6178 1aca 0F       		.byte	0xf
 6179 1acb 2C000000 		.4byte	0x2c
 6180 1acf A0       		.byte	0xa0
 6181 1ad0 05       		.uleb128 0x5
 6182 1ad1 77040000 		.4byte	.LASF325
 6183 1ad5 11       		.byte	0x11
 6184 1ad6 9402     		.2byte	0x294
 6185 1ad8 16       		.byte	0x16
 6186 1ad9 83160000 		.4byte	0x1683
 6187 1add A4       		.byte	0xa4
 6188 1ade 05       		.uleb128 0x5
 6189 1adf 2B180000 		.4byte	.LASF326
 6190 1ae3 11       		.byte	0x11
 6191 1ae4 9502     		.2byte	0x295
 6192 1ae6 16       		.byte	0x16
 6193 1ae7 83160000 		.4byte	0x1683
 6194 1aeb AC       		.byte	0xac
 6195 1aec 05       		.uleb128 0x5
 6196 1aed 401E0000 		.4byte	.LASF327
 6197 1af1 11       		.byte	0x11
ARM GAS  /tmp/cc3q4aVX.s 			page 110


 6198 1af2 9602     		.2byte	0x296
 6199 1af4 16       		.byte	0x16
 6200 1af5 83160000 		.4byte	0x1683
 6201 1af9 B4       		.byte	0xb4
 6202 1afa 05       		.uleb128 0x5
 6203 1afb 34130000 		.4byte	.LASF328
 6204 1aff 11       		.byte	0x11
 6205 1b00 9702     		.2byte	0x297
 6206 1b02 16       		.byte	0x16
 6207 1b03 83160000 		.4byte	0x1683
 6208 1b07 BC       		.byte	0xbc
 6209 1b08 05       		.uleb128 0x5
 6210 1b09 08020000 		.4byte	.LASF329
 6211 1b0d 11       		.byte	0x11
 6212 1b0e 9802     		.2byte	0x298
 6213 1b10 16       		.byte	0x16
 6214 1b11 83160000 		.4byte	0x1683
 6215 1b15 C4       		.byte	0xc4
 6216 1b16 05       		.uleb128 0x5
 6217 1b17 EB120000 		.4byte	.LASF330
 6218 1b1b 11       		.byte	0x11
 6219 1b1c 9902     		.2byte	0x299
 6220 1b1e 08       		.byte	0x8
 6221 1b1f 2C000000 		.4byte	0x2c
 6222 1b23 CC       		.byte	0xcc
 6223 1b24 00       		.byte	0
 6224 1b25 4C       		.uleb128 0x4c
 6225 1b26 F0       		.byte	0xf0
 6226 1b27 11       		.byte	0x11
 6227 1b28 9F02     		.2byte	0x29f
 6228 1b2a 09       		.byte	0x9
 6229 1b2b 4C1B0000 		.4byte	0x1b4c
 6230 1b2f 05       		.uleb128 0x5
 6231 1b30 F2130000 		.4byte	.LASF331
 6232 1b34 11       		.byte	0x11
 6233 1b35 A102     		.2byte	0x2a1
 6234 1b37 1B       		.byte	0x1b
 6235 1b38 0C1E0000 		.4byte	0x1e0c
 6236 1b3c 00       		.byte	0
 6237 1b3d 05       		.uleb128 0x5
 6238 1b3e 8A110000 		.4byte	.LASF332
 6239 1b42 11       		.byte	0x11
 6240 1b43 A202     		.2byte	0x2a2
 6241 1b45 18       		.byte	0x18
 6242 1b46 1C1E0000 		.4byte	0x1e1c
 6243 1b4a 78       		.byte	0x78
 6244 1b4b 00       		.byte	0
 6245 1b4c 4D       		.uleb128 0x4d
 6246 1b4d 15080000 		.4byte	.LASF311
 6247 1b51 11       		.byte	0x11
 6248 1b52 9A02     		.2byte	0x29a
 6249 1b54 0B       		.byte	0xb
 6250 1b55 101A0000 		.4byte	0x1a10
 6251 1b59 4D       		.uleb128 0x4d
 6252 1b5a 66080000 		.4byte	.LASF333
 6253 1b5e 11       		.byte	0x11
 6254 1b5f A302     		.2byte	0x2a3
ARM GAS  /tmp/cc3q4aVX.s 			page 111


 6255 1b61 0B       		.byte	0xb
 6256 1b62 251B0000 		.4byte	0x1b25
 6257 1b66 00       		.byte	0
 6258 1b67 05       		.uleb128 0x5
 6259 1b68 D10F0000 		.4byte	.LASF334
 6260 1b6c 11       		.byte	0x11
 6261 1b6d 6702     		.2byte	0x267
 6262 1b6f 07       		.byte	0x7
 6263 1b70 2C000000 		.4byte	0x2c
 6264 1b74 00       		.byte	0
 6265 1b75 05       		.uleb128 0x5
 6266 1b76 EF090000 		.4byte	.LASF335
 6267 1b7a 11       		.byte	0x11
 6268 1b7b 6C02     		.2byte	0x26c
 6269 1b7d 0B       		.byte	0xb
 6270 1b7e 8D1D0000 		.4byte	0x1d8d
 6271 1b82 04       		.byte	0x4
 6272 1b83 05       		.uleb128 0x5
 6273 1b84 84170000 		.4byte	.LASF336
 6274 1b88 11       		.byte	0x11
 6275 1b89 6C02     		.2byte	0x26c
 6276 1b8b 14       		.byte	0x14
 6277 1b8c 8D1D0000 		.4byte	0x1d8d
 6278 1b90 08       		.byte	0x8
 6279 1b91 05       		.uleb128 0x5
 6280 1b92 3C0C0000 		.4byte	.LASF337
 6281 1b96 11       		.byte	0x11
 6282 1b97 6C02     		.2byte	0x26c
 6283 1b99 1E       		.byte	0x1e
 6284 1b9a 8D1D0000 		.4byte	0x1d8d
 6285 1b9e 0C       		.byte	0xc
 6286 1b9f 05       		.uleb128 0x5
 6287 1ba0 C11B0000 		.4byte	.LASF338
 6288 1ba4 11       		.byte	0x11
 6289 1ba5 6E02     		.2byte	0x26e
 6290 1ba7 08       		.byte	0x8
 6291 1ba8 2C000000 		.4byte	0x2c
 6292 1bac 10       		.byte	0x10
 6293 1bad 05       		.uleb128 0x5
 6294 1bae 2F110000 		.4byte	.LASF339
 6295 1bb2 11       		.byte	0x11
 6296 1bb3 6F02     		.2byte	0x26f
 6297 1bb5 08       		.byte	0x8
 6298 1bb6 2C1E0000 		.4byte	0x1e2c
 6299 1bba 14       		.byte	0x14
 6300 1bbb 05       		.uleb128 0x5
 6301 1bbc 59170000 		.4byte	.LASF340
 6302 1bc0 11       		.byte	0x11
 6303 1bc1 7202     		.2byte	0x272
 6304 1bc3 07       		.byte	0x7
 6305 1bc4 2C000000 		.4byte	0x2c
 6306 1bc8 30       		.byte	0x30
 6307 1bc9 05       		.uleb128 0x5
 6308 1bca 250C0000 		.4byte	.LASF341
 6309 1bce 11       		.byte	0x11
 6310 1bcf 7302     		.2byte	0x273
 6311 1bd1 16       		.byte	0x16
ARM GAS  /tmp/cc3q4aVX.s 			page 112


 6312 1bd2 411E0000 		.4byte	0x1e41
 6313 1bd6 34       		.byte	0x34
 6314 1bd7 05       		.uleb128 0x5
 6315 1bd8 1F0F0000 		.4byte	.LASF342
 6316 1bdc 11       		.byte	0x11
 6317 1bdd 7502     		.2byte	0x275
 6318 1bdf 07       		.byte	0x7
 6319 1be0 2C000000 		.4byte	0x2c
 6320 1be4 38       		.byte	0x38
 6321 1be5 05       		.uleb128 0x5
 6322 1be6 E9100000 		.4byte	.LASF343
 6323 1bea 11       		.byte	0x11
 6324 1beb 7702     		.2byte	0x277
 6325 1bed 0A       		.byte	0xa
 6326 1bee 521E0000 		.4byte	0x1e52
 6327 1bf2 3C       		.byte	0x3c
 6328 1bf3 05       		.uleb128 0x5
 6329 1bf4 3D1D0000 		.4byte	.LASF344
 6330 1bf8 11       		.byte	0x11
 6331 1bf9 7A02     		.2byte	0x27a
 6332 1bfb 13       		.byte	0x13
 6333 1bfc 0F170000 		.4byte	0x170f
 6334 1c00 40       		.byte	0x40
 6335 1c01 05       		.uleb128 0x5
 6336 1c02 C0040000 		.4byte	.LASF345
 6337 1c06 11       		.byte	0x11
 6338 1c07 7B02     		.2byte	0x27b
 6339 1c09 07       		.byte	0x7
 6340 1c0a 2C000000 		.4byte	0x2c
 6341 1c0e 44       		.byte	0x44
 6342 1c0f 05       		.uleb128 0x5
 6343 1c10 2D0D0000 		.4byte	.LASF346
 6344 1c14 11       		.byte	0x11
 6345 1c15 7C02     		.2byte	0x27c
 6346 1c17 13       		.byte	0x13
 6347 1c18 0F170000 		.4byte	0x170f
 6348 1c1c 48       		.byte	0x48
 6349 1c1d 05       		.uleb128 0x5
 6350 1c1e E9110000 		.4byte	.LASF347
 6351 1c22 11       		.byte	0x11
 6352 1c23 7D02     		.2byte	0x27d
 6353 1c25 14       		.byte	0x14
 6354 1c26 581E0000 		.4byte	0x1e58
 6355 1c2a 4C       		.byte	0x4c
 6356 1c2b 05       		.uleb128 0x5
 6357 1c2c 97010000 		.4byte	.LASF348
 6358 1c30 11       		.byte	0x11
 6359 1c31 8002     		.2byte	0x280
 6360 1c33 07       		.byte	0x7
 6361 1c34 2C000000 		.4byte	0x2c
 6362 1c38 50       		.byte	0x50
 6363 1c39 05       		.uleb128 0x5
 6364 1c3a DC0D0000 		.4byte	.LASF349
 6365 1c3e 11       		.byte	0x11
 6366 1c3f 8102     		.2byte	0x281
 6367 1c41 09       		.byte	0x9
 6368 1c42 A11C0000 		.4byte	0x1ca1
ARM GAS  /tmp/cc3q4aVX.s 			page 113


 6369 1c46 54       		.byte	0x54
 6370 1c47 05       		.uleb128 0x5
 6371 1c48 76130000 		.4byte	.LASF350
 6372 1c4c 11       		.byte	0x11
 6373 1c4d A402     		.2byte	0x2a4
 6374 1c4f 07       		.byte	0x7
 6375 1c50 061A0000 		.4byte	0x1a06
 6376 1c54 58       		.byte	0x58
 6377 1c55 23       		.uleb128 0x23
 6378 1c56 50140000 		.4byte	.LASF288
 6379 1c5a 11       		.byte	0x11
 6380 1c5b A802     		.2byte	0x2a8
 6381 1c5d 13       		.byte	0x13
 6382 1c5e 40180000 		.4byte	0x1840
 6383 1c62 4801     		.2byte	0x148
 6384 1c64 23       		.uleb128 0x23
 6385 1c65 F3100000 		.4byte	.LASF351
 6386 1c69 11       		.byte	0x11
 6387 1c6a A902     		.2byte	0x2a9
 6388 1c6c 12       		.byte	0x12
 6389 1c6d FD170000 		.4byte	0x17fd
 6390 1c71 4C01     		.2byte	0x14c
 6391 1c73 23       		.uleb128 0x23
 6392 1c74 B40D0000 		.4byte	.LASF352
 6393 1c78 11       		.byte	0x11
 6394 1c79 AD02     		.2byte	0x2ad
 6395 1c7b 0C       		.byte	0xc
 6396 1c7c 691E0000 		.4byte	0x1e69
 6397 1c80 DC02     		.2byte	0x2dc
 6398 1c82 23       		.uleb128 0x23
 6399 1c83 82110000 		.4byte	.LASF353
 6400 1c87 11       		.byte	0x11
 6401 1c88 B202     		.2byte	0x2b2
 6402 1c8a 10       		.byte	0x10
 6403 1c8b 4E1D0000 		.4byte	0x1d4e
 6404 1c8f E002     		.2byte	0x2e0
 6405 1c91 23       		.uleb128 0x23
 6406 1c92 CB000000 		.4byte	.LASF354
 6407 1c96 11       		.byte	0x11
 6408 1c97 B402     		.2byte	0x2b4
 6409 1c99 0A       		.byte	0xa
 6410 1c9a 751E0000 		.4byte	0x1e75
 6411 1c9e EC02     		.2byte	0x2ec
 6412 1ca0 00       		.byte	0
 6413 1ca1 09       		.uleb128 0x9
 6414 1ca2 04       		.byte	0x4
 6415 1ca3 A71C0000 		.4byte	0x1ca7
 6416 1ca7 17       		.uleb128 0x17
 6417 1ca8 01       		.byte	0x1
 6418 1ca9 08       		.byte	0x8
 6419 1caa BE080000 		.4byte	.LASF355
 6420 1cae 0E       		.uleb128 0xe
 6421 1caf A71C0000 		.4byte	0x1ca7
 6422 1cb3 09       		.uleb128 0x9
 6423 1cb4 04       		.byte	0x4
 6424 1cb5 CE190000 		.4byte	0x19ce
 6425 1cb9 2D       		.uleb128 0x2d
ARM GAS  /tmp/cc3q4aVX.s 			page 114


 6426 1cba 2C000000 		.4byte	0x2c
 6427 1cbe D71C0000 		.4byte	0x1cd7
 6428 1cc2 01       		.uleb128 0x1
 6429 1cc3 EC190000 		.4byte	0x19ec
 6430 1cc7 01       		.uleb128 0x1
 6431 1cc8 8F160000 		.4byte	0x168f
 6432 1ccc 01       		.uleb128 0x1
 6433 1ccd D71C0000 		.4byte	0x1cd7
 6434 1cd1 01       		.uleb128 0x1
 6435 1cd2 2C000000 		.4byte	0x2c
 6436 1cd6 00       		.byte	0
 6437 1cd7 09       		.uleb128 0x9
 6438 1cd8 04       		.byte	0x4
 6439 1cd9 AE1C0000 		.4byte	0x1cae
 6440 1cdd 09       		.uleb128 0x9
 6441 1cde 04       		.byte	0x4
 6442 1cdf B91C0000 		.4byte	0x1cb9
 6443 1ce3 2D       		.uleb128 0x2d
 6444 1ce4 1D160000 		.4byte	0x161d
 6445 1ce8 011D0000 		.4byte	0x1d01
 6446 1cec 01       		.uleb128 0x1
 6447 1ced EC190000 		.4byte	0x19ec
 6448 1cf1 01       		.uleb128 0x1
 6449 1cf2 8F160000 		.4byte	0x168f
 6450 1cf6 01       		.uleb128 0x1
 6451 1cf7 1D160000 		.4byte	0x161d
 6452 1cfb 01       		.uleb128 0x1
 6453 1cfc 2C000000 		.4byte	0x2c
 6454 1d00 00       		.byte	0
 6455 1d01 09       		.uleb128 0x9
 6456 1d02 04       		.byte	0x4
 6457 1d03 E31C0000 		.4byte	0x1ce3
 6458 1d07 2D       		.uleb128 0x2d
 6459 1d08 2C000000 		.4byte	0x2c
 6460 1d0c 1B1D0000 		.4byte	0x1d1b
 6461 1d10 01       		.uleb128 0x1
 6462 1d11 EC190000 		.4byte	0x19ec
 6463 1d15 01       		.uleb128 0x1
 6464 1d16 8F160000 		.4byte	0x168f
 6465 1d1a 00       		.byte	0
 6466 1d1b 09       		.uleb128 0x9
 6467 1d1c 04       		.byte	0x4
 6468 1d1d 071D0000 		.4byte	0x1d07
 6469 1d21 0C       		.uleb128 0xc
 6470 1d22 9C000000 		.4byte	0x9c
 6471 1d26 311D0000 		.4byte	0x1d31
 6472 1d2a 0F       		.uleb128 0xf
 6473 1d2b 33000000 		.4byte	0x33
 6474 1d2f 02       		.byte	0x2
 6475 1d30 00       		.byte	0
 6476 1d31 0C       		.uleb128 0xc
 6477 1d32 9C000000 		.4byte	0x9c
 6478 1d36 411D0000 		.4byte	0x1d41
 6479 1d3a 0F       		.uleb128 0xf
 6480 1d3b 33000000 		.4byte	0x33
 6481 1d3f 00       		.byte	0
 6482 1d40 00       		.byte	0
ARM GAS  /tmp/cc3q4aVX.s 			page 115


 6483 1d41 30       		.uleb128 0x30
 6484 1d42 7A180000 		.4byte	.LASF356
 6485 1d46 11       		.byte	0x11
 6486 1d47 2401     		.2byte	0x124
 6487 1d49 1A       		.byte	0x1a
 6488 1d4a 8B180000 		.4byte	0x188b
 6489 1d4e 36       		.uleb128 0x36
 6490 1d4f 26120000 		.4byte	.LASF357
 6491 1d53 0C       		.byte	0xc
 6492 1d54 11       		.byte	0x11
 6493 1d55 2801     		.2byte	0x128
 6494 1d57 08       		.byte	0x8
 6495 1d58 871D0000 		.4byte	0x1d87
 6496 1d5c 05       		.uleb128 0x5
 6497 1d5d F9180000 		.4byte	.LASF268
 6498 1d61 11       		.byte	0x11
 6499 1d62 2A01     		.2byte	0x12a
 6500 1d64 11       		.byte	0x11
 6501 1d65 871D0000 		.4byte	0x1d87
 6502 1d69 00       		.byte	0
 6503 1d6a 05       		.uleb128 0x5
 6504 1d6b 7B110000 		.4byte	.LASF358
 6505 1d6f 11       		.byte	0x11
 6506 1d70 2B01     		.2byte	0x12b
 6507 1d72 07       		.byte	0x7
 6508 1d73 2C000000 		.4byte	0x2c
 6509 1d77 04       		.byte	0x4
 6510 1d78 05       		.uleb128 0x5
 6511 1d79 0A120000 		.4byte	.LASF359
 6512 1d7d 11       		.byte	0x11
 6513 1d7e 2C01     		.2byte	0x12c
 6514 1d80 0B       		.byte	0xb
 6515 1d81 8D1D0000 		.4byte	0x1d8d
 6516 1d85 08       		.byte	0x8
 6517 1d86 00       		.byte	0
 6518 1d87 09       		.uleb128 0x9
 6519 1d88 04       		.byte	0x4
 6520 1d89 4E1D0000 		.4byte	0x1d4e
 6521 1d8d 09       		.uleb128 0x9
 6522 1d8e 04       		.byte	0x4
 6523 1d8f 411D0000 		.4byte	0x1d41
 6524 1d93 36       		.uleb128 0x36
 6525 1d94 72170000 		.4byte	.LASF360
 6526 1d98 0E       		.byte	0xe
 6527 1d99 11       		.byte	0x11
 6528 1d9a 4401     		.2byte	0x144
 6529 1d9c 08       		.byte	0x8
 6530 1d9d CC1D0000 		.4byte	0x1dcc
 6531 1da1 05       		.uleb128 0x5
 6532 1da2 C5150000 		.4byte	.LASF361
 6533 1da6 11       		.byte	0x11
 6534 1da7 4501     		.2byte	0x145
 6535 1da9 12       		.byte	0x12
 6536 1daa CC1D0000 		.4byte	0x1dcc
 6537 1dae 00       		.byte	0
 6538 1daf 05       		.uleb128 0x5
 6539 1db0 42030000 		.4byte	.LASF362
ARM GAS  /tmp/cc3q4aVX.s 			page 116


 6540 1db4 11       		.byte	0x11
 6541 1db5 4601     		.2byte	0x146
 6542 1db7 12       		.byte	0x12
 6543 1db8 CC1D0000 		.4byte	0x1dcc
 6544 1dbc 06       		.byte	0x6
 6545 1dbd 05       		.uleb128 0x5
 6546 1dbe D91D0000 		.4byte	.LASF363
 6547 1dc2 11       		.byte	0x11
 6548 1dc3 4701     		.2byte	0x147
 6549 1dc5 12       		.byte	0x12
 6550 1dc6 AF000000 		.4byte	0xaf
 6551 1dca 0C       		.byte	0xc
 6552 1dcb 00       		.byte	0
 6553 1dcc 0C       		.uleb128 0xc
 6554 1dcd AF000000 		.4byte	0xaf
 6555 1dd1 DC1D0000 		.4byte	0x1ddc
 6556 1dd5 0F       		.uleb128 0xf
 6557 1dd6 33000000 		.4byte	0x33
 6558 1dda 02       		.byte	0x2
 6559 1ddb 00       		.byte	0
 6560 1ddc 0C       		.uleb128 0xc
 6561 1ddd A71C0000 		.4byte	0x1ca7
 6562 1de1 EC1D0000 		.4byte	0x1dec
 6563 1de5 0F       		.uleb128 0xf
 6564 1de6 33000000 		.4byte	0x33
 6565 1dea 19       		.byte	0x19
 6566 1deb 00       		.byte	0
 6567 1dec 0C       		.uleb128 0xc
 6568 1ded A71C0000 		.4byte	0x1ca7
 6569 1df1 FC1D0000 		.4byte	0x1dfc
 6570 1df5 0F       		.uleb128 0xf
 6571 1df6 33000000 		.4byte	0x33
 6572 1dfa 07       		.byte	0x7
 6573 1dfb 00       		.byte	0
 6574 1dfc 0C       		.uleb128 0xc
 6575 1dfd A71C0000 		.4byte	0x1ca7
 6576 1e01 0C1E0000 		.4byte	0x1e0c
 6577 1e05 0F       		.uleb128 0xf
 6578 1e06 33000000 		.4byte	0x33
 6579 1e0a 17       		.byte	0x17
 6580 1e0b 00       		.byte	0
 6581 1e0c 0C       		.uleb128 0xc
 6582 1e0d 85180000 		.4byte	0x1885
 6583 1e11 1C1E0000 		.4byte	0x1e1c
 6584 1e15 0F       		.uleb128 0xf
 6585 1e16 33000000 		.4byte	0x33
 6586 1e1a 1D       		.byte	0x1d
 6587 1e1b 00       		.byte	0
 6588 1e1c 0C       		.uleb128 0xc
 6589 1e1d 33000000 		.4byte	0x33
 6590 1e21 2C1E0000 		.4byte	0x1e2c
 6591 1e25 0F       		.uleb128 0xf
 6592 1e26 33000000 		.4byte	0x33
 6593 1e2a 1D       		.byte	0x1d
 6594 1e2b 00       		.byte	0
 6595 1e2c 0C       		.uleb128 0xc
 6596 1e2d A71C0000 		.4byte	0x1ca7
ARM GAS  /tmp/cc3q4aVX.s 			page 117


 6597 1e31 3C1E0000 		.4byte	0x1e3c
 6598 1e35 0F       		.uleb128 0xf
 6599 1e36 33000000 		.4byte	0x33
 6600 1e3a 18       		.byte	0x18
 6601 1e3b 00       		.byte	0
 6602 1e3c 67       		.uleb128 0x67
 6603 1e3d A4000000 		.4byte	.LASF654
 6604 1e41 09       		.uleb128 0x9
 6605 1e42 04       		.byte	0x4
 6606 1e43 3C1E0000 		.4byte	0x1e3c
 6607 1e47 3C       		.uleb128 0x3c
 6608 1e48 521E0000 		.4byte	0x1e52
 6609 1e4c 01       		.uleb128 0x1
 6610 1e4d EC190000 		.4byte	0x19ec
 6611 1e51 00       		.byte	0
 6612 1e52 09       		.uleb128 0x9
 6613 1e53 04       		.byte	0x4
 6614 1e54 471E0000 		.4byte	0x1e47
 6615 1e58 09       		.uleb128 0x9
 6616 1e59 04       		.byte	0x4
 6617 1e5a 0F170000 		.4byte	0x170f
 6618 1e5e 3C       		.uleb128 0x3c
 6619 1e5f 691E0000 		.4byte	0x1e69
 6620 1e63 01       		.uleb128 0x1
 6621 1e64 2C000000 		.4byte	0x2c
 6622 1e68 00       		.byte	0
 6623 1e69 09       		.uleb128 0x9
 6624 1e6a 04       		.byte	0x4
 6625 1e6b 6F1E0000 		.4byte	0x1e6f
 6626 1e6f 09       		.uleb128 0x9
 6627 1e70 04       		.byte	0x4
 6628 1e71 5E1E0000 		.4byte	0x1e5e
 6629 1e75 0C       		.uleb128 0xc
 6630 1e76 411D0000 		.4byte	0x1d41
 6631 1e7a 851E0000 		.4byte	0x1e85
 6632 1e7e 0F       		.uleb128 0xf
 6633 1e7f 33000000 		.4byte	0x33
 6634 1e83 02       		.byte	0x2
 6635 1e84 00       		.byte	0
 6636 1e85 15       		.uleb128 0x15
 6637 1e86 B4040000 		.4byte	.LASF364
 6638 1e8a 11       		.byte	0x11
 6639 1e8b 3303     		.2byte	0x333
 6640 1e8d 17       		.byte	0x17
 6641 1e8e EC190000 		.4byte	0x19ec
 6642 1e92 15       		.uleb128 0x15
 6643 1e93 21080000 		.4byte	.LASF365
 6644 1e97 11       		.byte	0x11
 6645 1e98 3403     		.2byte	0x334
 6646 1e9a 1D       		.byte	0x1d
 6647 1e9b F2190000 		.4byte	0x19f2
 6648 1e9f 08       		.uleb128 0x8
 6649 1ea0 64150000 		.4byte	.LASF366
 6650 1ea4 13       		.byte	0x13
 6651 1ea5 96       		.byte	0x96
 6652 1ea6 14       		.byte	0x14
 6653 1ea7 25000000 		.4byte	0x25
ARM GAS  /tmp/cc3q4aVX.s 			page 118


 6654 1eab 08       		.uleb128 0x8
 6655 1eac 410E0000 		.4byte	.LASF367
 6656 1eb0 13       		.byte	0x13
 6657 1eb1 97       		.byte	0x97
 6658 1eb2 14       		.byte	0x14
 6659 1eb3 A6150000 		.4byte	0x15a6
 6660 1eb7 35       		.uleb128 0x35
 6661 1eb8 08       		.byte	0x8
 6662 1eb9 14       		.byte	0x14
 6663 1eba 24       		.byte	0x24
 6664 1ebb 01       		.byte	0x1
 6665 1ebc 080A0000 		.4byte	.LASF369
 6666 1ec0 DF1E0000 		.4byte	0x1edf
 6667 1ec4 06       		.uleb128 0x6
 6668 1ec5 60180000 		.4byte	.LASF370
 6669 1ec9 14       		.byte	0x14
 6670 1eca 25       		.byte	0x25
 6671 1ecb 07       		.byte	0x7
 6672 1ecc 2C000000 		.4byte	0x2c
 6673 1ed0 00       		.byte	0
 6674 1ed1 12       		.uleb128 0x12
 6675 1ed2 72656D00 		.ascii	"rem\000"
 6676 1ed6 14       		.byte	0x14
 6677 1ed7 26       		.byte	0x26
 6678 1ed8 07       		.byte	0x7
 6679 1ed9 2C000000 		.4byte	0x2c
 6680 1edd 04       		.byte	0x4
 6681 1ede 00       		.byte	0
 6682 1edf 08       		.uleb128 0x8
 6683 1ee0 F81A0000 		.4byte	.LASF371
 6684 1ee4 14       		.byte	0x14
 6685 1ee5 27       		.byte	0x27
 6686 1ee6 03       		.byte	0x3
 6687 1ee7 B71E0000 		.4byte	0x1eb7
 6688 1eeb 35       		.uleb128 0x35
 6689 1eec 08       		.byte	0x8
 6690 1eed 14       		.byte	0x14
 6691 1eee 2A       		.byte	0x2a
 6692 1eef 01       		.byte	0x1
 6693 1ef0 690F0000 		.4byte	.LASF372
 6694 1ef4 131F0000 		.4byte	0x1f13
 6695 1ef8 06       		.uleb128 0x6
 6696 1ef9 60180000 		.4byte	.LASF370
 6697 1efd 14       		.byte	0x14
 6698 1efe 2B       		.byte	0x2b
 6699 1eff 08       		.byte	0x8
 6700 1f00 71000000 		.4byte	0x71
 6701 1f04 00       		.byte	0
 6702 1f05 12       		.uleb128 0x12
 6703 1f06 72656D00 		.ascii	"rem\000"
 6704 1f0a 14       		.byte	0x14
 6705 1f0b 2C       		.byte	0x2c
 6706 1f0c 08       		.byte	0x8
 6707 1f0d 71000000 		.4byte	0x71
 6708 1f11 04       		.byte	0x4
 6709 1f12 00       		.byte	0
 6710 1f13 08       		.uleb128 0x8
ARM GAS  /tmp/cc3q4aVX.s 			page 119


 6711 1f14 F6150000 		.4byte	.LASF373
 6712 1f18 14       		.byte	0x14
 6713 1f19 2D       		.byte	0x2d
 6714 1f1a 03       		.byte	0x3
 6715 1f1b EB1E0000 		.4byte	0x1eeb
 6716 1f1f 35       		.uleb128 0x35
 6717 1f20 10       		.byte	0x10
 6718 1f21 14       		.byte	0x14
 6719 1f22 31       		.byte	0x31
 6720 1f23 01       		.byte	0x1
 6721 1f24 34080000 		.4byte	.LASF374
 6722 1f28 471F0000 		.4byte	0x1f47
 6723 1f2c 06       		.uleb128 0x6
 6724 1f2d 60180000 		.4byte	.LASF370
 6725 1f31 14       		.byte	0x14
 6726 1f32 32       		.byte	0x32
 6727 1f33 11       		.byte	0x11
 6728 1f34 84000000 		.4byte	0x84
 6729 1f38 00       		.byte	0
 6730 1f39 12       		.uleb128 0x12
 6731 1f3a 72656D00 		.ascii	"rem\000"
 6732 1f3e 14       		.byte	0x14
 6733 1f3f 33       		.byte	0x33
 6734 1f40 11       		.byte	0x11
 6735 1f41 84000000 		.4byte	0x84
 6736 1f45 08       		.byte	0x8
 6737 1f46 00       		.byte	0
 6738 1f47 08       		.uleb128 0x8
 6739 1f48 EC0E0000 		.4byte	.LASF375
 6740 1f4c 14       		.byte	0x14
 6741 1f4d 34       		.byte	0x34
 6742 1f4e 03       		.byte	0x3
 6743 1f4f 1F1F0000 		.4byte	0x1f1f
 6744 1f53 08       		.uleb128 0x8
 6745 1f54 57120000 		.4byte	.LASF376
 6746 1f58 14       		.byte	0x14
 6747 1f59 39       		.byte	0x39
 6748 1f5a 0F       		.byte	0xf
 6749 1f5b 5F1F0000 		.4byte	0x1f5f
 6750 1f5f 09       		.uleb128 0x9
 6751 1f60 04       		.byte	0x4
 6752 1f61 651F0000 		.4byte	0x1f65
 6753 1f65 2D       		.uleb128 0x2d
 6754 1f66 2C000000 		.4byte	0x2c
 6755 1f6a 791F0000 		.4byte	0x1f79
 6756 1f6e 01       		.uleb128 0x1
 6757 1f6f 791F0000 		.4byte	0x1f79
 6758 1f73 01       		.uleb128 0x1
 6759 1f74 791F0000 		.4byte	0x1f79
 6760 1f78 00       		.byte	0
 6761 1f79 09       		.uleb128 0x9
 6762 1f7a 04       		.byte	0x4
 6763 1f7b 7F1F0000 		.4byte	0x1f7f
 6764 1f7f 68       		.uleb128 0x68
 6765 1f80 02       		.uleb128 0x2
 6766 1f81 15       		.byte	0x15
 6767 1f82 26       		.byte	0x26
ARM GAS  /tmp/cc3q4aVX.s 			page 120


 6768 1f83 0C       		.byte	0xc
 6769 1f84 05020000 		.4byte	0x205
 6770 1f88 02       		.uleb128 0x2
 6771 1f89 15       		.byte	0x15
 6772 1f8a 26       		.byte	0x26
 6773 1f8b 0C       		.byte	0xc
 6774 1f8c 1F020000 		.4byte	0x21f
 6775 1f90 02       		.uleb128 0x2
 6776 1f91 15       		.byte	0x15
 6777 1f92 26       		.byte	0x26
 6778 1f93 0C       		.byte	0xc
 6779 1f94 39020000 		.4byte	0x239
 6780 1f98 02       		.uleb128 0x2
 6781 1f99 15       		.byte	0x15
 6782 1f9a 26       		.byte	0x26
 6783 1f9b 0C       		.byte	0xc
 6784 1f9c 53020000 		.4byte	0x253
 6785 1fa0 02       		.uleb128 0x2
 6786 1fa1 15       		.byte	0x15
 6787 1fa2 26       		.byte	0x26
 6788 1fa3 0C       		.byte	0xc
 6789 1fa4 6D020000 		.4byte	0x26d
 6790 1fa8 28       		.uleb128 0x28
 6791 1fa9 61627300 		.ascii	"abs\000"
 6792 1fad 14       		.byte	0x14
 6793 1fae 46       		.byte	0x46
 6794 1faf 05       		.byte	0x5
 6795 1fb0 2C000000 		.4byte	0x2c
 6796 1fb4 BE1F0000 		.4byte	0x1fbe
 6797 1fb8 01       		.uleb128 0x1
 6798 1fb9 2C000000 		.4byte	0x2c
 6799 1fbd 00       		.byte	0
 6800 1fbe 02       		.uleb128 0x2
 6801 1fbf 15       		.byte	0x15
 6802 1fc0 26       		.byte	0x26
 6803 1fc1 0C       		.byte	0xc
 6804 1fc2 A81F0000 		.4byte	0x1fa8
 6805 1fc6 02       		.uleb128 0x2
 6806 1fc7 15       		.byte	0x15
 6807 1fc8 27       		.byte	0x27
 6808 1fc9 0C       		.byte	0xc
 6809 1fca 87020000 		.4byte	0x287
 6810 1fce 02       		.uleb128 0x2
 6811 1fcf 15       		.byte	0x15
 6812 1fd0 27       		.byte	0x27
 6813 1fd1 0C       		.byte	0xc
 6814 1fd2 A1020000 		.4byte	0x2a1
 6815 1fd6 0A       		.uleb128 0xa
 6816 1fd7 8C170000 		.4byte	.LASF43
 6817 1fdb 13       		.byte	0x13
 6818 1fdc 66       		.byte	0x66
 6819 1fdd 0F       		.byte	0xf
 6820 1fde A6150000 		.4byte	0x15a6
 6821 1fe2 EC1F0000 		.4byte	0x1fec
 6822 1fe6 01       		.uleb128 0x1
 6823 1fe7 A6150000 		.4byte	0x15a6
 6824 1feb 00       		.byte	0
ARM GAS  /tmp/cc3q4aVX.s 			page 121


 6825 1fec 02       		.uleb128 0x2
 6826 1fed 15       		.byte	0x15
 6827 1fee 27       		.byte	0x27
 6828 1fef 0C       		.byte	0xc
 6829 1ff0 D61F0000 		.4byte	0x1fd6
 6830 1ff4 02       		.uleb128 0x2
 6831 1ff5 15       		.byte	0x15
 6832 1ff6 28       		.byte	0x28
 6833 1ff7 0C       		.byte	0xc
 6834 1ff8 BB020000 		.4byte	0x2bb
 6835 1ffc 02       		.uleb128 0x2
 6836 1ffd 15       		.byte	0x15
 6837 1ffe 28       		.byte	0x28
 6838 1fff 0C       		.byte	0xc
 6839 2000 D5020000 		.4byte	0x2d5
 6840 2004 0A       		.uleb128 0xa
 6841 2005 26180000 		.4byte	.LASF46
 6842 2009 13       		.byte	0x13
 6843 200a 67       		.byte	0x67
 6844 200b 0F       		.byte	0xf
 6845 200c A6150000 		.4byte	0x15a6
 6846 2010 1A200000 		.4byte	0x201a
 6847 2014 01       		.uleb128 0x1
 6848 2015 A6150000 		.4byte	0x15a6
 6849 2019 00       		.byte	0
 6850 201a 02       		.uleb128 0x2
 6851 201b 15       		.byte	0x15
 6852 201c 28       		.byte	0x28
 6853 201d 0C       		.byte	0xc
 6854 201e 04200000 		.4byte	0x2004
 6855 2022 02       		.uleb128 0x2
 6856 2023 15       		.byte	0x15
 6857 2024 29       		.byte	0x29
 6858 2025 0C       		.byte	0xc
 6859 2026 EF020000 		.4byte	0x2ef
 6860 202a 02       		.uleb128 0x2
 6861 202b 15       		.byte	0x15
 6862 202c 29       		.byte	0x29
 6863 202d 0C       		.byte	0xc
 6864 202e 09030000 		.4byte	0x309
 6865 2032 0A       		.uleb128 0xa
 6866 2033 3A160000 		.4byte	.LASF49
 6867 2037 13       		.byte	0x13
 6868 2038 56       		.byte	0x56
 6869 2039 0F       		.byte	0xf
 6870 203a A6150000 		.4byte	0x15a6
 6871 203e 48200000 		.4byte	0x2048
 6872 2042 01       		.uleb128 0x1
 6873 2043 A6150000 		.4byte	0x15a6
 6874 2047 00       		.byte	0
 6875 2048 02       		.uleb128 0x2
 6876 2049 15       		.byte	0x15
 6877 204a 29       		.byte	0x29
 6878 204b 0C       		.byte	0xc
 6879 204c 32200000 		.4byte	0x2032
 6880 2050 02       		.uleb128 0x2
 6881 2051 15       		.byte	0x15
ARM GAS  /tmp/cc3q4aVX.s 			page 122


 6882 2052 2A       		.byte	0x2a
 6883 2053 0C       		.byte	0xc
 6884 2054 23030000 		.4byte	0x323
 6885 2058 02       		.uleb128 0x2
 6886 2059 15       		.byte	0x15
 6887 205a 2A       		.byte	0x2a
 6888 205b 0C       		.byte	0xc
 6889 205c 42030000 		.4byte	0x342
 6890 2060 0A       		.uleb128 0xa
 6891 2061 D90A0000 		.4byte	.LASF52
 6892 2065 13       		.byte	0x13
 6893 2066 68       		.byte	0x68
 6894 2067 0F       		.byte	0xf
 6895 2068 A6150000 		.4byte	0x15a6
 6896 206c 7B200000 		.4byte	0x207b
 6897 2070 01       		.uleb128 0x1
 6898 2071 A6150000 		.4byte	0x15a6
 6899 2075 01       		.uleb128 0x1
 6900 2076 A6150000 		.4byte	0x15a6
 6901 207a 00       		.byte	0
 6902 207b 02       		.uleb128 0x2
 6903 207c 15       		.byte	0x15
 6904 207d 2A       		.byte	0x2a
 6905 207e 0C       		.byte	0xc
 6906 207f 60200000 		.4byte	0x2060
 6907 2083 02       		.uleb128 0x2
 6908 2084 15       		.byte	0x15
 6909 2085 2B       		.byte	0x2b
 6910 2086 0C       		.byte	0xc
 6911 2087 61030000 		.4byte	0x361
 6912 208b 02       		.uleb128 0x2
 6913 208c 15       		.byte	0x15
 6914 208d 2B       		.byte	0x2b
 6915 208e 0C       		.byte	0xc
 6916 208f 7B030000 		.4byte	0x37b
 6917 2093 28       		.uleb128 0x28
 6918 2094 636F7300 		.ascii	"cos\000"
 6919 2098 13       		.byte	0x13
 6920 2099 57       		.byte	0x57
 6921 209a 0F       		.byte	0xf
 6922 209b A6150000 		.4byte	0x15a6
 6923 209f A9200000 		.4byte	0x20a9
 6924 20a3 01       		.uleb128 0x1
 6925 20a4 A6150000 		.4byte	0x15a6
 6926 20a8 00       		.byte	0
 6927 20a9 02       		.uleb128 0x2
 6928 20aa 15       		.byte	0x15
 6929 20ab 2B       		.byte	0x2b
 6930 20ac 0C       		.byte	0xc
 6931 20ad 93200000 		.4byte	0x2093
 6932 20b1 02       		.uleb128 0x2
 6933 20b2 15       		.byte	0x15
 6934 20b3 2C       		.byte	0x2c
 6935 20b4 0C       		.byte	0xc
 6936 20b5 95030000 		.4byte	0x395
 6937 20b9 02       		.uleb128 0x2
 6938 20ba 15       		.byte	0x15
ARM GAS  /tmp/cc3q4aVX.s 			page 123


 6939 20bb 2C       		.byte	0x2c
 6940 20bc 0C       		.byte	0xc
 6941 20bd B0030000 		.4byte	0x3b0
 6942 20c1 28       		.uleb128 0x28
 6943 20c2 73696E00 		.ascii	"sin\000"
 6944 20c6 13       		.byte	0x13
 6945 20c7 58       		.byte	0x58
 6946 20c8 0F       		.byte	0xf
 6947 20c9 A6150000 		.4byte	0x15a6
 6948 20cd D7200000 		.4byte	0x20d7
 6949 20d1 01       		.uleb128 0x1
 6950 20d2 A6150000 		.4byte	0x15a6
 6951 20d6 00       		.byte	0
 6952 20d7 02       		.uleb128 0x2
 6953 20d8 15       		.byte	0x15
 6954 20d9 2C       		.byte	0x2c
 6955 20da 0C       		.byte	0xc
 6956 20db C1200000 		.4byte	0x20c1
 6957 20df 02       		.uleb128 0x2
 6958 20e0 15       		.byte	0x15
 6959 20e1 2D       		.byte	0x2d
 6960 20e2 0C       		.byte	0xc
 6961 20e3 CB030000 		.4byte	0x3cb
 6962 20e7 02       		.uleb128 0x2
 6963 20e8 15       		.byte	0x15
 6964 20e9 2D       		.byte	0x2d
 6965 20ea 0C       		.byte	0xc
 6966 20eb E6030000 		.4byte	0x3e6
 6967 20ef 28       		.uleb128 0x28
 6968 20f0 74616E00 		.ascii	"tan\000"
 6969 20f4 13       		.byte	0x13
 6970 20f5 59       		.byte	0x59
 6971 20f6 0F       		.byte	0xf
 6972 20f7 A6150000 		.4byte	0x15a6
 6973 20fb 05210000 		.4byte	0x2105
 6974 20ff 01       		.uleb128 0x1
 6975 2100 A6150000 		.4byte	0x15a6
 6976 2104 00       		.byte	0
 6977 2105 02       		.uleb128 0x2
 6978 2106 15       		.byte	0x15
 6979 2107 2D       		.byte	0x2d
 6980 2108 0C       		.byte	0xc
 6981 2109 EF200000 		.4byte	0x20ef
 6982 210d 02       		.uleb128 0x2
 6983 210e 15       		.byte	0x15
 6984 210f 2E       		.byte	0x2e
 6985 2110 0C       		.byte	0xc
 6986 2111 01040000 		.4byte	0x401
 6987 2115 02       		.uleb128 0x2
 6988 2116 15       		.byte	0x15
 6989 2117 2E       		.byte	0x2e
 6990 2118 0C       		.byte	0xc
 6991 2119 1B040000 		.4byte	0x41b
 6992 211d 0A       		.uleb128 0xa
 6993 211e B9080000 		.4byte	.LASF61
 6994 2122 13       		.byte	0x13
 6995 2123 69       		.byte	0x69
ARM GAS  /tmp/cc3q4aVX.s 			page 124


 6996 2124 0F       		.byte	0xf
 6997 2125 A6150000 		.4byte	0x15a6
 6998 2129 33210000 		.4byte	0x2133
 6999 212d 01       		.uleb128 0x1
 7000 212e A6150000 		.4byte	0x15a6
 7001 2132 00       		.byte	0
 7002 2133 02       		.uleb128 0x2
 7003 2134 15       		.byte	0x15
 7004 2135 2E       		.byte	0x2e
 7005 2136 0C       		.byte	0xc
 7006 2137 1D210000 		.4byte	0x211d
 7007 213b 02       		.uleb128 0x2
 7008 213c 15       		.byte	0x15
 7009 213d 2F       		.byte	0x2f
 7010 213e 0C       		.byte	0xc
 7011 213f 35040000 		.4byte	0x435
 7012 2143 02       		.uleb128 0x2
 7013 2144 15       		.byte	0x15
 7014 2145 2F       		.byte	0x2f
 7015 2146 0C       		.byte	0xc
 7016 2147 50040000 		.4byte	0x450
 7017 214b 0A       		.uleb128 0xa
 7018 214c EA090000 		.4byte	.LASF64
 7019 2150 13       		.byte	0x13
 7020 2151 6A       		.byte	0x6a
 7021 2152 0F       		.byte	0xf
 7022 2153 A6150000 		.4byte	0x15a6
 7023 2157 61210000 		.4byte	0x2161
 7024 215b 01       		.uleb128 0x1
 7025 215c A6150000 		.4byte	0x15a6
 7026 2160 00       		.byte	0
 7027 2161 02       		.uleb128 0x2
 7028 2162 15       		.byte	0x15
 7029 2163 2F       		.byte	0x2f
 7030 2164 0C       		.byte	0xc
 7031 2165 4B210000 		.4byte	0x214b
 7032 2169 02       		.uleb128 0x2
 7033 216a 15       		.byte	0x15
 7034 216b 30       		.byte	0x30
 7035 216c 0C       		.byte	0xc
 7036 216d 6B040000 		.4byte	0x46b
 7037 2171 02       		.uleb128 0x2
 7038 2172 15       		.byte	0x15
 7039 2173 30       		.byte	0x30
 7040 2174 0C       		.byte	0xc
 7041 2175 86040000 		.4byte	0x486
 7042 2179 0A       		.uleb128 0xa
 7043 217a C5050000 		.4byte	.LASF67
 7044 217e 13       		.byte	0x13
 7045 217f 5A       		.byte	0x5a
 7046 2180 0F       		.byte	0xf
 7047 2181 A6150000 		.4byte	0x15a6
 7048 2185 8F210000 		.4byte	0x218f
 7049 2189 01       		.uleb128 0x1
 7050 218a A6150000 		.4byte	0x15a6
 7051 218e 00       		.byte	0
 7052 218f 02       		.uleb128 0x2
ARM GAS  /tmp/cc3q4aVX.s 			page 125


 7053 2190 15       		.byte	0x15
 7054 2191 30       		.byte	0x30
 7055 2192 0C       		.byte	0xc
 7056 2193 79210000 		.4byte	0x2179
 7057 2197 02       		.uleb128 0x2
 7058 2198 15       		.byte	0x15
 7059 2199 31       		.byte	0x31
 7060 219a 0C       		.byte	0xc
 7061 219b A1040000 		.4byte	0x4a1
 7062 219f 02       		.uleb128 0x2
 7063 21a0 15       		.byte	0x15
 7064 21a1 31       		.byte	0x31
 7065 21a2 0C       		.byte	0xc
 7066 21a3 BB040000 		.4byte	0x4bb
 7067 21a7 28       		.uleb128 0x28
 7068 21a8 65787000 		.ascii	"exp\000"
 7069 21ac 13       		.byte	0x13
 7070 21ad 6B       		.byte	0x6b
 7071 21ae 0F       		.byte	0xf
 7072 21af A6150000 		.4byte	0x15a6
 7073 21b3 BD210000 		.4byte	0x21bd
 7074 21b7 01       		.uleb128 0x1
 7075 21b8 A6150000 		.4byte	0x15a6
 7076 21bc 00       		.byte	0
 7077 21bd 02       		.uleb128 0x2
 7078 21be 15       		.byte	0x15
 7079 21bf 31       		.byte	0x31
 7080 21c0 0C       		.byte	0xc
 7081 21c1 A7210000 		.4byte	0x21a7
 7082 21c5 09       		.uleb128 0x9
 7083 21c6 04       		.byte	0x4
 7084 21c7 2C000000 		.4byte	0x2c
 7085 21cb 02       		.uleb128 0x2
 7086 21cc 15       		.byte	0x15
 7087 21cd 32       		.byte	0x32
 7088 21ce 0C       		.byte	0xc
 7089 21cf D5040000 		.4byte	0x4d5
 7090 21d3 02       		.uleb128 0x2
 7091 21d4 15       		.byte	0x15
 7092 21d5 32       		.byte	0x32
 7093 21d6 0C       		.byte	0xc
 7094 21d7 F5040000 		.4byte	0x4f5
 7095 21db 0A       		.uleb128 0xa
 7096 21dc 47170000 		.4byte	.LASF72
 7097 21e0 13       		.byte	0x13
 7098 21e1 5B       		.byte	0x5b
 7099 21e2 0F       		.byte	0xf
 7100 21e3 A6150000 		.4byte	0x15a6
 7101 21e7 F6210000 		.4byte	0x21f6
 7102 21eb 01       		.uleb128 0x1
 7103 21ec A6150000 		.4byte	0x15a6
 7104 21f0 01       		.uleb128 0x1
 7105 21f1 C5210000 		.4byte	0x21c5
 7106 21f5 00       		.byte	0
 7107 21f6 02       		.uleb128 0x2
 7108 21f7 15       		.byte	0x15
 7109 21f8 32       		.byte	0x32
ARM GAS  /tmp/cc3q4aVX.s 			page 126


 7110 21f9 0C       		.byte	0xc
 7111 21fa DB210000 		.4byte	0x21db
 7112 21fe 02       		.uleb128 0x2
 7113 21ff 15       		.byte	0x15
 7114 2200 33       		.byte	0x33
 7115 2201 0C       		.byte	0xc
 7116 2202 15050000 		.4byte	0x515
 7117 2206 02       		.uleb128 0x2
 7118 2207 15       		.byte	0x15
 7119 2208 33       		.byte	0x33
 7120 2209 0C       		.byte	0xc
 7121 220a 35050000 		.4byte	0x535
 7122 220e 0A       		.uleb128 0xa
 7123 220f 1C170000 		.4byte	.LASF75
 7124 2213 13       		.byte	0x13
 7125 2214 6C       		.byte	0x6c
 7126 2215 0F       		.byte	0xf
 7127 2216 A6150000 		.4byte	0x15a6
 7128 221a 29220000 		.4byte	0x2229
 7129 221e 01       		.uleb128 0x1
 7130 221f A6150000 		.4byte	0x15a6
 7131 2223 01       		.uleb128 0x1
 7132 2224 2C000000 		.4byte	0x2c
 7133 2228 00       		.byte	0
 7134 2229 02       		.uleb128 0x2
 7135 222a 15       		.byte	0x15
 7136 222b 33       		.byte	0x33
 7137 222c 0C       		.byte	0xc
 7138 222d 0E220000 		.4byte	0x220e
 7139 2231 02       		.uleb128 0x2
 7140 2232 15       		.byte	0x15
 7141 2233 34       		.byte	0x34
 7142 2234 0C       		.byte	0xc
 7143 2235 55050000 		.4byte	0x555
 7144 2239 02       		.uleb128 0x2
 7145 223a 15       		.byte	0x15
 7146 223b 34       		.byte	0x34
 7147 223c 0C       		.byte	0xc
 7148 223d 70050000 		.4byte	0x570
 7149 2241 28       		.uleb128 0x28
 7150 2242 6C6F6700 		.ascii	"log\000"
 7151 2246 13       		.byte	0x13
 7152 2247 6D       		.byte	0x6d
 7153 2248 0F       		.byte	0xf
 7154 2249 A6150000 		.4byte	0x15a6
 7155 224d 57220000 		.4byte	0x2257
 7156 2251 01       		.uleb128 0x1
 7157 2252 A6150000 		.4byte	0x15a6
 7158 2256 00       		.byte	0
 7159 2257 02       		.uleb128 0x2
 7160 2258 15       		.byte	0x15
 7161 2259 34       		.byte	0x34
 7162 225a 0C       		.byte	0xc
 7163 225b 41220000 		.4byte	0x2241
 7164 225f 02       		.uleb128 0x2
 7165 2260 15       		.byte	0x15
 7166 2261 35       		.byte	0x35
ARM GAS  /tmp/cc3q4aVX.s 			page 127


 7167 2262 0C       		.byte	0xc
 7168 2263 8B050000 		.4byte	0x58b
 7169 2267 02       		.uleb128 0x2
 7170 2268 15       		.byte	0x15
 7171 2269 35       		.byte	0x35
 7172 226a 0C       		.byte	0xc
 7173 226b A6050000 		.4byte	0x5a6
 7174 226f 0A       		.uleb128 0xa
 7175 2270 DF090000 		.4byte	.LASF80
 7176 2274 13       		.byte	0x13
 7177 2275 6E       		.byte	0x6e
 7178 2276 0F       		.byte	0xf
 7179 2277 A6150000 		.4byte	0x15a6
 7180 227b 85220000 		.4byte	0x2285
 7181 227f 01       		.uleb128 0x1
 7182 2280 A6150000 		.4byte	0x15a6
 7183 2284 00       		.byte	0
 7184 2285 02       		.uleb128 0x2
 7185 2286 15       		.byte	0x15
 7186 2287 35       		.byte	0x35
 7187 2288 0C       		.byte	0xc
 7188 2289 6F220000 		.4byte	0x226f
 7189 228d 09       		.uleb128 0x9
 7190 228e 04       		.byte	0x4
 7191 228f 9F150000 		.4byte	0x159f
 7192 2293 02       		.uleb128 0x2
 7193 2294 15       		.byte	0x15
 7194 2295 36       		.byte	0x36
 7195 2296 0C       		.byte	0xc
 7196 2297 C1050000 		.4byte	0x5c1
 7197 229b 09       		.uleb128 0x9
 7198 229c 04       		.byte	0x4
 7199 229d 25000000 		.4byte	0x25
 7200 22a1 02       		.uleb128 0x2
 7201 22a2 15       		.byte	0x15
 7202 22a3 36       		.byte	0x36
 7203 22a4 0C       		.byte	0xc
 7204 22a5 E1050000 		.4byte	0x5e1
 7205 22a9 0A       		.uleb128 0xa
 7206 22aa 891A0000 		.4byte	.LASF83
 7207 22ae 13       		.byte	0x13
 7208 22af 5C       		.byte	0x5c
 7209 22b0 0F       		.byte	0xf
 7210 22b1 A6150000 		.4byte	0x15a6
 7211 22b5 C4220000 		.4byte	0x22c4
 7212 22b9 01       		.uleb128 0x1
 7213 22ba A6150000 		.4byte	0x15a6
 7214 22be 01       		.uleb128 0x1
 7215 22bf C4220000 		.4byte	0x22c4
 7216 22c3 00       		.byte	0
 7217 22c4 09       		.uleb128 0x9
 7218 22c5 04       		.byte	0x4
 7219 22c6 A6150000 		.4byte	0x15a6
 7220 22ca 02       		.uleb128 0x2
 7221 22cb 15       		.byte	0x15
 7222 22cc 36       		.byte	0x36
 7223 22cd 0C       		.byte	0xc
ARM GAS  /tmp/cc3q4aVX.s 			page 128


 7224 22ce A9220000 		.4byte	0x22a9
 7225 22d2 02       		.uleb128 0x2
 7226 22d3 15       		.byte	0x15
 7227 22d4 37       		.byte	0x37
 7228 22d5 0C       		.byte	0xc
 7229 22d6 01060000 		.4byte	0x601
 7230 22da 02       		.uleb128 0x2
 7231 22db 15       		.byte	0x15
 7232 22dc 37       		.byte	0x37
 7233 22dd 0C       		.byte	0xc
 7234 22de 21060000 		.4byte	0x621
 7235 22e2 28       		.uleb128 0x28
 7236 22e3 706F7700 		.ascii	"pow\000"
 7237 22e7 13       		.byte	0x13
 7238 22e8 6F       		.byte	0x6f
 7239 22e9 0F       		.byte	0xf
 7240 22ea A6150000 		.4byte	0x15a6
 7241 22ee FD220000 		.4byte	0x22fd
 7242 22f2 01       		.uleb128 0x1
 7243 22f3 A6150000 		.4byte	0x15a6
 7244 22f7 01       		.uleb128 0x1
 7245 22f8 A6150000 		.4byte	0x15a6
 7246 22fc 00       		.byte	0
 7247 22fd 02       		.uleb128 0x2
 7248 22fe 15       		.byte	0x15
 7249 22ff 37       		.byte	0x37
 7250 2300 0C       		.byte	0xc
 7251 2301 E2220000 		.4byte	0x22e2
 7252 2305 02       		.uleb128 0x2
 7253 2306 15       		.byte	0x15
 7254 2307 38       		.byte	0x38
 7255 2308 0C       		.byte	0xc
 7256 2309 41060000 		.4byte	0x641
 7257 230d 02       		.uleb128 0x2
 7258 230e 15       		.byte	0x15
 7259 230f 38       		.byte	0x38
 7260 2310 0C       		.byte	0xc
 7261 2311 5C060000 		.4byte	0x65c
 7262 2315 0A       		.uleb128 0xa
 7263 2316 AD010000 		.4byte	.LASF88
 7264 231a 13       		.byte	0x13
 7265 231b 70       		.byte	0x70
 7266 231c 0F       		.byte	0xf
 7267 231d A6150000 		.4byte	0x15a6
 7268 2321 2B230000 		.4byte	0x232b
 7269 2325 01       		.uleb128 0x1
 7270 2326 A6150000 		.4byte	0x15a6
 7271 232a 00       		.byte	0
 7272 232b 02       		.uleb128 0x2
 7273 232c 15       		.byte	0x15
 7274 232d 38       		.byte	0x38
 7275 232e 0C       		.byte	0xc
 7276 232f 15230000 		.4byte	0x2315
 7277 2333 02       		.uleb128 0x2
 7278 2334 15       		.byte	0x15
 7279 2335 39       		.byte	0x39
 7280 2336 0C       		.byte	0xc
ARM GAS  /tmp/cc3q4aVX.s 			page 129


 7281 2337 77060000 		.4byte	0x677
 7282 233b 02       		.uleb128 0x2
 7283 233c 15       		.byte	0x15
 7284 233d 39       		.byte	0x39
 7285 233e 0C       		.byte	0xc
 7286 233f 91060000 		.4byte	0x691
 7287 2343 0A       		.uleb128 0xa
 7288 2344 CB1D0000 		.4byte	.LASF91
 7289 2348 13       		.byte	0x13
 7290 2349 5D       		.byte	0x5d
 7291 234a 0F       		.byte	0xf
 7292 234b A6150000 		.4byte	0x15a6
 7293 234f 59230000 		.4byte	0x2359
 7294 2353 01       		.uleb128 0x1
 7295 2354 A6150000 		.4byte	0x15a6
 7296 2358 00       		.byte	0
 7297 2359 02       		.uleb128 0x2
 7298 235a 15       		.byte	0x15
 7299 235b 39       		.byte	0x39
 7300 235c 0C       		.byte	0xc
 7301 235d 43230000 		.4byte	0x2343
 7302 2361 02       		.uleb128 0x2
 7303 2362 15       		.byte	0x15
 7304 2363 3A       		.byte	0x3a
 7305 2364 0C       		.byte	0xc
 7306 2365 AB060000 		.4byte	0x6ab
 7307 2369 02       		.uleb128 0x2
 7308 236a 15       		.byte	0x15
 7309 236b 3A       		.byte	0x3a
 7310 236c 0C       		.byte	0xc
 7311 236d C5060000 		.4byte	0x6c5
 7312 2371 0A       		.uleb128 0xa
 7313 2372 830E0000 		.4byte	.LASF94
 7314 2376 13       		.byte	0x13
 7315 2377 5E       		.byte	0x5e
 7316 2378 0F       		.byte	0xf
 7317 2379 A6150000 		.4byte	0x15a6
 7318 237d 87230000 		.4byte	0x2387
 7319 2381 01       		.uleb128 0x1
 7320 2382 A6150000 		.4byte	0x15a6
 7321 2386 00       		.byte	0
 7322 2387 02       		.uleb128 0x2
 7323 2388 15       		.byte	0x15
 7324 2389 3A       		.byte	0x3a
 7325 238a 0C       		.byte	0xc
 7326 238b 71230000 		.4byte	0x2371
 7327 238f 02       		.uleb128 0x2
 7328 2390 15       		.byte	0x15
 7329 2391 3B       		.byte	0x3b
 7330 2392 0C       		.byte	0xc
 7331 2393 DF060000 		.4byte	0x6df
 7332 2397 02       		.uleb128 0x2
 7333 2398 15       		.byte	0x15
 7334 2399 3B       		.byte	0x3b
 7335 239a 0C       		.byte	0xc
 7336 239b FA060000 		.4byte	0x6fa
 7337 239f 0A       		.uleb128 0xa
ARM GAS  /tmp/cc3q4aVX.s 			page 130


 7338 23a0 FF0D0000 		.4byte	.LASF97
 7339 23a4 13       		.byte	0x13
 7340 23a5 5F       		.byte	0x5f
 7341 23a6 0F       		.byte	0xf
 7342 23a7 A6150000 		.4byte	0x15a6
 7343 23ab B5230000 		.4byte	0x23b5
 7344 23af 01       		.uleb128 0x1
 7345 23b0 A6150000 		.4byte	0x15a6
 7346 23b4 00       		.byte	0
 7347 23b5 02       		.uleb128 0x2
 7348 23b6 15       		.byte	0x15
 7349 23b7 3B       		.byte	0x3b
 7350 23b8 0C       		.byte	0xc
 7351 23b9 9F230000 		.4byte	0x239f
 7352 23bd 02       		.uleb128 0x2
 7353 23be 15       		.byte	0x15
 7354 23bf 3C       		.byte	0x3c
 7355 23c0 0C       		.byte	0xc
 7356 23c1 15070000 		.4byte	0x715
 7357 23c5 02       		.uleb128 0x2
 7358 23c6 15       		.byte	0x15
 7359 23c7 3C       		.byte	0x3c
 7360 23c8 0C       		.byte	0xc
 7361 23c9 35070000 		.4byte	0x735
 7362 23cd 0A       		.uleb128 0xa
 7363 23ce 1C080000 		.4byte	.LASF100
 7364 23d2 13       		.byte	0x13
 7365 23d3 71       		.byte	0x71
 7366 23d4 0F       		.byte	0xf
 7367 23d5 A6150000 		.4byte	0x15a6
 7368 23d9 E8230000 		.4byte	0x23e8
 7369 23dd 01       		.uleb128 0x1
 7370 23de A6150000 		.4byte	0x15a6
 7371 23e2 01       		.uleb128 0x1
 7372 23e3 A6150000 		.4byte	0x15a6
 7373 23e7 00       		.byte	0
 7374 23e8 02       		.uleb128 0x2
 7375 23e9 15       		.byte	0x15
 7376 23ea 3C       		.byte	0x3c
 7377 23eb 0C       		.byte	0xc
 7378 23ec CD230000 		.4byte	0x23cd
 7379 23f0 02       		.uleb128 0x2
 7380 23f1 15       		.byte	0x15
 7381 23f2 3F       		.byte	0x3f
 7382 23f3 0C       		.byte	0xc
 7383 23f4 55070000 		.4byte	0x755
 7384 23f8 02       		.uleb128 0x2
 7385 23f9 15       		.byte	0x15
 7386 23fa 3F       		.byte	0x3f
 7387 23fb 0C       		.byte	0xc
 7388 23fc 70070000 		.4byte	0x770
 7389 2400 02       		.uleb128 0x2
 7390 2401 15       		.byte	0x15
 7391 2402 3F       		.byte	0x3f
 7392 2403 0C       		.byte	0xc
 7393 2404 8B070000 		.4byte	0x78b
 7394 2408 17       		.uleb128 0x17
ARM GAS  /tmp/cc3q4aVX.s 			page 131


 7395 2409 01       		.byte	0x1
 7396 240a 02       		.byte	0x2
 7397 240b DE140000 		.4byte	.LASF377
 7398 240f 02       		.uleb128 0x2
 7399 2410 15       		.byte	0x15
 7400 2411 40       		.byte	0x40
 7401 2412 0C       		.byte	0xc
 7402 2413 A6070000 		.4byte	0x7a6
 7403 2417 02       		.uleb128 0x2
 7404 2418 15       		.byte	0x15
 7405 2419 40       		.byte	0x40
 7406 241a 0C       		.byte	0xc
 7407 241b C1070000 		.4byte	0x7c1
 7408 241f 02       		.uleb128 0x2
 7409 2420 15       		.byte	0x15
 7410 2421 40       		.byte	0x40
 7411 2422 0C       		.byte	0xc
 7412 2423 DC070000 		.4byte	0x7dc
 7413 2427 02       		.uleb128 0x2
 7414 2428 15       		.byte	0x15
 7415 2429 41       		.byte	0x41
 7416 242a 0C       		.byte	0xc
 7417 242b F7070000 		.4byte	0x7f7
 7418 242f 02       		.uleb128 0x2
 7419 2430 15       		.byte	0x15
 7420 2431 41       		.byte	0x41
 7421 2432 0C       		.byte	0xc
 7422 2433 12080000 		.4byte	0x812
 7423 2437 02       		.uleb128 0x2
 7424 2438 15       		.byte	0x15
 7425 2439 41       		.byte	0x41
 7426 243a 0C       		.byte	0xc
 7427 243b 2D080000 		.4byte	0x82d
 7428 243f 02       		.uleb128 0x2
 7429 2440 15       		.byte	0x15
 7430 2441 42       		.byte	0x42
 7431 2442 0C       		.byte	0xc
 7432 2443 48080000 		.4byte	0x848
 7433 2447 02       		.uleb128 0x2
 7434 2448 15       		.byte	0x15
 7435 2449 42       		.byte	0x42
 7436 244a 0C       		.byte	0xc
 7437 244b 63080000 		.4byte	0x863
 7438 244f 02       		.uleb128 0x2
 7439 2450 15       		.byte	0x15
 7440 2451 42       		.byte	0x42
 7441 2452 0C       		.byte	0xc
 7442 2453 7E080000 		.4byte	0x87e
 7443 2457 02       		.uleb128 0x2
 7444 2458 15       		.byte	0x15
 7445 2459 43       		.byte	0x43
 7446 245a 0C       		.byte	0xc
 7447 245b 99080000 		.4byte	0x899
 7448 245f 02       		.uleb128 0x2
 7449 2460 15       		.byte	0x15
 7450 2461 43       		.byte	0x43
 7451 2462 0C       		.byte	0xc
ARM GAS  /tmp/cc3q4aVX.s 			page 132


 7452 2463 B4080000 		.4byte	0x8b4
 7453 2467 02       		.uleb128 0x2
 7454 2468 15       		.byte	0x15
 7455 2469 43       		.byte	0x43
 7456 246a 0C       		.byte	0xc
 7457 246b CF080000 		.4byte	0x8cf
 7458 246f 02       		.uleb128 0x2
 7459 2470 15       		.byte	0x15
 7460 2471 44       		.byte	0x44
 7461 2472 0C       		.byte	0xc
 7462 2473 EA080000 		.4byte	0x8ea
 7463 2477 02       		.uleb128 0x2
 7464 2478 15       		.byte	0x15
 7465 2479 44       		.byte	0x44
 7466 247a 0C       		.byte	0xc
 7467 247b 05090000 		.4byte	0x905
 7468 247f 02       		.uleb128 0x2
 7469 2480 15       		.byte	0x15
 7470 2481 44       		.byte	0x44
 7471 2482 0C       		.byte	0xc
 7472 2483 20090000 		.4byte	0x920
 7473 2487 02       		.uleb128 0x2
 7474 2488 15       		.byte	0x15
 7475 2489 45       		.byte	0x45
 7476 248a 0C       		.byte	0xc
 7477 248b 3B090000 		.4byte	0x93b
 7478 248f 02       		.uleb128 0x2
 7479 2490 15       		.byte	0x15
 7480 2491 45       		.byte	0x45
 7481 2492 0C       		.byte	0xc
 7482 2493 5B090000 		.4byte	0x95b
 7483 2497 02       		.uleb128 0x2
 7484 2498 15       		.byte	0x15
 7485 2499 45       		.byte	0x45
 7486 249a 0C       		.byte	0xc
 7487 249b 7B090000 		.4byte	0x97b
 7488 249f 02       		.uleb128 0x2
 7489 24a0 15       		.byte	0x15
 7490 24a1 46       		.byte	0x46
 7491 24a2 0C       		.byte	0xc
 7492 24a3 9B090000 		.4byte	0x99b
 7493 24a7 02       		.uleb128 0x2
 7494 24a8 15       		.byte	0x15
 7495 24a9 46       		.byte	0x46
 7496 24aa 0C       		.byte	0xc
 7497 24ab BB090000 		.4byte	0x9bb
 7498 24af 02       		.uleb128 0x2
 7499 24b0 15       		.byte	0x15
 7500 24b1 46       		.byte	0x46
 7501 24b2 0C       		.byte	0xc
 7502 24b3 DB090000 		.4byte	0x9db
 7503 24b7 02       		.uleb128 0x2
 7504 24b8 15       		.byte	0x15
 7505 24b9 47       		.byte	0x47
 7506 24ba 0C       		.byte	0xc
 7507 24bb FB090000 		.4byte	0x9fb
 7508 24bf 02       		.uleb128 0x2
ARM GAS  /tmp/cc3q4aVX.s 			page 133


 7509 24c0 15       		.byte	0x15
 7510 24c1 47       		.byte	0x47
 7511 24c2 0C       		.byte	0xc
 7512 24c3 1B0A0000 		.4byte	0xa1b
 7513 24c7 02       		.uleb128 0x2
 7514 24c8 15       		.byte	0x15
 7515 24c9 47       		.byte	0x47
 7516 24ca 0C       		.byte	0xc
 7517 24cb 3B0A0000 		.4byte	0xa3b
 7518 24cf 02       		.uleb128 0x2
 7519 24d0 15       		.byte	0x15
 7520 24d1 48       		.byte	0x48
 7521 24d2 0C       		.byte	0xc
 7522 24d3 5B0A0000 		.4byte	0xa5b
 7523 24d7 02       		.uleb128 0x2
 7524 24d8 15       		.byte	0x15
 7525 24d9 48       		.byte	0x48
 7526 24da 0C       		.byte	0xc
 7527 24db 7B0A0000 		.4byte	0xa7b
 7528 24df 02       		.uleb128 0x2
 7529 24e0 15       		.byte	0x15
 7530 24e1 48       		.byte	0x48
 7531 24e2 0C       		.byte	0xc
 7532 24e3 9B0A0000 		.4byte	0xa9b
 7533 24e7 02       		.uleb128 0x2
 7534 24e8 15       		.byte	0x15
 7535 24e9 49       		.byte	0x49
 7536 24ea 0C       		.byte	0xc
 7537 24eb BB0A0000 		.4byte	0xabb
 7538 24ef 02       		.uleb128 0x2
 7539 24f0 15       		.byte	0x15
 7540 24f1 49       		.byte	0x49
 7541 24f2 0C       		.byte	0xc
 7542 24f3 DB0A0000 		.4byte	0xadb
 7543 24f7 02       		.uleb128 0x2
 7544 24f8 15       		.byte	0x15
 7545 24f9 49       		.byte	0x49
 7546 24fa 0C       		.byte	0xc
 7547 24fb FB0A0000 		.4byte	0xafb
 7548 24ff 02       		.uleb128 0x2
 7549 2500 15       		.byte	0x15
 7550 2501 4A       		.byte	0x4a
 7551 2502 0C       		.byte	0xc
 7552 2503 1B0B0000 		.4byte	0xb1b
 7553 2507 02       		.uleb128 0x2
 7554 2508 15       		.byte	0x15
 7555 2509 4A       		.byte	0x4a
 7556 250a 0C       		.byte	0xc
 7557 250b 3B0B0000 		.4byte	0xb3b
 7558 250f 02       		.uleb128 0x2
 7559 2510 15       		.byte	0x15
 7560 2511 4A       		.byte	0x4a
 7561 2512 0C       		.byte	0xc
 7562 2513 5B0B0000 		.4byte	0xb5b
 7563 2517 02       		.uleb128 0x2
 7564 2518 15       		.byte	0x15
 7565 2519 4E       		.byte	0x4e
ARM GAS  /tmp/cc3q4aVX.s 			page 134


 7566 251a 0C       		.byte	0xc
 7567 251b 7B0B0000 		.4byte	0xb7b
 7568 251f 02       		.uleb128 0x2
 7569 2520 15       		.byte	0x15
 7570 2521 4E       		.byte	0x4e
 7571 2522 0C       		.byte	0xc
 7572 2523 960B0000 		.4byte	0xb96
 7573 2527 0B       		.uleb128 0xb
 7574 2528 81180000 		.4byte	.LASF151
 7575 252c 13       		.byte	0x13
 7576 252d 4401     		.2byte	0x144
 7577 252f 0F       		.byte	0xf
 7578 2530 A6150000 		.4byte	0x15a6
 7579 2534 3E250000 		.4byte	0x253e
 7580 2538 01       		.uleb128 0x1
 7581 2539 A6150000 		.4byte	0x15a6
 7582 253d 00       		.byte	0
 7583 253e 02       		.uleb128 0x2
 7584 253f 15       		.byte	0x15
 7585 2540 4E       		.byte	0x4e
 7586 2541 0C       		.byte	0xc
 7587 2542 27250000 		.4byte	0x2527
 7588 2546 02       		.uleb128 0x2
 7589 2547 15       		.byte	0x15
 7590 2548 4F       		.byte	0x4f
 7591 2549 0C       		.byte	0xc
 7592 254a B10B0000 		.4byte	0xbb1
 7593 254e 02       		.uleb128 0x2
 7594 254f 15       		.byte	0x15
 7595 2550 4F       		.byte	0x4f
 7596 2551 0C       		.byte	0xc
 7597 2552 CC0B0000 		.4byte	0xbcc
 7598 2556 0B       		.uleb128 0xb
 7599 2557 24100000 		.4byte	.LASF154
 7600 255b 13       		.byte	0x13
 7601 255c 2801     		.2byte	0x128
 7602 255e 0F       		.byte	0xf
 7603 255f A6150000 		.4byte	0x15a6
 7604 2563 6D250000 		.4byte	0x256d
 7605 2567 01       		.uleb128 0x1
 7606 2568 A6150000 		.4byte	0x15a6
 7607 256c 00       		.byte	0
 7608 256d 02       		.uleb128 0x2
 7609 256e 15       		.byte	0x15
 7610 256f 4F       		.byte	0x4f
 7611 2570 0C       		.byte	0xc
 7612 2571 56250000 		.4byte	0x2556
 7613 2575 02       		.uleb128 0x2
 7614 2576 15       		.byte	0x15
 7615 2577 50       		.byte	0x50
 7616 2578 0C       		.byte	0xc
 7617 2579 E70B0000 		.4byte	0xbe7
 7618 257d 02       		.uleb128 0x2
 7619 257e 15       		.byte	0x15
 7620 257f 50       		.byte	0x50
 7621 2580 0C       		.byte	0xc
 7622 2581 020C0000 		.4byte	0xc02
ARM GAS  /tmp/cc3q4aVX.s 			page 135


 7623 2585 0B       		.uleb128 0xb
 7624 2586 B60C0000 		.4byte	.LASF157
 7625 258a 13       		.byte	0x13
 7626 258b 4501     		.2byte	0x145
 7627 258d 0F       		.byte	0xf
 7628 258e A6150000 		.4byte	0x15a6
 7629 2592 9C250000 		.4byte	0x259c
 7630 2596 01       		.uleb128 0x1
 7631 2597 A6150000 		.4byte	0x15a6
 7632 259b 00       		.byte	0
 7633 259c 02       		.uleb128 0x2
 7634 259d 15       		.byte	0x15
 7635 259e 50       		.byte	0x50
 7636 259f 0C       		.byte	0xc
 7637 25a0 85250000 		.4byte	0x2585
 7638 25a4 02       		.uleb128 0x2
 7639 25a5 15       		.byte	0x15
 7640 25a6 51       		.byte	0x51
 7641 25a7 0C       		.byte	0xc
 7642 25a8 1D0C0000 		.4byte	0xc1d
 7643 25ac 02       		.uleb128 0x2
 7644 25ad 15       		.byte	0x15
 7645 25ae 51       		.byte	0x51
 7646 25af 0C       		.byte	0xc
 7647 25b0 380C0000 		.4byte	0xc38
 7648 25b4 0B       		.uleb128 0xb
 7649 25b5 89140000 		.4byte	.LASF160
 7650 25b9 13       		.byte	0x13
 7651 25ba 2901     		.2byte	0x129
 7652 25bc 0F       		.byte	0xf
 7653 25bd A6150000 		.4byte	0x15a6
 7654 25c1 CB250000 		.4byte	0x25cb
 7655 25c5 01       		.uleb128 0x1
 7656 25c6 A6150000 		.4byte	0x15a6
 7657 25ca 00       		.byte	0
 7658 25cb 02       		.uleb128 0x2
 7659 25cc 15       		.byte	0x15
 7660 25cd 51       		.byte	0x51
 7661 25ce 0C       		.byte	0xc
 7662 25cf B4250000 		.4byte	0x25b4
 7663 25d3 02       		.uleb128 0x2
 7664 25d4 15       		.byte	0x15
 7665 25d5 52       		.byte	0x52
 7666 25d6 0C       		.byte	0xc
 7667 25d7 530C0000 		.4byte	0xc53
 7668 25db 02       		.uleb128 0x2
 7669 25dc 15       		.byte	0x15
 7670 25dd 52       		.byte	0x52
 7671 25de 0C       		.byte	0xc
 7672 25df 730C0000 		.4byte	0xc73
 7673 25e3 0B       		.uleb128 0xb
 7674 25e4 EB170000 		.4byte	.LASF163
 7675 25e8 13       		.byte	0x13
 7676 25e9 2401     		.2byte	0x124
 7677 25eb 0F       		.byte	0xf
 7678 25ec A6150000 		.4byte	0x15a6
 7679 25f0 FF250000 		.4byte	0x25ff
ARM GAS  /tmp/cc3q4aVX.s 			page 136


 7680 25f4 01       		.uleb128 0x1
 7681 25f5 A6150000 		.4byte	0x15a6
 7682 25f9 01       		.uleb128 0x1
 7683 25fa A6150000 		.4byte	0x15a6
 7684 25fe 00       		.byte	0
 7685 25ff 02       		.uleb128 0x2
 7686 2600 15       		.byte	0x15
 7687 2601 52       		.byte	0x52
 7688 2602 0C       		.byte	0xc
 7689 2603 E3250000 		.4byte	0x25e3
 7690 2607 02       		.uleb128 0x2
 7691 2608 15       		.byte	0x15
 7692 2609 53       		.byte	0x53
 7693 260a 0C       		.byte	0xc
 7694 260b 930C0000 		.4byte	0xc93
 7695 260f 02       		.uleb128 0x2
 7696 2610 15       		.byte	0x15
 7697 2611 53       		.byte	0x53
 7698 2612 0C       		.byte	0xc
 7699 2613 AE0C0000 		.4byte	0xcae
 7700 2617 4E       		.uleb128 0x4e
 7701 2618 65726600 		.ascii	"erf\000"
 7702 261c 13       		.byte	0x13
 7703 261d 4901     		.2byte	0x149
 7704 261f 0F       		.byte	0xf
 7705 2620 A6150000 		.4byte	0x15a6
 7706 2624 2E260000 		.4byte	0x262e
 7707 2628 01       		.uleb128 0x1
 7708 2629 A6150000 		.4byte	0x15a6
 7709 262d 00       		.byte	0
 7710 262e 02       		.uleb128 0x2
 7711 262f 15       		.byte	0x15
 7712 2630 53       		.byte	0x53
 7713 2631 0C       		.byte	0xc
 7714 2632 17260000 		.4byte	0x2617
 7715 2636 02       		.uleb128 0x2
 7716 2637 15       		.byte	0x15
 7717 2638 54       		.byte	0x54
 7718 2639 0C       		.byte	0xc
 7719 263a C90C0000 		.4byte	0xcc9
 7720 263e 02       		.uleb128 0x2
 7721 263f 15       		.byte	0x15
 7722 2640 54       		.byte	0x54
 7723 2641 0C       		.byte	0xc
 7724 2642 E40C0000 		.4byte	0xce4
 7725 2646 0B       		.uleb128 0xb
 7726 2647 F20F0000 		.4byte	.LASF168
 7727 264b 13       		.byte	0x13
 7728 264c 4A01     		.2byte	0x14a
 7729 264e 0F       		.byte	0xf
 7730 264f A6150000 		.4byte	0x15a6
 7731 2653 5D260000 		.4byte	0x265d
 7732 2657 01       		.uleb128 0x1
 7733 2658 A6150000 		.4byte	0x15a6
 7734 265c 00       		.byte	0
 7735 265d 02       		.uleb128 0x2
 7736 265e 15       		.byte	0x15
ARM GAS  /tmp/cc3q4aVX.s 			page 137


 7737 265f 54       		.byte	0x54
 7738 2660 0C       		.byte	0xc
 7739 2661 46260000 		.4byte	0x2646
 7740 2665 02       		.uleb128 0x2
 7741 2666 15       		.byte	0x15
 7742 2667 55       		.byte	0x55
 7743 2668 0C       		.byte	0xc
 7744 2669 FF0C0000 		.4byte	0xcff
 7745 266d 02       		.uleb128 0x2
 7746 266e 15       		.byte	0x15
 7747 266f 55       		.byte	0x55
 7748 2670 0C       		.byte	0xc
 7749 2671 1A0D0000 		.4byte	0xd1a
 7750 2675 0B       		.uleb128 0xb
 7751 2676 EF1E0000 		.4byte	.LASF171
 7752 267a 13       		.byte	0x13
 7753 267b 2E01     		.2byte	0x12e
 7754 267d 0F       		.byte	0xf
 7755 267e A6150000 		.4byte	0x15a6
 7756 2682 8C260000 		.4byte	0x268c
 7757 2686 01       		.uleb128 0x1
 7758 2687 A6150000 		.4byte	0x15a6
 7759 268b 00       		.byte	0
 7760 268c 02       		.uleb128 0x2
 7761 268d 15       		.byte	0x15
 7762 268e 55       		.byte	0x55
 7763 268f 0C       		.byte	0xc
 7764 2690 75260000 		.4byte	0x2675
 7765 2694 02       		.uleb128 0x2
 7766 2695 15       		.byte	0x15
 7767 2696 56       		.byte	0x56
 7768 2697 0C       		.byte	0xc
 7769 2698 350D0000 		.4byte	0xd35
 7770 269c 02       		.uleb128 0x2
 7771 269d 15       		.byte	0x15
 7772 269e 56       		.byte	0x56
 7773 269f 0C       		.byte	0xc
 7774 26a0 500D0000 		.4byte	0xd50
 7775 26a4 0B       		.uleb128 0xb
 7776 26a5 91170000 		.4byte	.LASF174
 7777 26a9 13       		.byte	0x13
 7778 26aa 4001     		.2byte	0x140
 7779 26ac 0F       		.byte	0xf
 7780 26ad A6150000 		.4byte	0x15a6
 7781 26b1 BB260000 		.4byte	0x26bb
 7782 26b5 01       		.uleb128 0x1
 7783 26b6 A6150000 		.4byte	0x15a6
 7784 26ba 00       		.byte	0
 7785 26bb 02       		.uleb128 0x2
 7786 26bc 15       		.byte	0x15
 7787 26bd 56       		.byte	0x56
 7788 26be 0C       		.byte	0xc
 7789 26bf A4260000 		.4byte	0x26a4
 7790 26c3 02       		.uleb128 0x2
 7791 26c4 15       		.byte	0x15
 7792 26c5 57       		.byte	0x57
 7793 26c6 0C       		.byte	0xc
ARM GAS  /tmp/cc3q4aVX.s 			page 138


 7794 26c7 6B0D0000 		.4byte	0xd6b
 7795 26cb 02       		.uleb128 0x2
 7796 26cc 15       		.byte	0x15
 7797 26cd 57       		.byte	0x57
 7798 26ce 0C       		.byte	0xc
 7799 26cf 8B0D0000 		.4byte	0xd8b
 7800 26d3 0B       		.uleb128 0xb
 7801 26d4 00000000 		.4byte	.LASF177
 7802 26d8 13       		.byte	0x13
 7803 26d9 3901     		.2byte	0x139
 7804 26db 0F       		.byte	0xf
 7805 26dc A6150000 		.4byte	0x15a6
 7806 26e0 EF260000 		.4byte	0x26ef
 7807 26e4 01       		.uleb128 0x1
 7808 26e5 A6150000 		.4byte	0x15a6
 7809 26e9 01       		.uleb128 0x1
 7810 26ea A6150000 		.4byte	0x15a6
 7811 26ee 00       		.byte	0
 7812 26ef 02       		.uleb128 0x2
 7813 26f0 15       		.byte	0x15
 7814 26f1 57       		.byte	0x57
 7815 26f2 0C       		.byte	0xc
 7816 26f3 D3260000 		.4byte	0x26d3
 7817 26f7 02       		.uleb128 0x2
 7818 26f8 15       		.byte	0x15
 7819 26f9 58       		.byte	0x58
 7820 26fa 0C       		.byte	0xc
 7821 26fb AB0D0000 		.4byte	0xdab
 7822 26ff 02       		.uleb128 0x2
 7823 2700 15       		.byte	0x15
 7824 2701 58       		.byte	0x58
 7825 2702 0C       		.byte	0xc
 7826 2703 D00D0000 		.4byte	0xdd0
 7827 2707 4E       		.uleb128 0x4e
 7828 2708 666D6100 		.ascii	"fma\000"
 7829 270c 13       		.byte	0x13
 7830 270d 3C01     		.2byte	0x13c
 7831 270f 0F       		.byte	0xf
 7832 2710 A6150000 		.4byte	0x15a6
 7833 2714 28270000 		.4byte	0x2728
 7834 2718 01       		.uleb128 0x1
 7835 2719 A6150000 		.4byte	0x15a6
 7836 271d 01       		.uleb128 0x1
 7837 271e A6150000 		.4byte	0x15a6
 7838 2722 01       		.uleb128 0x1
 7839 2723 A6150000 		.4byte	0x15a6
 7840 2727 00       		.byte	0
 7841 2728 02       		.uleb128 0x2
 7842 2729 15       		.byte	0x15
 7843 272a 58       		.byte	0x58
 7844 272b 0C       		.byte	0xc
 7845 272c 07270000 		.4byte	0x2707
 7846 2730 02       		.uleb128 0x2
 7847 2731 15       		.byte	0x15
 7848 2732 59       		.byte	0x59
 7849 2733 0C       		.byte	0xc
 7850 2734 F50D0000 		.4byte	0xdf5
ARM GAS  /tmp/cc3q4aVX.s 			page 139


 7851 2738 02       		.uleb128 0x2
 7852 2739 15       		.byte	0x15
 7853 273a 59       		.byte	0x59
 7854 273b 0C       		.byte	0xc
 7855 273c 150E0000 		.4byte	0xe15
 7856 2740 0B       		.uleb128 0xb
 7857 2741 93190000 		.4byte	.LASF182
 7858 2745 13       		.byte	0x13
 7859 2746 3A01     		.2byte	0x13a
 7860 2748 0F       		.byte	0xf
 7861 2749 A6150000 		.4byte	0x15a6
 7862 274d 5C270000 		.4byte	0x275c
 7863 2751 01       		.uleb128 0x1
 7864 2752 A6150000 		.4byte	0x15a6
 7865 2756 01       		.uleb128 0x1
 7866 2757 A6150000 		.4byte	0x15a6
 7867 275b 00       		.byte	0
 7868 275c 02       		.uleb128 0x2
 7869 275d 15       		.byte	0x15
 7870 275e 59       		.byte	0x59
 7871 275f 0C       		.byte	0xc
 7872 2760 40270000 		.4byte	0x2740
 7873 2764 02       		.uleb128 0x2
 7874 2765 15       		.byte	0x15
 7875 2766 5A       		.byte	0x5a
 7876 2767 0C       		.byte	0xc
 7877 2768 350E0000 		.4byte	0xe35
 7878 276c 02       		.uleb128 0x2
 7879 276d 15       		.byte	0x15
 7880 276e 5A       		.byte	0x5a
 7881 276f 0C       		.byte	0xc
 7882 2770 550E0000 		.4byte	0xe55
 7883 2774 0B       		.uleb128 0xb
 7884 2775 E4010000 		.4byte	.LASF185
 7885 2779 13       		.byte	0x13
 7886 277a 3B01     		.2byte	0x13b
 7887 277c 0F       		.byte	0xf
 7888 277d A6150000 		.4byte	0x15a6
 7889 2781 90270000 		.4byte	0x2790
 7890 2785 01       		.uleb128 0x1
 7891 2786 A6150000 		.4byte	0x15a6
 7892 278a 01       		.uleb128 0x1
 7893 278b A6150000 		.4byte	0x15a6
 7894 278f 00       		.byte	0
 7895 2790 02       		.uleb128 0x2
 7896 2791 15       		.byte	0x15
 7897 2792 5A       		.byte	0x5a
 7898 2793 0C       		.byte	0xc
 7899 2794 74270000 		.4byte	0x2774
 7900 2798 02       		.uleb128 0x2
 7901 2799 15       		.byte	0x15
 7902 279a 5B       		.byte	0x5b
 7903 279b 0C       		.byte	0xc
 7904 279c 750E0000 		.4byte	0xe75
 7905 27a0 02       		.uleb128 0x2
 7906 27a1 15       		.byte	0x15
 7907 27a2 5B       		.byte	0x5b
ARM GAS  /tmp/cc3q4aVX.s 			page 140


 7908 27a3 0C       		.byte	0xc
 7909 27a4 950E0000 		.4byte	0xe95
 7910 27a8 0B       		.uleb128 0xb
 7911 27a9 FE1A0000 		.4byte	.LASF188
 7912 27ad 13       		.byte	0x13
 7913 27ae 5101     		.2byte	0x151
 7914 27b0 0F       		.byte	0xf
 7915 27b1 A6150000 		.4byte	0x15a6
 7916 27b5 C4270000 		.4byte	0x27c4
 7917 27b9 01       		.uleb128 0x1
 7918 27ba A6150000 		.4byte	0x15a6
 7919 27be 01       		.uleb128 0x1
 7920 27bf A6150000 		.4byte	0x15a6
 7921 27c3 00       		.byte	0
 7922 27c4 02       		.uleb128 0x2
 7923 27c5 15       		.byte	0x15
 7924 27c6 5B       		.byte	0x5b
 7925 27c7 0C       		.byte	0xc
 7926 27c8 A8270000 		.4byte	0x27a8
 7927 27cc 02       		.uleb128 0x2
 7928 27cd 15       		.byte	0x15
 7929 27ce 5C       		.byte	0x5c
 7930 27cf 0C       		.byte	0xc
 7931 27d0 B50E0000 		.4byte	0xeb5
 7932 27d4 02       		.uleb128 0x2
 7933 27d5 15       		.byte	0x15
 7934 27d6 5C       		.byte	0x5c
 7935 27d7 0C       		.byte	0xc
 7936 27d8 D00E0000 		.4byte	0xed0
 7937 27dc 0B       		.uleb128 0xb
 7938 27dd 65030000 		.4byte	.LASF191
 7939 27e1 13       		.byte	0x13
 7940 27e2 2601     		.2byte	0x126
 7941 27e4 0C       		.byte	0xc
 7942 27e5 2C000000 		.4byte	0x2c
 7943 27e9 F3270000 		.4byte	0x27f3
 7944 27ed 01       		.uleb128 0x1
 7945 27ee A6150000 		.4byte	0x15a6
 7946 27f2 00       		.byte	0
 7947 27f3 02       		.uleb128 0x2
 7948 27f4 15       		.byte	0x15
 7949 27f5 5C       		.byte	0x5c
 7950 27f6 0C       		.byte	0xc
 7951 27f7 DC270000 		.4byte	0x27dc
 7952 27fb 02       		.uleb128 0x2
 7953 27fc 15       		.byte	0x15
 7954 27fd 5D       		.byte	0x5d
 7955 27fe 0C       		.byte	0xc
 7956 27ff EB0E0000 		.4byte	0xeeb
 7957 2803 02       		.uleb128 0x2
 7958 2804 15       		.byte	0x15
 7959 2805 5D       		.byte	0x5d
 7960 2806 0C       		.byte	0xc
 7961 2807 060F0000 		.4byte	0xf06
 7962 280b 0B       		.uleb128 0xb
 7963 280c 6B1D0000 		.4byte	.LASF194
 7964 2810 13       		.byte	0x13
ARM GAS  /tmp/cc3q4aVX.s 			page 141


 7965 2811 4801     		.2byte	0x148
 7966 2813 0F       		.byte	0xf
 7967 2814 A6150000 		.4byte	0x15a6
 7968 2818 22280000 		.4byte	0x2822
 7969 281c 01       		.uleb128 0x1
 7970 281d A6150000 		.4byte	0x15a6
 7971 2821 00       		.byte	0
 7972 2822 02       		.uleb128 0x2
 7973 2823 15       		.byte	0x15
 7974 2824 5D       		.byte	0x5d
 7975 2825 0C       		.byte	0xc
 7976 2826 0B280000 		.4byte	0x280b
 7977 282a 02       		.uleb128 0x2
 7978 282b 15       		.byte	0x15
 7979 282c 5E       		.byte	0x5e
 7980 282d 0C       		.byte	0xc
 7981 282e 210F0000 		.4byte	0xf21
 7982 2832 02       		.uleb128 0x2
 7983 2833 15       		.byte	0x15
 7984 2834 5E       		.byte	0x5e
 7985 2835 0C       		.byte	0xc
 7986 2836 3C0F0000 		.4byte	0xf3c
 7987 283a 0B       		.uleb128 0xb
 7988 283b E71A0000 		.4byte	.LASF197
 7989 283f 13       		.byte	0x13
 7990 2840 3301     		.2byte	0x133
 7991 2842 16       		.byte	0x16
 7992 2843 84000000 		.4byte	0x84
 7993 2847 51280000 		.4byte	0x2851
 7994 284b 01       		.uleb128 0x1
 7995 284c A6150000 		.4byte	0x15a6
 7996 2850 00       		.byte	0
 7997 2851 02       		.uleb128 0x2
 7998 2852 15       		.byte	0x15
 7999 2853 5E       		.byte	0x5e
 8000 2854 0C       		.byte	0xc
 8001 2855 3A280000 		.4byte	0x283a
 8002 2859 02       		.uleb128 0x2
 8003 285a 15       		.byte	0x15
 8004 285b 5F       		.byte	0x5f
 8005 285c 0C       		.byte	0xc
 8006 285d 570F0000 		.4byte	0xf57
 8007 2861 02       		.uleb128 0x2
 8008 2862 15       		.byte	0x15
 8009 2863 5F       		.byte	0x5f
 8010 2864 0C       		.byte	0xc
 8011 2865 720F0000 		.4byte	0xf72
 8012 2869 0B       		.uleb128 0xb
 8013 286a C7120000 		.4byte	.LASF200
 8014 286e 13       		.byte	0x13
 8015 286f 3601     		.2byte	0x136
 8016 2871 16       		.byte	0x16
 8017 2872 84000000 		.4byte	0x84
 8018 2876 80280000 		.4byte	0x2880
 8019 287a 01       		.uleb128 0x1
 8020 287b A6150000 		.4byte	0x15a6
 8021 287f 00       		.byte	0
ARM GAS  /tmp/cc3q4aVX.s 			page 142


 8022 2880 02       		.uleb128 0x2
 8023 2881 15       		.byte	0x15
 8024 2882 5F       		.byte	0x5f
 8025 2883 0C       		.byte	0xc
 8026 2884 69280000 		.4byte	0x2869
 8027 2888 02       		.uleb128 0x2
 8028 2889 15       		.byte	0x15
 8029 288a 60       		.byte	0x60
 8030 288b 0C       		.byte	0xc
 8031 288c 8D0F0000 		.4byte	0xf8d
 8032 2890 02       		.uleb128 0x2
 8033 2891 15       		.byte	0x15
 8034 2892 60       		.byte	0x60
 8035 2893 0C       		.byte	0xc
 8036 2894 A80F0000 		.4byte	0xfa8
 8037 2898 0B       		.uleb128 0xb
 8038 2899 DF0A0000 		.4byte	.LASF203
 8039 289d 13       		.byte	0x13
 8040 289e 3F01     		.2byte	0x13f
 8041 28a0 0F       		.byte	0xf
 8042 28a1 A6150000 		.4byte	0x15a6
 8043 28a5 AF280000 		.4byte	0x28af
 8044 28a9 01       		.uleb128 0x1
 8045 28aa A6150000 		.4byte	0x15a6
 8046 28ae 00       		.byte	0
 8047 28af 02       		.uleb128 0x2
 8048 28b0 15       		.byte	0x15
 8049 28b1 60       		.byte	0x60
 8050 28b2 0C       		.byte	0xc
 8051 28b3 98280000 		.4byte	0x2898
 8052 28b7 02       		.uleb128 0x2
 8053 28b8 15       		.byte	0x15
 8054 28b9 61       		.byte	0x61
 8055 28ba 0C       		.byte	0xc
 8056 28bb C30F0000 		.4byte	0xfc3
 8057 28bf 02       		.uleb128 0x2
 8058 28c0 15       		.byte	0x15
 8059 28c1 61       		.byte	0x61
 8060 28c2 0C       		.byte	0xc
 8061 28c3 DE0F0000 		.4byte	0xfde
 8062 28c7 0B       		.uleb128 0xb
 8063 28c8 050E0000 		.4byte	.LASF206
 8064 28cc 13       		.byte	0x13
 8065 28cd 4B01     		.2byte	0x14b
 8066 28cf 0F       		.byte	0xf
 8067 28d0 A6150000 		.4byte	0x15a6
 8068 28d4 DE280000 		.4byte	0x28de
 8069 28d8 01       		.uleb128 0x1
 8070 28d9 A6150000 		.4byte	0x15a6
 8071 28dd 00       		.byte	0
 8072 28de 02       		.uleb128 0x2
 8073 28df 15       		.byte	0x15
 8074 28e0 61       		.byte	0x61
 8075 28e1 0C       		.byte	0xc
 8076 28e2 C7280000 		.4byte	0x28c7
 8077 28e6 02       		.uleb128 0x2
 8078 28e7 15       		.byte	0x15
ARM GAS  /tmp/cc3q4aVX.s 			page 143


 8079 28e8 62       		.byte	0x62
 8080 28e9 0C       		.byte	0xc
 8081 28ea F90F0000 		.4byte	0xff9
 8082 28ee 02       		.uleb128 0x2
 8083 28ef 15       		.byte	0x15
 8084 28f0 62       		.byte	0x62
 8085 28f1 0C       		.byte	0xc
 8086 28f2 14100000 		.4byte	0x1014
 8087 28f6 0B       		.uleb128 0xb
 8088 28f7 C40E0000 		.4byte	.LASF209
 8089 28fb 13       		.byte	0x13
 8090 28fc 2501     		.2byte	0x125
 8091 28fe 0F       		.byte	0xf
 8092 28ff A6150000 		.4byte	0x15a6
 8093 2903 0D290000 		.4byte	0x290d
 8094 2907 01       		.uleb128 0x1
 8095 2908 A6150000 		.4byte	0x15a6
 8096 290c 00       		.byte	0
 8097 290d 02       		.uleb128 0x2
 8098 290e 15       		.byte	0x15
 8099 290f 62       		.byte	0x62
 8100 2910 0C       		.byte	0xc
 8101 2911 F6280000 		.4byte	0x28f6
 8102 2915 02       		.uleb128 0x2
 8103 2916 15       		.byte	0x15
 8104 2917 63       		.byte	0x63
 8105 2918 0C       		.byte	0xc
 8106 2919 2F100000 		.4byte	0x102f
 8107 291d 02       		.uleb128 0x2
 8108 291e 15       		.byte	0x15
 8109 291f 63       		.byte	0x63
 8110 2920 0C       		.byte	0xc
 8111 2921 4A100000 		.4byte	0x104a
 8112 2925 0B       		.uleb128 0xb
 8113 2926 50080000 		.4byte	.LASF212
 8114 292a 13       		.byte	0x13
 8115 292b 3201     		.2byte	0x132
 8116 292d 11       		.byte	0x11
 8117 292e 71000000 		.4byte	0x71
 8118 2932 3C290000 		.4byte	0x293c
 8119 2936 01       		.uleb128 0x1
 8120 2937 A6150000 		.4byte	0x15a6
 8121 293b 00       		.byte	0
 8122 293c 02       		.uleb128 0x2
 8123 293d 15       		.byte	0x15
 8124 293e 63       		.byte	0x63
 8125 293f 0C       		.byte	0xc
 8126 2940 25290000 		.4byte	0x2925
 8127 2944 02       		.uleb128 0x2
 8128 2945 15       		.byte	0x15
 8129 2946 64       		.byte	0x64
 8130 2947 0C       		.byte	0xc
 8131 2948 65100000 		.4byte	0x1065
 8132 294c 02       		.uleb128 0x2
 8133 294d 15       		.byte	0x15
 8134 294e 64       		.byte	0x64
 8135 294f 0C       		.byte	0xc
ARM GAS  /tmp/cc3q4aVX.s 			page 144


 8136 2950 80100000 		.4byte	0x1080
 8137 2954 0B       		.uleb128 0xb
 8138 2955 2B1A0000 		.4byte	.LASF215
 8139 2959 13       		.byte	0x13
 8140 295a 3501     		.2byte	0x135
 8141 295c 11       		.byte	0x11
 8142 295d 71000000 		.4byte	0x71
 8143 2961 6B290000 		.4byte	0x296b
 8144 2965 01       		.uleb128 0x1
 8145 2966 A6150000 		.4byte	0x15a6
 8146 296a 00       		.byte	0
 8147 296b 02       		.uleb128 0x2
 8148 296c 15       		.byte	0x15
 8149 296d 64       		.byte	0x64
 8150 296e 0C       		.byte	0xc
 8151 296f 54290000 		.4byte	0x2954
 8152 2973 02       		.uleb128 0x2
 8153 2974 15       		.byte	0x15
 8154 2975 65       		.byte	0x65
 8155 2976 0C       		.byte	0xc
 8156 2977 9B100000 		.4byte	0x109b
 8157 297b 02       		.uleb128 0x2
 8158 297c 15       		.byte	0x15
 8159 297d 65       		.byte	0x65
 8160 297e 0C       		.byte	0xc
 8161 297f B6100000 		.4byte	0x10b6
 8162 2983 0B       		.uleb128 0xb
 8163 2984 58060000 		.4byte	.LASF218
 8164 2988 13       		.byte	0x13
 8165 2989 3101     		.2byte	0x131
 8166 298b 0F       		.byte	0xf
 8167 298c A6150000 		.4byte	0x15a6
 8168 2990 9A290000 		.4byte	0x299a
 8169 2994 01       		.uleb128 0x1
 8170 2995 A6150000 		.4byte	0x15a6
 8171 2999 00       		.byte	0
 8172 299a 02       		.uleb128 0x2
 8173 299b 15       		.byte	0x15
 8174 299c 65       		.byte	0x65
 8175 299d 0C       		.byte	0xc
 8176 299e 83290000 		.4byte	0x2983
 8177 29a2 02       		.uleb128 0x2
 8178 29a3 15       		.byte	0x15
 8179 29a4 66       		.byte	0x66
 8180 29a5 0C       		.byte	0xc
 8181 29a6 D1100000 		.4byte	0x10d1
 8182 29aa 02       		.uleb128 0x2
 8183 29ab 15       		.byte	0x15
 8184 29ac 66       		.byte	0x66
 8185 29ad 0C       		.byte	0xc
 8186 29ae F1100000 		.4byte	0x10f1
 8187 29b2 0B       		.uleb128 0xb
 8188 29b3 97170000 		.4byte	.LASF221
 8189 29b7 13       		.byte	0x13
 8190 29b8 2A01     		.2byte	0x12a
 8191 29ba 0F       		.byte	0xf
 8192 29bb A6150000 		.4byte	0x15a6
ARM GAS  /tmp/cc3q4aVX.s 			page 145


 8193 29bf CE290000 		.4byte	0x29ce
 8194 29c3 01       		.uleb128 0x1
 8195 29c4 A6150000 		.4byte	0x15a6
 8196 29c8 01       		.uleb128 0x1
 8197 29c9 A6150000 		.4byte	0x15a6
 8198 29cd 00       		.byte	0
 8199 29ce 02       		.uleb128 0x2
 8200 29cf 15       		.byte	0x15
 8201 29d0 66       		.byte	0x66
 8202 29d1 0C       		.byte	0xc
 8203 29d2 B2290000 		.4byte	0x29b2
 8204 29d6 02       		.uleb128 0x2
 8205 29d7 15       		.byte	0x15
 8206 29d8 67       		.byte	0x67
 8207 29d9 0C       		.byte	0xc
 8208 29da 11110000 		.4byte	0x1111
 8209 29de 02       		.uleb128 0x2
 8210 29df 15       		.byte	0x15
 8211 29e0 67       		.byte	0x67
 8212 29e1 0C       		.byte	0xc
 8213 29e2 31110000 		.4byte	0x1131
 8214 29e6 0B       		.uleb128 0xb
 8215 29e7 13040000 		.4byte	.LASF224
 8216 29eb 13       		.byte	0x13
 8217 29ec CC01     		.2byte	0x1cc
 8218 29ee 0F       		.byte	0xf
 8219 29ef A6150000 		.4byte	0x15a6
 8220 29f3 022A0000 		.4byte	0x2a02
 8221 29f7 01       		.uleb128 0x1
 8222 29f8 A6150000 		.4byte	0x15a6
 8223 29fc 01       		.uleb128 0x1
 8224 29fd 9F150000 		.4byte	0x159f
 8225 2a01 00       		.byte	0
 8226 2a02 02       		.uleb128 0x2
 8227 2a03 15       		.byte	0x15
 8228 2a04 67       		.byte	0x67
 8229 2a05 0C       		.byte	0xc
 8230 2a06 E6290000 		.4byte	0x29e6
 8231 2a0a 02       		.uleb128 0x2
 8232 2a0b 15       		.byte	0x15
 8233 2a0c 68       		.byte	0x68
 8234 2a0d 0C       		.byte	0xc
 8235 2a0e 51110000 		.4byte	0x1151
 8236 2a12 02       		.uleb128 0x2
 8237 2a13 15       		.byte	0x15
 8238 2a14 68       		.byte	0x68
 8239 2a15 0C       		.byte	0xc
 8240 2a16 71110000 		.4byte	0x1171
 8241 2a1a 0B       		.uleb128 0xb
 8242 2a1b 411F0000 		.4byte	.LASF227
 8243 2a1f 13       		.byte	0x13
 8244 2a20 4601     		.2byte	0x146
 8245 2a22 0F       		.byte	0xf
 8246 2a23 A6150000 		.4byte	0x15a6
 8247 2a27 362A0000 		.4byte	0x2a36
 8248 2a2b 01       		.uleb128 0x1
 8249 2a2c A6150000 		.4byte	0x15a6
ARM GAS  /tmp/cc3q4aVX.s 			page 146


 8250 2a30 01       		.uleb128 0x1
 8251 2a31 A6150000 		.4byte	0x15a6
 8252 2a35 00       		.byte	0
 8253 2a36 02       		.uleb128 0x2
 8254 2a37 15       		.byte	0x15
 8255 2a38 68       		.byte	0x68
 8256 2a39 0C       		.byte	0xc
 8257 2a3a 1A2A0000 		.4byte	0x2a1a
 8258 2a3e 02       		.uleb128 0x2
 8259 2a3f 15       		.byte	0x15
 8260 2a40 69       		.byte	0x69
 8261 2a41 0C       		.byte	0xc
 8262 2a42 91110000 		.4byte	0x1191
 8263 2a46 02       		.uleb128 0x2
 8264 2a47 15       		.byte	0x15
 8265 2a48 69       		.byte	0x69
 8266 2a49 0C       		.byte	0xc
 8267 2a4a B6110000 		.4byte	0x11b6
 8268 2a4e 0B       		.uleb128 0xb
 8269 2a4f 43130000 		.4byte	.LASF230
 8270 2a53 13       		.byte	0x13
 8271 2a54 3801     		.2byte	0x138
 8272 2a56 0F       		.byte	0xf
 8273 2a57 A6150000 		.4byte	0x15a6
 8274 2a5b 6F2A0000 		.4byte	0x2a6f
 8275 2a5f 01       		.uleb128 0x1
 8276 2a60 A6150000 		.4byte	0x15a6
 8277 2a64 01       		.uleb128 0x1
 8278 2a65 A6150000 		.4byte	0x15a6
 8279 2a69 01       		.uleb128 0x1
 8280 2a6a C5210000 		.4byte	0x21c5
 8281 2a6e 00       		.byte	0
 8282 2a6f 02       		.uleb128 0x2
 8283 2a70 15       		.byte	0x15
 8284 2a71 69       		.byte	0x69
 8285 2a72 0C       		.byte	0xc
 8286 2a73 4E2A0000 		.4byte	0x2a4e
 8287 2a77 02       		.uleb128 0x2
 8288 2a78 15       		.byte	0x15
 8289 2a79 6A       		.byte	0x6a
 8290 2a7a 0C       		.byte	0xc
 8291 2a7b DB110000 		.4byte	0x11db
 8292 2a7f 02       		.uleb128 0x2
 8293 2a80 15       		.byte	0x15
 8294 2a81 6A       		.byte	0x6a
 8295 2a82 0C       		.byte	0xc
 8296 2a83 F6110000 		.4byte	0x11f6
 8297 2a87 0B       		.uleb128 0xb
 8298 2a88 A3190000 		.4byte	.LASF233
 8299 2a8c 13       		.byte	0x13
 8300 2a8d 2B01     		.2byte	0x12b
 8301 2a8f 0F       		.byte	0xf
 8302 2a90 A6150000 		.4byte	0x15a6
 8303 2a94 9E2A0000 		.4byte	0x2a9e
 8304 2a98 01       		.uleb128 0x1
 8305 2a99 A6150000 		.4byte	0x15a6
 8306 2a9d 00       		.byte	0
ARM GAS  /tmp/cc3q4aVX.s 			page 147


 8307 2a9e 02       		.uleb128 0x2
 8308 2a9f 15       		.byte	0x15
 8309 2aa0 6A       		.byte	0x6a
 8310 2aa1 0C       		.byte	0xc
 8311 2aa2 872A0000 		.4byte	0x2a87
 8312 2aa6 02       		.uleb128 0x2
 8313 2aa7 15       		.byte	0x15
 8314 2aa8 6B       		.byte	0x6b
 8315 2aa9 0C       		.byte	0xc
 8316 2aaa 11120000 		.4byte	0x1211
 8317 2aae 02       		.uleb128 0x2
 8318 2aaf 15       		.byte	0x15
 8319 2ab0 6B       		.byte	0x6b
 8320 2ab1 0C       		.byte	0xc
 8321 2ab2 2C120000 		.4byte	0x122c
 8322 2ab6 0B       		.uleb128 0xb
 8323 2ab7 2C120000 		.4byte	.LASF236
 8324 2abb 13       		.byte	0x13
 8325 2abc 3401     		.2byte	0x134
 8326 2abe 0F       		.byte	0xf
 8327 2abf A6150000 		.4byte	0x15a6
 8328 2ac3 CD2A0000 		.4byte	0x2acd
 8329 2ac7 01       		.uleb128 0x1
 8330 2ac8 A6150000 		.4byte	0x15a6
 8331 2acc 00       		.byte	0
 8332 2acd 02       		.uleb128 0x2
 8333 2ace 15       		.byte	0x15
 8334 2acf 6B       		.byte	0x6b
 8335 2ad0 0C       		.byte	0xc
 8336 2ad1 B62A0000 		.4byte	0x2ab6
 8337 2ad5 02       		.uleb128 0x2
 8338 2ad6 15       		.byte	0x15
 8339 2ad7 6C       		.byte	0x6c
 8340 2ad8 0C       		.byte	0xc
 8341 2ad9 47120000 		.4byte	0x1247
 8342 2add 02       		.uleb128 0x2
 8343 2ade 15       		.byte	0x15
 8344 2adf 6C       		.byte	0x6c
 8345 2ae0 0C       		.byte	0xc
 8346 2ae1 67120000 		.4byte	0x1267
 8347 2ae5 0B       		.uleb128 0xb
 8348 2ae6 D6140000 		.4byte	.LASF239
 8349 2aea 13       		.byte	0x13
 8350 2aeb 2F01     		.2byte	0x12f
 8351 2aed 0F       		.byte	0xf
 8352 2aee A6150000 		.4byte	0x15a6
 8353 2af2 012B0000 		.4byte	0x2b01
 8354 2af6 01       		.uleb128 0x1
 8355 2af7 A6150000 		.4byte	0x15a6
 8356 2afb 01       		.uleb128 0x1
 8357 2afc 71000000 		.4byte	0x71
 8358 2b00 00       		.byte	0
 8359 2b01 02       		.uleb128 0x2
 8360 2b02 15       		.byte	0x15
 8361 2b03 6C       		.byte	0x6c
 8362 2b04 0C       		.byte	0xc
 8363 2b05 E52A0000 		.4byte	0x2ae5
ARM GAS  /tmp/cc3q4aVX.s 			page 148


 8364 2b09 02       		.uleb128 0x2
 8365 2b0a 15       		.byte	0x15
 8366 2b0b 6D       		.byte	0x6d
 8367 2b0c 0C       		.byte	0xc
 8368 2b0d 87120000 		.4byte	0x1287
 8369 2b11 02       		.uleb128 0x2
 8370 2b12 15       		.byte	0x15
 8371 2b13 6D       		.byte	0x6d
 8372 2b14 0C       		.byte	0xc
 8373 2b15 A7120000 		.4byte	0x12a7
 8374 2b19 0B       		.uleb128 0xb
 8375 2b1a 5F1A0000 		.4byte	.LASF242
 8376 2b1e 13       		.byte	0x13
 8377 2b1f 2C01     		.2byte	0x12c
 8378 2b21 0F       		.byte	0xf
 8379 2b22 A6150000 		.4byte	0x15a6
 8380 2b26 352B0000 		.4byte	0x2b35
 8381 2b2a 01       		.uleb128 0x1
 8382 2b2b A6150000 		.4byte	0x15a6
 8383 2b2f 01       		.uleb128 0x1
 8384 2b30 2C000000 		.4byte	0x2c
 8385 2b34 00       		.byte	0
 8386 2b35 02       		.uleb128 0x2
 8387 2b36 15       		.byte	0x15
 8388 2b37 6D       		.byte	0x6d
 8389 2b38 0C       		.byte	0xc
 8390 2b39 192B0000 		.4byte	0x2b19
 8391 2b3d 02       		.uleb128 0x2
 8392 2b3e 15       		.byte	0x15
 8393 2b3f 6E       		.byte	0x6e
 8394 2b40 0C       		.byte	0xc
 8395 2b41 C7120000 		.4byte	0x12c7
 8396 2b45 02       		.uleb128 0x2
 8397 2b46 15       		.byte	0x15
 8398 2b47 6E       		.byte	0x6e
 8399 2b48 0C       		.byte	0xc
 8400 2b49 E2120000 		.4byte	0x12e2
 8401 2b4d 0B       		.uleb128 0xb
 8402 2b4e 830D0000 		.4byte	.LASF245
 8403 2b52 13       		.byte	0x13
 8404 2b53 3001     		.2byte	0x130
 8405 2b55 0F       		.byte	0xf
 8406 2b56 A6150000 		.4byte	0x15a6
 8407 2b5a 642B0000 		.4byte	0x2b64
 8408 2b5e 01       		.uleb128 0x1
 8409 2b5f A6150000 		.4byte	0x15a6
 8410 2b63 00       		.byte	0
 8411 2b64 02       		.uleb128 0x2
 8412 2b65 15       		.byte	0x15
 8413 2b66 6E       		.byte	0x6e
 8414 2b67 0C       		.byte	0xc
 8415 2b68 4D2B0000 		.4byte	0x2b4d
 8416 2b6c 02       		.uleb128 0x2
 8417 2b6d 15       		.byte	0x15
 8418 2b6e 6F       		.byte	0x6f
 8419 2b6f 0C       		.byte	0xc
 8420 2b70 FD120000 		.4byte	0x12fd
ARM GAS  /tmp/cc3q4aVX.s 			page 149


 8421 2b74 02       		.uleb128 0x2
 8422 2b75 15       		.byte	0x15
 8423 2b76 6F       		.byte	0x6f
 8424 2b77 0C       		.byte	0xc
 8425 2b78 18130000 		.4byte	0x1318
 8426 2b7c 0B       		.uleb128 0xb
 8427 2b7d 5A180000 		.4byte	.LASF248
 8428 2b81 13       		.byte	0x13
 8429 2b82 3701     		.2byte	0x137
 8430 2b84 0F       		.byte	0xf
 8431 2b85 A6150000 		.4byte	0x15a6
 8432 2b89 932B0000 		.4byte	0x2b93
 8433 2b8d 01       		.uleb128 0x1
 8434 2b8e A6150000 		.4byte	0x15a6
 8435 2b92 00       		.byte	0
 8436 2b93 02       		.uleb128 0x2
 8437 2b94 15       		.byte	0x15
 8438 2b95 6F       		.byte	0x6f
 8439 2b96 0C       		.byte	0xc
 8440 2b97 7C2B0000 		.4byte	0x2b7c
 8441 2b9b 69       		.uleb128 0x69
 8442 2b9c 07       		.byte	0x7
 8443 2b9d 04       		.byte	0x4
 8444 2b9e 33000000 		.4byte	0x33
 8445 2ba2 16       		.byte	0x16
 8446 2ba3 B4       		.byte	0xb4
 8447 2ba4 08       		.byte	0x8
 8448 2ba5 C52B0000 		.4byte	0x2bc5
 8449 2ba9 3D       		.uleb128 0x3d
 8450 2baa 78140000 		.4byte	.LASF378
 8451 2bae 00000100 		.4byte	0x10000
 8452 2bb2 3D       		.uleb128 0x3d
 8453 2bb3 DB0E0000 		.4byte	.LASF379
 8454 2bb7 00010100 		.4byte	0x10100
 8455 2bbb 3D       		.uleb128 0x3d
 8456 2bbc 3E020000 		.4byte	.LASF380
 8457 2bc0 00000200 		.4byte	0x20000
 8458 2bc4 00       		.byte	0
 8459 2bc5 6A       		.uleb128 0x6a
 8460 2bc6 5C1C0000 		.4byte	.LASF655
 8461 2bca 16       		.byte	0x16
 8462 2bcb D8       		.byte	0xd8
 8463 2bcc 10       		.byte	0x10
 8464 2bcd 0E       		.uleb128 0xe
 8465 2bce C52B0000 		.4byte	0x2bc5
 8466 2bd2 08       		.uleb128 0x8
 8467 2bd3 A3070000 		.4byte	.LASF381
 8468 2bd7 16       		.byte	0x16
 8469 2bd8 E3       		.byte	0xe3
 8470 2bd9 17       		.byte	0x17
 8471 2bda DE2B0000 		.4byte	0x2bde
 8472 2bde 09       		.uleb128 0x9
 8473 2bdf 04       		.byte	0x4
 8474 2be0 E42B0000 		.4byte	0x2be4
 8475 2be4 2D       		.uleb128 0x2d
 8476 2be5 F32B0000 		.4byte	0x2bf3
 8477 2be9 F32B0000 		.4byte	0x2bf3
ARM GAS  /tmp/cc3q4aVX.s 			page 150


 8478 2bed 01       		.uleb128 0x1
 8479 2bee B2150000 		.4byte	0x15b2
 8480 2bf2 00       		.byte	0
 8481 2bf3 09       		.uleb128 0x9
 8482 2bf4 04       		.byte	0x4
 8483 2bf5 8B000000 		.4byte	0x8b
 8484 2bf9 08       		.uleb128 0x8
 8485 2bfa F9070000 		.4byte	.LASF382
 8486 2bfe 16       		.byte	0x16
 8487 2bff EB       		.byte	0xeb
 8488 2c00 12       		.byte	0x12
 8489 2c01 052C0000 		.4byte	0x2c05
 8490 2c05 09       		.uleb128 0x9
 8491 2c06 04       		.byte	0x4
 8492 2c07 0B2C0000 		.4byte	0x2c0b
 8493 2c0b 3C       		.uleb128 0x3c
 8494 2c0c 162C0000 		.4byte	0x2c16
 8495 2c10 01       		.uleb128 0x1
 8496 2c11 162C0000 		.4byte	0x2c16
 8497 2c15 00       		.byte	0
 8498 2c16 09       		.uleb128 0x9
 8499 2c17 04       		.byte	0x4
 8500 2c18 97000000 		.4byte	0x97
 8501 2c1c 08       		.uleb128 0x8
 8502 2c1d 0A160000 		.4byte	.LASF383
 8503 2c21 16       		.byte	0x16
 8504 2c22 F3       		.byte	0xf3
 8505 2c23 14       		.byte	0x14
 8506 2c24 282C0000 		.4byte	0x2c28
 8507 2c28 09       		.uleb128 0x9
 8508 2c29 04       		.byte	0x4
 8509 2c2a 2E2C0000 		.4byte	0x2c2e
 8510 2c2e 6B       		.uleb128 0x6b
 8511 2c2f B2150000 		.4byte	0x15b2
 8512 2c33 2B       		.uleb128 0x2b
 8513 2c34 A1170000 		.4byte	.LASF384
 8514 2c38 10       		.byte	0x10
 8515 2c39 16       		.byte	0x16
 8516 2c3a FA       		.byte	0xfa
 8517 2c3b 12       		.byte	0x12
 8518 2c3c 752C0000 		.4byte	0x2c75
 8519 2c40 06       		.uleb128 0x6
 8520 2c41 730D0000 		.4byte	.LASF385
 8521 2c45 16       		.byte	0x16
 8522 2c46 FB       		.byte	0xfb
 8523 2c47 28       		.byte	0x28
 8524 2c48 752C0000 		.4byte	0x2c75
 8525 2c4c 00       		.byte	0
 8526 2c4d 06       		.uleb128 0x6
 8527 2c4e 27160000 		.4byte	.LASF386
 8528 2c52 16       		.byte	0x16
 8529 2c53 FC       		.byte	0xfc
 8530 2c54 22       		.byte	0x22
 8531 2c55 D22B0000 		.4byte	0x2bd2
 8532 2c59 04       		.byte	0x4
 8533 2c5a 06       		.uleb128 0x6
 8534 2c5b 45060000 		.4byte	.LASF387
ARM GAS  /tmp/cc3q4aVX.s 			page 151


 8535 2c5f 16       		.byte	0x16
 8536 2c60 FD       		.byte	0xfd
 8537 2c61 21       		.byte	0x21
 8538 2c62 F92B0000 		.4byte	0x2bf9
 8539 2c66 08       		.byte	0x8
 8540 2c67 06       		.uleb128 0x6
 8541 2c68 B9050000 		.4byte	.LASF388
 8542 2c6c 16       		.byte	0x16
 8543 2c6d FE       		.byte	0xfe
 8544 2c6e 22       		.byte	0x22
 8545 2c6f 1C2C0000 		.4byte	0x2c1c
 8546 2c73 0C       		.byte	0xc
 8547 2c74 00       		.byte	0
 8548 2c75 09       		.uleb128 0x9
 8549 2c76 04       		.byte	0x4
 8550 2c77 CD2B0000 		.4byte	0x2bcd
 8551 2c7b 08       		.uleb128 0x8
 8552 2c7c 6B030000 		.4byte	.LASF389
 8553 2c80 16       		.byte	0x16
 8554 2c81 FF       		.byte	0xff
 8555 2c82 05       		.byte	0x5
 8556 2c83 332C0000 		.4byte	0x2c33
 8557 2c87 36       		.uleb128 0x36
 8558 2c88 F3110000 		.4byte	.LASF390
 8559 2c8c 20       		.byte	0x20
 8560 2c8d 16       		.byte	0x16
 8561 2c8e 0601     		.2byte	0x106
 8562 2c90 12       		.byte	0x12
 8563 2c91 F82C0000 		.4byte	0x2cf8
 8564 2c95 05       		.uleb128 0x5
 8565 2c96 320F0000 		.4byte	.LASF391
 8566 2c9a 16       		.byte	0x16
 8567 2c9b 0701     		.2byte	0x107
 8568 2c9d 0E       		.byte	0xe
 8569 2c9e B6000000 		.4byte	0xb6
 8570 2ca2 00       		.byte	0
 8571 2ca3 31       		.uleb128 0x31
 8572 2ca4 61706900 		.ascii	"api\000"
 8573 2ca8 16       		.byte	0x16
 8574 2ca9 0801     		.2byte	0x108
 8575 2cab 0E       		.byte	0xe
 8576 2cac B6000000 		.4byte	0xb6
 8577 2cb0 04       		.byte	0x4
 8578 2cb1 05       		.uleb128 0x5
 8579 2cb2 98190000 		.4byte	.LASF392
 8580 2cb6 16       		.byte	0x16
 8581 2cb7 0901     		.2byte	0x109
 8582 2cb9 0E       		.byte	0xe
 8583 2cba B6000000 		.4byte	0xb6
 8584 2cbe 08       		.byte	0x8
 8585 2cbf 05       		.uleb128 0x5
 8586 2cc0 54040000 		.4byte	.LASF393
 8587 2cc4 16       		.byte	0x16
 8588 2cc5 0A01     		.2byte	0x10a
 8589 2cc7 0E       		.byte	0xe
 8590 2cc8 A3000000 		.4byte	0xa3
 8591 2ccc 0C       		.byte	0xc
ARM GAS  /tmp/cc3q4aVX.s 			page 152


 8592 2ccd 05       		.uleb128 0x5
 8593 2cce B3180000 		.4byte	.LASF394
 8594 2cd2 16       		.byte	0x16
 8595 2cd3 0B01     		.2byte	0x10b
 8596 2cd5 0D       		.byte	0xd
 8597 2cd6 8B000000 		.4byte	0x8b
 8598 2cda 0E       		.byte	0xe
 8599 2cdb 05       		.uleb128 0x5
 8600 2cdc 6F1A0000 		.4byte	.LASF395
 8601 2ce0 16       		.byte	0x16
 8602 2ce1 0C01     		.2byte	0x10c
 8603 2ce3 0D       		.byte	0xd
 8604 2ce4 8B000000 		.4byte	0x8b
 8605 2ce8 0F       		.byte	0xf
 8606 2ce9 05       		.uleb128 0x5
 8607 2cea F70F0000 		.4byte	.LASF396
 8608 2cee 16       		.byte	0x16
 8609 2cef 0D01     		.2byte	0x10d
 8610 2cf1 1A       		.byte	0x1a
 8611 2cf2 7B2C0000 		.4byte	0x2c7b
 8612 2cf6 10       		.byte	0x10
 8613 2cf7 00       		.byte	0
 8614 2cf8 30       		.uleb128 0x30
 8615 2cf9 36070000 		.4byte	.LASF397
 8616 2cfd 16       		.byte	0x16
 8617 2cfe 0E01     		.2byte	0x10e
 8618 2d00 05       		.byte	0x5
 8619 2d01 872C0000 		.4byte	0x2c87
 8620 2d05 0E       		.uleb128 0xe
 8621 2d06 F82C0000 		.4byte	0x2cf8
 8622 2d0a 36       		.uleb128 0x36
 8623 2d0b 87020000 		.4byte	.LASF398
 8624 2d0f 20       		.byte	0x20
 8625 2d10 16       		.byte	0x16
 8626 2d11 4101     		.2byte	0x141
 8627 2d13 12       		.byte	0x12
 8628 2d14 A02D0000 		.4byte	0x2da0
 8629 2d18 31       		.uleb128 0x31
 8630 2d19 6D696E00 		.ascii	"min\000"
 8631 2d1d 16       		.byte	0x16
 8632 2d1e 4201     		.2byte	0x142
 8633 2d20 0D       		.byte	0xd
 8634 2d21 4D000000 		.4byte	0x4d
 8635 2d25 00       		.byte	0
 8636 2d26 31       		.uleb128 0x31
 8637 2d27 6D617800 		.ascii	"max\000"
 8638 2d2b 16       		.byte	0x16
 8639 2d2c 4301     		.2byte	0x143
 8640 2d2e 0D       		.byte	0xd
 8641 2d2f 4D000000 		.4byte	0x4d
 8642 2d33 02       		.byte	0x2
 8643 2d34 05       		.uleb128 0x5
 8644 2d35 CC0A0000 		.4byte	.LASF399
 8645 2d39 16       		.byte	0x16
 8646 2d3a 4401     		.2byte	0x144
 8647 2d3c 0D       		.byte	0xd
 8648 2d3d 4D000000 		.4byte	0x4d
ARM GAS  /tmp/cc3q4aVX.s 			page 153


 8649 2d41 04       		.byte	0x4
 8650 2d42 05       		.uleb128 0x5
 8651 2d43 14190000 		.4byte	.LASF400
 8652 2d47 16       		.byte	0x16
 8653 2d48 4501     		.2byte	0x145
 8654 2d4a 0D       		.byte	0xd
 8655 2d4b 4D000000 		.4byte	0x4d
 8656 2d4f 06       		.byte	0x6
 8657 2d50 05       		.uleb128 0x5
 8658 2d51 3D030000 		.4byte	.LASF401
 8659 2d55 16       		.byte	0x16
 8660 2d56 4601     		.2byte	0x146
 8661 2d58 0D       		.byte	0xd
 8662 2d59 8B000000 		.4byte	0x8b
 8663 2d5d 08       		.byte	0x8
 8664 2d5e 3E       		.uleb128 0x3e
 8665 2d5f 83190000 		.4byte	.LASF402
 8666 2d63 16       		.byte	0x16
 8667 2d64 4701     		.2byte	0x147
 8668 2d66 0D       		.byte	0xd
 8669 2d67 8B000000 		.4byte	0x8b
 8670 2d6b 01       		.byte	0x1
 8671 2d6c 04       		.byte	0x4
 8672 2d6d 04       		.byte	0x4
 8673 2d6e 09       		.byte	0x9
 8674 2d6f 3E       		.uleb128 0x3e
 8675 2d70 19190000 		.4byte	.LASF403
 8676 2d74 16       		.byte	0x16
 8677 2d75 4801     		.2byte	0x148
 8678 2d77 0D       		.byte	0xd
 8679 2d78 8B000000 		.4byte	0x8b
 8680 2d7c 01       		.byte	0x1
 8681 2d7d 01       		.byte	0x1
 8682 2d7e 03       		.byte	0x3
 8683 2d7f 09       		.byte	0x9
 8684 2d80 3E       		.uleb128 0x3e
 8685 2d81 A01D0000 		.4byte	.LASF404
 8686 2d85 16       		.byte	0x16
 8687 2d86 4901     		.2byte	0x149
 8688 2d88 0D       		.byte	0xd
 8689 2d89 8B000000 		.4byte	0x8b
 8690 2d8d 01       		.byte	0x1
 8691 2d8e 03       		.byte	0x3
 8692 2d8f 00       		.byte	0
 8693 2d90 09       		.byte	0x9
 8694 2d91 05       		.uleb128 0x5
 8695 2d92 28090000 		.4byte	.LASF405
 8696 2d96 16       		.byte	0x16
 8697 2d97 4A01     		.2byte	0x14a
 8698 2d99 0D       		.byte	0xd
 8699 2d9a A02D0000 		.4byte	0x2da0
 8700 2d9e 0A       		.byte	0xa
 8701 2d9f 00       		.byte	0
 8702 2da0 0C       		.uleb128 0xc
 8703 2da1 A71C0000 		.4byte	0x1ca7
 8704 2da5 B02D0000 		.4byte	0x2db0
 8705 2da9 0F       		.uleb128 0xf
ARM GAS  /tmp/cc3q4aVX.s 			page 154


 8706 2daa 33000000 		.4byte	0x33
 8707 2dae 15       		.byte	0x15
 8708 2daf 00       		.byte	0
 8709 2db0 30       		.uleb128 0x30
 8710 2db1 9A1F0000 		.4byte	.LASF406
 8711 2db5 16       		.byte	0x16
 8712 2db6 4B01     		.2byte	0x14b
 8713 2db8 05       		.byte	0x5
 8714 2db9 0A2D0000 		.4byte	0x2d0a
 8715 2dbd 09       		.uleb128 0x9
 8716 2dbe 04       		.byte	0x4
 8717 2dbf 052D0000 		.4byte	0x2d05
 8718 2dc3 09       		.uleb128 0x9
 8719 2dc4 04       		.byte	0x4
 8720 2dc5 AD150000 		.4byte	0x15ad
 8721 2dc9 0E       		.uleb128 0xe
 8722 2dca C32D0000 		.4byte	0x2dc3
 8723 2dce 4B       		.uleb128 0x4b
 8724 2dcf 951E0000 		.4byte	.LASF407
 8725 2dd3 3801     		.2byte	0x138
 8726 2dd5 16       		.byte	0x16
 8727 2dd6 D401     		.2byte	0x1d4
 8728 2dd8 12       		.byte	0x12
 8729 2dd9 782E0000 		.4byte	0x2e78
 8730 2ddd 05       		.uleb128 0x5
 8731 2dde 3A180000 		.4byte	.LASF408
 8732 2de2 16       		.byte	0x16
 8733 2de3 D501     		.2byte	0x1d5
 8734 2de5 0E       		.byte	0xe
 8735 2de6 B6000000 		.4byte	0xb6
 8736 2dea 00       		.byte	0
 8737 2deb 05       		.uleb128 0x5
 8738 2dec 320F0000 		.4byte	.LASF391
 8739 2df0 16       		.byte	0x16
 8740 2df1 D601     		.2byte	0x1d6
 8741 2df3 0E       		.byte	0xe
 8742 2df4 B6000000 		.4byte	0xb6
 8743 2df8 04       		.byte	0x4
 8744 2df9 31       		.uleb128 0x31
 8745 2dfa 61706900 		.ascii	"api\000"
 8746 2dfe 16       		.byte	0x16
 8747 2dff D701     		.2byte	0x1d7
 8748 2e01 0E       		.byte	0xe
 8749 2e02 B6000000 		.4byte	0xb6
 8750 2e06 08       		.byte	0x8
 8751 2e07 05       		.uleb128 0x5
 8752 2e08 BA1B0000 		.4byte	.LASF409
 8753 2e0c 16       		.byte	0x16
 8754 2e0d D801     		.2byte	0x1d8
 8755 2e0f 0E       		.byte	0xe
 8756 2e10 B6000000 		.4byte	0xb6
 8757 2e14 0C       		.byte	0xc
 8758 2e15 05       		.uleb128 0x5
 8759 2e16 B71C0000 		.4byte	.LASF410
 8760 2e1a 16       		.byte	0x16
 8761 2e1b D901     		.2byte	0x1d9
 8762 2e1d 0E       		.byte	0xe
ARM GAS  /tmp/cc3q4aVX.s 			page 155


 8763 2e1e B6000000 		.4byte	0xb6
 8764 2e22 10       		.byte	0x10
 8765 2e23 05       		.uleb128 0x5
 8766 2e24 65180000 		.4byte	.LASF411
 8767 2e28 16       		.byte	0x16
 8768 2e29 DA01     		.2byte	0x1da
 8769 2e2b 0E       		.byte	0xe
 8770 2e2c B6000000 		.4byte	0xb6
 8771 2e30 14       		.byte	0x14
 8772 2e31 05       		.uleb128 0x5
 8773 2e32 28090000 		.4byte	.LASF405
 8774 2e36 16       		.byte	0x16
 8775 2e37 DB01     		.2byte	0x1db
 8776 2e39 0E       		.byte	0xe
 8777 2e3a 782E0000 		.4byte	0x2e78
 8778 2e3e 18       		.byte	0x18
 8779 2e3f 05       		.uleb128 0x5
 8780 2e40 EC0C0000 		.4byte	.LASF412
 8781 2e44 16       		.byte	0x16
 8782 2e45 DC01     		.2byte	0x1dc
 8783 2e47 0E       		.byte	0xe
 8784 2e48 B6000000 		.4byte	0xb6
 8785 2e4c 2C       		.byte	0x2c
 8786 2e4d 05       		.uleb128 0x5
 8787 2e4e F60C0000 		.4byte	.LASF413
 8788 2e52 16       		.byte	0x16
 8789 2e53 DD01     		.2byte	0x1dd
 8790 2e55 0E       		.byte	0xe
 8791 2e56 B6000000 		.4byte	0xb6
 8792 2e5a 30       		.byte	0x30
 8793 2e5b 05       		.uleb128 0x5
 8794 2e5c C50C0000 		.4byte	.LASF414
 8795 2e60 16       		.byte	0x16
 8796 2e61 DE01     		.2byte	0x1de
 8797 2e63 0E       		.byte	0xe
 8798 2e64 B6000000 		.4byte	0xb6
 8799 2e68 34       		.byte	0x34
 8800 2e69 05       		.uleb128 0x5
 8801 2e6a CE160000 		.4byte	.LASF415
 8802 2e6e 16       		.byte	0x16
 8803 2e6f DF01     		.2byte	0x1df
 8804 2e71 12       		.byte	0x12
 8805 2e72 882E0000 		.4byte	0x2e88
 8806 2e76 38       		.byte	0x38
 8807 2e77 00       		.byte	0
 8808 2e78 0C       		.uleb128 0xc
 8809 2e79 A71C0000 		.4byte	0x1ca7
 8810 2e7d 882E0000 		.4byte	0x2e88
 8811 2e81 0F       		.uleb128 0xf
 8812 2e82 33000000 		.4byte	0x33
 8813 2e86 13       		.byte	0x13
 8814 2e87 00       		.byte	0
 8815 2e88 0C       		.uleb128 0xc
 8816 2e89 B02D0000 		.4byte	0x2db0
 8817 2e8d 982E0000 		.4byte	0x2e98
 8818 2e91 0F       		.uleb128 0xf
 8819 2e92 33000000 		.4byte	0x33
ARM GAS  /tmp/cc3q4aVX.s 			page 156


 8820 2e96 07       		.byte	0x7
 8821 2e97 00       		.byte	0
 8822 2e98 30       		.uleb128 0x30
 8823 2e99 471A0000 		.4byte	.LASF416
 8824 2e9d 16       		.byte	0x16
 8825 2e9e E001     		.2byte	0x1e0
 8826 2ea0 05       		.byte	0x5
 8827 2ea1 CE2D0000 		.4byte	0x2dce
 8828 2ea5 6C       		.uleb128 0x6c
 8829 2ea6 05       		.byte	0x5
 8830 2ea7 01       		.byte	0x1
 8831 2ea8 46000000 		.4byte	0x46
 8832 2eac 16       		.byte	0x16
 8833 2ead E401     		.2byte	0x1e4
 8834 2eaf 08       		.byte	0x8
 8835 2eb0 DF2E0000 		.4byte	0x2edf
 8836 2eb4 6D       		.uleb128 0x6d
 8837 2eb5 72100000 		.4byte	.LASF417
 8838 2eb9 00       		.byte	0
 8839 2eba 2E       		.uleb128 0x2e
 8840 2ebb 2F040000 		.4byte	.LASF418
 8841 2ebf 7F       		.sleb128 -1
 8842 2ec0 2E       		.uleb128 0x2e
 8843 2ec1 57020000 		.4byte	.LASF419
 8844 2ec5 7E       		.sleb128 -2
 8845 2ec6 2E       		.uleb128 0x2e
 8846 2ec7 32120000 		.4byte	.LASF420
 8847 2ecb 7C       		.sleb128 -4
 8848 2ecc 2E       		.uleb128 0x2e
 8849 2ecd B7000000 		.4byte	.LASF421
 8850 2ed1 78       		.sleb128 -8
 8851 2ed2 2E       		.uleb128 0x2e
 8852 2ed3 87180000 		.4byte	.LASF422
 8853 2ed7 70       		.sleb128 -16
 8854 2ed8 2E       		.uleb128 0x2e
 8855 2ed9 BF1C0000 		.4byte	.LASF423
 8856 2edd 60       		.sleb128 -32
 8857 2ede 00       		.byte	0
 8858 2edf 24       		.uleb128 0x24
 8859 2ee0 3D080000 		.4byte	.LASF424
 8860 2ee4 17       		.byte	0x17
 8861 2ee5 47       		.byte	0x47
 8862 2ee6 19       		.byte	0x19
 8863 2ee7 C2000000 		.4byte	0xc2
 8864 2eeb 24       		.uleb128 0x24
 8865 2eec B20E0000 		.4byte	.LASF425
 8866 2ef0 17       		.byte	0x17
 8867 2ef1 4C       		.byte	0x4c
 8868 2ef2 19       		.byte	0x19
 8869 2ef3 C2000000 		.4byte	0xc2
 8870 2ef7 0C       		.uleb128 0xc
 8871 2ef8 AD150000 		.4byte	0x15ad
 8872 2efc 072F0000 		.4byte	0x2f07
 8873 2f00 0F       		.uleb128 0xf
 8874 2f01 33000000 		.4byte	0x33
 8875 2f05 97       		.byte	0x97
 8876 2f06 00       		.byte	0
ARM GAS  /tmp/cc3q4aVX.s 			page 157


 8877 2f07 0E       		.uleb128 0xe
 8878 2f08 F72E0000 		.4byte	0x2ef7
 8879 2f0c 24       		.uleb128 0x24
 8880 2f0d 66040000 		.4byte	.LASF426
 8881 2f11 17       		.byte	0x17
 8882 2f12 65       		.byte	0x65
 8883 2f13 16       		.byte	0x16
 8884 2f14 072F0000 		.4byte	0x2f07
 8885 2f18 0C       		.uleb128 0xc
 8886 2f19 AD150000 		.4byte	0x15ad
 8887 2f1d 282F0000 		.4byte	0x2f28
 8888 2f21 0F       		.uleb128 0xf
 8889 2f22 33000000 		.4byte	0x33
 8890 2f26 80       		.byte	0x80
 8891 2f27 00       		.byte	0
 8892 2f28 0E       		.uleb128 0xe
 8893 2f29 182F0000 		.4byte	0x2f18
 8894 2f2d 24       		.uleb128 0x24
 8895 2f2e 8A0D0000 		.4byte	.LASF427
 8896 2f32 17       		.byte	0x17
 8897 2f33 92       		.byte	0x92
 8898 2f34 16       		.byte	0x16
 8899 2f35 282F0000 		.4byte	0x2f28
 8900 2f39 0C       		.uleb128 0xc
 8901 2f3a 97000000 		.4byte	0x97
 8902 2f3e 492F0000 		.4byte	0x2f49
 8903 2f42 0F       		.uleb128 0xf
 8904 2f43 33000000 		.4byte	0x33
 8905 2f47 06       		.byte	0x6
 8906 2f48 00       		.byte	0
 8907 2f49 0E       		.uleb128 0xe
 8908 2f4a 392F0000 		.4byte	0x2f39
 8909 2f4e 24       		.uleb128 0x24
 8910 2f4f 341F0000 		.4byte	.LASF428
 8911 2f53 17       		.byte	0x17
 8912 2f54 C3       		.byte	0xc3
 8913 2f55 18       		.byte	0x18
 8914 2f56 492F0000 		.4byte	0x2f49
 8915 2f5a 0C       		.uleb128 0xc
 8916 2f5b AD150000 		.4byte	0x15ad
 8917 2f5f 6B2F0000 		.4byte	0x2f6b
 8918 2f63 3F       		.uleb128 0x3f
 8919 2f64 33000000 		.4byte	0x33
 8920 2f68 8603     		.2byte	0x386
 8921 2f6a 00       		.byte	0
 8922 2f6b 0E       		.uleb128 0xe
 8923 2f6c 5A2F0000 		.4byte	0x2f5a
 8924 2f70 24       		.uleb128 0x24
 8925 2f71 5D050000 		.4byte	.LASF429
 8926 2f75 17       		.byte	0x17
 8927 2f76 C4       		.byte	0xc4
 8928 2f77 16       		.byte	0x16
 8929 2f78 6B2F0000 		.4byte	0x2f6b
 8930 2f7c 15       		.uleb128 0x15
 8931 2f7d 5C070000 		.4byte	.LASF430
 8932 2f81 17       		.byte	0x17
 8933 2f82 3001     		.2byte	0x130
ARM GAS  /tmp/cc3q4aVX.s 			page 158


 8934 2f84 18       		.byte	0x18
 8935 2f85 492F0000 		.4byte	0x2f49
 8936 2f89 15       		.uleb128 0x15
 8937 2f8a CC060000 		.4byte	.LASF431
 8938 2f8e 17       		.byte	0x17
 8939 2f8f 3101     		.2byte	0x131
 8940 2f91 16       		.byte	0x16
 8941 2f92 6B2F0000 		.4byte	0x2f6b
 8942 2f96 15       		.uleb128 0x15
 8943 2f97 6D180000 		.4byte	.LASF432
 8944 2f9b 17       		.byte	0x17
 8945 2f9c 9F01     		.2byte	0x19f
 8946 2f9e 18       		.byte	0x18
 8947 2f9f 492F0000 		.4byte	0x2f49
 8948 2fa3 15       		.uleb128 0x15
 8949 2fa4 4F1C0000 		.4byte	.LASF433
 8950 2fa8 17       		.byte	0x17
 8951 2fa9 A001     		.2byte	0x1a0
 8952 2fab 16       		.byte	0x16
 8953 2fac 6B2F0000 		.4byte	0x2f6b
 8954 2fb0 0C       		.uleb128 0xc
 8955 2fb1 C92D0000 		.4byte	0x2dc9
 8956 2fb5 C02F0000 		.4byte	0x2fc0
 8957 2fb9 0F       		.uleb128 0xf
 8958 2fba 33000000 		.4byte	0x33
 8959 2fbe 0F       		.byte	0xf
 8960 2fbf 00       		.byte	0
 8961 2fc0 0E       		.uleb128 0xe
 8962 2fc1 B02F0000 		.4byte	0x2fb0
 8963 2fc5 15       		.uleb128 0x15
 8964 2fc6 7D150000 		.4byte	.LASF434
 8965 2fca 17       		.byte	0x17
 8966 2fcb 0502     		.2byte	0x205
 8967 2fcd 1E       		.byte	0x1e
 8968 2fce C02F0000 		.4byte	0x2fc0
 8969 2fd2 15       		.uleb128 0x15
 8970 2fd3 84150000 		.4byte	.LASF435
 8971 2fd7 17       		.byte	0x17
 8972 2fd8 0902     		.2byte	0x209
 8973 2fda 1E       		.byte	0x1e
 8974 2fdb C02F0000 		.4byte	0x2fc0
 8975 2fdf 0C       		.uleb128 0xc
 8976 2fe0 C92D0000 		.4byte	0x2dc9
 8977 2fe4 EF2F0000 		.4byte	0x2fef
 8978 2fe8 0F       		.uleb128 0xf
 8979 2fe9 33000000 		.4byte	0x33
 8980 2fed 0D       		.byte	0xd
 8981 2fee 00       		.byte	0
 8982 2fef 0E       		.uleb128 0xe
 8983 2ff0 DF2F0000 		.4byte	0x2fdf
 8984 2ff4 15       		.uleb128 0x15
 8985 2ff5 8B150000 		.4byte	.LASF436
 8986 2ff9 17       		.byte	0x17
 8987 2ffa 0D02     		.2byte	0x20d
 8988 2ffc 1E       		.byte	0x1e
 8989 2ffd EF2F0000 		.4byte	0x2fef
 8990 3001 0C       		.uleb128 0xc
ARM GAS  /tmp/cc3q4aVX.s 			page 159


 8991 3002 C92D0000 		.4byte	0x2dc9
 8992 3006 11300000 		.4byte	0x3011
 8993 300a 0F       		.uleb128 0xf
 8994 300b 33000000 		.4byte	0x33
 8995 300f 0C       		.byte	0xc
 8996 3010 00       		.byte	0
 8997 3011 0E       		.uleb128 0xe
 8998 3012 01300000 		.4byte	0x3001
 8999 3016 15       		.uleb128 0x15
 9000 3017 92150000 		.4byte	.LASF437
 9001 301b 17       		.byte	0x17
 9002 301c 1102     		.2byte	0x211
 9003 301e 1E       		.byte	0x1e
 9004 301f 11300000 		.4byte	0x3011
 9005 3023 0C       		.uleb128 0xc
 9006 3024 C92D0000 		.4byte	0x2dc9
 9007 3028 33300000 		.4byte	0x3033
 9008 302c 0F       		.uleb128 0xf
 9009 302d 33000000 		.4byte	0x33
 9010 3031 0E       		.byte	0xe
 9011 3032 00       		.byte	0
 9012 3033 0E       		.uleb128 0xe
 9013 3034 23300000 		.4byte	0x3023
 9014 3038 15       		.uleb128 0x15
 9015 3039 99150000 		.4byte	.LASF438
 9016 303d 17       		.byte	0x17
 9017 303e 1502     		.2byte	0x215
 9018 3040 1E       		.byte	0x1e
 9019 3041 33300000 		.4byte	0x3033
 9020 3045 15       		.uleb128 0x15
 9021 3046 A0150000 		.4byte	.LASF439
 9022 304a 17       		.byte	0x17
 9023 304b 1902     		.2byte	0x219
 9024 304d 1E       		.byte	0x1e
 9025 304e C02F0000 		.4byte	0x2fc0
 9026 3052 0C       		.uleb128 0xc
 9027 3053 AD150000 		.4byte	0x15ad
 9028 3057 63300000 		.4byte	0x3063
 9029 305b 3F       		.uleb128 0x3f
 9030 305c 33000000 		.4byte	0x33
 9031 3060 0001     		.2byte	0x100
 9032 3062 00       		.byte	0
 9033 3063 0E       		.uleb128 0xe
 9034 3064 52300000 		.4byte	0x3052
 9035 3068 15       		.uleb128 0x15
 9036 3069 2A130000 		.4byte	.LASF440
 9037 306d 17       		.byte	0x17
 9038 306e 3D02     		.2byte	0x23d
 9039 3070 16       		.byte	0x16
 9040 3071 63300000 		.4byte	0x3063
 9041 3075 15       		.uleb128 0x15
 9042 3076 80120000 		.4byte	.LASF441
 9043 307a 17       		.byte	0x17
 9044 307b 5402     		.2byte	0x254
 9045 307d 16       		.byte	0x16
 9046 307e 63300000 		.4byte	0x3063
 9047 3082 15       		.uleb128 0x15
ARM GAS  /tmp/cc3q4aVX.s 			page 160


 9048 3083 09180000 		.4byte	.LASF442
 9049 3087 17       		.byte	0x17
 9050 3088 6C02     		.2byte	0x26c
 9051 308a 16       		.byte	0x16
 9052 308b 63300000 		.4byte	0x3063
 9053 308f 15       		.uleb128 0x15
 9054 3090 99120000 		.4byte	.LASF443
 9055 3094 17       		.byte	0x17
 9056 3095 9B02     		.2byte	0x29b
 9057 3097 16       		.byte	0x16
 9058 3098 282F0000 		.4byte	0x2f28
 9059 309c 15       		.uleb128 0x15
 9060 309d 071D0000 		.4byte	.LASF444
 9061 30a1 17       		.byte	0x17
 9062 30a2 B002     		.2byte	0x2b0
 9063 30a4 16       		.byte	0x16
 9064 30a5 282F0000 		.4byte	0x2f28
 9065 30a9 15       		.uleb128 0x15
 9066 30aa 3C090000 		.4byte	.LASF445
 9067 30ae 17       		.byte	0x17
 9068 30af CD02     		.2byte	0x2cd
 9069 30b1 16       		.byte	0x16
 9070 30b2 282F0000 		.4byte	0x2f28
 9071 30b6 24       		.uleb128 0x24
 9072 30b7 85040000 		.4byte	.LASF446
 9073 30bb 18       		.byte	0x18
 9074 30bc 47       		.byte	0x47
 9075 30bd 19       		.byte	0x19
 9076 30be C2000000 		.4byte	0xc2
 9077 30c2 24       		.uleb128 0x24
 9078 30c3 0F0A0000 		.4byte	.LASF447
 9079 30c7 18       		.byte	0x18
 9080 30c8 4C       		.byte	0x4c
 9081 30c9 19       		.byte	0x19
 9082 30ca C2000000 		.4byte	0xc2
 9083 30ce 15       		.uleb128 0x15
 9084 30cf 01070000 		.4byte	.LASF448
 9085 30d3 18       		.byte	0x18
 9086 30d4 0201     		.2byte	0x102
 9087 30d6 16       		.byte	0x16
 9088 30d7 63300000 		.4byte	0x3063
 9089 30db 2B       		.uleb128 0x2b
 9090 30dc 92020000 		.4byte	.LASF449
 9091 30e0 08       		.byte	0x8
 9092 30e1 19       		.byte	0x19
 9093 30e2 68       		.byte	0x68
 9094 30e3 12       		.byte	0x12
 9095 30e4 3D310000 		.4byte	0x313d
 9096 30e8 06       		.uleb128 0x6
 9097 30e9 F41E0000 		.4byte	.LASF450
 9098 30ed 19       		.byte	0x19
 9099 30ee 69       		.byte	0x69
 9100 30ef 0D       		.byte	0xd
 9101 30f0 8B000000 		.4byte	0x8b
 9102 30f4 00       		.byte	0
 9103 30f5 4F       		.uleb128 0x4f
 9104 30f6 30070000 		.4byte	.LASF451
ARM GAS  /tmp/cc3q4aVX.s 			page 161


 9105 30fa 19       		.byte	0x19
 9106 30fb 6A       		.byte	0x6a
 9107 30fc 0D       		.byte	0xd
 9108 30fd 8B000000 		.4byte	0x8b
 9109 3101 01       		.byte	0x1
 9110 3102 07       		.byte	0x7
 9111 3103 01       		.byte	0x1
 9112 3104 01       		.byte	0x1
 9113 3105 4F       		.uleb128 0x4f
 9114 3106 2D0C0000 		.4byte	.LASF452
 9115 310a 19       		.byte	0x19
 9116 310b 6B       		.byte	0x6b
 9117 310c 0D       		.byte	0xd
 9118 310d 8B000000 		.4byte	0x8b
 9119 3111 01       		.byte	0x1
 9120 3112 01       		.byte	0x1
 9121 3113 00       		.byte	0
 9122 3114 01       		.byte	0x1
 9123 3115 12       		.uleb128 0x12
 9124 3116 6D696E00 		.ascii	"min\000"
 9125 311a 19       		.byte	0x19
 9126 311b 6C       		.byte	0x6c
 9127 311c 0D       		.byte	0xd
 9128 311d 4D000000 		.4byte	0x4d
 9129 3121 02       		.byte	0x2
 9130 3122 12       		.uleb128 0x12
 9131 3123 6D617800 		.ascii	"max\000"
 9132 3127 19       		.byte	0x19
 9133 3128 6D       		.byte	0x6d
 9134 3129 0D       		.byte	0xd
 9135 312a 4D000000 		.4byte	0x4d
 9136 312e 04       		.byte	0x4
 9137 312f 06       		.uleb128 0x6
 9138 3130 9F080000 		.4byte	.LASF453
 9139 3134 19       		.byte	0x19
 9140 3135 6E       		.byte	0x6e
 9141 3136 0D       		.byte	0xd
 9142 3137 4D000000 		.4byte	0x4d
 9143 313b 06       		.byte	0x6
 9144 313c 00       		.byte	0
 9145 313d 08       		.uleb128 0x8
 9146 313e 89070000 		.4byte	.LASF454
 9147 3142 19       		.byte	0x19
 9148 3143 6F       		.byte	0x6f
 9149 3144 05       		.byte	0x5
 9150 3145 DB300000 		.4byte	0x30db
 9151 3149 3B       		.uleb128 0x3b
 9152 314a 5C100000 		.4byte	.LASF455
 9153 314e 7801     		.2byte	0x178
 9154 3150 19       		.byte	0x19
 9155 3151 73       		.byte	0x73
 9156 3152 12       		.byte	0x12
 9157 3153 73310000 		.4byte	0x3173
 9158 3157 06       		.uleb128 0x6
 9159 3158 BE0D0000 		.4byte	.LASF456
 9160 315c 19       		.byte	0x19
 9161 315d 74       		.byte	0x74
ARM GAS  /tmp/cc3q4aVX.s 			page 162


 9162 315e 13       		.byte	0x13
 9163 315f 982E0000 		.4byte	0x2e98
 9164 3163 00       		.byte	0
 9165 3164 2C       		.uleb128 0x2c
 9166 3165 E10F0000 		.4byte	.LASF457
 9167 3169 19       		.byte	0x19
 9168 316a 75       		.byte	0x75
 9169 316b 1F       		.byte	0x1f
 9170 316c 73310000 		.4byte	0x3173
 9171 3170 3801     		.2byte	0x138
 9172 3172 00       		.byte	0
 9173 3173 0C       		.uleb128 0xc
 9174 3174 3D310000 		.4byte	0x313d
 9175 3178 83310000 		.4byte	0x3183
 9176 317c 0F       		.uleb128 0xf
 9177 317d 33000000 		.4byte	0x33
 9178 3181 07       		.byte	0x7
 9179 3182 00       		.byte	0
 9180 3183 08       		.uleb128 0x8
 9181 3184 41190000 		.4byte	.LASF458
 9182 3188 19       		.byte	0x19
 9183 3189 76       		.byte	0x76
 9184 318a 05       		.byte	0x5
 9185 318b 49310000 		.4byte	0x3149
 9186 318f 0E       		.uleb128 0xe
 9187 3190 83310000 		.4byte	0x3183
 9188 3194 24       		.uleb128 0x24
 9189 3195 951E0000 		.4byte	.LASF407
 9190 3199 19       		.byte	0x19
 9191 319a 79       		.byte	0x79
 9192 319b 28       		.byte	0x28
 9193 319c 8F310000 		.4byte	0x318f
 9194 31a0 0A       		.uleb128 0xa
 9195 31a1 9F1A0000 		.4byte	.LASF459
 9196 31a5 14       		.byte	0x14
 9197 31a6 4C       		.byte	0x4c
 9198 31a7 05       		.byte	0x5
 9199 31a8 2C000000 		.4byte	0x2c
 9200 31ac B6310000 		.4byte	0x31b6
 9201 31b0 01       		.uleb128 0x1
 9202 31b1 56180000 		.4byte	0x1856
 9203 31b5 00       		.byte	0
 9204 31b6 0A       		.uleb128 0xa
 9205 31b7 2A040000 		.4byte	.LASF460
 9206 31bb 14       		.byte	0x14
 9207 31bc 4D       		.byte	0x4d
 9208 31bd 08       		.byte	0x8
 9209 31be A6150000 		.4byte	0x15a6
 9210 31c2 CC310000 		.4byte	0x31cc
 9211 31c6 01       		.uleb128 0x1
 9212 31c7 D71C0000 		.4byte	0x1cd7
 9213 31cb 00       		.byte	0
 9214 31cc 0A       		.uleb128 0xa
 9215 31cd 60030000 		.4byte	.LASF461
 9216 31d1 14       		.byte	0x14
 9217 31d2 51       		.byte	0x51
 9218 31d3 05       		.byte	0x5
ARM GAS  /tmp/cc3q4aVX.s 			page 163


 9219 31d4 2C000000 		.4byte	0x2c
 9220 31d8 E2310000 		.4byte	0x31e2
 9221 31dc 01       		.uleb128 0x1
 9222 31dd D71C0000 		.4byte	0x1cd7
 9223 31e1 00       		.byte	0
 9224 31e2 0A       		.uleb128 0xa
 9225 31e3 4F040000 		.4byte	.LASF462
 9226 31e7 14       		.byte	0x14
 9227 31e8 53       		.byte	0x53
 9228 31e9 06       		.byte	0x6
 9229 31ea 71000000 		.4byte	0x71
 9230 31ee F8310000 		.4byte	0x31f8
 9231 31f2 01       		.uleb128 0x1
 9232 31f3 D71C0000 		.4byte	0x1cd7
 9233 31f7 00       		.byte	0
 9234 31f8 0A       		.uleb128 0xa
 9235 31f9 4B160000 		.4byte	.LASF463
 9236 31fd 14       		.byte	0x14
 9237 31fe 55       		.byte	0x55
 9238 31ff 08       		.byte	0x8
 9239 3200 8F160000 		.4byte	0x168f
 9240 3204 22320000 		.4byte	0x3222
 9241 3208 01       		.uleb128 0x1
 9242 3209 791F0000 		.4byte	0x1f79
 9243 320d 01       		.uleb128 0x1
 9244 320e 791F0000 		.4byte	0x1f79
 9245 3212 01       		.uleb128 0x1
 9246 3213 B2150000 		.4byte	0x15b2
 9247 3217 01       		.uleb128 0x1
 9248 3218 B2150000 		.4byte	0x15b2
 9249 321c 01       		.uleb128 0x1
 9250 321d 531F0000 		.4byte	0x1f53
 9251 3221 00       		.byte	0
 9252 3222 28       		.uleb128 0x28
 9253 3223 64697600 		.ascii	"div\000"
 9254 3227 14       		.byte	0x14
 9255 3228 5C       		.byte	0x5c
 9256 3229 07       		.byte	0x7
 9257 322a DF1E0000 		.4byte	0x1edf
 9258 322e 3D320000 		.4byte	0x323d
 9259 3232 01       		.uleb128 0x1
 9260 3233 2C000000 		.4byte	0x2c
 9261 3237 01       		.uleb128 0x1
 9262 3238 2C000000 		.4byte	0x2c
 9263 323c 00       		.byte	0
 9264 323d 0A       		.uleb128 0xa
 9265 323e A00E0000 		.4byte	.LASF464
 9266 3242 14       		.byte	0x14
 9267 3243 5F       		.byte	0x5f
 9268 3244 09       		.byte	0x9
 9269 3245 A11C0000 		.4byte	0x1ca1
 9270 3249 53320000 		.4byte	0x3253
 9271 324d 01       		.uleb128 0x1
 9272 324e D71C0000 		.4byte	0x1cd7
 9273 3252 00       		.byte	0
 9274 3253 0A       		.uleb128 0xa
 9275 3254 CF080000 		.4byte	.LASF465
ARM GAS  /tmp/cc3q4aVX.s 			page 164


 9276 3258 14       		.byte	0x14
 9277 3259 6B       		.byte	0x6b
 9278 325a 08       		.byte	0x8
 9279 325b 131F0000 		.4byte	0x1f13
 9280 325f 6E320000 		.4byte	0x326e
 9281 3263 01       		.uleb128 0x1
 9282 3264 71000000 		.4byte	0x71
 9283 3268 01       		.uleb128 0x1
 9284 3269 71000000 		.4byte	0x71
 9285 326d 00       		.byte	0
 9286 326e 0A       		.uleb128 0xa
 9287 326f C60A0000 		.4byte	.LASF466
 9288 3273 14       		.byte	0x14
 9289 3274 6D       		.byte	0x6d
 9290 3275 05       		.byte	0x5
 9291 3276 2C000000 		.4byte	0x2c
 9292 327a 89320000 		.4byte	0x3289
 9293 327e 01       		.uleb128 0x1
 9294 327f D71C0000 		.4byte	0x1cd7
 9295 3283 01       		.uleb128 0x1
 9296 3284 B2150000 		.4byte	0x15b2
 9297 3288 00       		.byte	0
 9298 3289 0A       		.uleb128 0xa
 9299 328a D01C0000 		.4byte	.LASF467
 9300 328e 14       		.byte	0x14
 9301 328f 73       		.byte	0x73
 9302 3290 08       		.byte	0x8
 9303 3291 B2150000 		.4byte	0x15b2
 9304 3295 A9320000 		.4byte	0x32a9
 9305 3299 01       		.uleb128 0x1
 9306 329a A9320000 		.4byte	0x32a9
 9307 329e 01       		.uleb128 0x1
 9308 329f D71C0000 		.4byte	0x1cd7
 9309 32a3 01       		.uleb128 0x1
 9310 32a4 B2150000 		.4byte	0x15b2
 9311 32a8 00       		.byte	0
 9312 32a9 09       		.uleb128 0x9
 9313 32aa 04       		.byte	0x4
 9314 32ab AF320000 		.4byte	0x32af
 9315 32af 17       		.uleb128 0x17
 9316 32b0 04       		.byte	0x4
 9317 32b1 07       		.byte	0x7
 9318 32b2 7A1F0000 		.4byte	.LASF468
 9319 32b6 0E       		.uleb128 0xe
 9320 32b7 AF320000 		.4byte	0x32af
 9321 32bb 0A       		.uleb128 0xa
 9322 32bc B0110000 		.4byte	.LASF469
 9323 32c0 14       		.byte	0x14
 9324 32c1 6F       		.byte	0x6f
 9325 32c2 05       		.byte	0x5
 9326 32c3 2C000000 		.4byte	0x2c
 9327 32c7 DB320000 		.4byte	0x32db
 9328 32cb 01       		.uleb128 0x1
 9329 32cc A9320000 		.4byte	0x32a9
 9330 32d0 01       		.uleb128 0x1
 9331 32d1 D71C0000 		.4byte	0x1cd7
 9332 32d5 01       		.uleb128 0x1
ARM GAS  /tmp/cc3q4aVX.s 			page 165


 9333 32d6 B2150000 		.4byte	0x15b2
 9334 32da 00       		.byte	0
 9335 32db 50       		.uleb128 0x50
 9336 32dc 49150000 		.4byte	.LASF470
 9337 32e0 14       		.byte	0x14
 9338 32e1 8F       		.byte	0x8f
 9339 32e2 06       		.byte	0x6
 9340 32e3 FC320000 		.4byte	0x32fc
 9341 32e7 01       		.uleb128 0x1
 9342 32e8 8F160000 		.4byte	0x168f
 9343 32ec 01       		.uleb128 0x1
 9344 32ed B2150000 		.4byte	0x15b2
 9345 32f1 01       		.uleb128 0x1
 9346 32f2 B2150000 		.4byte	0x15b2
 9347 32f6 01       		.uleb128 0x1
 9348 32f7 531F0000 		.4byte	0x1f53
 9349 32fb 00       		.byte	0
 9350 32fc 6E       		.uleb128 0x6e
 9351 32fd 77050000 		.4byte	.LASF656
 9352 3301 14       		.byte	0x14
 9353 3302 90       		.byte	0x90
 9354 3303 05       		.byte	0x5
 9355 3304 2C000000 		.4byte	0x2c
 9356 3308 50       		.uleb128 0x50
 9357 3309 901B0000 		.4byte	.LASF471
 9358 330d 14       		.byte	0x14
 9359 330e 9F       		.byte	0x9f
 9360 330f 06       		.byte	0x6
 9361 3310 1A330000 		.4byte	0x331a
 9362 3314 01       		.uleb128 0x1
 9363 3315 33000000 		.4byte	0x33
 9364 3319 00       		.byte	0
 9365 331a 0A       		.uleb128 0xa
 9366 331b F7190000 		.4byte	.LASF472
 9367 331f 14       		.byte	0x14
 9368 3320 A0       		.byte	0xa0
 9369 3321 08       		.byte	0x8
 9370 3322 A6150000 		.4byte	0x15a6
 9371 3326 35330000 		.4byte	0x3335
 9372 332a 01       		.uleb128 0x1
 9373 332b D71C0000 		.4byte	0x1cd7
 9374 332f 01       		.uleb128 0x1
 9375 3330 35330000 		.4byte	0x3335
 9376 3334 00       		.byte	0
 9377 3335 09       		.uleb128 0x9
 9378 3336 04       		.byte	0x4
 9379 3337 A11C0000 		.4byte	0x1ca1
 9380 333b 0A       		.uleb128 0xa
 9381 333c 191A0000 		.4byte	.LASF473
 9382 3340 14       		.byte	0x14
 9383 3341 AB       		.byte	0xab
 9384 3342 06       		.byte	0x6
 9385 3343 71000000 		.4byte	0x71
 9386 3347 5B330000 		.4byte	0x335b
 9387 334b 01       		.uleb128 0x1
 9388 334c D71C0000 		.4byte	0x1cd7
 9389 3350 01       		.uleb128 0x1
ARM GAS  /tmp/cc3q4aVX.s 			page 166


 9390 3351 35330000 		.4byte	0x3335
 9391 3355 01       		.uleb128 0x1
 9392 3356 2C000000 		.4byte	0x2c
 9393 335a 00       		.byte	0
 9394 335b 0A       		.uleb128 0xa
 9395 335c 090D0000 		.4byte	.LASF474
 9396 3360 14       		.byte	0x14
 9397 3361 AD       		.byte	0xad
 9398 3362 0F       		.byte	0xf
 9399 3363 C7000000 		.4byte	0xc7
 9400 3367 7B330000 		.4byte	0x337b
 9401 336b 01       		.uleb128 0x1
 9402 336c D71C0000 		.4byte	0x1cd7
 9403 3370 01       		.uleb128 0x1
 9404 3371 35330000 		.4byte	0x3335
 9405 3375 01       		.uleb128 0x1
 9406 3376 2C000000 		.4byte	0x2c
 9407 337a 00       		.byte	0
 9408 337b 0A       		.uleb128 0xa
 9409 337c BF060000 		.4byte	.LASF475
 9410 3380 14       		.byte	0x14
 9411 3381 BF       		.byte	0xbf
 9412 3382 05       		.byte	0x5
 9413 3383 2C000000 		.4byte	0x2c
 9414 3387 91330000 		.4byte	0x3391
 9415 338b 01       		.uleb128 0x1
 9416 338c D71C0000 		.4byte	0x1cd7
 9417 3390 00       		.byte	0
 9418 3391 0A       		.uleb128 0xa
 9419 3392 D80F0000 		.4byte	.LASF476
 9420 3396 14       		.byte	0x14
 9421 3397 75       		.byte	0x75
 9422 3398 08       		.byte	0x8
 9423 3399 B2150000 		.4byte	0x15b2
 9424 339d B1330000 		.4byte	0x33b1
 9425 33a1 01       		.uleb128 0x1
 9426 33a2 A11C0000 		.4byte	0x1ca1
 9427 33a6 01       		.uleb128 0x1
 9428 33a7 B1330000 		.4byte	0x33b1
 9429 33ab 01       		.uleb128 0x1
 9430 33ac B2150000 		.4byte	0x15b2
 9431 33b0 00       		.byte	0
 9432 33b1 09       		.uleb128 0x9
 9433 33b2 04       		.byte	0x4
 9434 33b3 B6320000 		.4byte	0x32b6
 9435 33b7 0A       		.uleb128 0xa
 9436 33b8 20050000 		.4byte	.LASF477
 9437 33bc 14       		.byte	0x14
 9438 33bd 71       		.byte	0x71
 9439 33be 05       		.byte	0x5
 9440 33bf 2C000000 		.4byte	0x2c
 9441 33c3 D2330000 		.4byte	0x33d2
 9442 33c7 01       		.uleb128 0x1
 9443 33c8 A11C0000 		.4byte	0x1ca1
 9444 33cc 01       		.uleb128 0x1
 9445 33cd AF320000 		.4byte	0x32af
 9446 33d1 00       		.byte	0
ARM GAS  /tmp/cc3q4aVX.s 			page 167


 9447 33d2 0B       		.uleb128 0xb
 9448 33d3 B2010000 		.4byte	.LASF478
 9449 33d7 14       		.byte	0x14
 9450 33d8 0C01     		.2byte	0x10c
 9451 33da 09       		.byte	0x9
 9452 33db 471F0000 		.4byte	0x1f47
 9453 33df EE330000 		.4byte	0x33ee
 9454 33e3 01       		.uleb128 0x1
 9455 33e4 84000000 		.4byte	0x84
 9456 33e8 01       		.uleb128 0x1
 9457 33e9 84000000 		.4byte	0x84
 9458 33ed 00       		.byte	0
 9459 33ee 0B       		.uleb128 0xb
 9460 33ef 91030000 		.4byte	.LASF479
 9461 33f3 14       		.byte	0x14
 9462 33f4 0701     		.2byte	0x107
 9463 33f6 0B       		.byte	0xb
 9464 33f7 84000000 		.4byte	0x84
 9465 33fb 05340000 		.4byte	0x3405
 9466 33ff 01       		.uleb128 0x1
 9467 3400 D71C0000 		.4byte	0x1cd7
 9468 3404 00       		.byte	0
 9469 3405 0B       		.uleb128 0xb
 9470 3406 4F020000 		.4byte	.LASF480
 9471 340a 14       		.byte	0x14
 9472 340b 0D01     		.2byte	0x10d
 9473 340d 0B       		.byte	0xb
 9474 340e 84000000 		.4byte	0x84
 9475 3412 26340000 		.4byte	0x3426
 9476 3416 01       		.uleb128 0x1
 9477 3417 D71C0000 		.4byte	0x1cd7
 9478 341b 01       		.uleb128 0x1
 9479 341c 35330000 		.4byte	0x3335
 9480 3420 01       		.uleb128 0x1
 9481 3421 2C000000 		.4byte	0x2c
 9482 3425 00       		.byte	0
 9483 3426 0B       		.uleb128 0xb
 9484 3427 40150000 		.4byte	.LASF481
 9485 342b 14       		.byte	0x14
 9486 342c 1101     		.2byte	0x111
 9487 342e 14       		.byte	0x14
 9488 342f DA000000 		.4byte	0xda
 9489 3433 47340000 		.4byte	0x3447
 9490 3437 01       		.uleb128 0x1
 9491 3438 D71C0000 		.4byte	0x1cd7
 9492 343c 01       		.uleb128 0x1
 9493 343d 35330000 		.4byte	0x3335
 9494 3441 01       		.uleb128 0x1
 9495 3442 2C000000 		.4byte	0x2c
 9496 3446 00       		.byte	0
 9497 3447 0A       		.uleb128 0xa
 9498 3448 FE190000 		.4byte	.LASF482
 9499 344c 14       		.byte	0x14
 9500 344d A3       		.byte	0xa3
 9501 344e 07       		.byte	0x7
 9502 344f 25000000 		.4byte	0x25
 9503 3453 62340000 		.4byte	0x3462
ARM GAS  /tmp/cc3q4aVX.s 			page 168


 9504 3457 01       		.uleb128 0x1
 9505 3458 D71C0000 		.4byte	0x1cd7
 9506 345c 01       		.uleb128 0x1
 9507 345d 35330000 		.4byte	0x3335
 9508 3461 00       		.byte	0
 9509 3462 0B       		.uleb128 0xb
 9510 3463 39190000 		.4byte	.LASF483
 9511 3467 14       		.byte	0x14
 9512 3468 4401     		.2byte	0x144
 9513 346a 14       		.byte	0x14
 9514 346b 9F150000 		.4byte	0x159f
 9515 346f 7E340000 		.4byte	0x347e
 9516 3473 01       		.uleb128 0x1
 9517 3474 D71C0000 		.4byte	0x1cd7
 9518 3478 01       		.uleb128 0x1
 9519 3479 35330000 		.4byte	0x3335
 9520 347d 00       		.byte	0
 9521 347e 0C       		.uleb128 0xc
 9522 347f D71C0000 		.4byte	0x1cd7
 9523 3483 8E340000 		.4byte	0x348e
 9524 3487 0F       		.uleb128 0xf
 9525 3488 33000000 		.4byte	0x33
 9526 348c 0A       		.byte	0xa
 9527 348d 00       		.byte	0
 9528 348e 32       		.uleb128 0x32
 9529 348f 4B1F0000 		.4byte	.LASF603
 9530 3493 04       		.byte	0x4
 9531 3494 26       		.byte	0x26
 9532 3495 14       		.byte	0x14
 9533 3496 7E340000 		.4byte	0x347e
 9534 349a 51       		.uleb128 0x51
 9535 349b 4E180000 		.4byte	.LASF484
 9536 349f 04       		.byte	0x4
 9537 34a0 3F       		.byte	0x3f
 9538 34a1 19       		.byte	0x19
 9539 34a2 AD150000 		.4byte	0x15ad
 9540 34a6 04       		.byte	0x4
 9541 34a7 00803B47 		.4byte	0x473b8000
 9542 34ab 6F       		.uleb128 0x6f
 9543 34ac 721D0000 		.4byte	.LASF485
 9544 34b0 04       		.byte	0x4
 9545 34b1 40       		.byte	0x40
 9546 34b2 19       		.byte	0x19
 9547 34b3 BE150000 		.4byte	0x15be
 9548 34b7 04       		.byte	0x4
 9549 34b8 70       		.uleb128 0x70
 9550 34b9 91120000 		.4byte	.LASF486
 9551 34bd 04       		.byte	0x4
 9552 34be 41       		.byte	0x41
 9553 34bf 19       		.byte	0x19
 9554 34c0 BE150000 		.4byte	0x15be
 9555 34c4 00EE0200 		.4byte	0x2ee00
 9556 34c8 71       		.uleb128 0x71
 9557 34c9 6B506900 		.ascii	"kPi\000"
 9558 34cd 04       		.byte	0x4
 9559 34ce 42       		.byte	0x42
 9560 34cf 19       		.byte	0x19
ARM GAS  /tmp/cc3q4aVX.s 			page 169


 9561 34d0 AD150000 		.4byte	0x15ad
 9562 34d4 04       		.byte	0x4
 9563 34d5 DB0F4940 		.4byte	0x40490fdb
 9564 34d9 51       		.uleb128 0x51
 9565 34da 641D0000 		.4byte	.LASF487
 9566 34de 04       		.byte	0x4
 9567 34df 43       		.byte	0x43
 9568 34e0 19       		.byte	0x19
 9569 34e1 AD150000 		.4byte	0x15ad
 9570 34e5 04       		.byte	0x4
 9571 34e6 DB0FC940 		.4byte	0x40c90fdb
 9572 34ea 52       		.uleb128 0x52
 9573 34eb B6060000 		.4byte	.LASF488
 9574 34ef 04       		.byte	0x4
 9575 34f0 48       		.byte	0x48
 9576 34f1 16       		.byte	0x16
 9577 34f2 4D010000 		.4byte	0x14d
 9578 34f6 0004     		.2byte	0x400
 9579 34f8 52       		.uleb128 0x52
 9580 34f9 E6150000 		.4byte	.LASF489
 9581 34fd 04       		.byte	0x4
 9582 34fe 49       		.byte	0x49
 9583 34ff 16       		.byte	0x16
 9584 3500 4D010000 		.4byte	0x14d
 9585 3504 0004     		.2byte	0x400
 9586 3506 0C       		.uleb128 0xc
 9587 3507 25000000 		.4byte	0x25
 9588 350b 17350000 		.4byte	0x3517
 9589 350f 3F       		.uleb128 0x3f
 9590 3510 33000000 		.4byte	0x33
 9591 3514 FF03     		.2byte	0x3ff
 9592 3516 00       		.byte	0
 9593 3517 24       		.uleb128 0x24
 9594 3518 F4170000 		.4byte	.LASF490
 9595 351c 04       		.byte	0x4
 9596 351d 4A       		.byte	0x4a
 9597 351e 0E       		.byte	0xe
 9598 351f 06350000 		.4byte	0x3506
 9599 3523 24       		.uleb128 0x24
 9600 3524 95080000 		.4byte	.LASF491
 9601 3528 04       		.byte	0x4
 9602 3529 4B       		.byte	0x4b
 9603 352a 0E       		.byte	0xe
 9604 352b 06350000 		.4byte	0x3506
 9605 352f 0A       		.uleb128 0xa
 9606 3530 DB100000 		.4byte	.LASF492
 9607 3534 1A       		.byte	0x1a
 9608 3535 25       		.byte	0x25
 9609 3536 06       		.byte	0x6
 9610 3537 2C000000 		.4byte	0x2c
 9611 353b 4A350000 		.4byte	0x354a
 9612 353f 01       		.uleb128 0x1
 9613 3540 D71C0000 		.4byte	0x1cd7
 9614 3544 01       		.uleb128 0x1
 9615 3545 D71C0000 		.4byte	0x1cd7
 9616 3549 00       		.byte	0
 9617 354a 0A       		.uleb128 0xa
ARM GAS  /tmp/cc3q4aVX.s 			page 170


 9618 354b 48120000 		.4byte	.LASF493
 9619 354f 1A       		.byte	0x1a
 9620 3550 28       		.byte	0x28
 9621 3551 08       		.byte	0x8
 9622 3552 A11C0000 		.4byte	0x1ca1
 9623 3556 60350000 		.4byte	0x3560
 9624 355a 01       		.uleb128 0x1
 9625 355b 2C000000 		.4byte	0x2c
 9626 355f 00       		.byte	0
 9627 3560 0A       		.uleb128 0xa
 9628 3561 121A0000 		.4byte	.LASF494
 9629 3565 1A       		.byte	0x1a
 9630 3566 32       		.byte	0x32
 9631 3567 08       		.byte	0x8
 9632 3568 A11C0000 		.4byte	0x1ca1
 9633 356c 7B350000 		.4byte	0x357b
 9634 3570 01       		.uleb128 0x1
 9635 3571 A11C0000 		.4byte	0x1ca1
 9636 3575 01       		.uleb128 0x1
 9637 3576 D71C0000 		.4byte	0x1cd7
 9638 357a 00       		.byte	0
 9639 357b 0A       		.uleb128 0xa
 9640 357c 8A100000 		.4byte	.LASF495
 9641 3580 1A       		.byte	0x1a
 9642 3581 34       		.byte	0x34
 9643 3582 09       		.byte	0x9
 9644 3583 B2150000 		.4byte	0x15b2
 9645 3587 9B350000 		.4byte	0x359b
 9646 358b 01       		.uleb128 0x1
 9647 358c A11C0000 		.4byte	0x1ca1
 9648 3590 01       		.uleb128 0x1
 9649 3591 D71C0000 		.4byte	0x1cd7
 9650 3595 01       		.uleb128 0x1
 9651 3596 B2150000 		.4byte	0x15b2
 9652 359a 00       		.byte	0
 9653 359b 53       		.uleb128 0x53
 9654 359c 4A0E0000 		.4byte	.LASF499
 9655 35a0 0C       		.byte	0xc
 9656 35a1 01       		.byte	0x1
 9657 35a2 0A       		.byte	0xa
 9658 35a3 07       		.byte	0x7
 9659 35a4 BA360000 		.4byte	0x36ba
 9660 35a8 1D       		.uleb128 0x1d
 9661 35a9 4A0E0000 		.4byte	.LASF499
 9662 35ad 01       		.byte	0x1
 9663 35ae 0C       		.byte	0xc
 9664 35af 03       		.byte	0x3
 9665 35b0 44100000 		.4byte	.LASF501
 9666 35b4 BF360000 		.4byte	0x36bf
 9667 35b8 01       		.byte	0x1
 9668 35b9 C1350000 		.4byte	0x35c1
 9669 35bd C7350000 		.4byte	0x35c7
 9670 35c1 0D       		.uleb128 0xd
 9671 35c2 BF360000 		.4byte	0x36bf
 9672 35c6 00       		.byte	0
 9673 35c7 16       		.uleb128 0x16
 9674 35c8 14190000 		.4byte	.LASF400
ARM GAS  /tmp/cc3q4aVX.s 			page 171


 9675 35cc 01       		.byte	0x1
 9676 35cd 0E       		.byte	0xe
 9677 35ce 08       		.byte	0x8
 9678 35cf 53160000 		.4byte	.LASF497
 9679 35d3 01       		.byte	0x1
 9680 35d4 DC350000 		.4byte	0x35dc
 9681 35d8 EC350000 		.4byte	0x35ec
 9682 35dc 0D       		.uleb128 0xd
 9683 35dd BF360000 		.4byte	0x36bf
 9684 35e1 01       		.uleb128 0x1
 9685 35e2 9B220000 		.4byte	0x229b
 9686 35e6 01       		.uleb128 0x1
 9687 35e7 B2150000 		.4byte	0x15b2
 9688 35eb 00       		.byte	0
 9689 35ec 16       		.uleb128 0x16
 9690 35ed 56100000 		.4byte	.LASF496
 9691 35f1 01       		.byte	0x1
 9692 35f2 16       		.byte	0x16
 9693 35f3 08       		.byte	0x8
 9694 35f4 23190000 		.4byte	.LASF498
 9695 35f8 01       		.byte	0x1
 9696 35f9 01360000 		.4byte	0x3601
 9697 35fd 0C360000 		.4byte	0x360c
 9698 3601 0D       		.uleb128 0xd
 9699 3602 BF360000 		.4byte	0x36bf
 9700 3606 01       		.uleb128 0x1
 9701 3607 25000000 		.4byte	0x25
 9702 360b 00       		.byte	0
 9703 360c 1D       		.uleb128 0x1d
 9704 360d 8C120000 		.4byte	.LASF500
 9705 3611 01       		.byte	0x1
 9706 3612 1C       		.byte	0x1c
 9707 3613 09       		.byte	0x9
 9708 3614 0C1E0000 		.4byte	.LASF502
 9709 3618 25000000 		.4byte	0x25
 9710 361c 01       		.byte	0x1
 9711 361d 25360000 		.4byte	0x3625
 9712 3621 30360000 		.4byte	0x3630
 9713 3625 0D       		.uleb128 0xd
 9714 3626 CA360000 		.4byte	0x36ca
 9715 362a 01       		.uleb128 0x1
 9716 362b 25000000 		.4byte	0x25
 9717 362f 00       		.byte	0
 9718 3630 1D       		.uleb128 0x1d
 9719 3631 2B1E0000 		.4byte	.LASF503
 9720 3635 01       		.byte	0x1
 9721 3636 2A       		.byte	0x2a
 9722 3637 09       		.byte	0x9
 9723 3638 F7140000 		.4byte	.LASF504
 9724 363c 25000000 		.4byte	0x25
 9725 3640 01       		.byte	0x1
 9726 3641 49360000 		.4byte	0x3649
 9727 3645 54360000 		.4byte	0x3654
 9728 3649 0D       		.uleb128 0xd
 9729 364a CA360000 		.4byte	0x36ca
 9730 364e 01       		.uleb128 0x1
 9731 364f 25000000 		.4byte	0x25
ARM GAS  /tmp/cc3q4aVX.s 			page 172


 9732 3653 00       		.byte	0
 9733 3654 1D       		.uleb128 0x1d
 9734 3655 22170000 		.4byte	.LASF505
 9735 3659 01       		.byte	0x1
 9736 365a 3D       		.byte	0x3d
 9737 365b 0A       		.byte	0xa
 9738 365c 880E0000 		.4byte	.LASF506
 9739 3660 B2150000 		.4byte	0x15b2
 9740 3664 01       		.byte	0x1
 9741 3665 6D360000 		.4byte	0x366d
 9742 3669 73360000 		.4byte	0x3673
 9743 366d 0D       		.uleb128 0xd
 9744 366e CA360000 		.4byte	0x36ca
 9745 3672 00       		.byte	0
 9746 3673 1D       		.uleb128 0x1d
 9747 3674 58140000 		.4byte	.LASF507
 9748 3678 01       		.byte	0x1
 9749 3679 3E       		.byte	0x3e
 9750 367a 0A       		.byte	0xa
 9751 367b 7A080000 		.4byte	.LASF508
 9752 367f B2150000 		.4byte	0x15b2
 9753 3683 01       		.byte	0x1
 9754 3684 8C360000 		.4byte	0x368c
 9755 3688 92360000 		.4byte	0x3692
 9756 368c 0D       		.uleb128 0xd
 9757 368d CA360000 		.4byte	0x36ca
 9758 3691 00       		.byte	0
 9759 3692 06       		.uleb128 0x6
 9760 3693 B2160000 		.4byte	.LASF509
 9761 3697 01       		.byte	0x1
 9762 3698 41       		.byte	0x41
 9763 3699 0B       		.byte	0xb
 9764 369a 9B220000 		.4byte	0x229b
 9765 369e 00       		.byte	0
 9766 369f 06       		.uleb128 0x6
 9767 36a0 E31C0000 		.4byte	.LASF510
 9768 36a4 01       		.byte	0x1
 9769 36a5 42       		.byte	0x42
 9770 36a6 0B       		.byte	0xb
 9771 36a7 B2150000 		.4byte	0x15b2
 9772 36ab 04       		.byte	0x4
 9773 36ac 06       		.uleb128 0x6
 9774 36ad 23010000 		.4byte	.LASF300
 9775 36b1 01       		.byte	0x1
 9776 36b2 43       		.byte	0x43
 9777 36b3 0B       		.byte	0xb
 9778 36b4 B2150000 		.4byte	0x15b2
 9779 36b8 08       		.byte	0x8
 9780 36b9 00       		.byte	0
 9781 36ba 0E       		.uleb128 0xe
 9782 36bb 9B350000 		.4byte	0x359b
 9783 36bf 09       		.uleb128 0x9
 9784 36c0 04       		.byte	0x4
 9785 36c1 9B350000 		.4byte	0x359b
 9786 36c5 0E       		.uleb128 0xe
 9787 36c6 BF360000 		.4byte	0x36bf
 9788 36ca 09       		.uleb128 0x9
ARM GAS  /tmp/cc3q4aVX.s 			page 173


 9789 36cb 04       		.byte	0x4
 9790 36cc BA360000 		.4byte	0x36ba
 9791 36d0 0E       		.uleb128 0xe
 9792 36d1 CA360000 		.4byte	0x36ca
 9793 36d5 53       		.uleb128 0x53
 9794 36d6 E4170000 		.4byte	.LASF511
 9795 36da 1C       		.byte	0x1c
 9796 36db 02       		.byte	0x2
 9797 36dc 09       		.byte	0x9
 9798 36dd 07       		.byte	0x7
 9799 36de F0370000 		.4byte	0x37f0
 9800 36e2 1D       		.uleb128 0x1d
 9801 36e3 E4170000 		.4byte	.LASF511
 9802 36e7 02       		.byte	0x2
 9803 36e8 0B       		.byte	0xb
 9804 36e9 03       		.byte	0x3
 9805 36ea 02050000 		.4byte	.LASF512
 9806 36ee F0370000 		.4byte	0x37f0
 9807 36f2 01       		.byte	0x1
 9808 36f3 FB360000 		.4byte	0x36fb
 9809 36f7 01370000 		.4byte	0x3701
 9810 36fb 0D       		.uleb128 0xd
 9811 36fc F0370000 		.4byte	0x37f0
 9812 3700 00       		.byte	0
 9813 3701 16       		.uleb128 0x16
 9814 3702 D30A0000 		.4byte	.LASF513
 9815 3706 02       		.byte	0x2
 9816 3707 0D       		.byte	0xd
 9817 3708 08       		.byte	0x8
 9818 3709 AD090000 		.4byte	.LASF514
 9819 370d 01       		.byte	0x1
 9820 370e 16370000 		.4byte	0x3716
 9821 3712 1C370000 		.4byte	0x371c
 9822 3716 0D       		.uleb128 0xd
 9823 3717 F0370000 		.4byte	0x37f0
 9824 371b 00       		.byte	0
 9825 371c 16       		.uleb128 0x16
 9826 371d 56080000 		.4byte	.LASF515
 9827 3721 02       		.byte	0x2
 9828 3722 13       		.byte	0x13
 9829 3723 08       		.byte	0x8
 9830 3724 6D090000 		.4byte	.LASF516
 9831 3728 01       		.byte	0x1
 9832 3729 31370000 		.4byte	0x3731
 9833 372d 46370000 		.4byte	0x3746
 9834 3731 0D       		.uleb128 0xd
 9835 3732 F0370000 		.4byte	0x37f0
 9836 3736 01       		.uleb128 0x1
 9837 3737 25000000 		.4byte	0x25
 9838 373b 01       		.uleb128 0x1
 9839 373c 25000000 		.4byte	0x25
 9840 3740 01       		.uleb128 0x1
 9841 3741 25000000 		.4byte	0x25
 9842 3745 00       		.byte	0
 9843 3746 16       		.uleb128 0x16
 9844 3747 07010000 		.4byte	.LASF517
 9845 374b 02       		.byte	0x2
ARM GAS  /tmp/cc3q4aVX.s 			page 174


 9846 374c 21       		.byte	0x21
 9847 374d 08       		.byte	0x8
 9848 374e 59190000 		.4byte	.LASF518
 9849 3752 01       		.byte	0x1
 9850 3753 5B370000 		.4byte	0x375b
 9851 3757 70370000 		.4byte	0x3770
 9852 375b 0D       		.uleb128 0xd
 9853 375c F0370000 		.4byte	0x37f0
 9854 3760 01       		.uleb128 0x1
 9855 3761 25000000 		.4byte	0x25
 9856 3765 01       		.uleb128 0x1
 9857 3766 25000000 		.4byte	0x25
 9858 376a 01       		.uleb128 0x1
 9859 376b 25000000 		.4byte	0x25
 9860 376f 00       		.byte	0
 9861 3770 1D       		.uleb128 0x1d
 9862 3771 660D0000 		.4byte	.LASF519
 9863 3775 02       		.byte	0x2
 9864 3776 2E       		.byte	0x2e
 9865 3777 10       		.byte	0x10
 9866 3778 32170000 		.4byte	.LASF520
 9867 377c 25000000 		.4byte	0x25
 9868 3780 01       		.byte	0x1
 9869 3781 89370000 		.4byte	0x3789
 9870 3785 94370000 		.4byte	0x3794
 9871 3789 0D       		.uleb128 0xd
 9872 378a F0370000 		.4byte	0x37f0
 9873 378e 01       		.uleb128 0x1
 9874 378f 25000000 		.4byte	0x25
 9875 3793 00       		.byte	0
 9876 3794 12       		.uleb128 0x12
 9877 3795 5F623000 		.ascii	"_b0\000"
 9878 3799 02       		.byte	0x2
 9879 379a 36       		.byte	0x36
 9880 379b 09       		.byte	0x9
 9881 379c 25000000 		.4byte	0x25
 9882 37a0 00       		.byte	0
 9883 37a1 12       		.uleb128 0x12
 9884 37a2 5F623100 		.ascii	"_b1\000"
 9885 37a6 02       		.byte	0x2
 9886 37a7 36       		.byte	0x36
 9887 37a8 0E       		.byte	0xe
 9888 37a9 25000000 		.4byte	0x25
 9889 37ad 04       		.byte	0x4
 9890 37ae 12       		.uleb128 0x12
 9891 37af 5F623200 		.ascii	"_b2\000"
 9892 37b3 02       		.byte	0x2
 9893 37b4 36       		.byte	0x36
 9894 37b5 13       		.byte	0x13
 9895 37b6 25000000 		.4byte	0x25
 9896 37ba 08       		.byte	0x8
 9897 37bb 12       		.uleb128 0x12
 9898 37bc 5F613100 		.ascii	"_a1\000"
 9899 37c0 02       		.byte	0x2
 9900 37c1 36       		.byte	0x36
 9901 37c2 18       		.byte	0x18
 9902 37c3 25000000 		.4byte	0x25
ARM GAS  /tmp/cc3q4aVX.s 			page 175


 9903 37c7 0C       		.byte	0xc
 9904 37c8 12       		.uleb128 0x12
 9905 37c9 5F613200 		.ascii	"_a2\000"
 9906 37cd 02       		.byte	0x2
 9907 37ce 36       		.byte	0x36
 9908 37cf 1D       		.byte	0x1d
 9909 37d0 25000000 		.4byte	0x25
 9910 37d4 10       		.byte	0x10
 9911 37d5 12       		.uleb128 0x12
 9912 37d6 5F7A3100 		.ascii	"_z1\000"
 9913 37da 02       		.byte	0x2
 9914 37db 37       		.byte	0x37
 9915 37dc 09       		.byte	0x9
 9916 37dd 25000000 		.4byte	0x25
 9917 37e1 14       		.byte	0x14
 9918 37e2 12       		.uleb128 0x12
 9919 37e3 5F7A3200 		.ascii	"_z2\000"
 9920 37e7 02       		.byte	0x2
 9921 37e8 37       		.byte	0x37
 9922 37e9 0E       		.byte	0xe
 9923 37ea 25000000 		.4byte	0x25
 9924 37ee 18       		.byte	0x18
 9925 37ef 00       		.byte	0
 9926 37f0 09       		.uleb128 0x9
 9927 37f1 04       		.byte	0x4
 9928 37f2 D5360000 		.4byte	0x36d5
 9929 37f6 0E       		.uleb128 0xe
 9930 37f7 F0370000 		.4byte	0x37f0
 9931 37fb 2B       		.uleb128 0x2b
 9932 37fc 5D080000 		.4byte	.LASF521
 9933 3800 10       		.byte	0x10
 9934 3801 03       		.byte	0x3
 9935 3802 14       		.byte	0x14
 9936 3803 08       		.byte	0x8
 9937 3804 3D380000 		.4byte	0x383d
 9938 3808 06       		.uleb128 0x6
 9939 3809 371E0000 		.4byte	.LASF522
 9940 380d 03       		.byte	0x3
 9941 380e 15       		.byte	0x15
 9942 380f 09       		.byte	0x9
 9943 3810 25000000 		.4byte	0x25
 9944 3814 00       		.byte	0
 9945 3815 06       		.uleb128 0x6
 9946 3816 4A070000 		.4byte	.LASF523
 9947 381a 03       		.byte	0x3
 9948 381b 16       		.byte	0x16
 9949 381c 09       		.byte	0x9
 9950 381d 25000000 		.4byte	0x25
 9951 3821 04       		.byte	0x4
 9952 3822 06       		.uleb128 0x6
 9953 3823 CA1A0000 		.4byte	.LASF524
 9954 3827 03       		.byte	0x3
 9955 3828 17       		.byte	0x17
 9956 3829 09       		.byte	0x9
 9957 382a 25000000 		.4byte	0x25
 9958 382e 08       		.byte	0x8
 9959 382f 06       		.uleb128 0x6
ARM GAS  /tmp/cc3q4aVX.s 			page 176


 9960 3830 451D0000 		.4byte	.LASF525
 9961 3834 03       		.byte	0x3
 9962 3835 18       		.byte	0x18
 9963 3836 09       		.byte	0x9
 9964 3837 25000000 		.4byte	0x25
 9965 383b 0C       		.byte	0xc
 9966 383c 00       		.byte	0
 9967 383d 0E       		.uleb128 0xe
 9968 383e FB370000 		.4byte	0x37fb
 9969 3842 0C       		.uleb128 0xc
 9970 3843 3D380000 		.4byte	0x383d
 9971 3847 58380000 		.4byte	0x3858
 9972 384b 0F       		.uleb128 0xf
 9973 384c 33000000 		.4byte	0x33
 9974 3850 03       		.byte	0x3
 9975 3851 0F       		.uleb128 0xf
 9976 3852 33000000 		.4byte	0x33
 9977 3856 07       		.byte	0x7
 9978 3857 00       		.byte	0
 9979 3858 0E       		.uleb128 0xe
 9980 3859 42380000 		.4byte	0x3842
 9981 385d 54       		.uleb128 0x54
 9982 385e B7110000 		.4byte	.LASF582
 9983 3862 03       		.byte	0x3
 9984 3863 1B       		.byte	0x1b
 9985 3864 17       		.byte	0x17
 9986 3865 58380000 		.4byte	0x3858
 9987 3869 05       		.uleb128 0x5
 9988 386a 03       		.byte	0x3
 9989 386b 00000000 		.4byte	_ZL12kPatternTaps
 9990 386f 0C       		.uleb128 0xc
 9991 3870 FB370000 		.4byte	0x37fb
 9992 3874 7F380000 		.4byte	0x387f
 9993 3878 0F       		.uleb128 0xf
 9994 3879 33000000 		.4byte	0x33
 9995 387d 07       		.byte	0x7
 9996 387e 00       		.byte	0
 9997 387f 55       		.uleb128 0x55
 9998 3880 93160000 		.4byte	.LASF526
 9999 3884 C802     		.2byte	0x2c8
 10000 3886 03       		.byte	0x3
 10001 3887 7B       		.byte	0x7b
 10002 3888 07       		.byte	0x7
 10003 3889 1D3A0000 		.4byte	0x3a1d
 10004 388d 72       		.uleb128 0x72
 10005 388e B61E0000 		.4byte	.LASF657
 10006 3892 03       		.byte	0x3
 10007 3893 7D       		.byte	0x7d
 10008 3894 18       		.byte	0x18
 10009 3895 4D010000 		.4byte	0x14d
 10010 3899 01       		.byte	0x1
 10011 389a 08       		.byte	0x8
 10012 389b 1D       		.uleb128 0x1d
 10013 389c 93160000 		.4byte	.LASF526
 10014 38a0 03       		.byte	0x3
 10015 38a1 7F       		.byte	0x7f
 10016 38a2 03       		.byte	0x3
ARM GAS  /tmp/cc3q4aVX.s 			page 177


 10017 38a3 CB1B0000 		.4byte	.LASF527
 10018 38a7 1D3A0000 		.4byte	0x3a1d
 10019 38ab 01       		.byte	0x1
 10020 38ac B4380000 		.4byte	0x38b4
 10021 38b0 BA380000 		.4byte	0x38ba
 10022 38b4 0D       		.uleb128 0xd
 10023 38b5 1D3A0000 		.4byte	0x3a1d
 10024 38b9 00       		.byte	0
 10025 38ba 16       		.uleb128 0x16
 10026 38bb 14190000 		.4byte	.LASF400
 10027 38bf 03       		.byte	0x3
 10028 38c0 81       		.byte	0x81
 10029 38c1 08       		.byte	0x8
 10030 38c2 9B1C0000 		.4byte	.LASF528
 10031 38c6 01       		.byte	0x1
 10032 38c7 CF380000 		.4byte	0x38cf
 10033 38cb E4380000 		.4byte	0x38e4
 10034 38cf 0D       		.uleb128 0xd
 10035 38d0 1D3A0000 		.4byte	0x3a1d
 10036 38d4 01       		.uleb128 0x1
 10037 38d5 25000000 		.4byte	0x25
 10038 38d9 01       		.uleb128 0x1
 10039 38da 9B220000 		.4byte	0x229b
 10040 38de 01       		.uleb128 0x1
 10041 38df 9B220000 		.4byte	0x229b
 10042 38e3 00       		.byte	0
 10043 38e4 16       		.uleb128 0x16
 10044 38e5 6D120000 		.4byte	.LASF529
 10045 38e9 03       		.byte	0x3
 10046 38ea 8C       		.byte	0x8c
 10047 38eb 08       		.byte	0x8
 10048 38ec F51B0000 		.4byte	.LASF530
 10049 38f0 01       		.byte	0x1
 10050 38f1 F9380000 		.4byte	0x38f9
 10051 38f5 04390000 		.4byte	0x3904
 10052 38f9 0D       		.uleb128 0xd
 10053 38fa 1D3A0000 		.4byte	0x3a1d
 10054 38fe 01       		.uleb128 0x1
 10055 38ff 2C000000 		.4byte	0x2c
 10056 3903 00       		.byte	0
 10057 3904 16       		.uleb128 0x16
 10058 3905 2A010000 		.4byte	.LASF531
 10059 3909 03       		.byte	0x3
 10060 390a BC       		.byte	0xbc
 10061 390b 08       		.byte	0x8
 10062 390c F0080000 		.4byte	.LASF532
 10063 3910 01       		.byte	0x1
 10064 3911 19390000 		.4byte	0x3919
 10065 3915 24390000 		.4byte	0x3924
 10066 3919 0D       		.uleb128 0xd
 10067 391a 1D3A0000 		.4byte	0x3a1d
 10068 391e 01       		.uleb128 0x1
 10069 391f 25000000 		.4byte	0x25
 10070 3923 00       		.byte	0
 10071 3924 16       		.uleb128 0x16
 10072 3925 C8030000 		.4byte	.LASF533
 10073 3929 03       		.byte	0x3
ARM GAS  /tmp/cc3q4aVX.s 			page 178


 10074 392a C0       		.byte	0xc0
 10075 392b 08       		.byte	0x8
 10076 392c C9010000 		.4byte	.LASF534
 10077 3930 01       		.byte	0x1
 10078 3931 39390000 		.4byte	0x3939
 10079 3935 44390000 		.4byte	0x3944
 10080 3939 0D       		.uleb128 0xd
 10081 393a 1D3A0000 		.4byte	0x3a1d
 10082 393e 01       		.uleb128 0x1
 10083 393f B6000000 		.4byte	0xb6
 10084 3943 00       		.byte	0
 10085 3944 16       		.uleb128 0x16
 10086 3945 660D0000 		.4byte	.LASF519
 10087 3949 03       		.byte	0x3
 10088 394a C6       		.byte	0xc6
 10089 394b 08       		.byte	0x8
 10090 394c 4A130000 		.4byte	.LASF535
 10091 3950 01       		.byte	0x1
 10092 3951 59390000 		.4byte	0x3959
 10093 3955 6E390000 		.4byte	0x396e
 10094 3959 0D       		.uleb128 0xd
 10095 395a 1D3A0000 		.4byte	0x3a1d
 10096 395e 01       		.uleb128 0x1
 10097 395f C32D0000 		.4byte	0x2dc3
 10098 3963 01       		.uleb128 0x1
 10099 3964 9B220000 		.4byte	0x229b
 10100 3968 01       		.uleb128 0x1
 10101 3969 B6000000 		.4byte	0xb6
 10102 396d 00       		.byte	0
 10103 396e 31       		.uleb128 0x31
 10104 396f 5F737200 		.ascii	"_sr\000"
 10105 3973 03       		.byte	0x3
 10106 3974 0401     		.2byte	0x104
 10107 3976 0D       		.byte	0xd
 10108 3977 25000000 		.4byte	0x25
 10109 397b 00       		.byte	0
 10110 397c 05       		.uleb128 0x5
 10111 397d 83090000 		.4byte	.LASF536
 10112 3981 03       		.byte	0x3
 10113 3982 0401     		.2byte	0x104
 10114 3984 12       		.byte	0x12
 10115 3985 25000000 		.4byte	0x25
 10116 3989 04       		.byte	0x4
 10117 398a 05       		.uleb128 0x5
 10118 398b 97030000 		.4byte	.LASF537
 10119 398f 03       		.byte	0x3
 10120 3990 0501     		.2byte	0x105
 10121 3992 0D       		.byte	0xd
 10122 3993 2C000000 		.4byte	0x2c
 10123 3997 08       		.byte	0x8
 10124 3998 05       		.uleb128 0x5
 10125 3999 65120000 		.4byte	.LASF538
 10126 399d 03       		.byte	0x3
 10127 399e 0501     		.2byte	0x105
 10128 39a0 1A       		.byte	0x1a
 10129 39a1 2C000000 		.4byte	0x2c
 10130 39a5 0C       		.byte	0xc
ARM GAS  /tmp/cc3q4aVX.s 			page 179


 10131 39a6 05       		.uleb128 0x5
 10132 39a7 03180000 		.4byte	.LASF539
 10133 39ab 03       		.byte	0x3
 10134 39ac 0601     		.2byte	0x106
 10135 39ae 0D       		.byte	0xd
 10136 39af 6F380000 		.4byte	0x386f
 10137 39b3 10       		.byte	0x10
 10138 39b4 05       		.uleb128 0x5
 10139 39b5 D91C0000 		.4byte	.LASF540
 10140 39b9 03       		.byte	0x3
 10141 39ba 0701     		.2byte	0x107
 10142 39bc 0D       		.byte	0xd
 10143 39bd 283A0000 		.4byte	0x3a28
 10144 39c1 90       		.byte	0x90
 10145 39c2 23       		.uleb128 0x23
 10146 39c3 2A1F0000 		.4byte	.LASF541
 10147 39c7 03       		.byte	0x3
 10148 39c8 0801     		.2byte	0x108
 10149 39ca 0D       		.byte	0xd
 10150 39cb 283A0000 		.4byte	0x3a28
 10151 39cf 7001     		.2byte	0x170
 10152 39d1 23       		.uleb128 0x23
 10153 39d2 AD140000 		.4byte	.LASF542
 10154 39d6 03       		.byte	0x3
 10155 39d7 0901     		.2byte	0x109
 10156 39d9 0D       		.byte	0xd
 10157 39da 383A0000 		.4byte	0x3a38
 10158 39de 5002     		.2byte	0x250
 10159 39e0 23       		.uleb128 0x23
 10160 39e1 DC050000 		.4byte	.LASF543
 10161 39e5 03       		.byte	0x3
 10162 39e6 0A01     		.2byte	0x10a
 10163 39e8 0D       		.byte	0xd
 10164 39e9 383A0000 		.4byte	0x3a38
 10165 39ed 7002     		.2byte	0x270
 10166 39ef 23       		.uleb128 0x23
 10167 39f0 87030000 		.4byte	.LASF544
 10168 39f4 03       		.byte	0x3
 10169 39f5 0B01     		.2byte	0x10b
 10170 39f7 0D       		.byte	0xd
 10171 39f8 383A0000 		.4byte	0x3a38
 10172 39fc 9002     		.2byte	0x290
 10173 39fe 23       		.uleb128 0x23
 10174 39ff D5160000 		.4byte	.LASF545
 10175 3a03 03       		.byte	0x3
 10176 3a04 0C01     		.2byte	0x10c
 10177 3a06 0D       		.byte	0xd
 10178 3a07 9B350000 		.4byte	0x359b
 10179 3a0b B002     		.2byte	0x2b0
 10180 3a0d 23       		.uleb128 0x23
 10181 3a0e E8160000 		.4byte	.LASF546
 10182 3a12 03       		.byte	0x3
 10183 3a13 0C01     		.2byte	0x10c
 10184 3a15 15       		.byte	0x15
 10185 3a16 9B350000 		.4byte	0x359b
 10186 3a1a BC02     		.2byte	0x2bc
 10187 3a1c 00       		.byte	0
ARM GAS  /tmp/cc3q4aVX.s 			page 180


 10188 3a1d 09       		.uleb128 0x9
 10189 3a1e 04       		.byte	0x4
 10190 3a1f 7F380000 		.4byte	0x387f
 10191 3a23 0E       		.uleb128 0xe
 10192 3a24 1D3A0000 		.4byte	0x3a1d
 10193 3a28 0C       		.uleb128 0xc
 10194 3a29 D5360000 		.4byte	0x36d5
 10195 3a2d 383A0000 		.4byte	0x3a38
 10196 3a31 0F       		.uleb128 0xf
 10197 3a32 33000000 		.4byte	0x33
 10198 3a36 07       		.byte	0x7
 10199 3a37 00       		.byte	0
 10200 3a38 0C       		.uleb128 0xc
 10201 3a39 25000000 		.4byte	0x25
 10202 3a3d 483A0000 		.4byte	0x3a48
 10203 3a41 0F       		.uleb128 0xf
 10204 3a42 33000000 		.4byte	0x33
 10205 3a46 07       		.byte	0x7
 10206 3a47 00       		.byte	0
 10207 3a48 55       		.uleb128 0x55
 10208 3a49 76150000 		.4byte	.LASF547
 10209 3a4d D802     		.2byte	0x2d8
 10210 3a4f 05       		.byte	0x5
 10211 3a50 21       		.byte	0x21
 10212 3a51 07       		.byte	0x7
 10213 3a52 B33C0000 		.4byte	0x3cb3
 10214 3a56 1D       		.uleb128 0x1d
 10215 3a57 76150000 		.4byte	.LASF547
 10216 3a5b 05       		.byte	0x5
 10217 3a5c 23       		.byte	0x23
 10218 3a5d 03       		.byte	0x3
 10219 3a5e A5080000 		.4byte	.LASF548
 10220 3a62 B83C0000 		.4byte	0x3cb8
 10221 3a66 01       		.byte	0x1
 10222 3a67 6F3A0000 		.4byte	0x3a6f
 10223 3a6b 753A0000 		.4byte	0x3a75
 10224 3a6f 0D       		.uleb128 0xd
 10225 3a70 B83C0000 		.4byte	0x3cb8
 10226 3a74 00       		.byte	0
 10227 3a75 1D       		.uleb128 0x1d
 10228 3a76 000A0000 		.4byte	.LASF549
 10229 3a7a 05       		.byte	0x5
 10230 3a7b 24       		.byte	0x24
 10231 3a7c 03       		.byte	0x3
 10232 3a7d 05190000 		.4byte	.LASF550
 10233 3a81 8F160000 		.4byte	0x168f
 10234 3a85 01       		.byte	0x1
 10235 3a86 8E3A0000 		.4byte	0x3a8e
 10236 3a8a 993A0000 		.4byte	0x3a99
 10237 3a8e 0D       		.uleb128 0xd
 10238 3a8f B83C0000 		.4byte	0x3cb8
 10239 3a93 0D       		.uleb128 0xd
 10240 3a94 2C000000 		.4byte	0x2c
 10241 3a98 00       		.byte	0
 10242 3a99 1D       		.uleb128 0x1d
 10243 3a9a 3C140000 		.4byte	.LASF551
 10244 3a9e 05       		.byte	0x5
ARM GAS  /tmp/cc3q4aVX.s 			page 181


 10245 3a9f 26       		.byte	0x26
 10246 3aa0 11       		.byte	0x11
 10247 3aa1 B5100000 		.4byte	.LASF552
 10248 3aa5 3A000000 		.4byte	0x3a
 10249 3aa9 01       		.byte	0x1
 10250 3aaa B23A0000 		.4byte	0x3ab2
 10251 3aae BD3A0000 		.4byte	0x3abd
 10252 3ab2 0D       		.uleb128 0xd
 10253 3ab3 B83C0000 		.4byte	0x3cb8
 10254 3ab7 01       		.uleb128 0x1
 10255 3ab8 BD2D0000 		.4byte	0x2dbd
 10256 3abc 00       		.byte	0
 10257 3abd 16       		.uleb128 0x16
 10258 3abe 221E0000 		.4byte	.LASF553
 10259 3ac2 05       		.byte	0x5
 10260 3ac3 50       		.byte	0x50
 10261 3ac4 0F       		.byte	0xf
 10262 3ac5 331B0000 		.4byte	.LASF554
 10263 3ac9 01       		.byte	0x1
 10264 3aca D23A0000 		.4byte	0x3ad2
 10265 3ace D83A0000 		.4byte	0x3ad8
 10266 3ad2 0D       		.uleb128 0xd
 10267 3ad3 B83C0000 		.4byte	0x3cb8
 10268 3ad7 00       		.byte	0
 10269 3ad8 16       		.uleb128 0x16
 10270 3ad9 E3100000 		.4byte	.LASF555
 10271 3add 05       		.byte	0x5
 10272 3ade 51       		.byte	0x51
 10273 3adf 0F       		.byte	0xf
 10274 3ae0 CF120000 		.4byte	.LASF556
 10275 3ae4 01       		.byte	0x1
 10276 3ae5 ED3A0000 		.4byte	0x3aed
 10277 3ae9 F33A0000 		.4byte	0x3af3
 10278 3aed 0D       		.uleb128 0xd
 10279 3aee B83C0000 		.4byte	0x3cb8
 10280 3af2 00       		.byte	0
 10281 3af3 16       		.uleb128 0x16
 10282 3af4 EF060000 		.4byte	.LASF557
 10283 3af8 05       		.byte	0x5
 10284 3af9 52       		.byte	0x52
 10285 3afa 0F       		.byte	0xf
 10286 3afb A20C0000 		.4byte	.LASF558
 10287 3aff 01       		.byte	0x1
 10288 3b00 083B0000 		.4byte	0x3b08
 10289 3b04 0E3B0000 		.4byte	0x3b0e
 10290 3b08 0D       		.uleb128 0xd
 10291 3b09 B83C0000 		.4byte	0x3cb8
 10292 3b0d 00       		.byte	0
 10293 3b0e 16       		.uleb128 0x16
 10294 3b0f 250A0000 		.4byte	.LASF559
 10295 3b13 05       		.byte	0x5
 10296 3b14 53       		.byte	0x53
 10297 3b15 0F       		.byte	0xf
 10298 3b16 491B0000 		.4byte	.LASF560
 10299 3b1a 01       		.byte	0x1
 10300 3b1b 233B0000 		.4byte	0x3b23
 10301 3b1f 293B0000 		.4byte	0x3b29
ARM GAS  /tmp/cc3q4aVX.s 			page 182


 10302 3b23 0D       		.uleb128 0xd
 10303 3b24 B83C0000 		.4byte	0x3cb8
 10304 3b28 00       		.byte	0
 10305 3b29 16       		.uleb128 0x16
 10306 3b2a 78060000 		.4byte	.LASF561
 10307 3b2e 05       		.byte	0x5
 10308 3b2f 55       		.byte	0x55
 10309 3b30 0F       		.byte	0xf
 10310 3b31 390F0000 		.4byte	.LASF562
 10311 3b35 01       		.byte	0x1
 10312 3b36 3E3B0000 		.4byte	0x3b3e
 10313 3b3a 533B0000 		.4byte	0x3b53
 10314 3b3e 0D       		.uleb128 0xd
 10315 3b3f B83C0000 		.4byte	0x3cb8
 10316 3b43 01       		.uleb128 0x1
 10317 3b44 C32D0000 		.4byte	0x2dc3
 10318 3b48 01       		.uleb128 0x1
 10319 3b49 9B220000 		.4byte	0x229b
 10320 3b4d 01       		.uleb128 0x1
 10321 3b4e B6000000 		.4byte	0xb6
 10322 3b52 00       		.byte	0
 10323 3b53 16       		.uleb128 0x16
 10324 3b54 6A050000 		.4byte	.LASF563
 10325 3b58 05       		.byte	0x5
 10326 3b59 60       		.byte	0x60
 10327 3b5a 0F       		.byte	0xf
 10328 3b5b 9E130000 		.4byte	.LASF564
 10329 3b5f 01       		.byte	0x1
 10330 3b60 683B0000 		.4byte	0x3b68
 10331 3b64 783B0000 		.4byte	0x3b78
 10332 3b68 0D       		.uleb128 0xd
 10333 3b69 B83C0000 		.4byte	0x3cb8
 10334 3b6d 01       		.uleb128 0x1
 10335 3b6e 8B000000 		.4byte	0x8b
 10336 3b72 01       		.uleb128 0x1
 10337 3b73 60000000 		.4byte	0x60
 10338 3b77 00       		.byte	0
 10339 3b78 1D       		.uleb128 0x1d
 10340 3b79 781B0000 		.4byte	.LASF565
 10341 3b7d 05       		.byte	0x5
 10342 3b7e 7B       		.byte	0x7b
 10343 3b7f 12       		.byte	0x12
 10344 3b80 E6050000 		.4byte	.LASF566
 10345 3b84 60000000 		.4byte	0x60
 10346 3b88 01       		.byte	0x1
 10347 3b89 913B0000 		.4byte	0x3b91
 10348 3b8d 9C3B0000 		.4byte	0x3b9c
 10349 3b91 0D       		.uleb128 0xd
 10350 3b92 C33C0000 		.4byte	0x3cc3
 10351 3b96 01       		.uleb128 0x1
 10352 3b97 8B000000 		.4byte	0x8b
 10353 3b9b 00       		.byte	0
 10354 3b9c 1D       		.uleb128 0x1d
 10355 3b9d 4F0A0000 		.4byte	.LASF567
 10356 3ba1 05       		.byte	0x5
 10357 3ba2 84       		.byte	0x84
 10358 3ba3 16       		.byte	0x16
ARM GAS  /tmp/cc3q4aVX.s 			page 183


 10359 3ba4 CB020000 		.4byte	.LASF568
 10360 3ba8 D71C0000 		.4byte	0x1cd7
 10361 3bac 01       		.byte	0x1
 10362 3bad B53B0000 		.4byte	0x3bb5
 10363 3bb1 C53B0000 		.4byte	0x3bc5
 10364 3bb5 0D       		.uleb128 0xd
 10365 3bb6 C33C0000 		.4byte	0x3cc3
 10366 3bba 01       		.uleb128 0x1
 10367 3bbb 8B000000 		.4byte	0x8b
 10368 3bbf 01       		.uleb128 0x1
 10369 3bc0 60000000 		.4byte	0x60
 10370 3bc4 00       		.byte	0
 10371 3bc5 16       		.uleb128 0x16
 10372 3bc6 C8030000 		.4byte	.LASF533
 10373 3bca 05       		.byte	0x5
 10374 3bcb 8D       		.byte	0x8d
 10375 3bcc 0F       		.byte	0xf
 10376 3bcd 10120000 		.4byte	.LASF569
 10377 3bd1 01       		.byte	0x1
 10378 3bd2 DA3B0000 		.4byte	0x3bda
 10379 3bd6 E53B0000 		.4byte	0x3be5
 10380 3bda 0D       		.uleb128 0xd
 10381 3bdb B83C0000 		.4byte	0x3cb8
 10382 3bdf 01       		.uleb128 0x1
 10383 3be0 B6000000 		.4byte	0xb6
 10384 3be4 00       		.byte	0
 10385 3be5 16       		.uleb128 0x16
 10386 3be6 161D0000 		.4byte	.LASF570
 10387 3bea 05       		.byte	0x5
 10388 3beb 91       		.byte	0x91
 10389 3bec 0F       		.byte	0xf
 10390 3bed 0A030000 		.4byte	.LASF571
 10391 3bf1 01       		.byte	0x1
 10392 3bf2 FA3B0000 		.4byte	0x3bfa
 10393 3bf6 053C0000 		.4byte	0x3c05
 10394 3bfa 0D       		.uleb128 0xd
 10395 3bfb B83C0000 		.4byte	0x3cb8
 10396 3bff 01       		.uleb128 0x1
 10397 3c00 B6000000 		.4byte	0xb6
 10398 3c04 00       		.byte	0
 10399 3c05 16       		.uleb128 0x16
 10400 3c06 5E1B0000 		.4byte	.LASF572
 10401 3c0a 05       		.byte	0x5
 10402 3c0b 92       		.byte	0x92
 10403 3c0c 0F       		.byte	0xf
 10404 3c0d D6180000 		.4byte	.LASF573
 10405 3c11 01       		.byte	0x1
 10406 3c12 1A3C0000 		.4byte	0x3c1a
 10407 3c16 343C0000 		.4byte	0x3c34
 10408 3c1a 0D       		.uleb128 0xd
 10409 3c1b B83C0000 		.4byte	0x3cb8
 10410 3c1f 01       		.uleb128 0x1
 10411 3c20 8B000000 		.4byte	0x8b
 10412 3c24 01       		.uleb128 0x1
 10413 3c25 8B000000 		.4byte	0x8b
 10414 3c29 01       		.uleb128 0x1
 10415 3c2a B6000000 		.4byte	0xb6
ARM GAS  /tmp/cc3q4aVX.s 			page 184


 10416 3c2e 01       		.uleb128 0x1
 10417 3c2f B6000000 		.4byte	0xb6
 10418 3c33 00       		.byte	0
 10419 3c34 1C       		.uleb128 0x1c
 10420 3c35 CA050000 		.4byte	.LASF574
 10421 3c39 05       		.byte	0x5
 10422 3c3a 98       		.byte	0x98
 10423 3c3b 17       		.byte	0x17
 10424 3c3c 210E0000 		.4byte	.LASF575
 10425 3c40 25000000 		.4byte	0x25
 10426 3c44 4E3C0000 		.4byte	0x3c4e
 10427 3c48 01       		.uleb128 0x1
 10428 3c49 60000000 		.4byte	0x60
 10429 3c4d 00       		.byte	0
 10430 3c4e 73       		.uleb128 0x73
 10431 3c4f DC160000 		.4byte	.LASF576
 10432 3c53 05       		.byte	0x5
 10433 3c54 9F       		.byte	0x9f
 10434 3c55 0F       		.byte	0xf
 10435 3c56 10130000 		.4byte	.LASF577
 10436 3c5a 623C0000 		.4byte	0x3c62
 10437 3c5e 6D3C0000 		.4byte	0x3c6d
 10438 3c62 0D       		.uleb128 0xd
 10439 3c63 B83C0000 		.4byte	0x3cb8
 10440 3c67 01       		.uleb128 0x1
 10441 3c68 60000000 		.4byte	0x60
 10442 3c6c 00       		.byte	0
 10443 3c6d 06       		.uleb128 0x6
 10444 3c6e AE100000 		.4byte	.LASF578
 10445 3c72 05       		.byte	0x5
 10446 3c73 A6       		.byte	0xa6
 10447 3c74 0E       		.byte	0xe
 10448 3c75 7F380000 		.4byte	0x387f
 10449 3c79 00       		.byte	0
 10450 3c7a 2C       		.uleb128 0x2c
 10451 3c7b 65120000 		.4byte	.LASF538
 10452 3c7f 05       		.byte	0x5
 10453 3c80 A7       		.byte	0xa7
 10454 3c81 0D       		.byte	0xd
 10455 3c82 2C000000 		.4byte	0x2c
 10456 3c86 C802     		.2byte	0x2c8
 10457 3c88 2C       		.uleb128 0x2c
 10458 3c89 F6090000 		.4byte	.LASF579
 10459 3c8d 05       		.byte	0x5
 10460 3c8e A8       		.byte	0xa8
 10461 3c8f 0D       		.byte	0xd
 10462 3c90 08240000 		.4byte	0x2408
 10463 3c94 CC02     		.2byte	0x2cc
 10464 3c96 2C       		.uleb128 0x2c
 10465 3c97 D81A0000 		.4byte	.LASF580
 10466 3c9b 05       		.byte	0x5
 10467 3c9c A9       		.byte	0xa9
 10468 3c9d 0D       		.byte	0xd
 10469 3c9e 60000000 		.4byte	0x60
 10470 3ca2 D002     		.2byte	0x2d0
 10471 3ca4 2C       		.uleb128 0x2c
 10472 3ca5 ED070000 		.4byte	.LASF581
ARM GAS  /tmp/cc3q4aVX.s 			page 185


 10473 3ca9 05       		.byte	0x5
 10474 3caa AA       		.byte	0xaa
 10475 3cab 0D       		.byte	0xd
 10476 3cac 60000000 		.4byte	0x60
 10477 3cb0 D402     		.2byte	0x2d4
 10478 3cb2 00       		.byte	0
 10479 3cb3 0E       		.uleb128 0xe
 10480 3cb4 483A0000 		.4byte	0x3a48
 10481 3cb8 09       		.uleb128 0x9
 10482 3cb9 04       		.byte	0x4
 10483 3cba 483A0000 		.4byte	0x3a48
 10484 3cbe 0E       		.uleb128 0xe
 10485 3cbf B83C0000 		.4byte	0x3cb8
 10486 3cc3 09       		.uleb128 0x9
 10487 3cc4 04       		.byte	0x4
 10488 3cc5 B33C0000 		.4byte	0x3cb3
 10489 3cc9 0E       		.uleb128 0xe
 10490 3cca C33C0000 		.4byte	0x3cc3
 10491 3cce 54       		.uleb128 0x54
 10492 3ccf 050F0000 		.4byte	.LASF583
 10493 3cd3 05       		.byte	0x5
 10494 3cd4 AF       		.byte	0xaf
 10495 3cd5 0F       		.byte	0xf
 10496 3cd6 483A0000 		.4byte	0x3a48
 10497 3cda 05       		.uleb128 0x5
 10498 3cdb 03       		.byte	0x3
 10499 3cdc 00000000 		.4byte	_ZL17s_effect_instance
 10500 3ce0 74       		.uleb128 0x74
 10501 3ce1 8C090000 		.4byte	.LASF658
 10502 3ce5 75       		.uleb128 0x75
 10503 3ce6 0A0E0000 		.4byte	.LASF636
 10504 3cea 00000000 		.4byte	.LFB553
 10505 3cee 74000000 		.4byte	.LFE553-.LFB553
 10506 3cf2 01       		.uleb128 0x1
 10507 3cf3 9C       		.byte	0x9c
 10508 3cf4 2B3E0000 		.4byte	0x3e2b
 10509 3cf8 25       		.uleb128 0x25
 10510 3cf9 2B3E0000 		.4byte	0x3e2b
 10511 3cfd 00000000 		.4byte	.LBI357
 10512 3d01 01       		.byte	.LVU774
 10513 3d02 88030000 		.4byte	.Ldebug_ranges0+0x388
 10514 3d06 05       		.byte	0x5
 10515 3d07 CE       		.byte	0xce
 10516 3d08 01       		.byte	0x1
 10517 3d09 04       		.uleb128 0x4
 10518 3d0a 413E0000 		.4byte	0x3e41
 10519 3d0e 02000000 		.4byte	.LLST147
 10520 3d12 00000000 		.4byte	.LVUS147
 10521 3d16 04       		.uleb128 0x4
 10522 3d17 353E0000 		.4byte	0x3e35
 10523 3d1b 1A000000 		.4byte	.LLST148
 10524 3d1f 18000000 		.4byte	.LVUS148
 10525 3d23 25       		.uleb128 0x25
 10526 3d24 2B3E0000 		.4byte	0x3e2b
 10527 3d28 00000000 		.4byte	.LBI358
 10528 3d2c 02       		.byte	.LVU775
 10529 3d2d 88030000 		.4byte	.Ldebug_ranges0+0x388
ARM GAS  /tmp/cc3q4aVX.s 			page 186


 10530 3d31 05       		.byte	0x5
 10531 3d32 CE       		.byte	0xce
 10532 3d33 01       		.byte	0x1
 10533 3d34 04       		.uleb128 0x4
 10534 3d35 413E0000 		.4byte	0x3e41
 10535 3d39 30000000 		.4byte	.LLST149
 10536 3d3d 2E000000 		.4byte	.LVUS149
 10537 3d41 04       		.uleb128 0x4
 10538 3d42 353E0000 		.4byte	0x3e35
 10539 3d46 48000000 		.4byte	.LLST150
 10540 3d4a 46000000 		.4byte	.LVUS150
 10541 3d4e 25       		.uleb128 0x25
 10542 3d4f 96480000 		.4byte	0x4896
 10543 3d53 00000000 		.4byte	.LBI360
 10544 3d57 03       		.byte	.LVU776
 10545 3d58 A0030000 		.4byte	.Ldebug_ranges0+0x3a0
 10546 3d5c 05       		.byte	0x5
 10547 3d5d AF       		.byte	0xaf
 10548 3d5e 0F       		.byte	0xf
 10549 3d5f 04       		.uleb128 0x4
 10550 3d60 A4480000 		.4byte	0x48a4
 10551 3d64 5E000000 		.4byte	.LLST151
 10552 3d68 5C000000 		.4byte	.LVUS151
 10553 3d6c 25       		.uleb128 0x25
 10554 3d6d 6C4F0000 		.4byte	0x4f6c
 10555 3d71 00000000 		.4byte	.LBI363
 10556 3d75 04       		.byte	.LVU777
 10557 3d76 B8030000 		.4byte	.Ldebug_ranges0+0x3b8
 10558 3d7a 05       		.byte	0x5
 10559 3d7b 23       		.byte	0x23
 10560 3d7c 50       		.byte	0x50
 10561 3d7d 04       		.uleb128 0x4
 10562 3d7e 7A4F0000 		.4byte	0x4f7a
 10563 3d82 78000000 		.4byte	.LLST152
 10564 3d86 76000000 		.4byte	.LVUS152
 10565 3d8a 1B       		.uleb128 0x1b
 10566 3d8b DF510000 		.4byte	0x51df
 10567 3d8f 1C000000 		.4byte	.LBI366
 10568 3d93 01       		.byte	.LVU784
 10569 3d94 D8030000 		.4byte	.Ldebug_ranges0+0x3d8
 10570 3d98 03       		.byte	0x3
 10571 3d99 7F       		.byte	0x7f
 10572 3d9a 4C       		.byte	0x4c
 10573 3d9b BA3D0000 		.4byte	0x3dba
 10574 3d9f 21       		.uleb128 0x21
 10575 3da0 ED510000 		.4byte	0x51ed
 10576 3da4 18       		.uleb128 0x18
 10577 3da5 24000000 		.4byte	.LVL227
 10578 3da9 BC510000 		.4byte	0x51bc
 10579 3dad 07       		.uleb128 0x7
 10580 3dae 01       		.uleb128 0x1
 10581 3daf 50       		.byte	0x50
 10582 3db0 07       		.uleb128 0x7
 10583 3db1 76       		.byte	0x76
 10584 3db2 00       		.sleb128 0
 10585 3db3 75       		.byte	0x75
 10586 3db4 00       		.sleb128 0
ARM GAS  /tmp/cc3q4aVX.s 			page 187


 10587 3db5 22       		.byte	0x22
 10588 3db6 4C       		.byte	0x4c
 10589 3db7 1C       		.byte	0x1c
 10590 3db8 00       		.byte	0
 10591 3db9 00       		.byte	0
 10592 3dba 37       		.uleb128 0x37
 10593 3dbb DF510000 		.4byte	0x51df
 10594 3dbf 2E000000 		.4byte	.LBI370
 10595 3dc3 00       		.byte	.LVU790
 10596 3dc4 2A000000 		.4byte	.LBB370
 10597 3dc8 0C000000 		.4byte	.LBE370-.LBB370
 10598 3dcc 03       		.byte	0x3
 10599 3dcd 7F       		.byte	0x7f
 10600 3dce 4C       		.byte	0x4c
 10601 3dcf EE3D0000 		.4byte	0x3dee
 10602 3dd3 21       		.uleb128 0x21
 10603 3dd4 ED510000 		.4byte	0x51ed
 10604 3dd8 18       		.uleb128 0x18
 10605 3dd9 36000000 		.4byte	.LVL228
 10606 3ddd BC510000 		.4byte	0x51bc
 10607 3de1 07       		.uleb128 0x7
 10608 3de2 01       		.uleb128 0x1
 10609 3de3 50       		.byte	0x50
 10610 3de4 07       		.uleb128 0x7
 10611 3de5 74       		.byte	0x74
 10612 3de6 00       		.sleb128 0
 10613 3de7 75       		.byte	0x75
 10614 3de8 00       		.sleb128 0
 10615 3de9 22       		.byte	0x22
 10616 3dea 4C       		.byte	0x4c
 10617 3deb 1C       		.byte	0x1c
 10618 3dec 00       		.byte	0
 10619 3ded 00       		.byte	0
 10620 3dee 1B       		.uleb128 0x1b
 10621 3def A9530000 		.4byte	0x53a9
 10622 3df3 3A000000 		.4byte	.LBI373
 10623 3df7 00       		.byte	.LVU795
 10624 3df8 F0030000 		.4byte	.Ldebug_ranges0+0x3f0
 10625 3dfc 03       		.byte	0x3
 10626 3dfd 7F       		.byte	0x7f
 10627 3dfe 4C       		.byte	0x4c
 10628 3dff 103E0000 		.4byte	0x3e10
 10629 3e03 38       		.uleb128 0x38
 10630 3e04 B7530000 		.4byte	0x53b7
 10631 3e08 06       		.uleb128 0x6
 10632 3e09 03       		.byte	0x3
 10633 3e0a B0020000 		.4byte	_ZL17s_effect_instance+688
 10634 3e0e 9F       		.byte	0x9f
 10635 3e0f 00       		.byte	0
 10636 3e10 76       		.uleb128 0x76
 10637 3e11 A9530000 		.4byte	0x53a9
 10638 3e15 46000000 		.4byte	.LBB379
 10639 3e19 08000000 		.4byte	.LBE379-.LBB379
 10640 3e1d 03       		.byte	0x3
 10641 3e1e 7F       		.byte	0x7f
 10642 3e1f 4C       		.byte	0x4c
 10643 3e20 21       		.uleb128 0x21
ARM GAS  /tmp/cc3q4aVX.s 			page 188


 10644 3e21 B7530000 		.4byte	0x53b7
 10645 3e25 00       		.byte	0
 10646 3e26 00       		.byte	0
 10647 3e27 00       		.byte	0
 10648 3e28 00       		.byte	0
 10649 3e29 00       		.byte	0
 10650 3e2a 00       		.byte	0
 10651 3e2b 77       		.uleb128 0x77
 10652 3e2c 6B1E0000 		.4byte	.LASF659
 10653 3e30 01       		.byte	0x1
 10654 3e31 4E3E0000 		.4byte	0x3e4e
 10655 3e35 1E       		.uleb128 0x1e
 10656 3e36 20110000 		.4byte	.LASF584
 10657 3e3a 05       		.byte	0x5
 10658 3e3b CE       		.byte	0xce
 10659 3e3c 01       		.byte	0x1
 10660 3e3d 2C000000 		.4byte	0x2c
 10661 3e41 1E       		.uleb128 0x1e
 10662 3e42 A70E0000 		.4byte	.LASF585
 10663 3e46 05       		.byte	0x5
 10664 3e47 CE       		.byte	0xce
 10665 3e48 01       		.byte	0x1
 10666 3e49 2C000000 		.4byte	0x2c
 10667 3e4d 00       		.byte	0
 10668 3e4e 33       		.uleb128 0x33
 10669 3e4f 36010000 		.4byte	.LASF586
 10670 3e53 05       		.byte	0x5
 10671 3e54 CC       		.byte	0xcc
 10672 3e55 16       		.byte	0x16
 10673 3e56 EE010000 		.4byte	.LFB551
 10674 3e5a 02000000 		.4byte	.LFE551-.LFB551
 10675 3e5e 01       		.uleb128 0x1
 10676 3e5f 9C       		.byte	0x9c
 10677 3e60 983E0000 		.4byte	0x3e98
 10678 3e64 40       		.uleb128 0x40
 10679 3e65 696400   		.ascii	"id\000"
 10680 3e68 05       		.byte	0x5
 10681 3e69 CC       		.byte	0xcc
 10682 3e6a 2F       		.byte	0x2f
 10683 3e6b 8B000000 		.4byte	0x8b
 10684 3e6f 01       		.uleb128 0x1
 10685 3e70 50       		.byte	0x50
 10686 3e71 41       		.uleb128 0x41
 10687 3e72 F5030000 		.4byte	.LASF587
 10688 3e76 05       		.byte	0x5
 10689 3e77 CC       		.byte	0xcc
 10690 3e78 3B       		.byte	0x3b
 10691 3e79 8B000000 		.4byte	0x8b
 10692 3e7d 01       		.uleb128 0x1
 10693 3e7e 51       		.byte	0x51
 10694 3e7f 40       		.uleb128 0x40
 10695 3e80 7800     		.ascii	"x\000"
 10696 3e82 05       		.byte	0x5
 10697 3e83 CC       		.byte	0xcc
 10698 3e84 4B       		.byte	0x4b
 10699 3e85 B6000000 		.4byte	0xb6
 10700 3e89 01       		.uleb128 0x1
ARM GAS  /tmp/cc3q4aVX.s 			page 189


 10701 3e8a 52       		.byte	0x52
 10702 3e8b 40       		.uleb128 0x40
 10703 3e8c 7900     		.ascii	"y\000"
 10704 3e8e 05       		.byte	0x5
 10705 3e8f CC       		.byte	0xcc
 10706 3e90 57       		.byte	0x57
 10707 3e91 B6000000 		.4byte	0xb6
 10708 3e95 01       		.uleb128 0x1
 10709 3e96 53       		.byte	0x53
 10710 3e97 00       		.byte	0
 10711 3e98 33       		.uleb128 0x33
 10712 3e99 D1130000 		.4byte	.LASF588
 10713 3e9d 05       		.byte	0x5
 10714 3e9e C9       		.byte	0xc9
 10715 3e9f 16       		.byte	0x16
 10716 3ea0 EC010000 		.4byte	.LFB550
 10717 3ea4 02000000 		.4byte	.LFE550-.LFB550
 10718 3ea8 01       		.uleb128 0x1
 10719 3ea9 9C       		.byte	0x9c
 10720 3eaa BD3E0000 		.4byte	0x3ebd
 10721 3eae 41       		.uleb128 0x41
 10722 3eaf 73110000 		.4byte	.LASF589
 10723 3eb3 05       		.byte	0x5
 10724 3eb4 C9       		.byte	0xc9
 10725 3eb5 35       		.byte	0x35
 10726 3eb6 B6000000 		.4byte	0xb6
 10727 3eba 01       		.uleb128 0x1
 10728 3ebb 50       		.byte	0x50
 10729 3ebc 00       		.byte	0
 10730 3ebd 33       		.uleb128 0x33
 10731 3ebe B8140000 		.4byte	.LASF590
 10732 3ec2 05       		.byte	0x5
 10733 3ec3 C6       		.byte	0xc6
 10734 3ec4 16       		.byte	0x16
 10735 3ec5 D8010000 		.4byte	.LFB549
 10736 3ec9 14000000 		.4byte	.LFE549-.LFB549
 10737 3ecd 01       		.uleb128 0x1
 10738 3ece 9C       		.byte	0x9c
 10739 3ecf 253F0000 		.4byte	0x3f25
 10740 3ed3 27       		.uleb128 0x27
 10741 3ed4 F1140000 		.4byte	.LASF592
 10742 3ed8 05       		.byte	0x5
 10743 3ed9 C6       		.byte	0xc6
 10744 3eda 2E       		.byte	0x2e
 10745 3edb B6000000 		.4byte	0xb6
 10746 3edf 96000000 		.4byte	.LLST144
 10747 3ee3 90000000 		.4byte	.LVUS144
 10748 3ee7 25       		.uleb128 0x25
 10749 3ee8 03440000 		.4byte	0x4403
 10750 3eec DA010000 		.4byte	.LBI327
 10751 3ef0 00       		.byte	.LVU754
 10752 3ef1 70030000 		.4byte	.Ldebug_ranges0+0x370
 10753 3ef5 05       		.byte	0x5
 10754 3ef6 C7       		.byte	0xc7
 10755 3ef7 1D       		.byte	0x1d
 10756 3ef8 04       		.uleb128 0x4
 10757 3ef9 1A440000 		.4byte	0x441a
ARM GAS  /tmp/cc3q4aVX.s 			page 190


 10758 3efd C8000000 		.4byte	.LLST145
 10759 3f01 C2000000 		.4byte	.LVUS145
 10760 3f05 04       		.uleb128 0x4
 10761 3f06 11440000 		.4byte	0x4411
 10762 3f0a F6000000 		.4byte	.LLST146
 10763 3f0e F4000000 		.4byte	.LVUS146
 10764 3f12 18       		.uleb128 0x18
 10765 3f13 E4010000 		.4byte	.LVL223
 10766 3f17 074D0000 		.4byte	0x4d07
 10767 3f1b 07       		.uleb128 0x7
 10768 3f1c 01       		.uleb128 0x1
 10769 3f1d 51       		.byte	0x51
 10770 3f1e 03       		.uleb128 0x3
 10771 3f1f F3       		.byte	0xf3
 10772 3f20 01       		.uleb128 0x1
 10773 3f21 50       		.byte	0x50
 10774 3f22 00       		.byte	0
 10775 3f23 00       		.byte	0
 10776 3f24 00       		.byte	0
 10777 3f25 42       		.uleb128 0x42
 10778 3f26 0F090000 		.4byte	.LASF591
 10779 3f2a 05       		.byte	0x5
 10780 3f2b C3       		.byte	0xc3
 10781 3f2c 1D       		.byte	0x1d
 10782 3f2d D71C0000 		.4byte	0x1cd7
 10783 3f31 B8010000 		.4byte	.LFB548
 10784 3f35 20000000 		.4byte	.LFE548-.LFB548
 10785 3f39 01       		.uleb128 0x1
 10786 3f3a 9C       		.byte	0x9c
 10787 3f3b A63F0000 		.4byte	0x3fa6
 10788 3f3f 1F       		.uleb128 0x1f
 10789 3f40 696400   		.ascii	"id\000"
 10790 3f43 05       		.byte	0x5
 10791 3f44 C3       		.byte	0xc3
 10792 3f45 3E       		.byte	0x3e
 10793 3f46 8B000000 		.4byte	0x8b
 10794 3f4a 16010000 		.4byte	.LLST141
 10795 3f4e 0E010000 		.4byte	.LVUS141
 10796 3f52 41       		.uleb128 0x41
 10797 3f53 9F080000 		.4byte	.LASF453
 10798 3f57 05       		.byte	0x5
 10799 3f58 C3       		.byte	0xc3
 10800 3f59 4A       		.byte	0x4a
 10801 3f5a 60000000 		.4byte	0x60
 10802 3f5e 01       		.uleb128 0x1
 10803 3f5f 51       		.byte	0x51
 10804 3f60 25       		.uleb128 0x25
 10805 3f61 27440000 		.4byte	0x4427
 10806 3f65 B8010000 		.4byte	.LBI321
 10807 3f69 02       		.byte	.LVU738
 10808 3f6a 58030000 		.4byte	.Ldebug_ranges0+0x358
 10809 3f6e 05       		.byte	0x5
 10810 3f6f C4       		.byte	0xc4
 10811 3f70 30       		.byte	0x30
 10812 3f71 38       		.uleb128 0x38
 10813 3f72 35440000 		.4byte	0x4435
 10814 3f76 06       		.uleb128 0x6
ARM GAS  /tmp/cc3q4aVX.s 			page 191


 10815 3f77 03       		.byte	0x3
 10816 3f78 00000000 		.4byte	_ZL17s_effect_instance
 10817 3f7c 9F       		.byte	0x9f
 10818 3f7d 04       		.uleb128 0x4
 10819 3f7e 49440000 		.4byte	0x4449
 10820 3f82 52010000 		.4byte	.LLST142
 10821 3f86 50010000 		.4byte	.LVUS142
 10822 3f8a 04       		.uleb128 0x4
 10823 3f8b 3E440000 		.4byte	0x443e
 10824 3f8f 6D010000 		.4byte	.LLST143
 10825 3f93 65010000 		.4byte	.LVUS143
 10826 3f97 78       		.uleb128 0x78
 10827 3f98 55440000 		.4byte	0x4455
 10828 3f9c BE010000 		.4byte	.LBB324
 10829 3fa0 0E000000 		.4byte	.LBE324-.LBB324
 10830 3fa4 00       		.byte	0
 10831 3fa5 00       		.byte	0
 10832 3fa6 42       		.uleb128 0x42
 10833 3fa7 0E010000 		.4byte	.LASF593
 10834 3fab 05       		.byte	0x5
 10835 3fac C0       		.byte	0xc0
 10836 3fad 19       		.byte	0x19
 10837 3fae 60000000 		.4byte	0x60
 10838 3fb2 7C010000 		.4byte	.LFB547
 10839 3fb6 3C000000 		.4byte	.LFE547-.LFB547
 10840 3fba 01       		.uleb128 0x1
 10841 3fbb 9C       		.byte	0x9c
 10842 3fbc 04400000 		.4byte	0x4004
 10843 3fc0 1F       		.uleb128 0x1f
 10844 3fc1 696400   		.ascii	"id\000"
 10845 3fc4 05       		.byte	0x5
 10846 3fc5 C0       		.byte	0xc0
 10847 3fc6 36       		.byte	0x36
 10848 3fc7 8B000000 		.4byte	0x8b
 10849 3fcb B7010000 		.4byte	.LLST138
 10850 3fcf A7010000 		.4byte	.LVUS138
 10851 3fd3 79       		.uleb128 0x79
 10852 3fd4 7E440000 		.4byte	0x447e
 10853 3fd8 7C010000 		.4byte	.LBI315
 10854 3fdc 02       		.byte	.LVU719
 10855 3fdd 7C010000 		.4byte	.LBB315
 10856 3fe1 2C000000 		.4byte	.LBE315-.LBB315
 10857 3fe5 05       		.byte	0x5
 10858 3fe6 C1       		.byte	0xc1
 10859 3fe7 2D       		.byte	0x2d
 10860 3fe8 04       		.uleb128 0x4
 10861 3fe9 95440000 		.4byte	0x4495
 10862 3fed 31020000 		.4byte	.LLST139
 10863 3ff1 23020000 		.4byte	.LVUS139
 10864 3ff5 04       		.uleb128 0x4
 10865 3ff6 8C440000 		.4byte	0x448c
 10866 3ffa 91020000 		.4byte	.LLST140
 10867 3ffe 8F020000 		.4byte	.LVUS140
 10868 4002 00       		.byte	0
 10869 4003 00       		.byte	0
 10870 4004 33       		.uleb128 0x33
 10871 4005 8B1D0000 		.4byte	.LASF594
ARM GAS  /tmp/cc3q4aVX.s 			page 192


 10872 4009 05       		.byte	0x5
 10873 400a BD       		.byte	0xbd
 10874 400b 16       		.byte	0x16
 10875 400c 5C000000 		.4byte	.LFB546
 10876 4010 20010000 		.4byte	.LFE546-.LFB546
 10877 4014 01       		.uleb128 0x1
 10878 4015 9C       		.byte	0x9c
 10879 4016 C3410000 		.4byte	0x41c3
 10880 401a 1F       		.uleb128 0x1f
 10881 401b 696400   		.ascii	"id\000"
 10882 401e 05       		.byte	0x5
 10883 401f BD       		.byte	0xbd
 10884 4020 33       		.byte	0x33
 10885 4021 8B000000 		.4byte	0x8b
 10886 4025 B1020000 		.4byte	.LLST120
 10887 4029 A9020000 		.4byte	.LVUS120
 10888 402d 27       		.uleb128 0x27
 10889 402e 9F080000 		.4byte	.LASF453
 10890 4032 05       		.byte	0x5
 10891 4033 BD       		.byte	0xbd
 10892 4034 3F       		.byte	0x3f
 10893 4035 60000000 		.4byte	0x60
 10894 4039 F7020000 		.4byte	.LLST121
 10895 403d EB020000 		.4byte	.LVUS121
 10896 4041 25       		.uleb128 0x25
 10897 4042 A1440000 		.4byte	0x44a1
 10898 4046 5C000000 		.4byte	.LBI277
 10899 404a 02       		.byte	.LVU629
 10900 404b B0020000 		.4byte	.Ldebug_ranges0+0x2b0
 10901 404f 05       		.byte	0x5
 10902 4050 BE       		.byte	0xbe
 10903 4051 21       		.byte	0x21
 10904 4052 04       		.uleb128 0x4
 10905 4053 C3440000 		.4byte	0x44c3
 10906 4057 56030000 		.4byte	.LLST122
 10907 405b 4A030000 		.4byte	.LVUS122
 10908 405f 04       		.uleb128 0x4
 10909 4060 B8440000 		.4byte	0x44b8
 10910 4064 B1030000 		.4byte	.LLST123
 10911 4068 A9030000 		.4byte	.LVUS123
 10912 406c 04       		.uleb128 0x4
 10913 406d AF440000 		.4byte	0x44af
 10914 4071 EF030000 		.4byte	.LLST124
 10915 4075 EB030000 		.4byte	.LVUS124
 10916 4079 1B       		.uleb128 0x1b
 10917 407a A1440000 		.4byte	0x44a1
 10918 407e 68000000 		.4byte	.LBI279
 10919 4082 00       		.byte	.LVU633
 10920 4083 E8020000 		.4byte	.Ldebug_ranges0+0x2e8
 10921 4087 05       		.byte	0x5
 10922 4088 60       		.byte	0x60
 10923 4089 0F       		.byte	0xf
 10924 408a E8400000 		.4byte	0x40e8
 10925 408e 04       		.uleb128 0x4
 10926 408f B8440000 		.4byte	0x44b8
 10927 4093 19040000 		.4byte	.LLST125
 10928 4097 17040000 		.4byte	.LVUS125
ARM GAS  /tmp/cc3q4aVX.s 			page 193


 10929 409b 04       		.uleb128 0x4
 10930 409c C3440000 		.4byte	0x44c3
 10931 40a0 31040000 		.4byte	.LLST126
 10932 40a4 2D040000 		.4byte	.LVUS126
 10933 40a8 04       		.uleb128 0x4
 10934 40a9 AF440000 		.4byte	0x44af
 10935 40ad 54040000 		.4byte	.LLST127
 10936 40b1 52040000 		.4byte	.LVUS127
 10937 40b5 18       		.uleb128 0x18
 10938 40b6 8E000000 		.4byte	.LVL190
 10939 40ba 5B4D0000 		.4byte	0x4d5b
 10940 40be 07       		.uleb128 0x7
 10941 40bf 01       		.uleb128 0x1
 10942 40c0 51       		.byte	0x51
 10943 40c1 24       		.uleb128 0x24
 10944 40c2 34       		.byte	0x34
 10945 40c3 F3       		.byte	0xf3
 10946 40c4 01       		.uleb128 0x1
 10947 40c5 51       		.byte	0x51
 10948 40c6 12       		.byte	0x12
 10949 40c7 30       		.byte	0x30
 10950 40c8 16       		.byte	0x16
 10951 40c9 14       		.byte	0x14
 10952 40ca 2B       		.byte	0x2b
 10953 40cb 28       		.byte	0x28
 10954 40cc 0100     		.2byte	0x1
 10955 40ce 16       		.byte	0x16
 10956 40cf 13       		.byte	0x13
 10957 40d0 F3       		.byte	0xf3
 10958 40d1 01       		.uleb128 0x1
 10959 40d2 51       		.byte	0x51
 10960 40d3 12       		.byte	0x12
 10961 40d4 30       		.byte	0x30
 10962 40d5 16       		.byte	0x16
 10963 40d6 14       		.byte	0x14
 10964 40d7 2B       		.byte	0x2b
 10965 40d8 28       		.byte	0x28
 10966 40d9 0100     		.2byte	0x1
 10967 40db 16       		.byte	0x16
 10968 40dc 13       		.byte	0x13
 10969 40dd 34       		.byte	0x34
 10970 40de 2A       		.byte	0x2a
 10971 40df 28       		.byte	0x28
 10972 40e0 0100     		.2byte	0x1
 10973 40e2 16       		.byte	0x16
 10974 40e3 13       		.byte	0x13
 10975 40e4 31       		.byte	0x31
 10976 40e5 1C       		.byte	0x1c
 10977 40e6 00       		.byte	0
 10978 40e7 00       		.byte	0
 10979 40e8 1B       		.uleb128 0x1b
 10980 40e9 6D430000 		.4byte	0x436d
 10981 40ed AC000000 		.4byte	.LBI283
 10982 40f1 01       		.byte	.LVU664
 10983 40f2 00030000 		.4byte	.Ldebug_ranges0+0x300
 10984 40f6 05       		.byte	0x5
 10985 40f7 6D       		.byte	0x6d
ARM GAS  /tmp/cc3q4aVX.s 			page 194


 10986 40f8 1B       		.byte	0x1b
 10987 40f9 2B410000 		.4byte	0x412b
 10988 40fd 04       		.uleb128 0x4
 10989 40fe 77430000 		.4byte	0x4377
 10990 4102 70040000 		.4byte	.LLST128
 10991 4106 6C040000 		.4byte	.LVUS128
 10992 410a 29       		.uleb128 0x29
 10993 410b 00030000 		.4byte	.Ldebug_ranges0+0x300
 10994 410f 22       		.uleb128 0x22
 10995 4110 83430000 		.4byte	0x4383
 10996 4114 96040000 		.4byte	.LLST129
 10997 4118 8E040000 		.4byte	.LVUS129
 10998 411c 22       		.uleb128 0x22
 10999 411d 8F430000 		.4byte	0x438f
 11000 4121 FB040000 		.4byte	.LLST130
 11001 4125 F5040000 		.4byte	.LVUS130
 11002 4129 00       		.byte	0
 11003 412a 00       		.byte	0
 11004 412b 37       		.uleb128 0x37
 11005 412c 374D0000 		.4byte	0x4d37
 11006 4130 E4000000 		.4byte	.LBI292
 11007 4134 01       		.byte	.LVU676
 11008 4135 E4000000 		.4byte	.LBB292
 11009 4139 1A000000 		.4byte	.LBE292-.LBB292
 11010 413d 05       		.byte	0x5
 11011 413e 6D       		.byte	0x6d
 11012 413f 1B       		.byte	0x1b
 11013 4140 5F410000 		.4byte	0x415f
 11014 4144 04       		.uleb128 0x4
 11015 4145 454D0000 		.4byte	0x4d45
 11016 4149 2F050000 		.4byte	.LLST131
 11017 414d 2D050000 		.4byte	.LVUS131
 11018 4151 04       		.uleb128 0x4
 11019 4152 4E4D0000 		.4byte	0x4d4e
 11020 4156 49050000 		.4byte	.LLST132
 11021 415a 47050000 		.4byte	.LVUS132
 11022 415e 00       		.byte	0
 11023 415f 25       		.uleb128 0x25
 11024 4160 25430000 		.4byte	0x4325
 11025 4164 1C010000 		.4byte	.LBI295
 11026 4168 01       		.byte	.LVU701
 11027 4169 30030000 		.4byte	.Ldebug_ranges0+0x330
 11028 416d 05       		.byte	0x5
 11029 416e 73       		.byte	0x73
 11030 416f 14       		.byte	0x14
 11031 4170 04       		.uleb128 0x4
 11032 4171 3C430000 		.4byte	0x433c
 11033 4175 63050000 		.4byte	.LLST133
 11034 4179 5D050000 		.4byte	.LVUS133
 11035 417d 04       		.uleb128 0x4
 11036 417e 33430000 		.4byte	0x4333
 11037 4182 AB050000 		.4byte	.LLST134
 11038 4186 A9050000 		.4byte	.LVUS134
 11039 418a 29       		.uleb128 0x29
 11040 418b 30030000 		.4byte	.Ldebug_ranges0+0x330
 11041 418f 22       		.uleb128 0x22
 11042 4190 48430000 		.4byte	0x4348
ARM GAS  /tmp/cc3q4aVX.s 			page 195


 11043 4194 C5050000 		.4byte	.LLST135
 11044 4198 C3050000 		.4byte	.LVUS135
 11045 419c 22       		.uleb128 0x22
 11046 419d 54430000 		.4byte	0x4354
 11047 41a1 DB050000 		.4byte	.LLST136
 11048 41a5 D9050000 		.4byte	.LVUS136
 11049 41a9 22       		.uleb128 0x22
 11050 41aa 60430000 		.4byte	0x4360
 11051 41ae F1050000 		.4byte	.LLST137
 11052 41b2 EF050000 		.4byte	.LVUS137
 11053 41b6 43       		.uleb128 0x43
 11054 41b7 54010000 		.4byte	.LVL207
 11055 41bb 074D0000 		.4byte	0x4d07
 11056 41bf 00       		.byte	0
 11057 41c0 00       		.byte	0
 11058 41c1 00       		.byte	0
 11059 41c2 00       		.byte	0
 11060 41c3 33       		.uleb128 0x33
 11061 41c4 031F0000 		.4byte	.LASF595
 11062 41c8 05       		.byte	0x5
 11063 41c9 BA       		.byte	0xba
 11064 41ca 16       		.byte	0x16
 11065 41cb 1C000000 		.4byte	.LFB545
 11066 41cf 40000000 		.4byte	.LFE545-.LFB545
 11067 41d3 01       		.uleb128 0x1
 11068 41d4 9C       		.byte	0x9c
 11069 41d5 C4420000 		.4byte	0x42c4
 11070 41d9 1F       		.uleb128 0x1f
 11071 41da 696E00   		.ascii	"in\000"
 11072 41dd 05       		.byte	0x5
 11073 41de BA       		.byte	0xba
 11074 41df 2F       		.byte	0x2f
 11075 41e0 C32D0000 		.4byte	0x2dc3
 11076 41e4 23060000 		.4byte	.LLST112
 11077 41e8 19060000 		.4byte	.LVUS112
 11078 41ec 1F       		.uleb128 0x1f
 11079 41ed 6F757400 		.ascii	"out\000"
 11080 41f1 05       		.byte	0x5
 11081 41f2 BA       		.byte	0xba
 11082 41f3 3A       		.byte	0x3a
 11083 41f4 9B220000 		.4byte	0x229b
 11084 41f8 72060000 		.4byte	.LLST113
 11085 41fc 68060000 		.4byte	.LVUS113
 11086 4200 27       		.uleb128 0x27
 11087 4201 60110000 		.4byte	.LASF596
 11088 4205 05       		.byte	0x5
 11089 4206 BA       		.byte	0xba
 11090 4207 48       		.byte	0x48
 11091 4208 B6000000 		.4byte	0xb6
 11092 420c BD060000 		.4byte	.LLST114
 11093 4210 B7060000 		.4byte	.LVUS114
 11094 4214 25       		.uleb128 0x25
 11095 4215 D0440000 		.4byte	0x44d0
 11096 4219 1C000000 		.4byte	.LBI255
 11097 421d 02       		.byte	.LVU603
 11098 421e 98020000 		.4byte	.Ldebug_ranges0+0x298
 11099 4222 05       		.byte	0x5
ARM GAS  /tmp/cc3q4aVX.s 			page 196


 11100 4223 BB       		.byte	0xbb
 11101 4224 1C       		.byte	0x1c
 11102 4225 04       		.uleb128 0x4
 11103 4226 FE440000 		.4byte	0x44fe
 11104 422a EF060000 		.4byte	.LLST115
 11105 422e E9060000 		.4byte	.LVUS115
 11106 4232 04       		.uleb128 0x4
 11107 4233 F2440000 		.4byte	0x44f2
 11108 4237 25070000 		.4byte	.LLST116
 11109 423b 1B070000 		.4byte	.LVUS116
 11110 423f 04       		.uleb128 0x4
 11111 4240 E7440000 		.4byte	0x44e7
 11112 4244 74070000 		.4byte	.LLST117
 11113 4248 6A070000 		.4byte	.LVUS117
 11114 424c 04       		.uleb128 0x4
 11115 424d DE440000 		.4byte	0x44de
 11116 4251 BB070000 		.4byte	.LLST118
 11117 4255 B9070000 		.4byte	.LVUS118
 11118 4259 7A       		.uleb128 0x7a
 11119 425a D0440000 		.4byte	0x44d0
 11120 425e 28000000 		.4byte	.LBB257
 11121 4262 22000000 		.4byte	.LBE257-.LBB257
 11122 4266 05       		.byte	0x5
 11123 4267 55       		.byte	0x55
 11124 4268 0F       		.byte	0xf
 11125 4269 9D420000 		.4byte	0x429d
 11126 426d 21       		.uleb128 0x21
 11127 426e DE440000 		.4byte	0x44de
 11128 4272 21       		.uleb128 0x21
 11129 4273 FE440000 		.4byte	0x44fe
 11130 4277 21       		.uleb128 0x21
 11131 4278 F2440000 		.4byte	0x44f2
 11132 427c 21       		.uleb128 0x21
 11133 427d E7440000 		.4byte	0x44e7
 11134 4281 7B       		.uleb128 0x7b
 11135 4282 0A450000 		.4byte	0x450a
 11136 4286 28000000 		.4byte	.LBB258
 11137 428a 22000000 		.4byte	.LBE258-.LBB258
 11138 428e 22       		.uleb128 0x22
 11139 428f 0B450000 		.4byte	0x450b
 11140 4293 D9070000 		.4byte	.LLST119
 11141 4297 D3070000 		.4byte	.LVUS119
 11142 429b 00       		.byte	0
 11143 429c 00       		.byte	0
 11144 429d 18       		.uleb128 0x18
 11145 429e 56000000 		.4byte	.LVL184
 11146 42a2 C5480000 		.4byte	0x48c5
 11147 42a6 07       		.uleb128 0x7
 11148 42a7 01       		.uleb128 0x1
 11149 42a8 50       		.byte	0x50
 11150 42a9 02       		.uleb128 0x2
 11151 42aa 74       		.byte	0x74
 11152 42ab 00       		.sleb128 0
 11153 42ac 07       		.uleb128 0x7
 11154 42ad 01       		.uleb128 0x1
 11155 42ae 51       		.byte	0x51
 11156 42af 03       		.uleb128 0x3
ARM GAS  /tmp/cc3q4aVX.s 			page 197


 11157 42b0 F3       		.byte	0xf3
 11158 42b1 01       		.uleb128 0x1
 11159 42b2 50       		.byte	0x50
 11160 42b3 07       		.uleb128 0x7
 11161 42b4 01       		.uleb128 0x1
 11162 42b5 52       		.byte	0x52
 11163 42b6 03       		.uleb128 0x3
 11164 42b7 F3       		.byte	0xf3
 11165 42b8 01       		.uleb128 0x1
 11166 42b9 51       		.byte	0x51
 11167 42ba 07       		.uleb128 0x7
 11168 42bb 01       		.uleb128 0x1
 11169 42bc 53       		.byte	0x53
 11170 42bd 03       		.uleb128 0x3
 11171 42be F3       		.byte	0xf3
 11172 42bf 01       		.uleb128 0x1
 11173 42c0 52       		.byte	0x52
 11174 42c1 00       		.byte	0
 11175 42c2 00       		.byte	0
 11176 42c3 00       		.byte	0
 11177 42c4 44       		.uleb128 0x44
 11178 42c5 D0000000 		.4byte	.LASF597
 11179 42c9 05       		.byte	0x5
 11180 42ca B9       		.byte	0xb9
 11181 42cb 16       		.byte	0x16
 11182 42cc 44       		.uleb128 0x44
 11183 42cd 90050000 		.4byte	.LASF598
 11184 42d1 05       		.byte	0x5
 11185 42d2 B8       		.byte	0xb8
 11186 42d3 16       		.byte	0x16
 11187 42d4 44       		.uleb128 0x44
 11188 42d5 E4030000 		.4byte	.LASF599
 11189 42d9 05       		.byte	0x5
 11190 42da B7       		.byte	0xb7
 11191 42db 16       		.byte	0x16
 11192 42dc 7C       		.uleb128 0x7c
 11193 42dd 49090000 		.4byte	.LASF660
 11194 42e1 05       		.byte	0x5
 11195 42e2 B6       		.byte	0xb6
 11196 42e3 16       		.byte	0x16
 11197 42e4 01       		.byte	0x1
 11198 42e5 42       		.uleb128 0x42
 11199 42e6 7A170000 		.4byte	.LASF600
 11200 42ea 05       		.byte	0x5
 11201 42eb B3       		.byte	0xb3
 11202 42ec 18       		.byte	0x18
 11203 42ed 3A000000 		.4byte	0x3a
 11204 42f1 00000000 		.4byte	.LFB540
 11205 42f5 14000000 		.4byte	.LFE540-.LFB540
 11206 42f9 01       		.uleb128 0x1
 11207 42fa 9C       		.byte	0x9c
 11208 42fb 25430000 		.4byte	0x4325
 11209 42ff 27       		.uleb128 0x27
 11210 4300 AE180000 		.4byte	.LASF601
 11211 4304 05       		.byte	0x5
 11212 4305 B3       		.byte	0xb3
 11213 4306 3D       		.byte	0x3d
ARM GAS  /tmp/cc3q4aVX.s 			page 198


 11214 4307 BD2D0000 		.4byte	0x2dbd
 11215 430b 0A080000 		.4byte	.LLST111
 11216 430f 04080000 		.4byte	.LVUS111
 11217 4313 18       		.uleb128 0x18
 11218 4314 0C000000 		.4byte	.LVL174
 11219 4318 77450000 		.4byte	0x4577
 11220 431c 07       		.uleb128 0x7
 11221 431d 01       		.uleb128 0x1
 11222 431e 51       		.byte	0x51
 11223 431f 03       		.uleb128 0x3
 11224 4320 F3       		.byte	0xf3
 11225 4321 01       		.uleb128 0x1
 11226 4322 50       		.byte	0x50
 11227 4323 00       		.byte	0
 11228 4324 00       		.byte	0
 11229 4325 13       		.uleb128 0x13
 11230 4326 4E3C0000 		.4byte	0x3c4e
 11231 432a 33430000 		.4byte	0x4333
 11232 432e 03       		.byte	0x3
 11233 432f 6D430000 		.4byte	0x436d
 11234 4333 11       		.uleb128 0x11
 11235 4334 C30F0000 		.4byte	.LASF608
 11236 4338 BE3C0000 		.4byte	0x3cbe
 11237 433c 1E       		.uleb128 0x1e
 11238 433d BC0C0000 		.4byte	.LASF602
 11239 4341 05       		.byte	0x5
 11240 4342 9F       		.byte	0x9f
 11241 4343 23       		.byte	0x23
 11242 4344 60000000 		.4byte	0x60
 11243 4348 39       		.uleb128 0x39
 11244 4349 62706D00 		.ascii	"bpm\000"
 11245 434d 05       		.byte	0x5
 11246 434e A0       		.byte	0xa0
 11247 434f 11       		.byte	0x11
 11248 4350 AD150000 		.4byte	0x15ad
 11249 4354 32       		.uleb128 0x32
 11250 4355 D1030000 		.4byte	.LASF604
 11251 4359 05       		.byte	0x5
 11252 435a A1       		.byte	0xa1
 11253 435b 14       		.byte	0x14
 11254 435c C2000000 		.4byte	0xc2
 11255 4360 32       		.uleb128 0x32
 11256 4361 E81C0000 		.4byte	.LASF605
 11257 4365 05       		.byte	0x5
 11258 4366 A2       		.byte	0xa2
 11259 4367 14       		.byte	0x14
 11260 4368 C2000000 		.4byte	0xc2
 11261 436c 00       		.byte	0
 11262 436d 7D       		.uleb128 0x7d
 11263 436e 343C0000 		.4byte	0x3c34
 11264 4372 03       		.byte	0x3
 11265 4373 9C430000 		.4byte	0x439c
 11266 4377 14       		.uleb128 0x14
 11267 4378 72617700 		.ascii	"raw\000"
 11268 437c 05       		.byte	0x5
 11269 437d 98       		.byte	0x98
 11270 437e 31       		.byte	0x31
ARM GAS  /tmp/cc3q4aVX.s 			page 199


 11271 437f 60000000 		.4byte	0x60
 11272 4383 32       		.uleb128 0x32
 11273 4384 DA090000 		.4byte	.LASF606
 11274 4388 05       		.byte	0x5
 11275 4389 99       		.byte	0x99
 11276 438a 11       		.byte	0x11
 11277 438b AD150000 		.4byte	0x15ad
 11278 438f 32       		.uleb128 0x32
 11279 4390 99180000 		.4byte	.LASF607
 11280 4394 05       		.byte	0x5
 11281 4395 9A       		.byte	0x9a
 11282 4396 11       		.byte	0x11
 11283 4397 AD150000 		.4byte	0x15ad
 11284 439b 00       		.byte	0
 11285 439c 13       		.uleb128 0x13
 11286 439d 053C0000 		.4byte	0x3c05
 11287 43a1 AA430000 		.4byte	0x43aa
 11288 43a5 03       		.byte	0x3
 11289 43a6 DF430000 		.4byte	0x43df
 11290 43aa 11       		.uleb128 0x11
 11291 43ab C30F0000 		.4byte	.LASF608
 11292 43af BE3C0000 		.4byte	0x3cbe
 11293 43b3 14       		.uleb128 0x14
 11294 43b4 696400   		.ascii	"id\000"
 11295 43b7 05       		.byte	0x5
 11296 43b8 92       		.byte	0x92
 11297 43b9 22       		.byte	0x22
 11298 43ba 8B000000 		.4byte	0x8b
 11299 43be 1E       		.uleb128 0x1e
 11300 43bf F5030000 		.4byte	.LASF587
 11301 43c3 05       		.byte	0x5
 11302 43c4 92       		.byte	0x92
 11303 43c5 2E       		.byte	0x2e
 11304 43c6 8B000000 		.4byte	0x8b
 11305 43ca 14       		.uleb128 0x14
 11306 43cb 7800     		.ascii	"x\000"
 11307 43cd 05       		.byte	0x5
 11308 43ce 92       		.byte	0x92
 11309 43cf 3E       		.byte	0x3e
 11310 43d0 B6000000 		.4byte	0xb6
 11311 43d4 14       		.uleb128 0x14
 11312 43d5 7900     		.ascii	"y\000"
 11313 43d7 05       		.byte	0x5
 11314 43d8 92       		.byte	0x92
 11315 43d9 4A       		.byte	0x4a
 11316 43da B6000000 		.4byte	0xb6
 11317 43de 00       		.byte	0
 11318 43df 13       		.uleb128 0x13
 11319 43e0 E53B0000 		.4byte	0x3be5
 11320 43e4 ED430000 		.4byte	0x43ed
 11321 43e8 03       		.byte	0x3
 11322 43e9 03440000 		.4byte	0x4403
 11323 43ed 11       		.uleb128 0x11
 11324 43ee C30F0000 		.4byte	.LASF608
 11325 43f2 BE3C0000 		.4byte	0x3cbe
 11326 43f6 1E       		.uleb128 0x1e
 11327 43f7 73110000 		.4byte	.LASF589
ARM GAS  /tmp/cc3q4aVX.s 			page 200


 11328 43fb 05       		.byte	0x5
 11329 43fc 91       		.byte	0x91
 11330 43fd 27       		.byte	0x27
 11331 43fe B6000000 		.4byte	0xb6
 11332 4402 00       		.byte	0
 11333 4403 13       		.uleb128 0x13
 11334 4404 C53B0000 		.4byte	0x3bc5
 11335 4408 11440000 		.4byte	0x4411
 11336 440c 03       		.byte	0x3
 11337 440d 27440000 		.4byte	0x4427
 11338 4411 11       		.uleb128 0x11
 11339 4412 C30F0000 		.4byte	.LASF608
 11340 4416 BE3C0000 		.4byte	0x3cbe
 11341 441a 1E       		.uleb128 0x1e
 11342 441b 000D0000 		.4byte	.LASF609
 11343 441f 05       		.byte	0x5
 11344 4420 8D       		.byte	0x8d
 11345 4421 21       		.byte	0x21
 11346 4422 B6000000 		.4byte	0xb6
 11347 4426 00       		.byte	0
 11348 4427 13       		.uleb128 0x13
 11349 4428 9C3B0000 		.4byte	0x3b9c
 11350 442c 35440000 		.4byte	0x4435
 11351 4430 03       		.byte	0x3
 11352 4431 6E440000 		.4byte	0x446e
 11353 4435 11       		.uleb128 0x11
 11354 4436 C30F0000 		.4byte	.LASF608
 11355 443a C93C0000 		.4byte	0x3cc9
 11356 443e 14       		.uleb128 0x14
 11357 443f 696400   		.ascii	"id\000"
 11358 4442 05       		.byte	0x5
 11359 4443 84       		.byte	0x84
 11360 4444 33       		.byte	0x33
 11361 4445 8B000000 		.4byte	0x8b
 11362 4449 1E       		.uleb128 0x1e
 11363 444a 9F080000 		.4byte	.LASF453
 11364 444e 05       		.byte	0x5
 11365 444f 84       		.byte	0x84
 11366 4450 3F       		.byte	0x3f
 11367 4451 60000000 		.4byte	0x60
 11368 4455 45       		.uleb128 0x45
 11369 4456 7E       		.uleb128 0x7e
 11370 4457 8A1B0000 		.4byte	.LASF661
 11371 445b 05       		.byte	0x5
 11372 445c 86       		.byte	0x86
 11373 445d 1A       		.byte	0x1a
 11374 445e 6A010000 		.4byte	.LASF662
 11375 4462 6E440000 		.4byte	0x446e
 11376 4466 05       		.uleb128 0x5
 11377 4467 03       		.byte	0x3
 11378 4468 00000000 		.4byte	_ZZNK6Effect20getParameterStrValueEhlE5names
 11379 446c 00       		.byte	0
 11380 446d 00       		.byte	0
 11381 446e 0C       		.uleb128 0xc
 11382 446f D71C0000 		.4byte	0x1cd7
 11383 4473 7E440000 		.4byte	0x447e
 11384 4477 0F       		.uleb128 0xf
ARM GAS  /tmp/cc3q4aVX.s 			page 201


 11385 4478 33000000 		.4byte	0x33
 11386 447c 04       		.byte	0x4
 11387 447d 00       		.byte	0
 11388 447e 13       		.uleb128 0x13
 11389 447f 783B0000 		.4byte	0x3b78
 11390 4483 8C440000 		.4byte	0x448c
 11391 4487 03       		.byte	0x3
 11392 4488 A1440000 		.4byte	0x44a1
 11393 448c 11       		.uleb128 0x11
 11394 448d C30F0000 		.4byte	.LASF608
 11395 4491 C93C0000 		.4byte	0x3cc9
 11396 4495 14       		.uleb128 0x14
 11397 4496 696400   		.ascii	"id\000"
 11398 4499 05       		.byte	0x5
 11399 449a 7B       		.byte	0x7b
 11400 449b 2C       		.byte	0x2c
 11401 449c 8B000000 		.4byte	0x8b
 11402 44a0 00       		.byte	0
 11403 44a1 13       		.uleb128 0x13
 11404 44a2 533B0000 		.4byte	0x3b53
 11405 44a6 AF440000 		.4byte	0x44af
 11406 44aa 03       		.byte	0x3
 11407 44ab D0440000 		.4byte	0x44d0
 11408 44af 11       		.uleb128 0x11
 11409 44b0 C30F0000 		.4byte	.LASF608
 11410 44b4 BE3C0000 		.4byte	0x3cbe
 11411 44b8 14       		.uleb128 0x14
 11412 44b9 696400   		.ascii	"id\000"
 11413 44bc 05       		.byte	0x5
 11414 44bd 60       		.byte	0x60
 11415 44be 24       		.byte	0x24
 11416 44bf 8B000000 		.4byte	0x8b
 11417 44c3 1E       		.uleb128 0x1e
 11418 44c4 9F080000 		.4byte	.LASF453
 11419 44c8 05       		.byte	0x5
 11420 44c9 60       		.byte	0x60
 11421 44ca 30       		.byte	0x30
 11422 44cb 60000000 		.4byte	0x60
 11423 44cf 00       		.byte	0
 11424 44d0 13       		.uleb128 0x13
 11425 44d1 293B0000 		.4byte	0x3b29
 11426 44d5 DE440000 		.4byte	0x44de
 11427 44d9 03       		.byte	0x3
 11428 44da 17450000 		.4byte	0x4517
 11429 44de 11       		.uleb128 0x11
 11430 44df C30F0000 		.4byte	.LASF608
 11431 44e3 BE3C0000 		.4byte	0x3cbe
 11432 44e7 14       		.uleb128 0x14
 11433 44e8 696E00   		.ascii	"in\000"
 11434 44eb 05       		.byte	0x5
 11435 44ec 55       		.byte	0x55
 11436 44ed 24       		.byte	0x24
 11437 44ee C32D0000 		.4byte	0x2dc3
 11438 44f2 14       		.uleb128 0x14
 11439 44f3 6F757400 		.ascii	"out\000"
 11440 44f7 05       		.byte	0x5
 11441 44f8 55       		.byte	0x55
ARM GAS  /tmp/cc3q4aVX.s 			page 202


 11442 44f9 2F       		.byte	0x2f
 11443 44fa 9B220000 		.4byte	0x229b
 11444 44fe 1E       		.uleb128 0x1e
 11445 44ff 60110000 		.4byte	.LASF596
 11446 4503 05       		.byte	0x5
 11447 4504 55       		.byte	0x55
 11448 4505 3D       		.byte	0x3d
 11449 4506 B6000000 		.4byte	0xb6
 11450 450a 45       		.uleb128 0x45
 11451 450b 39       		.uleb128 0x39
 11452 450c 6600     		.ascii	"f\000"
 11453 450e 05       		.byte	0x5
 11454 450f 57       		.byte	0x57
 11455 4510 15       		.byte	0x15
 11456 4511 B6000000 		.4byte	0xb6
 11457 4515 00       		.byte	0
 11458 4516 00       		.byte	0
 11459 4517 13       		.uleb128 0x13
 11460 4518 0E3B0000 		.4byte	0x3b0e
 11461 451c 25450000 		.4byte	0x4525
 11462 4520 03       		.byte	0x3
 11463 4521 2F450000 		.4byte	0x452f
 11464 4525 11       		.uleb128 0x11
 11465 4526 C30F0000 		.4byte	.LASF608
 11466 452a BE3C0000 		.4byte	0x3cbe
 11467 452e 00       		.byte	0
 11468 452f 13       		.uleb128 0x13
 11469 4530 F33A0000 		.4byte	0x3af3
 11470 4534 3D450000 		.4byte	0x453d
 11471 4538 03       		.byte	0x3
 11472 4539 47450000 		.4byte	0x4547
 11473 453d 11       		.uleb128 0x11
 11474 453e C30F0000 		.4byte	.LASF608
 11475 4542 BE3C0000 		.4byte	0x3cbe
 11476 4546 00       		.byte	0
 11477 4547 13       		.uleb128 0x13
 11478 4548 D83A0000 		.4byte	0x3ad8
 11479 454c 55450000 		.4byte	0x4555
 11480 4550 03       		.byte	0x3
 11481 4551 5F450000 		.4byte	0x455f
 11482 4555 11       		.uleb128 0x11
 11483 4556 C30F0000 		.4byte	.LASF608
 11484 455a BE3C0000 		.4byte	0x3cbe
 11485 455e 00       		.byte	0
 11486 455f 13       		.uleb128 0x13
 11487 4560 BD3A0000 		.4byte	0x3abd
 11488 4564 6D450000 		.4byte	0x456d
 11489 4568 03       		.byte	0x3
 11490 4569 77450000 		.4byte	0x4577
 11491 456d 11       		.uleb128 0x11
 11492 456e C30F0000 		.4byte	.LASF608
 11493 4572 BE3C0000 		.4byte	0x3cbe
 11494 4576 00       		.byte	0
 11495 4577 2A       		.uleb128 0x2a
 11496 4578 993A0000 		.4byte	0x3a99
 11497 457c 8E450000 		.4byte	0x458e
 11498 4580 00000000 		.4byte	.LFB526
ARM GAS  /tmp/cc3q4aVX.s 			page 203


 11499 4584 3C010000 		.4byte	.LFE526-.LFB526
 11500 4588 01       		.uleb128 0x1
 11501 4589 9C       		.byte	0x9c
 11502 458a 5E480000 		.4byte	0x485e
 11503 458e 2F       		.uleb128 0x2f
 11504 458f C30F0000 		.4byte	.LASF608
 11505 4593 BE3C0000 		.4byte	0x3cbe
 11506 4597 52080000 		.4byte	.LLST85
 11507 459b 36080000 		.4byte	.LVUS85
 11508 459f 27       		.uleb128 0x27
 11509 45a0 AE180000 		.4byte	.LASF601
 11510 45a4 05       		.byte	0x5
 11511 45a5 26       		.byte	0x26
 11512 45a6 31       		.byte	0x31
 11513 45a7 BD2D0000 		.4byte	0x2dbd
 11514 45ab 02090000 		.4byte	.LLST86
 11515 45af F4080000 		.4byte	.LVUS86
 11516 45b3 19       		.uleb128 0x19
 11517 45b4 111C0000 		.4byte	.LASF610
 11518 45b8 05       		.byte	0x5
 11519 45b9 39       		.byte	0x39
 11520 45ba 12       		.byte	0x12
 11521 45bb BE150000 		.4byte	0x15be
 11522 45bf 5F090000 		.4byte	.LLST87
 11523 45c3 5D090000 		.4byte	.LVUS87
 11524 45c7 19       		.uleb128 0x19
 11525 45c8 DA110000 		.4byte	.LASF611
 11526 45cc 05       		.byte	0x5
 11527 45cd 3A       		.byte	0x3a
 11528 45ce 0C       		.byte	0xc
 11529 45cf 9B220000 		.4byte	0x229b
 11530 45d3 7D090000 		.4byte	.LLST88
 11531 45d7 77090000 		.4byte	.LVUS88
 11532 45db 19       		.uleb128 0x19
 11533 45dc 05120000 		.4byte	.LASF612
 11534 45e0 05       		.byte	0x5
 11535 45e1 3C       		.byte	0x3c
 11536 45e2 0C       		.byte	0xc
 11537 45e3 9B220000 		.4byte	0x229b
 11538 45e7 AC090000 		.4byte	.LLST89
 11539 45eb A6090000 		.4byte	.LVUS89
 11540 45ef 1B       		.uleb128 0x1b
 11541 45f0 254F0000 		.4byte	0x4f25
 11542 45f4 70000000 		.4byte	.LBI210
 11543 45f8 01       		.byte	.LVU506
 11544 45f9 10020000 		.4byte	.Ldebug_ranges0+0x210
 11545 45fd 05       		.byte	0x5
 11546 45fe 42       		.byte	0x42
 11547 45ff 10       		.byte	0x10
 11548 4600 43470000 		.4byte	0x4743
 11549 4604 04       		.uleb128 0x4
 11550 4605 534F0000 		.4byte	0x4f53
 11551 4609 D9090000 		.4byte	.LLST90
 11552 460d D5090000 		.4byte	.LVUS90
 11553 4611 04       		.uleb128 0x4
 11554 4612 474F0000 		.4byte	0x4f47
 11555 4616 FB090000 		.4byte	.LLST91
ARM GAS  /tmp/cc3q4aVX.s 			page 204


 11556 461a F7090000 		.4byte	.LVUS91
 11557 461e 04       		.uleb128 0x4
 11558 461f 3C4F0000 		.4byte	0x4f3c
 11559 4623 1B0A0000 		.4byte	.LLST92
 11560 4627 190A0000 		.4byte	.LVUS92
 11561 462b 04       		.uleb128 0x4
 11562 462c 334F0000 		.4byte	0x4f33
 11563 4630 350A0000 		.4byte	.LLST93
 11564 4634 330A0000 		.4byte	.LVUS93
 11565 4638 1B       		.uleb128 0x1b
 11566 4639 79530000 		.4byte	0x5379
 11567 463d 7E000000 		.4byte	.LBI212
 11568 4641 01       		.byte	.LVU513
 11569 4642 28020000 		.4byte	.Ldebug_ranges0+0x228
 11570 4646 03       		.byte	0x3
 11571 4647 83       		.byte	0x83
 11572 4648 10       		.byte	0x10
 11573 4649 8E460000 		.4byte	0x468e
 11574 464d 04       		.uleb128 0x4
 11575 464e 9C530000 		.4byte	0x539c
 11576 4652 4A0A0000 		.4byte	.LLST94
 11577 4656 480A0000 		.4byte	.LVUS94
 11578 465a 04       		.uleb128 0x4
 11579 465b 90530000 		.4byte	0x5390
 11580 465f 660A0000 		.4byte	.LLST95
 11581 4663 620A0000 		.4byte	.LVUS95
 11582 4667 04       		.uleb128 0x4
 11583 4668 87530000 		.4byte	0x5387
 11584 466c 860A0000 		.4byte	.LLST96
 11585 4670 840A0000 		.4byte	.LVUS96
 11586 4674 18       		.uleb128 0x18
 11587 4675 8E000000 		.4byte	.LVL154
 11588 4679 C9540000 		.4byte	0x54c9
 11589 467d 07       		.uleb128 0x7
 11590 467e 01       		.uleb128 0x1
 11591 467f 51       		.byte	0x51
 11592 4680 02       		.uleb128 0x2
 11593 4681 77       		.byte	0x77
 11594 4682 00       		.sleb128 0
 11595 4683 07       		.uleb128 0x7
 11596 4684 01       		.uleb128 0x1
 11597 4685 52       		.byte	0x52
 11598 4686 05       		.uleb128 0x5
 11599 4687 0C       		.byte	0xc
 11600 4688 00B80B00 		.4byte	0xbb800
 11601 468c 00       		.byte	0
 11602 468d 00       		.byte	0
 11603 468e 37       		.uleb128 0x37
 11604 468f 79530000 		.4byte	0x5379
 11605 4693 8E000000 		.4byte	.LBI220
 11606 4697 02       		.byte	.LVU522
 11607 4698 8E000000 		.4byte	.LBB220
 11608 469c 16000000 		.4byte	.LBE220-.LBB220
 11609 46a0 03       		.byte	0x3
 11610 46a1 84       		.byte	0x84
 11611 46a2 10       		.byte	0x10
 11612 46a3 E8460000 		.4byte	0x46e8
ARM GAS  /tmp/cc3q4aVX.s 			page 205


 11613 46a7 04       		.uleb128 0x4
 11614 46a8 9C530000 		.4byte	0x539c
 11615 46ac 9E0A0000 		.4byte	.LLST97
 11616 46b0 9C0A0000 		.4byte	.LVUS97
 11617 46b4 04       		.uleb128 0x4
 11618 46b5 90530000 		.4byte	0x5390
 11619 46b9 BA0A0000 		.4byte	.LLST98
 11620 46bd B60A0000 		.4byte	.LVUS98
 11621 46c1 04       		.uleb128 0x4
 11622 46c2 87530000 		.4byte	0x5387
 11623 46c6 DA0A0000 		.4byte	.LLST99
 11624 46ca D80A0000 		.4byte	.LVUS99
 11625 46ce 18       		.uleb128 0x18
 11626 46cf A4000000 		.4byte	.LVL156
 11627 46d3 C9540000 		.4byte	0x54c9
 11628 46d7 07       		.uleb128 0x7
 11629 46d8 01       		.uleb128 0x1
 11630 46d9 51       		.byte	0x51
 11631 46da 02       		.uleb128 0x2
 11632 46db 77       		.byte	0x77
 11633 46dc 00       		.sleb128 0
 11634 46dd 07       		.uleb128 0x7
 11635 46de 01       		.uleb128 0x1
 11636 46df 52       		.byte	0x52
 11637 46e0 05       		.uleb128 0x5
 11638 46e1 0C       		.byte	0xc
 11639 46e2 00B80B00 		.4byte	0xbb800
 11640 46e6 00       		.byte	0
 11641 46e7 00       		.byte	0
 11642 46e8 7F       		.uleb128 0x7f
 11643 46e9 5F4F0000 		.4byte	0x4f5f
 11644 46ed A4000000 		.4byte	.LBB222
 11645 46f1 14000000 		.4byte	.LBE222-.LBB222
 11646 46f5 2C470000 		.4byte	0x472c
 11647 46f9 22       		.uleb128 0x22
 11648 46fa 604F0000 		.4byte	0x4f60
 11649 46fe F20A0000 		.4byte	.LLST100
 11650 4702 F00A0000 		.4byte	.LVUS100
 11651 4706 1A       		.uleb128 0x1a
 11652 4707 AA000000 		.4byte	.LVL157
 11653 470b BC510000 		.4byte	0x51bc
 11654 470f 1A470000 		.4byte	0x471a
 11655 4713 07       		.uleb128 0x7
 11656 4714 01       		.uleb128 0x1
 11657 4715 50       		.byte	0x50
 11658 4716 02       		.uleb128 0x2
 11659 4717 75       		.byte	0x75
 11660 4718 00       		.sleb128 0
 11661 4719 00       		.byte	0
 11662 471a 18       		.uleb128 0x18
 11663 471b B4000000 		.4byte	.LVL158
 11664 471f BC510000 		.4byte	0x51bc
 11665 4723 07       		.uleb128 0x7
 11666 4724 01       		.uleb128 0x1
 11667 4725 50       		.byte	0x50
 11668 4726 03       		.uleb128 0x3
 11669 4727 75       		.byte	0x75
ARM GAS  /tmp/cc3q4aVX.s 			page 206


 11670 4728 C401     		.sleb128 196
 11671 472a 00       		.byte	0
 11672 472b 00       		.byte	0
 11673 472c 18       		.uleb128 0x18
 11674 472d C0000000 		.4byte	.LVL159
 11675 4731 5B4D0000 		.4byte	0x4d5b
 11676 4735 07       		.uleb128 0x7
 11677 4736 01       		.uleb128 0x1
 11678 4737 50       		.byte	0x50
 11679 4738 02       		.uleb128 0x2
 11680 4739 74       		.byte	0x74
 11681 473a 00       		.sleb128 0
 11682 473b 07       		.uleb128 0x7
 11683 473c 01       		.uleb128 0x1
 11684 473d 51       		.byte	0x51
 11685 473e 02       		.uleb128 0x2
 11686 473f 77       		.byte	0x77
 11687 4740 00       		.sleb128 0
 11688 4741 00       		.byte	0
 11689 4742 00       		.byte	0
 11690 4743 1B       		.uleb128 0x1b
 11691 4744 374D0000 		.4byte	0x4d37
 11692 4748 E0000000 		.4byte	.LBI225
 11693 474c 04       		.byte	.LVU558
 11694 474d 50020000 		.4byte	.Ldebug_ranges0+0x250
 11695 4751 05       		.byte	0x5
 11696 4752 4A       		.byte	0x4a
 11697 4753 17       		.byte	0x17
 11698 4754 73470000 		.4byte	0x4773
 11699 4758 04       		.uleb128 0x4
 11700 4759 454D0000 		.4byte	0x4d45
 11701 475d 080B0000 		.4byte	.LLST101
 11702 4761 060B0000 		.4byte	.LVUS101
 11703 4765 04       		.uleb128 0x4
 11704 4766 4E4D0000 		.4byte	0x4d4e
 11705 476a 1D0B0000 		.4byte	.LLST102
 11706 476e 1B0B0000 		.4byte	.LVUS102
 11707 4772 00       		.byte	0
 11708 4773 1B       		.uleb128 0x1b
 11709 4774 25430000 		.4byte	0x4325
 11710 4778 F6000000 		.4byte	.LBI229
 11711 477c 02       		.byte	.LVU568
 11712 477d 70020000 		.4byte	.Ldebug_ranges0+0x270
 11713 4781 05       		.byte	0x5
 11714 4782 4B       		.byte	0x4b
 11715 4783 10       		.byte	0x10
 11716 4784 0F480000 		.4byte	0x480f
 11717 4788 04       		.uleb128 0x4
 11718 4789 3C430000 		.4byte	0x433c
 11719 478d 370B0000 		.4byte	.LLST103
 11720 4791 350B0000 		.4byte	.LVUS103
 11721 4795 04       		.uleb128 0x4
 11722 4796 33430000 		.4byte	0x4333
 11723 479a 4F0B0000 		.4byte	.LLST104
 11724 479e 4D0B0000 		.4byte	.LVUS104
 11725 47a2 29       		.uleb128 0x29
 11726 47a3 70020000 		.4byte	.Ldebug_ranges0+0x270
ARM GAS  /tmp/cc3q4aVX.s 			page 207


 11727 47a7 22       		.uleb128 0x22
 11728 47a8 48430000 		.4byte	0x4348
 11729 47ac 640B0000 		.4byte	.LLST105
 11730 47b0 620B0000 		.4byte	.LVUS105
 11731 47b4 22       		.uleb128 0x22
 11732 47b5 54430000 		.4byte	0x4354
 11733 47b9 7E0B0000 		.4byte	.LLST106
 11734 47bd 7C0B0000 		.4byte	.LVUS106
 11735 47c1 22       		.uleb128 0x22
 11736 47c2 60430000 		.4byte	0x4360
 11737 47c6 950B0000 		.4byte	.LLST107
 11738 47ca 930B0000 		.4byte	.LVUS107
 11739 47ce 25       		.uleb128 0x25
 11740 47cf 074D0000 		.4byte	0x4d07
 11741 47d3 F6000000 		.4byte	.LBI231
 11742 47d7 07       		.byte	.LVU573
 11743 47d8 70020000 		.4byte	.Ldebug_ranges0+0x270
 11744 47dc 05       		.byte	0x5
 11745 47dd A3       		.byte	0xa3
 11746 47de 14       		.byte	0x14
 11747 47df 04       		.uleb128 0x4
 11748 47e0 1E4D0000 		.4byte	0x4d1e
 11749 47e4 AD0B0000 		.4byte	.LLST108
 11750 47e8 AB0B0000 		.4byte	.LVUS108
 11751 47ec 04       		.uleb128 0x4
 11752 47ed 154D0000 		.4byte	0x4d15
 11753 47f1 C70B0000 		.4byte	.LLST109
 11754 47f5 C50B0000 		.4byte	.LVUS109
 11755 47f9 29       		.uleb128 0x29
 11756 47fa 70020000 		.4byte	.Ldebug_ranges0+0x270
 11757 47fe 22       		.uleb128 0x22
 11758 47ff 2A4D0000 		.4byte	0x4d2a
 11759 4803 DC0B0000 		.4byte	.LLST110
 11760 4807 DA0B0000 		.4byte	.LVUS110
 11761 480b 00       		.byte	0
 11762 480c 00       		.byte	0
 11763 480d 00       		.byte	0
 11764 480e 00       		.byte	0
 11765 480f 56       		.uleb128 0x56
 11766 4810 54000000 		.4byte	.LVL146
 11767 4814 22480000 		.4byte	0x4822
 11768 4818 07       		.uleb128 0x7
 11769 4819 01       		.uleb128 0x1
 11770 481a 50       		.byte	0x50
 11771 481b 05       		.uleb128 0x5
 11772 481c 0C       		.byte	0xc
 11773 481d 00B80B00 		.4byte	0xbb800
 11774 4821 00       		.byte	0
 11775 4822 56       		.uleb128 0x56
 11776 4823 60000000 		.4byte	.LVL148
 11777 4827 35480000 		.4byte	0x4835
 11778 482b 07       		.uleb128 0x7
 11779 482c 01       		.uleb128 0x1
 11780 482d 50       		.byte	0x50
 11781 482e 05       		.uleb128 0x5
 11782 482f 0C       		.byte	0xc
 11783 4830 00B80B00 		.4byte	0xbb800
ARM GAS  /tmp/cc3q4aVX.s 			page 208


 11784 4834 00       		.byte	0
 11785 4835 43       		.uleb128 0x43
 11786 4836 6A000000 		.4byte	.LVL150
 11787 483a D3540000 		.4byte	0x54d3
 11788 483e 43       		.uleb128 0x43
 11789 483f 70000000 		.4byte	.LVL151
 11790 4843 DF540000 		.4byte	0x54df
 11791 4847 18       		.uleb128 0x18
 11792 4848 E0000000 		.4byte	.LVL160
 11793 484c 5B4D0000 		.4byte	0x4d5b
 11794 4850 07       		.uleb128 0x7
 11795 4851 01       		.uleb128 0x1
 11796 4852 50       		.byte	0x50
 11797 4853 02       		.uleb128 0x2
 11798 4854 74       		.byte	0x74
 11799 4855 00       		.sleb128 0
 11800 4856 07       		.uleb128 0x7
 11801 4857 01       		.uleb128 0x1
 11802 4858 51       		.byte	0x51
 11803 4859 02       		.uleb128 0x2
 11804 485a 77       		.byte	0x77
 11805 485b 00       		.sleb128 0
 11806 485c 00       		.byte	0
 11807 485d 00       		.byte	0
 11808 485e 13       		.uleb128 0x13
 11809 485f 753A0000 		.4byte	0x3a75
 11810 4863 6C480000 		.4byte	0x486c
 11811 4867 02       		.byte	0x2
 11812 4868 7F480000 		.4byte	0x487f
 11813 486c 11       		.uleb128 0x11
 11814 486d C30F0000 		.4byte	.LASF608
 11815 4871 BE3C0000 		.4byte	0x3cbe
 11816 4875 11       		.uleb128 0x11
 11817 4876 BF1E0000 		.4byte	.LASF613
 11818 487a 4D010000 		.4byte	0x14d
 11819 487e 00       		.byte	0
 11820 487f 34       		.uleb128 0x34
 11821 4880 5E480000 		.4byte	0x485e
 11822 4884 251D0000 		.4byte	.LASF614
 11823 4888 90480000 		.4byte	0x4890
 11824 488c 96480000 		.4byte	0x4896
 11825 4890 21       		.uleb128 0x21
 11826 4891 6C480000 		.4byte	0x486c
 11827 4895 00       		.byte	0
 11828 4896 13       		.uleb128 0x13
 11829 4897 563A0000 		.4byte	0x3a56
 11830 489b A4480000 		.4byte	0x48a4
 11831 489f 02       		.byte	0x2
 11832 48a0 AE480000 		.4byte	0x48ae
 11833 48a4 11       		.uleb128 0x11
 11834 48a5 C30F0000 		.4byte	.LASF608
 11835 48a9 BE3C0000 		.4byte	0x3cbe
 11836 48ad 00       		.byte	0
 11837 48ae 34       		.uleb128 0x34
 11838 48af 96480000 		.4byte	0x4896
 11839 48b3 691B0000 		.4byte	.LASF615
 11840 48b7 BF480000 		.4byte	0x48bf
ARM GAS  /tmp/cc3q4aVX.s 			page 209


 11841 48bb C5480000 		.4byte	0x48c5
 11842 48bf 21       		.uleb128 0x21
 11843 48c0 A4480000 		.4byte	0x48a4
 11844 48c4 00       		.byte	0
 11845 48c5 2A       		.uleb128 0x2a
 11846 48c6 44390000 		.4byte	0x3944
 11847 48ca DC480000 		.4byte	0x48dc
 11848 48ce 00000000 		.4byte	.LFB513
 11849 48d2 2C020000 		.4byte	.LFE513-.LFB513
 11850 48d6 01       		.uleb128 0x1
 11851 48d7 9C       		.byte	0x9c
 11852 48d8 074D0000 		.4byte	0x4d07
 11853 48dc 2F       		.uleb128 0x2f
 11854 48dd C30F0000 		.4byte	.LASF608
 11855 48e1 233A0000 		.4byte	0x3a23
 11856 48e5 FA0B0000 		.4byte	.LLST50
 11857 48e9 F40B0000 		.4byte	.LVUS50
 11858 48ed 1F       		.uleb128 0x1f
 11859 48ee 696E00   		.ascii	"in\000"
 11860 48f1 03       		.byte	0x3
 11861 48f2 C6       		.byte	0xc6
 11862 48f3 1D       		.byte	0x1d
 11863 48f4 C32D0000 		.4byte	0x2dc3
 11864 48f8 2A0C0000 		.4byte	.LLST51
 11865 48fc 260C0000 		.4byte	.LVUS51
 11866 4900 1F       		.uleb128 0x1f
 11867 4901 6F757400 		.ascii	"out\000"
 11868 4905 03       		.byte	0x3
 11869 4906 C6       		.byte	0xc6
 11870 4907 28       		.byte	0x28
 11871 4908 9B220000 		.4byte	0x229b
 11872 490c 4F0C0000 		.4byte	.LLST52
 11873 4910 4B0C0000 		.4byte	.LVUS52
 11874 4914 27       		.uleb128 0x27
 11875 4915 60110000 		.4byte	.LASF596
 11876 4919 03       		.byte	0x3
 11877 491a C6       		.byte	0xc6
 11878 491b 36       		.byte	0x36
 11879 491c B6000000 		.4byte	0xb6
 11880 4920 760C0000 		.4byte	.LLST53
 11881 4924 700C0000 		.4byte	.LVUS53
 11882 4928 29       		.uleb128 0x29
 11883 4929 90000000 		.4byte	.Ldebug_ranges0+0x90
 11884 492d 10       		.uleb128 0x10
 11885 492e 6600     		.ascii	"f\000"
 11886 4930 03       		.byte	0x3
 11887 4931 C7       		.byte	0xc7
 11888 4932 13       		.byte	0x13
 11889 4933 B6000000 		.4byte	0xb6
 11890 4937 A90C0000 		.4byte	.LLST54
 11891 493b A30C0000 		.4byte	.LVUS54
 11892 493f 29       		.uleb128 0x29
 11893 4940 A8000000 		.4byte	.Ldebug_ranges0+0xa8
 11894 4944 19       		.uleb128 0x19
 11895 4945 FD150000 		.4byte	.LASF616
 11896 4949 03       		.byte	0x3
 11897 494a CB       		.byte	0xcb
ARM GAS  /tmp/cc3q4aVX.s 			page 210


 11898 494b 0D       		.byte	0xd
 11899 494c 25000000 		.4byte	0x25
 11900 4950 D90C0000 		.4byte	.LLST55
 11901 4954 D50C0000 		.4byte	.LVUS55
 11902 4958 19       		.uleb128 0x19
 11903 4959 0B130000 		.4byte	.LASF617
 11904 495d 03       		.byte	0x3
 11905 495e CB       		.byte	0xcb
 11906 495f 19       		.byte	0x19
 11907 4960 25000000 		.4byte	0x25
 11908 4964 010D0000 		.4byte	.LLST56
 11909 4968 FD0C0000 		.4byte	.LVUS56
 11910 496c 10       		.uleb128 0x10
 11911 496d 6E00     		.ascii	"n\000"
 11912 496f 03       		.byte	0x3
 11913 4970 CC       		.byte	0xcc
 11914 4971 0B       		.byte	0xb
 11915 4972 2C000000 		.4byte	0x2c
 11916 4976 290D0000 		.4byte	.LLST57
 11917 497a 250D0000 		.4byte	.LVUS57
 11918 497e 3A       		.uleb128 0x3a
 11919 497f D0000000 		.4byte	.Ldebug_ranges0+0xd0
 11920 4983 A84C0000 		.4byte	0x4ca8
 11921 4987 10       		.uleb128 0x10
 11922 4988 7400     		.ascii	"t\000"
 11923 498a 03       		.byte	0x3
 11924 498b CE       		.byte	0xce
 11925 498c 10       		.byte	0x10
 11926 498d 2C000000 		.4byte	0x2c
 11927 4991 5C0D0000 		.4byte	.LLST58
 11928 4995 480D0000 		.4byte	.LVUS58
 11929 4999 29       		.uleb128 0x29
 11930 499a F0000000 		.4byte	.Ldebug_ranges0+0xf0
 11931 499e 19       		.uleb128 0x19
 11932 499f BB150000 		.4byte	.LASF618
 11933 49a3 03       		.byte	0x3
 11934 49a4 D1       		.byte	0xd1
 11935 49a5 0F       		.byte	0xf
 11936 49a6 25000000 		.4byte	0x25
 11937 49aa E50D0000 		.4byte	.LLST59
 11938 49ae DD0D0000 		.4byte	.LVUS59
 11939 49b2 10       		.uleb128 0x10
 11940 49b3 734C00   		.ascii	"sL\000"
 11941 49b6 03       		.byte	0x3
 11942 49b7 D2       		.byte	0xd2
 11943 49b8 0F       		.byte	0xf
 11944 49b9 25000000 		.4byte	0x25
 11945 49bd 2B0E0000 		.4byte	.LLST60
 11946 49c1 1D0E0000 		.4byte	.LVUS60
 11947 49c5 10       		.uleb128 0x10
 11948 49c6 735200   		.ascii	"sR\000"
 11949 49c9 03       		.byte	0x3
 11950 49ca D2       		.byte	0xd2
 11951 49cb 13       		.byte	0x13
 11952 49cc 25000000 		.4byte	0x25
 11953 49d0 8F0E0000 		.4byte	.LLST61
 11954 49d4 870E0000 		.4byte	.LVUS61
ARM GAS  /tmp/cc3q4aVX.s 			page 211


 11955 49d8 3A       		.uleb128 0x3a
 11956 49d9 38010000 		.4byte	.Ldebug_ranges0+0x138
 11957 49dd 674A0000 		.4byte	0x4a67
 11958 49e1 19       		.uleb128 0x19
 11959 49e2 F5040000 		.4byte	.LASF619
 11960 49e6 03       		.byte	0x3
 11961 49e7 E3       		.byte	0xe3
 11962 49e8 13       		.byte	0x13
 11963 49e9 25000000 		.4byte	0x25
 11964 49ed C90E0000 		.4byte	.LLST65
 11965 49f1 C70E0000 		.4byte	.LVUS65
 11966 49f5 1B       		.uleb128 0x1b
 11967 49f6 0C540000 		.4byte	0x540c
 11968 49fa C8010000 		.4byte	.LBI144
 11969 49fe 00       		.byte	.LVU434
 11970 49ff 58010000 		.4byte	.Ldebug_ranges0+0x158
 11971 4a03 03       		.byte	0x3
 11972 4a04 E3       		.byte	0xe3
 11973 4a05 28       		.byte	0x28
 11974 4a06 324A0000 		.4byte	0x4a32
 11975 4a0a 04       		.uleb128 0x4
 11976 4a0b 36540000 		.4byte	0x5436
 11977 4a0f E10E0000 		.4byte	.LLST66
 11978 4a13 DD0E0000 		.4byte	.LVUS66
 11979 4a17 04       		.uleb128 0x4
 11980 4a18 2B540000 		.4byte	0x542b
 11981 4a1c 0D0F0000 		.4byte	.LLST67
 11982 4a20 090F0000 		.4byte	.LVUS67
 11983 4a24 04       		.uleb128 0x4
 11984 4a25 21540000 		.4byte	0x5421
 11985 4a29 3B0F0000 		.4byte	.LLST68
 11986 4a2d 350F0000 		.4byte	.LVUS68
 11987 4a31 00       		.byte	0
 11988 4a32 1A       		.uleb128 0x1a
 11989 4a33 EA010000 		.4byte	.LVL128
 11990 4a37 0E520000 		.4byte	0x520e
 11991 4a3b 4E4A0000 		.4byte	0x4a4e
 11992 4a3f 07       		.uleb128 0x7
 11993 4a40 01       		.uleb128 0x1
 11994 4a41 50       		.byte	0x50
 11995 4a42 02       		.uleb128 0x2
 11996 4a43 7B       		.byte	0x7b
 11997 4a44 00       		.sleb128 0
 11998 4a45 07       		.uleb128 0x7
 11999 4a46 02       		.uleb128 0x2
 12000 4a47 90       		.byte	0x90
 12001 4a48 40       		.uleb128 0x40
 12002 4a49 03       		.uleb128 0x3
 12003 4a4a F5       		.byte	0xf5
 12004 4a4b 52       		.uleb128 0x52
 12005 4a4c 25       		.uleb128 0x25
 12006 4a4d 00       		.byte	0
 12007 4a4e 18       		.uleb128 0x18
 12008 4a4f F8010000 		.4byte	.LVL131
 12009 4a53 0E520000 		.4byte	0x520e
 12010 4a57 07       		.uleb128 0x7
 12011 4a58 01       		.uleb128 0x1
ARM GAS  /tmp/cc3q4aVX.s 			page 212


 12012 4a59 50       		.byte	0x50
 12013 4a5a 02       		.uleb128 0x2
 12014 4a5b 77       		.byte	0x77
 12015 4a5c 00       		.sleb128 0
 12016 4a5d 07       		.uleb128 0x7
 12017 4a5e 02       		.uleb128 0x2
 12018 4a5f 90       		.byte	0x90
 12019 4a60 40       		.uleb128 0x40
 12020 4a61 03       		.uleb128 0x3
 12021 4a62 F5       		.byte	0xf5
 12022 4a63 52       		.uleb128 0x52
 12023 4a64 25       		.uleb128 0x25
 12024 4a65 00       		.byte	0
 12025 4a66 00       		.byte	0
 12026 4a67 3A       		.uleb128 0x3a
 12027 4a68 78010000 		.4byte	.Ldebug_ranges0+0x178
 12028 4a6c D44B0000 		.4byte	0x4bd4
 12029 4a70 19       		.uleb128 0x19
 12030 4a71 821F0000 		.4byte	.LASF620
 12031 4a75 03       		.byte	0x3
 12032 4a76 EB       		.byte	0xeb
 12033 4a77 13       		.byte	0x13
 12034 4a78 25000000 		.4byte	0x25
 12035 4a7c 710F0000 		.4byte	.LLST69
 12036 4a80 6D0F0000 		.4byte	.LVUS69
 12037 4a84 19       		.uleb128 0x19
 12038 4a85 50050000 		.4byte	.LASF621
 12039 4a89 03       		.byte	0x3
 12040 4a8a EC       		.byte	0xec
 12041 4a8b 13       		.byte	0x13
 12042 4a8c 25000000 		.4byte	0x25
 12043 4a90 930F0000 		.4byte	.LLST70
 12044 4a94 910F0000 		.4byte	.LVUS70
 12045 4a98 19       		.uleb128 0x19
 12046 4a99 A8120000 		.4byte	.LASF622
 12047 4a9d 03       		.byte	0x3
 12048 4a9e ED       		.byte	0xed
 12049 4a9f 13       		.byte	0x13
 12050 4aa0 25000000 		.4byte	0x25
 12051 4aa4 A90F0000 		.4byte	.LLST71
 12052 4aa8 A70F0000 		.4byte	.LVUS71
 12053 4aac 1B       		.uleb128 0x1b
 12054 4aad 0C540000 		.4byte	0x540c
 12055 4ab1 08010000 		.4byte	.LBI151
 12056 4ab5 00       		.byte	.LVU381
 12057 4ab6 90010000 		.4byte	.Ldebug_ranges0+0x190
 12058 4aba 03       		.byte	0x3
 12059 4abb EC       		.byte	0xec
 12060 4abc 28       		.byte	0x28
 12061 4abd E94A0000 		.4byte	0x4ae9
 12062 4ac1 04       		.uleb128 0x4
 12063 4ac2 36540000 		.4byte	0x5436
 12064 4ac6 C10F0000 		.4byte	.LLST72
 12065 4aca BD0F0000 		.4byte	.LVUS72
 12066 4ace 04       		.uleb128 0x4
 12067 4acf 2B540000 		.4byte	0x542b
 12068 4ad3 ED0F0000 		.4byte	.LLST73
ARM GAS  /tmp/cc3q4aVX.s 			page 213


 12069 4ad7 E90F0000 		.4byte	.LVUS73
 12070 4adb 04       		.uleb128 0x4
 12071 4adc 21540000 		.4byte	0x5421
 12072 4ae0 1B100000 		.4byte	.LLST74
 12073 4ae4 15100000 		.4byte	.LVUS74
 12074 4ae8 00       		.byte	0
 12075 4ae9 1B       		.uleb128 0x1b
 12076 4aea D8530000 		.4byte	0x53d8
 12077 4aee 3C010000 		.4byte	.LBI154
 12078 4af2 01       		.byte	.LVU391
 12079 4af3 A8010000 		.4byte	.Ldebug_ranges0+0x1a8
 12080 4af7 03       		.byte	0x3
 12081 4af8 EE       		.byte	0xee
 12082 4af9 17       		.byte	0x17
 12083 4afa 264B0000 		.4byte	0x4b26
 12084 4afe 04       		.uleb128 0x4
 12085 4aff 01540000 		.4byte	0x5401
 12086 4b03 53100000 		.4byte	.LLST75
 12087 4b07 51100000 		.4byte	.LVUS75
 12088 4b0b 04       		.uleb128 0x4
 12089 4b0c F7530000 		.4byte	0x53f7
 12090 4b10 69100000 		.4byte	.LLST76
 12091 4b14 67100000 		.4byte	.LVUS76
 12092 4b18 04       		.uleb128 0x4
 12093 4b19 ED530000 		.4byte	0x53ed
 12094 4b1d 7F100000 		.4byte	.LLST77
 12095 4b21 7D100000 		.4byte	.LVUS77
 12096 4b25 00       		.byte	0
 12097 4b26 37       		.uleb128 0x37
 12098 4b27 D8530000 		.4byte	0x53d8
 12099 4b2b 5C010000 		.4byte	.LBI158
 12100 4b2f 00       		.byte	.LVU401
 12101 4b30 5C010000 		.4byte	.LBB158
 12102 4b34 0C000000 		.4byte	.LBE158-.LBB158
 12103 4b38 03       		.byte	0x3
 12104 4b39 F0       		.byte	0xf0
 12105 4b3a 17       		.byte	0x17
 12106 4b3b 674B0000 		.4byte	0x4b67
 12107 4b3f 04       		.uleb128 0x4
 12108 4b40 01540000 		.4byte	0x5401
 12109 4b44 95100000 		.4byte	.LLST78
 12110 4b48 93100000 		.4byte	.LVUS78
 12111 4b4c 04       		.uleb128 0x4
 12112 4b4d F7530000 		.4byte	0x53f7
 12113 4b51 AB100000 		.4byte	.LLST79
 12114 4b55 A9100000 		.4byte	.LVUS79
 12115 4b59 04       		.uleb128 0x4
 12116 4b5a ED530000 		.4byte	0x53ed
 12117 4b5e C1100000 		.4byte	.LLST80
 12118 4b62 BF100000 		.4byte	.LVUS80
 12119 4b66 00       		.byte	0
 12120 4b67 1A       		.uleb128 0x1a
 12121 4b68 2A010000 		.4byte	.LVL102
 12122 4b6c 0E520000 		.4byte	0x520e
 12123 4b70 834B0000 		.4byte	0x4b83
 12124 4b74 07       		.uleb128 0x7
 12125 4b75 01       		.uleb128 0x1
ARM GAS  /tmp/cc3q4aVX.s 			page 214


 12126 4b76 50       		.byte	0x50
 12127 4b77 02       		.uleb128 0x2
 12128 4b78 7B       		.byte	0x7b
 12129 4b79 00       		.sleb128 0
 12130 4b7a 07       		.uleb128 0x7
 12131 4b7b 02       		.uleb128 0x2
 12132 4b7c 90       		.byte	0x90
 12133 4b7d 40       		.uleb128 0x40
 12134 4b7e 03       		.uleb128 0x3
 12135 4b7f F5       		.byte	0xf5
 12136 4b80 50       		.uleb128 0x50
 12137 4b81 25       		.uleb128 0x25
 12138 4b82 00       		.byte	0
 12139 4b83 1A       		.uleb128 0x1a
 12140 4b84 38010000 		.4byte	.LVL103
 12141 4b88 0E520000 		.4byte	0x520e
 12142 4b8c 9F4B0000 		.4byte	0x4b9f
 12143 4b90 07       		.uleb128 0x7
 12144 4b91 01       		.uleb128 0x1
 12145 4b92 50       		.byte	0x50
 12146 4b93 02       		.uleb128 0x2
 12147 4b94 7B       		.byte	0x7b
 12148 4b95 00       		.sleb128 0
 12149 4b96 07       		.uleb128 0x7
 12150 4b97 02       		.uleb128 0x2
 12151 4b98 90       		.byte	0x90
 12152 4b99 40       		.uleb128 0x40
 12153 4b9a 03       		.uleb128 0x3
 12154 4b9b F5       		.byte	0xf5
 12155 4b9c 52       		.uleb128 0x52
 12156 4b9d 25       		.uleb128 0x25
 12157 4b9e 00       		.byte	0
 12158 4b9f 1A       		.uleb128 0x1a
 12159 4ba0 4E010000 		.4byte	.LVL107
 12160 4ba4 0E520000 		.4byte	0x520e
 12161 4ba8 BB4B0000 		.4byte	0x4bbb
 12162 4bac 07       		.uleb128 0x7
 12163 4bad 01       		.uleb128 0x1
 12164 4bae 50       		.byte	0x50
 12165 4baf 02       		.uleb128 0x2
 12166 4bb0 77       		.byte	0x77
 12167 4bb1 00       		.sleb128 0
 12168 4bb2 07       		.uleb128 0x7
 12169 4bb3 02       		.uleb128 0x2
 12170 4bb4 90       		.byte	0x90
 12171 4bb5 40       		.uleb128 0x40
 12172 4bb6 03       		.uleb128 0x3
 12173 4bb7 F5       		.byte	0xf5
 12174 4bb8 50       		.uleb128 0x50
 12175 4bb9 25       		.uleb128 0x25
 12176 4bba 00       		.byte	0
 12177 4bbb 18       		.uleb128 0x18
 12178 4bbc 5C010000 		.4byte	.LVL109
 12179 4bc0 0E520000 		.4byte	0x520e
 12180 4bc4 07       		.uleb128 0x7
 12181 4bc5 01       		.uleb128 0x1
 12182 4bc6 50       		.byte	0x50
ARM GAS  /tmp/cc3q4aVX.s 			page 215


 12183 4bc7 02       		.uleb128 0x2
 12184 4bc8 77       		.byte	0x77
 12185 4bc9 00       		.sleb128 0
 12186 4bca 07       		.uleb128 0x7
 12187 4bcb 02       		.uleb128 0x2
 12188 4bcc 90       		.byte	0x90
 12189 4bcd 40       		.uleb128 0x40
 12190 4bce 03       		.uleb128 0x3
 12191 4bcf F5       		.byte	0xf5
 12192 4bd0 52       		.uleb128 0x52
 12193 4bd1 25       		.uleb128 0x25
 12194 4bd2 00       		.byte	0
 12195 4bd3 00       		.byte	0
 12196 4bd4 1B       		.uleb128 0x1b
 12197 4bd5 0C540000 		.4byte	0x540c
 12198 4bd9 B8000000 		.4byte	.LBI137
 12199 4bdd 00       		.byte	.LVU353
 12200 4bde 18010000 		.4byte	.Ldebug_ranges0+0x118
 12201 4be2 03       		.byte	0x3
 12202 4be3 D1       		.byte	0xd1
 12203 4be4 21       		.byte	0x21
 12204 4be5 114C0000 		.4byte	0x4c11
 12205 4be9 04       		.uleb128 0x4
 12206 4bea 36540000 		.4byte	0x5436
 12207 4bee D9100000 		.4byte	.LLST62
 12208 4bf2 D5100000 		.4byte	.LVUS62
 12209 4bf6 04       		.uleb128 0x4
 12210 4bf7 2B540000 		.4byte	0x542b
 12211 4bfb 05110000 		.4byte	.LLST63
 12212 4bff 01110000 		.4byte	.LVUS63
 12213 4c03 04       		.uleb128 0x4
 12214 4c04 21540000 		.4byte	0x5421
 12215 4c08 33110000 		.4byte	.LLST64
 12216 4c0c 2D110000 		.4byte	.LVUS64
 12217 4c10 00       		.byte	0
 12218 4c11 1A       		.uleb128 0x1a
 12219 4c12 E6000000 		.4byte	.LVL92
 12220 4c16 0E520000 		.4byte	0x520e
 12221 4c1a 2D4C0000 		.4byte	0x4c2d
 12222 4c1e 07       		.uleb128 0x7
 12223 4c1f 01       		.uleb128 0x1
 12224 4c20 50       		.byte	0x50
 12225 4c21 02       		.uleb128 0x2
 12226 4c22 7B       		.byte	0x7b
 12227 4c23 00       		.sleb128 0
 12228 4c24 07       		.uleb128 0x7
 12229 4c25 02       		.uleb128 0x2
 12230 4c26 90       		.byte	0x90
 12231 4c27 40       		.uleb128 0x40
 12232 4c28 03       		.uleb128 0x3
 12233 4c29 F5       		.byte	0xf5
 12234 4c2a 50       		.uleb128 0x50
 12235 4c2b 25       		.uleb128 0x25
 12236 4c2c 00       		.byte	0
 12237 4c2d 1A       		.uleb128 0x1a
 12238 4c2e F4000000 		.4byte	.LVL95
 12239 4c32 0E520000 		.4byte	0x520e
ARM GAS  /tmp/cc3q4aVX.s 			page 216


 12240 4c36 494C0000 		.4byte	0x4c49
 12241 4c3a 07       		.uleb128 0x7
 12242 4c3b 01       		.uleb128 0x1
 12243 4c3c 50       		.byte	0x50
 12244 4c3d 02       		.uleb128 0x2
 12245 4c3e 77       		.byte	0x77
 12246 4c3f 00       		.sleb128 0
 12247 4c40 07       		.uleb128 0x7
 12248 4c41 02       		.uleb128 0x2
 12249 4c42 90       		.byte	0x90
 12250 4c43 40       		.uleb128 0x40
 12251 4c44 03       		.uleb128 0x3
 12252 4c45 F5       		.byte	0xf5
 12253 4c46 50       		.uleb128 0x50
 12254 4c47 25       		.uleb128 0x25
 12255 4c48 00       		.byte	0
 12256 4c49 1A       		.uleb128 0x1a
 12257 4c4a 74010000 		.4byte	.LVL114
 12258 4c4e 0E520000 		.4byte	0x520e
 12259 4c52 654C0000 		.4byte	0x4c65
 12260 4c56 07       		.uleb128 0x7
 12261 4c57 01       		.uleb128 0x1
 12262 4c58 50       		.byte	0x50
 12263 4c59 02       		.uleb128 0x2
 12264 4c5a 7B       		.byte	0x7b
 12265 4c5b 00       		.sleb128 0
 12266 4c5c 07       		.uleb128 0x7
 12267 4c5d 02       		.uleb128 0x2
 12268 4c5e 90       		.byte	0x90
 12269 4c5f 40       		.uleb128 0x40
 12270 4c60 03       		.uleb128 0x3
 12271 4c61 F5       		.byte	0xf5
 12272 4c62 50       		.uleb128 0x50
 12273 4c63 25       		.uleb128 0x25
 12274 4c64 00       		.byte	0
 12275 4c65 1A       		.uleb128 0x1a
 12276 4c66 7A010000 		.4byte	.LVL115
 12277 4c6a 9B4F0000 		.4byte	0x4f9b
 12278 4c6e 794C0000 		.4byte	0x4c79
 12279 4c72 07       		.uleb128 0x7
 12280 4c73 01       		.uleb128 0x1
 12281 4c74 50       		.byte	0x50
 12282 4c75 02       		.uleb128 0x2
 12283 4c76 79       		.byte	0x79
 12284 4c77 00       		.sleb128 0
 12285 4c78 00       		.byte	0
 12286 4c79 1A       		.uleb128 0x1a
 12287 4c7a 88010000 		.4byte	.LVL118
 12288 4c7e 0E520000 		.4byte	0x520e
 12289 4c82 954C0000 		.4byte	0x4c95
 12290 4c86 07       		.uleb128 0x7
 12291 4c87 01       		.uleb128 0x1
 12292 4c88 50       		.byte	0x50
 12293 4c89 02       		.uleb128 0x2
 12294 4c8a 77       		.byte	0x77
 12295 4c8b 00       		.sleb128 0
 12296 4c8c 07       		.uleb128 0x7
ARM GAS  /tmp/cc3q4aVX.s 			page 217


 12297 4c8d 02       		.uleb128 0x2
 12298 4c8e 90       		.byte	0x90
 12299 4c8f 40       		.uleb128 0x40
 12300 4c90 03       		.uleb128 0x3
 12301 4c91 F5       		.byte	0xf5
 12302 4c92 50       		.uleb128 0x50
 12303 4c93 25       		.uleb128 0x25
 12304 4c94 00       		.byte	0
 12305 4c95 18       		.uleb128 0x18
 12306 4c96 90010000 		.4byte	.LVL119
 12307 4c9a 9B4F0000 		.4byte	0x4f9b
 12308 4c9e 07       		.uleb128 0x7
 12309 4c9f 01       		.uleb128 0x1
 12310 4ca0 50       		.byte	0x50
 12311 4ca1 03       		.uleb128 0x3
 12312 4ca2 79       		.byte	0x79
 12313 4ca3 E001     		.sleb128 224
 12314 4ca5 00       		.byte	0
 12315 4ca6 00       		.byte	0
 12316 4ca7 00       		.byte	0
 12317 4ca8 1B       		.uleb128 0x1b
 12318 4ca9 57530000 		.4byte	0x5357
 12319 4cad 3A000000 		.4byte	.LBI175
 12320 4cb1 00       		.byte	.LVU310
 12321 4cb2 C0010000 		.4byte	.Ldebug_ranges0+0x1c0
 12322 4cb6 03       		.byte	0x3
 12323 4cb7 C8       		.byte	0xc8
 12324 4cb8 13       		.byte	0x13
 12325 4cb9 D84C0000 		.4byte	0x4cd8
 12326 4cbd 04       		.uleb128 0x4
 12327 4cbe 6E530000 		.4byte	0x536e
 12328 4cc2 6D110000 		.4byte	.LLST81
 12329 4cc6 67110000 		.4byte	.LVUS81
 12330 4cca 04       		.uleb128 0x4
 12331 4ccb 65530000 		.4byte	0x5365
 12332 4ccf A2110000 		.4byte	.LLST82
 12333 4cd3 A0110000 		.4byte	.LVUS82
 12334 4cd7 00       		.byte	0
 12335 4cd8 25       		.uleb128 0x25
 12336 4cd9 57530000 		.4byte	0x5357
 12337 4cdd 6E000000 		.4byte	.LBI187
 12338 4ce1 02       		.byte	.LVU328
 12339 4ce2 F8010000 		.4byte	.Ldebug_ranges0+0x1f8
 12340 4ce6 03       		.byte	0x3
 12341 4ce7 C9       		.byte	0xc9
 12342 4ce8 13       		.byte	0x13
 12343 4ce9 04       		.uleb128 0x4
 12344 4cea 6E530000 		.4byte	0x536e
 12345 4cee BB110000 		.4byte	.LLST83
 12346 4cf2 B5110000 		.4byte	.LVUS83
 12347 4cf6 04       		.uleb128 0x4
 12348 4cf7 65530000 		.4byte	0x5365
 12349 4cfb F0110000 		.4byte	.LLST84
 12350 4cff EE110000 		.4byte	.LVUS84
 12351 4d03 00       		.byte	0
 12352 4d04 00       		.byte	0
 12353 4d05 00       		.byte	0
ARM GAS  /tmp/cc3q4aVX.s 			page 218


 12354 4d06 00       		.byte	0
 12355 4d07 13       		.uleb128 0x13
 12356 4d08 24390000 		.4byte	0x3924
 12357 4d0c 154D0000 		.4byte	0x4d15
 12358 4d10 03       		.byte	0x3
 12359 4d11 374D0000 		.4byte	0x4d37
 12360 4d15 11       		.uleb128 0x11
 12361 4d16 C30F0000 		.4byte	.LASF608
 12362 4d1a 233A0000 		.4byte	0x3a23
 12363 4d1e 1E       		.uleb128 0x1e
 12364 4d1f 000D0000 		.4byte	.LASF609
 12365 4d23 03       		.byte	0x3
 12366 4d24 C0       		.byte	0xc0
 12367 4d25 1A       		.byte	0x1a
 12368 4d26 B6000000 		.4byte	0xb6
 12369 4d2a 39       		.uleb128 0x39
 12370 4d2b 62706D00 		.ascii	"bpm\000"
 12371 4d2f 03       		.byte	0x3
 12372 4d30 C1       		.byte	0xc1
 12373 4d31 0B       		.byte	0xb
 12374 4d32 25000000 		.4byte	0x25
 12375 4d36 00       		.byte	0
 12376 4d37 13       		.uleb128 0x13
 12377 4d38 04390000 		.4byte	0x3904
 12378 4d3c 454D0000 		.4byte	0x4d45
 12379 4d40 03       		.byte	0x3
 12380 4d41 5B4D0000 		.4byte	0x4d5b
 12381 4d45 11       		.uleb128 0x11
 12382 4d46 C30F0000 		.4byte	.LASF608
 12383 4d4a 233A0000 		.4byte	0x3a23
 12384 4d4e 1E       		.uleb128 0x1e
 12385 4d4f DA090000 		.4byte	.LASF606
 12386 4d53 03       		.byte	0x3
 12387 4d54 BC       		.byte	0xbc
 12388 4d55 1A       		.byte	0x1a
 12389 4d56 25000000 		.4byte	0x25
 12390 4d5a 00       		.byte	0
 12391 4d5b 2A       		.uleb128 0x2a
 12392 4d5c E4380000 		.4byte	0x38e4
 12393 4d60 724D0000 		.4byte	0x4d72
 12394 4d64 00000000 		.4byte	.LFB510
 12395 4d68 BC010000 		.4byte	.LFE510-.LFB510
 12396 4d6c 01       		.uleb128 0x1
 12397 4d6d 9C       		.byte	0x9c
 12398 4d6e 254F0000 		.4byte	0x4f25
 12399 4d72 2F       		.uleb128 0x2f
 12400 4d73 C30F0000 		.4byte	.LASF608
 12401 4d77 233A0000 		.4byte	0x3a23
 12402 4d7b 07120000 		.4byte	.LLST36
 12403 4d7f 03120000 		.4byte	.LVUS36
 12404 4d83 1F       		.uleb128 0x1f
 12405 4d84 7000     		.ascii	"p\000"
 12406 4d86 03       		.byte	0x3
 12407 4d87 8C       		.byte	0x8c
 12408 4d88 16       		.byte	0x16
 12409 4d89 2C000000 		.4byte	0x2c
 12410 4d8d 29120000 		.4byte	.LLST37
ARM GAS  /tmp/cc3q4aVX.s 			page 219


 12411 4d91 25120000 		.4byte	.LVUS37
 12412 4d95 3A       		.uleb128 0x3a
 12413 4d96 00000000 		.4byte	.Ldebug_ranges0+0
 12414 4d9a B14D0000 		.4byte	0x4db1
 12415 4d9e 10       		.uleb128 0x10
 12416 4d9f 6900     		.ascii	"i\000"
 12417 4da1 03       		.byte	0x3
 12418 4da2 90       		.byte	0x90
 12419 4da3 0E       		.byte	0xe
 12420 4da4 2C000000 		.4byte	0x2c
 12421 4da8 4C120000 		.4byte	.LLST38
 12422 4dac 4A120000 		.4byte	.LVUS38
 12423 4db0 00       		.byte	0
 12424 4db1 29       		.uleb128 0x29
 12425 4db2 20000000 		.4byte	.Ldebug_ranges0+0x20
 12426 4db6 10       		.uleb128 0x10
 12427 4db7 6900     		.ascii	"i\000"
 12428 4db9 03       		.byte	0x3
 12429 4dba 94       		.byte	0x94
 12430 4dbb 0E       		.byte	0xe
 12431 4dbc 2C000000 		.4byte	0x2c
 12432 4dc0 66120000 		.4byte	.LLST39
 12433 4dc4 60120000 		.4byte	.LVUS39
 12434 4dc8 1B       		.uleb128 0x1b
 12435 4dc9 0C540000 		.4byte	0x540c
 12436 4dcd 6A010000 		.4byte	.LBI94
 12437 4dd1 01       		.byte	.LVU270
 12438 4dd2 38000000 		.4byte	.Ldebug_ranges0+0x38
 12439 4dd6 03       		.byte	0x3
 12440 4dd7 B6       		.byte	0xb6
 12441 4dd8 20       		.byte	0x20
 12442 4dd9 054E0000 		.4byte	0x4e05
 12443 4ddd 04       		.uleb128 0x4
 12444 4dde 36540000 		.4byte	0x5436
 12445 4de2 93120000 		.4byte	.LLST40
 12446 4de6 8F120000 		.4byte	.LVUS40
 12447 4dea 04       		.uleb128 0x4
 12448 4deb 2B540000 		.4byte	0x542b
 12449 4def BF120000 		.4byte	.LLST41
 12450 4df3 BB120000 		.4byte	.LVUS41
 12451 4df7 04       		.uleb128 0x4
 12452 4df8 21540000 		.4byte	0x5421
 12453 4dfc EB120000 		.4byte	.LLST42
 12454 4e00 E7120000 		.4byte	.LVUS42
 12455 4e04 00       		.byte	0
 12456 4e05 1B       		.uleb128 0x1b
 12457 4e06 0C540000 		.4byte	0x540c
 12458 4e0a 7E000000 		.4byte	.LBI99
 12459 4e0e 01       		.byte	.LVU218
 12460 4e0f 60000000 		.4byte	.Ldebug_ranges0+0x60
 12461 4e13 03       		.byte	0x3
 12462 4e14 9D       		.byte	0x9d
 12463 4e15 21       		.byte	0x21
 12464 4e16 424E0000 		.4byte	0x4e42
 12465 4e1a 04       		.uleb128 0x4
 12466 4e1b 36540000 		.4byte	0x5436
 12467 4e1f 0F130000 		.4byte	.LLST43
ARM GAS  /tmp/cc3q4aVX.s 			page 220


 12468 4e23 0B130000 		.4byte	.LVUS43
 12469 4e27 04       		.uleb128 0x4
 12470 4e28 2B540000 		.4byte	0x542b
 12471 4e2c 3B130000 		.4byte	.LLST44
 12472 4e30 37130000 		.4byte	.LVUS44
 12473 4e34 04       		.uleb128 0x4
 12474 4e35 21540000 		.4byte	0x5421
 12475 4e39 67130000 		.4byte	.LLST45
 12476 4e3d 63130000 		.4byte	.LVUS45
 12477 4e41 00       		.byte	0
 12478 4e42 1B       		.uleb128 0x1b
 12479 4e43 0C540000 		.4byte	0x540c
 12480 4e47 EC000000 		.4byte	.LBI103
 12481 4e4b 01       		.byte	.LVU240
 12482 4e4c 78000000 		.4byte	.Ldebug_ranges0+0x78
 12483 4e50 03       		.byte	0x3
 12484 4e51 A6       		.byte	0xa6
 12485 4e52 21       		.byte	0x21
 12486 4e53 7F4E0000 		.4byte	0x4e7f
 12487 4e57 04       		.uleb128 0x4
 12488 4e58 36540000 		.4byte	0x5436
 12489 4e5c 8B130000 		.4byte	.LLST46
 12490 4e60 87130000 		.4byte	.LVUS46
 12491 4e64 04       		.uleb128 0x4
 12492 4e65 2B540000 		.4byte	0x542b
 12493 4e69 B7130000 		.4byte	.LLST47
 12494 4e6d B3130000 		.4byte	.LVUS47
 12495 4e71 04       		.uleb128 0x4
 12496 4e72 21540000 		.4byte	0x5421
 12497 4e76 E5130000 		.4byte	.LLST48
 12498 4e7a DF130000 		.4byte	.LVUS48
 12499 4e7e 00       		.byte	0
 12500 4e7f 1A       		.uleb128 0x1a
 12501 4e80 4C000000 		.4byte	.LVL54
 12502 4e84 BC510000 		.4byte	0x51bc
 12503 4e88 934E0000 		.4byte	0x4e93
 12504 4e8c 07       		.uleb128 0x7
 12505 4e8d 01       		.uleb128 0x1
 12506 4e8e 50       		.byte	0x50
 12507 4e8f 02       		.uleb128 0x2
 12508 4e90 77       		.byte	0x77
 12509 4e91 00       		.sleb128 0
 12510 4e92 00       		.byte	0
 12511 4e93 1A       		.uleb128 0x1a
 12512 4e94 54000000 		.4byte	.LVL55
 12513 4e98 BC510000 		.4byte	0x51bc
 12514 4e9c A74E0000 		.4byte	0x4ea7
 12515 4ea0 07       		.uleb128 0x7
 12516 4ea1 01       		.uleb128 0x1
 12517 4ea2 50       		.byte	0x50
 12518 4ea3 02       		.uleb128 0x2
 12519 4ea4 78       		.byte	0x78
 12520 4ea5 00       		.sleb128 0
 12521 4ea6 00       		.byte	0
 12522 4ea7 1A       		.uleb128 0x1a
 12523 4ea8 B0000000 		.4byte	.LVL59
 12524 4eac CF500000 		.4byte	0x50cf
ARM GAS  /tmp/cc3q4aVX.s 			page 221


 12525 4eb0 C74E0000 		.4byte	0x4ec7
 12526 4eb4 07       		.uleb128 0x7
 12527 4eb5 01       		.uleb128 0x1
 12528 4eb6 50       		.byte	0x50
 12529 4eb7 02       		.uleb128 0x2
 12530 4eb8 77       		.byte	0x77
 12531 4eb9 00       		.sleb128 0
 12532 4eba 07       		.uleb128 0x7
 12533 4ebb 02       		.uleb128 0x2
 12534 4ebc 90       		.byte	0x90
 12535 4ebd 41       		.uleb128 0x41
 12536 4ebe 07       		.uleb128 0x7
 12537 4ebf F4       		.byte	0xf4
 12538 4ec0 25       		.uleb128 0x25
 12539 4ec1 04       		.byte	0x4
 12540 4ec2 0000C03F 		.4byte	0x3fc00000
 12541 4ec6 00       		.byte	0
 12542 4ec7 1A       		.uleb128 0x1a
 12543 4ec8 C2000000 		.4byte	.LVL60
 12544 4ecc CF500000 		.4byte	0x50cf
 12545 4ed0 E74E0000 		.4byte	0x4ee7
 12546 4ed4 07       		.uleb128 0x7
 12547 4ed5 01       		.uleb128 0x1
 12548 4ed6 50       		.byte	0x50
 12549 4ed7 02       		.uleb128 0x2
 12550 4ed8 78       		.byte	0x78
 12551 4ed9 00       		.sleb128 0
 12552 4eda 07       		.uleb128 0x7
 12553 4edb 02       		.uleb128 0x2
 12554 4edc 90       		.byte	0x90
 12555 4edd 41       		.uleb128 0x41
 12556 4ede 07       		.uleb128 0x7
 12557 4edf F4       		.byte	0xf4
 12558 4ee0 25       		.uleb128 0x25
 12559 4ee1 04       		.byte	0x4
 12560 4ee2 0000C03F 		.4byte	0x3fc00000
 12561 4ee6 00       		.byte	0
 12562 4ee7 1A       		.uleb128 0x1a
 12563 4ee8 1E010000 		.4byte	.LVL66
 12564 4eec E24F0000 		.4byte	0x4fe2
 12565 4ef0 074F0000 		.4byte	0x4f07
 12566 4ef4 07       		.uleb128 0x7
 12567 4ef5 01       		.uleb128 0x1
 12568 4ef6 50       		.byte	0x50
 12569 4ef7 02       		.uleb128 0x2
 12570 4ef8 77       		.byte	0x77
 12571 4ef9 00       		.sleb128 0
 12572 4efa 07       		.uleb128 0x7
 12573 4efb 02       		.uleb128 0x2
 12574 4efc 90       		.byte	0x90
 12575 4efd 41       		.uleb128 0x41
 12576 4efe 07       		.uleb128 0x7
 12577 4eff F4       		.byte	0xf4
 12578 4f00 25       		.uleb128 0x25
 12579 4f01 04       		.byte	0x4
 12580 4f02 00008040 		.4byte	0x40800000
 12581 4f06 00       		.byte	0
ARM GAS  /tmp/cc3q4aVX.s 			page 222


 12582 4f07 18       		.uleb128 0x18
 12583 4f08 30010000 		.4byte	.LVL67
 12584 4f0c E24F0000 		.4byte	0x4fe2
 12585 4f10 07       		.uleb128 0x7
 12586 4f11 01       		.uleb128 0x1
 12587 4f12 50       		.byte	0x50
 12588 4f13 02       		.uleb128 0x2
 12589 4f14 78       		.byte	0x78
 12590 4f15 00       		.sleb128 0
 12591 4f16 07       		.uleb128 0x7
 12592 4f17 02       		.uleb128 0x2
 12593 4f18 90       		.byte	0x90
 12594 4f19 41       		.uleb128 0x41
 12595 4f1a 07       		.uleb128 0x7
 12596 4f1b F4       		.byte	0xf4
 12597 4f1c 25       		.uleb128 0x25
 12598 4f1d 04       		.byte	0x4
 12599 4f1e 00008040 		.4byte	0x40800000
 12600 4f22 00       		.byte	0
 12601 4f23 00       		.byte	0
 12602 4f24 00       		.byte	0
 12603 4f25 13       		.uleb128 0x13
 12604 4f26 BA380000 		.4byte	0x38ba
 12605 4f2a 334F0000 		.4byte	0x4f33
 12606 4f2e 03       		.byte	0x3
 12607 4f2f 6C4F0000 		.4byte	0x4f6c
 12608 4f33 11       		.uleb128 0x11
 12609 4f34 C30F0000 		.4byte	.LASF608
 12610 4f38 233A0000 		.4byte	0x3a23
 12611 4f3c 14       		.uleb128 0x14
 12612 4f3d 737200   		.ascii	"sr\000"
 12613 4f40 03       		.byte	0x3
 12614 4f41 81       		.byte	0x81
 12615 4f42 13       		.byte	0x13
 12616 4f43 25000000 		.4byte	0x25
 12617 4f47 1E       		.uleb128 0x1e
 12618 4f48 DA110000 		.4byte	.LASF611
 12619 4f4c 03       		.byte	0x3
 12620 4f4d 81       		.byte	0x81
 12621 4f4e 1E       		.byte	0x1e
 12622 4f4f 9B220000 		.4byte	0x229b
 12623 4f53 1E       		.uleb128 0x1e
 12624 4f54 05120000 		.4byte	.LASF612
 12625 4f58 03       		.byte	0x3
 12626 4f59 81       		.byte	0x81
 12627 4f5a 2B       		.byte	0x2b
 12628 4f5b 9B220000 		.4byte	0x229b
 12629 4f5f 45       		.uleb128 0x45
 12630 4f60 39       		.uleb128 0x39
 12631 4f61 6900     		.ascii	"i\000"
 12632 4f63 03       		.byte	0x3
 12633 4f64 85       		.byte	0x85
 12634 4f65 0E       		.byte	0xe
 12635 4f66 2C000000 		.4byte	0x2c
 12636 4f6a 00       		.byte	0
 12637 4f6b 00       		.byte	0
 12638 4f6c 13       		.uleb128 0x13
ARM GAS  /tmp/cc3q4aVX.s 			page 223


 12639 4f6d 9B380000 		.4byte	0x389b
 12640 4f71 7A4F0000 		.4byte	0x4f7a
 12641 4f75 02       		.byte	0x2
 12642 4f76 844F0000 		.4byte	0x4f84
 12643 4f7a 11       		.uleb128 0x11
 12644 4f7b C30F0000 		.4byte	.LASF608
 12645 4f7f 233A0000 		.4byte	0x3a23
 12646 4f83 00       		.byte	0
 12647 4f84 34       		.uleb128 0x34
 12648 4f85 6C4F0000 		.4byte	0x4f6c
 12649 4f89 92100000 		.4byte	.LASF623
 12650 4f8d 954F0000 		.4byte	0x4f95
 12651 4f91 9B4F0000 		.4byte	0x4f9b
 12652 4f95 21       		.uleb128 0x21
 12653 4f96 7A4F0000 		.4byte	0x4f7a
 12654 4f9a 00       		.byte	0
 12655 4f9b 2A       		.uleb128 0x2a
 12656 4f9c 70370000 		.4byte	0x3770
 12657 4fa0 B24F0000 		.4byte	0x4fb2
 12658 4fa4 00000000 		.4byte	.LFB497
 12659 4fa8 46000000 		.4byte	.LFE497-.LFB497
 12660 4fac 01       		.uleb128 0x1
 12661 4fad 9C       		.byte	0x9c
 12662 4fae E24F0000 		.4byte	0x4fe2
 12663 4fb2 57       		.uleb128 0x57
 12664 4fb3 C30F0000 		.4byte	.LASF608
 12665 4fb7 F6370000 		.4byte	0x37f6
 12666 4fbb 01       		.uleb128 0x1
 12667 4fbc 50       		.byte	0x50
 12668 4fbd 1F       		.uleb128 0x1f
 12669 4fbe 7800     		.ascii	"x\000"
 12670 4fc0 02       		.byte	0x2
 12671 4fc1 2E       		.byte	0x2e
 12672 4fc2 1E       		.byte	0x1e
 12673 4fc3 25000000 		.4byte	0x25
 12674 4fc7 22140000 		.4byte	.LLST34
 12675 4fcb 1E140000 		.4byte	.LVUS34
 12676 4fcf 10       		.uleb128 0x10
 12677 4fd0 7900     		.ascii	"y\000"
 12678 4fd2 02       		.byte	0x2
 12679 4fd3 2F       		.byte	0x2f
 12680 4fd4 0B       		.byte	0xb
 12681 4fd5 25000000 		.4byte	0x25
 12682 4fd9 44140000 		.4byte	.LLST35
 12683 4fdd 42140000 		.4byte	.LVUS35
 12684 4fe1 00       		.byte	0
 12685 4fe2 2A       		.uleb128 0x2a
 12686 4fe3 46370000 		.4byte	0x3746
 12687 4fe7 F94F0000 		.4byte	0x4ff9
 12688 4feb 00000000 		.4byte	.LFB496
 12689 4fef 84000000 		.4byte	.LFE496-.LFB496
 12690 4ff3 01       		.uleb128 0x1
 12691 4ff4 9C       		.byte	0x9c
 12692 4ff5 CF500000 		.4byte	0x50cf
 12693 4ff9 2F       		.uleb128 0x2f
 12694 4ffa C30F0000 		.4byte	.LASF608
 12695 4ffe F6370000 		.4byte	0x37f6
ARM GAS  /tmp/cc3q4aVX.s 			page 224


 12696 5002 5E140000 		.4byte	.LLST25
 12697 5006 58140000 		.4byte	.LVUS25
 12698 500a 27       		.uleb128 0x27
 12699 500b 8A160000 		.4byte	.LASF624
 12700 500f 02       		.byte	0x2
 12701 5010 21       		.byte	0x21
 12702 5011 15       		.byte	0x15
 12703 5012 25000000 		.4byte	0x25
 12704 5016 8E140000 		.4byte	.LLST26
 12705 501a 8A140000 		.4byte	.LVUS26
 12706 501e 1F       		.uleb128 0x1f
 12707 501f 5100     		.ascii	"Q\000"
 12708 5021 02       		.byte	0x2
 12709 5022 21       		.byte	0x21
 12710 5023 25       		.byte	0x25
 12711 5024 25000000 		.4byte	0x25
 12712 5028 B6140000 		.4byte	.LLST27
 12713 502c B2140000 		.4byte	.LVUS27
 12714 5030 1F       		.uleb128 0x1f
 12715 5031 737200   		.ascii	"sr\000"
 12716 5034 02       		.byte	0x2
 12717 5035 21       		.byte	0x21
 12718 5036 2E       		.byte	0x2e
 12719 5037 25000000 		.4byte	0x25
 12720 503b DE140000 		.4byte	.LLST28
 12721 503f DA140000 		.4byte	.LVUS28
 12722 5043 10       		.uleb128 0x10
 12723 5044 773000   		.ascii	"w0\000"
 12724 5047 02       		.byte	0x2
 12725 5048 22       		.byte	0x22
 12726 5049 0B       		.byte	0xb
 12727 504a 25000000 		.4byte	0x25
 12728 504e 06150000 		.4byte	.LLST29
 12729 5052 02150000 		.4byte	.LVUS29
 12730 5056 19       		.uleb128 0x19
 12731 5057 200A0000 		.4byte	.LASF625
 12732 505b 02       		.byte	0x2
 12733 505c 23       		.byte	0x23
 12734 505d 0B       		.byte	0xb
 12735 505e 25000000 		.4byte	0x25
 12736 5062 3C150000 		.4byte	.LLST30
 12737 5066 38150000 		.4byte	.LVUS30
 12738 506a 19       		.uleb128 0x19
 12739 506b E1150000 		.4byte	.LASF626
 12740 506f 02       		.byte	0x2
 12741 5070 24       		.byte	0x24
 12742 5071 0B       		.byte	0xb
 12743 5072 25000000 		.4byte	0x25
 12744 5076 5E150000 		.4byte	.LLST31
 12745 507a 5C150000 		.4byte	.LVUS31
 12746 507e 19       		.uleb128 0x19
 12747 507f C1170000 		.4byte	.LASF627
 12748 5083 02       		.byte	0x2
 12749 5084 25       		.byte	0x25
 12750 5085 0B       		.byte	0xb
 12751 5086 25000000 		.4byte	0x25
 12752 508a 74150000 		.4byte	.LLST32
ARM GAS  /tmp/cc3q4aVX.s 			page 225


 12753 508e 72150000 		.4byte	.LVUS32
 12754 5092 10       		.uleb128 0x10
 12755 5093 61307200 		.ascii	"a0r\000"
 12756 5097 02       		.byte	0x2
 12757 5098 26       		.byte	0x26
 12758 5099 0B       		.byte	0xb
 12759 509a 25000000 		.4byte	0x25
 12760 509e 8A150000 		.4byte	.LLST33
 12761 50a2 88150000 		.4byte	.LVUS33
 12762 50a6 1A       		.uleb128 0x1a
 12763 50a7 24000000 		.4byte	.LVL38
 12764 50ab EB540000 		.4byte	0x54eb
 12765 50af BC500000 		.4byte	0x50bc
 12766 50b3 07       		.uleb128 0x7
 12767 50b4 02       		.uleb128 0x2
 12768 50b5 90       		.byte	0x90
 12769 50b6 40       		.uleb128 0x40
 12770 50b7 03       		.uleb128 0x3
 12771 50b8 F5       		.byte	0xf5
 12772 50b9 52       		.uleb128 0x52
 12773 50ba 25       		.uleb128 0x25
 12774 50bb 00       		.byte	0
 12775 50bc 18       		.uleb128 0x18
 12776 50bd 30000000 		.4byte	.LVL41
 12777 50c1 F8540000 		.4byte	0x54f8
 12778 50c5 07       		.uleb128 0x7
 12779 50c6 02       		.uleb128 0x2
 12780 50c7 90       		.byte	0x90
 12781 50c8 40       		.uleb128 0x40
 12782 50c9 03       		.uleb128 0x3
 12783 50ca F5       		.byte	0xf5
 12784 50cb 52       		.uleb128 0x52
 12785 50cc 25       		.uleb128 0x25
 12786 50cd 00       		.byte	0
 12787 50ce 00       		.byte	0
 12788 50cf 2A       		.uleb128 0x2a
 12789 50d0 1C370000 		.4byte	0x371c
 12790 50d4 E6500000 		.4byte	0x50e6
 12791 50d8 00000000 		.4byte	.LFB495
 12792 50dc 88000000 		.4byte	.LFE495-.LFB495
 12793 50e0 01       		.uleb128 0x1
 12794 50e1 9C       		.byte	0x9c
 12795 50e2 BC510000 		.4byte	0x51bc
 12796 50e6 2F       		.uleb128 0x2f
 12797 50e7 C30F0000 		.4byte	.LASF608
 12798 50eb F6370000 		.4byte	0x37f6
 12799 50ef A4150000 		.4byte	.LLST16
 12800 50f3 9E150000 		.4byte	.LVUS16
 12801 50f7 27       		.uleb128 0x27
 12802 50f8 67000000 		.4byte	.LASF628
 12803 50fc 02       		.byte	0x2
 12804 50fd 13       		.byte	0x13
 12805 50fe 15       		.byte	0x15
 12806 50ff 25000000 		.4byte	0x25
 12807 5103 D4150000 		.4byte	.LLST17
 12808 5107 D0150000 		.4byte	.LVUS17
 12809 510b 1F       		.uleb128 0x1f
ARM GAS  /tmp/cc3q4aVX.s 			page 226


 12810 510c 5100     		.ascii	"Q\000"
 12811 510e 02       		.byte	0x2
 12812 510f 13       		.byte	0x13
 12813 5110 25       		.byte	0x25
 12814 5111 25000000 		.4byte	0x25
 12815 5115 FC150000 		.4byte	.LLST18
 12816 5119 F8150000 		.4byte	.LVUS18
 12817 511d 1F       		.uleb128 0x1f
 12818 511e 737200   		.ascii	"sr\000"
 12819 5121 02       		.byte	0x2
 12820 5122 13       		.byte	0x13
 12821 5123 2E       		.byte	0x2e
 12822 5124 25000000 		.4byte	0x25
 12823 5128 24160000 		.4byte	.LLST19
 12824 512c 20160000 		.4byte	.LVUS19
 12825 5130 10       		.uleb128 0x10
 12826 5131 773000   		.ascii	"w0\000"
 12827 5134 02       		.byte	0x2
 12828 5135 14       		.byte	0x14
 12829 5136 0B       		.byte	0xb
 12830 5137 25000000 		.4byte	0x25
 12831 513b 4C160000 		.4byte	.LLST20
 12832 513f 48160000 		.4byte	.LVUS20
 12833 5143 19       		.uleb128 0x19
 12834 5144 E1150000 		.4byte	.LASF626
 12835 5148 02       		.byte	0x2
 12836 5149 15       		.byte	0x15
 12837 514a 0B       		.byte	0xb
 12838 514b 25000000 		.4byte	0x25
 12839 514f 82160000 		.4byte	.LLST21
 12840 5153 7E160000 		.4byte	.LVUS21
 12841 5157 19       		.uleb128 0x19
 12842 5158 200A0000 		.4byte	.LASF625
 12843 515c 02       		.byte	0x2
 12844 515d 16       		.byte	0x16
 12845 515e 0B       		.byte	0xb
 12846 515f 25000000 		.4byte	0x25
 12847 5163 A4160000 		.4byte	.LLST22
 12848 5167 A2160000 		.4byte	.LVUS22
 12849 516b 19       		.uleb128 0x19
 12850 516c C1170000 		.4byte	.LASF627
 12851 5170 02       		.byte	0x2
 12852 5171 17       		.byte	0x17
 12853 5172 0B       		.byte	0xb
 12854 5173 25000000 		.4byte	0x25
 12855 5177 BA160000 		.4byte	.LLST23
 12856 517b B8160000 		.4byte	.LVUS23
 12857 517f 10       		.uleb128 0x10
 12858 5180 61307200 		.ascii	"a0r\000"
 12859 5184 02       		.byte	0x2
 12860 5185 18       		.byte	0x18
 12861 5186 0B       		.byte	0xb
 12862 5187 25000000 		.4byte	0x25
 12863 518b D0160000 		.4byte	.LLST24
 12864 518f CE160000 		.4byte	.LVUS24
 12865 5193 1A       		.uleb128 0x1a
 12866 5194 24000000 		.4byte	.LVL25
ARM GAS  /tmp/cc3q4aVX.s 			page 227


 12867 5198 F8540000 		.4byte	0x54f8
 12868 519c A9510000 		.4byte	0x51a9
 12869 51a0 07       		.uleb128 0x7
 12870 51a1 02       		.uleb128 0x2
 12871 51a2 90       		.byte	0x90
 12872 51a3 40       		.uleb128 0x40
 12873 51a4 03       		.uleb128 0x3
 12874 51a5 F5       		.byte	0xf5
 12875 51a6 52       		.uleb128 0x52
 12876 51a7 25       		.uleb128 0x25
 12877 51a8 00       		.byte	0
 12878 51a9 18       		.uleb128 0x18
 12879 51aa 30000000 		.4byte	.LVL28
 12880 51ae EB540000 		.4byte	0x54eb
 12881 51b2 07       		.uleb128 0x7
 12882 51b3 02       		.uleb128 0x2
 12883 51b4 90       		.byte	0x90
 12884 51b5 40       		.uleb128 0x40
 12885 51b6 03       		.uleb128 0x3
 12886 51b7 F5       		.byte	0xf5
 12887 51b8 52       		.uleb128 0x52
 12888 51b9 25       		.uleb128 0x25
 12889 51ba 00       		.byte	0
 12890 51bb 00       		.byte	0
 12891 51bc 2A       		.uleb128 0x2a
 12892 51bd 01370000 		.4byte	0x3701
 12893 51c1 D3510000 		.4byte	0x51d3
 12894 51c5 00000000 		.4byte	.LFB494
 12895 51c9 16000000 		.4byte	.LFE494-.LFB494
 12896 51cd 01       		.uleb128 0x1
 12897 51ce 9C       		.byte	0x9c
 12898 51cf DF510000 		.4byte	0x51df
 12899 51d3 57       		.uleb128 0x57
 12900 51d4 C30F0000 		.4byte	.LASF608
 12901 51d8 F6370000 		.4byte	0x37f6
 12902 51dc 01       		.uleb128 0x1
 12903 51dd 50       		.byte	0x50
 12904 51de 00       		.byte	0
 12905 51df 13       		.uleb128 0x13
 12906 51e0 E2360000 		.4byte	0x36e2
 12907 51e4 ED510000 		.4byte	0x51ed
 12908 51e8 02       		.byte	0x2
 12909 51e9 F7510000 		.4byte	0x51f7
 12910 51ed 11       		.uleb128 0x11
 12911 51ee C30F0000 		.4byte	.LASF608
 12912 51f2 F6370000 		.4byte	0x37f6
 12913 51f6 00       		.byte	0
 12914 51f7 34       		.uleb128 0x34
 12915 51f8 DF510000 		.4byte	0x51df
 12916 51fc C7180000 		.4byte	.LASF629
 12917 5200 08520000 		.4byte	0x5208
 12918 5204 0E520000 		.4byte	0x520e
 12919 5208 21       		.uleb128 0x21
 12920 5209 ED510000 		.4byte	0x51ed
 12921 520d 00       		.byte	0
 12922 520e 2A       		.uleb128 0x2a
 12923 520f 30360000 		.4byte	0x3630
ARM GAS  /tmp/cc3q4aVX.s 			page 228


 12924 5213 25520000 		.4byte	0x5225
 12925 5217 00000000 		.4byte	.LFB488
 12926 521b DC000000 		.4byte	.LFE488-.LFB488
 12927 521f 01       		.uleb128 0x1
 12928 5220 9C       		.byte	0x9c
 12929 5221 57530000 		.4byte	0x5357
 12930 5225 2F       		.uleb128 0x2f
 12931 5226 C30F0000 		.4byte	.LASF608
 12932 522a D0360000 		.4byte	0x36d0
 12933 522e E8160000 		.4byte	.LLST0
 12934 5232 E4160000 		.4byte	.LVUS0
 12935 5236 27       		.uleb128 0x27
 12936 5237 DF0C0000 		.4byte	.LASF630
 12937 523b 01       		.byte	0x1
 12938 523c 2A       		.byte	0x2a
 12939 523d 1B       		.byte	0x1b
 12940 523e 25000000 		.4byte	0x25
 12941 5242 0D170000 		.4byte	.LLST1
 12942 5246 09170000 		.4byte	.LVUS1
 12943 524a 10       		.uleb128 0x10
 12944 524b 706F7300 		.ascii	"pos\000"
 12945 524f 01       		.byte	0x1
 12946 5250 2B       		.byte	0x2b
 12947 5251 0B       		.byte	0xb
 12948 5252 25000000 		.4byte	0x25
 12949 5256 33170000 		.4byte	.LLST2
 12950 525a 31170000 		.4byte	.LVUS2
 12951 525e 10       		.uleb128 0x10
 12952 525f 693100   		.ascii	"i1\000"
 12953 5262 01       		.byte	0x1
 12954 5263 2F       		.byte	0x2f
 12955 5264 0B       		.byte	0xb
 12956 5265 2C000000 		.4byte	0x2c
 12957 5269 4D170000 		.4byte	.LLST3
 12958 526d 47170000 		.4byte	.LVUS3
 12959 5271 19       		.uleb128 0x19
 12960 5272 83190000 		.4byte	.LASF402
 12961 5276 01       		.byte	0x1
 12962 5277 30       		.byte	0x30
 12963 5278 0B       		.byte	0xb
 12964 5279 25000000 		.4byte	0x25
 12965 527d 7C170000 		.4byte	.LLST4
 12966 5281 7A170000 		.4byte	.LVUS4
 12967 5285 10       		.uleb128 0x10
 12968 5286 693000   		.ascii	"i0\000"
 12969 5289 01       		.byte	0x1
 12970 528a 31       		.byte	0x31
 12971 528b 0B       		.byte	0xb
 12972 528c 2C000000 		.4byte	0x2c
 12973 5290 96170000 		.4byte	.LLST5
 12974 5294 90170000 		.4byte	.LVUS5
 12975 5298 10       		.uleb128 0x10
 12976 5299 693200   		.ascii	"i2\000"
 12977 529c 01       		.byte	0x1
 12978 529d 32       		.byte	0x32
 12979 529e 0B       		.byte	0xb
 12980 529f 2C000000 		.4byte	0x2c
ARM GAS  /tmp/cc3q4aVX.s 			page 229


 12981 52a3 EF170000 		.4byte	.LLST6
 12982 52a7 E9170000 		.4byte	.LVUS6
 12983 52ab 10       		.uleb128 0x10
 12984 52ac 693300   		.ascii	"i3\000"
 12985 52af 01       		.byte	0x1
 12986 52b0 33       		.byte	0x33
 12987 52b1 0B       		.byte	0xb
 12988 52b2 2C000000 		.4byte	0x2c
 12989 52b6 39180000 		.4byte	.LLST7
 12990 52ba 33180000 		.4byte	.LVUS7
 12991 52be 10       		.uleb128 0x10
 12992 52bf 703000   		.ascii	"p0\000"
 12993 52c2 01       		.byte	0x1
 12994 52c3 35       		.byte	0x35
 12995 52c4 0B       		.byte	0xb
 12996 52c5 25000000 		.4byte	0x25
 12997 52c9 81180000 		.4byte	.LLST8
 12998 52cd 7D180000 		.4byte	.LVUS8
 12999 52d1 10       		.uleb128 0x10
 13000 52d2 703100   		.ascii	"p1\000"
 13001 52d5 01       		.byte	0x1
 13002 52d6 35       		.byte	0x35
 13003 52d7 1A       		.byte	0x1a
 13004 52d8 25000000 		.4byte	0x25
 13005 52dc BF180000 		.4byte	.LLST9
 13006 52e0 BB180000 		.4byte	.LVUS9
 13007 52e4 10       		.uleb128 0x10
 13008 52e5 703200   		.ascii	"p2\000"
 13009 52e8 01       		.byte	0x1
 13010 52e9 35       		.byte	0x35
 13011 52ea 29       		.byte	0x29
 13012 52eb 25000000 		.4byte	0x25
 13013 52ef EA180000 		.4byte	.LLST10
 13014 52f3 E6180000 		.4byte	.LVUS10
 13015 52f7 10       		.uleb128 0x10
 13016 52f8 703300   		.ascii	"p3\000"
 13017 52fb 01       		.byte	0x1
 13018 52fc 35       		.byte	0x35
 13019 52fd 38       		.byte	0x38
 13020 52fe 25000000 		.4byte	0x25
 13021 5302 1E190000 		.4byte	.LLST11
 13022 5306 1A190000 		.4byte	.LVUS11
 13023 530a 10       		.uleb128 0x10
 13024 530b 633000   		.ascii	"c0\000"
 13025 530e 01       		.byte	0x1
 13026 530f 36       		.byte	0x36
 13027 5310 0B       		.byte	0xb
 13028 5311 25000000 		.4byte	0x25
 13029 5315 42190000 		.4byte	.LLST12
 13030 5319 3E190000 		.4byte	.LVUS12
 13031 531d 10       		.uleb128 0x10
 13032 531e 633100   		.ascii	"c1\000"
 13033 5321 01       		.byte	0x1
 13034 5322 37       		.byte	0x37
 13035 5323 0B       		.byte	0xb
 13036 5324 25000000 		.4byte	0x25
 13037 5328 6B190000 		.4byte	.LLST13
ARM GAS  /tmp/cc3q4aVX.s 			page 230


 13038 532c 69190000 		.4byte	.LVUS13
 13039 5330 10       		.uleb128 0x10
 13040 5331 633200   		.ascii	"c2\000"
 13041 5334 01       		.byte	0x1
 13042 5335 38       		.byte	0x38
 13043 5336 0B       		.byte	0xb
 13044 5337 25000000 		.4byte	0x25
 13045 533b 8B190000 		.4byte	.LLST14
 13046 533f 89190000 		.4byte	.LVUS14
 13047 5343 10       		.uleb128 0x10
 13048 5344 633300   		.ascii	"c3\000"
 13049 5347 01       		.byte	0x1
 13050 5348 39       		.byte	0x39
 13051 5349 0B       		.byte	0xb
 13052 534a 25000000 		.4byte	0x25
 13053 534e A1190000 		.4byte	.LLST15
 13054 5352 9F190000 		.4byte	.LVUS15
 13055 5356 00       		.byte	0
 13056 5357 13       		.uleb128 0x13
 13057 5358 EC350000 		.4byte	0x35ec
 13058 535c 65530000 		.4byte	0x5365
 13059 5360 03       		.byte	0x3
 13060 5361 79530000 		.4byte	0x5379
 13061 5365 11       		.uleb128 0x11
 13062 5366 C30F0000 		.4byte	.LASF608
 13063 536a C5360000 		.4byte	0x36c5
 13064 536e 14       		.uleb128 0x14
 13065 536f 7300     		.ascii	"s\000"
 13066 5371 01       		.byte	0x1
 13067 5372 16       		.byte	0x16
 13068 5373 14       		.byte	0x14
 13069 5374 25000000 		.4byte	0x25
 13070 5378 00       		.byte	0
 13071 5379 13       		.uleb128 0x13
 13072 537a C7350000 		.4byte	0x35c7
 13073 537e 87530000 		.4byte	0x5387
 13074 5382 03       		.byte	0x3
 13075 5383 A9530000 		.4byte	0x53a9
 13076 5387 11       		.uleb128 0x11
 13077 5388 C30F0000 		.4byte	.LASF608
 13078 538c C5360000 		.4byte	0x36c5
 13079 5390 14       		.uleb128 0x14
 13080 5391 62756600 		.ascii	"buf\000"
 13081 5395 01       		.byte	0x1
 13082 5396 0E       		.byte	0xe
 13083 5397 14       		.byte	0x14
 13084 5398 9B220000 		.4byte	0x229b
 13085 539c 14       		.uleb128 0x14
 13086 539d 6C656E00 		.ascii	"len\000"
 13087 53a1 01       		.byte	0x1
 13088 53a2 0E       		.byte	0xe
 13089 53a3 20       		.byte	0x20
 13090 53a4 B2150000 		.4byte	0x15b2
 13091 53a8 00       		.byte	0
 13092 53a9 13       		.uleb128 0x13
 13093 53aa A8350000 		.4byte	0x35a8
 13094 53ae B7530000 		.4byte	0x53b7
ARM GAS  /tmp/cc3q4aVX.s 			page 231


 13095 53b2 02       		.byte	0x2
 13096 53b3 C1530000 		.4byte	0x53c1
 13097 53b7 11       		.uleb128 0x11
 13098 53b8 C30F0000 		.4byte	.LASF608
 13099 53bc C5360000 		.4byte	0x36c5
 13100 53c0 00       		.byte	0
 13101 53c1 34       		.uleb128 0x34
 13102 53c2 A9530000 		.4byte	0x53a9
 13103 53c6 78160000 		.4byte	.LASF631
 13104 53ca D2530000 		.4byte	0x53d2
 13105 53ce D8530000 		.4byte	0x53d8
 13106 53d2 21       		.uleb128 0x21
 13107 53d3 B7530000 		.4byte	0x53b7
 13108 53d7 00       		.byte	0
 13109 53d8 58       		.uleb128 0x58
 13110 53d9 49000000 		.4byte	.LASF632
 13111 53dd 04       		.byte	0x4
 13112 53de 61       		.byte	0x61
 13113 53df 0E       		.byte	0xe
 13114 53e0 6E080000 		.4byte	.LASF633
 13115 53e4 25000000 		.4byte	0x25
 13116 53e8 03       		.byte	0x3
 13117 53e9 0C540000 		.4byte	0x540c
 13118 53ed 14       		.uleb128 0x14
 13119 53ee 6100     		.ascii	"a\000"
 13120 53f0 04       		.byte	0x4
 13121 53f1 61       		.byte	0x61
 13122 53f2 1A       		.byte	0x1a
 13123 53f3 25000000 		.4byte	0x25
 13124 53f7 14       		.uleb128 0x14
 13125 53f8 6200     		.ascii	"b\000"
 13126 53fa 04       		.byte	0x4
 13127 53fb 61       		.byte	0x61
 13128 53fc 23       		.byte	0x23
 13129 53fd 25000000 		.4byte	0x25
 13130 5401 14       		.uleb128 0x14
 13131 5402 7400     		.ascii	"t\000"
 13132 5404 04       		.byte	0x4
 13133 5405 61       		.byte	0x61
 13134 5406 2C       		.byte	0x2c
 13135 5407 25000000 		.4byte	0x25
 13136 540b 00       		.byte	0
 13137 540c 58       		.uleb128 0x58
 13138 540d 62140000 		.4byte	.LASF634
 13139 5411 04       		.byte	0x4
 13140 5412 5E       		.byte	0x5e
 13141 5413 0E       		.byte	0xe
 13142 5414 D7040000 		.4byte	.LASF635
 13143 5418 25000000 		.4byte	0x25
 13144 541c 03       		.byte	0x3
 13145 541d 42540000 		.4byte	0x5442
 13146 5421 14       		.uleb128 0x14
 13147 5422 7600     		.ascii	"v\000"
 13148 5424 04       		.byte	0x4
 13149 5425 5E       		.byte	0x5e
 13150 5426 1B       		.byte	0x1b
 13151 5427 25000000 		.4byte	0x25
ARM GAS  /tmp/cc3q4aVX.s 			page 232


 13152 542b 14       		.uleb128 0x14
 13153 542c 6C6F00   		.ascii	"lo\000"
 13154 542f 04       		.byte	0x4
 13155 5430 5E       		.byte	0x5e
 13156 5431 24       		.byte	0x24
 13157 5432 25000000 		.4byte	0x25
 13158 5436 14       		.uleb128 0x14
 13159 5437 686900   		.ascii	"hi\000"
 13160 543a 04       		.byte	0x4
 13161 543b 5E       		.byte	0x5e
 13162 543c 2E       		.byte	0x2e
 13163 543d 25000000 		.4byte	0x25
 13164 5441 00       		.byte	0
 13165 5442 8001     		.uleb128 0x80
 13166 5444 9F010000 		.4byte	.LASF637
 13167 5448 06       		.byte	0x6
 13168 5449 4D       		.byte	0x4d
 13169 544a 09       		.byte	0x9
 13170 544b 60000000 		.4byte	0x60
 13171 544f 03       		.byte	0x3
 13172 5450 77540000 		.4byte	0x5477
 13173 5454 14       		.uleb128 0x14
 13174 5455 6D696E00 		.ascii	"min\000"
 13175 5459 06       		.byte	0x6
 13176 545a 4D       		.byte	0x4d
 13177 545b 25       		.byte	0x25
 13178 545c 6C000000 		.4byte	0x6c
 13179 5460 14       		.uleb128 0x14
 13180 5461 7800     		.ascii	"x\000"
 13181 5463 06       		.byte	0x6
 13182 5464 4D       		.byte	0x4d
 13183 5465 38       		.byte	0x38
 13184 5466 6C000000 		.4byte	0x6c
 13185 546a 14       		.uleb128 0x14
 13186 546b 6D617800 		.ascii	"max\000"
 13187 546f 06       		.byte	0x6
 13188 5470 4D       		.byte	0x4d
 13189 5471 49       		.byte	0x49
 13190 5472 6C000000 		.4byte	0x6c
 13191 5476 00       		.byte	0
 13192 5477 17       		.uleb128 0x17
 13193 5478 02       		.byte	0x2
 13194 5479 10       		.byte	0x10
 13195 547a D01D0000 		.4byte	.LASF638
 13196 547e 17       		.uleb128 0x17
 13197 547f 04       		.byte	0x4
 13198 5480 10       		.byte	0x10
 13199 5481 C80F0000 		.4byte	.LASF639
 13200 5485 8101     		.uleb128 0x81
 13201 5487 074D0000 		.4byte	0x4d07
 13202 548b C9010000 		.4byte	.LASF534
 13203 548f 00000000 		.4byte	.LFB512
 13204 5493 54000000 		.4byte	.LFE512-.LFB512
 13205 5497 01       		.uleb128 0x1
 13206 5498 9C       		.byte	0x9c
 13207 5499 B9540000 		.4byte	0x54b9
 13208 549d 38       		.uleb128 0x38
ARM GAS  /tmp/cc3q4aVX.s 			page 233


 13209 549e 154D0000 		.4byte	0x4d15
 13210 54a2 01       		.uleb128 0x1
 13211 54a3 50       		.byte	0x50
 13212 54a4 38       		.uleb128 0x38
 13213 54a5 1E4D0000 		.4byte	0x4d1e
 13214 54a9 01       		.uleb128 0x1
 13215 54aa 51       		.byte	0x51
 13216 54ab 22       		.uleb128 0x22
 13217 54ac 2A4D0000 		.4byte	0x4d2a
 13218 54b0 B7190000 		.4byte	.LLST49
 13219 54b4 B5190000 		.4byte	.LVUS49
 13220 54b8 00       		.byte	0
 13221 54b9 8201     		.uleb128 0x82
 13222 54bb DC420000 		.4byte	0x42dc
 13223 54bf 14000000 		.4byte	.LFB541
 13224 54c3 02000000 		.4byte	.LFE541-.LFB541
 13225 54c7 01       		.uleb128 0x1
 13226 54c8 9C       		.byte	0x9c
 13227 54c9 8301     		.uleb128 0x83
 13228 54cb C3080000 		.4byte	.LASF663
 13229 54cf E4040000 		.4byte	.LASF664
 13230 54d3 59       		.uleb128 0x59
 13231 54d4 C91E0000 		.4byte	.LASF640
 13232 54d8 201A0000 		.4byte	.LASF642
 13233 54dc 04       		.byte	0x4
 13234 54dd 4C       		.byte	0x4c
 13235 54de 06       		.byte	0x6
 13236 54df 59       		.uleb128 0x59
 13237 54e0 361C0000 		.4byte	.LASF641
 13238 54e4 5A0C0000 		.4byte	.LASF643
 13239 54e8 04       		.byte	0x4
 13240 54e9 4D       		.byte	0x4d
 13241 54ea 06       		.byte	0x6
 13242 54eb 5A       		.uleb128 0x5a
 13243 54ec E5090000 		.4byte	.LASF644
 13244 54f0 E5090000 		.4byte	.LASF644
 13245 54f4 13       		.byte	0x13
 13246 54f5 5A01     		.2byte	0x15a
 13247 54f7 0E       		.byte	0xe
 13248 54f8 5A       		.uleb128 0x5a
 13249 54f9 B4080000 		.4byte	.LASF645
 13250 54fd B4080000 		.4byte	.LASF645
 13251 5501 13       		.byte	0x13
 13252 5502 5901     		.2byte	0x159
 13253 5504 0E       		.byte	0xe
 13254 5505 00       		.byte	0
 13255              		.section	.debug_abbrev,"",%progbits
 13256              	.Ldebug_abbrev0:
 13257 0000 01       		.uleb128 0x1
 13258 0001 05       		.uleb128 0x5
 13259 0002 00       		.byte	0
 13260 0003 49       		.uleb128 0x49
 13261 0004 13       		.uleb128 0x13
 13262 0005 00       		.byte	0
 13263 0006 00       		.byte	0
 13264 0007 02       		.uleb128 0x2
 13265 0008 08       		.uleb128 0x8
ARM GAS  /tmp/cc3q4aVX.s 			page 234


 13266 0009 00       		.byte	0
 13267 000a 3A       		.uleb128 0x3a
 13268 000b 0B       		.uleb128 0xb
 13269 000c 3B       		.uleb128 0x3b
 13270 000d 0B       		.uleb128 0xb
 13271 000e 39       		.uleb128 0x39
 13272 000f 0B       		.uleb128 0xb
 13273 0010 18       		.uleb128 0x18
 13274 0011 13       		.uleb128 0x13
 13275 0012 00       		.byte	0
 13276 0013 00       		.byte	0
 13277 0014 03       		.uleb128 0x3
 13278 0015 2E       		.uleb128 0x2e
 13279 0016 01       		.byte	0x1
 13280 0017 3F       		.uleb128 0x3f
 13281 0018 19       		.uleb128 0x19
 13282 0019 03       		.uleb128 0x3
 13283 001a 0E       		.uleb128 0xe
 13284 001b 3A       		.uleb128 0x3a
 13285 001c 0B       		.uleb128 0xb
 13286 001d 3B       		.uleb128 0x3b
 13287 001e 05       		.uleb128 0x5
 13288 001f 39       		.uleb128 0x39
 13289 0020 0B       		.uleb128 0xb
 13290 0021 6E       		.uleb128 0x6e
 13291 0022 0E       		.uleb128 0xe
 13292 0023 49       		.uleb128 0x49
 13293 0024 13       		.uleb128 0x13
 13294 0025 3C       		.uleb128 0x3c
 13295 0026 19       		.uleb128 0x19
 13296 0027 01       		.uleb128 0x1
 13297 0028 13       		.uleb128 0x13
 13298 0029 00       		.byte	0
 13299 002a 00       		.byte	0
 13300 002b 04       		.uleb128 0x4
 13301 002c 05       		.uleb128 0x5
 13302 002d 00       		.byte	0
 13303 002e 31       		.uleb128 0x31
 13304 002f 13       		.uleb128 0x13
 13305 0030 02       		.uleb128 0x2
 13306 0031 17       		.uleb128 0x17
 13307 0032 B742     		.uleb128 0x2137
 13308 0034 17       		.uleb128 0x17
 13309 0035 00       		.byte	0
 13310 0036 00       		.byte	0
 13311 0037 05       		.uleb128 0x5
 13312 0038 0D       		.uleb128 0xd
 13313 0039 00       		.byte	0
 13314 003a 03       		.uleb128 0x3
 13315 003b 0E       		.uleb128 0xe
 13316 003c 3A       		.uleb128 0x3a
 13317 003d 0B       		.uleb128 0xb
 13318 003e 3B       		.uleb128 0x3b
 13319 003f 05       		.uleb128 0x5
 13320 0040 39       		.uleb128 0x39
 13321 0041 0B       		.uleb128 0xb
 13322 0042 49       		.uleb128 0x49
ARM GAS  /tmp/cc3q4aVX.s 			page 235


 13323 0043 13       		.uleb128 0x13
 13324 0044 38       		.uleb128 0x38
 13325 0045 0B       		.uleb128 0xb
 13326 0046 00       		.byte	0
 13327 0047 00       		.byte	0
 13328 0048 06       		.uleb128 0x6
 13329 0049 0D       		.uleb128 0xd
 13330 004a 00       		.byte	0
 13331 004b 03       		.uleb128 0x3
 13332 004c 0E       		.uleb128 0xe
 13333 004d 3A       		.uleb128 0x3a
 13334 004e 0B       		.uleb128 0xb
 13335 004f 3B       		.uleb128 0x3b
 13336 0050 0B       		.uleb128 0xb
 13337 0051 39       		.uleb128 0x39
 13338 0052 0B       		.uleb128 0xb
 13339 0053 49       		.uleb128 0x49
 13340 0054 13       		.uleb128 0x13
 13341 0055 38       		.uleb128 0x38
 13342 0056 0B       		.uleb128 0xb
 13343 0057 00       		.byte	0
 13344 0058 00       		.byte	0
 13345 0059 07       		.uleb128 0x7
 13346 005a 8A8201   		.uleb128 0x410a
 13347 005d 00       		.byte	0
 13348 005e 02       		.uleb128 0x2
 13349 005f 18       		.uleb128 0x18
 13350 0060 9142     		.uleb128 0x2111
 13351 0062 18       		.uleb128 0x18
 13352 0063 00       		.byte	0
 13353 0064 00       		.byte	0
 13354 0065 08       		.uleb128 0x8
 13355 0066 16       		.uleb128 0x16
 13356 0067 00       		.byte	0
 13357 0068 03       		.uleb128 0x3
 13358 0069 0E       		.uleb128 0xe
 13359 006a 3A       		.uleb128 0x3a
 13360 006b 0B       		.uleb128 0xb
 13361 006c 3B       		.uleb128 0x3b
 13362 006d 0B       		.uleb128 0xb
 13363 006e 39       		.uleb128 0x39
 13364 006f 0B       		.uleb128 0xb
 13365 0070 49       		.uleb128 0x49
 13366 0071 13       		.uleb128 0x13
 13367 0072 00       		.byte	0
 13368 0073 00       		.byte	0
 13369 0074 09       		.uleb128 0x9
 13370 0075 0F       		.uleb128 0xf
 13371 0076 00       		.byte	0
 13372 0077 0B       		.uleb128 0xb
 13373 0078 0B       		.uleb128 0xb
 13374 0079 49       		.uleb128 0x49
 13375 007a 13       		.uleb128 0x13
 13376 007b 00       		.byte	0
 13377 007c 00       		.byte	0
 13378 007d 0A       		.uleb128 0xa
 13379 007e 2E       		.uleb128 0x2e
ARM GAS  /tmp/cc3q4aVX.s 			page 236


 13380 007f 01       		.byte	0x1
 13381 0080 3F       		.uleb128 0x3f
 13382 0081 19       		.uleb128 0x19
 13383 0082 03       		.uleb128 0x3
 13384 0083 0E       		.uleb128 0xe
 13385 0084 3A       		.uleb128 0x3a
 13386 0085 0B       		.uleb128 0xb
 13387 0086 3B       		.uleb128 0x3b
 13388 0087 0B       		.uleb128 0xb
 13389 0088 39       		.uleb128 0x39
 13390 0089 0B       		.uleb128 0xb
 13391 008a 49       		.uleb128 0x49
 13392 008b 13       		.uleb128 0x13
 13393 008c 3C       		.uleb128 0x3c
 13394 008d 19       		.uleb128 0x19
 13395 008e 01       		.uleb128 0x1
 13396 008f 13       		.uleb128 0x13
 13397 0090 00       		.byte	0
 13398 0091 00       		.byte	0
 13399 0092 0B       		.uleb128 0xb
 13400 0093 2E       		.uleb128 0x2e
 13401 0094 01       		.byte	0x1
 13402 0095 3F       		.uleb128 0x3f
 13403 0096 19       		.uleb128 0x19
 13404 0097 03       		.uleb128 0x3
 13405 0098 0E       		.uleb128 0xe
 13406 0099 3A       		.uleb128 0x3a
 13407 009a 0B       		.uleb128 0xb
 13408 009b 3B       		.uleb128 0x3b
 13409 009c 05       		.uleb128 0x5
 13410 009d 39       		.uleb128 0x39
 13411 009e 0B       		.uleb128 0xb
 13412 009f 49       		.uleb128 0x49
 13413 00a0 13       		.uleb128 0x13
 13414 00a1 3C       		.uleb128 0x3c
 13415 00a2 19       		.uleb128 0x19
 13416 00a3 01       		.uleb128 0x1
 13417 00a4 13       		.uleb128 0x13
 13418 00a5 00       		.byte	0
 13419 00a6 00       		.byte	0
 13420 00a7 0C       		.uleb128 0xc
 13421 00a8 01       		.uleb128 0x1
 13422 00a9 01       		.byte	0x1
 13423 00aa 49       		.uleb128 0x49
 13424 00ab 13       		.uleb128 0x13
 13425 00ac 01       		.uleb128 0x1
 13426 00ad 13       		.uleb128 0x13
 13427 00ae 00       		.byte	0
 13428 00af 00       		.byte	0
 13429 00b0 0D       		.uleb128 0xd
 13430 00b1 05       		.uleb128 0x5
 13431 00b2 00       		.byte	0
 13432 00b3 49       		.uleb128 0x49
 13433 00b4 13       		.uleb128 0x13
 13434 00b5 34       		.uleb128 0x34
 13435 00b6 19       		.uleb128 0x19
 13436 00b7 00       		.byte	0
ARM GAS  /tmp/cc3q4aVX.s 			page 237


 13437 00b8 00       		.byte	0
 13438 00b9 0E       		.uleb128 0xe
 13439 00ba 26       		.uleb128 0x26
 13440 00bb 00       		.byte	0
 13441 00bc 49       		.uleb128 0x49
 13442 00bd 13       		.uleb128 0x13
 13443 00be 00       		.byte	0
 13444 00bf 00       		.byte	0
 13445 00c0 0F       		.uleb128 0xf
 13446 00c1 21       		.uleb128 0x21
 13447 00c2 00       		.byte	0
 13448 00c3 49       		.uleb128 0x49
 13449 00c4 13       		.uleb128 0x13
 13450 00c5 2F       		.uleb128 0x2f
 13451 00c6 0B       		.uleb128 0xb
 13452 00c7 00       		.byte	0
 13453 00c8 00       		.byte	0
 13454 00c9 10       		.uleb128 0x10
 13455 00ca 34       		.uleb128 0x34
 13456 00cb 00       		.byte	0
 13457 00cc 03       		.uleb128 0x3
 13458 00cd 08       		.uleb128 0x8
 13459 00ce 3A       		.uleb128 0x3a
 13460 00cf 0B       		.uleb128 0xb
 13461 00d0 3B       		.uleb128 0x3b
 13462 00d1 0B       		.uleb128 0xb
 13463 00d2 39       		.uleb128 0x39
 13464 00d3 0B       		.uleb128 0xb
 13465 00d4 49       		.uleb128 0x49
 13466 00d5 13       		.uleb128 0x13
 13467 00d6 02       		.uleb128 0x2
 13468 00d7 17       		.uleb128 0x17
 13469 00d8 B742     		.uleb128 0x2137
 13470 00da 17       		.uleb128 0x17
 13471 00db 00       		.byte	0
 13472 00dc 00       		.byte	0
 13473 00dd 11       		.uleb128 0x11
 13474 00de 05       		.uleb128 0x5
 13475 00df 00       		.byte	0
 13476 00e0 03       		.uleb128 0x3
 13477 00e1 0E       		.uleb128 0xe
 13478 00e2 49       		.uleb128 0x49
 13479 00e3 13       		.uleb128 0x13
 13480 00e4 34       		.uleb128 0x34
 13481 00e5 19       		.uleb128 0x19
 13482 00e6 00       		.byte	0
 13483 00e7 00       		.byte	0
 13484 00e8 12       		.uleb128 0x12
 13485 00e9 0D       		.uleb128 0xd
 13486 00ea 00       		.byte	0
 13487 00eb 03       		.uleb128 0x3
 13488 00ec 08       		.uleb128 0x8
 13489 00ed 3A       		.uleb128 0x3a
 13490 00ee 0B       		.uleb128 0xb
 13491 00ef 3B       		.uleb128 0x3b
 13492 00f0 0B       		.uleb128 0xb
 13493 00f1 39       		.uleb128 0x39
ARM GAS  /tmp/cc3q4aVX.s 			page 238


 13494 00f2 0B       		.uleb128 0xb
 13495 00f3 49       		.uleb128 0x49
 13496 00f4 13       		.uleb128 0x13
 13497 00f5 38       		.uleb128 0x38
 13498 00f6 0B       		.uleb128 0xb
 13499 00f7 00       		.byte	0
 13500 00f8 00       		.byte	0
 13501 00f9 13       		.uleb128 0x13
 13502 00fa 2E       		.uleb128 0x2e
 13503 00fb 01       		.byte	0x1
 13504 00fc 47       		.uleb128 0x47
 13505 00fd 13       		.uleb128 0x13
 13506 00fe 64       		.uleb128 0x64
 13507 00ff 13       		.uleb128 0x13
 13508 0100 20       		.uleb128 0x20
 13509 0101 0B       		.uleb128 0xb
 13510 0102 01       		.uleb128 0x1
 13511 0103 13       		.uleb128 0x13
 13512 0104 00       		.byte	0
 13513 0105 00       		.byte	0
 13514 0106 14       		.uleb128 0x14
 13515 0107 05       		.uleb128 0x5
 13516 0108 00       		.byte	0
 13517 0109 03       		.uleb128 0x3
 13518 010a 08       		.uleb128 0x8
 13519 010b 3A       		.uleb128 0x3a
 13520 010c 0B       		.uleb128 0xb
 13521 010d 3B       		.uleb128 0x3b
 13522 010e 0B       		.uleb128 0xb
 13523 010f 39       		.uleb128 0x39
 13524 0110 0B       		.uleb128 0xb
 13525 0111 49       		.uleb128 0x49
 13526 0112 13       		.uleb128 0x13
 13527 0113 00       		.byte	0
 13528 0114 00       		.byte	0
 13529 0115 15       		.uleb128 0x15
 13530 0116 34       		.uleb128 0x34
 13531 0117 00       		.byte	0
 13532 0118 03       		.uleb128 0x3
 13533 0119 0E       		.uleb128 0xe
 13534 011a 3A       		.uleb128 0x3a
 13535 011b 0B       		.uleb128 0xb
 13536 011c 3B       		.uleb128 0x3b
 13537 011d 05       		.uleb128 0x5
 13538 011e 39       		.uleb128 0x39
 13539 011f 0B       		.uleb128 0xb
 13540 0120 49       		.uleb128 0x49
 13541 0121 13       		.uleb128 0x13
 13542 0122 3F       		.uleb128 0x3f
 13543 0123 19       		.uleb128 0x19
 13544 0124 3C       		.uleb128 0x3c
 13545 0125 19       		.uleb128 0x19
 13546 0126 00       		.byte	0
 13547 0127 00       		.byte	0
 13548 0128 16       		.uleb128 0x16
 13549 0129 2E       		.uleb128 0x2e
 13550 012a 01       		.byte	0x1
ARM GAS  /tmp/cc3q4aVX.s 			page 239


 13551 012b 3F       		.uleb128 0x3f
 13552 012c 19       		.uleb128 0x19
 13553 012d 03       		.uleb128 0x3
 13554 012e 0E       		.uleb128 0xe
 13555 012f 3A       		.uleb128 0x3a
 13556 0130 0B       		.uleb128 0xb
 13557 0131 3B       		.uleb128 0x3b
 13558 0132 0B       		.uleb128 0xb
 13559 0133 39       		.uleb128 0x39
 13560 0134 0B       		.uleb128 0xb
 13561 0135 6E       		.uleb128 0x6e
 13562 0136 0E       		.uleb128 0xe
 13563 0137 32       		.uleb128 0x32
 13564 0138 0B       		.uleb128 0xb
 13565 0139 3C       		.uleb128 0x3c
 13566 013a 19       		.uleb128 0x19
 13567 013b 64       		.uleb128 0x64
 13568 013c 13       		.uleb128 0x13
 13569 013d 01       		.uleb128 0x1
 13570 013e 13       		.uleb128 0x13
 13571 013f 00       		.byte	0
 13572 0140 00       		.byte	0
 13573 0141 17       		.uleb128 0x17
 13574 0142 24       		.uleb128 0x24
 13575 0143 00       		.byte	0
 13576 0144 0B       		.uleb128 0xb
 13577 0145 0B       		.uleb128 0xb
 13578 0146 3E       		.uleb128 0x3e
 13579 0147 0B       		.uleb128 0xb
 13580 0148 03       		.uleb128 0x3
 13581 0149 0E       		.uleb128 0xe
 13582 014a 00       		.byte	0
 13583 014b 00       		.byte	0
 13584 014c 18       		.uleb128 0x18
 13585 014d 898201   		.uleb128 0x4109
 13586 0150 01       		.byte	0x1
 13587 0151 11       		.uleb128 0x11
 13588 0152 01       		.uleb128 0x1
 13589 0153 31       		.uleb128 0x31
 13590 0154 13       		.uleb128 0x13
 13591 0155 00       		.byte	0
 13592 0156 00       		.byte	0
 13593 0157 19       		.uleb128 0x19
 13594 0158 34       		.uleb128 0x34
 13595 0159 00       		.byte	0
 13596 015a 03       		.uleb128 0x3
 13597 015b 0E       		.uleb128 0xe
 13598 015c 3A       		.uleb128 0x3a
 13599 015d 0B       		.uleb128 0xb
 13600 015e 3B       		.uleb128 0x3b
 13601 015f 0B       		.uleb128 0xb
 13602 0160 39       		.uleb128 0x39
 13603 0161 0B       		.uleb128 0xb
 13604 0162 49       		.uleb128 0x49
 13605 0163 13       		.uleb128 0x13
 13606 0164 02       		.uleb128 0x2
 13607 0165 17       		.uleb128 0x17
ARM GAS  /tmp/cc3q4aVX.s 			page 240


 13608 0166 B742     		.uleb128 0x2137
 13609 0168 17       		.uleb128 0x17
 13610 0169 00       		.byte	0
 13611 016a 00       		.byte	0
 13612 016b 1A       		.uleb128 0x1a
 13613 016c 898201   		.uleb128 0x4109
 13614 016f 01       		.byte	0x1
 13615 0170 11       		.uleb128 0x11
 13616 0171 01       		.uleb128 0x1
 13617 0172 31       		.uleb128 0x31
 13618 0173 13       		.uleb128 0x13
 13619 0174 01       		.uleb128 0x1
 13620 0175 13       		.uleb128 0x13
 13621 0176 00       		.byte	0
 13622 0177 00       		.byte	0
 13623 0178 1B       		.uleb128 0x1b
 13624 0179 1D       		.uleb128 0x1d
 13625 017a 01       		.byte	0x1
 13626 017b 31       		.uleb128 0x31
 13627 017c 13       		.uleb128 0x13
 13628 017d 52       		.uleb128 0x52
 13629 017e 01       		.uleb128 0x1
 13630 017f B842     		.uleb128 0x2138
 13631 0181 0B       		.uleb128 0xb
 13632 0182 55       		.uleb128 0x55
 13633 0183 17       		.uleb128 0x17
 13634 0184 58       		.uleb128 0x58
 13635 0185 0B       		.uleb128 0xb
 13636 0186 59       		.uleb128 0x59
 13637 0187 0B       		.uleb128 0xb
 13638 0188 57       		.uleb128 0x57
 13639 0189 0B       		.uleb128 0xb
 13640 018a 01       		.uleb128 0x1
 13641 018b 13       		.uleb128 0x13
 13642 018c 00       		.byte	0
 13643 018d 00       		.byte	0
 13644 018e 1C       		.uleb128 0x1c
 13645 018f 2E       		.uleb128 0x2e
 13646 0190 01       		.byte	0x1
 13647 0191 3F       		.uleb128 0x3f
 13648 0192 19       		.uleb128 0x19
 13649 0193 03       		.uleb128 0x3
 13650 0194 0E       		.uleb128 0xe
 13651 0195 3A       		.uleb128 0x3a
 13652 0196 0B       		.uleb128 0xb
 13653 0197 3B       		.uleb128 0x3b
 13654 0198 0B       		.uleb128 0xb
 13655 0199 39       		.uleb128 0x39
 13656 019a 0B       		.uleb128 0xb
 13657 019b 6E       		.uleb128 0x6e
 13658 019c 0E       		.uleb128 0xe
 13659 019d 49       		.uleb128 0x49
 13660 019e 13       		.uleb128 0x13
 13661 019f 3C       		.uleb128 0x3c
 13662 01a0 19       		.uleb128 0x19
 13663 01a1 01       		.uleb128 0x1
 13664 01a2 13       		.uleb128 0x13
ARM GAS  /tmp/cc3q4aVX.s 			page 241


 13665 01a3 00       		.byte	0
 13666 01a4 00       		.byte	0
 13667 01a5 1D       		.uleb128 0x1d
 13668 01a6 2E       		.uleb128 0x2e
 13669 01a7 01       		.byte	0x1
 13670 01a8 3F       		.uleb128 0x3f
 13671 01a9 19       		.uleb128 0x19
 13672 01aa 03       		.uleb128 0x3
 13673 01ab 0E       		.uleb128 0xe
 13674 01ac 3A       		.uleb128 0x3a
 13675 01ad 0B       		.uleb128 0xb
 13676 01ae 3B       		.uleb128 0x3b
 13677 01af 0B       		.uleb128 0xb
 13678 01b0 39       		.uleb128 0x39
 13679 01b1 0B       		.uleb128 0xb
 13680 01b2 6E       		.uleb128 0x6e
 13681 01b3 0E       		.uleb128 0xe
 13682 01b4 49       		.uleb128 0x49
 13683 01b5 13       		.uleb128 0x13
 13684 01b6 32       		.uleb128 0x32
 13685 01b7 0B       		.uleb128 0xb
 13686 01b8 3C       		.uleb128 0x3c
 13687 01b9 19       		.uleb128 0x19
 13688 01ba 64       		.uleb128 0x64
 13689 01bb 13       		.uleb128 0x13
 13690 01bc 01       		.uleb128 0x1
 13691 01bd 13       		.uleb128 0x13
 13692 01be 00       		.byte	0
 13693 01bf 00       		.byte	0
 13694 01c0 1E       		.uleb128 0x1e
 13695 01c1 05       		.uleb128 0x5
 13696 01c2 00       		.byte	0
 13697 01c3 03       		.uleb128 0x3
 13698 01c4 0E       		.uleb128 0xe
 13699 01c5 3A       		.uleb128 0x3a
 13700 01c6 0B       		.uleb128 0xb
 13701 01c7 3B       		.uleb128 0x3b
 13702 01c8 0B       		.uleb128 0xb
 13703 01c9 39       		.uleb128 0x39
 13704 01ca 0B       		.uleb128 0xb
 13705 01cb 49       		.uleb128 0x49
 13706 01cc 13       		.uleb128 0x13
 13707 01cd 00       		.byte	0
 13708 01ce 00       		.byte	0
 13709 01cf 1F       		.uleb128 0x1f
 13710 01d0 05       		.uleb128 0x5
 13711 01d1 00       		.byte	0
 13712 01d2 03       		.uleb128 0x3
 13713 01d3 08       		.uleb128 0x8
 13714 01d4 3A       		.uleb128 0x3a
 13715 01d5 0B       		.uleb128 0xb
 13716 01d6 3B       		.uleb128 0x3b
 13717 01d7 0B       		.uleb128 0xb
 13718 01d8 39       		.uleb128 0x39
 13719 01d9 0B       		.uleb128 0xb
 13720 01da 49       		.uleb128 0x49
 13721 01db 13       		.uleb128 0x13
ARM GAS  /tmp/cc3q4aVX.s 			page 242


 13722 01dc 02       		.uleb128 0x2
 13723 01dd 17       		.uleb128 0x17
 13724 01de B742     		.uleb128 0x2137
 13725 01e0 17       		.uleb128 0x17
 13726 01e1 00       		.byte	0
 13727 01e2 00       		.byte	0
 13728 01e3 20       		.uleb128 0x20
 13729 01e4 2E       		.uleb128 0x2e
 13730 01e5 01       		.byte	0x1
 13731 01e6 3F       		.uleb128 0x3f
 13732 01e7 19       		.uleb128 0x19
 13733 01e8 03       		.uleb128 0x3
 13734 01e9 08       		.uleb128 0x8
 13735 01ea 3A       		.uleb128 0x3a
 13736 01eb 0B       		.uleb128 0xb
 13737 01ec 3B       		.uleb128 0x3b
 13738 01ed 05       		.uleb128 0x5
 13739 01ee 39       		.uleb128 0x39
 13740 01ef 0B       		.uleb128 0xb
 13741 01f0 6E       		.uleb128 0x6e
 13742 01f1 0E       		.uleb128 0xe
 13743 01f2 49       		.uleb128 0x49
 13744 01f3 13       		.uleb128 0x13
 13745 01f4 3C       		.uleb128 0x3c
 13746 01f5 19       		.uleb128 0x19
 13747 01f6 01       		.uleb128 0x1
 13748 01f7 13       		.uleb128 0x13
 13749 01f8 00       		.byte	0
 13750 01f9 00       		.byte	0
 13751 01fa 21       		.uleb128 0x21
 13752 01fb 05       		.uleb128 0x5
 13753 01fc 00       		.byte	0
 13754 01fd 31       		.uleb128 0x31
 13755 01fe 13       		.uleb128 0x13
 13756 01ff 00       		.byte	0
 13757 0200 00       		.byte	0
 13758 0201 22       		.uleb128 0x22
 13759 0202 34       		.uleb128 0x34
 13760 0203 00       		.byte	0
 13761 0204 31       		.uleb128 0x31
 13762 0205 13       		.uleb128 0x13
 13763 0206 02       		.uleb128 0x2
 13764 0207 17       		.uleb128 0x17
 13765 0208 B742     		.uleb128 0x2137
 13766 020a 17       		.uleb128 0x17
 13767 020b 00       		.byte	0
 13768 020c 00       		.byte	0
 13769 020d 23       		.uleb128 0x23
 13770 020e 0D       		.uleb128 0xd
 13771 020f 00       		.byte	0
 13772 0210 03       		.uleb128 0x3
 13773 0211 0E       		.uleb128 0xe
 13774 0212 3A       		.uleb128 0x3a
 13775 0213 0B       		.uleb128 0xb
 13776 0214 3B       		.uleb128 0x3b
 13777 0215 05       		.uleb128 0x5
 13778 0216 39       		.uleb128 0x39
ARM GAS  /tmp/cc3q4aVX.s 			page 243


 13779 0217 0B       		.uleb128 0xb
 13780 0218 49       		.uleb128 0x49
 13781 0219 13       		.uleb128 0x13
 13782 021a 38       		.uleb128 0x38
 13783 021b 05       		.uleb128 0x5
 13784 021c 00       		.byte	0
 13785 021d 00       		.byte	0
 13786 021e 24       		.uleb128 0x24
 13787 021f 34       		.uleb128 0x34
 13788 0220 00       		.byte	0
 13789 0221 03       		.uleb128 0x3
 13790 0222 0E       		.uleb128 0xe
 13791 0223 3A       		.uleb128 0x3a
 13792 0224 0B       		.uleb128 0xb
 13793 0225 3B       		.uleb128 0x3b
 13794 0226 0B       		.uleb128 0xb
 13795 0227 39       		.uleb128 0x39
 13796 0228 0B       		.uleb128 0xb
 13797 0229 49       		.uleb128 0x49
 13798 022a 13       		.uleb128 0x13
 13799 022b 3F       		.uleb128 0x3f
 13800 022c 19       		.uleb128 0x19
 13801 022d 3C       		.uleb128 0x3c
 13802 022e 19       		.uleb128 0x19
 13803 022f 00       		.byte	0
 13804 0230 00       		.byte	0
 13805 0231 25       		.uleb128 0x25
 13806 0232 1D       		.uleb128 0x1d
 13807 0233 01       		.byte	0x1
 13808 0234 31       		.uleb128 0x31
 13809 0235 13       		.uleb128 0x13
 13810 0236 52       		.uleb128 0x52
 13811 0237 01       		.uleb128 0x1
 13812 0238 B842     		.uleb128 0x2138
 13813 023a 0B       		.uleb128 0xb
 13814 023b 55       		.uleb128 0x55
 13815 023c 17       		.uleb128 0x17
 13816 023d 58       		.uleb128 0x58
 13817 023e 0B       		.uleb128 0xb
 13818 023f 59       		.uleb128 0x59
 13819 0240 0B       		.uleb128 0xb
 13820 0241 57       		.uleb128 0x57
 13821 0242 0B       		.uleb128 0xb
 13822 0243 00       		.byte	0
 13823 0244 00       		.byte	0
 13824 0245 26       		.uleb128 0x26
 13825 0246 2E       		.uleb128 0x2e
 13826 0247 01       		.byte	0x1
 13827 0248 3F       		.uleb128 0x3f
 13828 0249 19       		.uleb128 0x19
 13829 024a 03       		.uleb128 0x3
 13830 024b 08       		.uleb128 0x8
 13831 024c 3A       		.uleb128 0x3a
 13832 024d 0B       		.uleb128 0xb
 13833 024e 3B       		.uleb128 0x3b
 13834 024f 0B       		.uleb128 0xb
 13835 0250 39       		.uleb128 0x39
ARM GAS  /tmp/cc3q4aVX.s 			page 244


 13836 0251 0B       		.uleb128 0xb
 13837 0252 6E       		.uleb128 0x6e
 13838 0253 0E       		.uleb128 0xe
 13839 0254 49       		.uleb128 0x49
 13840 0255 13       		.uleb128 0x13
 13841 0256 3C       		.uleb128 0x3c
 13842 0257 19       		.uleb128 0x19
 13843 0258 01       		.uleb128 0x1
 13844 0259 13       		.uleb128 0x13
 13845 025a 00       		.byte	0
 13846 025b 00       		.byte	0
 13847 025c 27       		.uleb128 0x27
 13848 025d 05       		.uleb128 0x5
 13849 025e 00       		.byte	0
 13850 025f 03       		.uleb128 0x3
 13851 0260 0E       		.uleb128 0xe
 13852 0261 3A       		.uleb128 0x3a
 13853 0262 0B       		.uleb128 0xb
 13854 0263 3B       		.uleb128 0x3b
 13855 0264 0B       		.uleb128 0xb
 13856 0265 39       		.uleb128 0x39
 13857 0266 0B       		.uleb128 0xb
 13858 0267 49       		.uleb128 0x49
 13859 0268 13       		.uleb128 0x13
 13860 0269 02       		.uleb128 0x2
 13861 026a 17       		.uleb128 0x17
 13862 026b B742     		.uleb128 0x2137
 13863 026d 17       		.uleb128 0x17
 13864 026e 00       		.byte	0
 13865 026f 00       		.byte	0
 13866 0270 28       		.uleb128 0x28
 13867 0271 2E       		.uleb128 0x2e
 13868 0272 01       		.byte	0x1
 13869 0273 3F       		.uleb128 0x3f
 13870 0274 19       		.uleb128 0x19
 13871 0275 03       		.uleb128 0x3
 13872 0276 08       		.uleb128 0x8
 13873 0277 3A       		.uleb128 0x3a
 13874 0278 0B       		.uleb128 0xb
 13875 0279 3B       		.uleb128 0x3b
 13876 027a 0B       		.uleb128 0xb
 13877 027b 39       		.uleb128 0x39
 13878 027c 0B       		.uleb128 0xb
 13879 027d 49       		.uleb128 0x49
 13880 027e 13       		.uleb128 0x13
 13881 027f 3C       		.uleb128 0x3c
 13882 0280 19       		.uleb128 0x19
 13883 0281 01       		.uleb128 0x1
 13884 0282 13       		.uleb128 0x13
 13885 0283 00       		.byte	0
 13886 0284 00       		.byte	0
 13887 0285 29       		.uleb128 0x29
 13888 0286 0B       		.uleb128 0xb
 13889 0287 01       		.byte	0x1
 13890 0288 55       		.uleb128 0x55
 13891 0289 17       		.uleb128 0x17
 13892 028a 00       		.byte	0
ARM GAS  /tmp/cc3q4aVX.s 			page 245


 13893 028b 00       		.byte	0
 13894 028c 2A       		.uleb128 0x2a
 13895 028d 2E       		.uleb128 0x2e
 13896 028e 01       		.byte	0x1
 13897 028f 47       		.uleb128 0x47
 13898 0290 13       		.uleb128 0x13
 13899 0291 64       		.uleb128 0x64
 13900 0292 13       		.uleb128 0x13
 13901 0293 11       		.uleb128 0x11
 13902 0294 01       		.uleb128 0x1
 13903 0295 12       		.uleb128 0x12
 13904 0296 06       		.uleb128 0x6
 13905 0297 40       		.uleb128 0x40
 13906 0298 18       		.uleb128 0x18
 13907 0299 9742     		.uleb128 0x2117
 13908 029b 19       		.uleb128 0x19
 13909 029c 01       		.uleb128 0x1
 13910 029d 13       		.uleb128 0x13
 13911 029e 00       		.byte	0
 13912 029f 00       		.byte	0
 13913 02a0 2B       		.uleb128 0x2b
 13914 02a1 13       		.uleb128 0x13
 13915 02a2 01       		.byte	0x1
 13916 02a3 03       		.uleb128 0x3
 13917 02a4 0E       		.uleb128 0xe
 13918 02a5 0B       		.uleb128 0xb
 13919 02a6 0B       		.uleb128 0xb
 13920 02a7 3A       		.uleb128 0x3a
 13921 02a8 0B       		.uleb128 0xb
 13922 02a9 3B       		.uleb128 0x3b
 13923 02aa 0B       		.uleb128 0xb
 13924 02ab 39       		.uleb128 0x39
 13925 02ac 0B       		.uleb128 0xb
 13926 02ad 01       		.uleb128 0x1
 13927 02ae 13       		.uleb128 0x13
 13928 02af 00       		.byte	0
 13929 02b0 00       		.byte	0
 13930 02b1 2C       		.uleb128 0x2c
 13931 02b2 0D       		.uleb128 0xd
 13932 02b3 00       		.byte	0
 13933 02b4 03       		.uleb128 0x3
 13934 02b5 0E       		.uleb128 0xe
 13935 02b6 3A       		.uleb128 0x3a
 13936 02b7 0B       		.uleb128 0xb
 13937 02b8 3B       		.uleb128 0x3b
 13938 02b9 0B       		.uleb128 0xb
 13939 02ba 39       		.uleb128 0x39
 13940 02bb 0B       		.uleb128 0xb
 13941 02bc 49       		.uleb128 0x49
 13942 02bd 13       		.uleb128 0x13
 13943 02be 38       		.uleb128 0x38
 13944 02bf 05       		.uleb128 0x5
 13945 02c0 00       		.byte	0
 13946 02c1 00       		.byte	0
 13947 02c2 2D       		.uleb128 0x2d
 13948 02c3 15       		.uleb128 0x15
 13949 02c4 01       		.byte	0x1
ARM GAS  /tmp/cc3q4aVX.s 			page 246


 13950 02c5 49       		.uleb128 0x49
 13951 02c6 13       		.uleb128 0x13
 13952 02c7 01       		.uleb128 0x1
 13953 02c8 13       		.uleb128 0x13
 13954 02c9 00       		.byte	0
 13955 02ca 00       		.byte	0
 13956 02cb 2E       		.uleb128 0x2e
 13957 02cc 28       		.uleb128 0x28
 13958 02cd 00       		.byte	0
 13959 02ce 03       		.uleb128 0x3
 13960 02cf 0E       		.uleb128 0xe
 13961 02d0 1C       		.uleb128 0x1c
 13962 02d1 0D       		.uleb128 0xd
 13963 02d2 00       		.byte	0
 13964 02d3 00       		.byte	0
 13965 02d4 2F       		.uleb128 0x2f
 13966 02d5 05       		.uleb128 0x5
 13967 02d6 00       		.byte	0
 13968 02d7 03       		.uleb128 0x3
 13969 02d8 0E       		.uleb128 0xe
 13970 02d9 49       		.uleb128 0x49
 13971 02da 13       		.uleb128 0x13
 13972 02db 34       		.uleb128 0x34
 13973 02dc 19       		.uleb128 0x19
 13974 02dd 02       		.uleb128 0x2
 13975 02de 17       		.uleb128 0x17
 13976 02df B742     		.uleb128 0x2137
 13977 02e1 17       		.uleb128 0x17
 13978 02e2 00       		.byte	0
 13979 02e3 00       		.byte	0
 13980 02e4 30       		.uleb128 0x30
 13981 02e5 16       		.uleb128 0x16
 13982 02e6 00       		.byte	0
 13983 02e7 03       		.uleb128 0x3
 13984 02e8 0E       		.uleb128 0xe
 13985 02e9 3A       		.uleb128 0x3a
 13986 02ea 0B       		.uleb128 0xb
 13987 02eb 3B       		.uleb128 0x3b
 13988 02ec 05       		.uleb128 0x5
 13989 02ed 39       		.uleb128 0x39
 13990 02ee 0B       		.uleb128 0xb
 13991 02ef 49       		.uleb128 0x49
 13992 02f0 13       		.uleb128 0x13
 13993 02f1 00       		.byte	0
 13994 02f2 00       		.byte	0
 13995 02f3 31       		.uleb128 0x31
 13996 02f4 0D       		.uleb128 0xd
 13997 02f5 00       		.byte	0
 13998 02f6 03       		.uleb128 0x3
 13999 02f7 08       		.uleb128 0x8
 14000 02f8 3A       		.uleb128 0x3a
 14001 02f9 0B       		.uleb128 0xb
 14002 02fa 3B       		.uleb128 0x3b
 14003 02fb 05       		.uleb128 0x5
 14004 02fc 39       		.uleb128 0x39
 14005 02fd 0B       		.uleb128 0xb
 14006 02fe 49       		.uleb128 0x49
ARM GAS  /tmp/cc3q4aVX.s 			page 247


 14007 02ff 13       		.uleb128 0x13
 14008 0300 38       		.uleb128 0x38
 14009 0301 0B       		.uleb128 0xb
 14010 0302 00       		.byte	0
 14011 0303 00       		.byte	0
 14012 0304 32       		.uleb128 0x32
 14013 0305 34       		.uleb128 0x34
 14014 0306 00       		.byte	0
 14015 0307 03       		.uleb128 0x3
 14016 0308 0E       		.uleb128 0xe
 14017 0309 3A       		.uleb128 0x3a
 14018 030a 0B       		.uleb128 0xb
 14019 030b 3B       		.uleb128 0x3b
 14020 030c 0B       		.uleb128 0xb
 14021 030d 39       		.uleb128 0x39
 14022 030e 0B       		.uleb128 0xb
 14023 030f 49       		.uleb128 0x49
 14024 0310 13       		.uleb128 0x13
 14025 0311 00       		.byte	0
 14026 0312 00       		.byte	0
 14027 0313 33       		.uleb128 0x33
 14028 0314 2E       		.uleb128 0x2e
 14029 0315 01       		.byte	0x1
 14030 0316 3F       		.uleb128 0x3f
 14031 0317 19       		.uleb128 0x19
 14032 0318 03       		.uleb128 0x3
 14033 0319 0E       		.uleb128 0xe
 14034 031a 3A       		.uleb128 0x3a
 14035 031b 0B       		.uleb128 0xb
 14036 031c 3B       		.uleb128 0x3b
 14037 031d 0B       		.uleb128 0xb
 14038 031e 39       		.uleb128 0x39
 14039 031f 0B       		.uleb128 0xb
 14040 0320 11       		.uleb128 0x11
 14041 0321 01       		.uleb128 0x1
 14042 0322 12       		.uleb128 0x12
 14043 0323 06       		.uleb128 0x6
 14044 0324 40       		.uleb128 0x40
 14045 0325 18       		.uleb128 0x18
 14046 0326 9742     		.uleb128 0x2117
 14047 0328 19       		.uleb128 0x19
 14048 0329 01       		.uleb128 0x1
 14049 032a 13       		.uleb128 0x13
 14050 032b 00       		.byte	0
 14051 032c 00       		.byte	0
 14052 032d 34       		.uleb128 0x34
 14053 032e 2E       		.uleb128 0x2e
 14054 032f 01       		.byte	0x1
 14055 0330 31       		.uleb128 0x31
 14056 0331 13       		.uleb128 0x13
 14057 0332 6E       		.uleb128 0x6e
 14058 0333 0E       		.uleb128 0xe
 14059 0334 64       		.uleb128 0x64
 14060 0335 13       		.uleb128 0x13
 14061 0336 01       		.uleb128 0x1
 14062 0337 13       		.uleb128 0x13
 14063 0338 00       		.byte	0
ARM GAS  /tmp/cc3q4aVX.s 			page 248


 14064 0339 00       		.byte	0
 14065 033a 35       		.uleb128 0x35
 14066 033b 13       		.uleb128 0x13
 14067 033c 01       		.byte	0x1
 14068 033d 0B       		.uleb128 0xb
 14069 033e 0B       		.uleb128 0xb
 14070 033f 3A       		.uleb128 0x3a
 14071 0340 0B       		.uleb128 0xb
 14072 0341 3B       		.uleb128 0x3b
 14073 0342 0B       		.uleb128 0xb
 14074 0343 39       		.uleb128 0x39
 14075 0344 0B       		.uleb128 0xb
 14076 0345 6E       		.uleb128 0x6e
 14077 0346 0E       		.uleb128 0xe
 14078 0347 01       		.uleb128 0x1
 14079 0348 13       		.uleb128 0x13
 14080 0349 00       		.byte	0
 14081 034a 00       		.byte	0
 14082 034b 36       		.uleb128 0x36
 14083 034c 13       		.uleb128 0x13
 14084 034d 01       		.byte	0x1
 14085 034e 03       		.uleb128 0x3
 14086 034f 0E       		.uleb128 0xe
 14087 0350 0B       		.uleb128 0xb
 14088 0351 0B       		.uleb128 0xb
 14089 0352 3A       		.uleb128 0x3a
 14090 0353 0B       		.uleb128 0xb
 14091 0354 3B       		.uleb128 0x3b
 14092 0355 05       		.uleb128 0x5
 14093 0356 39       		.uleb128 0x39
 14094 0357 0B       		.uleb128 0xb
 14095 0358 01       		.uleb128 0x1
 14096 0359 13       		.uleb128 0x13
 14097 035a 00       		.byte	0
 14098 035b 00       		.byte	0
 14099 035c 37       		.uleb128 0x37
 14100 035d 1D       		.uleb128 0x1d
 14101 035e 01       		.byte	0x1
 14102 035f 31       		.uleb128 0x31
 14103 0360 13       		.uleb128 0x13
 14104 0361 52       		.uleb128 0x52
 14105 0362 01       		.uleb128 0x1
 14106 0363 B842     		.uleb128 0x2138
 14107 0365 0B       		.uleb128 0xb
 14108 0366 11       		.uleb128 0x11
 14109 0367 01       		.uleb128 0x1
 14110 0368 12       		.uleb128 0x12
 14111 0369 06       		.uleb128 0x6
 14112 036a 58       		.uleb128 0x58
 14113 036b 0B       		.uleb128 0xb
 14114 036c 59       		.uleb128 0x59
 14115 036d 0B       		.uleb128 0xb
 14116 036e 57       		.uleb128 0x57
 14117 036f 0B       		.uleb128 0xb
 14118 0370 01       		.uleb128 0x1
 14119 0371 13       		.uleb128 0x13
 14120 0372 00       		.byte	0
ARM GAS  /tmp/cc3q4aVX.s 			page 249


 14121 0373 00       		.byte	0
 14122 0374 38       		.uleb128 0x38
 14123 0375 05       		.uleb128 0x5
 14124 0376 00       		.byte	0
 14125 0377 31       		.uleb128 0x31
 14126 0378 13       		.uleb128 0x13
 14127 0379 02       		.uleb128 0x2
 14128 037a 18       		.uleb128 0x18
 14129 037b 00       		.byte	0
 14130 037c 00       		.byte	0
 14131 037d 39       		.uleb128 0x39
 14132 037e 34       		.uleb128 0x34
 14133 037f 00       		.byte	0
 14134 0380 03       		.uleb128 0x3
 14135 0381 08       		.uleb128 0x8
 14136 0382 3A       		.uleb128 0x3a
 14137 0383 0B       		.uleb128 0xb
 14138 0384 3B       		.uleb128 0x3b
 14139 0385 0B       		.uleb128 0xb
 14140 0386 39       		.uleb128 0x39
 14141 0387 0B       		.uleb128 0xb
 14142 0388 49       		.uleb128 0x49
 14143 0389 13       		.uleb128 0x13
 14144 038a 00       		.byte	0
 14145 038b 00       		.byte	0
 14146 038c 3A       		.uleb128 0x3a
 14147 038d 0B       		.uleb128 0xb
 14148 038e 01       		.byte	0x1
 14149 038f 55       		.uleb128 0x55
 14150 0390 17       		.uleb128 0x17
 14151 0391 01       		.uleb128 0x1
 14152 0392 13       		.uleb128 0x13
 14153 0393 00       		.byte	0
 14154 0394 00       		.byte	0
 14155 0395 3B       		.uleb128 0x3b
 14156 0396 13       		.uleb128 0x13
 14157 0397 01       		.byte	0x1
 14158 0398 03       		.uleb128 0x3
 14159 0399 0E       		.uleb128 0xe
 14160 039a 0B       		.uleb128 0xb
 14161 039b 05       		.uleb128 0x5
 14162 039c 3A       		.uleb128 0x3a
 14163 039d 0B       		.uleb128 0xb
 14164 039e 3B       		.uleb128 0x3b
 14165 039f 0B       		.uleb128 0xb
 14166 03a0 39       		.uleb128 0x39
 14167 03a1 0B       		.uleb128 0xb
 14168 03a2 01       		.uleb128 0x1
 14169 03a3 13       		.uleb128 0x13
 14170 03a4 00       		.byte	0
 14171 03a5 00       		.byte	0
 14172 03a6 3C       		.uleb128 0x3c
 14173 03a7 15       		.uleb128 0x15
 14174 03a8 01       		.byte	0x1
 14175 03a9 01       		.uleb128 0x1
 14176 03aa 13       		.uleb128 0x13
 14177 03ab 00       		.byte	0
ARM GAS  /tmp/cc3q4aVX.s 			page 250


 14178 03ac 00       		.byte	0
 14179 03ad 3D       		.uleb128 0x3d
 14180 03ae 28       		.uleb128 0x28
 14181 03af 00       		.byte	0
 14182 03b0 03       		.uleb128 0x3
 14183 03b1 0E       		.uleb128 0xe
 14184 03b2 1C       		.uleb128 0x1c
 14185 03b3 06       		.uleb128 0x6
 14186 03b4 00       		.byte	0
 14187 03b5 00       		.byte	0
 14188 03b6 3E       		.uleb128 0x3e
 14189 03b7 0D       		.uleb128 0xd
 14190 03b8 00       		.byte	0
 14191 03b9 03       		.uleb128 0x3
 14192 03ba 0E       		.uleb128 0xe
 14193 03bb 3A       		.uleb128 0x3a
 14194 03bc 0B       		.uleb128 0xb
 14195 03bd 3B       		.uleb128 0x3b
 14196 03be 05       		.uleb128 0x5
 14197 03bf 39       		.uleb128 0x39
 14198 03c0 0B       		.uleb128 0xb
 14199 03c1 49       		.uleb128 0x49
 14200 03c2 13       		.uleb128 0x13
 14201 03c3 0B       		.uleb128 0xb
 14202 03c4 0B       		.uleb128 0xb
 14203 03c5 0D       		.uleb128 0xd
 14204 03c6 0B       		.uleb128 0xb
 14205 03c7 0C       		.uleb128 0xc
 14206 03c8 0B       		.uleb128 0xb
 14207 03c9 38       		.uleb128 0x38
 14208 03ca 0B       		.uleb128 0xb
 14209 03cb 00       		.byte	0
 14210 03cc 00       		.byte	0
 14211 03cd 3F       		.uleb128 0x3f
 14212 03ce 21       		.uleb128 0x21
 14213 03cf 00       		.byte	0
 14214 03d0 49       		.uleb128 0x49
 14215 03d1 13       		.uleb128 0x13
 14216 03d2 2F       		.uleb128 0x2f
 14217 03d3 05       		.uleb128 0x5
 14218 03d4 00       		.byte	0
 14219 03d5 00       		.byte	0
 14220 03d6 40       		.uleb128 0x40
 14221 03d7 05       		.uleb128 0x5
 14222 03d8 00       		.byte	0
 14223 03d9 03       		.uleb128 0x3
 14224 03da 08       		.uleb128 0x8
 14225 03db 3A       		.uleb128 0x3a
 14226 03dc 0B       		.uleb128 0xb
 14227 03dd 3B       		.uleb128 0x3b
 14228 03de 0B       		.uleb128 0xb
 14229 03df 39       		.uleb128 0x39
 14230 03e0 0B       		.uleb128 0xb
 14231 03e1 49       		.uleb128 0x49
 14232 03e2 13       		.uleb128 0x13
 14233 03e3 02       		.uleb128 0x2
 14234 03e4 18       		.uleb128 0x18
ARM GAS  /tmp/cc3q4aVX.s 			page 251


 14235 03e5 00       		.byte	0
 14236 03e6 00       		.byte	0
 14237 03e7 41       		.uleb128 0x41
 14238 03e8 05       		.uleb128 0x5
 14239 03e9 00       		.byte	0
 14240 03ea 03       		.uleb128 0x3
 14241 03eb 0E       		.uleb128 0xe
 14242 03ec 3A       		.uleb128 0x3a
 14243 03ed 0B       		.uleb128 0xb
 14244 03ee 3B       		.uleb128 0x3b
 14245 03ef 0B       		.uleb128 0xb
 14246 03f0 39       		.uleb128 0x39
 14247 03f1 0B       		.uleb128 0xb
 14248 03f2 49       		.uleb128 0x49
 14249 03f3 13       		.uleb128 0x13
 14250 03f4 02       		.uleb128 0x2
 14251 03f5 18       		.uleb128 0x18
 14252 03f6 00       		.byte	0
 14253 03f7 00       		.byte	0
 14254 03f8 42       		.uleb128 0x42
 14255 03f9 2E       		.uleb128 0x2e
 14256 03fa 01       		.byte	0x1
 14257 03fb 3F       		.uleb128 0x3f
 14258 03fc 19       		.uleb128 0x19
 14259 03fd 03       		.uleb128 0x3
 14260 03fe 0E       		.uleb128 0xe
 14261 03ff 3A       		.uleb128 0x3a
 14262 0400 0B       		.uleb128 0xb
 14263 0401 3B       		.uleb128 0x3b
 14264 0402 0B       		.uleb128 0xb
 14265 0403 39       		.uleb128 0x39
 14266 0404 0B       		.uleb128 0xb
 14267 0405 49       		.uleb128 0x49
 14268 0406 13       		.uleb128 0x13
 14269 0407 11       		.uleb128 0x11
 14270 0408 01       		.uleb128 0x1
 14271 0409 12       		.uleb128 0x12
 14272 040a 06       		.uleb128 0x6
 14273 040b 40       		.uleb128 0x40
 14274 040c 18       		.uleb128 0x18
 14275 040d 9742     		.uleb128 0x2117
 14276 040f 19       		.uleb128 0x19
 14277 0410 01       		.uleb128 0x1
 14278 0411 13       		.uleb128 0x13
 14279 0412 00       		.byte	0
 14280 0413 00       		.byte	0
 14281 0414 43       		.uleb128 0x43
 14282 0415 898201   		.uleb128 0x4109
 14283 0418 00       		.byte	0
 14284 0419 11       		.uleb128 0x11
 14285 041a 01       		.uleb128 0x1
 14286 041b 31       		.uleb128 0x31
 14287 041c 13       		.uleb128 0x13
 14288 041d 00       		.byte	0
 14289 041e 00       		.byte	0
 14290 041f 44       		.uleb128 0x44
 14291 0420 2E       		.uleb128 0x2e
ARM GAS  /tmp/cc3q4aVX.s 			page 252


 14292 0421 00       		.byte	0
 14293 0422 3F       		.uleb128 0x3f
 14294 0423 19       		.uleb128 0x19
 14295 0424 03       		.uleb128 0x3
 14296 0425 0E       		.uleb128 0xe
 14297 0426 3A       		.uleb128 0x3a
 14298 0427 0B       		.uleb128 0xb
 14299 0428 3B       		.uleb128 0x3b
 14300 0429 0B       		.uleb128 0xb
 14301 042a 39       		.uleb128 0x39
 14302 042b 0B       		.uleb128 0xb
 14303 042c 00       		.byte	0
 14304 042d 00       		.byte	0
 14305 042e 45       		.uleb128 0x45
 14306 042f 0B       		.uleb128 0xb
 14307 0430 01       		.byte	0x1
 14308 0431 00       		.byte	0
 14309 0432 00       		.byte	0
 14310 0433 46       		.uleb128 0x46
 14311 0434 39       		.uleb128 0x39
 14312 0435 00       		.byte	0
 14313 0436 03       		.uleb128 0x3
 14314 0437 0E       		.uleb128 0xe
 14315 0438 3A       		.uleb128 0x3a
 14316 0439 0B       		.uleb128 0xb
 14317 043a 3B       		.uleb128 0x3b
 14318 043b 05       		.uleb128 0x5
 14319 043c 39       		.uleb128 0x39
 14320 043d 0B       		.uleb128 0xb
 14321 043e 8901     		.uleb128 0x89
 14322 0440 19       		.uleb128 0x19
 14323 0441 00       		.byte	0
 14324 0442 00       		.byte	0
 14325 0443 47       		.uleb128 0x47
 14326 0444 3A       		.uleb128 0x3a
 14327 0445 00       		.byte	0
 14328 0446 3A       		.uleb128 0x3a
 14329 0447 0B       		.uleb128 0xb
 14330 0448 3B       		.uleb128 0x3b
 14331 0449 05       		.uleb128 0x5
 14332 044a 39       		.uleb128 0x39
 14333 044b 0B       		.uleb128 0xb
 14334 044c 18       		.uleb128 0x18
 14335 044d 13       		.uleb128 0x13
 14336 044e 00       		.byte	0
 14337 044f 00       		.byte	0
 14338 0450 48       		.uleb128 0x48
 14339 0451 08       		.uleb128 0x8
 14340 0452 00       		.byte	0
 14341 0453 3A       		.uleb128 0x3a
 14342 0454 0B       		.uleb128 0xb
 14343 0455 3B       		.uleb128 0x3b
 14344 0456 05       		.uleb128 0x5
 14345 0457 39       		.uleb128 0x39
 14346 0458 0B       		.uleb128 0xb
 14347 0459 18       		.uleb128 0x18
 14348 045a 13       		.uleb128 0x13
ARM GAS  /tmp/cc3q4aVX.s 			page 253


 14349 045b 00       		.byte	0
 14350 045c 00       		.byte	0
 14351 045d 49       		.uleb128 0x49
 14352 045e 0D       		.uleb128 0xd
 14353 045f 00       		.byte	0
 14354 0460 03       		.uleb128 0x3
 14355 0461 0E       		.uleb128 0xe
 14356 0462 3A       		.uleb128 0x3a
 14357 0463 0B       		.uleb128 0xb
 14358 0464 3B       		.uleb128 0x3b
 14359 0465 05       		.uleb128 0x5
 14360 0466 39       		.uleb128 0x39
 14361 0467 0B       		.uleb128 0xb
 14362 0468 49       		.uleb128 0x49
 14363 0469 13       		.uleb128 0x13
 14364 046a 8801     		.uleb128 0x88
 14365 046c 0B       		.uleb128 0xb
 14366 046d 38       		.uleb128 0x38
 14367 046e 0B       		.uleb128 0xb
 14368 046f 00       		.byte	0
 14369 0470 00       		.byte	0
 14370 0471 4A       		.uleb128 0x4a
 14371 0472 0D       		.uleb128 0xd
 14372 0473 00       		.byte	0
 14373 0474 03       		.uleb128 0x3
 14374 0475 0E       		.uleb128 0xe
 14375 0476 3A       		.uleb128 0x3a
 14376 0477 0B       		.uleb128 0xb
 14377 0478 3B       		.uleb128 0x3b
 14378 0479 0B       		.uleb128 0xb
 14379 047a 39       		.uleb128 0x39
 14380 047b 0B       		.uleb128 0xb
 14381 047c 49       		.uleb128 0x49
 14382 047d 13       		.uleb128 0x13
 14383 047e 00       		.byte	0
 14384 047f 00       		.byte	0
 14385 0480 4B       		.uleb128 0x4b
 14386 0481 13       		.uleb128 0x13
 14387 0482 01       		.byte	0x1
 14388 0483 03       		.uleb128 0x3
 14389 0484 0E       		.uleb128 0xe
 14390 0485 0B       		.uleb128 0xb
 14391 0486 05       		.uleb128 0x5
 14392 0487 3A       		.uleb128 0x3a
 14393 0488 0B       		.uleb128 0xb
 14394 0489 3B       		.uleb128 0x3b
 14395 048a 05       		.uleb128 0x5
 14396 048b 39       		.uleb128 0x39
 14397 048c 0B       		.uleb128 0xb
 14398 048d 01       		.uleb128 0x1
 14399 048e 13       		.uleb128 0x13
 14400 048f 00       		.byte	0
 14401 0490 00       		.byte	0
 14402 0491 4C       		.uleb128 0x4c
 14403 0492 13       		.uleb128 0x13
 14404 0493 01       		.byte	0x1
 14405 0494 0B       		.uleb128 0xb
ARM GAS  /tmp/cc3q4aVX.s 			page 254


 14406 0495 0B       		.uleb128 0xb
 14407 0496 3A       		.uleb128 0x3a
 14408 0497 0B       		.uleb128 0xb
 14409 0498 3B       		.uleb128 0x3b
 14410 0499 05       		.uleb128 0x5
 14411 049a 39       		.uleb128 0x39
 14412 049b 0B       		.uleb128 0xb
 14413 049c 01       		.uleb128 0x1
 14414 049d 13       		.uleb128 0x13
 14415 049e 00       		.byte	0
 14416 049f 00       		.byte	0
 14417 04a0 4D       		.uleb128 0x4d
 14418 04a1 0D       		.uleb128 0xd
 14419 04a2 00       		.byte	0
 14420 04a3 03       		.uleb128 0x3
 14421 04a4 0E       		.uleb128 0xe
 14422 04a5 3A       		.uleb128 0x3a
 14423 04a6 0B       		.uleb128 0xb
 14424 04a7 3B       		.uleb128 0x3b
 14425 04a8 05       		.uleb128 0x5
 14426 04a9 39       		.uleb128 0x39
 14427 04aa 0B       		.uleb128 0xb
 14428 04ab 49       		.uleb128 0x49
 14429 04ac 13       		.uleb128 0x13
 14430 04ad 00       		.byte	0
 14431 04ae 00       		.byte	0
 14432 04af 4E       		.uleb128 0x4e
 14433 04b0 2E       		.uleb128 0x2e
 14434 04b1 01       		.byte	0x1
 14435 04b2 3F       		.uleb128 0x3f
 14436 04b3 19       		.uleb128 0x19
 14437 04b4 03       		.uleb128 0x3
 14438 04b5 08       		.uleb128 0x8
 14439 04b6 3A       		.uleb128 0x3a
 14440 04b7 0B       		.uleb128 0xb
 14441 04b8 3B       		.uleb128 0x3b
 14442 04b9 05       		.uleb128 0x5
 14443 04ba 39       		.uleb128 0x39
 14444 04bb 0B       		.uleb128 0xb
 14445 04bc 49       		.uleb128 0x49
 14446 04bd 13       		.uleb128 0x13
 14447 04be 3C       		.uleb128 0x3c
 14448 04bf 19       		.uleb128 0x19
 14449 04c0 01       		.uleb128 0x1
 14450 04c1 13       		.uleb128 0x13
 14451 04c2 00       		.byte	0
 14452 04c3 00       		.byte	0
 14453 04c4 4F       		.uleb128 0x4f
 14454 04c5 0D       		.uleb128 0xd
 14455 04c6 00       		.byte	0
 14456 04c7 03       		.uleb128 0x3
 14457 04c8 0E       		.uleb128 0xe
 14458 04c9 3A       		.uleb128 0x3a
 14459 04ca 0B       		.uleb128 0xb
 14460 04cb 3B       		.uleb128 0x3b
 14461 04cc 0B       		.uleb128 0xb
 14462 04cd 39       		.uleb128 0x39
ARM GAS  /tmp/cc3q4aVX.s 			page 255


 14463 04ce 0B       		.uleb128 0xb
 14464 04cf 49       		.uleb128 0x49
 14465 04d0 13       		.uleb128 0x13
 14466 04d1 0B       		.uleb128 0xb
 14467 04d2 0B       		.uleb128 0xb
 14468 04d3 0D       		.uleb128 0xd
 14469 04d4 0B       		.uleb128 0xb
 14470 04d5 0C       		.uleb128 0xc
 14471 04d6 0B       		.uleb128 0xb
 14472 04d7 38       		.uleb128 0x38
 14473 04d8 0B       		.uleb128 0xb
 14474 04d9 00       		.byte	0
 14475 04da 00       		.byte	0
 14476 04db 50       		.uleb128 0x50
 14477 04dc 2E       		.uleb128 0x2e
 14478 04dd 01       		.byte	0x1
 14479 04de 3F       		.uleb128 0x3f
 14480 04df 19       		.uleb128 0x19
 14481 04e0 03       		.uleb128 0x3
 14482 04e1 0E       		.uleb128 0xe
 14483 04e2 3A       		.uleb128 0x3a
 14484 04e3 0B       		.uleb128 0xb
 14485 04e4 3B       		.uleb128 0x3b
 14486 04e5 0B       		.uleb128 0xb
 14487 04e6 39       		.uleb128 0x39
 14488 04e7 0B       		.uleb128 0xb
 14489 04e8 3C       		.uleb128 0x3c
 14490 04e9 19       		.uleb128 0x19
 14491 04ea 01       		.uleb128 0x1
 14492 04eb 13       		.uleb128 0x13
 14493 04ec 00       		.byte	0
 14494 04ed 00       		.byte	0
 14495 04ee 51       		.uleb128 0x51
 14496 04ef 34       		.uleb128 0x34
 14497 04f0 00       		.byte	0
 14498 04f1 03       		.uleb128 0x3
 14499 04f2 0E       		.uleb128 0xe
 14500 04f3 3A       		.uleb128 0x3a
 14501 04f4 0B       		.uleb128 0xb
 14502 04f5 3B       		.uleb128 0x3b
 14503 04f6 0B       		.uleb128 0xb
 14504 04f7 39       		.uleb128 0x39
 14505 04f8 0B       		.uleb128 0xb
 14506 04f9 49       		.uleb128 0x49
 14507 04fa 13       		.uleb128 0x13
 14508 04fb 6C       		.uleb128 0x6c
 14509 04fc 19       		.uleb128 0x19
 14510 04fd 1C       		.uleb128 0x1c
 14511 04fe 0A       		.uleb128 0xa
 14512 04ff 00       		.byte	0
 14513 0500 00       		.byte	0
 14514 0501 52       		.uleb128 0x52
 14515 0502 34       		.uleb128 0x34
 14516 0503 00       		.byte	0
 14517 0504 03       		.uleb128 0x3
 14518 0505 0E       		.uleb128 0xe
 14519 0506 3A       		.uleb128 0x3a
ARM GAS  /tmp/cc3q4aVX.s 			page 256


 14520 0507 0B       		.uleb128 0xb
 14521 0508 3B       		.uleb128 0x3b
 14522 0509 0B       		.uleb128 0xb
 14523 050a 39       		.uleb128 0x39
 14524 050b 0B       		.uleb128 0xb
 14525 050c 49       		.uleb128 0x49
 14526 050d 13       		.uleb128 0x13
 14527 050e 6C       		.uleb128 0x6c
 14528 050f 19       		.uleb128 0x19
 14529 0510 1C       		.uleb128 0x1c
 14530 0511 05       		.uleb128 0x5
 14531 0512 00       		.byte	0
 14532 0513 00       		.byte	0
 14533 0514 53       		.uleb128 0x53
 14534 0515 02       		.uleb128 0x2
 14535 0516 01       		.byte	0x1
 14536 0517 03       		.uleb128 0x3
 14537 0518 0E       		.uleb128 0xe
 14538 0519 0B       		.uleb128 0xb
 14539 051a 0B       		.uleb128 0xb
 14540 051b 3A       		.uleb128 0x3a
 14541 051c 0B       		.uleb128 0xb
 14542 051d 3B       		.uleb128 0x3b
 14543 051e 0B       		.uleb128 0xb
 14544 051f 39       		.uleb128 0x39
 14545 0520 0B       		.uleb128 0xb
 14546 0521 01       		.uleb128 0x1
 14547 0522 13       		.uleb128 0x13
 14548 0523 00       		.byte	0
 14549 0524 00       		.byte	0
 14550 0525 54       		.uleb128 0x54
 14551 0526 34       		.uleb128 0x34
 14552 0527 00       		.byte	0
 14553 0528 03       		.uleb128 0x3
 14554 0529 0E       		.uleb128 0xe
 14555 052a 3A       		.uleb128 0x3a
 14556 052b 0B       		.uleb128 0xb
 14557 052c 3B       		.uleb128 0x3b
 14558 052d 0B       		.uleb128 0xb
 14559 052e 39       		.uleb128 0x39
 14560 052f 0B       		.uleb128 0xb
 14561 0530 49       		.uleb128 0x49
 14562 0531 13       		.uleb128 0x13
 14563 0532 02       		.uleb128 0x2
 14564 0533 18       		.uleb128 0x18
 14565 0534 00       		.byte	0
 14566 0535 00       		.byte	0
 14567 0536 55       		.uleb128 0x55
 14568 0537 02       		.uleb128 0x2
 14569 0538 01       		.byte	0x1
 14570 0539 03       		.uleb128 0x3
 14571 053a 0E       		.uleb128 0xe
 14572 053b 0B       		.uleb128 0xb
 14573 053c 05       		.uleb128 0x5
 14574 053d 3A       		.uleb128 0x3a
 14575 053e 0B       		.uleb128 0xb
 14576 053f 3B       		.uleb128 0x3b
ARM GAS  /tmp/cc3q4aVX.s 			page 257


 14577 0540 0B       		.uleb128 0xb
 14578 0541 39       		.uleb128 0x39
 14579 0542 0B       		.uleb128 0xb
 14580 0543 01       		.uleb128 0x1
 14581 0544 13       		.uleb128 0x13
 14582 0545 00       		.byte	0
 14583 0546 00       		.byte	0
 14584 0547 56       		.uleb128 0x56
 14585 0548 898201   		.uleb128 0x4109
 14586 054b 01       		.byte	0x1
 14587 054c 11       		.uleb128 0x11
 14588 054d 01       		.uleb128 0x1
 14589 054e 01       		.uleb128 0x1
 14590 054f 13       		.uleb128 0x13
 14591 0550 00       		.byte	0
 14592 0551 00       		.byte	0
 14593 0552 57       		.uleb128 0x57
 14594 0553 05       		.uleb128 0x5
 14595 0554 00       		.byte	0
 14596 0555 03       		.uleb128 0x3
 14597 0556 0E       		.uleb128 0xe
 14598 0557 49       		.uleb128 0x49
 14599 0558 13       		.uleb128 0x13
 14600 0559 34       		.uleb128 0x34
 14601 055a 19       		.uleb128 0x19
 14602 055b 02       		.uleb128 0x2
 14603 055c 18       		.uleb128 0x18
 14604 055d 00       		.byte	0
 14605 055e 00       		.byte	0
 14606 055f 58       		.uleb128 0x58
 14607 0560 2E       		.uleb128 0x2e
 14608 0561 01       		.byte	0x1
 14609 0562 3F       		.uleb128 0x3f
 14610 0563 19       		.uleb128 0x19
 14611 0564 03       		.uleb128 0x3
 14612 0565 0E       		.uleb128 0xe
 14613 0566 3A       		.uleb128 0x3a
 14614 0567 0B       		.uleb128 0xb
 14615 0568 3B       		.uleb128 0x3b
 14616 0569 0B       		.uleb128 0xb
 14617 056a 39       		.uleb128 0x39
 14618 056b 0B       		.uleb128 0xb
 14619 056c 6E       		.uleb128 0x6e
 14620 056d 0E       		.uleb128 0xe
 14621 056e 49       		.uleb128 0x49
 14622 056f 13       		.uleb128 0x13
 14623 0570 20       		.uleb128 0x20
 14624 0571 0B       		.uleb128 0xb
 14625 0572 01       		.uleb128 0x1
 14626 0573 13       		.uleb128 0x13
 14627 0574 00       		.byte	0
 14628 0575 00       		.byte	0
 14629 0576 59       		.uleb128 0x59
 14630 0577 2E       		.uleb128 0x2e
 14631 0578 00       		.byte	0
 14632 0579 3F       		.uleb128 0x3f
 14633 057a 19       		.uleb128 0x19
ARM GAS  /tmp/cc3q4aVX.s 			page 258


 14634 057b 3C       		.uleb128 0x3c
 14635 057c 19       		.uleb128 0x19
 14636 057d 6E       		.uleb128 0x6e
 14637 057e 0E       		.uleb128 0xe
 14638 057f 03       		.uleb128 0x3
 14639 0580 0E       		.uleb128 0xe
 14640 0581 3A       		.uleb128 0x3a
 14641 0582 0B       		.uleb128 0xb
 14642 0583 3B       		.uleb128 0x3b
 14643 0584 0B       		.uleb128 0xb
 14644 0585 39       		.uleb128 0x39
 14645 0586 0B       		.uleb128 0xb
 14646 0587 00       		.byte	0
 14647 0588 00       		.byte	0
 14648 0589 5A       		.uleb128 0x5a
 14649 058a 2E       		.uleb128 0x2e
 14650 058b 00       		.byte	0
 14651 058c 3F       		.uleb128 0x3f
 14652 058d 19       		.uleb128 0x19
 14653 058e 3C       		.uleb128 0x3c
 14654 058f 19       		.uleb128 0x19
 14655 0590 6E       		.uleb128 0x6e
 14656 0591 0E       		.uleb128 0xe
 14657 0592 03       		.uleb128 0x3
 14658 0593 0E       		.uleb128 0xe
 14659 0594 3A       		.uleb128 0x3a
 14660 0595 0B       		.uleb128 0xb
 14661 0596 3B       		.uleb128 0x3b
 14662 0597 05       		.uleb128 0x5
 14663 0598 39       		.uleb128 0x39
 14664 0599 0B       		.uleb128 0xb
 14665 059a 00       		.byte	0
 14666 059b 00       		.byte	0
 14667 059c 5B       		.uleb128 0x5b
 14668 059d 11       		.uleb128 0x11
 14669 059e 01       		.byte	0x1
 14670 059f 25       		.uleb128 0x25
 14671 05a0 0E       		.uleb128 0xe
 14672 05a1 13       		.uleb128 0x13
 14673 05a2 0B       		.uleb128 0xb
 14674 05a3 03       		.uleb128 0x3
 14675 05a4 0E       		.uleb128 0xe
 14676 05a5 1B       		.uleb128 0x1b
 14677 05a6 0E       		.uleb128 0xe
 14678 05a7 55       		.uleb128 0x55
 14679 05a8 17       		.uleb128 0x17
 14680 05a9 11       		.uleb128 0x11
 14681 05aa 01       		.uleb128 0x1
 14682 05ab 10       		.uleb128 0x10
 14683 05ac 17       		.uleb128 0x17
 14684 05ad 00       		.byte	0
 14685 05ae 00       		.byte	0
 14686 05af 5C       		.uleb128 0x5c
 14687 05b0 24       		.uleb128 0x24
 14688 05b1 00       		.byte	0
 14689 05b2 0B       		.uleb128 0xb
 14690 05b3 0B       		.uleb128 0xb
ARM GAS  /tmp/cc3q4aVX.s 			page 259


 14691 05b4 3E       		.uleb128 0x3e
 14692 05b5 0B       		.uleb128 0xb
 14693 05b6 03       		.uleb128 0x3
 14694 05b7 08       		.uleb128 0x8
 14695 05b8 00       		.byte	0
 14696 05b9 00       		.byte	0
 14697 05ba 5D       		.uleb128 0x5d
 14698 05bb 39       		.uleb128 0x39
 14699 05bc 01       		.byte	0x1
 14700 05bd 03       		.uleb128 0x3
 14701 05be 08       		.uleb128 0x8
 14702 05bf 3A       		.uleb128 0x3a
 14703 05c0 0B       		.uleb128 0xb
 14704 05c1 3B       		.uleb128 0x3b
 14705 05c2 0B       		.uleb128 0xb
 14706 05c3 01       		.uleb128 0x1
 14707 05c4 13       		.uleb128 0x13
 14708 05c5 00       		.byte	0
 14709 05c6 00       		.byte	0
 14710 05c7 5E       		.uleb128 0x5e
 14711 05c8 39       		.uleb128 0x39
 14712 05c9 01       		.byte	0x1
 14713 05ca 03       		.uleb128 0x3
 14714 05cb 0E       		.uleb128 0xe
 14715 05cc 3A       		.uleb128 0x3a
 14716 05cd 0B       		.uleb128 0xb
 14717 05ce 3B       		.uleb128 0x3b
 14718 05cf 05       		.uleb128 0x5
 14719 05d0 39       		.uleb128 0x39
 14720 05d1 0B       		.uleb128 0xb
 14721 05d2 01       		.uleb128 0x1
 14722 05d3 13       		.uleb128 0x13
 14723 05d4 00       		.byte	0
 14724 05d5 00       		.byte	0
 14725 05d6 5F       		.uleb128 0x5f
 14726 05d7 2E       		.uleb128 0x2e
 14727 05d8 01       		.byte	0x1
 14728 05d9 3F       		.uleb128 0x3f
 14729 05da 19       		.uleb128 0x19
 14730 05db 03       		.uleb128 0x3
 14731 05dc 08       		.uleb128 0x8
 14732 05dd 3A       		.uleb128 0x3a
 14733 05de 0B       		.uleb128 0xb
 14734 05df 3B       		.uleb128 0x3b
 14735 05e0 0B       		.uleb128 0xb
 14736 05e1 39       		.uleb128 0x39
 14737 05e2 0B       		.uleb128 0xb
 14738 05e3 6E       		.uleb128 0x6e
 14739 05e4 0E       		.uleb128 0xe
 14740 05e5 49       		.uleb128 0x49
 14741 05e6 13       		.uleb128 0x13
 14742 05e7 3C       		.uleb128 0x3c
 14743 05e8 19       		.uleb128 0x19
 14744 05e9 00       		.byte	0
 14745 05ea 00       		.byte	0
 14746 05eb 60       		.uleb128 0x60
 14747 05ec 13       		.uleb128 0x13
ARM GAS  /tmp/cc3q4aVX.s 			page 260


 14748 05ed 01       		.byte	0x1
 14749 05ee 0B       		.uleb128 0xb
 14750 05ef 0B       		.uleb128 0xb
 14751 05f0 8801     		.uleb128 0x88
 14752 05f2 0B       		.uleb128 0xb
 14753 05f3 3A       		.uleb128 0x3a
 14754 05f4 0B       		.uleb128 0xb
 14755 05f5 3B       		.uleb128 0x3b
 14756 05f6 05       		.uleb128 0x5
 14757 05f7 39       		.uleb128 0x39
 14758 05f8 0B       		.uleb128 0xb
 14759 05f9 6E       		.uleb128 0x6e
 14760 05fa 0E       		.uleb128 0xe
 14761 05fb 01       		.uleb128 0x1
 14762 05fc 13       		.uleb128 0x13
 14763 05fd 00       		.byte	0
 14764 05fe 00       		.byte	0
 14765 05ff 61       		.uleb128 0x61
 14766 0600 16       		.uleb128 0x16
 14767 0601 00       		.byte	0
 14768 0602 03       		.uleb128 0x3
 14769 0603 0E       		.uleb128 0xe
 14770 0604 3A       		.uleb128 0x3a
 14771 0605 0B       		.uleb128 0xb
 14772 0606 3B       		.uleb128 0x3b
 14773 0607 05       		.uleb128 0x5
 14774 0608 39       		.uleb128 0x39
 14775 0609 0B       		.uleb128 0xb
 14776 060a 49       		.uleb128 0x49
 14777 060b 13       		.uleb128 0x13
 14778 060c 8801     		.uleb128 0x88
 14779 060e 0B       		.uleb128 0xb
 14780 060f 00       		.byte	0
 14781 0610 00       		.byte	0
 14782 0611 62       		.uleb128 0x62
 14783 0612 3B       		.uleb128 0x3b
 14784 0613 00       		.byte	0
 14785 0614 03       		.uleb128 0x3
 14786 0615 0E       		.uleb128 0xe
 14787 0616 00       		.byte	0
 14788 0617 00       		.byte	0
 14789 0618 63       		.uleb128 0x63
 14790 0619 17       		.uleb128 0x17
 14791 061a 01       		.byte	0x1
 14792 061b 0B       		.uleb128 0xb
 14793 061c 0B       		.uleb128 0xb
 14794 061d 3A       		.uleb128 0x3a
 14795 061e 0B       		.uleb128 0xb
 14796 061f 3B       		.uleb128 0x3b
 14797 0620 0B       		.uleb128 0xb
 14798 0621 39       		.uleb128 0x39
 14799 0622 0B       		.uleb128 0xb
 14800 0623 01       		.uleb128 0x1
 14801 0624 13       		.uleb128 0x13
 14802 0625 00       		.byte	0
 14803 0626 00       		.byte	0
 14804 0627 64       		.uleb128 0x64
ARM GAS  /tmp/cc3q4aVX.s 			page 261


 14805 0628 0F       		.uleb128 0xf
 14806 0629 00       		.byte	0
 14807 062a 0B       		.uleb128 0xb
 14808 062b 0B       		.uleb128 0xb
 14809 062c 00       		.byte	0
 14810 062d 00       		.byte	0
 14811 062e 65       		.uleb128 0x65
 14812 062f 15       		.uleb128 0x15
 14813 0630 00       		.byte	0
 14814 0631 00       		.byte	0
 14815 0632 00       		.byte	0
 14816 0633 66       		.uleb128 0x66
 14817 0634 17       		.uleb128 0x17
 14818 0635 01       		.byte	0x1
 14819 0636 0B       		.uleb128 0xb
 14820 0637 0B       		.uleb128 0xb
 14821 0638 3A       		.uleb128 0x3a
 14822 0639 0B       		.uleb128 0xb
 14823 063a 3B       		.uleb128 0x3b
 14824 063b 05       		.uleb128 0x5
 14825 063c 39       		.uleb128 0x39
 14826 063d 0B       		.uleb128 0xb
 14827 063e 01       		.uleb128 0x1
 14828 063f 13       		.uleb128 0x13
 14829 0640 00       		.byte	0
 14830 0641 00       		.byte	0
 14831 0642 67       		.uleb128 0x67
 14832 0643 13       		.uleb128 0x13
 14833 0644 00       		.byte	0
 14834 0645 03       		.uleb128 0x3
 14835 0646 0E       		.uleb128 0xe
 14836 0647 3C       		.uleb128 0x3c
 14837 0648 19       		.uleb128 0x19
 14838 0649 00       		.byte	0
 14839 064a 00       		.byte	0
 14840 064b 68       		.uleb128 0x68
 14841 064c 26       		.uleb128 0x26
 14842 064d 00       		.byte	0
 14843 064e 00       		.byte	0
 14844 064f 00       		.byte	0
 14845 0650 69       		.uleb128 0x69
 14846 0651 04       		.uleb128 0x4
 14847 0652 01       		.byte	0x1
 14848 0653 3E       		.uleb128 0x3e
 14849 0654 0B       		.uleb128 0xb
 14850 0655 0B       		.uleb128 0xb
 14851 0656 0B       		.uleb128 0xb
 14852 0657 49       		.uleb128 0x49
 14853 0658 13       		.uleb128 0x13
 14854 0659 3A       		.uleb128 0x3a
 14855 065a 0B       		.uleb128 0xb
 14856 065b 3B       		.uleb128 0x3b
 14857 065c 0B       		.uleb128 0xb
 14858 065d 39       		.uleb128 0x39
 14859 065e 0B       		.uleb128 0xb
 14860 065f 01       		.uleb128 0x1
 14861 0660 13       		.uleb128 0x13
ARM GAS  /tmp/cc3q4aVX.s 			page 262


 14862 0661 00       		.byte	0
 14863 0662 00       		.byte	0
 14864 0663 6A       		.uleb128 0x6a
 14865 0664 16       		.uleb128 0x16
 14866 0665 00       		.byte	0
 14867 0666 03       		.uleb128 0x3
 14868 0667 0E       		.uleb128 0xe
 14869 0668 3A       		.uleb128 0x3a
 14870 0669 0B       		.uleb128 0xb
 14871 066a 3B       		.uleb128 0x3b
 14872 066b 0B       		.uleb128 0xb
 14873 066c 39       		.uleb128 0x39
 14874 066d 0B       		.uleb128 0xb
 14875 066e 00       		.byte	0
 14876 066f 00       		.byte	0
 14877 0670 6B       		.uleb128 0x6b
 14878 0671 15       		.uleb128 0x15
 14879 0672 00       		.byte	0
 14880 0673 49       		.uleb128 0x49
 14881 0674 13       		.uleb128 0x13
 14882 0675 00       		.byte	0
 14883 0676 00       		.byte	0
 14884 0677 6C       		.uleb128 0x6c
 14885 0678 04       		.uleb128 0x4
 14886 0679 01       		.byte	0x1
 14887 067a 3E       		.uleb128 0x3e
 14888 067b 0B       		.uleb128 0xb
 14889 067c 0B       		.uleb128 0xb
 14890 067d 0B       		.uleb128 0xb
 14891 067e 49       		.uleb128 0x49
 14892 067f 13       		.uleb128 0x13
 14893 0680 3A       		.uleb128 0x3a
 14894 0681 0B       		.uleb128 0xb
 14895 0682 3B       		.uleb128 0x3b
 14896 0683 05       		.uleb128 0x5
 14897 0684 39       		.uleb128 0x39
 14898 0685 0B       		.uleb128 0xb
 14899 0686 01       		.uleb128 0x1
 14900 0687 13       		.uleb128 0x13
 14901 0688 00       		.byte	0
 14902 0689 00       		.byte	0
 14903 068a 6D       		.uleb128 0x6d
 14904 068b 28       		.uleb128 0x28
 14905 068c 00       		.byte	0
 14906 068d 03       		.uleb128 0x3
 14907 068e 0E       		.uleb128 0xe
 14908 068f 1C       		.uleb128 0x1c
 14909 0690 0B       		.uleb128 0xb
 14910 0691 00       		.byte	0
 14911 0692 00       		.byte	0
 14912 0693 6E       		.uleb128 0x6e
 14913 0694 2E       		.uleb128 0x2e
 14914 0695 00       		.byte	0
 14915 0696 3F       		.uleb128 0x3f
 14916 0697 19       		.uleb128 0x19
 14917 0698 03       		.uleb128 0x3
 14918 0699 0E       		.uleb128 0xe
ARM GAS  /tmp/cc3q4aVX.s 			page 263


 14919 069a 3A       		.uleb128 0x3a
 14920 069b 0B       		.uleb128 0xb
 14921 069c 3B       		.uleb128 0x3b
 14922 069d 0B       		.uleb128 0xb
 14923 069e 39       		.uleb128 0x39
 14924 069f 0B       		.uleb128 0xb
 14925 06a0 49       		.uleb128 0x49
 14926 06a1 13       		.uleb128 0x13
 14927 06a2 3C       		.uleb128 0x3c
 14928 06a3 19       		.uleb128 0x19
 14929 06a4 00       		.byte	0
 14930 06a5 00       		.byte	0
 14931 06a6 6F       		.uleb128 0x6f
 14932 06a7 34       		.uleb128 0x34
 14933 06a8 00       		.byte	0
 14934 06a9 03       		.uleb128 0x3
 14935 06aa 0E       		.uleb128 0xe
 14936 06ab 3A       		.uleb128 0x3a
 14937 06ac 0B       		.uleb128 0xb
 14938 06ad 3B       		.uleb128 0x3b
 14939 06ae 0B       		.uleb128 0xb
 14940 06af 39       		.uleb128 0x39
 14941 06b0 0B       		.uleb128 0xb
 14942 06b1 49       		.uleb128 0x49
 14943 06b2 13       		.uleb128 0x13
 14944 06b3 6C       		.uleb128 0x6c
 14945 06b4 19       		.uleb128 0x19
 14946 06b5 1C       		.uleb128 0x1c
 14947 06b6 0B       		.uleb128 0xb
 14948 06b7 00       		.byte	0
 14949 06b8 00       		.byte	0
 14950 06b9 70       		.uleb128 0x70
 14951 06ba 34       		.uleb128 0x34
 14952 06bb 00       		.byte	0
 14953 06bc 03       		.uleb128 0x3
 14954 06bd 0E       		.uleb128 0xe
 14955 06be 3A       		.uleb128 0x3a
 14956 06bf 0B       		.uleb128 0xb
 14957 06c0 3B       		.uleb128 0x3b
 14958 06c1 0B       		.uleb128 0xb
 14959 06c2 39       		.uleb128 0x39
 14960 06c3 0B       		.uleb128 0xb
 14961 06c4 49       		.uleb128 0x49
 14962 06c5 13       		.uleb128 0x13
 14963 06c6 6C       		.uleb128 0x6c
 14964 06c7 19       		.uleb128 0x19
 14965 06c8 1C       		.uleb128 0x1c
 14966 06c9 06       		.uleb128 0x6
 14967 06ca 00       		.byte	0
 14968 06cb 00       		.byte	0
 14969 06cc 71       		.uleb128 0x71
 14970 06cd 34       		.uleb128 0x34
 14971 06ce 00       		.byte	0
 14972 06cf 03       		.uleb128 0x3
 14973 06d0 08       		.uleb128 0x8
 14974 06d1 3A       		.uleb128 0x3a
 14975 06d2 0B       		.uleb128 0xb
ARM GAS  /tmp/cc3q4aVX.s 			page 264


 14976 06d3 3B       		.uleb128 0x3b
 14977 06d4 0B       		.uleb128 0xb
 14978 06d5 39       		.uleb128 0x39
 14979 06d6 0B       		.uleb128 0xb
 14980 06d7 49       		.uleb128 0x49
 14981 06d8 13       		.uleb128 0x13
 14982 06d9 6C       		.uleb128 0x6c
 14983 06da 19       		.uleb128 0x19
 14984 06db 1C       		.uleb128 0x1c
 14985 06dc 0A       		.uleb128 0xa
 14986 06dd 00       		.byte	0
 14987 06de 00       		.byte	0
 14988 06df 72       		.uleb128 0x72
 14989 06e0 0D       		.uleb128 0xd
 14990 06e1 00       		.byte	0
 14991 06e2 03       		.uleb128 0x3
 14992 06e3 0E       		.uleb128 0xe
 14993 06e4 3A       		.uleb128 0x3a
 14994 06e5 0B       		.uleb128 0xb
 14995 06e6 3B       		.uleb128 0x3b
 14996 06e7 0B       		.uleb128 0xb
 14997 06e8 39       		.uleb128 0x39
 14998 06e9 0B       		.uleb128 0xb
 14999 06ea 49       		.uleb128 0x49
 15000 06eb 13       		.uleb128 0x13
 15001 06ec 3F       		.uleb128 0x3f
 15002 06ed 19       		.uleb128 0x19
 15003 06ee 32       		.uleb128 0x32
 15004 06ef 0B       		.uleb128 0xb
 15005 06f0 3C       		.uleb128 0x3c
 15006 06f1 19       		.uleb128 0x19
 15007 06f2 1C       		.uleb128 0x1c
 15008 06f3 0B       		.uleb128 0xb
 15009 06f4 6C       		.uleb128 0x6c
 15010 06f5 19       		.uleb128 0x19
 15011 06f6 00       		.byte	0
 15012 06f7 00       		.byte	0
 15013 06f8 73       		.uleb128 0x73
 15014 06f9 2E       		.uleb128 0x2e
 15015 06fa 01       		.byte	0x1
 15016 06fb 3F       		.uleb128 0x3f
 15017 06fc 19       		.uleb128 0x19
 15018 06fd 03       		.uleb128 0x3
 15019 06fe 0E       		.uleb128 0xe
 15020 06ff 3A       		.uleb128 0x3a
 15021 0700 0B       		.uleb128 0xb
 15022 0701 3B       		.uleb128 0x3b
 15023 0702 0B       		.uleb128 0xb
 15024 0703 39       		.uleb128 0x39
 15025 0704 0B       		.uleb128 0xb
 15026 0705 6E       		.uleb128 0x6e
 15027 0706 0E       		.uleb128 0xe
 15028 0707 3C       		.uleb128 0x3c
 15029 0708 19       		.uleb128 0x19
 15030 0709 64       		.uleb128 0x64
 15031 070a 13       		.uleb128 0x13
 15032 070b 01       		.uleb128 0x1
ARM GAS  /tmp/cc3q4aVX.s 			page 265


 15033 070c 13       		.uleb128 0x13
 15034 070d 00       		.byte	0
 15035 070e 00       		.byte	0
 15036 070f 74       		.uleb128 0x74
 15037 0710 2E       		.uleb128 0x2e
 15038 0711 00       		.byte	0
 15039 0712 03       		.uleb128 0x3
 15040 0713 0E       		.uleb128 0xe
 15041 0714 34       		.uleb128 0x34
 15042 0715 19       		.uleb128 0x19
 15043 0716 00       		.byte	0
 15044 0717 00       		.byte	0
 15045 0718 75       		.uleb128 0x75
 15046 0719 2E       		.uleb128 0x2e
 15047 071a 01       		.byte	0x1
 15048 071b 03       		.uleb128 0x3
 15049 071c 0E       		.uleb128 0xe
 15050 071d 34       		.uleb128 0x34
 15051 071e 19       		.uleb128 0x19
 15052 071f 11       		.uleb128 0x11
 15053 0720 01       		.uleb128 0x1
 15054 0721 12       		.uleb128 0x12
 15055 0722 06       		.uleb128 0x6
 15056 0723 40       		.uleb128 0x40
 15057 0724 18       		.uleb128 0x18
 15058 0725 9742     		.uleb128 0x2117
 15059 0727 19       		.uleb128 0x19
 15060 0728 01       		.uleb128 0x1
 15061 0729 13       		.uleb128 0x13
 15062 072a 00       		.byte	0
 15063 072b 00       		.byte	0
 15064 072c 76       		.uleb128 0x76
 15065 072d 1D       		.uleb128 0x1d
 15066 072e 01       		.byte	0x1
 15067 072f 31       		.uleb128 0x31
 15068 0730 13       		.uleb128 0x13
 15069 0731 11       		.uleb128 0x11
 15070 0732 01       		.uleb128 0x1
 15071 0733 12       		.uleb128 0x12
 15072 0734 06       		.uleb128 0x6
 15073 0735 58       		.uleb128 0x58
 15074 0736 0B       		.uleb128 0xb
 15075 0737 59       		.uleb128 0x59
 15076 0738 0B       		.uleb128 0xb
 15077 0739 57       		.uleb128 0x57
 15078 073a 0B       		.uleb128 0xb
 15079 073b 00       		.byte	0
 15080 073c 00       		.byte	0
 15081 073d 77       		.uleb128 0x77
 15082 073e 2E       		.uleb128 0x2e
 15083 073f 01       		.byte	0x1
 15084 0740 03       		.uleb128 0x3
 15085 0741 0E       		.uleb128 0xe
 15086 0742 34       		.uleb128 0x34
 15087 0743 19       		.uleb128 0x19
 15088 0744 20       		.uleb128 0x20
 15089 0745 0B       		.uleb128 0xb
ARM GAS  /tmp/cc3q4aVX.s 			page 266


 15090 0746 01       		.uleb128 0x1
 15091 0747 13       		.uleb128 0x13
 15092 0748 00       		.byte	0
 15093 0749 00       		.byte	0
 15094 074a 78       		.uleb128 0x78
 15095 074b 0B       		.uleb128 0xb
 15096 074c 00       		.byte	0
 15097 074d 31       		.uleb128 0x31
 15098 074e 13       		.uleb128 0x13
 15099 074f 11       		.uleb128 0x11
 15100 0750 01       		.uleb128 0x1
 15101 0751 12       		.uleb128 0x12
 15102 0752 06       		.uleb128 0x6
 15103 0753 00       		.byte	0
 15104 0754 00       		.byte	0
 15105 0755 79       		.uleb128 0x79
 15106 0756 1D       		.uleb128 0x1d
 15107 0757 01       		.byte	0x1
 15108 0758 31       		.uleb128 0x31
 15109 0759 13       		.uleb128 0x13
 15110 075a 52       		.uleb128 0x52
 15111 075b 01       		.uleb128 0x1
 15112 075c B842     		.uleb128 0x2138
 15113 075e 0B       		.uleb128 0xb
 15114 075f 11       		.uleb128 0x11
 15115 0760 01       		.uleb128 0x1
 15116 0761 12       		.uleb128 0x12
 15117 0762 06       		.uleb128 0x6
 15118 0763 58       		.uleb128 0x58
 15119 0764 0B       		.uleb128 0xb
 15120 0765 59       		.uleb128 0x59
 15121 0766 0B       		.uleb128 0xb
 15122 0767 57       		.uleb128 0x57
 15123 0768 0B       		.uleb128 0xb
 15124 0769 00       		.byte	0
 15125 076a 00       		.byte	0
 15126 076b 7A       		.uleb128 0x7a
 15127 076c 1D       		.uleb128 0x1d
 15128 076d 01       		.byte	0x1
 15129 076e 31       		.uleb128 0x31
 15130 076f 13       		.uleb128 0x13
 15131 0770 11       		.uleb128 0x11
 15132 0771 01       		.uleb128 0x1
 15133 0772 12       		.uleb128 0x12
 15134 0773 06       		.uleb128 0x6
 15135 0774 58       		.uleb128 0x58
 15136 0775 0B       		.uleb128 0xb
 15137 0776 59       		.uleb128 0x59
 15138 0777 0B       		.uleb128 0xb
 15139 0778 57       		.uleb128 0x57
 15140 0779 0B       		.uleb128 0xb
 15141 077a 01       		.uleb128 0x1
 15142 077b 13       		.uleb128 0x13
 15143 077c 00       		.byte	0
 15144 077d 00       		.byte	0
 15145 077e 7B       		.uleb128 0x7b
 15146 077f 0B       		.uleb128 0xb
ARM GAS  /tmp/cc3q4aVX.s 			page 267


 15147 0780 01       		.byte	0x1
 15148 0781 31       		.uleb128 0x31
 15149 0782 13       		.uleb128 0x13
 15150 0783 11       		.uleb128 0x11
 15151 0784 01       		.uleb128 0x1
 15152 0785 12       		.uleb128 0x12
 15153 0786 06       		.uleb128 0x6
 15154 0787 00       		.byte	0
 15155 0788 00       		.byte	0
 15156 0789 7C       		.uleb128 0x7c
 15157 078a 2E       		.uleb128 0x2e
 15158 078b 00       		.byte	0
 15159 078c 3F       		.uleb128 0x3f
 15160 078d 19       		.uleb128 0x19
 15161 078e 03       		.uleb128 0x3
 15162 078f 0E       		.uleb128 0xe
 15163 0790 3A       		.uleb128 0x3a
 15164 0791 0B       		.uleb128 0xb
 15165 0792 3B       		.uleb128 0x3b
 15166 0793 0B       		.uleb128 0xb
 15167 0794 39       		.uleb128 0x39
 15168 0795 0B       		.uleb128 0xb
 15169 0796 20       		.uleb128 0x20
 15170 0797 0B       		.uleb128 0xb
 15171 0798 00       		.byte	0
 15172 0799 00       		.byte	0
 15173 079a 7D       		.uleb128 0x7d
 15174 079b 2E       		.uleb128 0x2e
 15175 079c 01       		.byte	0x1
 15176 079d 47       		.uleb128 0x47
 15177 079e 13       		.uleb128 0x13
 15178 079f 20       		.uleb128 0x20
 15179 07a0 0B       		.uleb128 0xb
 15180 07a1 01       		.uleb128 0x1
 15181 07a2 13       		.uleb128 0x13
 15182 07a3 00       		.byte	0
 15183 07a4 00       		.byte	0
 15184 07a5 7E       		.uleb128 0x7e
 15185 07a6 34       		.uleb128 0x34
 15186 07a7 00       		.byte	0
 15187 07a8 03       		.uleb128 0x3
 15188 07a9 0E       		.uleb128 0xe
 15189 07aa 3A       		.uleb128 0x3a
 15190 07ab 0B       		.uleb128 0xb
 15191 07ac 3B       		.uleb128 0x3b
 15192 07ad 0B       		.uleb128 0xb
 15193 07ae 39       		.uleb128 0x39
 15194 07af 0B       		.uleb128 0xb
 15195 07b0 6E       		.uleb128 0x6e
 15196 07b1 0E       		.uleb128 0xe
 15197 07b2 49       		.uleb128 0x49
 15198 07b3 13       		.uleb128 0x13
 15199 07b4 3F       		.uleb128 0x3f
 15200 07b5 19       		.uleb128 0x19
 15201 07b6 02       		.uleb128 0x2
 15202 07b7 18       		.uleb128 0x18
 15203 07b8 00       		.byte	0
ARM GAS  /tmp/cc3q4aVX.s 			page 268


 15204 07b9 00       		.byte	0
 15205 07ba 7F       		.uleb128 0x7f
 15206 07bb 0B       		.uleb128 0xb
 15207 07bc 01       		.byte	0x1
 15208 07bd 31       		.uleb128 0x31
 15209 07be 13       		.uleb128 0x13
 15210 07bf 11       		.uleb128 0x11
 15211 07c0 01       		.uleb128 0x1
 15212 07c1 12       		.uleb128 0x12
 15213 07c2 06       		.uleb128 0x6
 15214 07c3 01       		.uleb128 0x1
 15215 07c4 13       		.uleb128 0x13
 15216 07c5 00       		.byte	0
 15217 07c6 00       		.byte	0
 15218 07c7 8001     		.uleb128 0x80
 15219 07c9 2E       		.uleb128 0x2e
 15220 07ca 01       		.byte	0x1
 15221 07cb 03       		.uleb128 0x3
 15222 07cc 0E       		.uleb128 0xe
 15223 07cd 3A       		.uleb128 0x3a
 15224 07ce 0B       		.uleb128 0xb
 15225 07cf 3B       		.uleb128 0x3b
 15226 07d0 0B       		.uleb128 0xb
 15227 07d1 39       		.uleb128 0x39
 15228 07d2 0B       		.uleb128 0xb
 15229 07d3 49       		.uleb128 0x49
 15230 07d4 13       		.uleb128 0x13
 15231 07d5 20       		.uleb128 0x20
 15232 07d6 0B       		.uleb128 0xb
 15233 07d7 01       		.uleb128 0x1
 15234 07d8 13       		.uleb128 0x13
 15235 07d9 00       		.byte	0
 15236 07da 00       		.byte	0
 15237 07db 8101     		.uleb128 0x81
 15238 07dd 2E       		.uleb128 0x2e
 15239 07de 01       		.byte	0x1
 15240 07df 31       		.uleb128 0x31
 15241 07e0 13       		.uleb128 0x13
 15242 07e1 6E       		.uleb128 0x6e
 15243 07e2 0E       		.uleb128 0xe
 15244 07e3 11       		.uleb128 0x11
 15245 07e4 01       		.uleb128 0x1
 15246 07e5 12       		.uleb128 0x12
 15247 07e6 06       		.uleb128 0x6
 15248 07e7 40       		.uleb128 0x40
 15249 07e8 18       		.uleb128 0x18
 15250 07e9 9742     		.uleb128 0x2117
 15251 07eb 19       		.uleb128 0x19
 15252 07ec 01       		.uleb128 0x1
 15253 07ed 13       		.uleb128 0x13
 15254 07ee 00       		.byte	0
 15255 07ef 00       		.byte	0
 15256 07f0 8201     		.uleb128 0x82
 15257 07f2 2E       		.uleb128 0x2e
 15258 07f3 00       		.byte	0
 15259 07f4 31       		.uleb128 0x31
 15260 07f5 13       		.uleb128 0x13
ARM GAS  /tmp/cc3q4aVX.s 			page 269


 15261 07f6 11       		.uleb128 0x11
 15262 07f7 01       		.uleb128 0x1
 15263 07f8 12       		.uleb128 0x12
 15264 07f9 06       		.uleb128 0x6
 15265 07fa 40       		.uleb128 0x40
 15266 07fb 18       		.uleb128 0x18
 15267 07fc 9742     		.uleb128 0x2117
 15268 07fe 19       		.uleb128 0x19
 15269 07ff 00       		.byte	0
 15270 0800 00       		.byte	0
 15271 0801 8301     		.uleb128 0x83
 15272 0803 2E       		.uleb128 0x2e
 15273 0804 00       		.byte	0
 15274 0805 3F       		.uleb128 0x3f
 15275 0806 19       		.uleb128 0x19
 15276 0807 3C       		.uleb128 0x3c
 15277 0808 19       		.uleb128 0x19
 15278 0809 6E       		.uleb128 0x6e
 15279 080a 0E       		.uleb128 0xe
 15280 080b 03       		.uleb128 0x3
 15281 080c 0E       		.uleb128 0xe
 15282 080d 00       		.byte	0
 15283 080e 00       		.byte	0
 15284 080f 00       		.byte	0
 15285              		.section	.debug_loc,"",%progbits
 15286              	.Ldebug_loc0:
 15287              	.LVUS147:
 15288 0000 01       		.uleb128 .LVU774
 15289 0001 00       		.uleb128 .LVU801
 15290              	.LLST147:
 15291 0002 00000000 		.4byte	.LVL226
 15292 0006 62000000 		.4byte	.LVL231
 15293 000a 0400     		.2byte	0x4
 15294 000c 0A       		.byte	0xa
 15295 000d FFFF     		.2byte	0xffff
 15296 000f 9F       		.byte	0x9f
 15297 0010 00000000 		.4byte	0
 15298 0014 00000000 		.4byte	0
 15299              	.LVUS148:
 15300 0018 01       		.uleb128 .LVU774
 15301 0019 00       		.uleb128 .LVU801
 15302              	.LLST148:
 15303 001a 00000000 		.4byte	.LVL226
 15304 001e 62000000 		.4byte	.LVL231
 15305 0022 0200     		.2byte	0x2
 15306 0024 31       		.byte	0x31
 15307 0025 9F       		.byte	0x9f
 15308 0026 00000000 		.4byte	0
 15309 002a 00000000 		.4byte	0
 15310              	.LVUS149:
 15311 002e 03       		.uleb128 .LVU776
 15312 002f 00       		.uleb128 .LVU801
 15313              	.LLST149:
 15314 0030 00000000 		.4byte	.LVL226
 15315 0034 62000000 		.4byte	.LVL231
 15316 0038 0400     		.2byte	0x4
 15317 003a 0A       		.byte	0xa
ARM GAS  /tmp/cc3q4aVX.s 			page 270


 15318 003b FFFF     		.2byte	0xffff
 15319 003d 9F       		.byte	0x9f
 15320 003e 00000000 		.4byte	0
 15321 0042 00000000 		.4byte	0
 15322              	.LVUS150:
 15323 0046 03       		.uleb128 .LVU776
 15324 0047 00       		.uleb128 .LVU801
 15325              	.LLST150:
 15326 0048 00000000 		.4byte	.LVL226
 15327 004c 62000000 		.4byte	.LVL231
 15328 0050 0200     		.2byte	0x2
 15329 0052 31       		.byte	0x31
 15330 0053 9F       		.byte	0x9f
 15331 0054 00000000 		.4byte	0
 15332 0058 00000000 		.4byte	0
 15333              	.LVUS151:
 15334 005c 03       		.uleb128 .LVU776
 15335 005d 00       		.uleb128 .LVU801
 15336              	.LLST151:
 15337 005e 00000000 		.4byte	.LVL226
 15338 0062 62000000 		.4byte	.LVL231
 15339 0066 0600     		.2byte	0x6
 15340 0068 03       		.byte	0x3
 15341 0069 00000000 		.4byte	_ZL17s_effect_instance
 15342 006d 9F       		.byte	0x9f
 15343 006e 00000000 		.4byte	0
 15344 0072 00000000 		.4byte	0
 15345              	.LVUS152:
 15346 0076 04       		.uleb128 .LVU777
 15347 0077 00       		.uleb128 .LVU799
 15348              	.LLST152:
 15349 0078 00000000 		.4byte	.LVL226
 15350 007c 4E000000 		.4byte	.LVL230
 15351 0080 0600     		.2byte	0x6
 15352 0082 03       		.byte	0x3
 15353 0083 00000000 		.4byte	_ZL17s_effect_instance
 15354 0087 9F       		.byte	0x9f
 15355 0088 00000000 		.4byte	0
 15356 008c 00000000 		.4byte	0
 15357              	.LVUS144:
 15358 0090 00       		.uleb128 0
 15359 0091 00       		.uleb128 .LVU757
 15360 0092 00       		.uleb128 .LVU757
 15361 0093 00       		.uleb128 .LVU760
 15362 0094 00       		.uleb128 .LVU760
 15363 0095 00       		.uleb128 0
 15364              	.LLST144:
 15365 0096 D8010000 		.4byte	.LVL220
 15366 009a DC010000 		.4byte	.LVL222
 15367 009e 0100     		.2byte	0x1
 15368 00a0 50       		.byte	0x50
 15369 00a1 DC010000 		.4byte	.LVL222
 15370 00a5 E3010000 		.4byte	.LVL223-1
 15371 00a9 0100     		.2byte	0x1
 15372 00ab 51       		.byte	0x51
 15373 00ac E3010000 		.4byte	.LVL223-1
 15374 00b0 EC010000 		.4byte	.LFE549
ARM GAS  /tmp/cc3q4aVX.s 			page 271


 15375 00b4 0400     		.2byte	0x4
 15376 00b6 F3       		.byte	0xf3
 15377 00b7 01       		.uleb128 0x1
 15378 00b8 50       		.byte	0x50
 15379 00b9 9F       		.byte	0x9f
 15380 00ba 00000000 		.4byte	0
 15381 00be 00000000 		.4byte	0
 15382              	.LVUS145:
 15383 00c2 00       		.uleb128 .LVU754
 15384 00c3 00       		.uleb128 .LVU757
 15385 00c4 00       		.uleb128 .LVU757
 15386 00c5 00       		.uleb128 .LVU760
 15387 00c6 00       		.uleb128 .LVU760
 15388 00c7 00       		.uleb128 .LVU760
 15389              	.LLST145:
 15390 00c8 DA010000 		.4byte	.LVL221
 15391 00cc DC010000 		.4byte	.LVL222
 15392 00d0 0100     		.2byte	0x1
 15393 00d2 50       		.byte	0x50
 15394 00d3 DC010000 		.4byte	.LVL222
 15395 00d7 E3010000 		.4byte	.LVL223-1
 15396 00db 0100     		.2byte	0x1
 15397 00dd 51       		.byte	0x51
 15398 00de E3010000 		.4byte	.LVL223-1
 15399 00e2 E4010000 		.4byte	.LVL223
 15400 00e6 0400     		.2byte	0x4
 15401 00e8 F3       		.byte	0xf3
 15402 00e9 01       		.uleb128 0x1
 15403 00ea 50       		.byte	0x50
 15404 00eb 9F       		.byte	0x9f
 15405 00ec 00000000 		.4byte	0
 15406 00f0 00000000 		.4byte	0
 15407              	.LVUS146:
 15408 00f4 02       		.uleb128 .LVU753
 15409 00f5 00       		.uleb128 .LVU760
 15410              	.LLST146:
 15411 00f6 D8010000 		.4byte	.LVL220
 15412 00fa E4010000 		.4byte	.LVL223
 15413 00fe 0600     		.2byte	0x6
 15414 0100 03       		.byte	0x3
 15415 0101 00000000 		.4byte	_ZL17s_effect_instance
 15416 0105 9F       		.byte	0x9f
 15417 0106 00000000 		.4byte	0
 15418 010a 00000000 		.4byte	0
 15419              	.LVUS141:
 15420 010e 00       		.uleb128 0
 15421 010f 00       		.uleb128 .LVU746
 15422 0110 00       		.uleb128 .LVU746
 15423 0111 00       		.uleb128 .LVU747
 15424 0112 00       		.uleb128 .LVU747
 15425 0113 00       		.uleb128 .LVU749
 15426 0114 00       		.uleb128 .LVU749
 15427 0115 00       		.uleb128 0
 15428              	.LLST141:
 15429 0116 B8010000 		.4byte	.LVL216
 15430 011a CA010000 		.4byte	.LVL217
 15431 011e 0100     		.2byte	0x1
ARM GAS  /tmp/cc3q4aVX.s 			page 272


 15432 0120 50       		.byte	0x50
 15433 0121 CA010000 		.4byte	.LVL217
 15434 0125 CC010000 		.4byte	.LVL218
 15435 0129 0400     		.2byte	0x4
 15436 012b F3       		.byte	0xf3
 15437 012c 01       		.uleb128 0x1
 15438 012d 50       		.byte	0x50
 15439 012e 9F       		.byte	0x9f
 15440 012f CC010000 		.4byte	.LVL218
 15441 0133 CE010000 		.4byte	.LVL219
 15442 0137 0100     		.2byte	0x1
 15443 0139 50       		.byte	0x50
 15444 013a CE010000 		.4byte	.LVL219
 15445 013e D8010000 		.4byte	.LFE548
 15446 0142 0400     		.2byte	0x4
 15447 0144 F3       		.byte	0xf3
 15448 0145 01       		.uleb128 0x1
 15449 0146 50       		.byte	0x50
 15450 0147 9F       		.byte	0x9f
 15451 0148 00000000 		.4byte	0
 15452 014c 00000000 		.4byte	0
 15453              	.LVUS142:
 15454 0150 02       		.uleb128 .LVU738
 15455 0151 00       		.uleb128 0
 15456              	.LLST142:
 15457 0152 B8010000 		.4byte	.LVL216
 15458 0156 D8010000 		.4byte	.LFE548
 15459 015a 0100     		.2byte	0x1
 15460 015c 51       		.byte	0x51
 15461 015d 00000000 		.4byte	0
 15462 0161 00000000 		.4byte	0
 15463              	.LVUS143:
 15464 0165 02       		.uleb128 .LVU738
 15465 0166 00       		.uleb128 .LVU746
 15466 0167 00       		.uleb128 .LVU746
 15467 0168 00       		.uleb128 .LVU747
 15468 0169 00       		.uleb128 .LVU747
 15469 016a 00       		.uleb128 .LVU749
 15470 016b 00       		.uleb128 .LVU749
 15471 016c 00       		.uleb128 0
 15472              	.LLST143:
 15473 016d B8010000 		.4byte	.LVL216
 15474 0171 CA010000 		.4byte	.LVL217
 15475 0175 0100     		.2byte	0x1
 15476 0177 50       		.byte	0x50
 15477 0178 CA010000 		.4byte	.LVL217
 15478 017c CC010000 		.4byte	.LVL218
 15479 0180 0400     		.2byte	0x4
 15480 0182 F3       		.byte	0xf3
 15481 0183 01       		.uleb128 0x1
 15482 0184 50       		.byte	0x50
 15483 0185 9F       		.byte	0x9f
 15484 0186 CC010000 		.4byte	.LVL218
 15485 018a CE010000 		.4byte	.LVL219
 15486 018e 0100     		.2byte	0x1
 15487 0190 50       		.byte	0x50
 15488 0191 CE010000 		.4byte	.LVL219
ARM GAS  /tmp/cc3q4aVX.s 			page 273


 15489 0195 D8010000 		.4byte	.LFE548
 15490 0199 0400     		.2byte	0x4
 15491 019b F3       		.byte	0xf3
 15492 019c 01       		.uleb128 0x1
 15493 019d 50       		.byte	0x50
 15494 019e 9F       		.byte	0x9f
 15495 019f 00000000 		.4byte	0
 15496 01a3 00000000 		.4byte	0
 15497              	.LVUS138:
 15498 01a7 00       		.uleb128 0
 15499 01a8 00       		.uleb128 .LVU724
 15500 01a9 00       		.uleb128 .LVU724
 15501 01aa 00       		.uleb128 .LVU725
 15502 01ab 00       		.uleb128 .LVU725
 15503 01ac 00       		.uleb128 .LVU728
 15504 01ad 00       		.uleb128 .LVU728
 15505 01ae 00       		.uleb128 .LVU729
 15506 01af 00       		.uleb128 .LVU729
 15507 01b0 00       		.uleb128 .LVU732
 15508 01b1 00       		.uleb128 .LVU732
 15509 01b2 00       		.uleb128 .LVU733
 15510 01b3 00       		.uleb128 .LVU733
 15511 01b4 00       		.uleb128 .LVU734
 15512 01b5 00       		.uleb128 .LVU734
 15513 01b6 00       		.uleb128 0
 15514              	.LLST138:
 15515 01b7 7C010000 		.4byte	.LVL208
 15516 01bb 8E010000 		.4byte	.LVL209
 15517 01bf 0100     		.2byte	0x1
 15518 01c1 50       		.byte	0x50
 15519 01c2 8E010000 		.4byte	.LVL209
 15520 01c6 90010000 		.4byte	.LVL210
 15521 01ca 0400     		.2byte	0x4
 15522 01cc F3       		.byte	0xf3
 15523 01cd 01       		.uleb128 0x1
 15524 01ce 50       		.byte	0x50
 15525 01cf 9F       		.byte	0x9f
 15526 01d0 90010000 		.4byte	.LVL210
 15527 01d4 98010000 		.4byte	.LVL211
 15528 01d8 0100     		.2byte	0x1
 15529 01da 50       		.byte	0x50
 15530 01db 98010000 		.4byte	.LVL211
 15531 01df 9A010000 		.4byte	.LVL212
 15532 01e3 0400     		.2byte	0x4
 15533 01e5 F3       		.byte	0xf3
 15534 01e6 01       		.uleb128 0x1
 15535 01e7 50       		.byte	0x50
 15536 01e8 9F       		.byte	0x9f
 15537 01e9 9A010000 		.4byte	.LVL212
 15538 01ed A2010000 		.4byte	.LVL213
 15539 01f1 0100     		.2byte	0x1
 15540 01f3 50       		.byte	0x50
 15541 01f4 A2010000 		.4byte	.LVL213
 15542 01f8 A4010000 		.4byte	.LVL214
 15543 01fc 0400     		.2byte	0x4
 15544 01fe F3       		.byte	0xf3
 15545 01ff 01       		.uleb128 0x1
ARM GAS  /tmp/cc3q4aVX.s 			page 274


 15546 0200 50       		.byte	0x50
 15547 0201 9F       		.byte	0x9f
 15548 0202 A4010000 		.4byte	.LVL214
 15549 0206 A8010000 		.4byte	.LVL215
 15550 020a 0100     		.2byte	0x1
 15551 020c 50       		.byte	0x50
 15552 020d A8010000 		.4byte	.LVL215
 15553 0211 B8010000 		.4byte	.LFE547
 15554 0215 0400     		.2byte	0x4
 15555 0217 F3       		.byte	0xf3
 15556 0218 01       		.uleb128 0x1
 15557 0219 50       		.byte	0x50
 15558 021a 9F       		.byte	0x9f
 15559 021b 00000000 		.4byte	0
 15560 021f 00000000 		.4byte	0
 15561              	.LVUS139:
 15562 0223 02       		.uleb128 .LVU719
 15563 0224 00       		.uleb128 .LVU724
 15564 0225 00       		.uleb128 .LVU724
 15565 0226 00       		.uleb128 .LVU725
 15566 0227 00       		.uleb128 .LVU725
 15567 0228 00       		.uleb128 .LVU728
 15568 0229 00       		.uleb128 .LVU728
 15569 022a 00       		.uleb128 .LVU729
 15570 022b 00       		.uleb128 .LVU729
 15571 022c 00       		.uleb128 .LVU732
 15572 022d 00       		.uleb128 .LVU732
 15573 022e 00       		.uleb128 .LVU733
 15574 022f 00       		.uleb128 .LVU733
 15575 0230 00       		.uleb128 .LVU734
 15576              	.LLST139:
 15577 0231 7C010000 		.4byte	.LVL208
 15578 0235 8E010000 		.4byte	.LVL209
 15579 0239 0100     		.2byte	0x1
 15580 023b 50       		.byte	0x50
 15581 023c 8E010000 		.4byte	.LVL209
 15582 0240 90010000 		.4byte	.LVL210
 15583 0244 0400     		.2byte	0x4
 15584 0246 F3       		.byte	0xf3
 15585 0247 01       		.uleb128 0x1
 15586 0248 50       		.byte	0x50
 15587 0249 9F       		.byte	0x9f
 15588 024a 90010000 		.4byte	.LVL210
 15589 024e 98010000 		.4byte	.LVL211
 15590 0252 0100     		.2byte	0x1
 15591 0254 50       		.byte	0x50
 15592 0255 98010000 		.4byte	.LVL211
 15593 0259 9A010000 		.4byte	.LVL212
 15594 025d 0400     		.2byte	0x4
 15595 025f F3       		.byte	0xf3
 15596 0260 01       		.uleb128 0x1
 15597 0261 50       		.byte	0x50
 15598 0262 9F       		.byte	0x9f
 15599 0263 9A010000 		.4byte	.LVL212
 15600 0267 A2010000 		.4byte	.LVL213
 15601 026b 0100     		.2byte	0x1
 15602 026d 50       		.byte	0x50
ARM GAS  /tmp/cc3q4aVX.s 			page 275


 15603 026e A2010000 		.4byte	.LVL213
 15604 0272 A4010000 		.4byte	.LVL214
 15605 0276 0400     		.2byte	0x4
 15606 0278 F3       		.byte	0xf3
 15607 0279 01       		.uleb128 0x1
 15608 027a 50       		.byte	0x50
 15609 027b 9F       		.byte	0x9f
 15610 027c A4010000 		.4byte	.LVL214
 15611 0280 A8010000 		.4byte	.LVL215
 15612 0284 0100     		.2byte	0x1
 15613 0286 50       		.byte	0x50
 15614 0287 00000000 		.4byte	0
 15615 028b 00000000 		.4byte	0
 15616              	.LVUS140:
 15617 028f 02       		.uleb128 .LVU719
 15618 0290 00       		.uleb128 .LVU734
 15619              	.LLST140:
 15620 0291 7C010000 		.4byte	.LVL208
 15621 0295 A8010000 		.4byte	.LVL215
 15622 0299 0600     		.2byte	0x6
 15623 029b 03       		.byte	0x3
 15624 029c 00000000 		.4byte	_ZL17s_effect_instance
 15625 02a0 9F       		.byte	0x9f
 15626 02a1 00000000 		.4byte	0
 15627 02a5 00000000 		.4byte	0
 15628              	.LVUS120:
 15629 02a9 00       		.uleb128 0
 15630 02aa 00       		.uleb128 .LVU640
 15631 02ab 00       		.uleb128 .LVU640
 15632 02ac 00       		.uleb128 .LVU651
 15633 02ad 00       		.uleb128 .LVU651
 15634 02ae 00       		.uleb128 .LVU696
 15635 02af 00       		.uleb128 .LVU696
 15636 02b0 00       		.uleb128 0
 15637              	.LLST120:
 15638 02b1 5C000000 		.4byte	.LVL185
 15639 02b5 6E000000 		.4byte	.LVL187
 15640 02b9 0100     		.2byte	0x1
 15641 02bb 50       		.byte	0x50
 15642 02bc 6E000000 		.4byte	.LVL187
 15643 02c0 90000000 		.4byte	.LVL191
 15644 02c4 0400     		.2byte	0x4
 15645 02c6 F3       		.byte	0xf3
 15646 02c7 01       		.uleb128 0x1
 15647 02c8 50       		.byte	0x50
 15648 02c9 9F       		.byte	0x9f
 15649 02ca 90000000 		.4byte	.LVL191
 15650 02ce 0E010000 		.4byte	.LVL201
 15651 02d2 0100     		.2byte	0x1
 15652 02d4 50       		.byte	0x50
 15653 02d5 0E010000 		.4byte	.LVL201
 15654 02d9 7C010000 		.4byte	.LFE546
 15655 02dd 0400     		.2byte	0x4
 15656 02df F3       		.byte	0xf3
 15657 02e0 01       		.uleb128 0x1
 15658 02e1 50       		.byte	0x50
 15659 02e2 9F       		.byte	0x9f
ARM GAS  /tmp/cc3q4aVX.s 			page 276


 15660 02e3 00000000 		.4byte	0
 15661 02e7 00000000 		.4byte	0
 15662              	.LVUS121:
 15663 02eb 00       		.uleb128 0
 15664 02ec 00       		.uleb128 .LVU648
 15665 02ed 00       		.uleb128 .LVU648
 15666 02ee 00       		.uleb128 .LVU651
 15667 02ef 00       		.uleb128 .LVU651
 15668 02f0 00       		.uleb128 .LVU656
 15669 02f1 00       		.uleb128 .LVU656
 15670 02f2 00       		.uleb128 .LVU688
 15671 02f3 00       		.uleb128 .LVU688
 15672 02f4 00       		.uleb128 .LVU694
 15673 02f5 00       		.uleb128 .LVU694
 15674 02f6 00       		.uleb128 0
 15675              	.LLST121:
 15676 02f7 5C000000 		.4byte	.LVL185
 15677 02fb 8A000000 		.4byte	.LVL189
 15678 02ff 0100     		.2byte	0x1
 15679 0301 51       		.byte	0x51
 15680 0302 8A000000 		.4byte	.LVL189
 15681 0306 90000000 		.4byte	.LVL191
 15682 030a 0400     		.2byte	0x4
 15683 030c F3       		.byte	0xf3
 15684 030d 01       		.uleb128 0x1
 15685 030e 51       		.byte	0x51
 15686 030f 9F       		.byte	0x9f
 15687 0310 90000000 		.4byte	.LVL191
 15688 0314 94000000 		.4byte	.LVL192
 15689 0318 0100     		.2byte	0x1
 15690 031a 51       		.byte	0x51
 15691 031b 94000000 		.4byte	.LVL192
 15692 031f 04010000 		.4byte	.LVL199
 15693 0323 0400     		.2byte	0x4
 15694 0325 F3       		.byte	0xf3
 15695 0326 01       		.uleb128 0x1
 15696 0327 51       		.byte	0x51
 15697 0328 9F       		.byte	0x9f
 15698 0329 04010000 		.4byte	.LVL199
 15699 032d 08010000 		.4byte	.LVL200
 15700 0331 0100     		.2byte	0x1
 15701 0333 51       		.byte	0x51
 15702 0334 08010000 		.4byte	.LVL200
 15703 0338 7C010000 		.4byte	.LFE546
 15704 033c 0400     		.2byte	0x4
 15705 033e F3       		.byte	0xf3
 15706 033f 01       		.uleb128 0x1
 15707 0340 51       		.byte	0x51
 15708 0341 9F       		.byte	0x9f
 15709 0342 00000000 		.4byte	0
 15710 0346 00000000 		.4byte	0
 15711              	.LVUS122:
 15712 034a 02       		.uleb128 .LVU629
 15713 034b 00       		.uleb128 .LVU648
 15714 034c 00       		.uleb128 .LVU648
 15715 034d 00       		.uleb128 .LVU649
 15716 034e 00       		.uleb128 .LVU651
ARM GAS  /tmp/cc3q4aVX.s 			page 277


 15717 034f 00       		.uleb128 .LVU656
 15718 0350 00       		.uleb128 .LVU656
 15719 0351 00       		.uleb128 .LVU688
 15720 0352 00       		.uleb128 .LVU688
 15721 0353 00       		.uleb128 .LVU694
 15722 0354 00       		.uleb128 .LVU694
 15723 0355 00       		.uleb128 .LVU715
 15724              	.LLST122:
 15725 0356 5C000000 		.4byte	.LVL185
 15726 035a 8A000000 		.4byte	.LVL189
 15727 035e 0100     		.2byte	0x1
 15728 0360 51       		.byte	0x51
 15729 0361 8A000000 		.4byte	.LVL189
 15730 0365 8E000000 		.4byte	.LVL190
 15731 0369 0400     		.2byte	0x4
 15732 036b F3       		.byte	0xf3
 15733 036c 01       		.uleb128 0x1
 15734 036d 51       		.byte	0x51
 15735 036e 9F       		.byte	0x9f
 15736 036f 90000000 		.4byte	.LVL191
 15737 0373 94000000 		.4byte	.LVL192
 15738 0377 0100     		.2byte	0x1
 15739 0379 51       		.byte	0x51
 15740 037a 94000000 		.4byte	.LVL192
 15741 037e 04010000 		.4byte	.LVL199
 15742 0382 0400     		.2byte	0x4
 15743 0384 F3       		.byte	0xf3
 15744 0385 01       		.uleb128 0x1
 15745 0386 51       		.byte	0x51
 15746 0387 9F       		.byte	0x9f
 15747 0388 04010000 		.4byte	.LVL199
 15748 038c 08010000 		.4byte	.LVL200
 15749 0390 0100     		.2byte	0x1
 15750 0392 51       		.byte	0x51
 15751 0393 08010000 		.4byte	.LVL200
 15752 0397 54010000 		.4byte	.LVL207
 15753 039b 0400     		.2byte	0x4
 15754 039d F3       		.byte	0xf3
 15755 039e 01       		.uleb128 0x1
 15756 039f 51       		.byte	0x51
 15757 03a0 9F       		.byte	0x9f
 15758 03a1 00000000 		.4byte	0
 15759 03a5 00000000 		.4byte	0
 15760              	.LVUS123:
 15761 03a9 02       		.uleb128 .LVU629
 15762 03aa 00       		.uleb128 .LVU640
 15763 03ab 00       		.uleb128 .LVU640
 15764 03ac 00       		.uleb128 .LVU649
 15765 03ad 00       		.uleb128 .LVU651
 15766 03ae 00       		.uleb128 .LVU696
 15767 03af 00       		.uleb128 .LVU696
 15768 03b0 00       		.uleb128 .LVU715
 15769              	.LLST123:
 15770 03b1 5C000000 		.4byte	.LVL185
 15771 03b5 6E000000 		.4byte	.LVL187
 15772 03b9 0100     		.2byte	0x1
 15773 03bb 50       		.byte	0x50
ARM GAS  /tmp/cc3q4aVX.s 			page 278


 15774 03bc 6E000000 		.4byte	.LVL187
 15775 03c0 8E000000 		.4byte	.LVL190
 15776 03c4 0400     		.2byte	0x4
 15777 03c6 F3       		.byte	0xf3
 15778 03c7 01       		.uleb128 0x1
 15779 03c8 50       		.byte	0x50
 15780 03c9 9F       		.byte	0x9f
 15781 03ca 90000000 		.4byte	.LVL191
 15782 03ce 0E010000 		.4byte	.LVL201
 15783 03d2 0100     		.2byte	0x1
 15784 03d4 50       		.byte	0x50
 15785 03d5 0E010000 		.4byte	.LVL201
 15786 03d9 54010000 		.4byte	.LVL207
 15787 03dd 0400     		.2byte	0x4
 15788 03df F3       		.byte	0xf3
 15789 03e0 01       		.uleb128 0x1
 15790 03e1 50       		.byte	0x50
 15791 03e2 9F       		.byte	0x9f
 15792 03e3 00000000 		.4byte	0
 15793 03e7 00000000 		.4byte	0
 15794              	.LVUS124:
 15795 03eb 02       		.uleb128 .LVU629
 15796 03ec 00       		.uleb128 .LVU649
 15797 03ed 00       		.uleb128 .LVU651
 15798 03ee 00       		.uleb128 .LVU715
 15799              	.LLST124:
 15800 03ef 5C000000 		.4byte	.LVL185
 15801 03f3 8E000000 		.4byte	.LVL190
 15802 03f7 0600     		.2byte	0x6
 15803 03f9 03       		.byte	0x3
 15804 03fa 00000000 		.4byte	_ZL17s_effect_instance
 15805 03fe 9F       		.byte	0x9f
 15806 03ff 90000000 		.4byte	.LVL191
 15807 0403 54010000 		.4byte	.LVL207
 15808 0407 0600     		.2byte	0x6
 15809 0409 03       		.byte	0x3
 15810 040a 00000000 		.4byte	_ZL17s_effect_instance
 15811 040e 9F       		.byte	0x9f
 15812 040f 00000000 		.4byte	0
 15813 0413 00000000 		.4byte	0
 15814              	.LVUS125:
 15815 0417 01       		.uleb128 .LVU634
 15816 0418 00       		.uleb128 .LVU649
 15817              	.LLST125:
 15818 0419 68000000 		.4byte	.LVL186
 15819 041d 8E000000 		.4byte	.LVL190
 15820 0421 0200     		.2byte	0x2
 15821 0423 30       		.byte	0x30
 15822 0424 9F       		.byte	0x9f
 15823 0425 00000000 		.4byte	0
 15824 0429 00000000 		.4byte	0
 15825              	.LVUS126:
 15826 042d 00       		.uleb128 .LVU633
 15827 042e 00       		.uleb128 .LVU648
 15828 042f 00       		.uleb128 .LVU648
 15829 0430 00       		.uleb128 .LVU649
 15830              	.LLST126:
ARM GAS  /tmp/cc3q4aVX.s 			page 279


 15831 0431 68000000 		.4byte	.LVL186
 15832 0435 8A000000 		.4byte	.LVL189
 15833 0439 0100     		.2byte	0x1
 15834 043b 51       		.byte	0x51
 15835 043c 8A000000 		.4byte	.LVL189
 15836 0440 8E000000 		.4byte	.LVL190
 15837 0444 0400     		.2byte	0x4
 15838 0446 F3       		.byte	0xf3
 15839 0447 01       		.uleb128 0x1
 15840 0448 51       		.byte	0x51
 15841 0449 9F       		.byte	0x9f
 15842 044a 00000000 		.4byte	0
 15843 044e 00000000 		.4byte	0
 15844              	.LVUS127:
 15845 0452 00       		.uleb128 .LVU633
 15846 0453 00       		.uleb128 .LVU649
 15847              	.LLST127:
 15848 0454 68000000 		.4byte	.LVL186
 15849 0458 8E000000 		.4byte	.LVL190
 15850 045c 0600     		.2byte	0x6
 15851 045e 03       		.byte	0x3
 15852 045f 00000000 		.4byte	_ZL17s_effect_instance
 15853 0463 9F       		.byte	0x9f
 15854 0464 00000000 		.4byte	0
 15855 0468 00000000 		.4byte	0
 15856              	.LVUS128:
 15857 046c 01       		.uleb128 .LVU664
 15858 046d 00       		.uleb128 .LVU675
 15859 046e 00       		.uleb128 .LVU685
 15860 046f 00       		.uleb128 .LVU688
 15861              	.LLST128:
 15862 0470 AC000000 		.4byte	.LVL193
 15863 0474 E4000000 		.4byte	.LVL196
 15864 0478 0100     		.2byte	0x1
 15865 047a 51       		.byte	0x51
 15866 047b FE000000 		.4byte	.LVL197
 15867 047f 04010000 		.4byte	.LVL199
 15868 0483 0100     		.2byte	0x1
 15869 0485 51       		.byte	0x51
 15870 0486 00000000 		.4byte	0
 15871 048a 00000000 		.4byte	0
 15872              	.LVUS129:
 15873 048e 03       		.uleb128 .LVU666
 15874 048f 00       		.uleb128 .LVU668
 15875 0490 00       		.uleb128 .LVU668
 15876 0491 00       		.uleb128 .LVU672
 15877 0492 00       		.uleb128 .LVU672
 15878 0493 00       		.uleb128 .LVU675
 15879 0494 00       		.uleb128 .LVU685
 15880 0495 00       		.uleb128 .LVU688
 15881              	.LLST129:
 15882 0496 AC000000 		.4byte	.LVL193
 15883 049a B0000000 		.4byte	.LVL194
 15884 049e 0F00     		.2byte	0xf
 15885 04a0 71       		.byte	0x71
 15886 04a1 00       		.sleb128 0
 15887 04a2 F7       		.byte	0xf7
ARM GAS  /tmp/cc3q4aVX.s 			page 280


 15888 04a3 2C       		.uleb128 0x2c
 15889 04a4 F7       		.byte	0xf7
 15890 04a5 25       		.uleb128 0x25
 15891 04a6 F4       		.byte	0xf4
 15892 04a7 25       		.uleb128 0x25
 15893 04a8 04       		.byte	0x4
 15894 04a9 00C07F44 		.4byte	0x447fc000
 15895 04ad 1B       		.byte	0x1b
 15896 04ae 9F       		.byte	0x9f
 15897 04af B0000000 		.4byte	.LVL194
 15898 04b3 C8000000 		.4byte	.LVL195
 15899 04b7 0200     		.2byte	0x2
 15900 04b9 90       		.byte	0x90
 15901 04ba 4E       		.uleb128 0x4e
 15902 04bb C8000000 		.4byte	.LVL195
 15903 04bf E4000000 		.4byte	.LVL196
 15904 04c3 0F00     		.2byte	0xf
 15905 04c5 71       		.byte	0x71
 15906 04c6 00       		.sleb128 0
 15907 04c7 F7       		.byte	0xf7
 15908 04c8 2C       		.uleb128 0x2c
 15909 04c9 F7       		.byte	0xf7
 15910 04ca 25       		.uleb128 0x25
 15911 04cb F4       		.byte	0xf4
 15912 04cc 25       		.uleb128 0x25
 15913 04cd 04       		.byte	0x4
 15914 04ce 00C07F44 		.4byte	0x447fc000
 15915 04d2 1B       		.byte	0x1b
 15916 04d3 9F       		.byte	0x9f
 15917 04d4 FE000000 		.4byte	.LVL197
 15918 04d8 04010000 		.4byte	.LVL199
 15919 04dc 0F00     		.2byte	0xf
 15920 04de 71       		.byte	0x71
 15921 04df 00       		.sleb128 0
 15922 04e0 F7       		.byte	0xf7
 15923 04e1 2C       		.uleb128 0x2c
 15924 04e2 F7       		.byte	0xf7
 15925 04e3 25       		.uleb128 0x25
 15926 04e4 F4       		.byte	0xf4
 15927 04e5 25       		.uleb128 0x25
 15928 04e6 04       		.byte	0x4
 15929 04e7 00C07F44 		.4byte	0x447fc000
 15930 04eb 1B       		.byte	0x1b
 15931 04ec 9F       		.byte	0x9f
 15932 04ed 00000000 		.4byte	0
 15933 04f1 00000000 		.4byte	0
 15934              	.LVUS130:
 15935 04f5 00       		.uleb128 .LVU672
 15936 04f6 00       		.uleb128 .LVU675
 15937 04f7 00       		.uleb128 .LVU685
 15938 04f8 00       		.uleb128 .LVU687
 15939 04f9 00       		.uleb128 .LVU687
 15940 04fa 00       		.uleb128 .LVU688
 15941              	.LLST130:
 15942 04fb C8000000 		.4byte	.LVL195
 15943 04ff E4000000 		.4byte	.LVL196
 15944 0503 0200     		.2byte	0x2
ARM GAS  /tmp/cc3q4aVX.s 			page 281


 15945 0505 90       		.byte	0x90
 15946 0506 4E       		.uleb128 0x4e
 15947 0507 FE000000 		.4byte	.LVL197
 15948 050b 02010000 		.4byte	.LVL198
 15949 050f 0200     		.2byte	0x2
 15950 0511 90       		.byte	0x90
 15951 0512 4E       		.uleb128 0x4e
 15952 0513 02010000 		.4byte	.LVL198
 15953 0517 04010000 		.4byte	.LVL199
 15954 051b 0800     		.2byte	0x8
 15955 051d F5       		.byte	0xf5
 15956 051e 4D       		.uleb128 0x4d
 15957 051f 25       		.uleb128 0x25
 15958 0520 F5       		.byte	0xf5
 15959 0521 4C       		.uleb128 0x4c
 15960 0522 25       		.uleb128 0x25
 15961 0523 1B       		.byte	0x1b
 15962 0524 9F       		.byte	0x9f
 15963 0525 00000000 		.4byte	0
 15964 0529 00000000 		.4byte	0
 15965              	.LVUS131:
 15966 052d 02       		.uleb128 .LVU677
 15967 052e 00       		.uleb128 .LVU685
 15968              	.LLST131:
 15969 052f E4000000 		.4byte	.LVL196
 15970 0533 FE000000 		.4byte	.LVL197
 15971 0537 0600     		.2byte	0x6
 15972 0539 03       		.byte	0x3
 15973 053a 00000000 		.4byte	_ZL17s_effect_instance
 15974 053e 9F       		.byte	0x9f
 15975 053f 00000000 		.4byte	0
 15976 0543 00000000 		.4byte	0
 15977              	.LVUS132:
 15978 0547 00       		.uleb128 .LVU675
 15979 0548 00       		.uleb128 .LVU685
 15980              	.LLST132:
 15981 0549 E4000000 		.4byte	.LVL196
 15982 054d FE000000 		.4byte	.LVL197
 15983 0551 0200     		.2byte	0x2
 15984 0553 90       		.byte	0x90
 15985 0554 4E       		.uleb128 0x4e
 15986 0555 00000000 		.4byte	0
 15987 0559 00000000 		.4byte	0
 15988              	.LVUS133:
 15989 055d 01       		.uleb128 .LVU701
 15990 055e 00       		.uleb128 .LVU714
 15991 055f 00       		.uleb128 .LVU714
 15992 0560 00       		.uleb128 .LVU715
 15993 0561 00       		.uleb128 .LVU715
 15994 0562 00       		.uleb128 .LVU715
 15995              	.LLST133:
 15996 0563 1C010000 		.4byte	.LVL202
 15997 0567 4C010000 		.4byte	.LVL206
 15998 056b 0100     		.2byte	0x1
 15999 056d 51       		.byte	0x51
 16000 056e 4C010000 		.4byte	.LVL206
 16001 0572 53010000 		.4byte	.LVL207-1
ARM GAS  /tmp/cc3q4aVX.s 			page 282


 16002 0576 0500     		.2byte	0x5
 16003 0578 03       		.byte	0x3
 16004 0579 D4020000 		.4byte	_ZL17s_effect_instance+724
 16005 057d 53010000 		.4byte	.LVL207-1
 16006 0581 54010000 		.4byte	.LVL207
 16007 0585 1A00     		.2byte	0x1a
 16008 0587 F3       		.byte	0xf3
 16009 0588 01       		.uleb128 0x1
 16010 0589 51       		.byte	0x51
 16011 058a 12       		.byte	0x12
 16012 058b 30       		.byte	0x30
 16013 058c 16       		.byte	0x16
 16014 058d 14       		.byte	0x14
 16015 058e 2B       		.byte	0x2b
 16016 058f 28       		.byte	0x28
 16017 0590 0100     		.2byte	0x1
 16018 0592 16       		.byte	0x16
 16019 0593 13       		.byte	0x13
 16020 0594 12       		.byte	0x12
 16021 0595 0A       		.byte	0xa
 16022 0596 FF03     		.2byte	0x3ff
 16023 0598 16       		.byte	0x16
 16024 0599 14       		.byte	0x14
 16025 059a 2D       		.byte	0x2d
 16026 059b 28       		.byte	0x28
 16027 059c 0100     		.2byte	0x1
 16028 059e 16       		.byte	0x16
 16029 059f 13       		.byte	0x13
 16030 05a0 9F       		.byte	0x9f
 16031 05a1 00000000 		.4byte	0
 16032 05a5 00000000 		.4byte	0
 16033              	.LVUS134:
 16034 05a9 01       		.uleb128 .LVU701
 16035 05aa 00       		.uleb128 .LVU715
 16036              	.LLST134:
 16037 05ab 1C010000 		.4byte	.LVL202
 16038 05af 54010000 		.4byte	.LVL207
 16039 05b3 0600     		.2byte	0x6
 16040 05b5 03       		.byte	0x3
 16041 05b6 00000000 		.4byte	_ZL17s_effect_instance
 16042 05ba 9F       		.byte	0x9f
 16043 05bb 00000000 		.4byte	0
 16044 05bf 00000000 		.4byte	0
 16045              	.LVUS135:
 16046 05c3 00       		.uleb128 .LVU705
 16047 05c4 00       		.uleb128 .LVU712
 16048              	.LLST135:
 16049 05c5 2C010000 		.4byte	.LVL203
 16050 05c9 3C010000 		.4byte	.LVL205
 16051 05cd 0200     		.2byte	0x2
 16052 05cf 90       		.byte	0x90
 16053 05d0 4F       		.uleb128 0x4f
 16054 05d1 00000000 		.4byte	0
 16055 05d5 00000000 		.4byte	0
 16056              	.LVUS136:
 16057 05d9 00       		.uleb128 .LVU707
 16058 05da 00       		.uleb128 .LVU715
ARM GAS  /tmp/cc3q4aVX.s 			page 283


 16059              	.LLST136:
 16060 05db 30010000 		.4byte	.LVL204
 16061 05df 53010000 		.4byte	.LVL207-1
 16062 05e3 0200     		.2byte	0x2
 16063 05e5 90       		.byte	0x90
 16064 05e6 4E       		.uleb128 0x4e
 16065 05e7 00000000 		.4byte	0
 16066 05eb 00000000 		.4byte	0
 16067              	.LVUS137:
 16068 05ef 01       		.uleb128 .LVU708
 16069 05f0 00       		.uleb128 .LVU712
 16070              	.LLST137:
 16071 05f1 30010000 		.4byte	.LVL204
 16072 05f5 3C010000 		.4byte	.LVL205
 16073 05f9 1600     		.2byte	0x16
 16074 05fb F5       		.byte	0xf5
 16075 05fc 4F       		.uleb128 0x4f
 16076 05fd 25       		.uleb128 0x25
 16077 05fe 92       		.byte	0x92
 16078 05ff 4E       		.uleb128 0x4e
 16079 0600 00       		.sleb128 0
 16080 0601 F7       		.byte	0xf7
 16081 0602 33       		.uleb128 0x33
 16082 0603 F7       		.byte	0xf7
 16083 0604 25       		.uleb128 0x25
 16084 0605 1C       		.byte	0x1c
 16085 0606 F4       		.byte	0xf4
 16086 0607 25       		.uleb128 0x25
 16087 0608 04       		.byte	0x4
 16088 0609 00008047 		.4byte	0x47800000
 16089 060d 1E       		.byte	0x1e
 16090 060e F7       		.byte	0xf7
 16091 060f 33       		.uleb128 0x33
 16092 0610 9F       		.byte	0x9f
 16093 0611 00000000 		.4byte	0
 16094 0615 00000000 		.4byte	0
 16095              	.LVUS112:
 16096 0619 00       		.uleb128 0
 16097 061a 00       		.uleb128 .LVU609
 16098 061b 00       		.uleb128 .LVU609
 16099 061c 00       		.uleb128 .LVU619
 16100 061d 00       		.uleb128 .LVU619
 16101 061e 00       		.uleb128 .LVU624
 16102 061f 00       		.uleb128 .LVU624
 16103 0620 00       		.uleb128 .LVU625
 16104 0621 00       		.uleb128 .LVU625
 16105 0622 00       		.uleb128 0
 16106              	.LLST112:
 16107 0623 1C000000 		.4byte	.LVL176
 16108 0627 2A000000 		.4byte	.LVL177
 16109 062b 0100     		.2byte	0x1
 16110 062d 50       		.byte	0x50
 16111 062e 2A000000 		.4byte	.LVL177
 16112 0632 4A000000 		.4byte	.LVL180
 16113 0636 0400     		.2byte	0x4
 16114 0638 F3       		.byte	0xf3
 16115 0639 01       		.uleb128 0x1
ARM GAS  /tmp/cc3q4aVX.s 			page 284


 16116 063a 50       		.byte	0x50
 16117 063b 9F       		.byte	0x9f
 16118 063c 4A000000 		.4byte	.LVL180
 16119 0640 52000000 		.4byte	.LVL183
 16120 0644 0100     		.2byte	0x1
 16121 0646 50       		.byte	0x50
 16122 0647 52000000 		.4byte	.LVL183
 16123 064b 55000000 		.4byte	.LVL184-1
 16124 064f 0100     		.2byte	0x1
 16125 0651 51       		.byte	0x51
 16126 0652 55000000 		.4byte	.LVL184-1
 16127 0656 5C000000 		.4byte	.LFE545
 16128 065a 0400     		.2byte	0x4
 16129 065c F3       		.byte	0xf3
 16130 065d 01       		.uleb128 0x1
 16131 065e 50       		.byte	0x50
 16132 065f 9F       		.byte	0x9f
 16133 0660 00000000 		.4byte	0
 16134 0664 00000000 		.4byte	0
 16135              	.LVUS113:
 16136 0668 00       		.uleb128 0
 16137 0669 00       		.uleb128 .LVU609
 16138 066a 00       		.uleb128 .LVU609
 16139 066b 00       		.uleb128 .LVU619
 16140 066c 00       		.uleb128 .LVU619
 16141 066d 00       		.uleb128 .LVU623
 16142 066e 00       		.uleb128 .LVU623
 16143 066f 00       		.uleb128 .LVU625
 16144 0670 00       		.uleb128 .LVU625
 16145 0671 00       		.uleb128 0
 16146              	.LLST113:
 16147 0672 1C000000 		.4byte	.LVL176
 16148 0676 2A000000 		.4byte	.LVL177
 16149 067a 0100     		.2byte	0x1
 16150 067c 51       		.byte	0x51
 16151 067d 2A000000 		.4byte	.LVL177
 16152 0681 4A000000 		.4byte	.LVL180
 16153 0685 0400     		.2byte	0x4
 16154 0687 F3       		.byte	0xf3
 16155 0688 01       		.uleb128 0x1
 16156 0689 51       		.byte	0x51
 16157 068a 9F       		.byte	0x9f
 16158 068b 4A000000 		.4byte	.LVL180
 16159 068f 50000000 		.4byte	.LVL182
 16160 0693 0100     		.2byte	0x1
 16161 0695 51       		.byte	0x51
 16162 0696 50000000 		.4byte	.LVL182
 16163 069a 55000000 		.4byte	.LVL184-1
 16164 069e 0100     		.2byte	0x1
 16165 06a0 52       		.byte	0x52
 16166 06a1 55000000 		.4byte	.LVL184-1
 16167 06a5 5C000000 		.4byte	.LFE545
 16168 06a9 0400     		.2byte	0x4
 16169 06ab F3       		.byte	0xf3
 16170 06ac 01       		.uleb128 0x1
 16171 06ad 51       		.byte	0x51
 16172 06ae 9F       		.byte	0x9f
ARM GAS  /tmp/cc3q4aVX.s 			page 285


 16173 06af 00000000 		.4byte	0
 16174 06b3 00000000 		.4byte	0
 16175              	.LVUS114:
 16176 06b7 00       		.uleb128 0
 16177 06b8 00       		.uleb128 .LVU622
 16178 06b9 00       		.uleb128 .LVU622
 16179 06ba 00       		.uleb128 .LVU625
 16180 06bb 00       		.uleb128 .LVU625
 16181 06bc 00       		.uleb128 0
 16182              	.LLST114:
 16183 06bd 1C000000 		.4byte	.LVL176
 16184 06c1 4E000000 		.4byte	.LVL181
 16185 06c5 0100     		.2byte	0x1
 16186 06c7 52       		.byte	0x52
 16187 06c8 4E000000 		.4byte	.LVL181
 16188 06cc 55000000 		.4byte	.LVL184-1
 16189 06d0 0100     		.2byte	0x1
 16190 06d2 53       		.byte	0x53
 16191 06d3 55000000 		.4byte	.LVL184-1
 16192 06d7 5C000000 		.4byte	.LFE545
 16193 06db 0400     		.2byte	0x4
 16194 06dd F3       		.byte	0xf3
 16195 06de 01       		.uleb128 0x1
 16196 06df 52       		.byte	0x52
 16197 06e0 9F       		.byte	0x9f
 16198 06e1 00000000 		.4byte	0
 16199 06e5 00000000 		.4byte	0
 16200              	.LVUS115:
 16201 06e9 02       		.uleb128 .LVU603
 16202 06ea 00       		.uleb128 .LVU622
 16203 06eb 00       		.uleb128 .LVU622
 16204 06ec 00       		.uleb128 .LVU625
 16205 06ed 00       		.uleb128 .LVU625
 16206 06ee 00       		.uleb128 .LVU625
 16207              	.LLST115:
 16208 06ef 1C000000 		.4byte	.LVL176
 16209 06f3 4E000000 		.4byte	.LVL181
 16210 06f7 0100     		.2byte	0x1
 16211 06f9 52       		.byte	0x52
 16212 06fa 4E000000 		.4byte	.LVL181
 16213 06fe 55000000 		.4byte	.LVL184-1
 16214 0702 0100     		.2byte	0x1
 16215 0704 53       		.byte	0x53
 16216 0705 55000000 		.4byte	.LVL184-1
 16217 0709 56000000 		.4byte	.LVL184
 16218 070d 0400     		.2byte	0x4
 16219 070f F3       		.byte	0xf3
 16220 0710 01       		.uleb128 0x1
 16221 0711 52       		.byte	0x52
 16222 0712 9F       		.byte	0x9f
 16223 0713 00000000 		.4byte	0
 16224 0717 00000000 		.4byte	0
 16225              	.LVUS116:
 16226 071b 02       		.uleb128 .LVU603
 16227 071c 00       		.uleb128 .LVU609
 16228 071d 00       		.uleb128 .LVU609
 16229 071e 00       		.uleb128 .LVU619
ARM GAS  /tmp/cc3q4aVX.s 			page 286


 16230 071f 00       		.uleb128 .LVU619
 16231 0720 00       		.uleb128 .LVU623
 16232 0721 00       		.uleb128 .LVU623
 16233 0722 00       		.uleb128 .LVU625
 16234 0723 00       		.uleb128 .LVU625
 16235 0724 00       		.uleb128 .LVU625
 16236              	.LLST116:
 16237 0725 1C000000 		.4byte	.LVL176
 16238 0729 2A000000 		.4byte	.LVL177
 16239 072d 0100     		.2byte	0x1
 16240 072f 51       		.byte	0x51
 16241 0730 2A000000 		.4byte	.LVL177
 16242 0734 4A000000 		.4byte	.LVL180
 16243 0738 0400     		.2byte	0x4
 16244 073a F3       		.byte	0xf3
 16245 073b 01       		.uleb128 0x1
 16246 073c 51       		.byte	0x51
 16247 073d 9F       		.byte	0x9f
 16248 073e 4A000000 		.4byte	.LVL180
 16249 0742 50000000 		.4byte	.LVL182
 16250 0746 0100     		.2byte	0x1
 16251 0748 51       		.byte	0x51
 16252 0749 50000000 		.4byte	.LVL182
 16253 074d 55000000 		.4byte	.LVL184-1
 16254 0751 0100     		.2byte	0x1
 16255 0753 52       		.byte	0x52
 16256 0754 55000000 		.4byte	.LVL184-1
 16257 0758 56000000 		.4byte	.LVL184
 16258 075c 0400     		.2byte	0x4
 16259 075e F3       		.byte	0xf3
 16260 075f 01       		.uleb128 0x1
 16261 0760 51       		.byte	0x51
 16262 0761 9F       		.byte	0x9f
 16263 0762 00000000 		.4byte	0
 16264 0766 00000000 		.4byte	0
 16265              	.LVUS117:
 16266 076a 02       		.uleb128 .LVU603
 16267 076b 00       		.uleb128 .LVU609
 16268 076c 00       		.uleb128 .LVU609
 16269 076d 00       		.uleb128 .LVU619
 16270 076e 00       		.uleb128 .LVU619
 16271 076f 00       		.uleb128 .LVU624
 16272 0770 00       		.uleb128 .LVU624
 16273 0771 00       		.uleb128 .LVU625
 16274 0772 00       		.uleb128 .LVU625
 16275 0773 00       		.uleb128 .LVU625
 16276              	.LLST117:
 16277 0774 1C000000 		.4byte	.LVL176
 16278 0778 2A000000 		.4byte	.LVL177
 16279 077c 0100     		.2byte	0x1
 16280 077e 50       		.byte	0x50
 16281 077f 2A000000 		.4byte	.LVL177
 16282 0783 4A000000 		.4byte	.LVL180
 16283 0787 0400     		.2byte	0x4
 16284 0789 F3       		.byte	0xf3
 16285 078a 01       		.uleb128 0x1
 16286 078b 50       		.byte	0x50
ARM GAS  /tmp/cc3q4aVX.s 			page 287


 16287 078c 9F       		.byte	0x9f
 16288 078d 4A000000 		.4byte	.LVL180
 16289 0791 52000000 		.4byte	.LVL183
 16290 0795 0100     		.2byte	0x1
 16291 0797 50       		.byte	0x50
 16292 0798 52000000 		.4byte	.LVL183
 16293 079c 55000000 		.4byte	.LVL184-1
 16294 07a0 0100     		.2byte	0x1
 16295 07a2 51       		.byte	0x51
 16296 07a3 55000000 		.4byte	.LVL184-1
 16297 07a7 56000000 		.4byte	.LVL184
 16298 07ab 0400     		.2byte	0x4
 16299 07ad F3       		.byte	0xf3
 16300 07ae 01       		.uleb128 0x1
 16301 07af 50       		.byte	0x50
 16302 07b0 9F       		.byte	0x9f
 16303 07b1 00000000 		.4byte	0
 16304 07b5 00000000 		.4byte	0
 16305              	.LVUS118:
 16306 07b9 02       		.uleb128 .LVU603
 16307 07ba 00       		.uleb128 .LVU625
 16308              	.LLST118:
 16309 07bb 1C000000 		.4byte	.LVL176
 16310 07bf 56000000 		.4byte	.LVL184
 16311 07c3 0600     		.2byte	0x6
 16312 07c5 03       		.byte	0x3
 16313 07c6 00000000 		.4byte	_ZL17s_effect_instance
 16314 07ca 9F       		.byte	0x9f
 16315 07cb 00000000 		.4byte	0
 16316 07cf 00000000 		.4byte	0
 16317              	.LVUS119:
 16318 07d3 00       		.uleb128 .LVU609
 16319 07d4 00       		.uleb128 .LVU613
 16320 07d5 00       		.uleb128 .LVU613
 16321 07d6 01       		.uleb128 .LVU618
 16322 07d7 01       		.uleb128 .LVU618
 16323 07d8 00       		.uleb128 .LVU619
 16324              	.LLST119:
 16325 07d9 2A000000 		.4byte	.LVL177
 16326 07dd 3C000000 		.4byte	.LVL178
 16327 07e1 0100     		.2byte	0x1
 16328 07e3 53       		.byte	0x53
 16329 07e4 3C000000 		.4byte	.LVL178
 16330 07e8 48000000 		.4byte	.LVL179
 16331 07ec 0300     		.2byte	0x3
 16332 07ee 73       		.byte	0x73
 16333 07ef 7F       		.sleb128 -1
 16334 07f0 9F       		.byte	0x9f
 16335 07f1 48000000 		.4byte	.LVL179
 16336 07f5 4A000000 		.4byte	.LVL180
 16337 07f9 0100     		.2byte	0x1
 16338 07fb 53       		.byte	0x53
 16339 07fc 00000000 		.4byte	0
 16340 0800 00000000 		.4byte	0
 16341              	.LVUS111:
 16342 0804 00       		.uleb128 0
 16343 0805 00       		.uleb128 .LVU595
ARM GAS  /tmp/cc3q4aVX.s 			page 288


 16344 0806 00       		.uleb128 .LVU595
 16345 0807 00       		.uleb128 .LVU597
 16346 0808 00       		.uleb128 .LVU597
 16347 0809 00       		.uleb128 0
 16348              	.LLST111:
 16349 080a 00000000 		.4byte	.LVL172
 16350 080e 04000000 		.4byte	.LVL173
 16351 0812 0100     		.2byte	0x1
 16352 0814 50       		.byte	0x50
 16353 0815 04000000 		.4byte	.LVL173
 16354 0819 0B000000 		.4byte	.LVL174-1
 16355 081d 0100     		.2byte	0x1
 16356 081f 51       		.byte	0x51
 16357 0820 0B000000 		.4byte	.LVL174-1
 16358 0824 14000000 		.4byte	.LFE540
 16359 0828 0400     		.2byte	0x4
 16360 082a F3       		.byte	0xf3
 16361 082b 01       		.uleb128 0x1
 16362 082c 50       		.byte	0x50
 16363 082d 9F       		.byte	0x9f
 16364 082e 00000000 		.4byte	0
 16365 0832 00000000 		.4byte	0
 16366              	.LVUS85:
 16367 0836 00       		.uleb128 0
 16368 0837 00       		.uleb128 .LVU487
 16369 0838 00       		.uleb128 .LVU487
 16370 0839 00       		.uleb128 .LVU489
 16371 083a 00       		.uleb128 .LVU489
 16372 083b 00       		.uleb128 .LVU492
 16373 083c 00       		.uleb128 .LVU492
 16374 083d 00       		.uleb128 .LVU580
 16375 083e 00       		.uleb128 .LVU580
 16376 083f 00       		.uleb128 .LVU582
 16377 0840 00       		.uleb128 .LVU582
 16378 0841 00       		.uleb128 .LVU583
 16379 0842 00       		.uleb128 .LVU583
 16380 0843 00       		.uleb128 .LVU584
 16381 0844 00       		.uleb128 .LVU584
 16382 0845 00       		.uleb128 .LVU585
 16383 0846 00       		.uleb128 .LVU585
 16384 0847 00       		.uleb128 .LVU586
 16385 0848 00       		.uleb128 .LVU586
 16386 0849 00       		.uleb128 .LVU587
 16387 084a 00       		.uleb128 .LVU587
 16388 084b 00       		.uleb128 .LVU588
 16389 084c 00       		.uleb128 .LVU588
 16390 084d 00       		.uleb128 .LVU589
 16391 084e 00       		.uleb128 .LVU589
 16392 084f 00       		.uleb128 .LVU590
 16393 0850 00       		.uleb128 .LVU590
 16394 0851 00       		.uleb128 0
 16395              	.LLST85:
 16396 0852 00000000 		.4byte	.LVL141
 16397 0856 48000000 		.4byte	.LVL143
 16398 085a 0100     		.2byte	0x1
 16399 085c 50       		.byte	0x50
 16400 085d 48000000 		.4byte	.LVL143
ARM GAS  /tmp/cc3q4aVX.s 			page 289


 16401 0861 50000000 		.4byte	.LVL144
 16402 0865 0100     		.2byte	0x1
 16403 0867 54       		.byte	0x54
 16404 0868 50000000 		.4byte	.LVL144
 16405 086c 52000000 		.4byte	.LVL145
 16406 0870 0100     		.2byte	0x1
 16407 0872 50       		.byte	0x50
 16408 0873 52000000 		.4byte	.LVL145
 16409 0877 00010000 		.4byte	.LVL162
 16410 087b 0100     		.2byte	0x1
 16411 087d 54       		.byte	0x54
 16412 087e 00010000 		.4byte	.LVL162
 16413 0882 04010000 		.4byte	.LVL163
 16414 0886 0100     		.2byte	0x1
 16415 0888 50       		.byte	0x50
 16416 0889 04010000 		.4byte	.LVL163
 16417 088d 06010000 		.4byte	.LVL164
 16418 0891 0100     		.2byte	0x1
 16419 0893 54       		.byte	0x54
 16420 0894 06010000 		.4byte	.LVL164
 16421 0898 0A010000 		.4byte	.LVL165
 16422 089c 0100     		.2byte	0x1
 16423 089e 50       		.byte	0x50
 16424 089f 0A010000 		.4byte	.LVL165
 16425 08a3 0C010000 		.4byte	.LVL166
 16426 08a7 0100     		.2byte	0x1
 16427 08a9 54       		.byte	0x54
 16428 08aa 0C010000 		.4byte	.LVL166
 16429 08ae 10010000 		.4byte	.LVL167
 16430 08b2 0100     		.2byte	0x1
 16431 08b4 50       		.byte	0x50
 16432 08b5 10010000 		.4byte	.LVL167
 16433 08b9 12010000 		.4byte	.LVL168
 16434 08bd 0100     		.2byte	0x1
 16435 08bf 54       		.byte	0x54
 16436 08c0 12010000 		.4byte	.LVL168
 16437 08c4 16010000 		.4byte	.LVL169
 16438 08c8 0100     		.2byte	0x1
 16439 08ca 50       		.byte	0x50
 16440 08cb 16010000 		.4byte	.LVL169
 16441 08cf 18010000 		.4byte	.LVL170
 16442 08d3 0100     		.2byte	0x1
 16443 08d5 54       		.byte	0x54
 16444 08d6 18010000 		.4byte	.LVL170
 16445 08da 1C010000 		.4byte	.LVL171
 16446 08de 0100     		.2byte	0x1
 16447 08e0 50       		.byte	0x50
 16448 08e1 1C010000 		.4byte	.LVL171
 16449 08e5 3C010000 		.4byte	.LFE526
 16450 08e9 0100     		.2byte	0x1
 16451 08eb 54       		.byte	0x54
 16452 08ec 00000000 		.4byte	0
 16453 08f0 00000000 		.4byte	0
 16454              	.LVUS86:
 16455 08f4 00       		.uleb128 0
 16456 08f5 00       		.uleb128 .LVU473
 16457 08f6 00       		.uleb128 .LVU473
ARM GAS  /tmp/cc3q4aVX.s 			page 290


 16458 08f7 00       		.uleb128 .LVU487
 16459 08f8 00       		.uleb128 .LVU487
 16460 08f9 00       		.uleb128 .LVU489
 16461 08fa 00       		.uleb128 .LVU489
 16462 08fb 00       		.uleb128 .LVU499
 16463 08fc 00       		.uleb128 .LVU499
 16464 08fd 00       		.uleb128 .LVU580
 16465 08fe 00       		.uleb128 .LVU580
 16466 08ff 00       		.uleb128 .LVU583
 16467 0900 00       		.uleb128 .LVU583
 16468 0901 00       		.uleb128 0
 16469              	.LLST86:
 16470 0902 00000000 		.4byte	.LVL141
 16471 0906 14000000 		.4byte	.LVL142
 16472 090a 0100     		.2byte	0x1
 16473 090c 51       		.byte	0x51
 16474 090d 14000000 		.4byte	.LVL142
 16475 0911 48000000 		.4byte	.LVL143
 16476 0915 0100     		.2byte	0x1
 16477 0917 55       		.byte	0x55
 16478 0918 48000000 		.4byte	.LVL143
 16479 091c 50000000 		.4byte	.LVL144
 16480 0920 0400     		.2byte	0x4
 16481 0922 F3       		.byte	0xf3
 16482 0923 01       		.uleb128 0x1
 16483 0924 51       		.byte	0x51
 16484 0925 9F       		.byte	0x9f
 16485 0926 50000000 		.4byte	.LVL144
 16486 092a 62000000 		.4byte	.LVL149
 16487 092e 0100     		.2byte	0x1
 16488 0930 55       		.byte	0x55
 16489 0931 62000000 		.4byte	.LVL149
 16490 0935 00010000 		.4byte	.LVL162
 16491 0939 0400     		.2byte	0x4
 16492 093b F3       		.byte	0xf3
 16493 093c 01       		.uleb128 0x1
 16494 093d 51       		.byte	0x51
 16495 093e 9F       		.byte	0x9f
 16496 093f 00010000 		.4byte	.LVL162
 16497 0943 06010000 		.4byte	.LVL164
 16498 0947 0100     		.2byte	0x1
 16499 0949 51       		.byte	0x51
 16500 094a 06010000 		.4byte	.LVL164
 16501 094e 3C010000 		.4byte	.LFE526
 16502 0952 0100     		.2byte	0x1
 16503 0954 55       		.byte	0x55
 16504 0955 00000000 		.4byte	0
 16505 0959 00000000 		.4byte	0
 16506              	.LVUS87:
 16507 095d 01       		.uleb128 .LVU490
 16508 095e 00       		.uleb128 .LVU580
 16509              	.LLST87:
 16510 095f 50000000 		.4byte	.LVL144
 16511 0963 00010000 		.4byte	.LVL162
 16512 0967 0600     		.2byte	0x6
 16513 0969 0C       		.byte	0xc
 16514 096a 00B80B00 		.4byte	0xbb800
ARM GAS  /tmp/cc3q4aVX.s 			page 291


 16515 096e 9F       		.byte	0x9f
 16516 096f 00000000 		.4byte	0
 16517 0973 00000000 		.4byte	0
 16518              	.LVUS88:
 16519 0977 00       		.uleb128 .LVU493
 16520 0978 00       		.uleb128 .LVU497
 16521 0979 00       		.uleb128 .LVU497
 16522 097a 00       		.uleb128 .LVU517
 16523 097b 00       		.uleb128 .LVU517
 16524 097c 00       		.uleb128 .LVU520
 16525              	.LLST88:
 16526 097d 54000000 		.4byte	.LVL146
 16527 0981 5E000000 		.4byte	.LVL147
 16528 0985 0100     		.2byte	0x1
 16529 0987 50       		.byte	0x50
 16530 0988 5E000000 		.4byte	.LVL147
 16531 098c 86000000 		.4byte	.LVL153
 16532 0990 0100     		.2byte	0x1
 16533 0992 56       		.byte	0x56
 16534 0993 86000000 		.4byte	.LVL153
 16535 0997 8D000000 		.4byte	.LVL154-1
 16536 099b 0100     		.2byte	0x1
 16537 099d 50       		.byte	0x50
 16538 099e 00000000 		.4byte	0
 16539 09a2 00000000 		.4byte	0
 16540              	.LVUS89:
 16541 09a6 00       		.uleb128 .LVU498
 16542 09a7 00       		.uleb128 .LVU502
 16543 09a8 00       		.uleb128 .LVU502
 16544 09a9 00       		.uleb128 .LVU529
 16545 09aa 00       		.uleb128 .LVU529
 16546 09ab 00       		.uleb128 .LVU530
 16547              	.LLST89:
 16548 09ac 60000000 		.4byte	.LVL148
 16549 09b0 69000000 		.4byte	.LVL150-1
 16550 09b4 0100     		.2byte	0x1
 16551 09b6 50       		.byte	0x50
 16552 09b7 69000000 		.4byte	.LVL150-1
 16553 09bb A0000000 		.4byte	.LVL155
 16554 09bf 0100     		.2byte	0x1
 16555 09c1 55       		.byte	0x55
 16556 09c2 A0000000 		.4byte	.LVL155
 16557 09c6 A3000000 		.4byte	.LVL156-1
 16558 09ca 0100     		.2byte	0x1
 16559 09cc 50       		.byte	0x50
 16560 09cd 00000000 		.4byte	0
 16561 09d1 00000000 		.4byte	0
 16562              	.LVUS90:
 16563 09d5 01       		.uleb128 .LVU506
 16564 09d6 00       		.uleb128 .LVU529
 16565 09d7 00       		.uleb128 .LVU529
 16566 09d8 00       		.uleb128 .LVU530
 16567              	.LLST90:
 16568 09d9 70000000 		.4byte	.LVL151
 16569 09dd A0000000 		.4byte	.LVL155
 16570 09e1 0100     		.2byte	0x1
 16571 09e3 55       		.byte	0x55
ARM GAS  /tmp/cc3q4aVX.s 			page 292


 16572 09e4 A0000000 		.4byte	.LVL155
 16573 09e8 A3000000 		.4byte	.LVL156-1
 16574 09ec 0100     		.2byte	0x1
 16575 09ee 50       		.byte	0x50
 16576 09ef 00000000 		.4byte	0
 16577 09f3 00000000 		.4byte	0
 16578              	.LVUS91:
 16579 09f7 01       		.uleb128 .LVU506
 16580 09f8 00       		.uleb128 .LVU517
 16581 09f9 00       		.uleb128 .LVU517
 16582 09fa 00       		.uleb128 .LVU520
 16583              	.LLST91:
 16584 09fb 70000000 		.4byte	.LVL151
 16585 09ff 86000000 		.4byte	.LVL153
 16586 0a03 0100     		.2byte	0x1
 16587 0a05 56       		.byte	0x56
 16588 0a06 86000000 		.4byte	.LVL153
 16589 0a0a 8D000000 		.4byte	.LVL154-1
 16590 0a0e 0100     		.2byte	0x1
 16591 0a10 50       		.byte	0x50
 16592 0a11 00000000 		.4byte	0
 16593 0a15 00000000 		.4byte	0
 16594              	.LVUS92:
 16595 0a19 01       		.uleb128 .LVU506
 16596 0a1a 00       		.uleb128 .LVU540
 16597              	.LLST92:
 16598 0a1b 70000000 		.4byte	.LVL151
 16599 0a1f C0000000 		.4byte	.LVL159
 16600 0a23 0600     		.2byte	0x6
 16601 0a25 9E       		.byte	0x9e
 16602 0a26 04       		.uleb128 0x4
 16603 0a27 00803B47 		.4byte	0x473b8000
 16604 0a2b 00000000 		.4byte	0
 16605 0a2f 00000000 		.4byte	0
 16606              	.LVUS93:
 16607 0a33 01       		.uleb128 .LVU506
 16608 0a34 00       		.uleb128 .LVU540
 16609              	.LLST93:
 16610 0a35 70000000 		.4byte	.LVL151
 16611 0a39 C0000000 		.4byte	.LVL159
 16612 0a3d 0100     		.2byte	0x1
 16613 0a3f 54       		.byte	0x54
 16614 0a40 00000000 		.4byte	0
 16615 0a44 00000000 		.4byte	0
 16616              	.LVUS94:
 16617 0a48 01       		.uleb128 .LVU513
 16618 0a49 00       		.uleb128 .LVU520
 16619              	.LLST94:
 16620 0a4a 7E000000 		.4byte	.LVL152
 16621 0a4e 8E000000 		.4byte	.LVL154
 16622 0a52 0600     		.2byte	0x6
 16623 0a54 0C       		.byte	0xc
 16624 0a55 00EE0200 		.4byte	0x2ee00
 16625 0a59 9F       		.byte	0x9f
 16626 0a5a 00000000 		.4byte	0
 16627 0a5e 00000000 		.4byte	0
 16628              	.LVUS95:
ARM GAS  /tmp/cc3q4aVX.s 			page 293


 16629 0a62 01       		.uleb128 .LVU513
 16630 0a63 00       		.uleb128 .LVU517
 16631 0a64 00       		.uleb128 .LVU517
 16632 0a65 00       		.uleb128 .LVU520
 16633              	.LLST95:
 16634 0a66 7E000000 		.4byte	.LVL152
 16635 0a6a 86000000 		.4byte	.LVL153
 16636 0a6e 0100     		.2byte	0x1
 16637 0a70 56       		.byte	0x56
 16638 0a71 86000000 		.4byte	.LVL153
 16639 0a75 8D000000 		.4byte	.LVL154-1
 16640 0a79 0100     		.2byte	0x1
 16641 0a7b 50       		.byte	0x50
 16642 0a7c 00000000 		.4byte	0
 16643 0a80 00000000 		.4byte	0
 16644              	.LVUS96:
 16645 0a84 01       		.uleb128 .LVU513
 16646 0a85 00       		.uleb128 .LVU520
 16647              	.LLST96:
 16648 0a86 7E000000 		.4byte	.LVL152
 16649 0a8a 8E000000 		.4byte	.LVL154
 16650 0a8e 0400     		.2byte	0x4
 16651 0a90 74       		.byte	0x74
 16652 0a91 B005     		.sleb128 688
 16653 0a93 9F       		.byte	0x9f
 16654 0a94 00000000 		.4byte	0
 16655 0a98 00000000 		.4byte	0
 16656              	.LVUS97:
 16657 0a9c 02       		.uleb128 .LVU522
 16658 0a9d 00       		.uleb128 .LVU530
 16659              	.LLST97:
 16660 0a9e 8E000000 		.4byte	.LVL154
 16661 0aa2 A4000000 		.4byte	.LVL156
 16662 0aa6 0600     		.2byte	0x6
 16663 0aa8 0C       		.byte	0xc
 16664 0aa9 00EE0200 		.4byte	0x2ee00
 16665 0aad 9F       		.byte	0x9f
 16666 0aae 00000000 		.4byte	0
 16667 0ab2 00000000 		.4byte	0
 16668              	.LVUS98:
 16669 0ab6 02       		.uleb128 .LVU522
 16670 0ab7 00       		.uleb128 .LVU529
 16671 0ab8 00       		.uleb128 .LVU529
 16672 0ab9 00       		.uleb128 .LVU530
 16673              	.LLST98:
 16674 0aba 8E000000 		.4byte	.LVL154
 16675 0abe A0000000 		.4byte	.LVL155
 16676 0ac2 0100     		.2byte	0x1
 16677 0ac4 55       		.byte	0x55
 16678 0ac5 A0000000 		.4byte	.LVL155
 16679 0ac9 A3000000 		.4byte	.LVL156-1
 16680 0acd 0100     		.2byte	0x1
 16681 0acf 50       		.byte	0x50
 16682 0ad0 00000000 		.4byte	0
 16683 0ad4 00000000 		.4byte	0
 16684              	.LVUS99:
 16685 0ad8 02       		.uleb128 .LVU522
ARM GAS  /tmp/cc3q4aVX.s 			page 294


 16686 0ad9 00       		.uleb128 .LVU530
 16687              	.LLST99:
 16688 0ada 8E000000 		.4byte	.LVL154
 16689 0ade A4000000 		.4byte	.LVL156
 16690 0ae2 0400     		.2byte	0x4
 16691 0ae4 74       		.byte	0x74
 16692 0ae5 BC05     		.sleb128 700
 16693 0ae7 9F       		.byte	0x9f
 16694 0ae8 00000000 		.4byte	0
 16695 0aec 00000000 		.4byte	0
 16696              	.LVUS100:
 16697 0af0 00       		.uleb128 .LVU530
 16698 0af1 02       		.uleb128 .LVU532
 16699              	.LLST100:
 16700 0af2 A4000000 		.4byte	.LVL156
 16701 0af6 A4000000 		.4byte	.LVL156
 16702 0afa 0200     		.2byte	0x2
 16703 0afc 30       		.byte	0x30
 16704 0afd 9F       		.byte	0x9f
 16705 0afe 00000000 		.4byte	0
 16706 0b02 00000000 		.4byte	0
 16707              	.LVUS101:
 16708 0b06 05       		.uleb128 .LVU559
 16709 0b07 00       		.uleb128 .LVU580
 16710              	.LLST101:
 16711 0b08 E0000000 		.4byte	.LVL160
 16712 0b0c 00010000 		.4byte	.LVL162
 16713 0b10 0100     		.2byte	0x1
 16714 0b12 54       		.byte	0x54
 16715 0b13 00000000 		.4byte	0
 16716 0b17 00000000 		.4byte	0
 16717              	.LVUS102:
 16718 0b1b 04       		.uleb128 .LVU558
 16719 0b1c 00       		.uleb128 .LVU566
 16720              	.LLST102:
 16721 0b1d E0000000 		.4byte	.LVL160
 16722 0b21 F6000000 		.4byte	.LVL161
 16723 0b25 0600     		.2byte	0x6
 16724 0b27 9E       		.byte	0x9e
 16725 0b28 04       		.uleb128 0x4
 16726 0b29 0000003F 		.4byte	0x3f000000
 16727 0b2d 00000000 		.4byte	0
 16728 0b31 00000000 		.4byte	0
 16729              	.LVUS103:
 16730 0b35 02       		.uleb128 .LVU568
 16731 0b36 00       		.uleb128 .LVU580
 16732              	.LLST103:
 16733 0b37 F6000000 		.4byte	.LVL161
 16734 0b3b 00010000 		.4byte	.LVL162
 16735 0b3f 0400     		.2byte	0x4
 16736 0b41 0A       		.byte	0xa
 16737 0b42 5201     		.2byte	0x152
 16738 0b44 9F       		.byte	0x9f
 16739 0b45 00000000 		.4byte	0
 16740 0b49 00000000 		.4byte	0
 16741              	.LVUS104:
 16742 0b4d 02       		.uleb128 .LVU568
ARM GAS  /tmp/cc3q4aVX.s 			page 295


 16743 0b4e 00       		.uleb128 .LVU580
 16744              	.LLST104:
 16745 0b4f F6000000 		.4byte	.LVL161
 16746 0b53 00010000 		.4byte	.LVL162
 16747 0b57 0100     		.2byte	0x1
 16748 0b59 54       		.byte	0x54
 16749 0b5a 00000000 		.4byte	0
 16750 0b5e 00000000 		.4byte	0
 16751              	.LVUS105:
 16752 0b62 04       		.uleb128 .LVU570
 16753 0b63 00       		.uleb128 .LVU580
 16754              	.LLST105:
 16755 0b64 F6000000 		.4byte	.LVL161
 16756 0b68 00010000 		.4byte	.LVL162
 16757 0b6c 0600     		.2byte	0x6
 16758 0b6e 9E       		.byte	0x9e
 16759 0b6f 04       		.uleb128 0x4
 16760 0b70 6FBAB942 		.4byte	0x42b9ba6f
 16761 0b74 00000000 		.4byte	0
 16762 0b78 00000000 		.4byte	0
 16763              	.LVUS106:
 16764 0b7c 05       		.uleb128 .LVU571
 16765 0b7d 00       		.uleb128 .LVU580
 16766              	.LLST106:
 16767 0b7e F6000000 		.4byte	.LVL161
 16768 0b82 00010000 		.4byte	.LVL162
 16769 0b86 0300     		.2byte	0x3
 16770 0b88 08       		.byte	0x8
 16771 0b89 5C       		.byte	0x5c
 16772 0b8a 9F       		.byte	0x9f
 16773 0b8b 00000000 		.4byte	0
 16774 0b8f 00000000 		.4byte	0
 16775              	.LVUS107:
 16776 0b93 06       		.uleb128 .LVU572
 16777 0b94 00       		.uleb128 .LVU580
 16778              	.LLST107:
 16779 0b95 F6000000 		.4byte	.LVL161
 16780 0b99 00010000 		.4byte	.LVL162
 16781 0b9d 0400     		.2byte	0x4
 16782 0b9f 0A       		.byte	0xa
 16783 0ba0 37DD     		.2byte	0xdd37
 16784 0ba2 9F       		.byte	0x9f
 16785 0ba3 00000000 		.4byte	0
 16786 0ba7 00000000 		.4byte	0
 16787              	.LVUS108:
 16788 0bab 07       		.uleb128 .LVU573
 16789 0bac 00       		.uleb128 .LVU580
 16790              	.LLST108:
 16791 0bad F6000000 		.4byte	.LVL161
 16792 0bb1 00010000 		.4byte	.LVL162
 16793 0bb5 0600     		.2byte	0x6
 16794 0bb7 0C       		.byte	0xc
 16795 0bb8 37DD5C00 		.4byte	0x5cdd37
 16796 0bbc 9F       		.byte	0x9f
 16797 0bbd 00000000 		.4byte	0
 16798 0bc1 00000000 		.4byte	0
 16799              	.LVUS109:
ARM GAS  /tmp/cc3q4aVX.s 			page 296


 16800 0bc5 07       		.uleb128 .LVU573
 16801 0bc6 00       		.uleb128 .LVU580
 16802              	.LLST109:
 16803 0bc7 F6000000 		.4byte	.LVL161
 16804 0bcb 00010000 		.4byte	.LVL162
 16805 0bcf 0100     		.2byte	0x1
 16806 0bd1 54       		.byte	0x54
 16807 0bd2 00000000 		.4byte	0
 16808 0bd6 00000000 		.4byte	0
 16809              	.LVUS110:
 16810 0bda 09       		.uleb128 .LVU575
 16811 0bdb 00       		.uleb128 .LVU580
 16812              	.LLST110:
 16813 0bdc F6000000 		.4byte	.LVL161
 16814 0be0 00010000 		.4byte	.LVL162
 16815 0be4 0600     		.2byte	0x6
 16816 0be6 9E       		.byte	0x9e
 16817 0be7 04       		.uleb128 0x4
 16818 0be8 6EBAB942 		.4byte	0x42b9ba6e
 16819 0bec 00000000 		.4byte	0
 16820 0bf0 00000000 		.4byte	0
 16821              	.LVUS50:
 16822 0bf4 00       		.uleb128 0
 16823 0bf5 00       		.uleb128 .LVU303
 16824 0bf6 00       		.uleb128 .LVU303
 16825 0bf7 00       		.uleb128 .LVU464
 16826 0bf8 00       		.uleb128 .LVU464
 16827 0bf9 00       		.uleb128 0
 16828              	.LLST50:
 16829 0bfa 00000000 		.4byte	.LVL77
 16830 0bfe 1E000000 		.4byte	.LVL79
 16831 0c02 0100     		.2byte	0x1
 16832 0c04 50       		.byte	0x50
 16833 0c05 1E000000 		.4byte	.LVL79
 16834 0c09 24020000 		.4byte	.LVL140
 16835 0c0d 0100     		.2byte	0x1
 16836 0c0f 54       		.byte	0x54
 16837 0c10 24020000 		.4byte	.LVL140
 16838 0c14 2C020000 		.4byte	.LFE513
 16839 0c18 0400     		.2byte	0x4
 16840 0c1a F3       		.byte	0xf3
 16841 0c1b 01       		.uleb128 0x1
 16842 0c1c 50       		.byte	0x50
 16843 0c1d 9F       		.byte	0x9f
 16844 0c1e 00000000 		.4byte	0
 16845 0c22 00000000 		.4byte	0
 16846              	.LVUS51:
 16847 0c26 00       		.uleb128 0
 16848 0c27 00       		.uleb128 .LVU303
 16849 0c28 00       		.uleb128 .LVU303
 16850 0c29 00       		.uleb128 0
 16851              	.LLST51:
 16852 0c2a 00000000 		.4byte	.LVL77
 16853 0c2e 1E000000 		.4byte	.LVL79
 16854 0c32 0100     		.2byte	0x1
 16855 0c34 51       		.byte	0x51
 16856 0c35 1E000000 		.4byte	.LVL79
ARM GAS  /tmp/cc3q4aVX.s 			page 297


 16857 0c39 2C020000 		.4byte	.LFE513
 16858 0c3d 0400     		.2byte	0x4
 16859 0c3f F3       		.byte	0xf3
 16860 0c40 01       		.uleb128 0x1
 16861 0c41 51       		.byte	0x51
 16862 0c42 9F       		.byte	0x9f
 16863 0c43 00000000 		.4byte	0
 16864 0c47 00000000 		.4byte	0
 16865              	.LVUS52:
 16866 0c4b 00       		.uleb128 0
 16867 0c4c 00       		.uleb128 .LVU303
 16868 0c4d 00       		.uleb128 .LVU303
 16869 0c4e 00       		.uleb128 0
 16870              	.LLST52:
 16871 0c4f 00000000 		.4byte	.LVL77
 16872 0c53 1E000000 		.4byte	.LVL79
 16873 0c57 0100     		.2byte	0x1
 16874 0c59 52       		.byte	0x52
 16875 0c5a 1E000000 		.4byte	.LVL79
 16876 0c5e 2C020000 		.4byte	.LFE513
 16877 0c62 0400     		.2byte	0x4
 16878 0c64 F3       		.byte	0xf3
 16879 0c65 01       		.uleb128 0x1
 16880 0c66 52       		.byte	0x52
 16881 0c67 9F       		.byte	0x9f
 16882 0c68 00000000 		.4byte	0
 16883 0c6c 00000000 		.4byte	0
 16884              	.LVUS53:
 16885 0c70 00       		.uleb128 0
 16886 0c71 00       		.uleb128 .LVU302
 16887 0c72 00       		.uleb128 .LVU302
 16888 0c73 00       		.uleb128 .LVU464
 16889 0c74 00       		.uleb128 .LVU464
 16890 0c75 00       		.uleb128 0
 16891              	.LLST53:
 16892 0c76 00000000 		.4byte	.LVL77
 16893 0c7a 1C000000 		.4byte	.LVL78
 16894 0c7e 0100     		.2byte	0x1
 16895 0c80 53       		.byte	0x53
 16896 0c81 1C000000 		.4byte	.LVL78
 16897 0c85 24020000 		.4byte	.LVL140
 16898 0c89 0300     		.2byte	0x3
 16899 0c8b 91       		.byte	0x91
 16900 0c8c AC7F     		.sleb128 -84
 16901 0c8e 24020000 		.4byte	.LVL140
 16902 0c92 2C020000 		.4byte	.LFE513
 16903 0c96 0300     		.2byte	0x3
 16904 0c98 7D       		.byte	0x7d
 16905 0c99 AC7F     		.sleb128 -84
 16906 0c9b 00000000 		.4byte	0
 16907 0c9f 00000000 		.4byte	0
 16908              	.LVUS54:
 16909 0ca3 02       		.uleb128 .LVU297
 16910 0ca4 00       		.uleb128 .LVU303
 16911 0ca5 00       		.uleb128 .LVU303
 16912 0ca6 00       		.uleb128 .LVU461
 16913 0ca7 00       		.uleb128 .LVU461
ARM GAS  /tmp/cc3q4aVX.s 			page 298


 16914 0ca8 00       		.uleb128 0
 16915              	.LLST54:
 16916 0ca9 00000000 		.4byte	.LVL77
 16917 0cad 1E000000 		.4byte	.LVL79
 16918 0cb1 0200     		.2byte	0x2
 16919 0cb3 30       		.byte	0x30
 16920 0cb4 9F       		.byte	0x9f
 16921 0cb5 1E000000 		.4byte	.LVL79
 16922 0cb9 18020000 		.4byte	.LVL138
 16923 0cbd 0300     		.2byte	0x3
 16924 0cbf 91       		.byte	0x91
 16925 0cc0 A47F     		.sleb128 -92
 16926 0cc2 18020000 		.4byte	.LVL138
 16927 0cc6 2C020000 		.4byte	.LFE513
 16928 0cca 0100     		.2byte	0x1
 16929 0ccc 53       		.byte	0x53
 16930 0ccd 00000000 		.4byte	0
 16931 0cd1 00000000 		.4byte	0
 16932              	.LVUS55:
 16933 0cd5 02       		.uleb128 .LVU341
 16934 0cd6 00       		.uleb128 .LVU347
 16935 0cd7 00       		.uleb128 .LVU347
 16936 0cd8 00       		.uleb128 .LVU462
 16937              	.LLST55:
 16938 0cd9 8A000000 		.4byte	.LVL86
 16939 0cdd 98000000 		.4byte	.LVL89
 16940 0ce1 0600     		.2byte	0x6
 16941 0ce3 9E       		.byte	0x9e
 16942 0ce4 04       		.uleb128 0x4
 16943 0ce5 00000000 		.4byte	0
 16944 0ce9 98000000 		.4byte	.LVL89
 16945 0ced 1A020000 		.4byte	.LVL139
 16946 0cf1 0200     		.2byte	0x2
 16947 0cf3 90       		.byte	0x90
 16948 0cf4 55       		.uleb128 0x55
 16949 0cf5 00000000 		.4byte	0
 16950 0cf9 00000000 		.4byte	0
 16951              	.LVUS56:
 16952 0cfd 02       		.uleb128 .LVU341
 16953 0cfe 00       		.uleb128 .LVU347
 16954 0cff 00       		.uleb128 .LVU347
 16955 0d00 00       		.uleb128 .LVU462
 16956              	.LLST56:
 16957 0d01 8A000000 		.4byte	.LVL86
 16958 0d05 98000000 		.4byte	.LVL89
 16959 0d09 0600     		.2byte	0x6
 16960 0d0b 9E       		.byte	0x9e
 16961 0d0c 04       		.uleb128 0x4
 16962 0d0d 00000000 		.4byte	0
 16963 0d11 98000000 		.4byte	.LVL89
 16964 0d15 1A020000 		.4byte	.LVL139
 16965 0d19 0200     		.2byte	0x2
 16966 0d1b 90       		.byte	0x90
 16967 0d1c 54       		.uleb128 0x54
 16968 0d1d 00000000 		.4byte	0
 16969 0d21 00000000 		.4byte	0
 16970              	.LVUS57:
ARM GAS  /tmp/cc3q4aVX.s 			page 299


 16971 0d25 00       		.uleb128 .LVU344
 16972 0d26 00       		.uleb128 .LVU346
 16973 0d27 00       		.uleb128 .LVU346
 16974 0d28 00       		.uleb128 .LVU462
 16975              	.LLST57:
 16976 0d29 94000000 		.4byte	.LVL87
 16977 0d2d 96000000 		.4byte	.LVL88
 16978 0d31 0100     		.2byte	0x1
 16979 0d33 53       		.byte	0x53
 16980 0d34 96000000 		.4byte	.LVL88
 16981 0d38 1A020000 		.4byte	.LVL139
 16982 0d3c 0200     		.2byte	0x2
 16983 0d3e 7D       		.byte	0x7d
 16984 0d3f 00       		.sleb128 0
 16985 0d40 00000000 		.4byte	0
 16986 0d44 00000000 		.4byte	0
 16987              	.LVUS58:
 16988 0d48 01       		.uleb128 .LVU345
 16989 0d49 00       		.uleb128 .LVU347
 16990 0d4a 00       		.uleb128 .LVU347
 16991 0d4b 00       		.uleb128 .LVU371
 16992 0d4c 00       		.uleb128 .LVU371
 16993 0d4d 00       		.uleb128 .LVU388
 16994 0d4e 00       		.uleb128 .LVU388
 16995 0d4f 00       		.uleb128 .LVU408
 16996 0d50 00       		.uleb128 .LVU408
 16997 0d51 00       		.uleb128 .LVU411
 16998 0d52 00       		.uleb128 .LVU411
 16999 0d53 00       		.uleb128 .LVU429
 17000 0d54 00       		.uleb128 .LVU429
 17001 0d55 00       		.uleb128 .LVU441
 17002 0d56 00       		.uleb128 .LVU441
 17003 0d57 00       		.uleb128 .LVU448
 17004 0d58 00       		.uleb128 .LVU448
 17005 0d59 00       		.uleb128 .LVU455
 17006 0d5a 00       		.uleb128 .LVU455
 17007 0d5b 00       		.uleb128 .LVU462
 17008              	.LLST58:
 17009 0d5c 94000000 		.4byte	.LVL87
 17010 0d60 98000000 		.4byte	.LVL89
 17011 0d64 0200     		.2byte	0x2
 17012 0d66 30       		.byte	0x30
 17013 0d67 9F       		.byte	0x9f
 17014 0d68 98000000 		.4byte	.LVL89
 17015 0d6c F6000000 		.4byte	.LVL96
 17016 0d70 0300     		.2byte	0x3
 17017 0d72 91       		.byte	0x91
 17018 0d73 A87F     		.sleb128 -88
 17019 0d75 F6000000 		.4byte	.LVL96
 17020 0d79 29010000 		.4byte	.LVL102-1
 17021 0d7d 0100     		.2byte	0x1
 17022 0d7f 53       		.byte	0x53
 17023 0d80 29010000 		.4byte	.LVL102-1
 17024 0d84 6A010000 		.4byte	.LVL113
 17025 0d88 0300     		.2byte	0x3
 17026 0d8a 91       		.byte	0x91
 17027 0d8b A87F     		.sleb128 -88
ARM GAS  /tmp/cc3q4aVX.s 			page 300


 17028 0d8d 6A010000 		.4byte	.LVL113
 17029 0d91 73010000 		.4byte	.LVL114-1
 17030 0d95 0100     		.2byte	0x1
 17031 0d97 53       		.byte	0x53
 17032 0d98 73010000 		.4byte	.LVL114-1
 17033 0d9c BE010000 		.4byte	.LVL124
 17034 0da0 0300     		.2byte	0x3
 17035 0da2 91       		.byte	0x91
 17036 0da3 A87F     		.sleb128 -88
 17037 0da5 BE010000 		.4byte	.LVL124
 17038 0da9 E9010000 		.4byte	.LVL128-1
 17039 0dad 0100     		.2byte	0x1
 17040 0daf 53       		.byte	0x53
 17041 0db0 E9010000 		.4byte	.LVL128-1
 17042 0db4 FA010000 		.4byte	.LVL132
 17043 0db8 0300     		.2byte	0x3
 17044 0dba 91       		.byte	0x91
 17045 0dbb A87F     		.sleb128 -88
 17046 0dbd FA010000 		.4byte	.LVL132
 17047 0dc1 08020000 		.4byte	.LVL137
 17048 0dc5 0100     		.2byte	0x1
 17049 0dc7 53       		.byte	0x53
 17050 0dc8 08020000 		.4byte	.LVL137
 17051 0dcc 1A020000 		.4byte	.LVL139
 17052 0dd0 0300     		.2byte	0x3
 17053 0dd2 91       		.byte	0x91
 17054 0dd3 A87F     		.sleb128 -88
 17055 0dd5 00000000 		.4byte	0
 17056 0dd9 00000000 		.4byte	0
 17057              	.LVUS59:
 17058 0ddd 00       		.uleb128 .LVU357
 17059 0dde 00       		.uleb128 .LVU371
 17060 0ddf 00       		.uleb128 .LVU374
 17061 0de0 00       		.uleb128 .LVU400
 17062 0de1 00       		.uleb128 .LVU408
 17063 0de2 01       		.uleb128 .LVU418
 17064 0de3 00       		.uleb128 .LVU430
 17065 0de4 00       		.uleb128 .LVU452
 17066              	.LLST59:
 17067 0de5 D0000000 		.4byte	.LVL91
 17068 0de9 F6000000 		.4byte	.LVL96
 17069 0ded 0200     		.2byte	0x2
 17070 0def 90       		.byte	0x90
 17071 0df0 50       		.uleb128 0x50
 17072 0df1 FC000000 		.4byte	.LVL98
 17073 0df5 52010000 		.4byte	.LVL108
 17074 0df9 0200     		.2byte	0x2
 17075 0dfb 90       		.byte	0x90
 17076 0dfc 50       		.uleb128 0x50
 17077 0dfd 6A010000 		.4byte	.LVL113
 17078 0e01 90010000 		.4byte	.LVL119
 17079 0e05 0200     		.2byte	0x2
 17080 0e07 90       		.byte	0x90
 17081 0e08 50       		.uleb128 0x50
 17082 0e09 C0010000 		.4byte	.LVL125
 17083 0e0d 06020000 		.4byte	.LVL136
 17084 0e11 0200     		.2byte	0x2
ARM GAS  /tmp/cc3q4aVX.s 			page 301


 17085 0e13 90       		.byte	0x90
 17086 0e14 50       		.uleb128 0x50
 17087 0e15 00000000 		.4byte	0
 17088 0e19 00000000 		.4byte	0
 17089              	.LVUS60:
 17090 0e1d 00       		.uleb128 .LVU367
 17091 0e1e 00       		.uleb128 .LVU369
 17092 0e1f 00       		.uleb128 .LVU369
 17093 0e20 00       		.uleb128 .LVU371
 17094 0e21 00       		.uleb128 .LVU397
 17095 0e22 00       		.uleb128 .LVU408
 17096 0e23 00       		.uleb128 .LVU414
 17097 0e24 00       		.uleb128 .LVU416
 17098 0e25 00       		.uleb128 .LVU416
 17099 0e26 00       		.uleb128 .LVU423
 17100 0e27 00       		.uleb128 .LVU443
 17101 0e28 00       		.uleb128 .LVU445
 17102 0e29 00       		.uleb128 .LVU445
 17103 0e2a 00       		.uleb128 .LVU448
 17104              	.LLST60:
 17105 0e2b EC000000 		.4byte	.LVL93
 17106 0e2f F0000000 		.4byte	.LVL94
 17107 0e33 0200     		.2byte	0x2
 17108 0e35 90       		.byte	0x90
 17109 0e36 40       		.uleb128 0x40
 17110 0e37 F0000000 		.4byte	.LVL94
 17111 0e3b F6000000 		.4byte	.LVL96
 17112 0e3f 0200     		.2byte	0x2
 17113 0e41 90       		.byte	0x90
 17114 0e42 51       		.uleb128 0x51
 17115 0e43 46010000 		.4byte	.LVL106
 17116 0e47 6A010000 		.4byte	.LVL113
 17117 0e4b 0200     		.2byte	0x2
 17118 0e4d 90       		.byte	0x90
 17119 0e4e 51       		.uleb128 0x51
 17120 0e4f 80010000 		.4byte	.LVL116
 17121 0e53 84010000 		.4byte	.LVL117
 17122 0e57 0200     		.2byte	0x2
 17123 0e59 90       		.byte	0x90
 17124 0e5a 40       		.uleb128 0x40
 17125 0e5b 84010000 		.4byte	.LVL117
 17126 0e5f 9C010000 		.4byte	.LVL120
 17127 0e63 0200     		.2byte	0x2
 17128 0e65 90       		.byte	0x90
 17129 0e66 51       		.uleb128 0x51
 17130 0e67 F0010000 		.4byte	.LVL129
 17131 0e6b F4010000 		.4byte	.LVL130
 17132 0e6f 0200     		.2byte	0x2
 17133 0e71 90       		.byte	0x90
 17134 0e72 40       		.uleb128 0x40
 17135 0e73 F4010000 		.4byte	.LVL130
 17136 0e77 FA010000 		.4byte	.LVL132
 17137 0e7b 0200     		.2byte	0x2
 17138 0e7d 90       		.byte	0x90
 17139 0e7e 51       		.uleb128 0x51
 17140 0e7f 00000000 		.4byte	0
 17141 0e83 00000000 		.4byte	0
ARM GAS  /tmp/cc3q4aVX.s 			page 302


 17142              	.LVUS61:
 17143 0e87 00       		.uleb128 .LVU370
 17144 0e88 00       		.uleb128 .LVU371
 17145 0e89 00       		.uleb128 .LVU406
 17146 0e8a 00       		.uleb128 .LVU408
 17147 0e8b 00       		.uleb128 .LVU417
 17148 0e8c 00       		.uleb128 .LVU424
 17149 0e8d 00       		.uleb128 .LVU446
 17150 0e8e 00       		.uleb128 .LVU448
 17151              	.LLST61:
 17152 0e8f F4000000 		.4byte	.LVL95
 17153 0e93 F6000000 		.4byte	.LVL96
 17154 0e97 0200     		.2byte	0x2
 17155 0e99 90       		.byte	0x90
 17156 0e9a 40       		.uleb128 0x40
 17157 0e9b 68010000 		.4byte	.LVL112
 17158 0e9f 6A010000 		.4byte	.LVL113
 17159 0ea3 0200     		.2byte	0x2
 17160 0ea5 90       		.byte	0x90
 17161 0ea6 40       		.uleb128 0x40
 17162 0ea7 90010000 		.4byte	.LVL119
 17163 0eab A4010000 		.4byte	.LVL121
 17164 0eaf 0200     		.2byte	0x2
 17165 0eb1 90       		.byte	0x90
 17166 0eb2 40       		.uleb128 0x40
 17167 0eb3 F8010000 		.4byte	.LVL131
 17168 0eb7 FA010000 		.4byte	.LVL132
 17169 0ebb 0200     		.2byte	0x2
 17170 0ebd 90       		.byte	0x90
 17171 0ebe 40       		.uleb128 0x40
 17172 0ebf 00000000 		.4byte	0
 17173 0ec3 00000000 		.4byte	0
 17174              	.LVUS65:
 17175 0ec7 00       		.uleb128 .LVU438
 17176 0ec8 00       		.uleb128 .LVU448
 17177              	.LLST65:
 17178 0ec9 E0010000 		.4byte	.LVL127
 17179 0ecd FA010000 		.4byte	.LVL132
 17180 0ed1 0200     		.2byte	0x2
 17181 0ed3 90       		.byte	0x90
 17182 0ed4 52       		.uleb128 0x52
 17183 0ed5 00000000 		.4byte	0
 17184 0ed9 00000000 		.4byte	0
 17185              	.LVUS66:
 17186 0edd 00       		.uleb128 .LVU434
 17187 0ede 00       		.uleb128 .LVU438
 17188 0edf 00       		.uleb128 .LVU448
 17189 0ee0 00       		.uleb128 .LVU450
 17190              	.LLST66:
 17191 0ee1 C8010000 		.4byte	.LVL126
 17192 0ee5 E0010000 		.4byte	.LVL127
 17193 0ee9 0600     		.2byte	0x6
 17194 0eeb 9E       		.byte	0x9e
 17195 0eec 04       		.uleb128 0x4
 17196 0eed C07F3B48 		.4byte	0x483b7fc0
 17197 0ef1 FA010000 		.4byte	.LVL132
 17198 0ef5 00020000 		.4byte	.LVL134
ARM GAS  /tmp/cc3q4aVX.s 			page 303


 17199 0ef9 0600     		.2byte	0x6
 17200 0efb 9E       		.byte	0x9e
 17201 0efc 04       		.uleb128 0x4
 17202 0efd C07F3B48 		.4byte	0x483b7fc0
 17203 0f01 00000000 		.4byte	0
 17204 0f05 00000000 		.4byte	0
 17205              	.LVUS67:
 17206 0f09 00       		.uleb128 .LVU434
 17207 0f0a 00       		.uleb128 .LVU438
 17208 0f0b 00       		.uleb128 .LVU448
 17209 0f0c 00       		.uleb128 .LVU450
 17210              	.LLST67:
 17211 0f0d C8010000 		.4byte	.LVL126
 17212 0f11 E0010000 		.4byte	.LVL127
 17213 0f15 0600     		.2byte	0x6
 17214 0f17 9E       		.byte	0x9e
 17215 0f18 04       		.uleb128 0x4
 17216 0f19 0000803F 		.4byte	0x3f800000
 17217 0f1d FA010000 		.4byte	.LVL132
 17218 0f21 00020000 		.4byte	.LVL134
 17219 0f25 0600     		.2byte	0x6
 17220 0f27 9E       		.byte	0x9e
 17221 0f28 04       		.uleb128 0x4
 17222 0f29 0000803F 		.4byte	0x3f800000
 17223 0f2d 00000000 		.4byte	0
 17224 0f31 00000000 		.4byte	0
 17225              	.LVUS68:
 17226 0f35 00       		.uleb128 .LVU434
 17227 0f36 00       		.uleb128 .LVU438
 17228 0f37 00       		.uleb128 .LVU448
 17229 0f38 00       		.uleb128 .LVU449
 17230 0f39 00       		.uleb128 .LVU449
 17231 0f3a 00       		.uleb128 .LVU450
 17232              	.LLST68:
 17233 0f3b C8010000 		.4byte	.LVL126
 17234 0f3f E0010000 		.4byte	.LVL127
 17235 0f43 0200     		.2byte	0x2
 17236 0f45 90       		.byte	0x90
 17237 0f46 52       		.uleb128 0x52
 17238 0f47 FA010000 		.4byte	.LVL132
 17239 0f4b FE010000 		.4byte	.LVL133
 17240 0f4f 0200     		.2byte	0x2
 17241 0f51 90       		.byte	0x90
 17242 0f52 52       		.uleb128 0x52
 17243 0f53 FE010000 		.4byte	.LVL133
 17244 0f57 00020000 		.4byte	.LVL134
 17245 0f5b 0800     		.2byte	0x8
 17246 0f5d F5       		.byte	0xf5
 17247 0f5e 50       		.uleb128 0x50
 17248 0f5f 25       		.uleb128 0x25
 17249 0f60 F5       		.byte	0xf5
 17250 0f61 4F       		.uleb128 0x4f
 17251 0f62 25       		.uleb128 0x25
 17252 0f63 1B       		.byte	0x1b
 17253 0f64 9F       		.byte	0x9f
 17254 0f65 00000000 		.4byte	0
 17255 0f69 00000000 		.4byte	0
ARM GAS  /tmp/cc3q4aVX.s 			page 304


 17256              	.LVUS69:
 17257 0f6d 03       		.uleb128 .LVU379
 17258 0f6e 00       		.uleb128 .LVU400
 17259 0f6f 00       		.uleb128 .LVU450
 17260 0f70 00       		.uleb128 .LVU452
 17261              	.LLST69:
 17262 0f71 00010000 		.4byte	.LVL99
 17263 0f75 52010000 		.4byte	.LVL108
 17264 0f79 0200     		.2byte	0x2
 17265 0f7b 90       		.byte	0x90
 17266 0f7c 50       		.uleb128 0x50
 17267 0f7d 00020000 		.4byte	.LVL134
 17268 0f81 06020000 		.4byte	.LVL136
 17269 0f85 0200     		.2byte	0x2
 17270 0f87 90       		.byte	0x90
 17271 0f88 50       		.uleb128 0x50
 17272 0f89 00000000 		.4byte	0
 17273 0f8d 00000000 		.4byte	0
 17274              	.LVUS70:
 17275 0f91 00       		.uleb128 .LVU385
 17276 0f92 00       		.uleb128 .LVU408
 17277              	.LLST70:
 17278 0f93 20010000 		.4byte	.LVL101
 17279 0f97 6A010000 		.4byte	.LVL113
 17280 0f9b 0200     		.2byte	0x2
 17281 0f9d 90       		.byte	0x90
 17282 0f9e 52       		.uleb128 0x52
 17283 0f9f 00000000 		.4byte	0
 17284 0fa3 00000000 		.4byte	0
 17285              	.LVUS71:
 17286 0fa7 00       		.uleb128 .LVU390
 17287 0fa8 00       		.uleb128 .LVU408
 17288              	.LLST71:
 17289 0fa9 3C010000 		.4byte	.LVL104
 17290 0fad 6A010000 		.4byte	.LVL113
 17291 0fb1 0200     		.2byte	0x2
 17292 0fb3 90       		.byte	0x90
 17293 0fb4 58       		.uleb128 0x58
 17294 0fb5 00000000 		.4byte	0
 17295 0fb9 00000000 		.4byte	0
 17296              	.LVUS72:
 17297 0fbd 00       		.uleb128 .LVU381
 17298 0fbe 00       		.uleb128 .LVU385
 17299 0fbf 00       		.uleb128 .LVU450
 17300 0fc0 00       		.uleb128 .LVU452
 17301              	.LLST72:
 17302 0fc1 08010000 		.4byte	.LVL100
 17303 0fc5 20010000 		.4byte	.LVL101
 17304 0fc9 0600     		.2byte	0x6
 17305 0fcb 9E       		.byte	0x9e
 17306 0fcc 04       		.uleb128 0x4
 17307 0fcd C07F3B48 		.4byte	0x483b7fc0
 17308 0fd1 00020000 		.4byte	.LVL134
 17309 0fd5 06020000 		.4byte	.LVL136
 17310 0fd9 0600     		.2byte	0x6
 17311 0fdb 9E       		.byte	0x9e
 17312 0fdc 04       		.uleb128 0x4
ARM GAS  /tmp/cc3q4aVX.s 			page 305


 17313 0fdd C07F3B48 		.4byte	0x483b7fc0
 17314 0fe1 00000000 		.4byte	0
 17315 0fe5 00000000 		.4byte	0
 17316              	.LVUS73:
 17317 0fe9 00       		.uleb128 .LVU381
 17318 0fea 00       		.uleb128 .LVU385
 17319 0feb 00       		.uleb128 .LVU450
 17320 0fec 00       		.uleb128 .LVU452
 17321              	.LLST73:
 17322 0fed 08010000 		.4byte	.LVL100
 17323 0ff1 20010000 		.4byte	.LVL101
 17324 0ff5 0600     		.2byte	0x6
 17325 0ff7 9E       		.byte	0x9e
 17326 0ff8 04       		.uleb128 0x4
 17327 0ff9 0000803F 		.4byte	0x3f800000
 17328 0ffd 00020000 		.4byte	.LVL134
 17329 1001 06020000 		.4byte	.LVL136
 17330 1005 0600     		.2byte	0x6
 17331 1007 9E       		.byte	0x9e
 17332 1008 04       		.uleb128 0x4
 17333 1009 0000803F 		.4byte	0x3f800000
 17334 100d 00000000 		.4byte	0
 17335 1011 00000000 		.4byte	0
 17336              	.LVUS74:
 17337 1015 00       		.uleb128 .LVU381
 17338 1016 00       		.uleb128 .LVU385
 17339 1017 00       		.uleb128 .LVU450
 17340 1018 00       		.uleb128 .LVU451
 17341 1019 00       		.uleb128 .LVU451
 17342 101a 00       		.uleb128 .LVU452
 17343              	.LLST74:
 17344 101b 08010000 		.4byte	.LVL100
 17345 101f 20010000 		.4byte	.LVL101
 17346 1023 0200     		.2byte	0x2
 17347 1025 90       		.byte	0x90
 17348 1026 52       		.uleb128 0x52
 17349 1027 00020000 		.4byte	.LVL134
 17350 102b 04020000 		.4byte	.LVL135
 17351 102f 0200     		.2byte	0x2
 17352 1031 90       		.byte	0x90
 17353 1032 52       		.uleb128 0x52
 17354 1033 04020000 		.4byte	.LVL135
 17355 1037 06020000 		.4byte	.LVL136
 17356 103b 0C00     		.2byte	0xc
 17357 103d F5       		.byte	0xf5
 17358 103e 50       		.uleb128 0x50
 17359 103f 25       		.uleb128 0x25
 17360 1040 F4       		.byte	0xf4
 17361 1041 25       		.uleb128 0x25
 17362 1042 04       		.byte	0x4
 17363 1043 0000003F 		.4byte	0x3f000000
 17364 1047 1E       		.byte	0x1e
 17365 1048 9F       		.byte	0x9f
 17366 1049 00000000 		.4byte	0
 17367 104d 00000000 		.4byte	0
 17368              	.LVUS75:
 17369 1051 01       		.uleb128 .LVU391
ARM GAS  /tmp/cc3q4aVX.s 			page 306


 17370 1052 00       		.uleb128 .LVU397
 17371              	.LLST75:
 17372 1053 3C010000 		.4byte	.LVL104
 17373 1057 46010000 		.4byte	.LVL106
 17374 105b 0200     		.2byte	0x2
 17375 105d 90       		.byte	0x90
 17376 105e 58       		.uleb128 0x58
 17377 105f 00000000 		.4byte	0
 17378 1063 00000000 		.4byte	0
 17379              	.LVUS76:
 17380 1067 01       		.uleb128 .LVU391
 17381 1068 00       		.uleb128 .LVU394
 17382              	.LLST76:
 17383 1069 3C010000 		.4byte	.LVL104
 17384 106d 40010000 		.4byte	.LVL105
 17385 1071 0200     		.2byte	0x2
 17386 1073 90       		.byte	0x90
 17387 1074 40       		.uleb128 0x40
 17388 1075 00000000 		.4byte	0
 17389 1079 00000000 		.4byte	0
 17390              	.LVUS77:
 17391 107d 01       		.uleb128 .LVU391
 17392 107e 00       		.uleb128 .LVU397
 17393              	.LLST77:
 17394 107f 3C010000 		.4byte	.LVL104
 17395 1083 46010000 		.4byte	.LVL106
 17396 1087 0200     		.2byte	0x2
 17397 1089 90       		.byte	0x90
 17398 108a 51       		.uleb128 0x51
 17399 108b 00000000 		.4byte	0
 17400 108f 00000000 		.4byte	0
 17401              	.LVUS78:
 17402 1093 00       		.uleb128 .LVU401
 17403 1094 00       		.uleb128 .LVU406
 17404              	.LLST78:
 17405 1095 5C010000 		.4byte	.LVL109
 17406 1099 68010000 		.4byte	.LVL112
 17407 109d 0200     		.2byte	0x2
 17408 109f 90       		.byte	0x90
 17409 10a0 58       		.uleb128 0x58
 17410 10a1 00000000 		.4byte	0
 17411 10a5 00000000 		.4byte	0
 17412              	.LVUS79:
 17413 10a9 00       		.uleb128 .LVU401
 17414 10aa 00       		.uleb128 .LVU404
 17415              	.LLST79:
 17416 10ab 5C010000 		.4byte	.LVL109
 17417 10af 60010000 		.4byte	.LVL110
 17418 10b3 0200     		.2byte	0x2
 17419 10b5 90       		.byte	0x90
 17420 10b6 40       		.uleb128 0x40
 17421 10b7 00000000 		.4byte	0
 17422 10bb 00000000 		.4byte	0
 17423              	.LVUS80:
 17424 10bf 00       		.uleb128 .LVU401
 17425 10c0 00       		.uleb128 .LVU405
 17426              	.LLST80:
ARM GAS  /tmp/cc3q4aVX.s 			page 307


 17427 10c1 5C010000 		.4byte	.LVL109
 17428 10c5 64010000 		.4byte	.LVL111
 17429 10c9 0200     		.2byte	0x2
 17430 10cb 90       		.byte	0x90
 17431 10cc 50       		.uleb128 0x50
 17432 10cd 00000000 		.4byte	0
 17433 10d1 00000000 		.4byte	0
 17434              	.LVUS62:
 17435 10d5 00       		.uleb128 .LVU353
 17436 10d6 00       		.uleb128 .LVU357
 17437 10d7 00       		.uleb128 .LVU371
 17438 10d8 00       		.uleb128 .LVU374
 17439              	.LLST62:
 17440 10d9 B8000000 		.4byte	.LVL90
 17441 10dd D0000000 		.4byte	.LVL91
 17442 10e1 0600     		.2byte	0x6
 17443 10e3 9E       		.byte	0x9e
 17444 10e4 04       		.uleb128 0x4
 17445 10e5 C07F3B48 		.4byte	0x483b7fc0
 17446 10e9 F6000000 		.4byte	.LVL96
 17447 10ed FC000000 		.4byte	.LVL98
 17448 10f1 0600     		.2byte	0x6
 17449 10f3 9E       		.byte	0x9e
 17450 10f4 04       		.uleb128 0x4
 17451 10f5 C07F3B48 		.4byte	0x483b7fc0
 17452 10f9 00000000 		.4byte	0
 17453 10fd 00000000 		.4byte	0
 17454              	.LVUS63:
 17455 1101 00       		.uleb128 .LVU353
 17456 1102 00       		.uleb128 .LVU357
 17457 1103 00       		.uleb128 .LVU371
 17458 1104 00       		.uleb128 .LVU374
 17459              	.LLST63:
 17460 1105 B8000000 		.4byte	.LVL90
 17461 1109 D0000000 		.4byte	.LVL91
 17462 110d 0600     		.2byte	0x6
 17463 110f 9E       		.byte	0x9e
 17464 1110 04       		.uleb128 0x4
 17465 1111 0000803F 		.4byte	0x3f800000
 17466 1115 F6000000 		.4byte	.LVL96
 17467 1119 FC000000 		.4byte	.LVL98
 17468 111d 0600     		.2byte	0x6
 17469 111f 9E       		.byte	0x9e
 17470 1120 04       		.uleb128 0x4
 17471 1121 0000803F 		.4byte	0x3f800000
 17472 1125 00000000 		.4byte	0
 17473 1129 00000000 		.4byte	0
 17474              	.LVUS64:
 17475 112d 00       		.uleb128 .LVU353
 17476 112e 00       		.uleb128 .LVU357
 17477 112f 00       		.uleb128 .LVU371
 17478 1130 00       		.uleb128 .LVU373
 17479 1131 00       		.uleb128 .LVU373
 17480 1132 00       		.uleb128 .LVU374
 17481              	.LLST64:
 17482 1133 B8000000 		.4byte	.LVL90
 17483 1137 D0000000 		.4byte	.LVL91
ARM GAS  /tmp/cc3q4aVX.s 			page 308


 17484 113b 0200     		.2byte	0x2
 17485 113d 90       		.byte	0x90
 17486 113e 50       		.uleb128 0x50
 17487 113f F6000000 		.4byte	.LVL96
 17488 1143 FA000000 		.4byte	.LVL97
 17489 1147 0200     		.2byte	0x2
 17490 1149 90       		.byte	0x90
 17491 114a 50       		.uleb128 0x50
 17492 114b FA000000 		.4byte	.LVL97
 17493 114f FC000000 		.4byte	.LVL98
 17494 1153 0A00     		.2byte	0xa
 17495 1155 7A       		.byte	0x7a
 17496 1156 10       		.sleb128 16
 17497 1157 F6       		.byte	0xf6
 17498 1158 04       		.byte	0x4
 17499 1159 25       		.uleb128 0x25
 17500 115a F5       		.byte	0xf5
 17501 115b 4F       		.uleb128 0x4f
 17502 115c 25       		.uleb128 0x25
 17503 115d 1E       		.byte	0x1e
 17504 115e 9F       		.byte	0x9f
 17505 115f 00000000 		.4byte	0
 17506 1163 00000000 		.4byte	0
 17507              	.LVUS81:
 17508 1167 00       		.uleb128 .LVU310
 17509 1168 00       		.uleb128 .LVU318
 17510 1169 00       		.uleb128 .LVU318
 17511 116a 00       		.uleb128 .LVU322
 17512 116b 00       		.uleb128 .LVU322
 17513 116c 00       		.uleb128 .LVU326
 17514              	.LLST81:
 17515 116d 3A000000 		.4byte	.LVL80
 17516 1171 54000000 		.4byte	.LVL81
 17517 1175 0100     		.2byte	0x1
 17518 1177 50       		.byte	0x50
 17519 1178 54000000 		.4byte	.LVL81
 17520 117c 60000000 		.4byte	.LVL82
 17521 1180 0200     		.2byte	0x2
 17522 1182 71       		.byte	0x71
 17523 1183 00       		.sleb128 0
 17524 1184 60000000 		.4byte	.LVL82
 17525 1188 6E000000 		.4byte	.LVL83
 17526 118c 0A00     		.2byte	0xa
 17527 118e 7A       		.byte	0x7a
 17528 118f B805     		.sleb128 696
 17529 1191 06       		.byte	0x6
 17530 1192 32       		.byte	0x32
 17531 1193 24       		.byte	0x24
 17532 1194 7B       		.byte	0x7b
 17533 1195 00       		.sleb128 0
 17534 1196 06       		.byte	0x6
 17535 1197 22       		.byte	0x22
 17536 1198 00000000 		.4byte	0
 17537 119c 00000000 		.4byte	0
 17538              	.LVUS82:
 17539 11a0 00       		.uleb128 .LVU310
 17540 11a1 00       		.uleb128 .LVU326
ARM GAS  /tmp/cc3q4aVX.s 			page 309


 17541              	.LLST82:
 17542 11a2 3A000000 		.4byte	.LVL80
 17543 11a6 6E000000 		.4byte	.LVL83
 17544 11aa 0100     		.2byte	0x1
 17545 11ac 5B       		.byte	0x5b
 17546 11ad 00000000 		.4byte	0
 17547 11b1 00000000 		.4byte	0
 17548              	.LVUS83:
 17549 11b5 02       		.uleb128 .LVU328
 17550 11b6 00       		.uleb128 .LVU336
 17551 11b7 00       		.uleb128 .LVU336
 17552 11b8 00       		.uleb128 .LVU337
 17553 11b9 00       		.uleb128 .LVU337
 17554 11ba 00       		.uleb128 .LVU339
 17555              	.LLST83:
 17556 11bb 6E000000 		.4byte	.LVL83
 17557 11bf 7E000000 		.4byte	.LVL84
 17558 11c3 0100     		.2byte	0x1
 17559 11c5 50       		.byte	0x50
 17560 11c6 7E000000 		.4byte	.LVL84
 17561 11ca 82000000 		.4byte	.LVL85
 17562 11ce 0200     		.2byte	0x2
 17563 11d0 71       		.byte	0x71
 17564 11d1 00       		.sleb128 0
 17565 11d2 82000000 		.4byte	.LVL85
 17566 11d6 8A000000 		.4byte	.LVL86
 17567 11da 0A00     		.2byte	0xa
 17568 11dc 7A       		.byte	0x7a
 17569 11dd C405     		.sleb128 708
 17570 11df 06       		.byte	0x6
 17571 11e0 32       		.byte	0x32
 17572 11e1 24       		.byte	0x24
 17573 11e2 77       		.byte	0x77
 17574 11e3 00       		.sleb128 0
 17575 11e4 06       		.byte	0x6
 17576 11e5 22       		.byte	0x22
 17577 11e6 00000000 		.4byte	0
 17578 11ea 00000000 		.4byte	0
 17579              	.LVUS84:
 17580 11ee 02       		.uleb128 .LVU328
 17581 11ef 00       		.uleb128 .LVU339
 17582              	.LLST84:
 17583 11f0 6E000000 		.4byte	.LVL83
 17584 11f4 8A000000 		.4byte	.LVL86
 17585 11f8 0100     		.2byte	0x1
 17586 11fa 57       		.byte	0x57
 17587 11fb 00000000 		.4byte	0
 17588 11ff 00000000 		.4byte	0
 17589              	.LVUS36:
 17590 1203 00       		.uleb128 0
 17591 1204 02       		.uleb128 .LVU195
 17592 1205 02       		.uleb128 .LVU195
 17593 1206 00       		.uleb128 0
 17594              	.LLST36:
 17595 1207 00000000 		.4byte	.LVL50
 17596 120b 1A000000 		.4byte	.LVL52
 17597 120f 0100     		.2byte	0x1
ARM GAS  /tmp/cc3q4aVX.s 			page 310


 17598 1211 50       		.byte	0x50
 17599 1212 1A000000 		.4byte	.LVL52
 17600 1216 BC010000 		.4byte	.LFE510
 17601 121a 0100     		.2byte	0x1
 17602 121c 54       		.byte	0x54
 17603 121d 00000000 		.4byte	0
 17604 1221 00000000 		.4byte	0
 17605              	.LVUS37:
 17606 1225 00       		.uleb128 0
 17607 1226 00       		.uleb128 .LVU188
 17608 1227 00       		.uleb128 .LVU188
 17609 1228 00       		.uleb128 0
 17610              	.LLST37:
 17611 1229 00000000 		.4byte	.LVL50
 17612 122d 0A000000 		.4byte	.LVL51
 17613 1231 0100     		.2byte	0x1
 17614 1233 51       		.byte	0x51
 17615 1234 0A000000 		.4byte	.LVL51
 17616 1238 BC010000 		.4byte	.LFE510
 17617 123c 0400     		.2byte	0x4
 17618 123e F3       		.byte	0xf3
 17619 123f 01       		.uleb128 0x1
 17620 1240 51       		.byte	0x51
 17621 1241 9F       		.byte	0x9f
 17622 1242 00000000 		.4byte	0
 17623 1246 00000000 		.4byte	0
 17624              	.LVUS38:
 17625 124a 01       		.uleb128 .LVU194
 17626 124b 02       		.uleb128 .LVU195
 17627              	.LLST38:
 17628 124c 1A000000 		.4byte	.LVL52
 17629 1250 1A000000 		.4byte	.LVL52
 17630 1254 0200     		.2byte	0x2
 17631 1256 30       		.byte	0x30
 17632 1257 9F       		.byte	0x9f
 17633 1258 00000000 		.4byte	0
 17634 125c 00000000 		.4byte	0
 17635              	.LVUS39:
 17636 1260 00       		.uleb128 .LVU204
 17637 1261 00       		.uleb128 .LVU211
 17638 1262 00       		.uleb128 .LVU211
 17639 1263 02       		.uleb128 .LVU230
 17640 1264 00       		.uleb128 .LVU232
 17641 1265 00       		.uleb128 0
 17642              	.LLST39:
 17643 1266 42000000 		.4byte	.LVL53
 17644 126a 5E000000 		.4byte	.LVL56
 17645 126e 0100     		.2byte	0x1
 17646 1270 56       		.byte	0x56
 17647 1271 5E000000 		.4byte	.LVL56
 17648 1275 C2000000 		.4byte	.LVL60
 17649 1279 0100     		.2byte	0x1
 17650 127b 59       		.byte	0x59
 17651 127c D6000000 		.4byte	.LVL61
 17652 1280 BC010000 		.4byte	.LFE510
 17653 1284 0100     		.2byte	0x1
 17654 1286 59       		.byte	0x59
ARM GAS  /tmp/cc3q4aVX.s 			page 311


 17655 1287 00000000 		.4byte	0
 17656 128b 00000000 		.4byte	0
 17657              	.LVUS40:
 17658 128f 01       		.uleb128 .LVU270
 17659 1290 00       		.uleb128 .LVU274
 17660 1291 00       		.uleb128 .LVU277
 17661 1292 00       		.uleb128 0
 17662              	.LLST40:
 17663 1293 6A010000 		.4byte	.LVL71
 17664 1297 7E010000 		.4byte	.LVL72
 17665 129b 0600     		.2byte	0x6
 17666 129d 9E       		.byte	0x9e
 17667 129e 04       		.uleb128 0x4
 17668 129f 6666663F 		.4byte	0x3f666666
 17669 12a3 84010000 		.4byte	.LVL73
 17670 12a7 BC010000 		.4byte	.LFE510
 17671 12ab 0600     		.2byte	0x6
 17672 12ad 9E       		.byte	0x9e
 17673 12ae 04       		.uleb128 0x4
 17674 12af 6666663F 		.4byte	0x3f666666
 17675 12b3 00000000 		.4byte	0
 17676 12b7 00000000 		.4byte	0
 17677              	.LVUS41:
 17678 12bb 01       		.uleb128 .LVU270
 17679 12bc 00       		.uleb128 .LVU274
 17680 12bd 00       		.uleb128 .LVU277
 17681 12be 00       		.uleb128 0
 17682              	.LLST41:
 17683 12bf 6A010000 		.4byte	.LVL71
 17684 12c3 7E010000 		.4byte	.LVL72
 17685 12c7 0600     		.2byte	0x6
 17686 12c9 9E       		.byte	0x9e
 17687 12ca 04       		.uleb128 0x4
 17688 12cb 00000000 		.4byte	0
 17689 12cf 84010000 		.4byte	.LVL73
 17690 12d3 BC010000 		.4byte	.LFE510
 17691 12d7 0600     		.2byte	0x6
 17692 12d9 9E       		.byte	0x9e
 17693 12da 04       		.uleb128 0x4
 17694 12db 00000000 		.4byte	0
 17695 12df 00000000 		.4byte	0
 17696 12e3 00000000 		.4byte	0
 17697              	.LVUS42:
 17698 12e7 01       		.uleb128 .LVU270
 17699 12e8 00       		.uleb128 .LVU274
 17700 12e9 00       		.uleb128 .LVU277
 17701 12ea 00       		.uleb128 0
 17702              	.LLST42:
 17703 12eb 6A010000 		.4byte	.LVL71
 17704 12ef 7E010000 		.4byte	.LVL72
 17705 12f3 0200     		.2byte	0x2
 17706 12f5 90       		.byte	0x90
 17707 12f6 4E       		.uleb128 0x4e
 17708 12f7 84010000 		.4byte	.LVL73
 17709 12fb BC010000 		.4byte	.LFE510
 17710 12ff 0200     		.2byte	0x2
 17711 1301 90       		.byte	0x90
ARM GAS  /tmp/cc3q4aVX.s 			page 312


 17712 1302 4E       		.uleb128 0x4e
 17713 1303 00000000 		.4byte	0
 17714 1307 00000000 		.4byte	0
 17715              	.LVUS43:
 17716 130b 01       		.uleb128 .LVU218
 17717 130c 00       		.uleb128 .LVU222
 17718 130d 00       		.uleb128 .LVU232
 17719 130e 00       		.uleb128 .LVU234
 17720              	.LLST43:
 17721 130f 7E000000 		.4byte	.LVL57
 17722 1313 9E000000 		.4byte	.LVL58
 17723 1317 0600     		.2byte	0x6
 17724 1319 9E       		.byte	0x9e
 17725 131a 04       		.uleb128 0x4
 17726 131b 0000FA45 		.4byte	0x45fa0000
 17727 131f D6000000 		.4byte	.LVL61
 17728 1323 DC000000 		.4byte	.LVL63
 17729 1327 0600     		.2byte	0x6
 17730 1329 9E       		.byte	0x9e
 17731 132a 04       		.uleb128 0x4
 17732 132b 0000FA45 		.4byte	0x45fa0000
 17733 132f 00000000 		.4byte	0
 17734 1333 00000000 		.4byte	0
 17735              	.LVUS44:
 17736 1337 01       		.uleb128 .LVU218
 17737 1338 00       		.uleb128 .LVU222
 17738 1339 00       		.uleb128 .LVU232
 17739 133a 00       		.uleb128 .LVU234
 17740              	.LLST44:
 17741 133b 7E000000 		.4byte	.LVL57
 17742 133f 9E000000 		.4byte	.LVL58
 17743 1343 0600     		.2byte	0x6
 17744 1345 9E       		.byte	0x9e
 17745 1346 04       		.uleb128 0x4
 17746 1347 00009643 		.4byte	0x43960000
 17747 134b D6000000 		.4byte	.LVL61
 17748 134f DC000000 		.4byte	.LVL63
 17749 1353 0600     		.2byte	0x6
 17750 1355 9E       		.byte	0x9e
 17751 1356 04       		.uleb128 0x4
 17752 1357 00009643 		.4byte	0x43960000
 17753 135b 00000000 		.4byte	0
 17754 135f 00000000 		.4byte	0
 17755              	.LVUS45:
 17756 1363 01       		.uleb128 .LVU218
 17757 1364 00       		.uleb128 .LVU222
 17758 1365 00       		.uleb128 .LVU232
 17759 1366 00       		.uleb128 .LVU233
 17760              	.LLST45:
 17761 1367 7E000000 		.4byte	.LVL57
 17762 136b 9E000000 		.4byte	.LVL58
 17763 136f 0200     		.2byte	0x2
 17764 1371 90       		.byte	0x90
 17765 1372 40       		.uleb128 0x40
 17766 1373 D6000000 		.4byte	.LVL61
 17767 1377 DA000000 		.4byte	.LVL62
 17768 137b 0200     		.2byte	0x2
ARM GAS  /tmp/cc3q4aVX.s 			page 313


 17769 137d 90       		.byte	0x90
 17770 137e 40       		.uleb128 0x40
 17771 137f 00000000 		.4byte	0
 17772 1383 00000000 		.4byte	0
 17773              	.LVUS46:
 17774 1387 01       		.uleb128 .LVU240
 17775 1388 00       		.uleb128 .LVU244
 17776 1389 00       		.uleb128 .LVU251
 17777 138a 00       		.uleb128 .LVU253
 17778              	.LLST46:
 17779 138b EC000000 		.4byte	.LVL64
 17780 138f 0C010000 		.4byte	.LVL65
 17781 1393 0600     		.2byte	0x6
 17782 1395 9E       		.byte	0x9e
 17783 1396 04       		.uleb128 0x4
 17784 1397 0080BB45 		.4byte	0x45bb8000
 17785 139b 32010000 		.4byte	.LVL68
 17786 139f 38010000 		.4byte	.LVL70
 17787 13a3 0600     		.2byte	0x6
 17788 13a5 9E       		.byte	0x9e
 17789 13a6 04       		.uleb128 0x4
 17790 13a7 0080BB45 		.4byte	0x45bb8000
 17791 13ab 00000000 		.4byte	0
 17792 13af 00000000 		.4byte	0
 17793              	.LVUS47:
 17794 13b3 01       		.uleb128 .LVU240
 17795 13b4 00       		.uleb128 .LVU244
 17796 13b5 00       		.uleb128 .LVU251
 17797 13b6 00       		.uleb128 .LVU253
 17798              	.LLST47:
 17799 13b7 EC000000 		.4byte	.LVL64
 17800 13bb 0C010000 		.4byte	.LVL65
 17801 13bf 0600     		.2byte	0x6
 17802 13c1 9E       		.byte	0x9e
 17803 13c2 04       		.uleb128 0x4
 17804 13c3 0000C842 		.4byte	0x42c80000
 17805 13c7 32010000 		.4byte	.LVL68
 17806 13cb 38010000 		.4byte	.LVL70
 17807 13cf 0600     		.2byte	0x6
 17808 13d1 9E       		.byte	0x9e
 17809 13d2 04       		.uleb128 0x4
 17810 13d3 0000C842 		.4byte	0x42c80000
 17811 13d7 00000000 		.4byte	0
 17812 13db 00000000 		.4byte	0
 17813              	.LVUS48:
 17814 13df 01       		.uleb128 .LVU240
 17815 13e0 00       		.uleb128 .LVU244
 17816 13e1 00       		.uleb128 .LVU251
 17817 13e2 00       		.uleb128 .LVU252
 17818 13e3 00       		.uleb128 .LVU252
 17819 13e4 00       		.uleb128 .LVU253
 17820              	.LLST48:
 17821 13e5 EC000000 		.4byte	.LVL64
 17822 13e9 0C010000 		.4byte	.LVL65
 17823 13ed 0200     		.2byte	0x2
 17824 13ef 90       		.byte	0x90
 17825 13f0 40       		.uleb128 0x40
ARM GAS  /tmp/cc3q4aVX.s 			page 314


 17826 13f1 32010000 		.4byte	.LVL68
 17827 13f5 36010000 		.4byte	.LVL69
 17828 13f9 0200     		.2byte	0x2
 17829 13fb 90       		.byte	0x90
 17830 13fc 40       		.uleb128 0x40
 17831 13fd 36010000 		.4byte	.LVL69
 17832 1401 38010000 		.4byte	.LVL70
 17833 1405 0F00     		.2byte	0xf
 17834 1407 76       		.byte	0x76
 17835 1408 00       		.sleb128 0
 17836 1409 F7       		.byte	0xf7
 17837 140a 2C       		.uleb128 0x2c
 17838 140b F7       		.byte	0xf7
 17839 140c 25       		.uleb128 0x25
 17840 140d F4       		.byte	0xf4
 17841 140e 25       		.uleb128 0x25
 17842 140f 04       		.byte	0x4
 17843 1410 00004843 		.4byte	0x43480000
 17844 1414 1E       		.byte	0x1e
 17845 1415 9F       		.byte	0x9f
 17846 1416 00000000 		.4byte	0
 17847 141a 00000000 		.4byte	0
 17848              	.LVUS34:
 17849 141e 00       		.uleb128 0
 17850 141f 00       		.uleb128 .LVU171
 17851 1420 00       		.uleb128 .LVU171
 17852 1421 00       		.uleb128 0
 17853              	.LLST34:
 17854 1422 00000000 		.4byte	.LVL48
 17855 1426 18000000 		.4byte	.LVL49
 17856 142a 0200     		.2byte	0x2
 17857 142c 90       		.byte	0x90
 17858 142d 40       		.uleb128 0x40
 17859 142e 18000000 		.4byte	.LVL49
 17860 1432 46000000 		.4byte	.LFE497
 17861 1436 0200     		.2byte	0x2
 17862 1438 90       		.byte	0x90
 17863 1439 4E       		.uleb128 0x4e
 17864 143a 00000000 		.4byte	0
 17865 143e 00000000 		.4byte	0
 17866              	.LVUS35:
 17867 1442 00       		.uleb128 .LVU171
 17868 1443 00       		.uleb128 0
 17869              	.LLST35:
 17870 1444 18000000 		.4byte	.LVL49
 17871 1448 46000000 		.4byte	.LFE497
 17872 144c 0200     		.2byte	0x2
 17873 144e 90       		.byte	0x90
 17874 144f 40       		.uleb128 0x40
 17875 1450 00000000 		.4byte	0
 17876 1454 00000000 		.4byte	0
 17877              	.LVUS25:
 17878 1458 00       		.uleb128 0
 17879 1459 00       		.uleb128 .LVU133
 17880 145a 00       		.uleb128 .LVU133
 17881 145b 00       		.uleb128 .LVU163
 17882 145c 00       		.uleb128 .LVU163
ARM GAS  /tmp/cc3q4aVX.s 			page 315


 17883 145d 00       		.uleb128 0
 17884              	.LLST25:
 17885 145e 00000000 		.4byte	.LVL35
 17886 1462 23000000 		.4byte	.LVL38-1
 17887 1466 0100     		.2byte	0x1
 17888 1468 50       		.byte	0x50
 17889 1469 23000000 		.4byte	.LVL38-1
 17890 146d 7E000000 		.4byte	.LVL47
 17891 1471 0100     		.2byte	0x1
 17892 1473 54       		.byte	0x54
 17893 1474 7E000000 		.4byte	.LVL47
 17894 1478 84000000 		.4byte	.LFE496
 17895 147c 0400     		.2byte	0x4
 17896 147e F3       		.byte	0xf3
 17897 147f 01       		.uleb128 0x1
 17898 1480 50       		.byte	0x50
 17899 1481 9F       		.byte	0x9f
 17900 1482 00000000 		.4byte	0
 17901 1486 00000000 		.4byte	0
 17902              	.LVUS26:
 17903 148a 00       		.uleb128 0
 17904 148b 00       		.uleb128 .LVU127
 17905 148c 00       		.uleb128 .LVU127
 17906 148d 00       		.uleb128 0
 17907              	.LLST26:
 17908 148e 00000000 		.4byte	.LVL35
 17909 1492 08000000 		.4byte	.LVL36
 17910 1496 0200     		.2byte	0x2
 17911 1498 90       		.byte	0x90
 17912 1499 40       		.uleb128 0x40
 17913 149a 08000000 		.4byte	.LVL36
 17914 149e 84000000 		.4byte	.LFE496
 17915 14a2 0600     		.2byte	0x6
 17916 14a4 F3       		.byte	0xf3
 17917 14a5 03       		.uleb128 0x3
 17918 14a6 F5       		.byte	0xf5
 17919 14a7 40       		.uleb128 0x40
 17920 14a8 25       		.uleb128 0x25
 17921 14a9 9F       		.byte	0x9f
 17922 14aa 00000000 		.4byte	0
 17923 14ae 00000000 		.4byte	0
 17924              	.LVUS27:
 17925 14b2 00       		.uleb128 0
 17926 14b3 00       		.uleb128 .LVU133
 17927 14b4 00       		.uleb128 .LVU133
 17928 14b5 00       		.uleb128 0
 17929              	.LLST27:
 17930 14b6 00000000 		.4byte	.LVL35
 17931 14ba 23000000 		.4byte	.LVL38-1
 17932 14be 0200     		.2byte	0x2
 17933 14c0 90       		.byte	0x90
 17934 14c1 41       		.uleb128 0x41
 17935 14c2 23000000 		.4byte	.LVL38-1
 17936 14c6 84000000 		.4byte	.LFE496
 17937 14ca 0600     		.2byte	0x6
 17938 14cc F3       		.byte	0xf3
 17939 14cd 03       		.uleb128 0x3
ARM GAS  /tmp/cc3q4aVX.s 			page 316


 17940 14ce F5       		.byte	0xf5
 17941 14cf 41       		.uleb128 0x41
 17942 14d0 25       		.uleb128 0x25
 17943 14d1 9F       		.byte	0x9f
 17944 14d2 00000000 		.4byte	0
 17945 14d6 00000000 		.4byte	0
 17946              	.LVUS28:
 17947 14da 00       		.uleb128 0
 17948 14db 00       		.uleb128 .LVU133
 17949 14dc 00       		.uleb128 .LVU133
 17950 14dd 00       		.uleb128 0
 17951              	.LLST28:
 17952 14de 00000000 		.4byte	.LVL35
 17953 14e2 23000000 		.4byte	.LVL38-1
 17954 14e6 0200     		.2byte	0x2
 17955 14e8 90       		.byte	0x90
 17956 14e9 42       		.uleb128 0x42
 17957 14ea 23000000 		.4byte	.LVL38-1
 17958 14ee 84000000 		.4byte	.LFE496
 17959 14f2 0600     		.2byte	0x6
 17960 14f4 F3       		.byte	0xf3
 17961 14f5 03       		.uleb128 0x3
 17962 14f6 F5       		.byte	0xf5
 17963 14f7 42       		.uleb128 0x42
 17964 14f8 25       		.uleb128 0x25
 17965 14f9 9F       		.byte	0x9f
 17966 14fa 00000000 		.4byte	0
 17967 14fe 00000000 		.4byte	0
 17968              	.LVUS29:
 17969 1502 00       		.uleb128 .LVU129
 17970 1503 00       		.uleb128 .LVU162
 17971 1504 00       		.uleb128 .LVU162
 17972 1505 00       		.uleb128 0
 17973              	.LLST29:
 17974 1506 12000000 		.4byte	.LVL37
 17975 150a 7C000000 		.4byte	.LVL46
 17976 150e 0200     		.2byte	0x2
 17977 1510 90       		.byte	0x90
 17978 1511 52       		.uleb128 0x52
 17979 1512 7C000000 		.4byte	.LVL46
 17980 1516 84000000 		.4byte	.LFE496
 17981 151a 1400     		.2byte	0x14
 17982 151c F3       		.byte	0xf3
 17983 151d 03       		.uleb128 0x3
 17984 151e F5       		.byte	0xf5
 17985 151f 40       		.uleb128 0x40
 17986 1520 25       		.uleb128 0x25
 17987 1521 F4       		.byte	0xf4
 17988 1522 25       		.uleb128 0x25
 17989 1523 04       		.byte	0x4
 17990 1524 DB0FC940 		.4byte	0x40c90fdb
 17991 1528 1E       		.byte	0x1e
 17992 1529 F3       		.byte	0xf3
 17993 152a 03       		.uleb128 0x3
 17994 152b F5       		.byte	0xf5
 17995 152c 42       		.uleb128 0x42
 17996 152d 25       		.uleb128 0x25
ARM GAS  /tmp/cc3q4aVX.s 			page 317


 17997 152e 1B       		.byte	0x1b
 17998 152f 9F       		.byte	0x9f
 17999 1530 00000000 		.4byte	0
 18000 1534 00000000 		.4byte	0
 18001              	.LVUS30:
 18002 1538 00       		.uleb128 .LVU134
 18003 1539 00       		.uleb128 .LVU136
 18004 153a 00       		.uleb128 .LVU136
 18005 153b 00       		.uleb128 .LVU148
 18006              	.LLST30:
 18007 153c 28000000 		.4byte	.LVL39
 18008 1540 2C000000 		.4byte	.LVL40
 18009 1544 0200     		.2byte	0x2
 18010 1546 90       		.byte	0x90
 18011 1547 40       		.uleb128 0x40
 18012 1548 2C000000 		.4byte	.LVL40
 18013 154c 50000000 		.4byte	.LVL44
 18014 1550 0200     		.2byte	0x2
 18015 1552 90       		.byte	0x90
 18016 1553 50       		.uleb128 0x50
 18017 1554 00000000 		.4byte	0
 18018 1558 00000000 		.4byte	0
 18019              	.LVUS31:
 18020 155c 00       		.uleb128 .LVU137
 18021 155d 00       		.uleb128 .LVU149
 18022              	.LLST31:
 18023 155e 30000000 		.4byte	.LVL41
 18024 1562 58000000 		.4byte	.LVL45
 18025 1566 0200     		.2byte	0x2
 18026 1568 90       		.byte	0x90
 18027 1569 40       		.uleb128 0x40
 18028 156a 00000000 		.4byte	0
 18029 156e 00000000 		.4byte	0
 18030              	.LVUS32:
 18031 1572 00       		.uleb128 .LVU140
 18032 1573 00       		.uleb128 0
 18033              	.LLST32:
 18034 1574 38000000 		.4byte	.LVL42
 18035 1578 84000000 		.4byte	.LFE496
 18036 157c 0200     		.2byte	0x2
 18037 157e 90       		.byte	0x90
 18038 157f 4D       		.uleb128 0x4d
 18039 1580 00000000 		.4byte	0
 18040 1584 00000000 		.4byte	0
 18041              	.LVUS33:
 18042 1588 00       		.uleb128 .LVU144
 18043 1589 00       		.uleb128 0
 18044              	.LLST33:
 18045 158a 44000000 		.4byte	.LVL43
 18046 158e 84000000 		.4byte	.LFE496
 18047 1592 0200     		.2byte	0x2
 18048 1594 90       		.byte	0x90
 18049 1595 4E       		.uleb128 0x4e
 18050 1596 00000000 		.4byte	0
 18051 159a 00000000 		.4byte	0
 18052              	.LVUS16:
 18053 159e 00       		.uleb128 0
ARM GAS  /tmp/cc3q4aVX.s 			page 318


 18054 159f 00       		.uleb128 .LVU91
 18055 15a0 00       		.uleb128 .LVU91
 18056 15a1 00       		.uleb128 .LVU123
 18057 15a2 00       		.uleb128 .LVU123
 18058 15a3 00       		.uleb128 0
 18059              	.LLST16:
 18060 15a4 00000000 		.4byte	.LVL22
 18061 15a8 23000000 		.4byte	.LVL25-1
 18062 15ac 0100     		.2byte	0x1
 18063 15ae 50       		.byte	0x50
 18064 15af 23000000 		.4byte	.LVL25-1
 18065 15b3 82000000 		.4byte	.LVL34
 18066 15b7 0100     		.2byte	0x1
 18067 15b9 54       		.byte	0x54
 18068 15ba 82000000 		.4byte	.LVL34
 18069 15be 88000000 		.4byte	.LFE495
 18070 15c2 0400     		.2byte	0x4
 18071 15c4 F3       		.byte	0xf3
 18072 15c5 01       		.uleb128 0x1
 18073 15c6 50       		.byte	0x50
 18074 15c7 9F       		.byte	0x9f
 18075 15c8 00000000 		.4byte	0
 18076 15cc 00000000 		.4byte	0
 18077              	.LVUS17:
 18078 15d0 00       		.uleb128 0
 18079 15d1 00       		.uleb128 .LVU85
 18080 15d2 00       		.uleb128 .LVU85
 18081 15d3 00       		.uleb128 0
 18082              	.LLST17:
 18083 15d4 00000000 		.4byte	.LVL22
 18084 15d8 08000000 		.4byte	.LVL23
 18085 15dc 0200     		.2byte	0x2
 18086 15de 90       		.byte	0x90
 18087 15df 40       		.uleb128 0x40
 18088 15e0 08000000 		.4byte	.LVL23
 18089 15e4 88000000 		.4byte	.LFE495
 18090 15e8 0600     		.2byte	0x6
 18091 15ea F3       		.byte	0xf3
 18092 15eb 03       		.uleb128 0x3
 18093 15ec F5       		.byte	0xf5
 18094 15ed 40       		.uleb128 0x40
 18095 15ee 25       		.uleb128 0x25
 18096 15ef 9F       		.byte	0x9f
 18097 15f0 00000000 		.4byte	0
 18098 15f4 00000000 		.4byte	0
 18099              	.LVUS18:
 18100 15f8 00       		.uleb128 0
 18101 15f9 00       		.uleb128 .LVU91
 18102 15fa 00       		.uleb128 .LVU91
 18103 15fb 00       		.uleb128 0
 18104              	.LLST18:
 18105 15fc 00000000 		.4byte	.LVL22
 18106 1600 23000000 		.4byte	.LVL25-1
 18107 1604 0200     		.2byte	0x2
 18108 1606 90       		.byte	0x90
 18109 1607 41       		.uleb128 0x41
 18110 1608 23000000 		.4byte	.LVL25-1
ARM GAS  /tmp/cc3q4aVX.s 			page 319


 18111 160c 88000000 		.4byte	.LFE495
 18112 1610 0600     		.2byte	0x6
 18113 1612 F3       		.byte	0xf3
 18114 1613 03       		.uleb128 0x3
 18115 1614 F5       		.byte	0xf5
 18116 1615 41       		.uleb128 0x41
 18117 1616 25       		.uleb128 0x25
 18118 1617 9F       		.byte	0x9f
 18119 1618 00000000 		.4byte	0
 18120 161c 00000000 		.4byte	0
 18121              	.LVUS19:
 18122 1620 00       		.uleb128 0
 18123 1621 00       		.uleb128 .LVU91
 18124 1622 00       		.uleb128 .LVU91
 18125 1623 00       		.uleb128 0
 18126              	.LLST19:
 18127 1624 00000000 		.4byte	.LVL22
 18128 1628 23000000 		.4byte	.LVL25-1
 18129 162c 0200     		.2byte	0x2
 18130 162e 90       		.byte	0x90
 18131 162f 42       		.uleb128 0x42
 18132 1630 23000000 		.4byte	.LVL25-1
 18133 1634 88000000 		.4byte	.LFE495
 18134 1638 0600     		.2byte	0x6
 18135 163a F3       		.byte	0xf3
 18136 163b 03       		.uleb128 0x3
 18137 163c F5       		.byte	0xf5
 18138 163d 42       		.uleb128 0x42
 18139 163e 25       		.uleb128 0x25
 18140 163f 9F       		.byte	0x9f
 18141 1640 00000000 		.4byte	0
 18142 1644 00000000 		.4byte	0
 18143              	.LVUS20:
 18144 1648 00       		.uleb128 .LVU87
 18145 1649 00       		.uleb128 .LVU122
 18146 164a 00       		.uleb128 .LVU122
 18147 164b 00       		.uleb128 0
 18148              	.LLST20:
 18149 164c 12000000 		.4byte	.LVL24
 18150 1650 80000000 		.4byte	.LVL33
 18151 1654 0200     		.2byte	0x2
 18152 1656 90       		.byte	0x90
 18153 1657 52       		.uleb128 0x52
 18154 1658 80000000 		.4byte	.LVL33
 18155 165c 88000000 		.4byte	.LFE495
 18156 1660 1400     		.2byte	0x14
 18157 1662 F3       		.byte	0xf3
 18158 1663 03       		.uleb128 0x3
 18159 1664 F5       		.byte	0xf5
 18160 1665 40       		.uleb128 0x40
 18161 1666 25       		.uleb128 0x25
 18162 1667 F4       		.byte	0xf4
 18163 1668 25       		.uleb128 0x25
 18164 1669 04       		.byte	0x4
 18165 166a DB0FC940 		.4byte	0x40c90fdb
 18166 166e 1E       		.byte	0x1e
 18167 166f F3       		.byte	0xf3
ARM GAS  /tmp/cc3q4aVX.s 			page 320


 18168 1670 03       		.uleb128 0x3
 18169 1671 F5       		.byte	0xf5
 18170 1672 42       		.uleb128 0x42
 18171 1673 25       		.uleb128 0x25
 18172 1674 1B       		.byte	0x1b
 18173 1675 9F       		.byte	0x9f
 18174 1676 00000000 		.4byte	0
 18175 167a 00000000 		.4byte	0
 18176              	.LVUS21:
 18177 167e 00       		.uleb128 .LVU92
 18178 167f 00       		.uleb128 .LVU94
 18179 1680 00       		.uleb128 .LVU94
 18180 1681 00       		.uleb128 .LVU102
 18181              	.LLST21:
 18182 1682 28000000 		.4byte	.LVL26
 18183 1686 2C000000 		.4byte	.LVL27
 18184 168a 0200     		.2byte	0x2
 18185 168c 90       		.byte	0x90
 18186 168d 40       		.uleb128 0x40
 18187 168e 2C000000 		.4byte	.LVL27
 18188 1692 44000000 		.4byte	.LVL31
 18189 1696 0200     		.2byte	0x2
 18190 1698 90       		.byte	0x90
 18191 1699 50       		.uleb128 0x50
 18192 169a 00000000 		.4byte	0
 18193 169e 00000000 		.4byte	0
 18194              	.LVUS22:
 18195 16a2 00       		.uleb128 .LVU95
 18196 16a3 00       		.uleb128 .LVU100
 18197              	.LLST22:
 18198 16a4 30000000 		.4byte	.LVL28
 18199 16a8 3C000000 		.4byte	.LVL30
 18200 16ac 0200     		.2byte	0x2
 18201 16ae 90       		.byte	0x90
 18202 16af 40       		.uleb128 0x40
 18203 16b0 00000000 		.4byte	0
 18204 16b4 00000000 		.4byte	0
 18205              	.LVUS23:
 18206 16b8 00       		.uleb128 .LVU97
 18207 16b9 00       		.uleb128 0
 18208              	.LLST23:
 18209 16ba 34000000 		.4byte	.LVL29
 18210 16be 88000000 		.4byte	.LFE495
 18211 16c2 0200     		.2byte	0x2
 18212 16c4 90       		.byte	0x90
 18213 16c5 4B       		.uleb128 0x4b
 18214 16c6 00000000 		.4byte	0
 18215 16ca 00000000 		.4byte	0
 18216              	.LVUS24:
 18217 16ce 00       		.uleb128 .LVU104
 18218 16cf 00       		.uleb128 0
 18219              	.LLST24:
 18220 16d0 4C000000 		.4byte	.LVL32
 18221 16d4 88000000 		.4byte	.LFE495
 18222 16d8 0200     		.2byte	0x2
 18223 16da 90       		.byte	0x90
 18224 16db 4D       		.uleb128 0x4d
ARM GAS  /tmp/cc3q4aVX.s 			page 321


 18225 16dc 00000000 		.4byte	0
 18226 16e0 00000000 		.4byte	0
 18227              	.LVUS0:
 18228 16e4 00       		.uleb128 0
 18229 16e5 00       		.uleb128 .LVU21
 18230 16e6 00       		.uleb128 .LVU21
 18231 16e7 00       		.uleb128 0
 18232              	.LLST0:
 18233 16e8 00000000 		.4byte	.LVL0
 18234 16ec 48000000 		.4byte	.LVL5
 18235 16f0 0100     		.2byte	0x1
 18236 16f2 50       		.byte	0x50
 18237 16f3 48000000 		.4byte	.LVL5
 18238 16f7 DC000000 		.4byte	.LFE488
 18239 16fb 0400     		.2byte	0x4
 18240 16fd F3       		.byte	0xf3
 18241 16fe 01       		.uleb128 0x1
 18242 16ff 50       		.byte	0x50
 18243 1700 9F       		.byte	0x9f
 18244 1701 00000000 		.4byte	0
 18245 1705 00000000 		.4byte	0
 18246              	.LVUS1:
 18247 1709 00       		.uleb128 0
 18248 170a 00       		.uleb128 .LVU5
 18249 170b 00       		.uleb128 .LVU5
 18250 170c 00       		.uleb128 0
 18251              	.LLST1:
 18252 170d 00000000 		.4byte	.LVL0
 18253 1711 10000000 		.4byte	.LVL1
 18254 1715 0200     		.2byte	0x2
 18255 1717 90       		.byte	0x90
 18256 1718 40       		.uleb128 0x40
 18257 1719 10000000 		.4byte	.LVL1
 18258 171d DC000000 		.4byte	.LFE488
 18259 1721 0600     		.2byte	0x6
 18260 1723 F3       		.byte	0xf3
 18261 1724 03       		.uleb128 0x3
 18262 1725 F5       		.byte	0xf5
 18263 1726 40       		.uleb128 0x40
 18264 1727 25       		.uleb128 0x25
 18265 1728 9F       		.byte	0x9f
 18266 1729 00000000 		.4byte	0
 18267 172d 00000000 		.4byte	0
 18268              	.LVUS2:
 18269 1731 00       		.uleb128 .LVU6
 18270 1732 00       		.uleb128 .LVU37
 18271              	.LLST2:
 18272 1733 18000000 		.4byte	.LVL2
 18273 1737 76000000 		.4byte	.LVL10
 18274 173b 0200     		.2byte	0x2
 18275 173d 90       		.byte	0x90
 18276 173e 40       		.uleb128 0x40
 18277 173f 00000000 		.4byte	0
 18278 1743 00000000 		.4byte	0
 18279              	.LVUS3:
 18280 1747 00       		.uleb128 .LVU23
 18281 1748 00       		.uleb128 .LVU36
ARM GAS  /tmp/cc3q4aVX.s 			page 322


 18282 1749 00       		.uleb128 .LVU36
 18283 174a 00       		.uleb128 .LVU45
 18284 174b 00       		.uleb128 .LVU45
 18285 174c 00       		.uleb128 0
 18286              	.LLST3:
 18287 174d 50000000 		.4byte	.LVL6
 18288 1751 72000000 		.4byte	.LVL9
 18289 1755 0100     		.2byte	0x1
 18290 1757 52       		.byte	0x52
 18291 1758 72000000 		.4byte	.LVL9
 18292 175c 9A000000 		.4byte	.LVL12
 18293 1760 0300     		.2byte	0x3
 18294 1762 72       		.byte	0x72
 18295 1763 7E       		.sleb128 -2
 18296 1764 9F       		.byte	0x9f
 18297 1765 9A000000 		.4byte	.LVL12
 18298 1769 DC000000 		.4byte	.LFE488
 18299 176d 0300     		.2byte	0x3
 18300 176f 74       		.byte	0x74
 18301 1770 7F       		.sleb128 -1
 18302 1771 9F       		.byte	0x9f
 18303 1772 00000000 		.4byte	0
 18304 1776 00000000 		.4byte	0
 18305              	.LVUS4:
 18306 177a 00       		.uleb128 .LVU27
 18307 177b 00       		.uleb128 0
 18308              	.LLST4:
 18309 177c 5A000000 		.4byte	.LVL7
 18310 1780 DC000000 		.4byte	.LFE488
 18311 1784 0200     		.2byte	0x2
 18312 1786 90       		.byte	0x90
 18313 1787 4F       		.uleb128 0x4f
 18314 1788 00000000 		.4byte	0
 18315 178c 00000000 		.4byte	0
 18316              	.LVUS5:
 18317 1790 01       		.uleb128 .LVU28
 18318 1791 00       		.uleb128 .LVU36
 18319 1792 00       		.uleb128 .LVU36
 18320 1793 00       		.uleb128 .LVU45
 18321 1794 00       		.uleb128 .LVU45
 18322 1795 00       		.uleb128 0
 18323              	.LLST5:
 18324 1796 5A000000 		.4byte	.LVL7
 18325 179a 72000000 		.4byte	.LVL9
 18326 179e 0F00     		.2byte	0xf
 18327 17a0 72       		.byte	0x72
 18328 17a1 00       		.sleb128 0
 18329 17a2 73       		.byte	0x73
 18330 17a3 00       		.sleb128 0
 18331 17a4 22       		.byte	0x22
 18332 17a5 31       		.byte	0x31
 18333 17a6 1C       		.byte	0x1c
 18334 17a7 73       		.byte	0x73
 18335 17a8 00       		.sleb128 0
 18336 17a9 14       		.byte	0x14
 18337 17aa 14       		.byte	0x14
 18338 17ab 1B       		.byte	0x1b
ARM GAS  /tmp/cc3q4aVX.s 			page 323


 18339 17ac 1E       		.byte	0x1e
 18340 17ad 1C       		.byte	0x1c
 18341 17ae 9F       		.byte	0x9f
 18342 17af 72000000 		.4byte	.LVL9
 18343 17b3 9A000000 		.4byte	.LVL12
 18344 17b7 0F00     		.2byte	0xf
 18345 17b9 72       		.byte	0x72
 18346 17ba 00       		.sleb128 0
 18347 17bb 73       		.byte	0x73
 18348 17bc 00       		.sleb128 0
 18349 17bd 22       		.byte	0x22
 18350 17be 33       		.byte	0x33
 18351 17bf 1C       		.byte	0x1c
 18352 17c0 73       		.byte	0x73
 18353 17c1 00       		.sleb128 0
 18354 17c2 14       		.byte	0x14
 18355 17c3 14       		.byte	0x14
 18356 17c4 1B       		.byte	0x1b
 18357 17c5 1E       		.byte	0x1e
 18358 17c6 1C       		.byte	0x1c
 18359 17c7 9F       		.byte	0x9f
 18360 17c8 9A000000 		.4byte	.LVL12
 18361 17cc DC000000 		.4byte	.LFE488
 18362 17d0 0F00     		.2byte	0xf
 18363 17d2 73       		.byte	0x73
 18364 17d3 00       		.sleb128 0
 18365 17d4 74       		.byte	0x74
 18366 17d5 00       		.sleb128 0
 18367 17d6 22       		.byte	0x22
 18368 17d7 32       		.byte	0x32
 18369 17d8 1C       		.byte	0x1c
 18370 17d9 73       		.byte	0x73
 18371 17da 00       		.sleb128 0
 18372 17db 14       		.byte	0x14
 18373 17dc 14       		.byte	0x14
 18374 17dd 1B       		.byte	0x1b
 18375 17de 1E       		.byte	0x1e
 18376 17df 1C       		.byte	0x1c
 18377 17e0 9F       		.byte	0x9f
 18378 17e1 00000000 		.4byte	0
 18379 17e5 00000000 		.4byte	0
 18380              	.LVUS6:
 18381 17e9 02       		.uleb128 .LVU29
 18382 17ea 00       		.uleb128 .LVU36
 18383 17eb 00       		.uleb128 .LVU36
 18384 17ec 00       		.uleb128 .LVU45
 18385 17ed 00       		.uleb128 .LVU45
 18386 17ee 00       		.uleb128 0
 18387              	.LLST6:
 18388 17ef 5A000000 		.4byte	.LVL7
 18389 17f3 72000000 		.4byte	.LVL9
 18390 17f7 0A00     		.2byte	0xa
 18391 17f9 72       		.byte	0x72
 18392 17fa 01       		.sleb128 1
 18393 17fb 73       		.byte	0x73
 18394 17fc 00       		.sleb128 0
 18395 17fd 14       		.byte	0x14
ARM GAS  /tmp/cc3q4aVX.s 			page 324


 18396 17fe 14       		.byte	0x14
 18397 17ff 1B       		.byte	0x1b
 18398 1800 1E       		.byte	0x1e
 18399 1801 1C       		.byte	0x1c
 18400 1802 9F       		.byte	0x9f
 18401 1803 72000000 		.4byte	.LVL9
 18402 1807 9A000000 		.4byte	.LVL12
 18403 180b 0A00     		.2byte	0xa
 18404 180d 72       		.byte	0x72
 18405 180e 7F       		.sleb128 -1
 18406 180f 73       		.byte	0x73
 18407 1810 00       		.sleb128 0
 18408 1811 14       		.byte	0x14
 18409 1812 14       		.byte	0x14
 18410 1813 1B       		.byte	0x1b
 18411 1814 1E       		.byte	0x1e
 18412 1815 1C       		.byte	0x1c
 18413 1816 9F       		.byte	0x9f
 18414 1817 9A000000 		.4byte	.LVL12
 18415 181b DC000000 		.4byte	.LFE488
 18416 181f 0A00     		.2byte	0xa
 18417 1821 74       		.byte	0x74
 18418 1822 00       		.sleb128 0
 18419 1823 73       		.byte	0x73
 18420 1824 00       		.sleb128 0
 18421 1825 14       		.byte	0x14
 18422 1826 14       		.byte	0x14
 18423 1827 1B       		.byte	0x1b
 18424 1828 1E       		.byte	0x1e
 18425 1829 1C       		.byte	0x1c
 18426 182a 9F       		.byte	0x9f
 18427 182b 00000000 		.4byte	0
 18428 182f 00000000 		.4byte	0
 18429              	.LVUS7:
 18430 1833 03       		.uleb128 .LVU30
 18431 1834 00       		.uleb128 .LVU36
 18432 1835 00       		.uleb128 .LVU36
 18433 1836 00       		.uleb128 .LVU45
 18434 1837 00       		.uleb128 .LVU45
 18435 1838 00       		.uleb128 0
 18436              	.LLST7:
 18437 1839 5A000000 		.4byte	.LVL7
 18438 183d 72000000 		.4byte	.LVL9
 18439 1841 0A00     		.2byte	0xa
 18440 1843 72       		.byte	0x72
 18441 1844 02       		.sleb128 2
 18442 1845 73       		.byte	0x73
 18443 1846 00       		.sleb128 0
 18444 1847 14       		.byte	0x14
 18445 1848 14       		.byte	0x14
 18446 1849 1B       		.byte	0x1b
 18447 184a 1E       		.byte	0x1e
 18448 184b 1C       		.byte	0x1c
 18449 184c 9F       		.byte	0x9f
 18450 184d 72000000 		.4byte	.LVL9
 18451 1851 9A000000 		.4byte	.LVL12
 18452 1855 0A00     		.2byte	0xa
ARM GAS  /tmp/cc3q4aVX.s 			page 325


 18453 1857 72       		.byte	0x72
 18454 1858 00       		.sleb128 0
 18455 1859 73       		.byte	0x73
 18456 185a 00       		.sleb128 0
 18457 185b 14       		.byte	0x14
 18458 185c 14       		.byte	0x14
 18459 185d 1B       		.byte	0x1b
 18460 185e 1E       		.byte	0x1e
 18461 185f 1C       		.byte	0x1c
 18462 1860 9F       		.byte	0x9f
 18463 1861 9A000000 		.4byte	.LVL12
 18464 1865 DC000000 		.4byte	.LFE488
 18465 1869 0A00     		.2byte	0xa
 18466 186b 74       		.byte	0x74
 18467 186c 01       		.sleb128 1
 18468 186d 73       		.byte	0x73
 18469 186e 00       		.sleb128 0
 18470 186f 14       		.byte	0x14
 18471 1870 14       		.byte	0x14
 18472 1871 1B       		.byte	0x1b
 18473 1872 1E       		.byte	0x1e
 18474 1873 1C       		.byte	0x1c
 18475 1874 9F       		.byte	0x9f
 18476 1875 00000000 		.4byte	0
 18477 1879 00000000 		.4byte	0
 18478              	.LVUS8:
 18479 187d 00       		.uleb128 .LVU34
 18480 187e 00       		.uleb128 .LVU59
 18481 187f 00       		.uleb128 .LVU59
 18482 1880 00       		.uleb128 0
 18483              	.LLST8:
 18484 1881 6C000000 		.4byte	.LVL8
 18485 1885 C2000000 		.4byte	.LVL17
 18486 1889 0200     		.2byte	0x2
 18487 188b 90       		.byte	0x90
 18488 188c 4A       		.uleb128 0x4a
 18489 188d C2000000 		.4byte	.LVL17
 18490 1891 DC000000 		.4byte	.LFE488
 18491 1895 1C00     		.2byte	0x1c
 18492 1897 73       		.byte	0x73
 18493 1898 00       		.sleb128 0
 18494 1899 73       		.byte	0x73
 18495 189a 00       		.sleb128 0
 18496 189b 74       		.byte	0x74
 18497 189c 00       		.sleb128 0
 18498 189d 22       		.byte	0x22
 18499 189e 32       		.byte	0x32
 18500 189f 1C       		.byte	0x1c
 18501 18a0 73       		.byte	0x73
 18502 18a1 00       		.sleb128 0
 18503 18a2 1B       		.byte	0x1b
 18504 18a3 73       		.byte	0x73
 18505 18a4 00       		.sleb128 0
 18506 18a5 1E       		.byte	0x1e
 18507 18a6 1C       		.byte	0x1c
 18508 18a7 74       		.byte	0x74
 18509 18a8 00       		.sleb128 0
ARM GAS  /tmp/cc3q4aVX.s 			page 326


 18510 18a9 22       		.byte	0x22
 18511 18aa 32       		.byte	0x32
 18512 18ab 1C       		.byte	0x1c
 18513 18ac 32       		.byte	0x32
 18514 18ad 24       		.byte	0x24
 18515 18ae F3       		.byte	0xf3
 18516 18af 01       		.uleb128 0x1
 18517 18b0 50       		.byte	0x50
 18518 18b1 06       		.byte	0x6
 18519 18b2 22       		.byte	0x22
 18520 18b3 00000000 		.4byte	0
 18521 18b7 00000000 		.4byte	0
 18522              	.LVUS9:
 18523 18bb 00       		.uleb128 .LVU37
 18524 18bc 00       		.uleb128 .LVU66
 18525 18bd 00       		.uleb128 .LVU66
 18526 18be 00       		.uleb128 0
 18527              	.LLST9:
 18528 18bf 76000000 		.4byte	.LVL10
 18529 18c3 DA000000 		.4byte	.LVL20
 18530 18c7 0200     		.2byte	0x2
 18531 18c9 90       		.byte	0x90
 18532 18ca 40       		.uleb128 0x40
 18533 18cb DA000000 		.4byte	.LVL20
 18534 18cf DC000000 		.4byte	.LFE488
 18535 18d3 0900     		.2byte	0x9
 18536 18d5 74       		.byte	0x74
 18537 18d6 7F       		.sleb128 -1
 18538 18d7 32       		.byte	0x32
 18539 18d8 24       		.byte	0x24
 18540 18d9 F3       		.byte	0xf3
 18541 18da 01       		.uleb128 0x1
 18542 18db 50       		.byte	0x50
 18543 18dc 06       		.byte	0x6
 18544 18dd 22       		.byte	0x22
 18545 18de 00000000 		.4byte	0
 18546 18e2 00000000 		.4byte	0
 18547              	.LVUS10:
 18548 18e6 00       		.uleb128 .LVU42
 18549 18e7 00       		.uleb128 .LVU55
 18550 18e8 00       		.uleb128 .LVU55
 18551 18e9 00       		.uleb128 0
 18552              	.LLST10:
 18553 18ea 8E000000 		.4byte	.LVL11
 18554 18ee B6000000 		.4byte	.LVL14
 18555 18f2 0200     		.2byte	0x2
 18556 18f4 90       		.byte	0x90
 18557 18f5 4D       		.uleb128 0x4d
 18558 18f6 B6000000 		.4byte	.LVL14
 18559 18fa DC000000 		.4byte	.LFE488
 18560 18fe 1200     		.2byte	0x12
 18561 1900 74       		.byte	0x74
 18562 1901 00       		.sleb128 0
 18563 1902 74       		.byte	0x74
 18564 1903 00       		.sleb128 0
 18565 1904 73       		.byte	0x73
 18566 1905 00       		.sleb128 0
ARM GAS  /tmp/cc3q4aVX.s 			page 327


 18567 1906 1B       		.byte	0x1b
 18568 1907 73       		.byte	0x73
 18569 1908 00       		.sleb128 0
 18570 1909 1E       		.byte	0x1e
 18571 190a 1C       		.byte	0x1c
 18572 190b 32       		.byte	0x32
 18573 190c 24       		.byte	0x24
 18574 190d F3       		.byte	0xf3
 18575 190e 01       		.uleb128 0x1
 18576 190f 50       		.byte	0x50
 18577 1910 06       		.byte	0x6
 18578 1911 22       		.byte	0x22
 18579 1912 00000000 		.4byte	0
 18580 1916 00000000 		.4byte	0
 18581              	.LVUS11:
 18582 191a 00       		.uleb128 .LVU50
 18583 191b 00       		.uleb128 .LVU58
 18584 191c 00       		.uleb128 .LVU58
 18585 191d 00       		.uleb128 0
 18586              	.LLST11:
 18587 191e AE000000 		.4byte	.LVL13
 18588 1922 BE000000 		.4byte	.LVL16
 18589 1926 0200     		.2byte	0x2
 18590 1928 90       		.byte	0x90
 18591 1929 4C       		.uleb128 0x4c
 18592 192a BE000000 		.4byte	.LVL16
 18593 192e DC000000 		.4byte	.LFE488
 18594 1932 0200     		.2byte	0x2
 18595 1934 71       		.byte	0x71
 18596 1935 00       		.sleb128 0
 18597 1936 00000000 		.4byte	0
 18598 193a 00000000 		.4byte	0
 18599              	.LVUS12:
 18600 193e 01       		.uleb128 .LVU51
 18601 193f 00       		.uleb128 .LVU66
 18602 1940 00       		.uleb128 .LVU66
 18603 1941 00       		.uleb128 0
 18604              	.LLST12:
 18605 1942 AE000000 		.4byte	.LVL13
 18606 1946 DA000000 		.4byte	.LVL20
 18607 194a 0200     		.2byte	0x2
 18608 194c 90       		.byte	0x90
 18609 194d 40       		.uleb128 0x40
 18610 194e DA000000 		.4byte	.LVL20
 18611 1952 DC000000 		.4byte	.LFE488
 18612 1956 0900     		.2byte	0x9
 18613 1958 74       		.byte	0x74
 18614 1959 7F       		.sleb128 -1
 18615 195a 32       		.byte	0x32
 18616 195b 24       		.byte	0x24
 18617 195c F3       		.byte	0xf3
 18618 195d 01       		.uleb128 0x1
 18619 195e 50       		.byte	0x50
 18620 195f 06       		.byte	0x6
 18621 1960 22       		.byte	0x22
 18622 1961 00000000 		.4byte	0
 18623 1965 00000000 		.4byte	0
ARM GAS  /tmp/cc3q4aVX.s 			page 328


 18624              	.LVUS13:
 18625 1969 02       		.uleb128 .LVU52
 18626 196a 00       		.uleb128 0
 18627              	.LLST13:
 18628 196b AE000000 		.4byte	.LVL13
 18629 196f DC000000 		.4byte	.LFE488
 18630 1973 0C00     		.2byte	0xc
 18631 1975 F5       		.byte	0xf5
 18632 1976 49       		.uleb128 0x49
 18633 1977 25       		.uleb128 0x25
 18634 1978 F4       		.byte	0xf4
 18635 1979 25       		.uleb128 0x25
 18636 197a 04       		.byte	0x4
 18637 197b 0000003F 		.4byte	0x3f000000
 18638 197f 1E       		.byte	0x1e
 18639 1980 9F       		.byte	0x9f
 18640 1981 00000000 		.4byte	0
 18641 1985 00000000 		.4byte	0
 18642              	.LVUS14:
 18643 1989 00       		.uleb128 .LVU56
 18644 198a 00       		.uleb128 .LVU63
 18645              	.LLST14:
 18646 198b BA000000 		.4byte	.LVL15
 18647 198f CE000000 		.4byte	.LVL19
 18648 1993 0200     		.2byte	0x2
 18649 1995 90       		.byte	0x90
 18650 1996 4E       		.uleb128 0x4e
 18651 1997 00000000 		.4byte	0
 18652 199b 00000000 		.4byte	0
 18653              	.LVUS15:
 18654 199f 00       		.uleb128 .LVU61
 18655 19a0 00       		.uleb128 0
 18656              	.LLST15:
 18657 19a1 CA000000 		.4byte	.LVL18
 18658 19a5 DC000000 		.4byte	.LFE488
 18659 19a9 0200     		.2byte	0x2
 18660 19ab 90       		.byte	0x90
 18661 19ac 4D       		.uleb128 0x4d
 18662 19ad 00000000 		.4byte	0
 18663 19b1 00000000 		.4byte	0
 18664              	.LVUS49:
 18665 19b5 00       		.uleb128 .LVU287
 18666 19b6 00       		.uleb128 0
 18667              	.LLST49:
 18668 19b7 1C000000 		.4byte	.LVL75
 18669 19bb 54000000 		.4byte	.LFE512
 18670 19bf 0200     		.2byte	0x2
 18671 19c1 90       		.byte	0x90
 18672 19c2 4F       		.uleb128 0x4f
 18673 19c3 00000000 		.4byte	0
 18674 19c7 00000000 		.4byte	0
 18675              		.section	.debug_aranges,"",%progbits
 18676 0000 6C000000 		.4byte	0x6c
 18677 0004 0200     		.2byte	0x2
 18678 0006 00000000 		.4byte	.Ldebug_info0
 18679 000a 04       		.byte	0x4
 18680 000b 00       		.byte	0
ARM GAS  /tmp/cc3q4aVX.s 			page 329


 18681 000c 0000     		.2byte	0
 18682 000e 0000     		.2byte	0
 18683 0010 00000000 		.4byte	.Ltext0
 18684 0014 F0010000 		.4byte	.Letext0-.Ltext0
 18685 0018 00000000 		.4byte	.LFB488
 18686 001c DC000000 		.4byte	.LFE488-.LFB488
 18687 0020 00000000 		.4byte	.LFB494
 18688 0024 16000000 		.4byte	.LFE494-.LFB494
 18689 0028 00000000 		.4byte	.LFB495
 18690 002c 88000000 		.4byte	.LFE495-.LFB495
 18691 0030 00000000 		.4byte	.LFB496
 18692 0034 84000000 		.4byte	.LFE496-.LFB496
 18693 0038 00000000 		.4byte	.LFB497
 18694 003c 46000000 		.4byte	.LFE497-.LFB497
 18695 0040 00000000 		.4byte	.LFB510
 18696 0044 BC010000 		.4byte	.LFE510-.LFB510
 18697 0048 00000000 		.4byte	.LFB512
 18698 004c 54000000 		.4byte	.LFE512-.LFB512
 18699 0050 00000000 		.4byte	.LFB513
 18700 0054 2C020000 		.4byte	.LFE513-.LFB513
 18701 0058 00000000 		.4byte	.LFB526
 18702 005c 3C010000 		.4byte	.LFE526-.LFB526
 18703 0060 00000000 		.4byte	.LFB553
 18704 0064 74000000 		.4byte	.LFE553-.LFB553
 18705 0068 00000000 		.4byte	0
 18706 006c 00000000 		.4byte	0
 18707              		.section	.debug_ranges,"",%progbits
 18708              	.Ldebug_ranges0:
 18709 0000 04000000 		.4byte	.LBB90
 18710 0004 06000000 		.4byte	.LBE90
 18711 0008 0E000000 		.4byte	.LBB91
 18712 000c 14000000 		.4byte	.LBE91
 18713 0010 1A000000 		.4byte	.LBB92
 18714 0014 34000000 		.4byte	.LBE92
 18715 0018 00000000 		.4byte	0
 18716 001c 00000000 		.4byte	0
 18717 0020 34000000 		.4byte	.LBB93
 18718 0024 CE000000 		.4byte	.LBE93
 18719 0028 D6000000 		.4byte	.LBB110
 18720 002c BC010000 		.4byte	.LBE110
 18721 0030 00000000 		.4byte	0
 18722 0034 00000000 		.4byte	0
 18723 0038 3E000000 		.4byte	.LBB94
 18724 003c 42000000 		.4byte	.LBE94
 18725 0040 62010000 		.4byte	.LBB107
 18726 0044 66010000 		.4byte	.LBE107
 18727 0048 6A010000 		.4byte	.LBB108
 18728 004c 7E010000 		.4byte	.LBE108
 18729 0050 84010000 		.4byte	.LBB109
 18730 0054 BC010000 		.4byte	.LBE109
 18731 0058 00000000 		.4byte	0
 18732 005c 00000000 		.4byte	0
 18733 0060 7E000000 		.4byte	.LBB99
 18734 0064 9E000000 		.4byte	.LBE99
 18735 0068 D6000000 		.4byte	.LBB102
 18736 006c DC000000 		.4byte	.LBE102
 18737 0070 00000000 		.4byte	0
ARM GAS  /tmp/cc3q4aVX.s 			page 330


 18738 0074 00000000 		.4byte	0
 18739 0078 EC000000 		.4byte	.LBB103
 18740 007c 0C010000 		.4byte	.LBE103
 18741 0080 32010000 		.4byte	.LBB106
 18742 0084 38010000 		.4byte	.LBE106
 18743 0088 00000000 		.4byte	0
 18744 008c 00000000 		.4byte	0
 18745 0090 08000000 		.4byte	.LBB133
 18746 0094 0C000000 		.4byte	.LBE133
 18747 0098 1A000000 		.4byte	.LBB196
 18748 009c 1A020000 		.4byte	.LBE196
 18749 00a0 00000000 		.4byte	0
 18750 00a4 00000000 		.4byte	0
 18751 00a8 08000000 		.4byte	.LBB134
 18752 00ac 0C000000 		.4byte	.LBE134
 18753 00b0 28000000 		.4byte	.LBB193
 18754 00b4 06020000 		.4byte	.LBE193
 18755 00b8 0A020000 		.4byte	.LBB194
 18756 00bc 10020000 		.4byte	.LBE194
 18757 00c0 12020000 		.4byte	.LBB195
 18758 00c4 16020000 		.4byte	.LBE195
 18759 00c8 00000000 		.4byte	0
 18760 00cc 00000000 		.4byte	0
 18761 00d0 08000000 		.4byte	.LBB135
 18762 00d4 0C000000 		.4byte	.LBE135
 18763 00d8 58000000 		.4byte	.LBB185
 18764 00dc 5C000000 		.4byte	.LBE185
 18765 00e0 94000000 		.4byte	.LBB192
 18766 00e4 06020000 		.4byte	.LBE192
 18767 00e8 00000000 		.4byte	0
 18768 00ec 00000000 		.4byte	0
 18769 00f0 08000000 		.4byte	.LBB136
 18770 00f4 0C000000 		.4byte	.LBE136
 18771 00f8 58000000 		.4byte	.LBB172
 18772 00fc 5C000000 		.4byte	.LBE172
 18773 0100 A2000000 		.4byte	.LBB173
 18774 0104 AC010000 		.4byte	.LBE173
 18775 0108 C0010000 		.4byte	.LBB174
 18776 010c 06020000 		.4byte	.LBE174
 18777 0110 00000000 		.4byte	0
 18778 0114 00000000 		.4byte	0
 18779 0118 08000000 		.4byte	.LBB137
 18780 011c 0C000000 		.4byte	.LBE137
 18781 0120 B8000000 		.4byte	.LBB167
 18782 0124 D0000000 		.4byte	.LBE167
 18783 0128 F6000000 		.4byte	.LBB169
 18784 012c FC000000 		.4byte	.LBE169
 18785 0130 00000000 		.4byte	0
 18786 0134 00000000 		.4byte	0
 18787 0138 58000000 		.4byte	.LBB143
 18788 013c 5C000000 		.4byte	.LBE143
 18789 0140 C0010000 		.4byte	.LBB161
 18790 0144 F8010000 		.4byte	.LBE161
 18791 0148 FA010000 		.4byte	.LBB162
 18792 014c 00020000 		.4byte	.LBE162
 18793 0150 00000000 		.4byte	0
 18794 0154 00000000 		.4byte	0
ARM GAS  /tmp/cc3q4aVX.s 			page 331


 18795 0158 58000000 		.4byte	.LBB144
 18796 015c 5C000000 		.4byte	.LBE144
 18797 0160 C8010000 		.4byte	.LBB148
 18798 0164 E0010000 		.4byte	.LBE148
 18799 0168 FA010000 		.4byte	.LBB149
 18800 016c 00020000 		.4byte	.LBE149
 18801 0170 00000000 		.4byte	0
 18802 0174 00000000 		.4byte	0
 18803 0178 00010000 		.4byte	.LBB150
 18804 017c 68010000 		.4byte	.LBE150
 18805 0180 00020000 		.4byte	.LBB163
 18806 0184 06020000 		.4byte	.LBE163
 18807 0188 00000000 		.4byte	0
 18808 018c 00000000 		.4byte	0
 18809 0190 08010000 		.4byte	.LBB151
 18810 0194 20010000 		.4byte	.LBE151
 18811 0198 00020000 		.4byte	.LBB160
 18812 019c 06020000 		.4byte	.LBE160
 18813 01a0 00000000 		.4byte	0
 18814 01a4 00000000 		.4byte	0
 18815 01a8 3C010000 		.4byte	.LBB154
 18816 01ac 40010000 		.4byte	.LBE154
 18817 01b0 42010000 		.4byte	.LBB157
 18818 01b4 46010000 		.4byte	.LBE157
 18819 01b8 00000000 		.4byte	0
 18820 01bc 00000000 		.4byte	0
 18821 01c0 28000000 		.4byte	.LBB175
 18822 01c4 2C000000 		.4byte	.LBE175
 18823 01c8 30000000 		.4byte	.LBB182
 18824 01cc 34000000 		.4byte	.LBE182
 18825 01d0 3A000000 		.4byte	.LBB183
 18826 01d4 42000000 		.4byte	.LBE183
 18827 01d8 4A000000 		.4byte	.LBB184
 18828 01dc 54000000 		.4byte	.LBE184
 18829 01e0 5C000000 		.4byte	.LBB186
 18830 01e4 64000000 		.4byte	.LBE186
 18831 01e8 6A000000 		.4byte	.LBB190
 18832 01ec 6E000000 		.4byte	.LBE190
 18833 01f0 00000000 		.4byte	0
 18834 01f4 00000000 		.4byte	0
 18835 01f8 64000000 		.4byte	.LBB187
 18836 01fc 68000000 		.4byte	.LBE187
 18837 0200 6E000000 		.4byte	.LBB191
 18838 0204 8A000000 		.4byte	.LBE191
 18839 0208 00000000 		.4byte	0
 18840 020c 00000000 		.4byte	0
 18841 0210 6A000000 		.4byte	.LBB210
 18842 0214 6C000000 		.4byte	.LBE210
 18843 0218 70000000 		.4byte	.LBB224
 18844 021c C0000000 		.4byte	.LBE224
 18845 0220 00000000 		.4byte	0
 18846 0224 00000000 		.4byte	0
 18847 0228 6A000000 		.4byte	.LBB212
 18848 022c 6C000000 		.4byte	.LBE212
 18849 0230 70000000 		.4byte	.LBB217
 18850 0234 74000000 		.4byte	.LBE217
 18851 0238 76000000 		.4byte	.LBB218
ARM GAS  /tmp/cc3q4aVX.s 			page 332


 18852 023c 7C000000 		.4byte	.LBE218
 18853 0240 7E000000 		.4byte	.LBB219
 18854 0244 8E000000 		.4byte	.LBE219
 18855 0248 00000000 		.4byte	0
 18856 024c 00000000 		.4byte	0
 18857 0250 E0000000 		.4byte	.LBB225
 18858 0254 E0000000 		.4byte	.LBE225
 18859 0258 E8000000 		.4byte	.LBB242
 18860 025c EA000000 		.4byte	.LBE242
 18861 0260 F4000000 		.4byte	.LBB245
 18862 0264 F6000000 		.4byte	.LBE245
 18863 0268 00000000 		.4byte	0
 18864 026c 00000000 		.4byte	0
 18865 0270 E0000000 		.4byte	.LBB229
 18866 0274 E8000000 		.4byte	.LBE229
 18867 0278 EA000000 		.4byte	.LBB243
 18868 027c EE000000 		.4byte	.LBE243
 18869 0280 F0000000 		.4byte	.LBB244
 18870 0284 F4000000 		.4byte	.LBE244
 18871 0288 F6000000 		.4byte	.LBB246
 18872 028c 00010000 		.4byte	.LBE246
 18873 0290 00000000 		.4byte	0
 18874 0294 00000000 		.4byte	0
 18875 0298 1C000000 		.4byte	.LBB255
 18876 029c 1C000000 		.4byte	.LBE255
 18877 02a0 1E000000 		.4byte	.LBB260
 18878 02a4 56000000 		.4byte	.LBE260
 18879 02a8 00000000 		.4byte	0
 18880 02ac 00000000 		.4byte	0
 18881 02b0 5C000000 		.4byte	.LBB277
 18882 02b4 5E000000 		.4byte	.LBE277
 18883 02b8 60000000 		.4byte	.LBB308
 18884 02bc 68000000 		.4byte	.LBE308
 18885 02c0 6C000000 		.4byte	.LBB309
 18886 02c4 8E000000 		.4byte	.LBE309
 18887 02c8 90000000 		.4byte	.LBB310
 18888 02cc 90000000 		.4byte	.LBE310
 18889 02d0 94000000 		.4byte	.LBB311
 18890 02d4 04010000 		.4byte	.LBE311
 18891 02d8 08010000 		.4byte	.LBB312
 18892 02dc 54010000 		.4byte	.LBE312
 18893 02e0 00000000 		.4byte	0
 18894 02e4 00000000 		.4byte	0
 18895 02e8 68000000 		.4byte	.LBB279
 18896 02ec 68000000 		.4byte	.LBE279
 18897 02f0 6C000000 		.4byte	.LBB282
 18898 02f4 8E000000 		.4byte	.LBE282
 18899 02f8 00000000 		.4byte	0
 18900 02fc 00000000 		.4byte	0
 18901 0300 94000000 		.4byte	.LBB283
 18902 0304 9C000000 		.4byte	.LBE283
 18903 0308 9E000000 		.4byte	.LBB289
 18904 030c A2000000 		.4byte	.LBE289
 18905 0310 A4000000 		.4byte	.LBB290
 18906 0314 A8000000 		.4byte	.LBE290
 18907 0318 AC000000 		.4byte	.LBB291
 18908 031c E4000000 		.4byte	.LBE291
ARM GAS  /tmp/cc3q4aVX.s 			page 333


 18909 0320 FE000000 		.4byte	.LBB294
 18910 0324 04010000 		.4byte	.LBE294
 18911 0328 00000000 		.4byte	0
 18912 032c 00000000 		.4byte	0
 18913 0330 08010000 		.4byte	.LBB295
 18914 0334 0C010000 		.4byte	.LBE295
 18915 0338 0E010000 		.4byte	.LBB300
 18916 033c 12010000 		.4byte	.LBE300
 18917 0340 14010000 		.4byte	.LBB301
 18918 0344 18010000 		.4byte	.LBE301
 18919 0348 1C010000 		.4byte	.LBB302
 18920 034c 54010000 		.4byte	.LBE302
 18921 0350 00000000 		.4byte	0
 18922 0354 00000000 		.4byte	0
 18923 0358 B8010000 		.4byte	.LBB321
 18924 035c B8010000 		.4byte	.LBE321
 18925 0360 BC010000 		.4byte	.LBB326
 18926 0364 CE010000 		.4byte	.LBE326
 18927 0368 00000000 		.4byte	0
 18928 036c 00000000 		.4byte	0
 18929 0370 DA010000 		.4byte	.LBB327
 18930 0374 DC010000 		.4byte	.LBE327
 18931 0378 DE010000 		.4byte	.LBB330
 18932 037c E4010000 		.4byte	.LBE330
 18933 0380 00000000 		.4byte	0
 18934 0384 00000000 		.4byte	0
 18935 0388 00000000 		.4byte	.LBB357
 18936 038c 06000000 		.4byte	.LBE357
 18937 0390 08000000 		.4byte	.LBB393
 18938 0394 62000000 		.4byte	.LBE393
 18939 0398 00000000 		.4byte	0
 18940 039c 00000000 		.4byte	0
 18941 03a0 00000000 		.4byte	.LBB360
 18942 03a4 06000000 		.4byte	.LBE360
 18943 03a8 08000000 		.4byte	.LBB390
 18944 03ac 62000000 		.4byte	.LBE390
 18945 03b0 00000000 		.4byte	0
 18946 03b4 00000000 		.4byte	0
 18947 03b8 00000000 		.4byte	.LBB363
 18948 03bc 06000000 		.4byte	.LBE363
 18949 03c0 08000000 		.4byte	.LBB386
 18950 03c4 3E000000 		.4byte	.LBE386
 18951 03c8 40000000 		.4byte	.LBB387
 18952 03cc 4E000000 		.4byte	.LBE387
 18953 03d0 00000000 		.4byte	0
 18954 03d4 00000000 		.4byte	0
 18955 03d8 10000000 		.4byte	.LBB366
 18956 03dc 14000000 		.4byte	.LBE366
 18957 03e0 1C000000 		.4byte	.LBB369
 18958 03e4 24000000 		.4byte	.LBE369
 18959 03e8 00000000 		.4byte	0
 18960 03ec 00000000 		.4byte	0
 18961 03f0 3A000000 		.4byte	.LBB373
 18962 03f4 3E000000 		.4byte	.LBE373
 18963 03f8 40000000 		.4byte	.LBB378
 18964 03fc 46000000 		.4byte	.LBE378
 18965 0400 00000000 		.4byte	0
ARM GAS  /tmp/cc3q4aVX.s 			page 334


 18966 0404 00000000 		.4byte	0
 18967 0408 00000000 		.4byte	.Ltext0
 18968 040c F0010000 		.4byte	.Letext0
 18969 0410 00000000 		.4byte	.LFB488
 18970 0414 DC000000 		.4byte	.LFE488
 18971 0418 00000000 		.4byte	.LFB494
 18972 041c 16000000 		.4byte	.LFE494
 18973 0420 00000000 		.4byte	.LFB495
 18974 0424 88000000 		.4byte	.LFE495
 18975 0428 00000000 		.4byte	.LFB496
 18976 042c 84000000 		.4byte	.LFE496
 18977 0430 00000000 		.4byte	.LFB497
 18978 0434 46000000 		.4byte	.LFE497
 18979 0438 00000000 		.4byte	.LFB510
 18980 043c BC010000 		.4byte	.LFE510
 18981 0440 00000000 		.4byte	.LFB512
 18982 0444 54000000 		.4byte	.LFE512
 18983 0448 00000000 		.4byte	.LFB513
 18984 044c 2C020000 		.4byte	.LFE513
 18985 0450 00000000 		.4byte	.LFB526
 18986 0454 3C010000 		.4byte	.LFE526
 18987 0458 00000000 		.4byte	.LFB553
 18988 045c 74000000 		.4byte	.LFE553
 18989 0460 00000000 		.4byte	0
 18990 0464 00000000 		.4byte	0
 18991              		.section	.debug_line,"",%progbits
 18992              	.Ldebug_line0:
 18993 0000 700F0000 		.section	.debug_str,"MS",%progbits,1
 18993      03008402 
 18993      00000201 
 18993      FB0E0D00 
 18993      01010101 
 18994              	.LASF177:
 18995 0000 6664696D 		.ascii	"fdim\000"
 18995      00
 18996              	.LASF101:
 18997 0005 5F5A5374 		.ascii	"_ZSt4fmodee\000"
 18997      34666D6F 
 18997      64656500 
 18998              	.LASF40:
 18999 0011 5F5A5374 		.ascii	"_ZSt3absd\000"
 18999      33616273 
 18999      6400
 19000              	.LASF38:
 19001 001b 5F5A5374 		.ascii	"_ZSt3abse\000"
 19001      33616273 
 19001      6500
 19002              	.LASF39:
 19003 0025 5F5A5374 		.ascii	"_ZSt3absf\000"
 19003      33616273 
 19003      6600
 19004              	.LASF225:
 19005 002f 5F5A5374 		.ascii	"_ZSt10nexttowardee\000"
 19005      31306E65 
 19005      7874746F 
 19005      77617264 
 19005      656500
ARM GAS  /tmp/cc3q4aVX.s 			page 335


 19006              	.LASF3:
 19007 0042 696E7438 		.ascii	"int8_t\000"
 19007      5F7400
 19008              	.LASF632:
 19009 0049 6C657270 		.ascii	"lerpf\000"
 19009      6600
 19010              	.LASF42:
 19011 004f 5F5A5374 		.ascii	"_ZSt3absl\000"
 19011      33616273 
 19011      6C00
 19012              	.LASF244:
 19013 0059 5F5A5374 		.ascii	"_ZSt6scalbnfi\000"
 19013      36736361 
 19013      6C626E66 
 19013      6900
 19014              	.LASF628:
 19015 0067 6375746F 		.ascii	"cutoffHz\000"
 19015      6666487A 
 19015      00
 19016              	.LASF125:
 19017 0070 5F5A5374 		.ascii	"_ZSt7signbitd\000"
 19017      37736967 
 19017      6E626974 
 19017      6400
 19018              	.LASF124:
 19019 007e 5F5A5374 		.ascii	"_ZSt7signbite\000"
 19019      37736967 
 19019      6E626974 
 19019      6500
 19020              	.LASF126:
 19021 008c 5F5A5374 		.ascii	"_ZSt7signbitf\000"
 19021      37736967 
 19021      6E626974 
 19021      6600
 19022              	.LASF41:
 19023 009a 5F5A5374 		.ascii	"_ZSt3absx\000"
 19023      33616273 
 19023      7800
 19024              	.LASF654:
 19025 00a4 5F5F6C6F 		.ascii	"__locale_t\000"
 19025      63616C65 
 19025      5F7400
 19026              	.LASF263:
 19027 00af 5F5F7661 		.ascii	"__value\000"
 19027      6C756500 
 19028              	.LASF421:
 19029 00b7 6B5F756E 		.ascii	"k_unit_err_geometry\000"
 19029      69745F65 
 19029      72725F67 
 19029      656F6D65 
 19029      74727900 
 19030              	.LASF354:
 19031 00cb 5F5F7366 		.ascii	"__sf\000"
 19031      00
 19032              	.LASF597:
 19033 00d0 756E6974 		.ascii	"unit_suspend\000"
 19033      5F737573 
ARM GAS  /tmp/cc3q4aVX.s 			page 336


 19033      70656E64 
 19033      00
 19034              	.LASF187:
 19035 00dd 5F5A5374 		.ascii	"_ZSt4fminff\000"
 19035      34666D69 
 19035      6E666600 
 19036              	.LASF81:
 19037 00e9 5F5A5374 		.ascii	"_ZSt5log10e\000"
 19037      356C6F67 
 19037      31306500 
 19038              	.LASF82:
 19039 00f5 5F5A5374 		.ascii	"_ZSt5log10f\000"
 19039      356C6F67 
 19039      31306600 
 19040              	.LASF299:
 19041 0101 5F726561 		.ascii	"_read\000"
 19041      6400
 19042              	.LASF517:
 19043 0107 73657442 		.ascii	"setBPF\000"
 19043      504600
 19044              	.LASF593:
 19045 010e 756E6974 		.ascii	"unit_get_param_value\000"
 19045      5F676574 
 19045      5F706172 
 19045      616D5F76 
 19045      616C7565 
 19046              	.LASF300:
 19047 0123 5F777269 		.ascii	"_write\000"
 19047      746500
 19048              	.LASF531:
 19049 012a 73657441 		.ascii	"setActivity\000"
 19049      63746976 
 19049      69747900 
 19050              	.LASF586:
 19051 0136 756E6974 		.ascii	"unit_touch_event\000"
 19051      5F746F75 
 19051      63685F65 
 19051      76656E74 
 19051      00
 19052              	.LASF33:
 19053 0147 75696E74 		.ascii	"uint_fast64_t\000"
 19053      5F666173 
 19053      7436345F 
 19053      7400
 19054              	.LASF6:
 19055 0155 696E7433 		.ascii	"int32_t\000"
 19055      325F7400 
 19056              	.LASF314:
 19057 015d 5F617363 		.ascii	"_asctime_buf\000"
 19057      74696D65 
 19057      5F627566 
 19057      00
 19058              	.LASF662:
 19059 016a 5F5A5A4E 		.ascii	"_ZZNK6Effect20getParameterStrValueEhlE5names\000"
 19059      4B364566 
 19059      66656374 
 19059      32306765 
ARM GAS  /tmp/cc3q4aVX.s 			page 337


 19059      74506172 
 19060              	.LASF348:
 19061 0197 5F637674 		.ascii	"_cvtlen\000"
 19061      6C656E00 
 19062              	.LASF637:
 19063 019f 636C6970 		.ascii	"clipminmaxi32\000"
 19063      6D696E6D 
 19063      61786933 
 19063      3200
 19064              	.LASF88:
 19065 01ad 73717274 		.ascii	"sqrt\000"
 19065      00
 19066              	.LASF478:
 19067 01b2 6C6C6469 		.ascii	"lldiv\000"
 19067      7600
 19068              	.LASF222:
 19069 01b8 5F5A5374 		.ascii	"_ZSt9nextafteree\000"
 19069      396E6578 
 19069      74616674 
 19069      65726565 
 19069      00
 19070              	.LASF534:
 19071 01c9 5F5A4E31 		.ascii	"_ZN10SpaceDelay8setTempoEm\000"
 19071      30537061 
 19071      63654465 
 19071      6C617938 
 19071      73657454 
 19072              	.LASF185:
 19073 01e4 666D696E 		.ascii	"fmin\000"
 19073      00
 19074              	.LASF195:
 19075 01e9 5F5A5374 		.ascii	"_ZSt6lgammae\000"
 19075      366C6761 
 19075      6D6D6165 
 19075      00
 19076              	.LASF196:
 19077 01f6 5F5A5374 		.ascii	"_ZSt6lgammaf\000"
 19077      366C6761 
 19077      6D6D6166 
 19077      00
 19078              	.LASF273:
 19079 0203 5F5F746D 		.ascii	"__tm\000"
 19079      00
 19080              	.LASF329:
 19081 0208 5F776373 		.ascii	"_wcsrtombs_state\000"
 19081      72746F6D 
 19081      62735F73 
 19081      74617465 
 19081      00
 19082              	.LASF304:
 19083 0219 5F6E6275 		.ascii	"_nbuf\000"
 19083      6600
 19084              	.LASF274:
 19085 021f 5F5F746D 		.ascii	"__tm_sec\000"
 19085      5F736563 
 19085      00
 19086              	.LASF147:
ARM GAS  /tmp/cc3q4aVX.s 			page 338


 19087 0228 6973756E 		.ascii	"isunordered\000"
 19087      6F726465 
 19087      72656400 
 19088              	.LASF322:
 19089 0234 5F6C3634 		.ascii	"_l64a_buf\000"
 19089      615F6275 
 19089      6600
 19090              	.LASF380:
 19091 023e 6B5F756E 		.ascii	"k_unit_api_2_0_0\000"
 19091      69745F61 
 19091      70695F32 
 19091      5F305F30 
 19091      00
 19092              	.LASF480:
 19093 024f 73747274 		.ascii	"strtoll\000"
 19093      6F6C6C00 
 19094              	.LASF419:
 19095 0257 6B5F756E 		.ascii	"k_unit_err_api_version\000"
 19095      69745F65 
 19095      72725F61 
 19095      70695F76 
 19095      65727369 
 19096              	.LASF226:
 19097 026e 5F5A5374 		.ascii	"_ZSt10nexttowardfe\000"
 19097      31306E65 
 19097      7874746F 
 19097      77617264 
 19097      666500
 19098              	.LASF293:
 19099 0281 5F73697A 		.ascii	"_size\000"
 19099      6500
 19100              	.LASF398:
 19101 0287 756E6974 		.ascii	"unit_param\000"
 19101      5F706172 
 19101      616D00
 19102              	.LASF449:
 19103 0292 67656E65 		.ascii	"genericfx_param_mapping\000"
 19103      72696366 
 19103      785F7061 
 19103      72616D5F 
 19103      6D617070 
 19104              	.LASF308:
 19105 02aa 5F6C6F63 		.ascii	"_lock\000"
 19105      6B00
 19106              	.LASF23:
 19107 02b0 75696E74 		.ascii	"uint_least16_t\000"
 19107      5F6C6561 
 19107      73743136 
 19107      5F7400
 19108              	.LASF180:
 19109 02bf 5F5A5374 		.ascii	"_ZSt3fmaeee\000"
 19109      33666D61 
 19109      65656500 
 19110              	.LASF568:
 19111 02cb 5F5A4E4B 		.ascii	"_ZNK6Effect20getParameterStrValueEhl\000"
 19111      36456666 
 19111      65637432 
ARM GAS  /tmp/cc3q4aVX.s 			page 339


 19111      30676574 
 19111      50617261 
 19112              	.LASF26:
 19113 02f0 696E745F 		.ascii	"int_fast8_t\000"
 19113      66617374 
 19113      385F7400 
 19114              	.LASF243:
 19115 02fc 5F5A5374 		.ascii	"_ZSt6scalbnei\000"
 19115      36736361 
 19115      6C626E65 
 19115      6900
 19116              	.LASF571:
 19117 030a 5F5A4E36 		.ascii	"_ZN6Effect14tempo4ppqnTickEm\000"
 19117      45666665 
 19117      63743134 
 19117      74656D70 
 19117      6F347070 
 19118              	.LASF68:
 19119 0327 5F5A5374 		.ascii	"_ZSt4tanhe\000"
 19119      3474616E 
 19119      686500
 19120              	.LASF69:
 19121 0332 5F5A5374 		.ascii	"_ZSt4tanhf\000"
 19121      3474616E 
 19121      686600
 19122              	.LASF401:
 19123 033d 74797065 		.ascii	"type\000"
 19123      00
 19124              	.LASF362:
 19125 0342 5F6D756C 		.ascii	"_mult\000"
 19125      7400
 19126              	.LASF213:
 19127 0348 5F5A5374 		.ascii	"_ZSt5lrinte\000"
 19127      356C7269 
 19127      6E746500 
 19128              	.LASF214:
 19129 0354 5F5A5374 		.ascii	"_ZSt5lrintf\000"
 19129      356C7269 
 19129      6E746600 
 19130              	.LASF461:
 19131 0360 61746F69 		.ascii	"atoi\000"
 19131      00
 19132              	.LASF191:
 19133 0365 696C6F67 		.ascii	"ilogb\000"
 19133      6200
 19134              	.LASF389:
 19135 036b 756E6974 		.ascii	"unit_runtime_hooks_t\000"
 19135      5F72756E 
 19135      74696D65 
 19135      5F686F6F 
 19135      6B735F74 
 19136              	.LASF253:
 19137 0380 646F7562 		.ascii	"double\000"
 19137      6C6500
 19138              	.LASF544:
 19139 0387 5F746170 		.ascii	"_tapBlend\000"
 19139      426C656E 
ARM GAS  /tmp/cc3q4aVX.s 			page 340


 19139      6400
 19140              	.LASF479:
 19141 0391 61746F6C 		.ascii	"atoll\000"
 19141      6C00
 19142              	.LASF537:
 19143 0397 5F616374 		.ascii	"_activeTaps\000"
 19143      69766554 
 19143      61707300 
 19144              	.LASF223:
 19145 03a3 5F5A5374 		.ascii	"_ZSt9nextafterff\000"
 19145      396E6578 
 19145      74616674 
 19145      65726666 
 19145      00
 19146              	.LASF149:
 19147 03b4 5F5A5374 		.ascii	"_ZSt11isunordereddd\000"
 19147      31316973 
 19147      756E6F72 
 19147      64657265 
 19147      64646400 
 19148              	.LASF533:
 19149 03c8 73657454 		.ascii	"setTempo\000"
 19149      656D706F 
 19149      00
 19150              	.LASF604:
 19151 03d1 696E7450 		.ascii	"intP\000"
 19151      00
 19152              	.LASF32:
 19153 03d6 75696E74 		.ascii	"uint_fast32_t\000"
 19153      5F666173 
 19153      7433325F 
 19153      7400
 19154              	.LASF599:
 19155 03e4 756E6974 		.ascii	"unit_reset\000"
 19155      5F726573 
 19155      657400
 19156              	.LASF260:
 19157 03ef 5F5F7763 		.ascii	"__wch\000"
 19157      6800
 19158              	.LASF587:
 19159 03f5 70686173 		.ascii	"phase\000"
 19159      6500
 19160              	.LASF204:
 19161 03fb 5F5A5374 		.ascii	"_ZSt5log1pe\000"
 19161      356C6F67 
 19161      31706500 
 19162              	.LASF205:
 19163 0407 5F5A5374 		.ascii	"_ZSt5log1pf\000"
 19163      356C6F67 
 19163      31706600 
 19164              	.LASF224:
 19165 0413 6E657874 		.ascii	"nexttoward\000"
 19165      746F7761 
 19165      726400
 19166              	.LASF270:
 19167 041e 5F736967 		.ascii	"_sign\000"
 19167      6E00
ARM GAS  /tmp/cc3q4aVX.s 			page 341


 19168              	.LASF296:
 19169 0424 5F66696C 		.ascii	"_file\000"
 19169      6500
 19170              	.LASF460:
 19171 042a 61746F66 		.ascii	"atof\000"
 19171      00
 19172              	.LASF418:
 19173 042f 6B5F756E 		.ascii	"k_unit_err_target\000"
 19173      69745F65 
 19173      72725F74 
 19173      61726765 
 19173      7400
 19174              	.LASF283:
 19175 0441 5F6F6E5F 		.ascii	"_on_exit_args\000"
 19175      65786974 
 19175      5F617267 
 19175      7300
 19176              	.LASF462:
 19177 044f 61746F6C 		.ascii	"atol\000"
 19177      00
 19178              	.LASF393:
 19179 0454 6672616D 		.ascii	"frames_per_buffer\000"
 19179      65735F70 
 19179      65725F62 
 19179      75666665 
 19179      7200
 19180              	.LASF426:
 19181 0466 6D696469 		.ascii	"midi_to_hz_lut_f\000"
 19181      5F746F5F 
 19181      687A5F6C 
 19181      75745F66 
 19181      00
 19182              	.LASF325:
 19183 0477 5F6D6272 		.ascii	"_mbrlen_state\000"
 19183      6C656E5F 
 19183      73746174 
 19183      6500
 19184              	.LASF446:
 19185 0485 6B5F6678 		.ascii	"k_fx_api_platform\000"
 19185      5F617069 
 19185      5F706C61 
 19185      74666F72 
 19185      6D00
 19186              	.LASF148:
 19187 0497 5F5A5374 		.ascii	"_ZSt11isunorderedee\000"
 19187      31316973 
 19187      756E6F72 
 19187      64657265 
 19187      64656500 
 19188              	.LASF7:
 19189 04ab 6C6F6E67 		.ascii	"long int\000"
 19189      20696E74 
 19189      00
 19190              	.LASF364:
 19191 04b4 5F696D70 		.ascii	"_impure_ptr\000"
 19191      7572655F 
 19191      70747200 
ARM GAS  /tmp/cc3q4aVX.s 			page 342


 19192              	.LASF345:
 19193 04c0 5F726573 		.ascii	"_result_k\000"
 19193      756C745F 
 19193      6B00
 19194              	.LASF368:
 19195 04ca 31305F6D 		.ascii	"10_mbstate_t\000"
 19195      62737461 
 19195      74655F74 
 19195      00
 19196              	.LASF635:
 19197 04d7 5F5A3663 		.ascii	"_Z6clampffff\000"
 19197      6C616D70 
 19197      66666666 
 19197      00
 19198              	.LASF664:
 19199 04e4 5F5F6275 		.ascii	"__builtin_memset\000"
 19199      696C7469 
 19199      6E5F6D65 
 19199      6D736574 
 19199      00
 19200              	.LASF619:
 19201 04f5 73686966 		.ascii	"shiftedDelay\000"
 19201      74656444 
 19201      656C6179 
 19201      00
 19202              	.LASF512:
 19203 0502 5F5A4E36 		.ascii	"_ZN6BiquadC4Ev\000"
 19203      42697175 
 19203      61644334 
 19203      457600
 19204              	.LASF315:
 19205 0511 5F6C6F63 		.ascii	"_localtime_buf\000"
 19205      616C7469 
 19205      6D655F62 
 19205      756600
 19206              	.LASF477:
 19207 0520 7763746F 		.ascii	"wctomb\000"
 19207      6D6200
 19208              	.LASF267:
 19209 0527 5F666C6F 		.ascii	"_flock_t\000"
 19209      636B5F74 
 19209      00
 19210              	.LASF219:
 19211 0530 5F5A5374 		.ascii	"_ZSt9nearbyinte\000"
 19211      396E6561 
 19211      72627969 
 19211      6E746500 
 19212              	.LASF220:
 19213 0540 5F5A5374 		.ascii	"_ZSt9nearbyintf\000"
 19213      396E6561 
 19213      72627969 
 19213      6E746600 
 19214              	.LASF621:
 19215 0550 7368696D 		.ascii	"shimmerDelay\000"
 19215      6D657244 
 19215      656C6179 
 19215      00
ARM GAS  /tmp/cc3q4aVX.s 			page 343


 19216              	.LASF429:
 19217 055d 77745F73 		.ascii	"wt_saw_lut_f\000"
 19217      61775F6C 
 19217      75745F66 
 19217      00
 19218              	.LASF563:
 19219 056a 73657450 		.ascii	"setParameter\000"
 19219      6172616D 
 19219      65746572 
 19219      00
 19220              	.LASF656:
 19221 0577 72616E64 		.ascii	"rand\000"
 19221      00
 19222              	.LASF123:
 19223 057c 7369676E 		.ascii	"signbit\000"
 19223      62697400 
 19224              	.LASF178:
 19225 0584 5F5A5374 		.ascii	"_ZSt4fdimee\000"
 19225      34666469 
 19225      6D656500 
 19226              	.LASF598:
 19227 0590 756E6974 		.ascii	"unit_resume\000"
 19227      5F726573 
 19227      756D6500 
 19228              	.LASF278:
 19229 059c 5F5F746D 		.ascii	"__tm_mon\000"
 19229      5F6D6F6E 
 19229      00
 19230              	.LASF150:
 19231 05a5 5F5A5374 		.ascii	"_ZSt11isunorderedff\000"
 19231      31316973 
 19231      756E6F72 
 19231      64657265 
 19231      64666600 
 19232              	.LASF388:
 19233 05b9 73647261 		.ascii	"sdram_avail\000"
 19233      6D5F6176 
 19233      61696C00 
 19234              	.LASF67:
 19235 05c5 74616E68 		.ascii	"tanh\000"
 19235      00
 19236              	.LASF574:
 19237 05ca 5F717561 		.ascii	"_quantiseActivity\000"
 19237      6E746973 
 19237      65416374 
 19237      69766974 
 19237      7900
 19238              	.LASF543:
 19239 05dc 5F746170 		.ascii	"_tapSpeed\000"
 19239      53706565 
 19239      6400
 19240              	.LASF566:
 19241 05e6 5F5A4E4B 		.ascii	"_ZNK6Effect17getParameterValueEh\000"
 19241      36456666 
 19241      65637431 
 19241      37676574 
 19241      50617261 
ARM GAS  /tmp/cc3q4aVX.s 			page 344


 19242              	.LASF25:
 19243 0607 75696E74 		.ascii	"uint_least64_t\000"
 19243      5F6C6561 
 19243      73743634 
 19243      5F7400
 19244              	.LASF95:
 19245 0616 5F5A5374 		.ascii	"_ZSt4fabse\000"
 19245      34666162 
 19245      736500
 19246              	.LASF96:
 19247 0621 5F5A5374 		.ascii	"_ZSt4fabsf\000"
 19247      34666162 
 19247      736600
 19248              	.LASF312:
 19249 062c 5F756E75 		.ascii	"_unused_rand\000"
 19249      7365645F 
 19249      72616E64 
 19249      00
 19250              	.LASF2:
 19251 0639 7369676E 		.ascii	"signed char\000"
 19251      65642063 
 19251      68617200 
 19252              	.LASF387:
 19253 0645 73647261 		.ascii	"sdram_free\000"
 19253      6D5F6672 
 19253      656500
 19254              	.LASF10:
 19255 0650 75696E74 		.ascii	"uint8_t\000"
 19255      385F7400 
 19256              	.LASF218:
 19257 0658 6E656172 		.ascii	"nearbyint\000"
 19257      6279696E 
 19257      7400
 19258              	.LASF50:
 19259 0662 5F5A5374 		.ascii	"_ZSt4atane\000"
 19259      34617461 
 19259      6E6500
 19260              	.LASF51:
 19261 066d 5F5A5374 		.ascii	"_ZSt4atanf\000"
 19261      34617461 
 19261      6E6600
 19262              	.LASF561:
 19263 0678 50726F63 		.ascii	"Process\000"
 19263      65737300 
 19264              	.LASF105:
 19265 0680 5F5A5374 		.ascii	"_ZSt10fpclassifyd\000"
 19265      31306670 
 19265      636C6173 
 19265      73696679 
 19265      6400
 19266              	.LASF104:
 19267 0692 5F5A5374 		.ascii	"_ZSt10fpclassifye\000"
 19267      31306670 
 19267      636C6173 
 19267      73696679 
 19267      6500
 19268              	.LASF106:
ARM GAS  /tmp/cc3q4aVX.s 			page 345


 19269 06a4 5F5A5374 		.ascii	"_ZSt10fpclassifyf\000"
 19269      31306670 
 19269      636C6173 
 19269      73696679 
 19269      6600
 19270              	.LASF488:
 19271 06b6 6B4C7574 		.ascii	"kLutSize\000"
 19271      53697A65 
 19271      00
 19272              	.LASF475:
 19273 06bf 73797374 		.ascii	"system\000"
 19273      656D00
 19274              	.LASF111:
 19275 06c6 6973696E 		.ascii	"isinf\000"
 19275      6600
 19276              	.LASF431:
 19277 06cc 77745F73 		.ascii	"wt_sqr_lut_f\000"
 19277      71725F6C 
 19277      75745F66 
 19277      00
 19278              	.LASF207:
 19279 06d9 5F5A5374 		.ascii	"_ZSt4log2e\000"
 19279      346C6F67 
 19279      326500
 19280              	.LASF208:
 19281 06e4 5F5A5374 		.ascii	"_ZSt4log2f\000"
 19281      346C6F67 
 19281      326600
 19282              	.LASF557:
 19283 06ef 52657375 		.ascii	"Resume\000"
 19283      6D6500
 19284              	.LASF103:
 19285 06f6 6670636C 		.ascii	"fpclassify\000"
 19285      61737369 
 19285      667900
 19286              	.LASF448:
 19287 0701 706F7732 		.ascii	"pow2_lut_f\000"
 19287      5F6C7574 
 19287      5F6600
 19288              	.LASF169:
 19289 070c 5F5A5374 		.ascii	"_ZSt4erfce\000"
 19289      34657266 
 19289      636500
 19290              	.LASF170:
 19291 0717 5F5A5374 		.ascii	"_ZSt4erfcf\000"
 19291      34657266 
 19291      636600
 19292              	.LASF11:
 19293 0722 756E7369 		.ascii	"unsigned char\000"
 19293      676E6564 
 19293      20636861 
 19293      7200
 19294              	.LASF451:
 19295 0730 63757276 		.ascii	"curve\000"
 19295      6500
 19296              	.LASF397:
 19297 0736 756E6974 		.ascii	"unit_runtime_desc_t\000"
ARM GAS  /tmp/cc3q4aVX.s 			page 346


 19297      5F72756E 
 19297      74696D65 
 19297      5F646573 
 19297      635F7400 
 19298              	.LASF523:
 19299 074a 70616E4C 		.ascii	"panL\000"
 19299      00
 19300              	.LASF84:
 19301 074f 5F5A5374 		.ascii	"_ZSt4modfePe\000"
 19301      346D6F64 
 19301      66655065 
 19301      00
 19302              	.LASF430:
 19303 075c 77745F73 		.ascii	"wt_sqr_notes\000"
 19303      71725F6E 
 19303      6F746573 
 19303      00
 19304              	.LASF59:
 19305 0769 5F5A5374 		.ascii	"_ZSt3tane\000"
 19305      3374616E 
 19305      6500
 19306              	.LASF60:
 19307 0773 5F5A5374 		.ascii	"_ZSt3tanf\000"
 19307      3374616E 
 19307      6600
 19308              	.LASF139:
 19309 077d 69736C65 		.ascii	"islessequal\000"
 19309      73736571 
 19309      75616C00 
 19310              	.LASF454:
 19311 0789 67656E65 		.ascii	"genericfx_param_mapping_t\000"
 19311      72696366 
 19311      785F7061 
 19311      72616D5F 
 19311      6D617070 
 19312              	.LASF381:
 19313 07a3 756E6974 		.ascii	"unit_runtime_sdram_alloc_ptr\000"
 19313      5F72756E 
 19313      74696D65 
 19313      5F736472 
 19313      616D5F61 
 19314              	.LASF121:
 19315 07c0 5F5A5374 		.ascii	"_ZSt8isnormald\000"
 19315      3869736E 
 19315      6F726D61 
 19315      6C6400
 19316              	.LASF120:
 19317 07cf 5F5A5374 		.ascii	"_ZSt8isnormale\000"
 19317      3869736E 
 19317      6F726D61 
 19317      6C6500
 19318              	.LASF122:
 19319 07de 5F5A5374 		.ascii	"_ZSt8isnormalf\000"
 19319      3869736E 
 19319      6F726D61 
 19319      6C6600
 19320              	.LASF581:
ARM GAS  /tmp/cc3q4aVX.s 			page 347


 19321 07ed 5F74656D 		.ascii	"_tempoParam\000"
 19321      706F5061 
 19321      72616D00 
 19322              	.LASF382:
 19323 07f9 756E6974 		.ascii	"unit_runtime_sdram_free_ptr\000"
 19323      5F72756E 
 19323      74696D65 
 19323      5F736472 
 19323      616D5F66 
 19324              	.LASF311:
 19325 0815 5F726565 		.ascii	"_reent\000"
 19325      6E7400
 19326              	.LASF100:
 19327 081c 666D6F64 		.ascii	"fmod\000"
 19327      00
 19328              	.LASF365:
 19329 0821 5F676C6F 		.ascii	"_global_impure_ptr\000"
 19329      62616C5F 
 19329      696D7075 
 19329      72655F70 
 19329      747200
 19330              	.LASF374:
 19331 0834 376C6C64 		.ascii	"7lldiv_t\000"
 19331      69765F74 
 19331      00
 19332              	.LASF424:
 19333 083d 6B5F6F73 		.ascii	"k_osc_api_platform\000"
 19333      635F6170 
 19333      695F706C 
 19333      6174666F 
 19333      726D00
 19334              	.LASF212:
 19335 0850 6C72696E 		.ascii	"lrint\000"
 19335      7400
 19336              	.LASF515:
 19337 0856 7365744C 		.ascii	"setLPF\000"
 19337      504600
 19338              	.LASF521:
 19339 085d 44656C61 		.ascii	"DelayTap\000"
 19339      79546170 
 19339      00
 19340              	.LASF333:
 19341 0866 5F756E75 		.ascii	"_unused\000"
 19341      73656400 
 19342              	.LASF633:
 19343 086e 5F5A356C 		.ascii	"_Z5lerpffff\000"
 19343      65727066 
 19343      66666600 
 19344              	.LASF508:
 19345 087a 5F5A4E4B 		.ascii	"_ZNK9DelayLine9writeHeadEv\000"
 19345      3944656C 
 19345      61794C69 
 19345      6E653977 
 19345      72697465 
 19346              	.LASF491:
 19347 0895 675F6861 		.ascii	"g_hannLut\000"
 19347      6E6E4C75 
ARM GAS  /tmp/cc3q4aVX.s 			page 348


 19347      7400
 19348              	.LASF453:
 19349 089f 76616C75 		.ascii	"value\000"
 19349      6500
 19350              	.LASF548:
 19351 08a5 5F5A4E36 		.ascii	"_ZN6EffectC4Ev\000"
 19351      45666665 
 19351      63744334 
 19351      457600
 19352              	.LASF645:
 19353 08b4 636F7366 		.ascii	"cosf\000"
 19353      00
 19354              	.LASF61:
 19355 08b9 636F7368 		.ascii	"cosh\000"
 19355      00
 19356              	.LASF355:
 19357 08be 63686172 		.ascii	"char\000"
 19357      00
 19358              	.LASF663:
 19359 08c3 6D656D73 		.ascii	"memset\000"
 19359      657400
 19360              	.LASF290:
 19361 08ca 5F666E73 		.ascii	"_fns\000"
 19361      00
 19362              	.LASF465:
 19363 08cf 6C646976 		.ascii	"ldiv\000"
 19363      00
 19364              	.LASF650:
 19365 08d4 5F5A4E39 		.ascii	"_ZN9__gnu_cxx3divExx\000"
 19365      5F5F676E 
 19365      755F6378 
 19365      78336469 
 19365      76457878 
 19366              	.LASF302:
 19367 08e9 5F636C6F 		.ascii	"_close\000"
 19367      736500
 19368              	.LASF532:
 19369 08f0 5F5A4E31 		.ascii	"_ZN10SpaceDelay11setActivityEf\000"
 19369      30537061 
 19369      63654465 
 19369      6C617931 
 19369      31736574 
 19370              	.LASF591:
 19371 090f 756E6974 		.ascii	"unit_get_param_str_value\000"
 19371      5F676574 
 19371      5F706172 
 19371      616D5F73 
 19371      74725F76 
 19372              	.LASF405:
 19373 0928 6E616D65 		.ascii	"name\000"
 19373      00
 19374              	.LASF24:
 19375 092d 75696E74 		.ascii	"uint_least32_t\000"
 19375      5F6C6561 
 19375      73743332 
 19375      5F7400
 19376              	.LASF445:
ARM GAS  /tmp/cc3q4aVX.s 			page 349


 19377 093c 62697472 		.ascii	"bitres_lut_f\000"
 19377      65735F6C 
 19377      75745F66 
 19377      00
 19378              	.LASF660:
 19379 0949 756E6974 		.ascii	"unit_teardown\000"
 19379      5F746561 
 19379      72646F77 
 19379      6E00
 19380              	.LASF65:
 19381 0957 5F5A5374 		.ascii	"_ZSt4sinhe\000"
 19381      3473696E 
 19381      686500
 19382              	.LASF66:
 19383 0962 5F5A5374 		.ascii	"_ZSt4sinhf\000"
 19383      3473696E 
 19383      686600
 19384              	.LASF516:
 19385 096d 5F5A4E36 		.ascii	"_ZN6Biquad6setLPFEfff\000"
 19385      42697175 
 19385      61643673 
 19385      65744C50 
 19385      46456666 
 19386              	.LASF536:
 19387 0983 5F626561 		.ascii	"_beatLen\000"
 19387      744C656E 
 19387      00
 19388              	.LASF658:
 19389 098c 5F474C4F 		.ascii	"_GLOBAL__sub_D_unit.cc\000"
 19389      42414C5F 
 19389      5F737562 
 19389      5F445F75 
 19389      6E69742E 
 19390              	.LASF127:
 19391 09a3 69736772 		.ascii	"isgreater\000"
 19391      65617465 
 19391      7200
 19392              	.LASF514:
 19393 09ad 5F5A4E36 		.ascii	"_ZN6Biquad5resetEv\000"
 19393      42697175 
 19393      61643572 
 19393      65736574 
 19393      457600
 19394              	.LASF216:
 19395 09c0 5F5A5374 		.ascii	"_ZSt6lrounde\000"
 19395      366C726F 
 19395      756E6465 
 19395      00
 19396              	.LASF217:
 19397 09cd 5F5A5374 		.ascii	"_ZSt6lroundf\000"
 19397      366C726F 
 19397      756E6466 
 19397      00
 19398              	.LASF606:
 19399 09da 6E6F726D 		.ascii	"norm\000"
 19399      00
 19400              	.LASF80:
ARM GAS  /tmp/cc3q4aVX.s 			page 350


 19401 09df 6C6F6731 		.ascii	"log10\000"
 19401      3000
 19402              	.LASF644:
 19403 09e5 73696E66 		.ascii	"sinf\000"
 19403      00
 19404              	.LASF64:
 19405 09ea 73696E68 		.ascii	"sinh\000"
 19405      00
 19406              	.LASF335:
 19407 09ef 5F737464 		.ascii	"_stdin\000"
 19407      696E00
 19408              	.LASF579:
 19409 09f6 5F627970 		.ascii	"_bypassed\000"
 19409      61737365 
 19409      6400
 19410              	.LASF549:
 19411 0a00 7E456666 		.ascii	"~Effect\000"
 19411      65637400 
 19412              	.LASF369:
 19413 0a08 35646976 		.ascii	"5div_t\000"
 19413      5F7400
 19414              	.LASF447:
 19415 0a0f 6B5F6678 		.ascii	"k_fx_api_version\000"
 19415      5F617069 
 19415      5F766572 
 19415      73696F6E 
 19415      00
 19416              	.LASF625:
 19417 0a20 73696E77 		.ascii	"sinw\000"
 19417      00
 19418              	.LASF559:
 19419 0a25 53757370 		.ascii	"Suspend\000"
 19419      656E6400 
 19420              	.LASF653:
 19421 0a2d 6465636C 		.ascii	"decltype(nullptr)\000"
 19421      74797065 
 19421      286E756C 
 19421      6C707472 
 19421      2900
 19422              	.LASF164:
 19423 0a3f 5F5A5374 		.ascii	"_ZSt8copysignee\000"
 19423      38636F70 
 19423      79736967 
 19423      6E656500 
 19424              	.LASF567:
 19425 0a4f 67657450 		.ascii	"getParameterStrValue\000"
 19425      6172616D 
 19425      65746572 
 19425      53747256 
 19425      616C7565 
 19426              	.LASF113:
 19427 0a64 5F5A5374 		.ascii	"_ZSt5isinfd\000"
 19427      35697369 
 19427      6E666400 
 19428              	.LASF112:
 19429 0a70 5F5A5374 		.ascii	"_ZSt5isinfe\000"
 19429      35697369 
ARM GAS  /tmp/cc3q4aVX.s 			page 351


 19429      6E666500 
 19430              	.LASF114:
 19431 0a7c 5F5A5374 		.ascii	"_ZSt5isinff\000"
 19431      35697369 
 19431      6E666600 
 19432              	.LASF143:
 19433 0a88 69736C65 		.ascii	"islessgreater\000"
 19433      73736772 
 19433      65617465 
 19433      7200
 19434              	.LASF19:
 19435 0a96 696E745F 		.ascii	"int_least16_t\000"
 19435      6C656173 
 19435      7431365F 
 19435      7400
 19436              	.LASF47:
 19437 0aa4 5F5A5374 		.ascii	"_ZSt4asine\000"
 19437      34617369 
 19437      6E6500
 19438              	.LASF48:
 19439 0aaf 5F5A5374 		.ascii	"_ZSt4asinf\000"
 19439      34617369 
 19439      6E6600
 19440              	.LASF181:
 19441 0aba 5F5A5374 		.ascii	"_ZSt3fmafff\000"
 19441      33666D61 
 19441      66666600 
 19442              	.LASF466:
 19443 0ac6 6D626C65 		.ascii	"mblen\000"
 19443      6E00
 19444              	.LASF399:
 19445 0acc 63656E74 		.ascii	"center\000"
 19445      657200
 19446              	.LASF513:
 19447 0ad3 72657365 		.ascii	"reset\000"
 19447      7400
 19448              	.LASF52:
 19449 0ad9 6174616E 		.ascii	"atan2\000"
 19449      3200
 19450              	.LASF203:
 19451 0adf 6C6F6731 		.ascii	"log1p\000"
 19451      7000
 19452              	.LASF646:
 19453 0ae5 474E5520 		.ascii	"GNU C++11 9.2.1 20191025 (release) [ARM/arm-9-branc"
 19453      432B2B31 
 19453      3120392E 
 19453      322E3120 
 19453      32303139 
 19454 0b18 68207265 		.ascii	"h revision 277599] -mcpu=cortex-m7 -mthumb -mno-thu"
 19454      76697369 
 19454      6F6E2032 
 19454      37373539 
 19454      395D202D 
 19455 0b4b 6D622D69 		.ascii	"mb-interwork -mlittle-endian -mfloat-abi=hard -mfpu"
 19455      6E746572 
 19455      776F726B 
 19455      202D6D6C 
ARM GAS  /tmp/cc3q4aVX.s 			page 352


 19455      6974746C 
 19456 0b7e 3D667076 		.ascii	"=fpv4-sp-d16 -march=armv7e-m+fp -g -Os -std=c++11 -"
 19456      342D7370 
 19456      2D643136 
 19456      202D6D61 
 19456      7263683D 
 19457 0bb1 6673696E 		.ascii	"fsingle-precision-constant -fcheck-new -fPIC -fno-u"
 19457      676C652D 
 19457      70726563 
 19457      6973696F 
 19457      6E2D636F 
 19458 0be4 73652D63 		.ascii	"se-cxa-atexit -fno-rtti -fno-exceptions -fno-non-ca"
 19458      78612D61 
 19458      74657869 
 19458      74202D66 
 19458      6E6F2D72 
 19459 0c17 6C6C2D65 		.ascii	"ll-exceptions\000"
 19459      78636570 
 19459      74696F6E 
 19459      7300
 19460              	.LASF341:
 19461 0c25 5F6C6F63 		.ascii	"_locale\000"
 19461      616C6500 
 19462              	.LASF452:
 19463 0c2d 63757276 		.ascii	"curve_polarity\000"
 19463      655F706F 
 19463      6C617269 
 19463      747900
 19464              	.LASF337:
 19465 0c3c 5F737464 		.ascii	"_stderr\000"
 19465      65727200 
 19466              	.LASF145:
 19467 0c44 5F5A5374 		.ascii	"_ZSt13islessgreaterdd\000"
 19467      31336973 
 19467      6C657373 
 19467      67726561 
 19467      74657264 
 19468              	.LASF643:
 19469 0c5a 696E6974 		.ascii	"initHannLut\000"
 19469      48616E6E 
 19469      4C757400 
 19470              	.LASF165:
 19471 0c66 5F5A5374 		.ascii	"_ZSt8copysignff\000"
 19471      38636F70 
 19471      79736967 
 19471      6E666600 
 19472              	.LASF175:
 19473 0c76 5F5A5374 		.ascii	"_ZSt5expm1e\000"
 19473      35657870 
 19473      6D316500 
 19474              	.LASF176:
 19475 0c82 5F5A5374 		.ascii	"_ZSt5expm1f\000"
 19475      35657870 
 19475      6D316600 
 19476              	.LASF57:
 19477 0c8e 5F5A5374 		.ascii	"_ZSt3sine\000"
 19477      3373696E 
ARM GAS  /tmp/cc3q4aVX.s 			page 353


 19477      6500
 19478              	.LASF58:
 19479 0c98 5F5A5374 		.ascii	"_ZSt3sinf\000"
 19479      3373696E 
 19479      6600
 19480              	.LASF558:
 19481 0ca2 5F5A4E36 		.ascii	"_ZN6Effect6ResumeEv\000"
 19481      45666665 
 19481      63743652 
 19481      6573756D 
 19481      65457600 
 19482              	.LASF157:
 19483 0cb6 6174616E 		.ascii	"atanh\000"
 19483      6800
 19484              	.LASF602:
 19485 0cbc 70617261 		.ascii	"paramVal\000"
 19485      6D56616C 
 19485      00
 19486              	.LASF414:
 19487 0cc5 6E756D5F 		.ascii	"num_params\000"
 19487      70617261 
 19487      6D7300
 19488              	.LASF240:
 19489 0cd0 5F5A5374 		.ascii	"_ZSt7scalblnel\000"
 19489      37736361 
 19489      6C626C6E 
 19489      656C00
 19490              	.LASF630:
 19491 0cdf 64656C61 		.ascii	"delaySamples\000"
 19491      7953616D 
 19491      706C6573 
 19491      00
 19492              	.LASF412:
 19493 0cec 72657365 		.ascii	"reserved0\000"
 19493      72766564 
 19493      3000
 19494              	.LASF413:
 19495 0cf6 72657365 		.ascii	"reserved1\000"
 19495      72766564 
 19495      3100
 19496              	.LASF609:
 19497 0d00 74656D70 		.ascii	"tempo_fp\000"
 19497      6F5F6670 
 19497      00
 19498              	.LASF474:
 19499 0d09 73747274 		.ascii	"strtoul\000"
 19499      6F756C00 
 19500              	.LASF70:
 19501 0d11 5F5A5374 		.ascii	"_ZSt3expe\000"
 19501      33657870 
 19501      6500
 19502              	.LASF71:
 19503 0d1b 5F5A5374 		.ascii	"_ZSt3expf\000"
 19503      33657870 
 19503      6600
 19504              	.LASF298:
 19505 0d25 5F636F6F 		.ascii	"_cookie\000"
ARM GAS  /tmp/cc3q4aVX.s 			page 354


 19505      6B696500 
 19506              	.LASF346:
 19507 0d2d 5F703573 		.ascii	"_p5s\000"
 19507      00
 19508              	.LASF189:
 19509 0d32 5F5A5374 		.ascii	"_ZSt5hypotee\000"
 19509      35687970 
 19509      6F746565 
 19509      00
 19510              	.LASF648:
 19511 0d3f 2F776F72 		.ascii	"/workspace/nts-3_kaoss/space-genericfx\000"
 19511      6B737061 
 19511      63652F6E 
 19511      74732D33 
 19511      5F6B616F 
 19512              	.LASF519:
 19513 0d66 70726F63 		.ascii	"process\000"
 19513      65737300 
 19514              	.LASF271:
 19515 0d6e 5F776473 		.ascii	"_wds\000"
 19515      00
 19516              	.LASF385:
 19517 0d73 72756E74 		.ascii	"runtime_context\000"
 19517      696D655F 
 19517      636F6E74 
 19517      65787400 
 19518              	.LASF245:
 19519 0d83 7467616D 		.ascii	"tgamma\000"
 19519      6D6100
 19520              	.LASF427:
 19521 0d8a 77745F73 		.ascii	"wt_sine_lut_f\000"
 19521      696E655F 
 19521      6C75745F 
 19521      6600
 19522              	.LASF201:
 19523 0d98 5F5A5374 		.ascii	"_ZSt7llrounde\000"
 19523      376C6C72 
 19523      6F756E64 
 19523      6500
 19524              	.LASF202:
 19525 0da6 5F5A5374 		.ascii	"_ZSt7llroundf\000"
 19525      376C6C72 
 19525      6F756E64 
 19525      6600
 19526              	.LASF352:
 19527 0db4 5F736967 		.ascii	"_sig_func\000"
 19527      5F66756E 
 19527      6300
 19528              	.LASF456:
 19529 0dbe 636F6D6D 		.ascii	"common\000"
 19529      6F6E00
 19530              	.LASF306:
 19531 0dc5 5F6F6666 		.ascii	"_offset\000"
 19531      73657400 
 19532              	.LASF241:
 19533 0dcd 5F5A5374 		.ascii	"_ZSt7scalblnfl\000"
 19533      37736361 
ARM GAS  /tmp/cc3q4aVX.s 			page 355


 19533      6C626C6E 
 19533      666C00
 19534              	.LASF349:
 19535 0ddc 5F637674 		.ascii	"_cvtbuf\000"
 19535      62756600 
 19536              	.LASF277:
 19537 0de4 5F5F746D 		.ascii	"__tm_mday\000"
 19537      5F6D6461 
 19537      7900
 19538              	.LASF129:
 19539 0dee 5F5A5374 		.ascii	"_ZSt9isgreaterdd\000"
 19539      39697367 
 19539      72656174 
 19539      65726464 
 19539      00
 19540              	.LASF97:
 19541 0dff 666C6F6F 		.ascii	"floor\000"
 19541      7200
 19542              	.LASF206:
 19543 0e05 6C6F6732 		.ascii	"log2\000"
 19543      00
 19544              	.LASF636:
 19545 0e0a 5F474C4F 		.ascii	"_GLOBAL__sub_I_unit.cc\000"
 19545      42414C5F 
 19545      5F737562 
 19545      5F495F75 
 19545      6E69742E 
 19546              	.LASF575:
 19547 0e21 5F5A4E36 		.ascii	"_ZN6Effect17_quantiseActivityEl\000"
 19547      45666665 
 19547      63743137 
 19547      5F717561 
 19547      6E746973 
 19548              	.LASF367:
 19549 0e41 646F7562 		.ascii	"double_t\000"
 19549      6C655F74 
 19549      00
 19550              	.LASF499:
 19551 0e4a 44656C61 		.ascii	"DelayLine\000"
 19551      794C696E 
 19551      6500
 19552              	.LASF211:
 19553 0e54 5F5A5374 		.ascii	"_ZSt4logbf\000"
 19553      346C6F67 
 19553      626600
 19554              	.LASF146:
 19555 0e5f 5F5A5374 		.ascii	"_ZSt13islessgreaterff\000"
 19555      31336973 
 19555      6C657373 
 19555      67726561 
 19555      74657266 
 19556              	.LASF73:
 19557 0e75 5F5A5374 		.ascii	"_ZSt5frexpePi\000"
 19557      35667265 
 19557      78706550 
 19557      6900
 19558              	.LASF94:
ARM GAS  /tmp/cc3q4aVX.s 			page 356


 19559 0e83 66616273 		.ascii	"fabs\000"
 19559      00
 19560              	.LASF506:
 19561 0e88 5F5A4E4B 		.ascii	"_ZNK9DelayLine6lengthEv\000"
 19561      3944656C 
 19561      61794C69 
 19561      6E65366C 
 19561      656E6774 
 19562              	.LASF464:
 19563 0ea0 67657465 		.ascii	"getenv\000"
 19563      6E7600
 19564              	.LASF585:
 19565 0ea7 5F5F7072 		.ascii	"__priority\000"
 19565      696F7269 
 19565      747900
 19566              	.LASF425:
 19567 0eb2 6B5F6F73 		.ascii	"k_osc_api_version\000"
 19567      635F6170 
 19567      695F7665 
 19567      7273696F 
 19567      6E00
 19568              	.LASF209:
 19569 0ec4 6C6F6762 		.ascii	"logb\000"
 19569      00
 19570              	.LASF15:
 19571 0ec9 6C6F6E67 		.ascii	"long unsigned int\000"
 19571      20756E73 
 19571      69676E65 
 19571      6420696E 
 19571      7400
 19572              	.LASF379:
 19573 0edb 6B5F756E 		.ascii	"k_unit_api_1_1_0\000"
 19573      69745F61 
 19573      70695F31 
 19573      5F315F30 
 19573      00
 19574              	.LASF375:
 19575 0eec 6C6C6469 		.ascii	"lldiv_t\000"
 19575      765F7400 
 19576              	.LASF128:
 19577 0ef4 5F5A5374 		.ascii	"_ZSt9isgreateree\000"
 19577      39697367 
 19577      72656174 
 19577      65726565 
 19577      00
 19578              	.LASF583:
 19579 0f05 735F6566 		.ascii	"s_effect_instance\000"
 19579      66656374 
 19579      5F696E73 
 19579      74616E63 
 19579      6500
 19580              	.LASF294:
 19581 0f17 5F5F7346 		.ascii	"__sFILE\000"
 19581      494C4500 
 19582              	.LASF342:
 19583 0f1f 5F5F7364 		.ascii	"__sdidinit\000"
 19583      6964696E 
ARM GAS  /tmp/cc3q4aVX.s 			page 357


 19583      697400
 19584              	.LASF310:
 19585 0f2a 5F666C61 		.ascii	"_flags2\000"
 19585      67733200 
 19586              	.LASF391:
 19587 0f32 74617267 		.ascii	"target\000"
 19587      657400
 19588              	.LASF562:
 19589 0f39 5F5A4E36 		.ascii	"_ZN6Effect7ProcessEPKfPfm\000"
 19589      45666665 
 19589      63743750 
 19589      726F6365 
 19589      73734550 
 19590              	.LASF161:
 19591 0f53 5F5A5374 		.ascii	"_ZSt4cbrte\000"
 19591      34636272 
 19591      746500
 19592              	.LASF162:
 19593 0f5e 5F5A5374 		.ascii	"_ZSt4cbrtf\000"
 19593      34636272 
 19593      746600
 19594              	.LASF372:
 19595 0f69 366C6469 		.ascii	"6ldiv_t\000"
 19595      765F7400 
 19596              	.LASF190:
 19597 0f71 5F5A5374 		.ascii	"_ZSt5hypotff\000"
 19597      35687970 
 19597      6F746666 
 19597      00
 19598              	.LASF85:
 19599 0f7e 5F5A5374 		.ascii	"_ZSt4modffPf\000"
 19599      346D6F64 
 19599      66665066 
 19599      00
 19600              	.LASF21:
 19601 0f8b 696E745F 		.ascii	"int_least64_t\000"
 19601      6C656173 
 19601      7436345F 
 19601      7400
 19602              	.LASF266:
 19603 0f99 5F4C4F43 		.ascii	"_LOCK_RECURSIVE_T\000"
 19603      4B5F5245 
 19603      43555253 
 19603      4956455F 
 19603      5400
 19604              	.LASF237:
 19605 0fab 5F5A5374 		.ascii	"_ZSt5rounde\000"
 19605      35726F75 
 19605      6E646500 
 19606              	.LASF238:
 19607 0fb7 5F5A5374 		.ascii	"_ZSt5roundf\000"
 19607      35726F75 
 19607      6E646600 
 19608              	.LASF608:
 19609 0fc3 74686973 		.ascii	"this\000"
 19609      00
 19610              	.LASF639:
ARM GAS  /tmp/cc3q4aVX.s 			page 358


 19611 0fc8 63686172 		.ascii	"char32_t\000"
 19611      33325F74 
 19611      00
 19612              	.LASF334:
 19613 0fd1 5F657272 		.ascii	"_errno\000"
 19613      6E6F00
 19614              	.LASF476:
 19615 0fd8 77637374 		.ascii	"wcstombs\000"
 19615      6F6D6273 
 19615      00
 19616              	.LASF457:
 19617 0fe1 64656661 		.ascii	"default_mappings\000"
 19617      756C745F 
 19617      6D617070 
 19617      696E6773 
 19617      00
 19618              	.LASF168:
 19619 0ff2 65726663 		.ascii	"erfc\000"
 19619      00
 19620              	.LASF396:
 19621 0ff7 686F6F6B 		.ascii	"hooks\000"
 19621      7300
 19622              	.LASF323:
 19623 0ffd 5F736967 		.ascii	"_signal_buf\000"
 19623      6E616C5F 
 19623      62756600 
 19624              	.LASF35:
 19625 1009 75696E74 		.ascii	"uintptr_t\000"
 19625      7074725F 
 19625      7400
 19626              	.LASF130:
 19627 1013 5F5A5374 		.ascii	"_ZSt9isgreaterff\000"
 19627      39697367 
 19627      72656174 
 19627      65726666 
 19627      00
 19628              	.LASF154:
 19629 1024 6173696E 		.ascii	"asinh\000"
 19629      6800
 19630              	.LASF246:
 19631 102a 5F5A5374 		.ascii	"_ZSt6tgammae\000"
 19631      36746761 
 19631      6D6D6165 
 19631      00
 19632              	.LASF247:
 19633 1037 5F5A5374 		.ascii	"_ZSt6tgammaf\000"
 19633      36746761 
 19633      6D6D6166 
 19633      00
 19634              	.LASF501:
 19635 1044 5F5A4E39 		.ascii	"_ZN9DelayLineC4Ev\000"
 19635      44656C61 
 19635      794C696E 
 19635      65433445 
 19635      7600
 19636              	.LASF496:
 19637 1056 77726974 		.ascii	"write\000"
ARM GAS  /tmp/cc3q4aVX.s 			page 359


 19637      6500
 19638              	.LASF455:
 19639 105c 67656E65 		.ascii	"genericfx_unit_header\000"
 19639      72696366 
 19639      785F756E 
 19639      69745F68 
 19639      65616465 
 19640              	.LASF417:
 19641 1072 6B5F756E 		.ascii	"k_unit_err_none\000"
 19641      69745F65 
 19641      72725F6E 
 19641      6F6E6500 
 19642              	.LASF272:
 19643 1082 5F426967 		.ascii	"_Bigint\000"
 19643      696E7400 
 19644              	.LASF495:
 19645 108a 73747278 		.ascii	"strxfrm\000"
 19645      66726D00 
 19646              	.LASF623:
 19647 1092 5F5A4E31 		.ascii	"_ZN10SpaceDelayC2Ev\000"
 19647      30537061 
 19647      63654465 
 19647      6C617943 
 19647      32457600 
 19648              	.LASF269:
 19649 10a6 5F6D6178 		.ascii	"_maxwds\000"
 19649      77647300 
 19650              	.LASF578:
 19651 10ae 5F737061 		.ascii	"_space\000"
 19651      636500
 19652              	.LASF552:
 19653 10b5 5F5A4E36 		.ascii	"_ZN6Effect4InitEPK17unit_runtime_desc\000"
 19653      45666665 
 19653      63743449 
 19653      6E697445 
 19653      504B3137 
 19654              	.LASF492:
 19655 10db 73747263 		.ascii	"strcoll\000"
 19655      6F6C6C00 
 19656              	.LASF555:
 19657 10e3 52657365 		.ascii	"Reset\000"
 19657      7400
 19658              	.LASF343:
 19659 10e9 5F5F636C 		.ascii	"__cleanup\000"
 19659      65616E75 
 19659      7000
 19660              	.LASF351:
 19661 10f3 5F617465 		.ascii	"_atexit0\000"
 19661      78697430 
 19661      00
 19662              	.LASF117:
 19663 10fc 5F5A5374 		.ascii	"_ZSt5isnand\000"
 19663      3569736E 
 19663      616E6400 
 19664              	.LASF116:
 19665 1108 5F5A5374 		.ascii	"_ZSt5isnane\000"
 19665      3569736E 
ARM GAS  /tmp/cc3q4aVX.s 			page 360


 19665      616E6500 
 19666              	.LASF118:
 19667 1114 5F5A5374 		.ascii	"_ZSt5isnanf\000"
 19667      3569736E 
 19667      616E6600 
 19668              	.LASF584:
 19669 1120 5F5F696E 		.ascii	"__initialize_p\000"
 19669      69746961 
 19669      6C697A65 
 19669      5F7000
 19670              	.LASF339:
 19671 112f 5F656D65 		.ascii	"_emergency\000"
 19671      7267656E 
 19671      637900
 19672              	.LASF249:
 19673 113a 5F5A5374 		.ascii	"_ZSt5trunce\000"
 19673      35747275 
 19673      6E636500 
 19674              	.LASF250:
 19675 1146 5F5A5374 		.ascii	"_ZSt5truncf\000"
 19675      35747275 
 19675      6E636600 
 19676              	.LASF9:
 19677 1152 6C6F6E67 		.ascii	"long long int\000"
 19677      206C6F6E 
 19677      6720696E 
 19677      7400
 19678              	.LASF596:
 19679 1160 6672616D 		.ascii	"frames\000"
 19679      657300
 19680              	.LASF102:
 19681 1167 5F5A5374 		.ascii	"_ZSt4fmodff\000"
 19681      34666D6F 
 19681      64666600 
 19682              	.LASF589:
 19683 1173 636F756E 		.ascii	"counter\000"
 19683      74657200 
 19684              	.LASF358:
 19685 117b 5F6E696F 		.ascii	"_niobs\000"
 19685      627300
 19686              	.LASF353:
 19687 1182 5F5F7367 		.ascii	"__sglue\000"
 19687      6C756500 
 19688              	.LASF332:
 19689 118a 5F6E6D61 		.ascii	"_nmalloc\000"
 19689      6C6C6F63 
 19689      00
 19690              	.LASF20:
 19691 1193 696E745F 		.ascii	"int_least32_t\000"
 19691      6C656173 
 19691      7433325F 
 19691      7400
 19692              	.LASF316:
 19693 11a1 5F67616D 		.ascii	"_gamma_signgam\000"
 19693      6D615F73 
 19693      69676E67 
 19693      616D00
ARM GAS  /tmp/cc3q4aVX.s 			page 361


 19694              	.LASF469:
 19695 11b0 6D62746F 		.ascii	"mbtowc\000"
 19695      776300
 19696              	.LASF582:
 19697 11b7 6B506174 		.ascii	"kPatternTaps\000"
 19697      7465726E 
 19697      54617073 
 19697      00
 19698              	.LASF89:
 19699 11c4 5F5A5374 		.ascii	"_ZSt4sqrte\000"
 19699      34737172 
 19699      746500
 19700              	.LASF90:
 19701 11cf 5F5A5374 		.ascii	"_ZSt4sqrtf\000"
 19701      34737172 
 19701      746600
 19702              	.LASF611:
 19703 11da 6275664C 		.ascii	"bufL\000"
 19703      00
 19704              	.LASF37:
 19705 11df 75696E74 		.ascii	"uintmax_t\000"
 19705      6D61785F 
 19705      7400
 19706              	.LASF347:
 19707 11e9 5F667265 		.ascii	"_freelist\000"
 19707      656C6973 
 19707      7400
 19708              	.LASF390:
 19709 11f3 756E6974 		.ascii	"unit_runtime_desc\000"
 19709      5F72756E 
 19709      74696D65 
 19709      5F646573 
 19709      6300
 19710              	.LASF612:
 19711 1205 62756652 		.ascii	"bufR\000"
 19711      00
 19712              	.LASF359:
 19713 120a 5F696F62 		.ascii	"_iobs\000"
 19713      7300
 19714              	.LASF569:
 19715 1210 5F5A4E36 		.ascii	"_ZN6Effect8setTempoEm\000"
 19715      45666665 
 19715      63743873 
 19715      65745465 
 19715      6D706F45 
 19716              	.LASF357:
 19717 1226 5F676C75 		.ascii	"_glue\000"
 19717      6500
 19718              	.LASF236:
 19719 122c 726F756E 		.ascii	"round\000"
 19719      6400
 19720              	.LASF420:
 19721 1232 6B5F756E 		.ascii	"k_unit_err_samplerate\000"
 19721      69745F65 
 19721      72725F73 
 19721      616D706C 
 19721      65726174 
ARM GAS  /tmp/cc3q4aVX.s 			page 362


 19722              	.LASF493:
 19723 1248 73747265 		.ascii	"strerror\000"
 19723      72726F72 
 19723      00
 19724              	.LASF0:
 19725 1251 666C6F61 		.ascii	"float\000"
 19725      7400
 19726              	.LASF376:
 19727 1257 5F5F636F 		.ascii	"__compar_fn_t\000"
 19727      6D706172 
 19727      5F666E5F 
 19727      7400
 19728              	.LASF538:
 19729 1265 5F707265 		.ascii	"_preset\000"
 19729      73657400 
 19730              	.LASF529:
 19731 126d 73657450 		.ascii	"setPreset\000"
 19731      72657365 
 19731      7400
 19732              	.LASF297:
 19733 1277 5F6C6266 		.ascii	"_lbfsize\000"
 19733      73697A65 
 19733      00
 19734              	.LASF441:
 19735 1280 74616E70 		.ascii	"tanpi_lut_f\000"
 19735      695F6C75 
 19735      745F6600 
 19736              	.LASF500:
 19737 128c 72656164 		.ascii	"read\000"
 19737      00
 19738              	.LASF486:
 19739 1291 6B427566 		.ascii	"kBufLen\000"
 19739      4C656E00 
 19740              	.LASF443:
 19741 1299 63756269 		.ascii	"cubicsat_lut_f\000"
 19741      63736174 
 19741      5F6C7574 
 19741      5F6600
 19742              	.LASF622:
 19743 12a8 626C656E 		.ascii	"blend\000"
 19743      6400
 19744              	.LASF1:
 19745 12ae 756E7369 		.ascii	"unsigned int\000"
 19745      676E6564 
 19745      20696E74 
 19745      00
 19746              	.LASF652:
 19747 12bb 6D61785F 		.ascii	"max_align_t\000"
 19747      616C6967 
 19747      6E5F7400 
 19748              	.LASF200:
 19749 12c7 6C6C726F 		.ascii	"llround\000"
 19749      756E6400 
 19750              	.LASF556:
 19751 12cf 5F5A4E36 		.ascii	"_ZN6Effect5ResetEv\000"
 19751      45666665 
 19751      63743552 
ARM GAS  /tmp/cc3q4aVX.s 			page 363


 19751      65736574 
 19751      457600
 19752              	.LASF34:
 19753 12e2 696E7470 		.ascii	"intptr_t\000"
 19753      74725F74 
 19753      00
 19754              	.LASF330:
 19755 12eb 5F685F65 		.ascii	"_h_errno\000"
 19755      72726E6F 
 19755      00
 19756              	.LASF133:
 19757 12f4 5F5A5374 		.ascii	"_ZSt14isgreaterequaldd\000"
 19757      31346973 
 19757      67726561 
 19757      74657265 
 19757      7175616C 
 19758              	.LASF617:
 19759 130b 73756D52 		.ascii	"sumR\000"
 19759      00
 19760              	.LASF577:
 19761 1310 5F5A4E36 		.ascii	"_ZN6Effect11_applyTempoEl\000"
 19761      45666665 
 19761      63743131 
 19761      5F617070 
 19761      6C795465 
 19762              	.LASF440:
 19763 132a 6C6F675F 		.ascii	"log_lut_f\000"
 19763      6C75745F 
 19763      6600
 19764              	.LASF328:
 19765 1334 5F776372 		.ascii	"_wcrtomb_state\000"
 19765      746F6D62 
 19765      5F737461 
 19765      746500
 19766              	.LASF230:
 19767 1343 72656D71 		.ascii	"remquo\000"
 19767      756F00
 19768              	.LASF535:
 19769 134a 5F5A4E31 		.ascii	"_ZN10SpaceDelay7processEPKfPfm\000"
 19769      30537061 
 19769      63654465 
 19769      6C617937 
 19769      70726F63 
 19770              	.LASF53:
 19771 1369 5F5A5374 		.ascii	"_ZSt5atan2ee\000"
 19771      35617461 
 19771      6E326565 
 19771      00
 19772              	.LASF350:
 19773 1376 5F6E6577 		.ascii	"_new\000"
 19773      00
 19774              	.LASF231:
 19775 137b 5F5A5374 		.ascii	"_ZSt6remquoeePi\000"
 19775      3672656D 
 19775      71756F65 
 19775      65506900 
 19776              	.LASF303:
ARM GAS  /tmp/cc3q4aVX.s 			page 364


 19777 138b 5F756275 		.ascii	"_ubuf\000"
 19777      6600
 19778              	.LASF27:
 19779 1391 696E745F 		.ascii	"int_fast16_t\000"
 19779      66617374 
 19779      31365F74 
 19779      00
 19780              	.LASF564:
 19781 139e 5F5A4E36 		.ascii	"_ZN6Effect12setParameterEhl\000"
 19781      45666665 
 19781      63743132 
 19781      73657450 
 19781      6172616D 
 19782              	.LASF321:
 19783 13ba 5F776374 		.ascii	"_wctomb_state\000"
 19783      6F6D625F 
 19783      73746174 
 19783      6500
 19784              	.LASF309:
 19785 13c8 5F6D6273 		.ascii	"_mbstate\000"
 19785      74617465 
 19785      00
 19786              	.LASF588:
 19787 13d1 756E6974 		.ascii	"unit_tempo_4ppqn_tick\000"
 19787      5F74656D 
 19787      706F5F34 
 19787      7070716E 
 19787      5F746963 
 19788              	.LASF317:
 19789 13e7 5F72616E 		.ascii	"_rand_next\000"
 19789      645F6E65 
 19789      787400
 19790              	.LASF331:
 19791 13f2 5F6E6578 		.ascii	"_nextf\000"
 19791      746600
 19792              	.LASF295:
 19793 13f9 5F666C61 		.ascii	"_flags\000"
 19793      677300
 19794              	.LASF74:
 19795 1400 5F5A5374 		.ascii	"_ZSt5frexpfPi\000"
 19795      35667265 
 19795      78706650 
 19795      6900
 19796              	.LASF158:
 19797 140e 5F5A5374 		.ascii	"_ZSt5atanhe\000"
 19797      35617461 
 19797      6E686500 
 19798              	.LASF159:
 19799 141a 5F5A5374 		.ascii	"_ZSt5atanhf\000"
 19799      35617461 
 19799      6E686600 
 19800              	.LASF44:
 19801 1426 5F5A5374 		.ascii	"_ZSt4acose\000"
 19801      3461636F 
 19801      736500
 19802              	.LASF45:
 19803 1431 5F5A5374 		.ascii	"_ZSt4acosf\000"
ARM GAS  /tmp/cc3q4aVX.s 			page 365


 19803      3461636F 
 19803      736600
 19804              	.LASF551:
 19805 143c 496E6974 		.ascii	"Init\000"
 19805      00
 19806              	.LASF256:
 19807 1441 5F5F6D61 		.ascii	"__max_align_ld\000"
 19807      785F616C 
 19807      69676E5F 
 19807      6C6400
 19808              	.LASF288:
 19809 1450 5F617465 		.ascii	"_atexit\000"
 19809      78697400 
 19810              	.LASF507:
 19811 1458 77726974 		.ascii	"writeHead\000"
 19811      65486561 
 19811      6400
 19812              	.LASF634:
 19813 1462 636C616D 		.ascii	"clampf\000"
 19813      706600
 19814              	.LASF255:
 19815 1469 5F5F6D61 		.ascii	"__max_align_ll\000"
 19815      785F616C 
 19815      69676E5F 
 19815      6C6C00
 19816              	.LASF378:
 19817 1478 6B5F756E 		.ascii	"k_unit_api_1_0_0\000"
 19817      69745F61 
 19817      70695F31 
 19817      5F305F30 
 19817      00
 19818              	.LASF160:
 19819 1489 63627274 		.ascii	"cbrt\000"
 19819      00
 19820              	.LASF54:
 19821 148e 5F5A5374 		.ascii	"_ZSt5atan2ff\000"
 19821      35617461 
 19821      6E326666 
 19821      00
 19822              	.LASF262:
 19823 149b 5F5F636F 		.ascii	"__count\000"
 19823      756E7400 
 19824              	.LASF649:
 19825 14a3 5F5F676E 		.ascii	"__gnu_cxx\000"
 19825      755F6378 
 19825      7800
 19826              	.LASF542:
 19827 14ad 5F746170 		.ascii	"_tapCutoff\000"
 19827      4375746F 
 19827      666600
 19828              	.LASF590:
 19829 14b8 756E6974 		.ascii	"unit_set_tempo\000"
 19829      5F736574 
 19829      5F74656D 
 19829      706F00
 19830              	.LASF131:
 19831 14c7 69736772 		.ascii	"isgreaterequal\000"
ARM GAS  /tmp/cc3q4aVX.s 			page 366


 19831      65617465 
 19831      72657175 
 19831      616C00
 19832              	.LASF239:
 19833 14d6 7363616C 		.ascii	"scalbln\000"
 19833      626C6E00 
 19834              	.LASF377:
 19835 14de 626F6F6C 		.ascii	"bool\000"
 19835      00
 19836              	.LASF22:
 19837 14e3 75696E74 		.ascii	"uint_least8_t\000"
 19837      5F6C6561 
 19837      7374385F 
 19837      7400
 19838              	.LASF592:
 19839 14f1 74656D70 		.ascii	"tempo\000"
 19839      6F00
 19840              	.LASF504:
 19841 14f7 5F5A4E4B 		.ascii	"_ZNK9DelayLine11readHermiteEf\000"
 19841      3944656C 
 19841      61794C69 
 19841      6E653131 
 19841      72656164 
 19842              	.LASF55:
 19843 1515 5F5A5374 		.ascii	"_ZSt3cose\000"
 19843      33636F73 
 19843      6500
 19844              	.LASF56:
 19845 151f 5F5A5374 		.ascii	"_ZSt3cosf\000"
 19845      33636F73 
 19845      6600
 19846              	.LASF18:
 19847 1529 696E745F 		.ascii	"int_least8_t\000"
 19847      6C656173 
 19847      74385F74 
 19847      00
 19848              	.LASF280:
 19849 1536 5F5F746D 		.ascii	"__tm_wday\000"
 19849      5F776461 
 19849      7900
 19850              	.LASF481:
 19851 1540 73747274 		.ascii	"strtoull\000"
 19851      6F756C6C 
 19851      00
 19852              	.LASF470:
 19853 1549 71736F72 		.ascii	"qsort\000"
 19853      7400
 19854              	.LASF36:
 19855 154f 696E746D 		.ascii	"intmax_t\000"
 19855      61785F74 
 19855      00
 19856              	.LASF252:
 19857 1558 6C6F6E67 		.ascii	"long double\000"
 19857      20646F75 
 19857      626C6500 
 19858              	.LASF366:
 19859 1564 666C6F61 		.ascii	"float_t\000"
ARM GAS  /tmp/cc3q4aVX.s 			page 367


 19859      745F7400 
 19860              	.LASF281:
 19861 156c 5F5F746D 		.ascii	"__tm_yday\000"
 19861      5F796461 
 19861      7900
 19862              	.LASF547:
 19863 1576 45666665 		.ascii	"Effect\000"
 19863      637400
 19864              	.LASF434:
 19865 157d 77617665 		.ascii	"wavesA\000"
 19865      734100
 19866              	.LASF435:
 19867 1584 77617665 		.ascii	"wavesB\000"
 19867      734200
 19868              	.LASF436:
 19869 158b 77617665 		.ascii	"wavesC\000"
 19869      734300
 19870              	.LASF437:
 19871 1592 77617665 		.ascii	"wavesD\000"
 19871      734400
 19872              	.LASF438:
 19873 1599 77617665 		.ascii	"wavesE\000"
 19873      734500
 19874              	.LASF439:
 19875 15a0 77617665 		.ascii	"wavesF\000"
 19875      734600
 19876              	.LASF141:
 19877 15a7 5F5A5374 		.ascii	"_ZSt11islessequaldd\000"
 19877      31316973 
 19877      6C657373 
 19877      65717561 
 19877      6C646400 
 19878              	.LASF618:
 19879 15bb 62617365 		.ascii	"baseDelay\000"
 19879      44656C61 
 19879      7900
 19880              	.LASF361:
 19881 15c5 5F736565 		.ascii	"_seed\000"
 19881      6400
 19882              	.LASF172:
 19883 15cb 5F5A5374 		.ascii	"_ZSt4exp2e\000"
 19883      34657870 
 19883      326500
 19884              	.LASF173:
 19885 15d6 5F5A5374 		.ascii	"_ZSt4exp2f\000"
 19885      34657870 
 19885      326600
 19886              	.LASF626:
 19887 15e1 636F7377 		.ascii	"cosw\000"
 19887      00
 19888              	.LASF489:
 19889 15e6 6B48616E 		.ascii	"kHannSize\000"
 19889      6E53697A 
 19889      6500
 19890              	.LASF301:
 19891 15f0 5F736565 		.ascii	"_seek\000"
 19891      6B00
ARM GAS  /tmp/cc3q4aVX.s 			page 368


 19892              	.LASF373:
 19893 15f6 6C646976 		.ascii	"ldiv_t\000"
 19893      5F7400
 19894              	.LASF616:
 19895 15fd 73756D4C 		.ascii	"sumL\000"
 19895      00
 19896              	.LASF259:
 19897 1602 5F66706F 		.ascii	"_fpos_t\000"
 19897      735F7400 
 19898              	.LASF383:
 19899 160a 756E6974 		.ascii	"unit_runtime_sdram_avail_ptr\000"
 19899      5F72756E 
 19899      74696D65 
 19899      5F736472 
 19899      616D5F61 
 19900              	.LASF386:
 19901 1627 73647261 		.ascii	"sdram_alloc\000"
 19901      6D5F616C 
 19901      6C6F6300 
 19902              	.LASF261:
 19903 1633 5F5F7763 		.ascii	"__wchb\000"
 19903      686200
 19904              	.LASF49:
 19905 163a 6174616E 		.ascii	"atan\000"
 19905      00
 19906              	.LASF179:
 19907 163f 5F5A5374 		.ascii	"_ZSt4fdimff\000"
 19907      34666469 
 19907      6D666600 
 19908              	.LASF463:
 19909 164b 62736561 		.ascii	"bsearch\000"
 19909      72636800 
 19910              	.LASF497:
 19911 1653 5F5A4E39 		.ascii	"_ZN9DelayLine4initEPfj\000"
 19911      44656C61 
 19911      794C696E 
 19911      6534696E 
 19911      69744550 
 19912              	.LASF320:
 19913 166a 5F6D6274 		.ascii	"_mbtowc_state\000"
 19913      6F77635F 
 19913      73746174 
 19913      6500
 19914              	.LASF631:
 19915 1678 5F5A4E39 		.ascii	"_ZN9DelayLineC2Ev\000"
 19915      44656C61 
 19915      794C696E 
 19915      65433245 
 19915      7600
 19916              	.LASF624:
 19917 168a 63656E74 		.ascii	"centerHz\000"
 19917      6572487A 
 19917      00
 19918              	.LASF526:
 19919 1693 53706163 		.ascii	"SpaceDelay\000"
 19919      6544656C 
 19919      617900
ARM GAS  /tmp/cc3q4aVX.s 			page 369


 19920              	.LASF140:
 19921 169e 5F5A5374 		.ascii	"_ZSt11islessequalee\000"
 19921      31316973 
 19921      6C657373 
 19921      65717561 
 19921      6C656500 
 19922              	.LASF509:
 19923 16b2 5F627566 		.ascii	"_buf\000"
 19923      00
 19924              	.LASF17:
 19925 16b7 6C6F6E67 		.ascii	"long long unsigned int\000"
 19925      206C6F6E 
 19925      6720756E 
 19925      7369676E 
 19925      65642069 
 19926              	.LASF415:
 19927 16ce 70617261 		.ascii	"params\000"
 19927      6D7300
 19928              	.LASF545:
 19929 16d5 5F6C696E 		.ascii	"_lineL\000"
 19929      654C00
 19930              	.LASF576:
 19931 16dc 5F617070 		.ascii	"_applyTempo\000"
 19931      6C795465 
 19931      6D706F00 
 19932              	.LASF546:
 19933 16e8 5F6C696E 		.ascii	"_lineR\000"
 19933      655200
 19934              	.LASF109:
 19935 16ef 5F5A5374 		.ascii	"_ZSt8isfinited\000"
 19935      38697366 
 19935      696E6974 
 19935      656400
 19936              	.LASF108:
 19937 16fe 5F5A5374 		.ascii	"_ZSt8isfinitee\000"
 19937      38697366 
 19937      696E6974 
 19937      656500
 19938              	.LASF110:
 19939 170d 5F5A5374 		.ascii	"_ZSt8isfinitef\000"
 19939      38697366 
 19939      696E6974 
 19939      656600
 19940              	.LASF75:
 19941 171c 6C646578 		.ascii	"ldexp\000"
 19941      7000
 19942              	.LASF505:
 19943 1722 6C656E67 		.ascii	"length\000"
 19943      746800
 19944              	.LASF12:
 19945 1729 75696E74 		.ascii	"uint16_t\000"
 19945      31365F74 
 19945      00
 19946              	.LASF520:
 19947 1732 5F5A4E36 		.ascii	"_ZN6Biquad7processEf\000"
 19947      42697175 
 19947      61643770 
ARM GAS  /tmp/cc3q4aVX.s 			page 370


 19947      726F6365 
 19947      73734566 
 19948              	.LASF72:
 19949 1747 66726578 		.ascii	"frexp\000"
 19949      7000
 19950              	.LASF285:
 19951 174d 5F64736F 		.ascii	"_dso_handle\000"
 19951      5F68616E 
 19951      646C6500 
 19952              	.LASF340:
 19953 1759 5F756E73 		.ascii	"_unspecified_locale_info\000"
 19953      70656369 
 19953      66696564 
 19953      5F6C6F63 
 19953      616C655F 
 19954              	.LASF360:
 19955 1772 5F72616E 		.ascii	"_rand48\000"
 19955      64343800 
 19956              	.LASF600:
 19957 177a 756E6974 		.ascii	"unit_init\000"
 19957      5F696E69 
 19957      7400
 19958              	.LASF336:
 19959 1784 5F737464 		.ascii	"_stdout\000"
 19959      6F757400 
 19960              	.LASF43:
 19961 178c 61636F73 		.ascii	"acos\000"
 19961      00
 19962              	.LASF174:
 19963 1791 6578706D 		.ascii	"expm1\000"
 19963      3100
 19964              	.LASF221:
 19965 1797 6E657874 		.ascii	"nextafter\000"
 19965      61667465 
 19965      7200
 19966              	.LASF384:
 19967 17a1 756E6974 		.ascii	"unit_runtime_hooks\000"
 19967      5F72756E 
 19967      74696D65 
 19967      5F686F6F 
 19967      6B7300
 19968              	.LASF29:
 19969 17b4 696E745F 		.ascii	"int_fast64_t\000"
 19969      66617374 
 19969      36345F74 
 19969      00
 19970              	.LASF627:
 19971 17c1 616C7068 		.ascii	"alpha\000"
 19971      6100
 19972              	.LASF305:
 19973 17c7 5F626C6B 		.ascii	"_blksize\000"
 19973      73697A65 
 19973      00
 19974              	.LASF142:
 19975 17d0 5F5A5374 		.ascii	"_ZSt11islessequalff\000"
 19975      31316973 
 19975      6C657373 
ARM GAS  /tmp/cc3q4aVX.s 			page 371


 19975      65717561 
 19975      6C666600 
 19976              	.LASF511:
 19977 17e4 42697175 		.ascii	"Biquad\000"
 19977      616400
 19978              	.LASF163:
 19979 17eb 636F7079 		.ascii	"copysign\000"
 19979      7369676E 
 19979      00
 19980              	.LASF490:
 19981 17f4 675F7369 		.ascii	"g_sinLut\000"
 19981      6E4C7574 
 19981      00
 19982              	.LASF292:
 19983 17fd 5F626173 		.ascii	"_base\000"
 19983      6500
 19984              	.LASF539:
 19985 1803 5F746170 		.ascii	"_taps\000"
 19985      7300
 19986              	.LASF442:
 19987 1809 73717274 		.ascii	"sqrtm2log_lut_f\000"
 19987      6D326C6F 
 19987      675F6C75 
 19987      745F6600 
 19988              	.LASF313:
 19989 1819 5F737472 		.ascii	"_strtok_last\000"
 19989      746F6B5F 
 19989      6C617374 
 19989      00
 19990              	.LASF46:
 19991 1826 6173696E 		.ascii	"asin\000"
 19991      00
 19992              	.LASF326:
 19993 182b 5F6D6272 		.ascii	"_mbrtowc_state\000"
 19993      746F7763 
 19993      5F737461 
 19993      746500
 19994              	.LASF408:
 19995 183a 68656164 		.ascii	"header_size\000"
 19995      65725F73 
 19995      697A6500 
 19996              	.LASF251:
 19997 1846 5F5F6378 		.ascii	"__cxx11\000"
 19997      78313100 
 19998              	.LASF484:
 19999 184e 6B53616D 		.ascii	"kSampleRate\000"
 19999      706C6552 
 19999      61746500 
 20000              	.LASF248:
 20001 185a 7472756E 		.ascii	"trunc\000"
 20001      6300
 20002              	.LASF370:
 20003 1860 71756F74 		.ascii	"quot\000"
 20003      00
 20004              	.LASF411:
 20005 1865 76657273 		.ascii	"version\000"
 20005      696F6E00 
ARM GAS  /tmp/cc3q4aVX.s 			page 372


 20006              	.LASF432:
 20007 186d 77745F70 		.ascii	"wt_par_notes\000"
 20007      61725F6E 
 20007      6F746573 
 20007      00
 20008              	.LASF356:
 20009 187a 5F5F4649 		.ascii	"__FILE\000"
 20009      4C4500
 20010              	.LASF151:
 20011 1881 61636F73 		.ascii	"acosh\000"
 20011      6800
 20012              	.LASF422:
 20013 1887 6B5F756E 		.ascii	"k_unit_err_memory\000"
 20013      69745F65 
 20013      72725F6D 
 20013      656D6F72 
 20013      7900
 20014              	.LASF607:
 20015 1899 7175616E 		.ascii	"quantised\000"
 20015      74697365 
 20015      6400
 20016              	.LASF264:
 20017 18a3 5F6D6273 		.ascii	"_mbstate_t\000"
 20017      74617465 
 20017      5F7400
 20018              	.LASF601:
 20019 18ae 64657363 		.ascii	"desc\000"
 20019      00
 20020              	.LASF394:
 20021 18b3 696E7075 		.ascii	"input_channels\000"
 20021      745F6368 
 20021      616E6E65 
 20021      6C7300
 20022              	.LASF318:
 20023 18c2 5F723438 		.ascii	"_r48\000"
 20023      00
 20024              	.LASF629:
 20025 18c7 5F5A4E36 		.ascii	"_ZN6BiquadC2Ev\000"
 20025      42697175 
 20025      61644332 
 20025      457600
 20026              	.LASF573:
 20027 18d6 5F5A4E36 		.ascii	"_ZN6Effect10touchEventEhhmm\000"
 20027      45666665 
 20027      63743130 
 20027      746F7563 
 20027      68457665 
 20028              	.LASF257:
 20029 18f2 77696E74 		.ascii	"wint_t\000"
 20029      5F7400
 20030              	.LASF268:
 20031 18f9 5F6E6578 		.ascii	"_next\000"
 20031      7400
 20032              	.LASF307:
 20033 18ff 5F646174 		.ascii	"_data\000"
 20033      6100
 20034              	.LASF550:
ARM GAS  /tmp/cc3q4aVX.s 			page 373


 20035 1905 5F5A4E36 		.ascii	"_ZN6EffectD4Ev\000"
 20035      45666665 
 20035      63744434 
 20035      457600
 20036              	.LASF400:
 20037 1914 696E6974 		.ascii	"init\000"
 20037      00
 20038              	.LASF403:
 20039 1919 66726163 		.ascii	"frac_mode\000"
 20039      5F6D6F64 
 20039      6500
 20040              	.LASF498:
 20041 1923 5F5A4E39 		.ascii	"_ZN9DelayLine5writeEf\000"
 20041      44656C61 
 20041      794C696E 
 20041      65357772 
 20041      69746545 
 20042              	.LASF483:
 20043 1939 73747274 		.ascii	"strtold\000"
 20043      6F6C6400 
 20044              	.LASF458:
 20045 1941 67656E65 		.ascii	"genericfx_unit_header_t\000"
 20045      72696366 
 20045      785F756E 
 20045      69745F68 
 20045      65616465 
 20046              	.LASF518:
 20047 1959 5F5A4E36 		.ascii	"_ZN6Biquad6setBPFEfff\000"
 20047      42697175 
 20047      61643673 
 20047      65744250 
 20047      46456666 
 20048              	.LASF78:
 20049 196f 5F5A5374 		.ascii	"_ZSt3loge\000"
 20049      336C6F67 
 20049      6500
 20050              	.LASF79:
 20051 1979 5F5A5374 		.ascii	"_ZSt3logf\000"
 20051      336C6F67 
 20051      6600
 20052              	.LASF402:
 20053 1983 66726163 		.ascii	"frac\000"
 20053      00
 20054              	.LASF210:
 20055 1988 5F5A5374 		.ascii	"_ZSt4logbe\000"
 20055      346C6F67 
 20055      626500
 20056              	.LASF182:
 20057 1993 666D6178 		.ascii	"fmax\000"
 20057      00
 20058              	.LASF392:
 20059 1998 73616D70 		.ascii	"samplerate\000"
 20059      6C657261 
 20059      746500
 20060              	.LASF233:
 20061 19a3 72696E74 		.ascii	"rint\000"
 20061      00
ARM GAS  /tmp/cc3q4aVX.s 			page 374


 20062              	.LASF115:
 20063 19a8 69736E61 		.ascii	"isnan\000"
 20063      6E00
 20064              	.LASF28:
 20065 19ae 696E745F 		.ascii	"int_fast32_t\000"
 20065      66617374 
 20065      33325F74 
 20065      00
 20066              	.LASF137:
 20067 19bb 5F5A5374 		.ascii	"_ZSt6islessdd\000"
 20067      3669736C 
 20067      65737364 
 20067      6400
 20068              	.LASF155:
 20069 19c9 5F5A5374 		.ascii	"_ZSt5asinhe\000"
 20069      35617369 
 20069      6E686500 
 20070              	.LASF156:
 20071 19d5 5F5A5374 		.ascii	"_ZSt5asinhf\000"
 20071      35617369 
 20071      6E686600 
 20072              	.LASF62:
 20073 19e1 5F5A5374 		.ascii	"_ZSt4coshe\000"
 20073      34636F73 
 20073      686500
 20074              	.LASF63:
 20075 19ec 5F5A5374 		.ascii	"_ZSt4coshf\000"
 20075      34636F73 
 20075      686600
 20076              	.LASF472:
 20077 19f7 73747274 		.ascii	"strtod\000"
 20077      6F6400
 20078              	.LASF482:
 20079 19fe 73747274 		.ascii	"strtof\000"
 20079      6F6600
 20080              	.LASF30:
 20081 1a05 75696E74 		.ascii	"uint_fast8_t\000"
 20081      5F666173 
 20081      74385F74 
 20081      00
 20082              	.LASF494:
 20083 1a12 73747274 		.ascii	"strtok\000"
 20083      6F6B00
 20084              	.LASF473:
 20085 1a19 73747274 		.ascii	"strtol\000"
 20085      6F6C00
 20086              	.LASF642:
 20087 1a20 696E6974 		.ascii	"initSinLut\000"
 20087      53696E4C 
 20087      757400
 20088              	.LASF215:
 20089 1a2b 6C726F75 		.ascii	"lround\000"
 20089      6E6400
 20090              	.LASF647:
 20091 1a32 756E6974 		.ascii	"unit.cc\000"
 20091      2E636300 
 20092              	.LASF319:
ARM GAS  /tmp/cc3q4aVX.s 			page 375


 20093 1a3a 5F6D626C 		.ascii	"_mblen_state\000"
 20093      656E5F73 
 20093      74617465 
 20093      00
 20094              	.LASF416:
 20095 1a47 756E6974 		.ascii	"unit_header_t\000"
 20095      5F686561 
 20095      6465725F 
 20095      7400
 20096              	.LASF5:
 20097 1a55 73686F72 		.ascii	"short int\000"
 20097      7420696E 
 20097      7400
 20098              	.LASF242:
 20099 1a5f 7363616C 		.ascii	"scalbn\000"
 20099      626E00
 20100              	.LASF16:
 20101 1a66 75696E74 		.ascii	"uint64_t\000"
 20101      36345F74 
 20101      00
 20102              	.LASF395:
 20103 1a6f 6F757470 		.ascii	"output_channels\000"
 20103      75745F63 
 20103      68616E6E 
 20103      656C7300 
 20104              	.LASF166:
 20105 1a7f 5F5A5374 		.ascii	"_ZSt3erfe\000"
 20105      33657266 
 20105      6500
 20106              	.LASF83:
 20107 1a89 6D6F6466 		.ascii	"modf\000"
 20107      00
 20108              	.LASF107:
 20109 1a8e 69736669 		.ascii	"isfinite\000"
 20109      6E697465 
 20109      00
 20110              	.LASF4:
 20111 1a97 696E7431 		.ascii	"int16_t\000"
 20111      365F7400 
 20112              	.LASF459:
 20113 1a9f 61746578 		.ascii	"atexit\000"
 20113      697400
 20114              	.LASF136:
 20115 1aa6 5F5A5374 		.ascii	"_ZSt6islessee\000"
 20115      3669736C 
 20115      65737365 
 20115      6500
 20116              	.LASF234:
 20117 1ab4 5F5A5374 		.ascii	"_ZSt4rinte\000"
 20117      3472696E 
 20117      746500
 20118              	.LASF235:
 20119 1abf 5F5A5374 		.ascii	"_ZSt4rintf\000"
 20119      3472696E 
 20119      746600
 20120              	.LASF524:
 20121 1aca 70616E52 		.ascii	"panR\000"
ARM GAS  /tmp/cc3q4aVX.s 			page 376


 20121      00
 20122              	.LASF286:
 20123 1acf 5F666E74 		.ascii	"_fntypes\000"
 20123      79706573 
 20123      00
 20124              	.LASF580:
 20125 1ad8 5F616374 		.ascii	"_activityParam\000"
 20125      69766974 
 20125      79506172 
 20125      616D00
 20126              	.LASF197:
 20127 1ae7 6C6C7269 		.ascii	"llrint\000"
 20127      6E7400
 20128              	.LASF279:
 20129 1aee 5F5F746D 		.ascii	"__tm_year\000"
 20129      5F796561 
 20129      7200
 20130              	.LASF371:
 20131 1af8 6469765F 		.ascii	"div_t\000"
 20131      7400
 20132              	.LASF188:
 20133 1afe 6879706F 		.ascii	"hypot\000"
 20133      7400
 20134              	.LASF132:
 20135 1b04 5F5A5374 		.ascii	"_ZSt14isgreaterequalee\000"
 20135      31346973 
 20135      67726561 
 20135      74657265 
 20135      7175616C 
 20136              	.LASF98:
 20137 1b1b 5F5A5374 		.ascii	"_ZSt5floore\000"
 20137      35666C6F 
 20137      6F726500 
 20138              	.LASF99:
 20139 1b27 5F5A5374 		.ascii	"_ZSt5floorf\000"
 20139      35666C6F 
 20139      6F726600 
 20140              	.LASF554:
 20141 1b33 5F5A4E36 		.ascii	"_ZN6Effect8TeardownEv\000"
 20141      45666665 
 20141      63743854 
 20141      65617264 
 20141      6F776E45 
 20142              	.LASF560:
 20143 1b49 5F5A4E36 		.ascii	"_ZN6Effect7SuspendEv\000"
 20143      45666665 
 20143      63743753 
 20143      75737065 
 20143      6E644576 
 20144              	.LASF572:
 20145 1b5e 746F7563 		.ascii	"touchEvent\000"
 20145      68457665 
 20145      6E7400
 20146              	.LASF615:
 20147 1b69 5F5A4E36 		.ascii	"_ZN6EffectC2Ev\000"
 20147      45666665 
 20147      63744332 
ARM GAS  /tmp/cc3q4aVX.s 			page 377


 20147      457600
 20148              	.LASF565:
 20149 1b78 67657450 		.ascii	"getParameterValue\000"
 20149      6172616D 
 20149      65746572 
 20149      56616C75 
 20149      6500
 20150              	.LASF661:
 20151 1b8a 6E616D65 		.ascii	"names\000"
 20151      7300
 20152              	.LASF471:
 20153 1b90 7372616E 		.ascii	"srand\000"
 20153      6400
 20154              	.LASF138:
 20155 1b96 5F5A5374 		.ascii	"_ZSt6islessff\000"
 20155      3669736C 
 20155      65737366 
 20155      6600
 20156              	.LASF92:
 20157 1ba4 5F5A5374 		.ascii	"_ZSt4ceile\000"
 20157      34636569 
 20157      6C6500
 20158              	.LASF93:
 20159 1baf 5F5A5374 		.ascii	"_ZSt4ceilf\000"
 20159      34636569 
 20159      6C6600
 20160              	.LASF409:
 20161 1bba 6465765F 		.ascii	"dev_id\000"
 20161      696400
 20162              	.LASF338:
 20163 1bc1 5F696E63 		.ascii	"_inc\000"
 20163      00
 20164              	.LASF289:
 20165 1bc6 5F696E64 		.ascii	"_ind\000"
 20165      00
 20166              	.LASF527:
 20167 1bcb 5F5A4E31 		.ascii	"_ZN10SpaceDelayC4Ev\000"
 20167      30537061 
 20167      63654465 
 20167      6C617943 
 20167      34457600 
 20168              	.LASF144:
 20169 1bdf 5F5A5374 		.ascii	"_ZSt13islessgreateree\000"
 20169      31336973 
 20169      6C657373 
 20169      67726561 
 20169      74657265 
 20170              	.LASF530:
 20171 1bf5 5F5A4E31 		.ascii	"_ZN10SpaceDelay9setPresetEi\000"
 20171      30537061 
 20171      63654465 
 20171      6C617939 
 20171      73657450 
 20172              	.LASF610:
 20173 1c11 6B427974 		.ascii	"kBytes\000"
 20173      657300
 20174              	.LASF193:
ARM GAS  /tmp/cc3q4aVX.s 			page 378


 20175 1c18 5F5A5374 		.ascii	"_ZSt5ilogbf\000"
 20175      35696C6F 
 20175      67626600 
 20176              	.LASF291:
 20177 1c24 5F5F7362 		.ascii	"__sbuf\000"
 20177      756600
 20178              	.LASF86:
 20179 1c2b 5F5A5374 		.ascii	"_ZSt3powee\000"
 20179      33706F77 
 20179      656500
 20180              	.LASF641:
 20181 1c36 5F5A3131 		.ascii	"_Z11initHannLutv\000"
 20181      696E6974 
 20181      48616E6E 
 20181      4C757476 
 20181      00
 20182              	.LASF287:
 20183 1c47 5F69735F 		.ascii	"_is_cxa\000"
 20183      63786100 
 20184              	.LASF433:
 20185 1c4f 77745F70 		.ascii	"wt_par_lut_f\000"
 20185      61725F6C 
 20185      75745F66 
 20185      00
 20186              	.LASF655:
 20187 1c5c 756E6974 		.ascii	"unit_runtime_base_context_t\000"
 20187      5F72756E 
 20187      74696D65 
 20187      5F626173 
 20187      655F636F 
 20188              	.LASF192:
 20189 1c78 5F5A5374 		.ascii	"_ZSt5ilogbe\000"
 20189      35696C6F 
 20189      67626500 
 20190              	.LASF134:
 20191 1c84 5F5A5374 		.ascii	"_ZSt14isgreaterequalff\000"
 20191      31346973 
 20191      67726561 
 20191      74657265 
 20191      7175616C 
 20192              	.LASF528:
 20193 1c9b 5F5A4E31 		.ascii	"_ZN10SpaceDelay4initEfPfS0_\000"
 20193      30537061 
 20193      63654465 
 20193      6C617934 
 20193      696E6974 
 20194              	.LASF410:
 20195 1cb7 756E6974 		.ascii	"unit_id\000"
 20195      5F696400 
 20196              	.LASF423:
 20197 1cbf 6B5F756E 		.ascii	"k_unit_err_undef\000"
 20197      69745F65 
 20197      72725F75 
 20197      6E646566 
 20197      00
 20198              	.LASF467:
 20199 1cd0 6D627374 		.ascii	"mbstowcs\000"
ARM GAS  /tmp/cc3q4aVX.s 			page 379


 20199      6F776373 
 20199      00
 20200              	.LASF540:
 20201 1cd9 5F66696C 		.ascii	"_filtersL\000"
 20201      74657273 
 20201      4C00
 20202              	.LASF510:
 20203 1ce3 5F6C656E 		.ascii	"_len\000"
 20203      00
 20204              	.LASF605:
 20205 1ce8 66726163 		.ascii	"fracP\000"
 20205      5000
 20206              	.LASF228:
 20207 1cee 5F5A5374 		.ascii	"_ZSt9remainderee\000"
 20207      3972656D 
 20207      61696E64 
 20207      65726565 
 20207      00
 20208              	.LASF265:
 20209 1cff 5F5F554C 		.ascii	"__ULong\000"
 20209      6F6E6700 
 20210              	.LASF444:
 20211 1d07 73636865 		.ascii	"schetzen_lut_f\000"
 20211      747A656E 
 20211      5F6C7574 
 20211      5F6600
 20212              	.LASF570:
 20213 1d16 74656D70 		.ascii	"tempo4ppqnTick\000"
 20213      6F347070 
 20213      716E5469 
 20213      636B00
 20214              	.LASF614:
 20215 1d25 5F5A4E36 		.ascii	"_ZN6EffectD2Ev\000"
 20215      45666665 
 20215      63744432 
 20215      457600
 20216              	.LASF14:
 20217 1d34 75696E74 		.ascii	"uint32_t\000"
 20217      33325F74 
 20217      00
 20218              	.LASF344:
 20219 1d3d 5F726573 		.ascii	"_result\000"
 20219      756C7400 
 20220              	.LASF525:
 20221 1d45 6C657665 		.ascii	"level\000"
 20221      6C00
 20222              	.LASF31:
 20223 1d4b 75696E74 		.ascii	"uint_fast16_t\000"
 20223      5F666173 
 20223      7431365F 
 20223      7400
 20224              	.LASF87:
 20225 1d59 5F5A5374 		.ascii	"_ZSt3powff\000"
 20225      33706F77 
 20225      666600
 20226              	.LASF487:
 20227 1d64 6B54776F 		.ascii	"kTwoPi\000"
ARM GAS  /tmp/cc3q4aVX.s 			page 380


 20227      506900
 20228              	.LASF194:
 20229 1d6b 6C67616D 		.ascii	"lgamma\000"
 20229      6D6100
 20230              	.LASF485:
 20231 1d72 6B427566 		.ascii	"kBufLenSec\000"
 20231      4C656E53 
 20231      656300
 20232              	.LASF135:
 20233 1d7d 69736C65 		.ascii	"isless\000"
 20233      737300
 20234              	.LASF254:
 20235 1d84 73697A65 		.ascii	"size_t\000"
 20235      5F7400
 20236              	.LASF594:
 20237 1d8b 756E6974 		.ascii	"unit_set_param_value\000"
 20237      5F736574 
 20237      5F706172 
 20237      616D5F76 
 20237      616C7565 
 20238              	.LASF404:
 20239 1da0 72657365 		.ascii	"reserved\000"
 20239      72766564 
 20239      00
 20240              	.LASF76:
 20241 1da9 5F5A5374 		.ascii	"_ZSt5ldexpei\000"
 20241      356C6465 
 20241      78706569 
 20241      00
 20242              	.LASF651:
 20243 1db6 31316D61 		.ascii	"11max_align_t\000"
 20243      785F616C 
 20243      69676E5F 
 20243      7400
 20244              	.LASF258:
 20245 1dc4 5F6F6666 		.ascii	"_off_t\000"
 20245      5F7400
 20246              	.LASF91:
 20247 1dcb 6365696C 		.ascii	"ceil\000"
 20247      00
 20248              	.LASF638:
 20249 1dd0 63686172 		.ascii	"char16_t\000"
 20249      31365F74 
 20249      00
 20250              	.LASF363:
 20251 1dd9 5F616464 		.ascii	"_add\000"
 20251      00
 20252              	.LASF229:
 20253 1dde 5F5A5374 		.ascii	"_ZSt9remainderff\000"
 20253      3972656D 
 20253      61696E64 
 20253      65726666 
 20253      00
 20254              	.LASF13:
 20255 1def 73686F72 		.ascii	"short unsigned int\000"
 20255      7420756E 
 20255      7369676E 
ARM GAS  /tmp/cc3q4aVX.s 			page 381


 20255      65642069 
 20255      6E7400
 20256              	.LASF276:
 20257 1e02 5F5F746D 		.ascii	"__tm_hour\000"
 20257      5F686F75 
 20257      7200
 20258              	.LASF502:
 20259 1e0c 5F5A4E4B 		.ascii	"_ZNK9DelayLine4readEf\000"
 20259      3944656C 
 20259      61794C69 
 20259      6E653472 
 20259      65616445 
 20260              	.LASF553:
 20261 1e22 54656172 		.ascii	"Teardown\000"
 20261      646F776E 
 20261      00
 20262              	.LASF503:
 20263 1e2b 72656164 		.ascii	"readHermite\000"
 20263      4865726D 
 20263      69746500 
 20264              	.LASF522:
 20265 1e37 66726163 		.ascii	"fraction\000"
 20265      74696F6E 
 20265      00
 20266              	.LASF327:
 20267 1e40 5F6D6273 		.ascii	"_mbsrtowcs_state\000"
 20267      72746F77 
 20267      63735F73 
 20267      74617465 
 20267      00
 20268              	.LASF198:
 20269 1e51 5F5A5374 		.ascii	"_ZSt6llrinte\000"
 20269      366C6C72 
 20269      696E7465 
 20269      00
 20270              	.LASF199:
 20271 1e5e 5F5A5374 		.ascii	"_ZSt6llrintf\000"
 20271      366C6C72 
 20271      696E7466 
 20271      00
 20272              	.LASF659:
 20273 1e6b 5F5F7374 		.ascii	"__static_initialization_and_destruction_0\000"
 20273      61746963 
 20273      5F696E69 
 20273      7469616C 
 20273      697A6174 
 20274              	.LASF407:
 20275 1e95 756E6974 		.ascii	"unit_header\000"
 20275      5F686561 
 20275      64657200 
 20276              	.LASF8:
 20277 1ea1 696E7436 		.ascii	"int64_t\000"
 20277      345F7400 
 20278              	.LASF77:
 20279 1ea9 5F5A5374 		.ascii	"_ZSt5ldexpfi\000"
 20279      356C6465 
 20279      78706669 
ARM GAS  /tmp/cc3q4aVX.s 			page 382


 20279      00
 20280              	.LASF657:
 20281 1eb6 6B4D6178 		.ascii	"kMaxTaps\000"
 20281      54617073 
 20281      00
 20282              	.LASF613:
 20283 1ebf 5F5F696E 		.ascii	"__in_chrg\000"
 20283      5F636872 
 20283      6700
 20284              	.LASF640:
 20285 1ec9 5F5A3130 		.ascii	"_Z10initSinLutv\000"
 20285      696E6974 
 20285      53696E4C 
 20285      75747600 
 20286              	.LASF167:
 20287 1ed9 5F5A5374 		.ascii	"_ZSt3erff\000"
 20287      33657266 
 20287      6600
 20288              	.LASF183:
 20289 1ee3 5F5A5374 		.ascii	"_ZSt4fmaxee\000"
 20289      34666D61 
 20289      78656500 
 20290              	.LASF171:
 20291 1eef 65787032 		.ascii	"exp2\000"
 20291      00
 20292              	.LASF450:
 20293 1ef4 61737369 		.ascii	"assign\000"
 20293      676E00
 20294              	.LASF284:
 20295 1efb 5F666E61 		.ascii	"_fnargs\000"
 20295      72677300 
 20296              	.LASF595:
 20297 1f03 756E6974 		.ascii	"unit_render\000"
 20297      5F72656E 
 20297      64657200 
 20298              	.LASF282:
 20299 1f0f 5F5F746D 		.ascii	"__tm_isdst\000"
 20299      5F697364 
 20299      737400
 20300              	.LASF232:
 20301 1f1a 5F5A5374 		.ascii	"_ZSt6remquoffPi\000"
 20301      3672656D 
 20301      71756F66 
 20301      66506900 
 20302              	.LASF541:
 20303 1f2a 5F66696C 		.ascii	"_filtersR\000"
 20303      74657273 
 20303      5200
 20304              	.LASF428:
 20305 1f34 77745F73 		.ascii	"wt_saw_notes\000"
 20305      61775F6E 
 20305      6F746573 
 20305      00
 20306              	.LASF227:
 20307 1f41 72656D61 		.ascii	"remainder\000"
 20307      696E6465 
 20307      7200
ARM GAS  /tmp/cc3q4aVX.s 			page 383


 20308              	.LASF603:
 20309 1f4b 6B456666 		.ascii	"kEffectNames\000"
 20309      6563744E 
 20309      616D6573 
 20309      00
 20310              	.LASF275:
 20311 1f58 5F5F746D 		.ascii	"__tm_min\000"
 20311      5F6D696E 
 20311      00
 20312              	.LASF186:
 20313 1f61 5F5A5374 		.ascii	"_ZSt4fminee\000"
 20313      34666D69 
 20313      6E656500 
 20314              	.LASF324:
 20315 1f6d 5F676574 		.ascii	"_getdate_err\000"
 20315      64617465 
 20315      5F657272 
 20315      00
 20316              	.LASF468:
 20317 1f7a 77636861 		.ascii	"wchar_t\000"
 20317      725F7400 
 20318              	.LASF620:
 20319 1f82 6E6F726D 		.ascii	"normalDelay\000"
 20319      616C4465 
 20319      6C617900 
 20320              	.LASF184:
 20321 1f8e 5F5A5374 		.ascii	"_ZSt4fmaxff\000"
 20321      34666D61 
 20321      78666600 
 20322              	.LASF406:
 20323 1f9a 756E6974 		.ascii	"unit_param_t\000"
 20323      5F706172 
 20323      616D5F74 
 20323      00
 20324              	.LASF119:
 20325 1fa7 69736E6F 		.ascii	"isnormal\000"
 20325      726D616C 
 20325      00
 20326              	.LASF152:
 20327 1fb0 5F5A5374 		.ascii	"_ZSt5acoshe\000"
 20327      3561636F 
 20327      73686500 
 20328              	.LASF153:
 20329 1fbc 5F5A5374 		.ascii	"_ZSt5acoshf\000"
 20329      3561636F 
 20329      73686600 
 20330              		.ident	"GCC: (15:9-2019-q4-0ubuntu1) 9.2.1 20191025 (release) [ARM/arm-9-branch revision 277599]"
ARM GAS  /tmp/cc3q4aVX.s 			page 384


DEFINED SYMBOLS
                            *ABS*:0000000000000000 unit.cc
     /tmp/cc3q4aVX.s:18     .text._ZNK9DelayLine11readHermiteEf:0000000000000000 $t
     /tmp/cc3q4aVX.s:26     .text._ZNK9DelayLine11readHermiteEf:0000000000000000 _ZNK9DelayLine11readHermiteEf
     /tmp/cc3q4aVX.s:192    .text._ZN6Biquad5resetEv:0000000000000000 $t
     /tmp/cc3q4aVX.s:199    .text._ZN6Biquad5resetEv:0000000000000000 _ZN6Biquad5resetEv
     /tmp/cc3q4aVX.s:235    .text._ZN6Biquad6setLPFEfff:0000000000000000 $t
     /tmp/cc3q4aVX.s:242    .text._ZN6Biquad6setLPFEfff:0000000000000000 _ZN6Biquad6setLPFEfff
     /tmp/cc3q4aVX.s:352    .text._ZN6Biquad6setLPFEfff:0000000000000084 $d
     /tmp/cc3q4aVX.s:357    .text._ZN6Biquad6setBPFEfff:0000000000000000 $t
     /tmp/cc3q4aVX.s:364    .text._ZN6Biquad6setBPFEfff:0000000000000000 _ZN6Biquad6setBPFEfff
     /tmp/cc3q4aVX.s:472    .text._ZN6Biquad6setBPFEfff:0000000000000080 $d
     /tmp/cc3q4aVX.s:477    .text._ZN6Biquad7processEf:0000000000000000 $t
     /tmp/cc3q4aVX.s:484    .text._ZN6Biquad7processEf:0000000000000000 _ZN6Biquad7processEf
     /tmp/cc3q4aVX.s:533    .text._ZN10SpaceDelay9setPresetEi:0000000000000000 $t
     /tmp/cc3q4aVX.s:540    .text._ZN10SpaceDelay9setPresetEi:0000000000000000 _ZN10SpaceDelay9setPresetEi
     /tmp/cc3q4aVX.s:649    .text._ZN10SpaceDelay9setPresetEi:000000000000006a $d
     /tmp/cc3q4aVX.s:653    .text._ZN10SpaceDelay9setPresetEi:000000000000006e $t
     /tmp/cc3q4aVX.s:869    .text._ZN10SpaceDelay9setPresetEi:000000000000018c $d
     /tmp/cc3q4aVX.s:888    .text._ZN10SpaceDelay8setTempoEm:0000000000000000 $t
     /tmp/cc3q4aVX.s:895    .text._ZN10SpaceDelay8setTempoEm:0000000000000000 _ZN10SpaceDelay8setTempoEm
     /tmp/cc3q4aVX.s:944    .text._ZN10SpaceDelay8setTempoEm:0000000000000048 $d
     /tmp/cc3q4aVX.s:951    .text._ZN10SpaceDelay7processEPKfPfm:0000000000000000 $t
     /tmp/cc3q4aVX.s:958    .text._ZN10SpaceDelay7processEPKfPfm:0000000000000000 _ZN10SpaceDelay7processEPKfPfm
     /tmp/cc3q4aVX.s:1558   .text._ZN10SpaceDelay7processEPKfPfm:0000000000000224 $d
     /tmp/cc3q4aVX.s:1564   .text._ZN6Effect4InitEPK17unit_runtime_desc:0000000000000000 $t
     /tmp/cc3q4aVX.s:1571   .text._ZN6Effect4InitEPK17unit_runtime_desc:0000000000000000 _ZN6Effect4InitEPK17unit_runtime_desc
     /tmp/cc3q4aVX.s:1938   .text._ZN6Effect4InitEPK17unit_runtime_desc:0000000000000120 $d
     /tmp/cc3q4aVX.s:1949   .text:0000000000000000 $t
     /tmp/cc3q4aVX.s:1956   .text:0000000000000000 unit_init
     /tmp/cc3q4aVX.s:1984   .text:0000000000000010 $d
     /tmp/cc3q4aVX.s:1988   .text:0000000000000014 $t
     /tmp/cc3q4aVX.s:1995   .text:0000000000000014 unit_teardown
     /tmp/cc3q4aVX.s:2016   .text:0000000000000016 unit_reset
     /tmp/cc3q4aVX.s:2033   .text:0000000000000018 unit_resume
     /tmp/cc3q4aVX.s:2050   .text:000000000000001a unit_suspend
     /tmp/cc3q4aVX.s:2067   .text:000000000000001c unit_render
     /tmp/cc3q4aVX.s:2152   .text:0000000000000058 $d
     /tmp/cc3q4aVX.s:2156   .text:000000000000005c $t
     /tmp/cc3q4aVX.s:2163   .text:000000000000005c unit_set_param_value
     /tmp/cc3q4aVX.s:2452   .text:0000000000000158 $d
     /tmp/cc3q4aVX.s:2464   .text:000000000000017c $t
     /tmp/cc3q4aVX.s:2471   .text:000000000000017c unit_get_param_value
     /tmp/cc3q4aVX.s:2537   .text:00000000000001ac $d
     /tmp/cc3q4aVX.s:2543   .text:00000000000001b8 $t
     /tmp/cc3q4aVX.s:2550   .text:00000000000001b8 unit_get_param_str_value
     /tmp/cc3q4aVX.s:2605   .text:00000000000001d0 $d
     /tmp/cc3q4aVX.s:2914   .data.rel.local._ZZNK6Effect20getParameterStrValueEhlE5names:0000000000000000 _ZZNK6Effect20getParameterStrValueEhlE5names
     /tmp/cc3q4aVX.s:2610   .text:00000000000001d8 $t
     /tmp/cc3q4aVX.s:2617   .text:00000000000001d8 unit_set_tempo
     /tmp/cc3q4aVX.s:2659   .text:00000000000001e8 $d
     /tmp/cc3q4aVX.s:2663   .text:00000000000001ec $t
     /tmp/cc3q4aVX.s:2670   .text:00000000000001ec unit_tempo_4ppqn_tick
     /tmp/cc3q4aVX.s:2692   .text:00000000000001ee unit_touch_event
     /tmp/cc3q4aVX.s:2711   .text.startup:0000000000000000 $t
     /tmp/cc3q4aVX.s:2717   .text.startup:0000000000000000 _GLOBAL__sub_I_unit.cc
     /tmp/cc3q4aVX.s:2888   .text.startup:0000000000000064 $d
ARM GAS  /tmp/cc3q4aVX.s 			page 385


     /tmp/cc3q4aVX.s:2896   .init_array:0000000000000000 $d
     /tmp/cc3q4aVX.s:2911   .data.rel.local._ZZNK6Effect20getParameterStrValueEhlE5names:0000000000000000 $d
     /tmp/cc3q4aVX.s:2921   .rodata:0000000000000000 $d
     /tmp/cc3q4aVX.s:2925   .rodata:0000000000000000 _ZL12kPatternTaps
     /tmp/cc3q4aVX.s:3018   .bss:0000000000000000 $d
     /tmp/cc3q4aVX.s:3022   .bss:0000000000000000 _ZL17s_effect_instance

UNDEFINED SYMBOLS
cosf
sinf
_Z10initSinLutv
_Z11initHannLutv
memset
_GLOBAL_OFFSET_TABLE_
unit_header
