ARM GAS  /tmp/ccVOBie3.s 			page 1


   1              		.cpu cortex-m7
   2              		.eabi_attribute 27, 1
   3              		.eabi_attribute 28, 1
   4              		.eabi_attribute 20, 1
   5              		.eabi_attribute 21, 1
   6              		.eabi_attribute 23, 3
   7              		.eabi_attribute 24, 1
   8              		.eabi_attribute 25, 1
   9              		.eabi_attribute 26, 1
  10              		.eabi_attribute 30, 4
  11              		.eabi_attribute 34, 1
  12              		.eabi_attribute 18, 4
  13              		.file	"unit.cc"
  14              		.text
  15              	.Ltext0:
  16              		.cfi_sections	.debug_frame
  17              		.section	.text._ZNK9DelayLine11readHermiteEf,"axG",%progbits,_ZNK9DelayLine11readHermiteEf,comdat
  18              		.align	1
  19              		.weak	_ZNK9DelayLine11readHermiteEf
  20              		.arch armv7e-m
  21              		.syntax unified
  22              		.thumb
  23              		.thumb_func
  24              		.fpu fpv4-sp-d16
  25              		.type	_ZNK9DelayLine11readHermiteEf, %function
  26              	_ZNK9DelayLine11readHermiteEf:
  27              	.LVL0:
  28              	.LFB488:
  29              		.file 1 "src/delay_line.h"
  30              		.loc 1 42 9 view -0
  31              		.cfi_startproc
  32              		@ args = 0, pretend = 0, frame = 0
  33              		@ frame_needed = 0, uses_anonymous_args = 0
  34              		.loc 1 43 5 view .LVU1
  35              		.loc 1 43 17 is_stmt 0 view .LVU2
  36 0000 D0ED027A 		vldr.32	s15, [r0, #8]	@ int
  37 0004 4368     		ldr	r3, [r0, #4]
  38 0006 F8EE677A 		vcvt.f32.u32	s15, s15
  39              		.loc 1 42 9 view .LVU3
  40 000a 10B5     		push	{r4, lr}
  41              		.cfi_def_cfa_offset 8
  42              		.cfi_offset 4, -8
  43              		.cfi_offset 14, -4
  44              		.loc 1 43 31 view .LVU4
  45 000c 37EEC00A 		vsub.f32	s0, s15, s0
  46              	.LVL1:
  47              		.loc 1 43 11 view .LVU5
  48 0010 F7EE007A 		vmov.f32	s15, #1.0e+0
  49 0014 30EE670A 		vsub.f32	s0, s0, s15
  50              	.LVL2:
  51              		.loc 1 43 11 view .LVU6
  52 0018 07EE903A 		vmov	s15, r3	@ int
  53 001c F8EE677A 		vcvt.f32.u32	s15, s15
  54              	.L4:
  55              		.loc 1 44 5 is_stmt 1 discriminator 2 view .LVU7
  56              		.loc 1 44 16 discriminator 2 view .LVU8
  57 0020 B5EEC00A 		vcmpe.f32	s0, #0
ARM GAS  /tmp/ccVOBie3.s 			page 2


  58 0024 F1EE10FA 		vmrs	APSR_nzcv, FPSCR
  59 0028 02D5     		bpl	.L2
  60              		.loc 1 44 32 discriminator 1 view .LVU9
  61              		.loc 1 44 36 is_stmt 0 discriminator 1 view .LVU10
  62 002a 30EE270A 		vadd.f32	s0, s0, s15
  63              	.LVL3:
  64              		.loc 1 44 5 discriminator 1 view .LVU11
  65 002e F7E7     		b	.L4
  66              	.L2:
  67              		.loc 1 45 5 is_stmt 1 discriminator 2 view .LVU12
  68              		.loc 1 45 16 discriminator 2 view .LVU13
  69 0030 B4EEE70A 		vcmpe.f32	s0, s15
  70 0034 F1EE10FA 		vmrs	APSR_nzcv, FPSCR
  71 0038 02DB     		blt	.L9
  72              		.loc 1 45 33 discriminator 1 view .LVU14
  73              		.loc 1 45 37 is_stmt 0 discriminator 1 view .LVU15
  74 003a 30EE670A 		vsub.f32	s0, s0, s15
  75              	.LVL4:
  76              		.loc 1 45 5 discriminator 1 view .LVU16
  77 003e F7E7     		b	.L2
  78              	.L9:
  79              		.loc 1 47 5 is_stmt 1 view .LVU17
  80              		.loc 1 47 11 is_stmt 0 view .LVU18
  81 0040 FDEEC07A 		vcvt.s32.f32	s15, s0
  82              		.loc 1 53 16 view .LVU19
  83 0044 0168     		ldr	r1, [r0]
  84              		.loc 1 49 26 view .LVU20
  85 0046 581E     		subs	r0, r3, #1
  86              	.LVL5:
  87              		.loc 1 56 19 view .LVU21
  88 0048 B0EE047A 		vmov.f32	s14, #2.5e+0
  89              		.loc 1 47 11 view .LVU22
  90 004c 17EE902A 		vmov	r2, s15	@ int
  91              	.LVL6:
  92              		.loc 1 48 5 is_stmt 1 view .LVU23
  93              		.loc 1 48 24 is_stmt 0 view .LVU24
  94 0050 F8EEE77A 		vcvt.f32.s32	s15, s15
  95              		.loc 1 49 26 view .LVU25
  96 0054 8418     		adds	r4, r0, r2
  97              		.loc 1 48 11 view .LVU26
  98 0056 70EE677A 		vsub.f32	s15, s0, s15
  99              	.LVL7:
 100              		.loc 1 49 5 is_stmt 1 view .LVU27
 101              		.loc 1 50 5 view .LVU28
 102              		.loc 1 51 5 view .LVU29
 103              		.loc 1 53 5 view .LVU30
 104              		.loc 1 49 11 is_stmt 0 view .LVU31
 105 005a 94FBF3F0 		sdiv	r0, r4, r3
 106 005e 03FB1040 		mls	r0, r3, r0, r4
 107              		.loc 1 50 22 view .LVU32
 108 0062 541C     		adds	r4, r2, #1
 109              		.loc 1 53 11 view .LVU33
 110 0064 01EB8000 		add	r0, r1, r0, lsl #2
 111 0068 90ED005A 		vldr.32	s10, [r0]
 112              	.LVL8:
 113              		.loc 1 53 26 view .LVU34
 114 006c 01EB8200 		add	r0, r1, r2, lsl #2
ARM GAS  /tmp/ccVOBie3.s 			page 3


 115              		.loc 1 51 22 view .LVU35
 116 0070 0232     		adds	r2, r2, #2
 117              	.LVL9:
 118              		.loc 1 53 26 view .LVU36
 119 0072 90ED000A 		vldr.32	s0, [r0]
 120              	.LVL10:
 121              		.loc 1 56 19 view .LVU37
 122 0076 F0EE455A 		vmov.f32	s11, s10
 123              		.loc 1 50 11 view .LVU38
 124 007a 94FBF3F0 		sdiv	r0, r4, r3
 125              		.loc 1 56 19 view .LVU39
 126 007e E0EE475A 		vfms.f32	s11, s0, s14
 127              		.loc 1 50 11 view .LVU40
 128 0082 03FB1040 		mls	r0, r3, r0, r4
 129              		.loc 1 53 41 view .LVU41
 130 0086 01EB8000 		add	r0, r1, r0, lsl #2
 131 008a D0ED006A 		vldr.32	s13, [r0]
 132              	.LVL11:
 133              		.loc 1 51 11 view .LVU42
 134 008e 92FBF3F0 		sdiv	r0, r2, r3
 135              		.loc 1 56 19 view .LVU43
 136 0092 B0EE657A 		vmov.f32	s14, s11
 137              		.loc 1 51 11 view .LVU44
 138 0096 03FB1022 		mls	r2, r3, r0, r2
 139              	.LVL12:
 140              		.loc 1 56 31 view .LVU45
 141 009a F0EE005A 		vmov.f32	s11, #2.0e+0
 142              		.loc 1 53 56 view .LVU46
 143 009e 01EB8201 		add	r1, r1, r2, lsl #2
 144              		.loc 1 55 27 view .LVU47
 145 00a2 76EEC54A 		vsub.f32	s9, s13, s10
 146              		.loc 1 56 31 view .LVU48
 147 00a6 A6EEA57A 		vfma.f32	s14, s13, s11
 148              		.loc 1 53 56 view .LVU49
 149 00aa 91ED006A 		vldr.32	s12, [r1]
 150              	.LVL13:
 151              		.loc 1 54 5 is_stmt 1 view .LVU50
 152              		.loc 1 55 5 view .LVU51
 153              		.loc 1 56 5 view .LVU52
 154              		.loc 1 56 11 is_stmt 0 view .LVU53
 155 00ae F6EE005A 		vmov.f32	s11, #5.0e-1
 156              		.loc 1 57 46 view .LVU54
 157 00b2 70EE666A 		vsub.f32	s13, s0, s13
 158              	.LVL14:
 159              		.loc 1 56 11 view .LVU55
 160 00b6 A6EE657A 		vfms.f32	s14, s12, s11
 161              	.LVL15:
 162              		.loc 1 57 5 is_stmt 1 view .LVU56
 163              		.loc 1 57 27 is_stmt 0 view .LVU57
 164 00ba 36EE456A 		vsub.f32	s12, s12, s10
 165              	.LVL16:
 166              		.loc 1 57 40 view .LVU58
 167 00be B7EE085A 		vmov.f32	s10, #1.5e+0
 168              	.LVL17:
 169              		.loc 1 57 40 view .LVU59
 170 00c2 66EE856A 		vmul.f32	s13, s13, s10
 171              		.loc 1 57 11 view .LVU60
ARM GAS  /tmp/ccVOBie3.s 			page 4


 172 00c6 E6EE256A 		vfma.f32	s13, s12, s11
 173              	.LVL18:
 174              		.loc 1 58 5 is_stmt 1 view .LVU61
 175              		.loc 1 58 24 is_stmt 0 view .LVU62
 176 00ca A7EEA67A 		vfma.f32	s14, s15, s13
 177              	.LVL19:
 178              		.loc 1 58 30 view .LVU63
 179 00ce 27EE277A 		vmul.f32	s14, s14, s15
 180              		.loc 1 58 37 view .LVU64
 181 00d2 A4EEA57A 		vfma.f32	s14, s9, s11
 182              		.loc 1 59 3 view .LVU65
 183 00d6 A7EE270A 		vfma.f32	s0, s14, s15
 184              	.LVL20:
 185              		.loc 1 59 3 view .LVU66
 186 00da 10BD     		pop	{r4, pc}
 187              		.loc 1 59 3 view .LVU67
 188              		.cfi_endproc
 189              	.LFE488:
 190              		.size	_ZNK9DelayLine11readHermiteEf, .-_ZNK9DelayLine11readHermiteEf
 191              		.section	.text._ZN11GrainEngine15updateSpawnRateEv,"axG",%progbits,_ZN11GrainEngine15updateSpawnRa
 192              		.align	1
 193              		.weak	_ZN11GrainEngine15updateSpawnRateEv
 194              		.syntax unified
 195              		.thumb
 196              		.thumb_func
 197              		.fpu fpv4-sp-d16
 198              		.type	_ZN11GrainEngine15updateSpawnRateEv, %function
 199              	_ZN11GrainEngine15updateSpawnRateEv:
 200              	.LVL21:
 201              	.LFB498:
 202              		.file 2 "src/granules.h"
 203              		.loc 2 139 8 is_stmt 1 view -0
 204              		.cfi_startproc
 205              		@ args = 0, pretend = 0, frame = 0
 206              		@ frame_needed = 0, uses_anonymous_args = 0
 207              		@ link register save eliminated.
 208              		.loc 2 141 5 view .LVU69
 209              		.loc 2 144 5 view .LVU70
 210              		.loc 2 145 5 view .LVU71
 211              		.loc 2 141 42 is_stmt 0 view .LVU72
 212 0000 90ED067A 		vldr.32	s14, [r0, #24]
 213 0004 D0ED057A 		vldr.32	s15, [r0, #20]
 214              		.loc 2 144 11 view .LVU73
 215 0008 D0ED046A 		vldr.32	s13, [r0, #16]
 216              		.loc 2 141 42 view .LVU74
 217 000c 77EE877A 		vadd.f32	s15, s15, s14
 218              		.loc 2 141 58 view .LVU75
 219 0010 B6EE007A 		vmov.f32	s14, #5.0e-1
 220 0014 67EE877A 		vmul.f32	s15, s15, s14
 221              		.loc 2 141 11 view .LVU76
 222 0018 90ED007A 		vldr.32	s14, [r0]
 223 001c 67EE877A 		vmul.f32	s15, s15, s14
 224              		.loc 2 144 11 view .LVU77
 225 0020 87EEA67A 		vdiv.f32	s14, s15, s13
 226              		.loc 2 145 22 view .LVU78
 227 0024 F7EE006A 		vmov.f32	s13, #1.0e+0
 228 0028 C6EE877A 		vdiv.f32	s15, s13, s14
ARM GAS  /tmp/ccVOBie3.s 			page 5


 229              		.loc 2 145 16 view .LVU79
 230 002c C0ED027A 		vstr.32	s15, [r0, #8]
 231              		.loc 2 146 3 view .LVU80
 232 0030 7047     		bx	lr
 233              		.cfi_endproc
 234              	.LFE498:
 235              		.size	_ZN11GrainEngine15updateSpawnRateEv, .-_ZN11GrainEngine15updateSpawnRateEv
 236              		.section	.text._ZN11GrainEngine5frandEv,"axG",%progbits,_ZN11GrainEngine5frandEv,comdat
 237              		.align	1
 238              		.weak	_ZN11GrainEngine5frandEv
 239              		.syntax unified
 240              		.thumb
 241              		.thumb_func
 242              		.fpu fpv4-sp-d16
 243              		.type	_ZN11GrainEngine5frandEv, %function
 244              	_ZN11GrainEngine5frandEv:
 245              	.LFB501:
 246              		.loc 2 185 16 is_stmt 1 view -0
 247              		.cfi_startproc
 248              		@ args = 0, pretend = 0, frame = 0
 249              		@ frame_needed = 0, uses_anonymous_args = 0
 250              		.loc 2 185 26 view .LVU82
 251              		.loc 2 185 16 is_stmt 0 view .LVU83
 252 0000 08B5     		push	{r3, lr}
 253              		.cfi_def_cfa_offset 8
 254              		.cfi_offset 3, -8
 255              		.cfi_offset 14, -4
 256              		.loc 2 185 44 view .LVU84
 257 0002 FFF7FEFF 		bl	rand(PLT)
 258              	.LVL22:
 259 0006 00EE100A 		vmov	s0, r0	@ int
 260              		.loc 2 185 66 view .LVU85
 261 000a BAEEE00A 		vcvt.f32.s32	s0, s0, #31
 262 000e 08BD     		pop	{r3, pc}
 263              		.cfi_endproc
 264              	.LFE501:
 265              		.size	_ZN11GrainEngine5frandEv, .-_ZN11GrainEngine5frandEv
 266              		.section	.text._ZN11GrainEngine7processEPKfPfm,"axG",%progbits,_ZN11GrainEngine7processEPKfPfm,com
 267              		.align	1
 268              		.weak	_ZN11GrainEngine7processEPKfPfm
 269              		.syntax unified
 270              		.thumb
 271              		.thumb_func
 272              		.fpu fpv4-sp-d16
 273              		.type	_ZN11GrainEngine7processEPKfPfm, %function
 274              	_ZN11GrainEngine7processEPKfPfm:
 275              	.LVL23:
 276              	.LFB497:
 277              		.loc 2 90 8 is_stmt 1 view -0
 278              		.cfi_startproc
 279              		@ args = 0, pretend = 0, frame = 8
 280              		@ frame_needed = 0, uses_anonymous_args = 0
 281              		.loc 2 91 5 view .LVU87
 282              		.loc 2 90 8 is_stmt 0 view .LVU88
 283 0000 2DE9F04F 		push	{r4, r5, r6, r7, r8, r9, r10, fp, lr}
 284              		.cfi_def_cfa_offset 36
 285              		.cfi_offset 4, -36
ARM GAS  /tmp/ccVOBie3.s 			page 6


 286              		.cfi_offset 5, -32
 287              		.cfi_offset 6, -28
 288              		.cfi_offset 7, -24
 289              		.cfi_offset 8, -20
 290              		.cfi_offset 9, -16
 291              		.cfi_offset 10, -12
 292              		.cfi_offset 11, -8
 293              		.cfi_offset 14, -4
 294 0004 DFF8E092 		ldr	r9, .L52+24
 295 0008 0446     		mov	r4, r0
 296 000a 1746     		mov	r7, r2
 297 000c 0E46     		mov	r6, r1
 298              	.LBB90:
 299              		.loc 2 91 19 view .LVU89
 300 000e 4FF00008 		mov	r8, #0
 301              	.LBE90:
 302              		.loc 2 90 8 view .LVU90
 303              	.LPIC0:
 304 0012 F944     		add	r9, pc
 305 0014 2DED0C8B 		vpush.64	{d8, d9, d10, d11, d12, d13}
 306              		.cfi_def_cfa_offset 84
 307              		.cfi_offset 80, -84
 308              		.cfi_offset 81, -80
 309              		.cfi_offset 82, -76
 310              		.cfi_offset 83, -72
 311              		.cfi_offset 84, -68
 312              		.cfi_offset 85, -64
 313              		.cfi_offset 86, -60
 314              		.cfi_offset 87, -56
 315              		.cfi_offset 88, -52
 316              		.cfi_offset 89, -48
 317              		.cfi_offset 90, -44
 318              		.cfi_offset 91, -40
 319              	.LBB172:
 320              	.LBB91:
 321              	.LBB92:
 322              	.LBB93:
 323              		.loc 2 154 14 view .LVU91
 324 0018 9FEDAD9A 		vldr.32	s18, .L52
 325              	.LBE93:
 326              	.LBE92:
 327              	.LBE91:
 328              	.LBE172:
 329              		.loc 2 90 8 view .LVU92
 330 001c 83B0     		sub	sp, sp, #12
 331              		.cfi_def_cfa_offset 96
 332              	.LBB173:
 333              	.LBB168:
 334              	.LBB127:
 335              	.LBB128:
 336              	.LBB129:
 337              	.LBB130:
 338              		.file 3 "src/params.h"
 339              		.loc 3 79 21 view .LVU93
 340 001e DFEDAD9A 		vldr.32	s19, .L52+4
 341              	.LBE130:
 342              	.LBE129:
ARM GAS  /tmp/ccVOBie3.s 			page 7


 343              	.LBE128:
 344              	.LBE127:
 345              	.LBE168:
 346              	.LBE173:
 347              		.loc 2 90 8 view .LVU94
 348 0022 0093     		str	r3, [sp]
 349              	.LVL24:
 350              	.L31:
 351              	.LBB174:
 352              		.loc 2 91 28 is_stmt 1 discriminator 2 view .LVU95
 353 0024 009B     		ldr	r3, [sp]
 354 0026 9845     		cmp	r8, r3
 355 0028 00F04C81 		beq	.L12
 356              	.LBB169:
 357              		.loc 2 92 7 view .LVU96
 358              		.loc 2 92 19 is_stmt 0 view .LVU97
 359 002c 04F5F473 		add	r3, r4, #488
 360              	.LBB143:
 361              	.LBB144:
 362              		.loc 1 23 18 view .LVU98
 363 0030 D4F8E821 		ldr	r2, [r4, #488]
 364              	.LBE144:
 365              	.LBE143:
 366              		.loc 2 92 19 view .LVU99
 367 0034 3168     		ldr	r1, [r6]	@ float
 368              		.loc 2 97 7 view .LVU100
 369 0036 F7EE008A 		vmov.f32	s17, #1.0e+0
 370              		.loc 2 92 19 view .LVU101
 371 003a 0DEE103A 		vmov	s26, r3	@ int
 372              	.LVL25:
 373              	.LBB148:
 374              	.LBI143:
 375              		.loc 1 22 8 is_stmt 1 view .LVU102
 376              	.LBB145:
 377              		.loc 1 23 5 view .LVU103
 378              		.loc 1 23 10 is_stmt 0 view .LVU104
 379 003e D4F8F031 		ldr	r3, [r4, #496]
 380              	.LVL26:
 381              		.loc 1 23 10 view .LVU105
 382              	.LBE145:
 383              	.LBE148:
 384              		.loc 2 93 19 view .LVU106
 385 0042 04F5FA7B 		add	fp, r4, #500
 386              	.LBB149:
 387              	.LBB146:
 388              		.loc 1 23 18 view .LVU107
 389 0046 02EB8302 		add	r2, r2, r3, lsl #2
 390              		.loc 1 24 22 view .LVU108
 391 004a 0133     		adds	r3, r3, #1
 392              		.loc 1 23 18 view .LVU109
 393 004c 1160     		str	r1, [r2]	@ float
 394              		.loc 1 24 5 is_stmt 1 view .LVU110
 395              		.loc 1 24 27 is_stmt 0 view .LVU111
 396 004e D4F8EC11 		ldr	r1, [r4, #492]
 397              	.LVL27:
 398              		.loc 1 24 27 view .LVU112
 399 0052 B3FBF1F2 		udiv	r2, r3, r1
ARM GAS  /tmp/ccVOBie3.s 			page 8


 400              	.LVL28:
 401              		.loc 1 24 27 view .LVU113
 402 0056 01FB1233 		mls	r3, r1, r2, r3
 403              	.LBE146:
 404              	.LBE149:
 405              	.LBB150:
 406              	.LBB151:
 407              		.loc 1 23 18 view .LVU114
 408 005a D4F8F421 		ldr	r2, [r4, #500]
 409              	.LBE151:
 410              	.LBE150:
 411              		.loc 2 93 19 view .LVU115
 412 005e 7168     		ldr	r1, [r6, #4]	@ float
 413              	.LBB156:
 414              	.LBB147:
 415              		.loc 1 24 12 view .LVU116
 416 0060 C4F8F031 		str	r3, [r4, #496]
 417              	.LVL29:
 418              		.loc 1 24 12 view .LVU117
 419              	.LBE147:
 420              	.LBE156:
 421              		.loc 2 93 7 is_stmt 1 view .LVU118
 422              	.LBB157:
 423              	.LBI150:
 424              		.loc 1 22 8 view .LVU119
 425              	.LBB152:
 426              		.loc 1 23 5 view .LVU120
 427              		.loc 1 23 10 is_stmt 0 view .LVU121
 428 0064 D4F8FC31 		ldr	r3, [r4, #508]
 429              		.loc 1 23 18 view .LVU122
 430 0068 02EB8302 		add	r2, r2, r3, lsl #2
 431              		.loc 1 24 22 view .LVU123
 432 006c 0133     		adds	r3, r3, #1
 433              		.loc 1 23 18 view .LVU124
 434 006e 1160     		str	r1, [r2]	@ float
 435              		.loc 1 24 5 is_stmt 1 view .LVU125
 436              	.LBE152:
 437              	.LBE157:
 438              		.loc 2 96 19 is_stmt 0 view .LVU126
 439 0070 D4ED037A 		vldr.32	s15, [r4, #12]
 440 0074 94ED027A 		vldr.32	s14, [r4, #8]
 441              	.LBB158:
 442              	.LBB153:
 443              		.loc 1 24 27 view .LVU127
 444 0078 D4F8F811 		ldr	r1, [r4, #504]
 445              	.LVL30:
 446              		.loc 1 24 27 view .LVU128
 447              	.LBE153:
 448              	.LBE158:
 449              		.loc 2 96 19 view .LVU129
 450 007c 77EE877A 		vadd.f32	s15, s15, s14
 451              	.LBB159:
 452              	.LBB154:
 453              		.loc 1 24 27 view .LVU130
 454 0080 B3FBF1F2 		udiv	r2, r3, r1
 455              	.LVL31:
 456              		.loc 1 24 27 view .LVU131
ARM GAS  /tmp/ccVOBie3.s 			page 9


 457              	.LBE154:
 458              	.LBE159:
 459              		.loc 2 97 7 view .LVU132
 460 0084 F4EEE87A 		vcmpe.f32	s15, s17
 461              	.LBB160:
 462              	.LBB155:
 463              		.loc 1 24 27 view .LVU133
 464 0088 01FB1233 		mls	r3, r1, r2, r3
 465              		.loc 1 24 12 view .LVU134
 466 008c C4F8FC31 		str	r3, [r4, #508]
 467              	.LVL32:
 468              		.loc 1 24 12 view .LVU135
 469              	.LBE155:
 470              	.LBE160:
 471              		.loc 2 96 7 is_stmt 1 view .LVU136
 472              		.loc 2 97 7 view .LVU137
 473 0090 F1EE10FA 		vmrs	APSR_nzcv, FPSCR
 474 0094 7DDA     		bge	.L14
 475              		.loc 2 96 19 is_stmt 0 view .LVU138
 476 0096 C4ED037A 		vstr.32	s15, [r4, #12]
 477              	.L15:
 478              	.LBB161:
 479              	.LBB122:
 480              	.LBB94:
 481              	.LBB95:
 482              		.loc 3 89 32 view .LVU139
 483 009a 9FED8DAA 		vldr.32	s20, .L52
 484              	.LBE95:
 485              	.LBE94:
 486              	.LBE122:
 487              	.LBE161:
 488              	.LBB162:
 489              	.LBB141:
 490              		.loc 2 117 40 view .LVU140
 491 009e F7EE00CA 		vmov.f32	s25, #1.0e+0
 492 00a2 2546     		mov	r5, r4
 493 00a4 04F5E072 		add	r2, r4, #448
 494              	.LBE141:
 495              	.LBE162:
 496              	.LBB163:
 497              	.LBB123:
 498              	.LBB99:
 499              	.LBB96:
 500              		.loc 3 89 32 view .LVU141
 501 00a8 B0EE4ABA 		vmov.f32	s22, s20
 502 00ac 4FF0000A 		mov	r10, #0
 503 00b0 40F2FF31 		movw	r1, #1023
 504              	.L29:
 505              	.LVL33:
 506              		.loc 3 89 32 view .LVU142
 507              	.LBE96:
 508              	.LBE99:
 509              	.LBE123:
 510              	.LBE163:
 511              	.LBB164:
 512              	.LBB142:
 513              		.loc 2 106 9 is_stmt 1 view .LVU143
ARM GAS  /tmp/ccVOBie3.s 			page 10


 514              		.loc 2 107 9 view .LVU144
 515 00b4 95F84000 		ldrb	r0, [r5, #64]	@ zero_extendqisi2
 516 00b8 0028     		cmp	r0, #0
 517 00ba 4DD0     		beq	.L25
 518              		.loc 2 109 24 is_stmt 0 view .LVU145
 519 00bc D5ED0FAA 		vldr.32	s21, [r5, #60]
 520              		.loc 2 121 15 view .LVU146
 521 00c0 0AF1010A 		add	r10, r10, #1
 522              	.LVL34:
 523              		.loc 2 109 33 view .LVU147
 524 00c4 D5ED0BBA 		vldr.32	s23, [r5, #44]
 525              		.loc 2 116 15 view .LVU148
 526 00c8 95ED0A8A 		vldr.32	s16, [r5, #40]
 527              		.loc 2 109 15 view .LVU149
 528 00cc CAEEAB7A 		vdiv.f32	s15, s21, s23
 529              	.LBB136:
 530              	.LBB131:
 531              		.loc 3 82 23 view .LVU150
 532 00d0 8648     		ldr	r0, .L52+28
 533 00d2 0192     		str	r2, [sp, #4]
 534              	.LBE131:
 535              	.LBE136:
 536              		.loc 2 109 9 is_stmt 1 view .LVU151
 537              	.LVL35:
 538              		.loc 2 110 9 view .LVU152
 539              	.LBB137:
 540              	.LBI129:
 541              		.loc 3 78 14 view .LVU153
 542              	.LBB132:
 543              		.loc 3 79 3 view .LVU154
 544              		.loc 3 80 3 view .LVU155
 545              		.loc 3 82 23 is_stmt 0 view .LVU156
 546 00d4 59F80000 		ldr	r0, [r9, r0]
 547              		.loc 3 79 21 view .LVU157
 548 00d8 67EEA97A 		vmul.f32	s15, s15, s19
 549              	.LVL36:
 550              		.loc 3 79 7 view .LVU158
 551 00dc FDEEE77A 		vcvt.s32.f32	s15, s15
 552 00e0 17EE90CA 		vmov	ip, s15	@ int
 553              	.LBE132:
 554              	.LBE137:
 555              		.loc 2 116 15 view .LVU159
 556 00e4 D5ED0C7A 		vldr.32	s15, [r5, #48]
 557 00e8 AAEEE78A 		vfms.f32	s16, s21, s15
 558 00ec 8C45     		cmp	ip, r1
 559 00ee A8BF     		it	ge
 560 00f0 8C46     		movge	ip, r1
 561              	.LVL37:
 562              	.LBB138:
 563              	.LBB133:
 564              		.loc 3 82 3 is_stmt 1 view .LVU160
 565              		.loc 3 82 23 is_stmt 0 view .LVU161
 566 00f2 2CEAEC7C 		bic	ip, ip, ip, asr #31
 567              	.LVL38:
 568              		.loc 3 82 23 view .LVU162
 569              	.LBE133:
 570              	.LBE138:
ARM GAS  /tmp/ccVOBie3.s 			page 11


 571              		.loc 2 117 40 view .LVU163
 572 00f6 B4EE688A 		vcmp.f32	s16, s17
 573              	.LBB139:
 574              	.LBB134:
 575              		.loc 3 82 23 view .LVU164
 576 00fa 00EB8C0C 		add	ip, r0, ip, lsl #2
 577              	.LVL39:
 578              		.loc 3 82 23 view .LVU165
 579              	.LBE134:
 580              	.LBE139:
 581              		.loc 2 119 35 view .LVU166
 582 00fe 1DEE100A 		vmov	r0, s26	@ int
 583              	.LBB140:
 584              	.LBB135:
 585              		.loc 3 82 23 view .LVU167
 586 0102 9CED00CA 		vldr.32	s24, [ip]
 587              	.LVL40:
 588              		.loc 3 82 23 view .LVU168
 589              	.LBE135:
 590              	.LBE140:
 591              		.loc 2 116 9 is_stmt 1 view .LVU169
 592              		.loc 2 117 9 view .LVU170
 593              		.loc 2 117 40 is_stmt 0 view .LVU171
 594 0106 F1EE10FA 		vmrs	APSR_nzcv, FPSCR
 595 010a 48BF     		it	mi
 596 010c B0EE6C8A 		vmovmi.f32	s16, s25
 597              	.LVL41:
 598              		.loc 2 119 9 is_stmt 1 view .LVU172
 599              		.loc 2 119 35 is_stmt 0 view .LVU173
 600 0110 B0EE480A 		vmov.f32	s0, s16
 601 0114 FFF7FEFF 		bl	_ZNK9DelayLine11readHermiteEf(PLT)
 602              	.LVL42:
 603              		.loc 2 119 47 view .LVU174
 604 0118 20EE0C0A 		vmul.f32	s0, s0, s24
 605              		.loc 2 119 14 view .LVU175
 606 011c D5ED0D7A 		vldr.32	s15, [r5, #52]
 607              		.loc 2 120 35 view .LVU176
 608 0120 5846     		mov	r0, fp
 609              		.loc 2 119 14 view .LVU177
 610 0122 A0EE27BA 		vfma.f32	s22, s0, s15
 611              	.LVL43:
 612              		.loc 2 120 9 is_stmt 1 view .LVU178
 613              		.loc 2 120 35 is_stmt 0 view .LVU179
 614 0126 B0EE480A 		vmov.f32	s0, s16
 615 012a FFF7FEFF 		bl	_ZNK9DelayLine11readHermiteEf(PLT)
 616              	.LVL44:
 617              		.loc 2 123 16 view .LVU180
 618 012e 7AEEA8AA 		vadd.f32	s21, s21, s17
 619              	.LVL45:
 620              		.loc 2 120 47 view .LVU181
 621 0132 20EE0C0A 		vmul.f32	s0, s0, s24
 622              		.loc 2 120 14 view .LVU182
 623 0136 D5ED0E7A 		vldr.32	s15, [r5, #56]
 624              		.loc 2 124 9 view .LVU183
 625 013a 40F2FF31 		movw	r1, #1023
 626 013e 019A     		ldr	r2, [sp, #4]
 627 0140 F4EEEABA 		vcmpe.f32	s23, s21
ARM GAS  /tmp/ccVOBie3.s 			page 12


 628              		.loc 2 123 16 view .LVU184
 629 0144 C5ED0FAA 		vstr.32	s21, [r5, #60]
 630              		.loc 2 120 14 view .LVU185
 631 0148 A0EE27AA 		vfma.f32	s20, s0, s15
 632              	.LVL46:
 633              		.loc 2 121 9 is_stmt 1 view .LVU186
 634              		.loc 2 123 9 view .LVU187
 635              		.loc 2 124 9 view .LVU188
 636              		.loc 2 124 36 view .LVU189
 637              		.loc 2 124 9 is_stmt 0 view .LVU190
 638 014c F1EE10FA 		vmrs	APSR_nzcv, FPSCR
 639              		.loc 2 124 46 view .LVU191
 640 0150 9CBF     		itt	ls
 641 0152 0020     		movls	r0, #0
 642 0154 85F84000 		strbls	r0, [r5, #64]
 643              	.LVL47:
 644              	.L25:
 645              		.loc 2 124 46 view .LVU192
 646              	.LBE142:
 647              		.loc 2 105 7 is_stmt 1 discriminator 2 view .LVU193
 648              		.loc 2 105 25 discriminator 2 view .LVU194
 649 0158 1C35     		adds	r5, r5, #28
 650 015a 9542     		cmp	r5, r2
 651 015c AAD1     		bne	.L29
 652              		.loc 2 105 25 is_stmt 0 discriminator 2 view .LVU195
 653              	.LBE164:
 654              		.loc 2 131 7 is_stmt 1 view .LVU196
 655              		.loc 2 131 34 is_stmt 0 view .LVU197
 656 015e BAF1000F 		cmp	r10, #0
 657 0162 2CD0     		beq	.L38
 658              		.loc 2 131 59 discriminator 1 view .LVU198
 659 0164 07EE90AA 		vmov	s15, r10	@ int
 660 0168 B8EEE70A 		vcvt.f32.s32	s0, s15
 661 016c FFF7FEFF 		bl	sqrtf(PLT)
 662              	.LVL48:
 663              		.loc 2 131 34 discriminator 1 view .LVU199
 664 0170 9FED597A 		vldr.32	s14, .L52+8
 665 0174 C7EE007A 		vdiv.f32	s15, s14, s0
 666              	.L30:
 667              	.LVL49:
 668              		.loc 2 133 7 is_stmt 1 discriminator 4 view .LVU200
 669              	.LBE169:
 670              		.loc 2 91 5 is_stmt 0 discriminator 4 view .LVU201
 671 0178 08F10108 		add	r8, r8, #1
 672              	.LVL50:
 673              		.loc 2 91 5 discriminator 4 view .LVU202
 674 017c 0837     		adds	r7, r7, #8
 675 017e 0836     		adds	r6, r6, #8
 676              	.LBB170:
 677              		.loc 2 133 29 discriminator 4 view .LVU203
 678 0180 2BEE27BA 		vmul.f32	s22, s22, s15
 679              	.LVL51:
 680              		.loc 2 134 29 discriminator 4 view .LVU204
 681 0184 2AEE27AA 		vmul.f32	s20, s20, s15
 682              	.LVL52:
 683              		.loc 2 133 22 discriminator 4 view .LVU205
 684 0188 07ED02BA 		vstr.32	s22, [r7, #-8]
ARM GAS  /tmp/ccVOBie3.s 			page 13


 685              		.loc 2 134 7 is_stmt 1 discriminator 4 view .LVU206
 686              		.loc 2 134 22 is_stmt 0 discriminator 4 view .LVU207
 687 018c 07ED01AA 		vstr.32	s20, [r7, #-4]
 688              	.LBE170:
 689              		.loc 2 91 5 is_stmt 1 discriminator 4 view .LVU208
 690              	.LVL53:
 691              		.loc 2 91 5 is_stmt 0 discriminator 4 view .LVU209
 692 0190 48E7     		b	.L31
 693              	.LVL54:
 694              	.L14:
 695              	.LBB171:
 696              		.loc 2 98 9 is_stmt 1 view .LVU210
 697              		.loc 2 98 21 is_stmt 0 view .LVU211
 698 0192 77EEE87A 		vsub.f32	s15, s15, s17
 699              	.LBB165:
 700              	.LBB124:
 701              	.LBB100:
 702              	.LBB101:
 703              		.loc 2 180 14 view .LVU212
 704 0196 0025     		movs	r5, #0
 705              		.loc 2 181 23 view .LVU213
 706 0198 04F14002 		add	r2, r4, #64
 707 019c 1C21     		movs	r1, #28
 708              	.LBE101:
 709              	.LBE100:
 710              	.LBE124:
 711              	.LBE165:
 712              		.loc 2 98 21 view .LVU214
 713 019e C4ED037A 		vstr.32	s15, [r4, #12]
 714              		.loc 2 99 9 is_stmt 1 view .LVU215
 715              	.LVL55:
 716              	.LBB166:
 717              	.LBI92:
 718              		.loc 2 148 8 view .LVU216
 719              	.LBB125:
 720              		.loc 2 149 5 view .LVU217
 721              	.LBB103:
 722              	.LBI100:
 723              		.loc 2 179 7 view .LVU218
 724              	.LBB102:
 725              		.loc 2 180 23 view .LVU219
 726              	.L18:
 727              		.loc 2 181 7 view .LVU220
 728              		.loc 2 181 23 is_stmt 0 view .LVU221
 729 01a2 01FB05F3 		mul	r3, r1, r5
 730              		.loc 2 181 7 view .LVU222
 731 01a6 D05C     		ldrb	r0, [r2, r3]	@ zero_extendqisi2
 732 01a8 60B1     		cbz	r0, .L16
 733              		.loc 2 180 5 is_stmt 1 view .LVU223
 734 01aa 0135     		adds	r5, r5, #1
 735              	.LVL56:
 736              		.loc 2 180 23 view .LVU224
 737 01ac 102D     		cmp	r5, #16
 738 01ae F8D1     		bne	.L18
 739 01b0 73E7     		b	.L15
 740              	.LVL57:
 741              	.L34:
ARM GAS  /tmp/ccVOBie3.s 			page 14


 742              		.loc 2 180 23 is_stmt 0 view .LVU225
 743              	.LBE102:
 744              	.LBE103:
 745              	.LBB104:
 746              	.LBB105:
 747              		.loc 3 89 17 view .LVU226
 748 01b2 9FED470A 		vldr.32	s0, .L52
 749              	.LVL58:
 750              		.loc 3 89 17 view .LVU227
 751 01b6 66E0     		b	.L23
 752              	.LVL59:
 753              	.L36:
 754              		.loc 3 89 17 view .LVU228
 755              	.LBE105:
 756              	.LBE104:
 757              	.LBB107:
 758              	.LBB97:
 759 01b8 9FED450A 		vldr.32	s0, .L52
 760              	.LVL60:
 761              		.loc 3 89 17 view .LVU229
 762 01bc 7AE0     		b	.L24
 763              	.LVL61:
 764              	.L38:
 765              		.loc 3 89 17 view .LVU230
 766              	.LBE97:
 767              	.LBE107:
 768              	.LBE125:
 769              	.LBE166:
 770              		.loc 2 131 34 view .LVU231
 771 01be F0EE497A 		vmov.f32	s15, s18
 772 01c2 D9E7     		b	.L30
 773              	.LVL62:
 774              	.L16:
 775              	.LBB167:
 776              	.LBB126:
 777              		.loc 2 150 5 is_stmt 1 view .LVU232
 778              		.loc 2 152 5 view .LVU233
 779              		.loc 2 153 5 view .LVU234
 780              		.loc 2 153 14 is_stmt 0 view .LVU235
 781 01c4 04EB030A 		add	r10, r4, r3
 782 01c8 0122     		movs	r2, #1
 783              		.loc 2 154 14 view .LVU236
 784 01ca 8AED0F9A 		vstr.32	s18, [r10, #60]
 785              		.loc 2 153 14 view .LVU237
 786 01ce 8AF84020 		strb	r2, [r10, #64]
 787              		.loc 2 154 5 is_stmt 1 view .LVU238
 788              		.loc 2 157 5 view .LVU239
 789              		.loc 2 157 25 is_stmt 0 view .LVU240
 790 01d2 94ED058A 		vldr.32	s16, [r4, #20]
 791 01d6 94ED06AA 		vldr.32	s20, [r4, #24]
 792 01da FFF7FEFF 		bl	_ZN11GrainEngine5frandEv(PLT)
 793              	.LVL63:
 794              	.LBB108:
 795              	.LBI108:
 796              		.loc 3 91 14 is_stmt 1 view .LVU241
 797              	.LBB109:
 798              		.loc 3 91 49 view .LVU242
ARM GAS  /tmp/ccVOBie3.s 			page 15


 799              	.LBE109:
 800              	.LBE108:
 801              		.loc 2 158 25 is_stmt 0 view .LVU243
 802 01de D4ED007A 		vldr.32	s15, [r4]
 803              	.LBB111:
 804              	.LBB110:
 805              		.loc 3 91 67 view .LVU244
 806 01e2 3AEE48AA 		vsub.f32	s20, s20, s16
 807              	.LVL64:
 808              		.loc 3 91 70 view .LVU245
 809 01e6 A0EE0A8A 		vfma.f32	s16, s0, s20
 810              	.LVL65:
 811              		.loc 3 91 70 view .LVU246
 812              	.LBE110:
 813              	.LBE111:
 814              		.loc 2 158 5 is_stmt 1 view .LVU247
 815              		.loc 2 158 25 is_stmt 0 view .LVU248
 816 01ea 27EE888A 		vmul.f32	s16, s15, s16
 817              	.LVL66:
 818              		.loc 2 158 16 view .LVU249
 819 01ee 8AED0B8A 		vstr.32	s16, [r10, #44]
 820              		.loc 2 162 5 is_stmt 1 view .LVU250
 821              		.loc 2 162 26 is_stmt 0 view .LVU251
 822 01f2 FFF7FEFF 		bl	_ZN11GrainEngine5frandEv(PLT)
 823              	.LVL67:
 824              		.loc 2 163 5 is_stmt 1 view .LVU252
 825              		.loc 2 162 29 is_stmt 0 view .LVU253
 826 01f6 D4ED097A 		vldr.32	s15, [r4, #36]
 827              		.loc 2 163 24 view .LVU254
 828 01fa 94ED007A 		vldr.32	s14, [r4]
 829              		.loc 2 162 29 view .LVU255
 830 01fe 20EE270A 		vmul.f32	s0, s0, s15
 831              	.LVL68:
 832              		.loc 2 163 24 view .LVU256
 833 0202 DAED0B7A 		vldr.32	s15, [r10, #44]
 834 0206 E0EE077A 		vfma.f32	s15, s0, s14
 835              		.loc 2 164 19 view .LVU257
 836 020a 9AED0B7A 		vldr.32	s14, [r10, #44]
 837              	.LBB112:
 838              	.LBB113:
 839              		.loc 3 89 17 view .LVU258
 840 020e F4EEC77A 		vcmpe.f32	s15, s14
 841              	.LBE113:
 842              	.LBE112:
 843              		.loc 2 163 11 view .LVU259
 844 0212 CAED0A7A 		vstr.32	s15, [r10, #40]
 845              		.loc 2 164 5 is_stmt 1 view .LVU260
 846              	.LVL69:
 847              	.LBB115:
 848              	.LBI112:
 849              		.loc 3 88 14 view .LVU261
 850              	.LBB114:
 851              		.loc 3 89 3 view .LVU262
 852              		.loc 3 89 17 is_stmt 0 view .LVU263
 853 0216 F1EE10FA 		vmrs	APSR_nzcv, FPSCR
 854 021a 08D4     		bmi	.L19
 855              		.loc 3 89 32 view .LVU264
ARM GAS  /tmp/ccVOBie3.s 			page 16


 856 021c 9FED2F7A 		vldr.32	s14, .L52+12
 857              	.LVL70:
 858              		.loc 3 89 32 view .LVU265
 859 0220 F4EEC77A 		vcmpe.f32	s15, s14
 860 0224 F1EE10FA 		vmrs	APSR_nzcv, FPSCR
 861 0228 D8BF     		it	le
 862 022a B0EE677A 		vmovle.f32	s14, s15
 863              	.L19:
 864              	.LVL71:
 865              		.loc 3 89 32 view .LVU266
 866              	.LBE114:
 867              	.LBE115:
 868              		.loc 2 164 11 view .LVU267
 869 022e 4FF01C0A 		mov	r10, #28
 870              		.loc 2 167 32 view .LVU268
 871 0232 B6EE00AA 		vmov.f32	s20, #5.0e-1
 872              	.LBB116:
 873              	.LBB117:
 874              		.loc 3 91 70 view .LVU269
 875 0236 9FED2A8A 		vldr.32	s16, .L52+16
 876              	.LBE117:
 877              	.LBE116:
 878              		.loc 2 164 11 view .LVU270
 879 023a 0AFB0542 		mla	r2, r10, r5, r4
 880 023e 82ED0A7A 		vstr.32	s14, [r2, #40]
 881              		.loc 2 167 5 is_stmt 1 view .LVU271
 882              		.loc 2 167 21 is_stmt 0 view .LVU272
 883 0242 FFF7FEFF 		bl	_ZN11GrainEngine5frandEv(PLT)
 884              	.LVL72:
 885              		.loc 2 167 32 view .LVU273
 886 0246 B4EECA0A 		vcmpe.f32	s0, s20
 887              		.loc 2 167 13 view .LVU274
 888 024a 0AFB0543 		mla	r3, r10, r5, r4
 889              		.loc 2 167 32 view .LVU275
 890 024e F1EE10FA 		vmrs	APSR_nzcv, FPSCR
 891 0252 CCBF     		ite	gt
 892 0254 E269     		ldrgt	r2, [r4, #28]	@ float
 893 0256 226A     		ldrle	r2, [r4, #32]	@ float
 894              		.loc 2 167 13 view .LVU276
 895 0258 1A63     		str	r2, [r3, #48]	@ float
 896              		.loc 2 170 5 is_stmt 1 view .LVU277
 897              		.loc 2 170 22 is_stmt 0 view .LVU278
 898 025a FFF7FEFF 		bl	_ZN11GrainEngine5frandEv(PLT)
 899              	.LVL73:
 900              	.LBB119:
 901              	.LBI116:
 902              		.loc 3 91 14 is_stmt 1 view .LVU279
 903              	.LBB118:
 904              		.loc 3 91 49 view .LVU280
 905              		.loc 3 91 70 is_stmt 0 view .LVU281
 906 025e DFED217A 		vldr.32	s15, .L52+20
 907 0262 A0EE278A 		vfma.f32	s16, s0, s15
 908              	.LVL74:
 909              		.loc 3 91 70 view .LVU282
 910              	.LBE118:
 911              	.LBE119:
 912              		.loc 2 175 5 is_stmt 1 view .LVU283
ARM GAS  /tmp/ccVOBie3.s 			page 17


 913              		.loc 2 175 29 is_stmt 0 view .LVU284
 914 0266 3AEE480A 		vsub.f32	s0, s20, s16
 915              	.LVL75:
 916              	.LBB120:
 917              	.LBI104:
 918              		.loc 3 88 14 is_stmt 1 view .LVU285
 919              	.LBB106:
 920              		.loc 3 89 3 view .LVU286
 921              		.loc 3 89 17 is_stmt 0 view .LVU287
 922 026a B5EEC00A 		vcmpe.f32	s0, #0
 923 026e F1EE10FA 		vmrs	APSR_nzcv, FPSCR
 924 0272 9ED4     		bmi	.L34
 925              		.loc 3 89 32 view .LVU288
 926 0274 B4EE680A 		vcmp.f32	s0, s17
 927 0278 F7EE007A 		vmov.f32	s15, #1.0e+0
 928 027c F1EE10FA 		vmrs	APSR_nzcv, FPSCR
 929 0280 C8BF     		it	gt
 930 0282 B0EE670A 		vmovgt.f32	s0, s15
 931              	.LVL76:
 932              	.L23:
 933              		.loc 3 89 32 view .LVU289
 934              	.LBE106:
 935              	.LBE120:
 936              		.loc 2 175 29 view .LVU290
 937 0286 FFF7FEFF 		bl	sqrtf(PLT)
 938              	.LVL77:
 939              		.loc 2 175 12 view .LVU291
 940 028a 1C23     		movs	r3, #28
 941 028c 03FB0543 		mla	r3, r3, r5, r4
 942 0290 83ED0D0A 		vstr.32	s0, [r3, #52]
 943              		.loc 2 176 5 is_stmt 1 view .LVU292
 944              		.loc 2 176 29 is_stmt 0 view .LVU293
 945 0294 38EE0A0A 		vadd.f32	s0, s16, s20
 946              	.LVL78:
 947              	.LBB121:
 948              	.LBI94:
 949              		.loc 3 88 14 is_stmt 1 view .LVU294
 950              	.LBB98:
 951              		.loc 3 89 3 view .LVU295
 952              		.loc 3 89 17 is_stmt 0 view .LVU296
 953 0298 B5EEC00A 		vcmpe.f32	s0, #0
 954 029c F1EE10FA 		vmrs	APSR_nzcv, FPSCR
 955 02a0 8AD4     		bmi	.L36
 956              		.loc 3 89 32 view .LVU297
 957 02a2 B4EE680A 		vcmp.f32	s0, s17
 958 02a6 F7EE007A 		vmov.f32	s15, #1.0e+0
 959 02aa F1EE10FA 		vmrs	APSR_nzcv, FPSCR
 960 02ae C8BF     		it	gt
 961 02b0 B0EE670A 		vmovgt.f32	s0, s15
 962              	.LVL79:
 963              	.L24:
 964              		.loc 3 89 32 view .LVU298
 965              	.LBE98:
 966              	.LBE121:
 967              		.loc 2 176 29 view .LVU299
 968 02b4 FFF7FEFF 		bl	sqrtf(PLT)
 969              	.LVL80:
ARM GAS  /tmp/ccVOBie3.s 			page 18


 970              		.loc 2 176 12 view .LVU300
 971 02b8 1C23     		movs	r3, #28
 972 02ba 03FB0545 		mla	r5, r3, r5, r4
 973              	.LVL81:
 974              		.loc 2 176 12 view .LVU301
 975 02be 85ED0E0A 		vstr.32	s0, [r5, #56]
 976 02c2 EAE6     		b	.L15
 977              	.LVL82:
 978              	.L12:
 979              		.loc 2 176 12 view .LVU302
 980              	.LBE126:
 981              	.LBE167:
 982              	.LBE171:
 983              	.LBE174:
 984              		.loc 2 136 3 view .LVU303
 985 02c4 03B0     		add	sp, sp, #12
 986              		.cfi_def_cfa_offset 84
 987              	.LVL83:
 988              		.loc 2 136 3 view .LVU304
 989              		@ sp needed
 990 02c6 BDEC0C8B 		vldm	sp!, {d8-d13}
 991              		.cfi_restore 90
 992              		.cfi_restore 91
 993              		.cfi_restore 88
 994              		.cfi_restore 89
 995              		.cfi_restore 86
 996              		.cfi_restore 87
 997              		.cfi_restore 84
 998              		.cfi_restore 85
 999              		.cfi_restore 82
 1000              		.cfi_restore 83
 1001              		.cfi_restore 80
 1002              		.cfi_restore 81
 1003              		.cfi_def_cfa_offset 36
 1004 02ca BDE8F08F 		pop	{r4, r5, r6, r7, r8, r9, r10, fp, pc}
 1005              	.LVL84:
 1006              	.L53:
 1007              		.loc 2 136 3 view .LVU305
 1008 02ce 00BF     		.align	2
 1009              	.L52:
 1010 02d0 00000000 		.word	0
 1011 02d4 00C07F44 		.word	1149222912
 1012 02d8 3333333F 		.word	1060320051
 1013 02dc 00601F48 		.word	1210015744
 1014 02e0 CDCCCCBE 		.word	3201092813
 1015 02e4 CDCC4C3F 		.word	1061997773
 1016 02e8 D2020000 		.word	_GLOBAL_OFFSET_TABLE_-(.LPIC0+4)
 1017 02ec 00000000 		.word	g_hannLut(GOT)
 1018              		.cfi_endproc
 1019              	.LFE497:
 1020              		.size	_ZN11GrainEngine7processEPKfPfm, .-_ZN11GrainEngine7processEPKfPfm
 1021              		.section	.text._ZN6Effect4InitEPK17unit_runtime_desc,"axG",%progbits,_ZN6Effect4InitEPK17unit_runt
 1022              		.align	1
 1023              		.weak	_ZN6Effect4InitEPK17unit_runtime_desc
 1024              		.syntax unified
 1025              		.thumb
 1026              		.thumb_func
ARM GAS  /tmp/ccVOBie3.s 			page 19


 1027              		.fpu fpv4-sp-d16
 1028              		.type	_ZN6Effect4InitEPK17unit_runtime_desc, %function
 1029              	_ZN6Effect4InitEPK17unit_runtime_desc:
 1030              	.LVL85:
 1031              	.LFB508:
 1032              		.file 4 "unit.cc"
 1033              		.loc 4 34 17 is_stmt 1 view -0
 1034              		.cfi_startproc
 1035              		@ args = 0, pretend = 0, frame = 0
 1036              		@ frame_needed = 0, uses_anonymous_args = 0
 1037              		.loc 4 35 5 view .LVU307
 1038              		.loc 4 34 17 is_stmt 0 view .LVU308
 1039 0000 4F4B     		ldr	r3, .L73+12
 1040 0002 2DE9F047 		push	{r4, r5, r6, r7, r8, r9, r10, lr}
 1041              		.cfi_def_cfa_offset 32
 1042              		.cfi_offset 4, -32
 1043              		.cfi_offset 5, -28
 1044              		.cfi_offset 6, -24
 1045              		.cfi_offset 7, -20
 1046              		.cfi_offset 8, -16
 1047              		.cfi_offset 9, -12
 1048              		.cfi_offset 10, -8
 1049              		.cfi_offset 14, -4
 1050              		.loc 4 34 17 view .LVU309
 1051              	.LPIC1:
 1052 0006 7B44     		add	r3, pc
 1053 0008 0446     		mov	r4, r0
 1054              		.loc 4 35 5 view .LVU310
 1055 000a 0D46     		mov	r5, r1
 1056 000c 0029     		cmp	r1, #0
 1057 000e 00F08280 		beq	.L59
 1058              		.loc 4 38 5 is_stmt 1 view .LVU311
 1059              		.loc 4 38 15 is_stmt 0 view .LVU312
 1060 0012 0A68     		ldr	r2, [r1]	@ unaligned
 1061              		.loc 4 38 44 view .LVU313
 1062 0014 4B49     		ldr	r1, .L73+16
 1063              	.LVL86:
 1064              		.loc 4 38 44 view .LVU314
 1065 0016 5B58     		ldr	r3, [r3, r1]
 1066 0018 5B68     		ldr	r3, [r3, #4]	@ unaligned
 1067              		.loc 4 38 5 view .LVU315
 1068 001a 9A42     		cmp	r2, r3
 1069 001c 7ED1     		bne	.L60
 1070              		.loc 4 41 5 is_stmt 1 view .LVU316
 1071              		.loc 4 41 10 is_stmt 0 view .LVU317
 1072 001e 6B68     		ldr	r3, [r5, #4]	@ unaligned
 1073 0020 03F4FE02 		and	r2, r3, #8323072
 1074              		.loc 4 41 5 view .LVU318
 1075 0024 B2F5003F 		cmp	r2, #131072
 1076 0028 7BD1     		bne	.L62
 1077              		.loc 4 41 9 discriminator 1 view .LVU319
 1078 002a 13F4FE4F 		tst	r3, #32512
 1079 002e 78D1     		bne	.L62
 1080              		.loc 4 44 5 is_stmt 1 view .LVU320
 1081              		.loc 4 44 15 is_stmt 0 view .LVU321
 1082 0030 AA68     		ldr	r2, [r5, #8]	@ unaligned
 1083              		.loc 4 44 5 view .LVU322
ARM GAS  /tmp/ccVOBie3.s 			page 20


 1084 0032 4BF68033 		movw	r3, #48000
 1085 0036 9A42     		cmp	r2, r3
 1086 0038 76D1     		bne	.L63
 1087              		.loc 4 47 5 is_stmt 1 view .LVU323
 1088 003a AB7B     		ldrb	r3, [r5, #14]	@ zero_extendqisi2
 1089 003c 022B     		cmp	r3, #2
 1090 003e 76D1     		bne	.L65
 1091              		.loc 4 47 35 is_stmt 0 discriminator 1 view .LVU324
 1092 0040 EB7B     		ldrb	r3, [r5, #15]	@ zero_extendqisi2
 1093 0042 022B     		cmp	r3, #2
 1094 0044 73D1     		bne	.L65
 1095              		.loc 4 50 5 is_stmt 1 view .LVU325
 1096              		.loc 4 50 22 is_stmt 0 view .LVU326
 1097 0046 6B69     		ldr	r3, [r5, #20]	@ unaligned
 1098              		.loc 4 50 5 view .LVU327
 1099 0048 1BB9     		cbnz	r3, .L56
 1100              	.LVL87:
 1101              	.L57:
 1102              		.loc 4 51 14 view .LVU328
 1103 004a 6FF00F00 		mvn	r0, #15
 1104              	.LVL88:
 1105              	.L55:
 1106              		.loc 4 72 3 view .LVU329
 1107 004e BDE8F087 		pop	{r4, r5, r6, r7, r8, r9, r10, pc}
 1108              	.LVL89:
 1109              	.L56:
 1110              		.loc 4 53 5 is_stmt 1 view .LVU330
 1111              		.loc 4 54 5 view .LVU331
 1112              		.loc 4 54 51 is_stmt 0 view .LVU332
 1113 0052 3848     		ldr	r0, .L73
 1114              	.LVL90:
 1115              		.loc 4 54 51 view .LVU333
 1116 0054 9847     		blx	r3
 1117              	.LVL91:
 1118              		.loc 4 55 5 is_stmt 1 view .LVU334
 1119 0056 0746     		mov	r7, r0
 1120 0058 0028     		cmp	r0, #0
 1121 005a F6D0     		beq	.L57
 1122              		.loc 4 56 5 view .LVU335
 1123              		.loc 4 56 40 is_stmt 0 view .LVU336
 1124 005c 6B69     		ldr	r3, [r5, #20]	@ unaligned
 1125              		.loc 4 56 51 view .LVU337
 1126 005e 3548     		ldr	r0, .L73
 1127              	.LVL92:
 1128              		.loc 4 56 51 view .LVU338
 1129 0060 9847     		blx	r3
 1130              	.LVL93:
 1131              		.loc 4 57 5 is_stmt 1 view .LVU339
 1132 0062 0646     		mov	r6, r0
 1133 0064 0028     		cmp	r0, #0
 1134 0066 F0D0     		beq	.L57
 1135              		.loc 4 59 5 view .LVU340
 1136              		.loc 4 59 15 is_stmt 0 view .LVU341
 1137 0068 FFF7FEFF 		bl	_Z10initSinLutv(PLT)
 1138              	.LVL94:
 1139              		.loc 4 60 5 is_stmt 1 view .LVU342
 1140              	.LBB190:
ARM GAS  /tmp/ccVOBie3.s 			page 21


 1141              	.LBB191:
 1142              	.LBB192:
 1143              	.LBB193:
 1144              		.loc 1 17 12 is_stmt 0 view .LVU343
 1145 006c 0025     		movs	r5, #0
 1146              	.LVL95:
 1147              		.loc 1 17 12 view .LVU344
 1148              	.LBE193:
 1149              	.LBE192:
 1150              	.LBE191:
 1151              	.LBE190:
 1152              		.loc 4 60 16 view .LVU345
 1153 006e FFF7FEFF 		bl	_Z11initHannLutv(PLT)
 1154              	.LVL96:
 1155              		.loc 4 62 5 is_stmt 1 view .LVU346
 1156              	.LBB212:
 1157              	.LBI190:
 1158              		.loc 2 42 8 view .LVU347
 1159              	.LBB211:
 1160              		.loc 2 43 5 view .LVU348
 1161              	.LBB197:
 1162              	.LBB194:
 1163              		.loc 1 17 12 is_stmt 0 view .LVU349
 1164 0072 DFF8D480 		ldr	r8, .L73+20
 1165              	.LBE194:
 1166              	.LBE197:
 1167              		.loc 2 43 9 view .LVU350
 1168 0076 304B     		ldr	r3, .L73+4
 1169              	.LBB198:
 1170              	.LBB195:
 1171              		.loc 1 18 11 view .LVU351
 1172 0078 2946     		mov	r1, r5
 1173 007a 2E4A     		ldr	r2, .L73
 1174 007c 3846     		mov	r0, r7
 1175              	.LBE195:
 1176              	.LBE198:
 1177              		.loc 2 43 9 view .LVU352
 1178 007e 2360     		str	r3, [r4]	@ float
 1179              		.loc 2 44 5 is_stmt 1 view .LVU353
 1180              	.LVL97:
 1181              	.LBB199:
 1182              	.LBI192:
 1183              		.loc 1 14 8 view .LVU354
 1184              	.LBB196:
 1185              		.loc 1 15 5 view .LVU355
 1186              		.loc 1 15 12 is_stmt 0 view .LVU356
 1187 0080 C4F8E871 		str	r7, [r4, #488]
 1188              		.loc 1 16 5 is_stmt 1 view .LVU357
 1189              		.loc 1 17 12 is_stmt 0 view .LVU358
 1190 0084 C4E97B85 		strd	r8, r5, [r4, #492]
 1191              		.loc 1 18 5 is_stmt 1 view .LVU359
 1192              		.loc 1 18 11 is_stmt 0 view .LVU360
 1193 0088 FFF7FEFF 		bl	memset(PLT)
 1194              	.LVL98:
 1195              		.loc 1 18 11 view .LVU361
 1196              	.LBE196:
 1197              	.LBE199:
ARM GAS  /tmp/ccVOBie3.s 			page 22


 1198              		.loc 2 45 5 is_stmt 1 view .LVU362
 1199              	.LBB200:
 1200              	.LBI200:
 1201              		.loc 1 14 8 view .LVU363
 1202              	.LBB201:
 1203              		.loc 1 15 5 view .LVU364
 1204              		.loc 1 18 11 is_stmt 0 view .LVU365
 1205 008c 294A     		ldr	r2, .L73
 1206 008e 2946     		mov	r1, r5
 1207 0090 3046     		mov	r0, r6
 1208              		.loc 1 17 12 view .LVU366
 1209 0092 C4F8FC51 		str	r5, [r4, #508]
 1210              		.loc 1 16 12 view .LVU367
 1211 0096 C4E97D68 		strd	r6, r8, [r4, #500]
 1212              		.loc 1 17 5 is_stmt 1 view .LVU368
 1213              		.loc 1 18 5 view .LVU369
 1214              		.loc 1 18 11 is_stmt 0 view .LVU370
 1215 009a FFF7FEFF 		bl	memset(PLT)
 1216              	.LVL99:
 1217              		.loc 1 18 11 view .LVU371
 1218              	.LBE201:
 1219              	.LBE200:
 1220              	.LBB202:
 1221              		.loc 2 46 23 is_stmt 1 view .LVU372
 1222 009e 2346     		mov	r3, r4
 1223 00a0 04F5E072 		add	r2, r4, #448
 1224              	.LVL100:
 1225              	.L58:
 1226              		.loc 2 46 42 view .LVU373
 1227              		.loc 2 46 60 is_stmt 0 view .LVU374
 1228 00a4 83F84050 		strb	r5, [r3, #64]
 1229              		.loc 2 46 5 is_stmt 1 view .LVU375
 1230              		.loc 2 46 23 view .LVU376
 1231 00a8 1C33     		adds	r3, r3, #28
 1232 00aa 9A42     		cmp	r2, r3
 1233 00ac FAD1     		bne	.L58
 1234              	.LBE202:
 1235              		.loc 2 47 5 view .LVU377
 1236              	.LVL101:
 1237              	.LBB203:
 1238              	.LBI203:
 1239              		.loc 2 51 8 view .LVU378
 1240              	.LBB204:
 1241              		.loc 2 52 5 view .LVU379
 1242              		.loc 2 57 17 is_stmt 0 view .LVU380
 1243 00ae 4FF07E56 		mov	r6, #1065353216
 1244              	.LVL102:
 1245              		.loc 2 56 22 view .LVU381
 1246 00b2 DFF898A0 		ldr	r10, .L73+24
 1247              		.loc 2 56 44 view .LVU382
 1248 00b6 DFF89890 		ldr	r9, .L73+28
 1249              		.loc 2 80 20 view .LVU383
 1250 00ba 2046     		mov	r0, r4
 1251              		.loc 2 58 24 view .LVU384
 1252 00bc DFF89480 		ldr	r8, .L73+32
 1253              	.LBE204:
 1254              	.LBE203:
ARM GAS  /tmp/ccVOBie3.s 			page 23


 1255              	.LBB206:
 1256              	.LBB207:
 1257              		.loc 2 86 20 view .LVU385
 1258 00c0 1E4F     		ldr	r7, .L73+8
 1259              	.LVL103:
 1260              		.loc 2 86 20 view .LVU386
 1261              	.LBE207:
 1262              	.LBE206:
 1263              	.LBB209:
 1264              	.LBB205:
 1265              		.loc 2 52 13 view .LVU387
 1266 00c2 6560     		str	r5, [r4, #4]
 1267              		.loc 2 53 5 is_stmt 1 view .LVU388
 1268              		.loc 2 54 7 view .LVU389
 1269              		.loc 2 56 9 view .LVU390
 1270              		.loc 2 56 22 is_stmt 0 view .LVU391
 1271 00c4 C4F814A0 		str	r10, [r4, #20]	@ float
 1272              		.loc 2 56 31 is_stmt 1 view .LVU392
 1273              		.loc 2 56 44 is_stmt 0 view .LVU393
 1274 00c8 C4F81890 		str	r9, [r4, #24]	@ float
 1275              		.loc 2 57 9 is_stmt 1 view .LVU394
 1276              		.loc 2 57 17 is_stmt 0 view .LVU395
 1277 00cc E661     		str	r6, [r4, #28]	@ float
 1278              		.loc 2 57 24 is_stmt 1 view .LVU396
 1279              		.loc 2 57 32 is_stmt 0 view .LVU397
 1280 00ce 2662     		str	r6, [r4, #32]	@ float
 1281              		.loc 2 58 9 is_stmt 1 view .LVU398
 1282              		.loc 2 58 24 is_stmt 0 view .LVU399
 1283 00d0 C4F82480 		str	r8, [r4, #36]	@ float
 1284              		.loc 2 59 9 is_stmt 1 view .LVU400
 1285              		.loc 2 80 5 view .LVU401
 1286              		.loc 2 80 20 is_stmt 0 view .LVU402
 1287 00d4 FFF7FEFF 		bl	_ZN11GrainEngine15updateSpawnRateEv(PLT)
 1288              	.LVL104:
 1289              		.loc 2 80 20 view .LVU403
 1290              	.LBE205:
 1291              	.LBE209:
 1292              		.loc 2 48 5 is_stmt 1 view .LVU404
 1293              	.LBB210:
 1294              	.LBI206:
 1295              		.loc 2 83 8 view .LVU405
 1296              	.LBB208:
 1297              		.loc 2 86 5 view .LVU406
 1298              		.loc 2 87 20 is_stmt 0 view .LVU407
 1299 00d8 2046     		mov	r0, r4
 1300              		.loc 2 86 20 view .LVU408
 1301 00da 2761     		str	r7, [r4, #16]	@ float
 1302              		.loc 2 87 5 is_stmt 1 view .LVU409
 1303              		.loc 2 87 20 is_stmt 0 view .LVU410
 1304 00dc FFF7FEFF 		bl	_ZN11GrainEngine15updateSpawnRateEv(PLT)
 1305              	.LVL105:
 1306              		.loc 2 87 20 view .LVU411
 1307              	.LBE208:
 1308              	.LBE210:
 1309              	.LBE211:
 1310              	.LBE212:
 1311              		.loc 4 65 5 is_stmt 1 view .LVU412
ARM GAS  /tmp/ccVOBie3.s 			page 24


 1312              		.loc 4 65 20 is_stmt 0 view .LVU413
 1313 00e0 0123     		movs	r3, #1
 1314              	.LBB213:
 1315              	.LBB214:
 1316              		.loc 2 80 20 view .LVU414
 1317 00e2 2046     		mov	r0, r4
 1318              	.LBE214:
 1319              	.LBE213:
 1320              		.loc 4 66 20 view .LVU415
 1321 00e4 84F80452 		strb	r5, [r4, #516]
 1322              		.loc 4 65 20 view .LVU416
 1323 00e8 C4F80032 		str	r3, [r4, #512]
 1324              		.loc 4 66 5 is_stmt 1 view .LVU417
 1325              		.loc 4 67 5 view .LVU418
 1326              		.loc 4 67 20 is_stmt 0 view .LVU419
 1327 00ec 40F2FF13 		movw	r3, #511
 1328              	.LBB217:
 1329              	.LBB215:
 1330              		.loc 2 52 13 view .LVU420
 1331 00f0 6560     		str	r5, [r4, #4]
 1332              	.LBE215:
 1333              	.LBE217:
 1334              		.loc 4 67 20 view .LVU421
 1335 00f2 C4F80832 		str	r3, [r4, #520]
 1336              		.loc 4 68 5 is_stmt 1 view .LVU422
 1337              	.LVL106:
 1338              	.LBB218:
 1339              	.LBI213:
 1340              		.loc 2 51 8 view .LVU423
 1341              	.LBB216:
 1342              		.loc 2 52 5 view .LVU424
 1343              		.loc 2 53 5 view .LVU425
 1344              		.loc 2 54 7 view .LVU426
 1345              		.loc 2 56 9 view .LVU427
 1346              		.loc 2 56 22 is_stmt 0 view .LVU428
 1347 00f6 C4F814A0 		str	r10, [r4, #20]	@ float
 1348              		.loc 2 56 31 is_stmt 1 view .LVU429
 1349              		.loc 2 56 44 is_stmt 0 view .LVU430
 1350 00fa C4F81890 		str	r9, [r4, #24]	@ float
 1351              		.loc 2 57 9 is_stmt 1 view .LVU431
 1352              		.loc 2 57 17 is_stmt 0 view .LVU432
 1353 00fe E661     		str	r6, [r4, #28]	@ float
 1354              		.loc 2 57 24 is_stmt 1 view .LVU433
 1355              		.loc 2 57 32 is_stmt 0 view .LVU434
 1356 0100 2662     		str	r6, [r4, #32]	@ float
 1357              		.loc 2 58 9 is_stmt 1 view .LVU435
 1358              		.loc 2 58 24 is_stmt 0 view .LVU436
 1359 0102 C4F82480 		str	r8, [r4, #36]	@ float
 1360              		.loc 2 59 9 is_stmt 1 view .LVU437
 1361              		.loc 2 80 5 view .LVU438
 1362              		.loc 2 80 20 is_stmt 0 view .LVU439
 1363 0106 FFF7FEFF 		bl	_ZN11GrainEngine15updateSpawnRateEv(PLT)
 1364              	.LVL107:
 1365              		.loc 2 80 20 view .LVU440
 1366              	.LBE216:
 1367              	.LBE218:
 1368              		.loc 4 69 5 is_stmt 1 view .LVU441
ARM GAS  /tmp/ccVOBie3.s 			page 25


 1369              		.loc 4 136 5 view .LVU442
 1370              		.loc 4 137 5 view .LVU443
 1371              		.loc 4 138 5 view .LVU444
 1372              	.LBB219:
 1373              	.LBI219:
 1374              		.loc 2 83 8 view .LVU445
 1375              	.LBB220:
 1376              		.loc 2 86 5 view .LVU446
 1377              		.loc 2 87 20 is_stmt 0 view .LVU447
 1378 010a 2046     		mov	r0, r4
 1379              		.loc 2 86 20 view .LVU448
 1380 010c 2761     		str	r7, [r4, #16]	@ float
 1381              		.loc 2 87 5 is_stmt 1 view .LVU449
 1382              		.loc 2 87 20 is_stmt 0 view .LVU450
 1383 010e FFF7FEFF 		bl	_ZN11GrainEngine15updateSpawnRateEv(PLT)
 1384              	.LVL108:
 1385              	.LBE220:
 1386              	.LBE219:
 1387              		.loc 4 71 12 view .LVU451
 1388 0112 0020     		movs	r0, #0
 1389              	.LBB222:
 1390              	.LBB221:
 1391              		.loc 2 88 3 view .LVU452
 1392 0114 9BE7     		b	.L55
 1393              	.LVL109:
 1394              	.L59:
 1395              		.loc 2 88 3 view .LVU453
 1396              	.LBE221:
 1397              	.LBE222:
 1398              		.loc 4 36 14 view .LVU454
 1399 0116 6FF01F00 		mvn	r0, #31
 1400              	.LVL110:
 1401              		.loc 4 36 14 view .LVU455
 1402 011a 98E7     		b	.L55
 1403              	.LVL111:
 1404              	.L60:
 1405              		.loc 4 39 14 view .LVU456
 1406 011c 4FF0FF30 		mov	r0, #-1
 1407              	.LVL112:
 1408              		.loc 4 39 14 view .LVU457
 1409 0120 95E7     		b	.L55
 1410              	.LVL113:
 1411              	.L62:
 1412              		.loc 4 42 14 view .LVU458
 1413 0122 6FF00100 		mvn	r0, #1
 1414              	.LVL114:
 1415              		.loc 4 42 14 view .LVU459
 1416 0126 92E7     		b	.L55
 1417              	.LVL115:
 1418              	.L63:
 1419              		.loc 4 45 14 view .LVU460
 1420 0128 6FF00300 		mvn	r0, #3
 1421              	.LVL116:
 1422              		.loc 4 45 14 view .LVU461
 1423 012c 8FE7     		b	.L55
 1424              	.LVL117:
 1425              	.L65:
ARM GAS  /tmp/ccVOBie3.s 			page 26


 1426              		.loc 4 48 14 view .LVU462
 1427 012e 6FF00700 		mvn	r0, #7
 1428              	.LVL118:
 1429              		.loc 4 48 14 view .LVU463
 1430 0132 8CE7     		b	.L55
 1431              	.L74:
 1432              		.align	2
 1433              	.L73:
 1434 0134 00B80B00 		.word	768000
 1435 0138 00803B47 		.word	1195081728
 1436 013c 0000E040 		.word	1088421888
 1437 0140 36010000 		.word	_GLOBAL_OFFSET_TABLE_-(.LPIC1+4)
 1438 0144 00000000 		.word	unit_header(GOT)
 1439 0148 00EE0200 		.word	192000
 1440 014c CDCC4C3E 		.word	1045220557
 1441 0150 CDCCCC3E 		.word	1053609165
 1442 0154 9A99993E 		.word	1050253722
 1443              		.cfi_endproc
 1444              	.LFE508:
 1445              		.size	_ZN6Effect4InitEPK17unit_runtime_desc, .-_ZN6Effect4InitEPK17unit_runtime_desc
 1446              		.text
 1447              		.align	1
 1448              		.global	unit_init
 1449              		.syntax unified
 1450              		.thumb
 1451              		.thumb_func
 1452              		.fpu fpv4-sp-d16
 1453              		.type	unit_init, %function
 1454              	unit_init:
 1455              	.LVL119:
 1456              	.LFB521:
 1457              		.loc 4 153 67 is_stmt 1 view -0
 1458              		.cfi_startproc
 1459              		@ args = 0, pretend = 0, frame = 0
 1460              		@ frame_needed = 0, uses_anonymous_args = 0
 1461              		.loc 4 154 3 view .LVU465
 1462              		.loc 4 153 67 is_stmt 0 view .LVU466
 1463 0000 0146     		mov	r1, r0
 1464              		.loc 4 154 32 view .LVU467
 1465 0002 0348     		ldr	r0, .L76
 1466              	.LVL120:
 1467              		.loc 4 153 67 view .LVU468
 1468 0004 08B5     		push	{r3, lr}
 1469              		.cfi_def_cfa_offset 8
 1470              		.cfi_offset 3, -8
 1471              		.cfi_offset 14, -4
 1472              		.loc 4 154 32 view .LVU469
 1473              	.LPIC2:
 1474 0006 7844     		add	r0, pc
 1475 0008 FFF7FEFF 		bl	_ZN6Effect4InitEPK17unit_runtime_desc(PLT)
 1476              	.LVL121:
 1477              		.loc 4 155 1 view .LVU470
 1478 000c 08BD     		pop	{r3, pc}
 1479              	.L77:
 1480 000e 00BF     		.align	2
 1481              	.L76:
 1482 0010 06000000 		.word	.LANCHOR0-(.LPIC2+4)
ARM GAS  /tmp/ccVOBie3.s 			page 27


 1483              		.cfi_endproc
 1484              	.LFE521:
 1485              		.size	unit_init, .-unit_init
 1486              		.align	1
 1487              		.global	unit_teardown
 1488              		.syntax unified
 1489              		.thumb
 1490              		.thumb_func
 1491              		.fpu fpv4-sp-d16
 1492              		.type	unit_teardown, %function
 1493              	unit_teardown:
 1494              	.LFB522:
 1495              		.loc 4 156 39 is_stmt 1 view -0
 1496              		.cfi_startproc
 1497              		@ args = 0, pretend = 0, frame = 0
 1498              		@ frame_needed = 0, uses_anonymous_args = 0
 1499              		@ link register save eliminated.
 1500              		.loc 4 156 41 view .LVU472
 1501              	.LVL122:
 1502              		.loc 4 156 71 is_stmt 0 view .LVU473
 1503 0014 7047     		bx	lr
 1504              		.cfi_endproc
 1505              	.LFE522:
 1506              		.size	unit_teardown, .-unit_teardown
 1507              		.align	1
 1508              		.global	unit_reset
 1509              		.syntax unified
 1510              		.thumb
 1511              		.thumb_func
 1512              		.fpu fpv4-sp-d16
 1513              		.type	unit_reset, %function
 1514              	unit_reset:
 1515              	.LFB548:
 1516              		.cfi_startproc
 1517              		@ args = 0, pretend = 0, frame = 0
 1518              		@ frame_needed = 0, uses_anonymous_args = 0
 1519              		@ link register save eliminated.
 1520 0016 7047     		bx	lr
 1521              		.cfi_endproc
 1522              	.LFE548:
 1523              		.size	unit_reset, .-unit_reset
 1524              		.align	1
 1525              		.global	unit_resume
 1526              		.syntax unified
 1527              		.thumb
 1528              		.thumb_func
 1529              		.fpu fpv4-sp-d16
 1530              		.type	unit_resume, %function
 1531              	unit_resume:
 1532              	.LFB550:
 1533              		.cfi_startproc
 1534              		@ args = 0, pretend = 0, frame = 0
 1535              		@ frame_needed = 0, uses_anonymous_args = 0
 1536              		@ link register save eliminated.
 1537 0018 7047     		bx	lr
 1538              		.cfi_endproc
 1539              	.LFE550:
ARM GAS  /tmp/ccVOBie3.s 			page 28


 1540              		.size	unit_resume, .-unit_resume
 1541              		.align	1
 1542              		.global	unit_suspend
 1543              		.syntax unified
 1544              		.thumb
 1545              		.thumb_func
 1546              		.fpu fpv4-sp-d16
 1547              		.type	unit_suspend, %function
 1548              	unit_suspend:
 1549              	.LFB552:
 1550              		.cfi_startproc
 1551              		@ args = 0, pretend = 0, frame = 0
 1552              		@ frame_needed = 0, uses_anonymous_args = 0
 1553              		@ link register save eliminated.
 1554 001a 7047     		bx	lr
 1555              		.cfi_endproc
 1556              	.LFE552:
 1557              		.size	unit_suspend, .-unit_suspend
 1558              		.align	1
 1559              		.global	unit_render
 1560              		.syntax unified
 1561              		.thumb
 1562              		.thumb_func
 1563              		.fpu fpv4-sp-d16
 1564              		.type	unit_render, %function
 1565              	unit_render:
 1566              	.LVL123:
 1567              	.LFB526:
 1568              		.loc 4 160 80 is_stmt 1 view -0
 1569              		.cfi_startproc
 1570              		@ args = 0, pretend = 0, frame = 0
 1571              		@ frame_needed = 0, uses_anonymous_args = 0
 1572              		.loc 4 161 3 view .LVU475
 1573              	.LBB231:
 1574              	.LBI231:
 1575              		.loc 4 79 15 view .LVU476
 1576              	.LBE231:
 1577              		.loc 4 80 5 view .LVU477
 1578              		.loc 4 160 80 is_stmt 0 view .LVU478
 1579 001c 10B5     		push	{r4, lr}
 1580              		.cfi_def_cfa_offset 8
 1581              		.cfi_offset 4, -8
 1582              		.cfi_offset 14, -4
 1583              	.LBB236:
 1584              	.LBB232:
 1585              		.loc 4 80 9 view .LVU479
 1586 001e 0E4C     		ldr	r4, .L87
 1587              	.LPIC3:
 1588 0020 7C44     		add	r4, pc
 1589              		.loc 4 80 5 view .LVU480
 1590 0022 94F80432 		ldrb	r3, [r4, #516]	@ zero_extendqisi2
 1591 0026 83B1     		cbz	r3, .L83
 1592              	.LBE232:
 1593              	.LBB233:
 1594              	.LBB234:
 1595              		.loc 4 81 21 view .LVU481
 1596 0028 0023     		movs	r3, #0
ARM GAS  /tmp/ccVOBie3.s 			page 29


 1597              	.LVL124:
 1598              	.L85:
 1599              		.loc 4 81 30 is_stmt 1 view .LVU482
 1600 002a 9A42     		cmp	r2, r3
 1601 002c 00F10800 		add	r0, r0, #8
 1602 0030 01F10801 		add	r1, r1, #8
 1603 0034 0FD0     		beq	.L82
 1604              		.loc 4 82 9 view .LVU483
 1605              		.loc 4 82 34 is_stmt 0 view .LVU484
 1606 0036 50F8084C 		ldr	r4, [r0, #-8]	@ float
 1607              		.loc 4 81 7 view .LVU485
 1608 003a 0133     		adds	r3, r3, #1
 1609              	.LVL125:
 1610              		.loc 4 82 24 view .LVU486
 1611 003c 41F8084C 		str	r4, [r1, #-8]	@ float
 1612              		.loc 4 83 9 is_stmt 1 view .LVU487
 1613              		.loc 4 83 38 is_stmt 0 view .LVU488
 1614 0040 50F8044C 		ldr	r4, [r0, #-4]	@ float
 1615              		.loc 4 83 24 view .LVU489
 1616 0044 41F8044C 		str	r4, [r1, #-4]	@ float
 1617              		.loc 4 81 7 is_stmt 1 view .LVU490
 1618              	.LVL126:
 1619              		.loc 4 81 7 is_stmt 0 view .LVU491
 1620 0048 EFE7     		b	.L85
 1621              	.LVL127:
 1622              	.L83:
 1623              		.loc 4 81 7 view .LVU492
 1624              	.LBE234:
 1625              	.LBE233:
 1626              	.LBB235:
 1627              		.loc 4 86 7 is_stmt 1 view .LVU493
 1628              		.loc 4 86 22 is_stmt 0 view .LVU494
 1629 004a 1346     		mov	r3, r2
 1630 004c 0A46     		mov	r2, r1
 1631              	.LVL128:
 1632              		.loc 4 86 22 view .LVU495
 1633 004e 0146     		mov	r1, r0
 1634              	.LVL129:
 1635              		.loc 4 86 22 view .LVU496
 1636 0050 2046     		mov	r0, r4
 1637              	.LVL130:
 1638              		.loc 4 86 22 view .LVU497
 1639 0052 FFF7FEFF 		bl	_ZN11GrainEngine7processEPKfPfm(PLT)
 1640              	.LVL131:
 1641              	.L82:
 1642              		.loc 4 86 22 view .LVU498
 1643              	.LBE235:
 1644              	.LBE236:
 1645              		.loc 4 162 1 view .LVU499
 1646 0056 10BD     		pop	{r4, pc}
 1647              	.L88:
 1648              		.align	2
 1649              	.L87:
 1650 0058 34000000 		.word	.LANCHOR0-(.LPIC3+4)
 1651              		.cfi_endproc
 1652              	.LFE526:
 1653              		.size	unit_render, .-unit_render
ARM GAS  /tmp/ccVOBie3.s 			page 30


 1654              		.align	1
 1655              		.global	unit_set_param_value
 1656              		.syntax unified
 1657              		.thumb
 1658              		.thumb_func
 1659              		.fpu fpv4-sp-d16
 1660              		.type	unit_set_param_value, %function
 1661              	unit_set_param_value:
 1662              	.LVL132:
 1663              	.LFB527:
 1664              		.loc 4 163 70 is_stmt 1 view -0
 1665              		.cfi_startproc
 1666              		@ args = 0, pretend = 0, frame = 0
 1667              		@ frame_needed = 0, uses_anonymous_args = 0
 1668              		.loc 4 164 3 view .LVU501
 1669              	.LBB251:
 1670              	.LBI251:
 1671              		.loc 4 90 15 view .LVU502
 1672              	.LBB252:
 1673              		.loc 4 91 5 view .LVU503
 1674              	.LBE252:
 1675              	.LBE251:
 1676              		.loc 4 163 70 is_stmt 0 view .LVU504
 1677 005c 08B5     		push	{r3, lr}
 1678              		.cfi_def_cfa_offset 8
 1679              		.cfi_offset 3, -8
 1680              		.cfi_offset 14, -4
 1681              	.LBB276:
 1682              	.LBB271:
 1683              		.loc 4 91 5 view .LVU505
 1684 005e 10B1     		cbz	r0, .L90
 1685 0060 0128     		cmp	r0, #1
 1686 0062 54D0     		beq	.L91
 1687              	.LVL133:
 1688              	.L89:
 1689              		.loc 4 91 5 view .LVU506
 1690              	.LBE271:
 1691              	.LBE276:
 1692              		.loc 4 165 1 view .LVU507
 1693 0064 08BD     		pop	{r3, pc}
 1694              	.LVL134:
 1695              	.L90:
 1696              	.LBB277:
 1697              	.LBB272:
 1698              	.LBB253:
 1699              	.LBI253:
 1700              		.loc 4 90 15 is_stmt 1 view .LVU508
 1701              	.LBB254:
 1702              		.loc 4 92 7 view .LVU509
 1703              		.loc 4 92 15 view .LVU510
 1704              		.loc 4 94 9 view .LVU511
 1705              		.loc 4 94 9 is_stmt 0 view .LVU512
 1706              	.LBE254:
 1707              	.LBE253:
 1708              	.LBE272:
 1709              	.LBE277:
 1710              		.file 5 "/workspace/nts-3_kaoss/common/utils/int_math.h"
ARM GAS  /tmp/ccVOBie3.s 			page 31


 1711              		.loc 5 78 3 is_stmt 1 view .LVU513
 1712 0066 21EAE173 		bic	r3, r1, r1, asr #31
 1713              	.LBB278:
 1714              	.LBB273:
 1715              	.LBB258:
 1716              	.LBB257:
 1717              		.loc 4 94 19 is_stmt 0 view .LVU514
 1718 006a 4B4A     		ldr	r2, .L102+28
 1719 006c 042B     		cmp	r3, #4
 1720              	.LPIC5:
 1721 006e 7A44     		add	r2, pc
 1722 0070 A8BF     		it	ge
 1723 0072 0423     		movge	r3, #4
 1724              	.LVL135:
 1725              		.loc 4 95 30 view .LVU515
 1726 0074 0029     		cmp	r1, #0
 1727 0076 D4BF     		ite	le
 1728 0078 0121     		movle	r1, #1
 1729              	.LVL136:
 1730              		.loc 4 95 30 view .LVU516
 1731 007a 0021     		movgt	r1, #0
 1732              		.loc 4 94 19 view .LVU517
 1733 007c C2F80032 		str	r3, [r2, #512]
 1734              		.loc 4 95 9 is_stmt 1 view .LVU518
 1735              		.loc 4 95 30 is_stmt 0 view .LVU519
 1736 0080 82F80412 		strb	r1, [r2, #516]
 1737              		.loc 4 96 9 is_stmt 1 view .LVU520
 1738 0084 EEDD     		ble	.L89
 1739              		.loc 4 97 11 view .LVU521
 1740              		.loc 4 97 28 is_stmt 0 view .LVU522
 1741 0086 013B     		subs	r3, r3, #1
 1742              	.LVL137:
 1743              	.LBB255:
 1744              	.LBI255:
 1745              		.loc 2 51 8 is_stmt 1 view .LVU523
 1746              	.LBB256:
 1747              		.loc 2 52 5 view .LVU524
 1748              		.loc 2 52 13 is_stmt 0 view .LVU525
 1749 0088 5360     		str	r3, [r2, #4]
 1750              		.loc 2 53 5 is_stmt 1 view .LVU526
 1751 008a 032B     		cmp	r3, #3
 1752 008c 0FD8     		bhi	.L93
 1753 008e DFE803F0 		tbb	[pc, r3]
 1754              	.LVL138:
 1755              	.L95:
 1756 0092 02       		.byte	(.L98-.L95)/2
 1757 0093 13       		.byte	(.L97-.L95)/2
 1758 0094 20       		.byte	(.L96-.L95)/2
 1759 0095 30       		.byte	(.L94-.L95)/2
 1760              		.p2align 1
 1761              	.L98:
 1762              		.loc 2 54 7 view .LVU527
 1763              		.loc 2 56 9 view .LVU528
 1764              		.loc 2 56 22 is_stmt 0 view .LVU529
 1765 0096 414B     		ldr	r3, .L102+32
 1766 0098 384A     		ldr	r2, .L102
 1767              	.LPIC8:
ARM GAS  /tmp/ccVOBie3.s 			page 32


 1768 009a 7B44     		add	r3, pc
 1769 009c 5A61     		str	r2, [r3, #20]	@ float
 1770              		.loc 2 56 31 is_stmt 1 view .LVU530
 1771              		.loc 2 56 44 is_stmt 0 view .LVU531
 1772 009e 384A     		ldr	r2, .L102+4
 1773 00a0 9A61     		str	r2, [r3, #24]	@ float
 1774              		.loc 2 57 9 is_stmt 1 view .LVU532
 1775              		.loc 2 57 17 is_stmt 0 view .LVU533
 1776 00a2 4FF07E52 		mov	r2, #1065353216
 1777 00a6 DA61     		str	r2, [r3, #28]	@ float
 1778              		.loc 2 57 24 is_stmt 1 view .LVU534
 1779              		.loc 2 57 32 is_stmt 0 view .LVU535
 1780 00a8 1A62     		str	r2, [r3, #32]	@ float
 1781              		.loc 2 58 9 is_stmt 1 view .LVU536
 1782              		.loc 2 58 24 is_stmt 0 view .LVU537
 1783 00aa 364A     		ldr	r2, .L102+8
 1784 00ac 5A62     		str	r2, [r3, #36]	@ float
 1785              		.loc 2 59 9 is_stmt 1 view .LVU538
 1786              	.L93:
 1787              		.loc 2 80 5 view .LVU539
 1788              		.loc 2 80 20 is_stmt 0 view .LVU540
 1789 00ae 3C48     		ldr	r0, .L102+36
 1790              	.LVL139:
 1791              		.loc 2 80 20 view .LVU541
 1792              	.LPIC28:
 1793 00b0 7844     		add	r0, pc
 1794 00b2 FFF7FEFF 		bl	_ZN11GrainEngine15updateSpawnRateEv(PLT)
 1795              	.LVL140:
 1796              		.loc 2 81 3 view .LVU542
 1797 00b6 D5E7     		b	.L89
 1798              	.LVL141:
 1799              	.L97:
 1800              		.loc 2 60 7 is_stmt 1 view .LVU543
 1801              		.loc 2 62 9 view .LVU544
 1802              		.loc 2 62 22 is_stmt 0 view .LVU545
 1803 00b8 3A4B     		ldr	r3, .L102+40
 1804 00ba 334A     		ldr	r2, .L102+12
 1805              	.LPIC13:
 1806 00bc 7B44     		add	r3, pc
 1807 00be 5A61     		str	r2, [r3, #20]	@ float
 1808              		.loc 2 62 31 is_stmt 1 view .LVU546
 1809              		.loc 2 62 44 is_stmt 0 view .LVU547
 1810 00c0 4FF07C52 		mov	r2, #1056964608
 1811 00c4 9A61     		str	r2, [r3, #24]	@ float
 1812              		.loc 2 63 9 is_stmt 1 view .LVU548
 1813              		.loc 2 63 17 is_stmt 0 view .LVU549
 1814 00c6 4FF07E52 		mov	r2, #1065353216
 1815 00ca DA61     		str	r2, [r3, #28]	@ float
 1816              		.loc 2 63 24 is_stmt 1 view .LVU550
 1817              		.loc 2 63 32 is_stmt 0 view .LVU551
 1818 00cc 1A62     		str	r2, [r3, #32]	@ float
 1819              		.loc 2 64 9 is_stmt 1 view .LVU552
 1820              		.loc 2 64 24 is_stmt 0 view .LVU553
 1821 00ce 5A62     		str	r2, [r3, #36]	@ float
 1822              		.loc 2 65 9 is_stmt 1 view .LVU554
 1823 00d0 EDE7     		b	.L93
 1824              	.L96:
ARM GAS  /tmp/ccVOBie3.s 			page 33


 1825              		.loc 2 66 7 view .LVU555
 1826              		.loc 2 68 9 view .LVU556
 1827              		.loc 2 68 22 is_stmt 0 view .LVU557
 1828 00d2 354B     		ldr	r3, .L102+44
 1829 00d4 2C4A     		ldr	r2, .L102+12
 1830              	.LPIC18:
 1831 00d6 7B44     		add	r3, pc
 1832 00d8 5A61     		str	r2, [r3, #20]	@ float
 1833              		.loc 2 68 31 is_stmt 1 view .LVU558
 1834              		.loc 2 68 44 is_stmt 0 view .LVU559
 1835 00da 2C4A     		ldr	r2, .L102+16
 1836 00dc 9A61     		str	r2, [r3, #24]	@ float
 1837              		.loc 2 69 9 is_stmt 1 view .LVU560
 1838              		.loc 2 69 17 is_stmt 0 view .LVU561
 1839 00de 4FF07E52 		mov	r2, #1065353216
 1840 00e2 DA61     		str	r2, [r3, #28]	@ float
 1841              		.loc 2 69 24 is_stmt 1 view .LVU562
 1842              		.loc 2 69 32 is_stmt 0 view .LVU563
 1843 00e4 4FF08042 		mov	r2, #1073741824
 1844 00e8 1A62     		str	r2, [r3, #32]	@ float
 1845              		.loc 2 70 9 is_stmt 1 view .LVU564
 1846              		.loc 2 70 24 is_stmt 0 view .LVU565
 1847 00ea 4FF07C52 		mov	r2, #1056964608
 1848 00ee 5A62     		str	r2, [r3, #36]	@ float
 1849              		.loc 2 71 9 is_stmt 1 view .LVU566
 1850 00f0 DDE7     		b	.L93
 1851              	.L94:
 1852              		.loc 2 72 7 view .LVU567
 1853              		.loc 2 74 9 view .LVU568
 1854              		.loc 2 74 22 is_stmt 0 view .LVU569
 1855 00f2 2E4B     		ldr	r3, .L102+48
 1856 00f4 214A     		ldr	r2, .L102
 1857              	.LPIC23:
 1858 00f6 7B44     		add	r3, pc
 1859 00f8 5A61     		str	r2, [r3, #20]	@ float
 1860              		.loc 2 74 31 is_stmt 1 view .LVU570
 1861              		.loc 2 74 44 is_stmt 0 view .LVU571
 1862 00fa 214A     		ldr	r2, .L102+4
 1863 00fc 9A61     		str	r2, [r3, #24]	@ float
 1864              		.loc 2 75 9 is_stmt 1 view .LVU572
 1865              		.loc 2 75 17 is_stmt 0 view .LVU573
 1866 00fe 4FF07E52 		mov	r2, #1065353216
 1867 0102 DA61     		str	r2, [r3, #28]	@ float
 1868              		.loc 2 75 24 is_stmt 1 view .LVU574
 1869              		.loc 2 75 32 is_stmt 0 view .LVU575
 1870 0104 4FF07C52 		mov	r2, #1056964608
 1871 0108 1A62     		str	r2, [r3, #32]	@ float
 1872              		.loc 2 76 9 is_stmt 1 view .LVU576
 1873              		.loc 2 76 24 is_stmt 0 view .LVU577
 1874 010a 5A62     		str	r2, [r3, #36]	@ float
 1875              		.loc 2 77 9 is_stmt 1 view .LVU578
 1876 010c CFE7     		b	.L93
 1877              	.LVL142:
 1878              	.L91:
 1879              		.loc 2 77 9 is_stmt 0 view .LVU579
 1880              	.LBE256:
 1881              	.LBE255:
ARM GAS  /tmp/ccVOBie3.s 			page 34


 1882              	.LBE257:
 1883              	.LBE258:
 1884              		.loc 4 100 7 is_stmt 1 view .LVU580
 1885              		.loc 4 100 15 view .LVU581
 1886              		.loc 4 102 9 view .LVU582
 1887              		.loc 4 102 9 is_stmt 0 view .LVU583
 1888              	.LBE273:
 1889              	.LBE278:
 1890              		.loc 5 78 3 is_stmt 1 view .LVU584
 1891 010e 81F30A01 		usat	r1, #10, r1
 1892              	.LVL143:
 1893              	.LBB279:
 1894              	.LBB274:
 1895              	.LBB259:
 1896              	.LBB260:
 1897              		.loc 4 136 17 is_stmt 0 view .LVU585
 1898 0112 DFED1F6A 		vldr.32	s13, .L102+20
 1899              	.LBE260:
 1900              	.LBE259:
 1901              		.loc 4 102 24 view .LVU586
 1902 0116 264B     		ldr	r3, .L102+52
 1903              	.LBB265:
 1904              	.LBB261:
 1905              		.loc 4 136 29 view .LVU587
 1906 0118 07EE901A 		vmov	s15, r1	@ int
 1907              	.LBE261:
 1908              	.LBE265:
 1909              		.loc 4 102 24 view .LVU588
 1910              	.LPIC29:
 1911 011c 7B44     		add	r3, pc
 1912              	.LBB266:
 1913              	.LBB262:
 1914              		.loc 4 136 29 view .LVU589
 1915 011e F8EEE77A 		vcvt.f32.s32	s15, s15
 1916              	.LBE262:
 1917              	.LBE266:
 1918              		.loc 4 102 24 view .LVU590
 1919 0122 C3F80812 		str	r1, [r3, #520]
 1920              		.loc 4 103 9 is_stmt 1 view .LVU591
 1921              	.LVL144:
 1922              	.LBB267:
 1923              	.LBI259:
 1924              		.loc 4 135 23 view .LVU592
 1925              	.LBB263:
 1926              		.loc 4 136 5 view .LVU593
 1927              		.loc 4 137 5 view .LVU594
 1928              		.loc 4 136 17 is_stmt 0 view .LVU595
 1929 0126 87EEA67A 		vdiv.f32	s14, s15, s13
 1930              	.LVL145:
 1931              		.loc 4 137 54 view .LVU596
 1932 012a F2EE046A 		vmov.f32	s13, #1.0e+1
 1933 012e F6EE007A 		vmov.f32	s15, #5.0e-1
 1934 0132 E7EE267A 		vfma.f32	s15, s14, s13
 1935              		.loc 4 137 36 view .LVU597
 1936 0136 FDEEE77A 		vcvt.s32.f32	s15, s15
 1937              		.loc 4 137 29 view .LVU598
 1938 013a F8EEE77A 		vcvt.f32.s32	s15, s15
ARM GAS  /tmp/ccVOBie3.s 			page 35


 1939              		.loc 4 137 17 view .LVU599
 1940 013e 87EEA67A 		vdiv.f32	s14, s15, s13
 1941              	.LVL146:
 1942              		.loc 4 138 5 is_stmt 1 view .LVU600
 1943              		.loc 4 138 30 is_stmt 0 view .LVU601
 1944 0142 B5EEC07A 		vcmpe.f32	s14, #0
 1945 0146 F1EE10FA 		vmrs	APSR_nzcv, FPSCR
 1946 014a 13D4     		bmi	.L100
 1947              		.loc 4 138 56 view .LVU602
 1948 014c F7EE007A 		vmov.f32	s15, #1.0e+0
 1949 0150 B4EE677A 		vcmp.f32	s14, s15
 1950 0154 F1EE10FA 		vmrs	APSR_nzcv, FPSCR
 1951 0158 C8BF     		it	gt
 1952 015a B0EE677A 		vmovgt.f32	s14, s15
 1953              	.LVL147:
 1954              	.L99:
 1955              		.loc 4 138 56 view .LVU603
 1956              	.LBE263:
 1957              	.LBE267:
 1958              	.LBB268:
 1959              	.LBI268:
 1960              		.loc 2 83 8 is_stmt 1 view .LVU604
 1961              	.LBB269:
 1962              		.loc 2 86 5 view .LVU605
 1963              		.loc 2 86 26 is_stmt 0 view .LVU606
 1964 015e F0EE007A 		vmov.f32	s15, #2.0e+0
 1965              		.loc 2 86 20 view .LVU607
 1966 0162 1448     		ldr	r0, .L102+56
 1967              	.LVL148:
 1968              		.loc 2 86 20 view .LVU608
 1969              	.LPIC30:
 1970 0164 7844     		add	r0, pc
 1971              		.loc 2 86 26 view .LVU609
 1972 0166 E7EE267A 		vfma.f32	s15, s14, s13
 1973              		.loc 2 86 20 view .LVU610
 1974 016a C0ED047A 		vstr.32	s15, [r0, #16]
 1975              		.loc 2 87 5 is_stmt 1 view .LVU611
 1976              		.loc 2 87 20 is_stmt 0 view .LVU612
 1977 016e FFF7FEFF 		bl	_ZN11GrainEngine15updateSpawnRateEv(PLT)
 1978              	.LVL149:
 1979              		.loc 2 87 20 view .LVU613
 1980              	.LBE269:
 1981              	.LBE268:
 1982              	.LBE274:
 1983              	.LBE279:
 1984              		.loc 4 165 1 view .LVU614
 1985 0172 77E7     		b	.L89
 1986              	.LVL150:
 1987              	.L100:
 1988              	.LBB280:
 1989              	.LBB275:
 1990              	.LBB270:
 1991              	.LBB264:
 1992              		.loc 4 138 30 view .LVU615
 1993 0174 9FED077A 		vldr.32	s14, .L102+24
 1994              	.LVL151:
 1995              		.loc 4 138 30 view .LVU616
ARM GAS  /tmp/ccVOBie3.s 			page 36


 1996 0178 F1E7     		b	.L99
 1997              	.L103:
 1998 017a 00BF     		.align	2
 1999              	.L102:
 2000 017c CDCC4C3E 		.word	1045220557
 2001 0180 CDCCCC3E 		.word	1053609165
 2002 0184 9A99993E 		.word	1050253722
 2003 0188 9A99193E 		.word	1041865114
 2004 018c 3333B33E 		.word	1051931443
 2005 0190 00C07F44 		.word	1149222912
 2006 0194 00000000 		.word	0
 2007 0198 26010000 		.word	.LANCHOR0-(.LPIC5+4)
 2008 019c FE000000 		.word	.LANCHOR0-(.LPIC8+4)
 2009 01a0 EC000000 		.word	.LANCHOR0-(.LPIC28+4)
 2010 01a4 E4000000 		.word	.LANCHOR0-(.LPIC13+4)
 2011 01a8 CE000000 		.word	.LANCHOR0-(.LPIC18+4)
 2012 01ac B2000000 		.word	.LANCHOR0-(.LPIC23+4)
 2013 01b0 90000000 		.word	.LANCHOR0-(.LPIC29+4)
 2014 01b4 4C000000 		.word	.LANCHOR0-(.LPIC30+4)
 2015              	.LBE264:
 2016              	.LBE270:
 2017              	.LBE275:
 2018              	.LBE280:
 2019              		.cfi_endproc
 2020              	.LFE527:
 2021              		.size	unit_set_param_value, .-unit_set_param_value
 2022              		.align	1
 2023              		.global	unit_get_param_value
 2024              		.syntax unified
 2025              		.thumb
 2026              		.thumb_func
 2027              		.fpu fpv4-sp-d16
 2028              		.type	unit_get_param_value, %function
 2029              	unit_get_param_value:
 2030              	.LVL152:
 2031              	.LFB528:
 2032              		.loc 4 166 58 is_stmt 1 view -0
 2033              		.cfi_startproc
 2034              		@ args = 0, pretend = 0, frame = 0
 2035              		@ frame_needed = 0, uses_anonymous_args = 0
 2036              		@ link register save eliminated.
 2037              		.loc 4 167 3 view .LVU618
 2038              	.LBB283:
 2039              	.LBI283:
 2040              		.loc 4 111 18 view .LVU619
 2041              	.LBB284:
 2042              		.loc 4 112 5 view .LVU620
 2043 01b8 20B1     		cbz	r0, .L105
 2044 01ba 0128     		cmp	r0, #1
 2045 01bc 07D0     		beq	.L106
 2046 01be 4FF00040 		mov	r0, #-2147483648
 2047              	.LVL153:
 2048              		.loc 4 112 5 is_stmt 0 view .LVU621
 2049 01c2 7047     		bx	lr
 2050              	.LVL154:
 2051              	.L105:
 2052              		.loc 4 113 7 is_stmt 1 view .LVU622
ARM GAS  /tmp/ccVOBie3.s 			page 37


 2053              		.loc 4 113 15 view .LVU623
 2054              		.loc 4 113 22 is_stmt 0 view .LVU624
 2055 01c4 044B     		ldr	r3, .L108
 2056              	.LPIC32:
 2057 01c6 7B44     		add	r3, pc
 2058 01c8 D3F80002 		ldr	r0, [r3, #512]
 2059              	.LVL155:
 2060              		.loc 4 113 22 view .LVU625
 2061 01cc 7047     		bx	lr
 2062              	.LVL156:
 2063              	.L106:
 2064              		.loc 4 114 7 is_stmt 1 view .LVU626
 2065              		.loc 4 114 15 view .LVU627
 2066              		.loc 4 114 22 is_stmt 0 view .LVU628
 2067 01ce 034B     		ldr	r3, .L108+4
 2068              	.LPIC33:
 2069 01d0 7B44     		add	r3, pc
 2070 01d2 D3F80802 		ldr	r0, [r3, #520]
 2071              	.LVL157:
 2072              		.loc 4 114 22 view .LVU629
 2073              	.LBE284:
 2074              	.LBE283:
 2075              		.loc 4 168 1 view .LVU630
 2076 01d6 7047     		bx	lr
 2077              	.L109:
 2078              		.align	2
 2079              	.L108:
 2080 01d8 0E000000 		.word	.LANCHOR0-(.LPIC32+4)
 2081 01dc 08000000 		.word	.LANCHOR0-(.LPIC33+4)
 2082              		.cfi_endproc
 2083              	.LFE528:
 2084              		.size	unit_get_param_value, .-unit_get_param_value
 2085              		.align	1
 2086              		.global	unit_get_param_str_value
 2087              		.syntax unified
 2088              		.thumb
 2089              		.thumb_func
 2090              		.fpu fpv4-sp-d16
 2091              		.type	unit_get_param_str_value, %function
 2092              	unit_get_param_str_value:
 2093              	.LVL158:
 2094              	.LFB529:
 2095              		.loc 4 169 81 is_stmt 1 view -0
 2096              		.cfi_startproc
 2097              		@ args = 0, pretend = 0, frame = 0
 2098              		@ frame_needed = 0, uses_anonymous_args = 0
 2099              		@ link register save eliminated.
 2100              		.loc 4 170 3 view .LVU632
 2101              	.LBB289:
 2102              	.LBI289:
 2103              		.loc 4 119 22 view .LVU633
 2104              	.LBB290:
 2105              		.loc 4 120 5 view .LVU634
 2106              	.LBE290:
 2107              	.LBE289:
 2108              		.loc 4 169 81 is_stmt 0 view .LVU635
 2109 01e0 054B     		ldr	r3, .L114
ARM GAS  /tmp/ccVOBie3.s 			page 38


 2110              	.LPIC34:
 2111 01e2 7B44     		add	r3, pc
 2112              	.LBB294:
 2113              	.LBB293:
 2114              	.LBB291:
 2115              		.loc 4 120 5 view .LVU636
 2116 01e4 30B9     		cbnz	r0, .L112
 2117              	.LBB292:
 2118              		.loc 4 121 7 is_stmt 1 view .LVU637
 2119              		.loc 4 122 7 view .LVU638
 2120 01e6 0429     		cmp	r1, #4
 2121 01e8 05D8     		bhi	.L110
 2122              		.loc 4 122 37 view .LVU639
 2123              		.loc 4 122 55 is_stmt 0 view .LVU640
 2124 01ea 044A     		ldr	r2, .L114+4
 2125 01ec 9B58     		ldr	r3, [r3, r2]
 2126 01ee 53F82100 		ldr	r0, [r3, r1, lsl #2]
 2127              	.LVL159:
 2128              		.loc 4 122 55 view .LVU641
 2129 01f2 7047     		bx	lr
 2130              	.LVL160:
 2131              	.L112:
 2132              		.loc 4 122 55 view .LVU642
 2133              	.LBE292:
 2134              	.LBE291:
 2135              		.loc 4 124 12 view .LVU643
 2136 01f4 0020     		movs	r0, #0
 2137              	.LVL161:
 2138              	.L110:
 2139              		.loc 4 124 12 view .LVU644
 2140              	.LBE293:
 2141              	.LBE294:
 2142              		.loc 4 171 1 view .LVU645
 2143 01f6 7047     		bx	lr
 2144              	.L115:
 2145              		.align	2
 2146              	.L114:
 2147 01f8 12000000 		.word	_GLOBAL_OFFSET_TABLE_-(.LPIC34+4)
 2148 01fc 00000000 		.word	_ZZNK6Effect20getParameterStrValueEhlE5names(GOT)
 2149              		.cfi_endproc
 2150              	.LFE529:
 2151              		.size	unit_get_param_str_value, .-unit_get_param_str_value
 2152              		.align	1
 2153              		.global	unit_set_tempo
 2154              		.syntax unified
 2155              		.thumb
 2156              		.thumb_func
 2157              		.fpu fpv4-sp-d16
 2158              		.type	unit_set_tempo, %function
 2159              	unit_set_tempo:
 2160              	.LVL162:
 2161              	.LFB530:
 2162              		.loc 4 172 53 is_stmt 1 view -0
 2163              		.cfi_startproc
 2164              		@ args = 0, pretend = 0, frame = 0
 2165              		@ frame_needed = 0, uses_anonymous_args = 0
 2166              		@ link register save eliminated.
ARM GAS  /tmp/ccVOBie3.s 			page 39


 2167              		.loc 4 173 3 view .LVU647
 2168              		.loc 4 127 50 view .LVU648
 2169              		.loc 4 174 1 is_stmt 0 view .LVU649
 2170 0200 7047     		bx	lr
 2171              		.cfi_endproc
 2172              	.LFE530:
 2173              		.size	unit_set_tempo, .-unit_set_tempo
 2174              		.align	1
 2175              		.global	unit_tempo_4ppqn_tick
 2176              		.syntax unified
 2177              		.thumb
 2178              		.thumb_func
 2179              		.fpu fpv4-sp-d16
 2180              		.type	unit_tempo_4ppqn_tick, %function
 2181              	unit_tempo_4ppqn_tick:
 2182              	.LFB554:
 2183              		.cfi_startproc
 2184              		@ args = 0, pretend = 0, frame = 0
 2185              		@ frame_needed = 0, uses_anonymous_args = 0
 2186              		@ link register save eliminated.
 2187 0202 7047     		bx	lr
 2188              		.cfi_endproc
 2189              	.LFE554:
 2190              		.size	unit_tempo_4ppqn_tick, .-unit_tempo_4ppqn_tick
 2191              		.align	1
 2192              		.global	unit_touch_event
 2193              		.syntax unified
 2194              		.thumb
 2195              		.thumb_func
 2196              		.fpu fpv4-sp-d16
 2197              		.type	unit_touch_event, %function
 2198              	unit_touch_event:
 2199              	.LVL163:
 2200              	.LFB532:
 2201              		.loc 4 178 90 is_stmt 1 view -0
 2202              		.cfi_startproc
 2203              		@ args = 0, pretend = 0, frame = 0
 2204              		@ frame_needed = 0, uses_anonymous_args = 0
 2205              		@ link register save eliminated.
 2206              		.loc 4 179 3 view .LVU651
 2207              		.loc 4 130 5 view .LVU652
 2208              		.loc 4 130 15 view .LVU653
 2209              		.loc 4 130 28 view .LVU654
 2210              		.loc 4 130 37 view .LVU655
 2211              		.loc 4 180 1 is_stmt 0 view .LVU656
 2212 0204 7047     		bx	lr
 2213              		.cfi_endproc
 2214              	.LFE532:
 2215              		.size	unit_touch_event, .-unit_touch_event
 2216              		.section	.text.startup,"ax",%progbits
 2217              		.align	1
 2218              		.syntax unified
 2219              		.thumb
 2220              		.thumb_func
 2221              		.fpu fpv4-sp-d16
 2222              		.type	_GLOBAL__sub_I_unit.cc, %function
 2223              	_GLOBAL__sub_I_unit.cc:
ARM GAS  /tmp/ccVOBie3.s 			page 40


 2224              	.LFB534:
 2225              		.loc 4 180 1 is_stmt 1 view -0
 2226              		.cfi_startproc
 2227              		@ args = 0, pretend = 0, frame = 0
 2228              		@ frame_needed = 0, uses_anonymous_args = 0
 2229              		@ link register save eliminated.
 2230              	.LVL164:
 2231              	.LBB315:
 2232              	.LBI315:
 2233              		.loc 4 180 1 view .LVU658
 2234              	.LBB316:
 2235              	.LBI316:
 2236              		.loc 4 180 1 view .LVU659
 2237              	.LBB317:
 2238              	.LBB318:
 2239              	.LBI318:
 2240              		.loc 4 31 3 view .LVU660
 2241              	.LBB319:
 2242              	.LBB320:
 2243              	.LBB321:
 2244              	.LBI321:
 2245              		.loc 2 40 3 view .LVU661
 2246              	.LBB322:
 2247              	.LBB323:
 2248              		.loc 2 40 60 is_stmt 0 view .LVU662
 2249 0000 0C4B     		ldr	r3, .L120+4
 2250 0002 0021     		movs	r1, #0
 2251 0004 0A4A     		ldr	r2, .L120
 2252              	.LPIC35:
 2253 0006 7B44     		add	r3, pc
 2254 0008 1A60     		str	r2, [r3]	@ float
 2255 000a 0022     		movs	r2, #0
 2256 000c D960     		str	r1, [r3, #12]	@ float
 2257              	.LVL165:
 2258              	.LBB324:
 2259              	.LBI324:
 2260              		.loc 1 12 3 is_stmt 1 view .LVU663
 2261              	.LBE324:
 2262              	.LBE323:
 2263              	.LBE322:
 2264              	.LBE321:
 2265              		.loc 4 31 62 is_stmt 0 view .LVU664
 2266 000e 0121     		movs	r1, #1
 2267              	.LBB335:
 2268              	.LBB333:
 2269              	.LBB331:
 2270              		.loc 2 40 60 view .LVU665
 2271 0010 5A60     		str	r2, [r3, #4]
 2272              	.LBE331:
 2273              	.LBE333:
 2274              	.LBE335:
 2275              		.loc 4 31 62 view .LVU666
 2276 0012 83F80422 		strb	r2, [r3, #516]
 2277 0016 C3F80012 		str	r1, [r3, #512]
 2278              	.LBB336:
 2279              	.LBB334:
 2280              	.LBB332:
ARM GAS  /tmp/ccVOBie3.s 			page 41


 2281              	.LBB327:
 2282              	.LBB325:
 2283              	.LBB326:
 2284              		.loc 1 12 49 view .LVU667
 2285 001a C3E97A22 		strd	r2, r2, [r3, #488]
 2286              	.LBE326:
 2287              	.LBE325:
 2288              	.LBE327:
 2289              	.LBB328:
 2290              	.LBB329:
 2291              	.LBB330:
 2292 001e C3E97C22 		strd	r2, r2, [r3, #496]
 2293 0022 C3E97E22 		strd	r2, r2, [r3, #504]
 2294              	.LVL166:
 2295              		.loc 1 12 49 view .LVU668
 2296              	.LBE330:
 2297              	.LBE329:
 2298              	.LBE328:
 2299              	.LBE332:
 2300              	.LBE334:
 2301              	.LBE336:
 2302              		.loc 4 31 62 view .LVU669
 2303 0026 40F2FF12 		movw	r2, #511
 2304 002a C3F80822 		str	r2, [r3, #520]
 2305              	.LVL167:
 2306              		.loc 4 31 62 view .LVU670
 2307              	.LBE320:
 2308              	.LBE319:
 2309              	.LBE318:
 2310              	.LBE317:
 2311              	.LBE316:
 2312              	.LBE315:
 2313              		.loc 4 180 1 view .LVU671
 2314 002e 7047     		bx	lr
 2315              	.L121:
 2316              		.align	2
 2317              	.L120:
 2318 0030 00803B47 		.word	1195081728
 2319 0034 2A000000 		.word	.LANCHOR0-(.LPIC35+4)
 2320              		.cfi_endproc
 2321              	.LFE534:
 2322              		.size	_GLOBAL__sub_I_unit.cc, .-_GLOBAL__sub_I_unit.cc
 2323              		.section	.init_array,"aw",%init_array
 2324              		.align	2
 2325 0000 00000000 		.word	_GLOBAL__sub_I_unit.cc(target1)
 2326              		.weak	_ZZNK6Effect20getParameterStrValueEhlE5names
 2327              		.section	.rodata.str1.1,"aMS",%progbits,1
 2328              	.LC0:
 2329 0000 4F464600 		.ascii	"OFF\000"
 2330              	.LC1:
 2331 0004 4100     		.ascii	"A\000"
 2332              	.LC2:
 2333 0006 4200     		.ascii	"B\000"
 2334              	.LC3:
 2335 0008 4300     		.ascii	"C\000"
 2336              	.LC4:
 2337 000a 4400     		.ascii	"D\000"
ARM GAS  /tmp/ccVOBie3.s 			page 42


 2338              		.section	.data.rel.local._ZZNK6Effect20getParameterStrValueEhlE5names,"awG",%progbits,_ZZNK6Effect
 2339              		.align	2
 2340              		.type	_ZZNK6Effect20getParameterStrValueEhlE5names, %object
 2341              		.size	_ZZNK6Effect20getParameterStrValueEhlE5names, 20
 2342              	_ZZNK6Effect20getParameterStrValueEhlE5names:
 2343 0000 00000000 		.word	.LC0
 2344 0004 04000000 		.word	.LC1
 2345 0008 06000000 		.word	.LC2
 2346 000c 08000000 		.word	.LC3
 2347 0010 0A000000 		.word	.LC4
 2348              		.bss
 2349              		.align	2
 2350              		.set	.LANCHOR0,. + 0
 2351              		.type	_ZL17s_effect_instance, %object
 2352              		.size	_ZL17s_effect_instance, 524
 2353              	_ZL17s_effect_instance:
 2354 0000 00000000 		.space	524
 2354      00000000 
 2354      00000000 
 2354      00000000 
 2354      00000000 
 2355              		.text
 2356              	.Letext0:
 2357              		.file 6 "/usr/lib/gcc/arm-none-eabi/9.2.1/include/stdint.h"
 2358              		.file 7 "/usr/include/newlib/c++/9.2.1/cmath"
 2359              		.file 8 "/usr/include/newlib/c++/9.2.1/bits/std_abs.h"
 2360              		.file 9 "/usr/include/newlib/c++/9.2.1/cstdint"
 2361              		.file 10 "/usr/include/newlib/c++/9.2.1/cstddef"
 2362              		.file 11 "/usr/include/newlib/c++/9.2.1/cstdlib"
 2363              		.file 12 "/usr/include/newlib/c++/9.2.1/cstring"
 2364              		.file 13 "/usr/include/newlib/c++/9.2.1/arm-none-eabi/thumb/v7e-m+fp/hard/bits/c++config.h"
 2365              		.file 14 "/usr/lib/gcc/arm-none-eabi/9.2.1/include/stddef.h"
 2366              		.file 15 "/usr/include/newlib/sys/_types.h"
 2367              		.file 16 "/usr/include/newlib/sys/reent.h"
 2368              		.file 17 "/usr/include/newlib/sys/lock.h"
 2369              		.file 18 "/usr/include/newlib/math.h"
 2370              		.file 19 "/usr/include/newlib/stdlib.h"
 2371              		.file 20 "/usr/include/newlib/c++/9.2.1/math.h"
 2372              		.file 21 "/workspace/nts-3_kaoss/common/runtime.h"
 2373              		.file 22 "/workspace/nts-3_kaoss/common/osc_api.h"
 2374              		.file 23 "/workspace/nts-3_kaoss/common/fx_api.h"
 2375              		.file 24 "/workspace/nts-3_kaoss/common/unit_genericfx.h"
 2376              		.file 25 "/usr/include/newlib/string.h"
 2377              		.file 26 "<built-in>"
 2378 0206 00BF     		.section	.debug_info,"",%progbits
 2379              	.Ldebug_info0:
 2380 0000 DC4E0000 		.4byte	0x4edc
 2381 0004 0400     		.2byte	0x4
 2382 0006 00000000 		.4byte	.Ldebug_abbrev0
 2383 000a 04       		.byte	0x4
 2384 000b 57       		.uleb128 0x57
 2385 000c A60A0000 		.4byte	.LASF633
 2386 0010 04       		.byte	0x4
 2387 0011 061A0000 		.4byte	.LASF634
 2388 0015 19120000 		.4byte	.LASF635
 2389 0019 90030000 		.4byte	.Ldebug_ranges0+0x390
 2390 001d 00000000 		.4byte	0
ARM GAS  /tmp/ccVOBie3.s 			page 43


 2391 0021 00000000 		.4byte	.Ldebug_line0
 2392 0025 16       		.uleb128 0x16
 2393 0026 04       		.byte	0x4
 2394 0027 04       		.byte	0x4
 2395 0028 3E120000 		.4byte	.LASF0
 2396 002c 58       		.uleb128 0x58
 2397 002d 04       		.byte	0x4
 2398 002e 05       		.byte	0x5
 2399 002f 696E7400 		.ascii	"int\000"
 2400 0033 07       		.uleb128 0x7
 2401 0034 42000000 		.4byte	.LASF2
 2402 0038 06       		.byte	0x6
 2403 0039 22       		.byte	0x22
 2404 003a 17       		.byte	0x17
 2405 003b 3F000000 		.4byte	0x3f
 2406 003f 16       		.uleb128 0x16
 2407 0040 01       		.byte	0x1
 2408 0041 06       		.byte	0x6
 2409 0042 0F060000 		.4byte	.LASF1
 2410 0046 07       		.uleb128 0x7
 2411 0047 A41A0000 		.4byte	.LASF3
 2412 004b 06       		.byte	0x6
 2413 004c 25       		.byte	0x25
 2414 004d 18       		.byte	0x18
 2415 004e 52000000 		.4byte	0x52
 2416 0052 16       		.uleb128 0x16
 2417 0053 02       		.byte	0x2
 2418 0054 05       		.byte	0x5
 2419 0055 391A0000 		.4byte	.LASF4
 2420 0059 07       		.uleb128 0x7
 2421 005a 62010000 		.4byte	.LASF5
 2422 005e 06       		.byte	0x6
 2423 005f 28       		.byte	0x28
 2424 0060 18       		.byte	0x18
 2425 0061 6A000000 		.4byte	0x6a
 2426 0065 0D       		.uleb128 0xd
 2427 0066 59000000 		.4byte	0x59
 2428 006a 16       		.uleb128 0x16
 2429 006b 04       		.byte	0x4
 2430 006c 05       		.byte	0x5
 2431 006d 92040000 		.4byte	.LASF6
 2432 0071 07       		.uleb128 0x7
 2433 0072 781E0000 		.4byte	.LASF7
 2434 0076 06       		.byte	0x6
 2435 0077 2B       		.byte	0x2b
 2436 0078 18       		.byte	0x18
 2437 0079 7D000000 		.4byte	0x7d
 2438 007d 16       		.uleb128 0x16
 2439 007e 08       		.byte	0x8
 2440 007f 05       		.byte	0x5
 2441 0080 20110000 		.4byte	.LASF8
 2442 0084 07       		.uleb128 0x7
 2443 0085 26060000 		.4byte	.LASF9
 2444 0089 06       		.byte	0x6
 2445 008a 2E       		.byte	0x2e
 2446 008b 18       		.byte	0x18
 2447 008c 95000000 		.4byte	0x95
ARM GAS  /tmp/ccVOBie3.s 			page 44


 2448 0090 0D       		.uleb128 0xd
 2449 0091 84000000 		.4byte	0x84
 2450 0095 16       		.uleb128 0x16
 2451 0096 01       		.byte	0x1
 2452 0097 08       		.byte	0x8
 2453 0098 FE060000 		.4byte	.LASF10
 2454 009c 07       		.uleb128 0x7
 2455 009d 10170000 		.4byte	.LASF11
 2456 00a1 06       		.byte	0x6
 2457 00a2 31       		.byte	0x31
 2458 00a3 19       		.byte	0x19
 2459 00a4 A8000000 		.4byte	0xa8
 2460 00a8 16       		.uleb128 0x16
 2461 00a9 02       		.byte	0x2
 2462 00aa 07       		.byte	0x7
 2463 00ab B31D0000 		.4byte	.LASF12
 2464 00af 07       		.uleb128 0x7
 2465 00b0 FE1C0000 		.4byte	.LASF13
 2466 00b4 06       		.byte	0x6
 2467 00b5 34       		.byte	0x34
 2468 00b6 19       		.byte	0x19
 2469 00b7 C0000000 		.4byte	0xc0
 2470 00bb 0D       		.uleb128 0xd
 2471 00bc AF000000 		.4byte	0xaf
 2472 00c0 16       		.uleb128 0x16
 2473 00c1 04       		.byte	0x4
 2474 00c2 07       		.byte	0x7
 2475 00c3 7E0E0000 		.4byte	.LASF14
 2476 00c7 07       		.uleb128 0x7
 2477 00c8 731A0000 		.4byte	.LASF15
 2478 00cc 06       		.byte	0x6
 2479 00cd 37       		.byte	0x37
 2480 00ce 19       		.byte	0x19
 2481 00cf D3000000 		.4byte	0xd3
 2482 00d3 16       		.uleb128 0x16
 2483 00d4 08       		.byte	0x8
 2484 00d5 07       		.byte	0x7
 2485 00d6 AA160000 		.4byte	.LASF16
 2486 00da 07       		.uleb128 0x7
 2487 00db 20150000 		.4byte	.LASF17
 2488 00df 06       		.byte	0x6
 2489 00e0 3C       		.byte	0x3c
 2490 00e1 1D       		.byte	0x1d
 2491 00e2 3F000000 		.4byte	0x3f
 2492 00e6 07       		.uleb128 0x7
 2493 00e7 5D0A0000 		.4byte	.LASF18
 2494 00eb 06       		.byte	0x6
 2495 00ec 3D       		.byte	0x3d
 2496 00ed 1E       		.byte	0x1e
 2497 00ee 52000000 		.4byte	0x52
 2498 00f2 07       		.uleb128 0x7
 2499 00f3 68110000 		.4byte	.LASF19
 2500 00f7 06       		.byte	0x6
 2501 00f8 3E       		.byte	0x3e
 2502 00f9 1E       		.byte	0x1e
 2503 00fa 6A000000 		.4byte	0x6a
 2504 00fe 07       		.uleb128 0x7
ARM GAS  /tmp/ccVOBie3.s 			page 45


 2505 00ff 400F0000 		.4byte	.LASF20
 2506 0103 06       		.byte	0x6
 2507 0104 3F       		.byte	0x3f
 2508 0105 1E       		.byte	0x1e
 2509 0106 7D000000 		.4byte	0x7d
 2510 010a 07       		.uleb128 0x7
 2511 010b DA140000 		.4byte	.LASF21
 2512 010f 06       		.byte	0x6
 2513 0110 40       		.byte	0x40
 2514 0111 1E       		.byte	0x1e
 2515 0112 95000000 		.4byte	0x95
 2516 0116 07       		.uleb128 0x7
 2517 0117 9C020000 		.4byte	.LASF22
 2518 011b 06       		.byte	0x6
 2519 011c 41       		.byte	0x41
 2520 011d 1F       		.byte	0x1f
 2521 011e A8000000 		.4byte	0xa8
 2522 0122 07       		.uleb128 0x7
 2523 0123 0E090000 		.4byte	.LASF23
 2524 0127 06       		.byte	0x6
 2525 0128 42       		.byte	0x42
 2526 0129 1F       		.byte	0x1f
 2527 012a C0000000 		.4byte	0xc0
 2528 012e 07       		.uleb128 0x7
 2529 012f D7050000 		.4byte	.LASF24
 2530 0133 06       		.byte	0x6
 2531 0134 43       		.byte	0x43
 2532 0135 1F       		.byte	0x1f
 2533 0136 D3000000 		.4byte	0xd3
 2534 013a 07       		.uleb128 0x7
 2535 013b DC020000 		.4byte	.LASF25
 2536 013f 06       		.byte	0x6
 2537 0140 47       		.byte	0x47
 2538 0141 1C       		.byte	0x1c
 2539 0142 2C000000 		.4byte	0x2c
 2540 0146 0D       		.uleb128 0xd
 2541 0147 2C000000 		.4byte	0x2c
 2542 014b 07       		.uleb128 0x7
 2543 014c A4130000 		.4byte	.LASF26
 2544 0150 06       		.byte	0x6
 2545 0151 48       		.byte	0x48
 2546 0152 1D       		.byte	0x1d
 2547 0153 2C000000 		.4byte	0x2c
 2548 0157 07       		.uleb128 0x7
 2549 0158 82190000 		.4byte	.LASF27
 2550 015c 06       		.byte	0x6
 2551 015d 49       		.byte	0x49
 2552 015e 1D       		.byte	0x1d
 2553 015f 2C000000 		.4byte	0x2c
 2554 0163 07       		.uleb128 0x7
 2555 0164 86170000 		.4byte	.LASF28
 2556 0168 06       		.byte	0x6
 2557 0169 4A       		.byte	0x4a
 2558 016a 1D       		.byte	0x1d
 2559 016b 7D000000 		.4byte	0x7d
 2560 016f 07       		.uleb128 0x7
 2561 0170 D9190000 		.4byte	.LASF29
ARM GAS  /tmp/ccVOBie3.s 			page 46


 2562 0174 06       		.byte	0x6
 2563 0175 4B       		.byte	0x4b
 2564 0176 1D       		.byte	0x1d
 2565 0177 7B010000 		.4byte	0x17b
 2566 017b 16       		.uleb128 0x16
 2567 017c 04       		.byte	0x4
 2568 017d 07       		.byte	0x7
 2569 017e BF120000 		.4byte	.LASF30
 2570 0182 07       		.uleb128 0x7
 2571 0183 0F1D0000 		.4byte	.LASF31
 2572 0187 06       		.byte	0x6
 2573 0188 4C       		.byte	0x4c
 2574 0189 1E       		.byte	0x1e
 2575 018a 7B010000 		.4byte	0x17b
 2576 018e 07       		.uleb128 0x7
 2577 018f B1030000 		.4byte	.LASF32
 2578 0193 06       		.byte	0x6
 2579 0194 4D       		.byte	0x4d
 2580 0195 1E       		.byte	0x1e
 2581 0196 7B010000 		.4byte	0x17b
 2582 019a 07       		.uleb128 0x7
 2583 019b 54010000 		.4byte	.LASF33
 2584 019f 06       		.byte	0x6
 2585 01a0 4E       		.byte	0x4e
 2586 01a1 1E       		.byte	0x1e
 2587 01a2 D3000000 		.4byte	0xd3
 2588 01a6 07       		.uleb128 0x7
 2589 01a7 F3120000 		.4byte	.LASF34
 2590 01ab 06       		.byte	0x6
 2591 01ac 53       		.byte	0x53
 2592 01ad 19       		.byte	0x19
 2593 01ae 2C000000 		.4byte	0x2c
 2594 01b2 07       		.uleb128 0x7
 2595 01b3 C50F0000 		.4byte	.LASF35
 2596 01b7 06       		.byte	0x6
 2597 01b8 56       		.byte	0x56
 2598 01b9 1A       		.byte	0x1a
 2599 01ba 7B010000 		.4byte	0x17b
 2600 01be 07       		.uleb128 0x7
 2601 01bf 46150000 		.4byte	.LASF36
 2602 01c3 06       		.byte	0x6
 2603 01c4 5B       		.byte	0x5b
 2604 01c5 19       		.byte	0x19
 2605 01c6 7D000000 		.4byte	0x7d
 2606 01ca 07       		.uleb128 0x7
 2607 01cb A7110000 		.4byte	.LASF37
 2608 01cf 06       		.byte	0x6
 2609 01d0 5C       		.byte	0x5c
 2610 01d1 1A       		.byte	0x1a
 2611 01d2 D3000000 		.4byte	0xd3
 2612 01d6 59       		.uleb128 0x59
 2613 01d7 73746400 		.ascii	"std\000"
 2614 01db 1A       		.byte	0x1a
 2615 01dc 00       		.byte	0
 2616 01dd 2C150000 		.4byte	0x152c
 2617 01e1 44       		.uleb128 0x44
 2618 01e2 05180000 		.4byte	.LASF251
ARM GAS  /tmp/ccVOBie3.s 			page 47


 2619 01e6 0D       		.byte	0xd
 2620 01e7 1401     		.2byte	0x114
 2621 01e9 41       		.byte	0x41
 2622 01ea 45       		.uleb128 0x45
 2623 01eb 0D       		.byte	0xd
 2624 01ec 1401     		.2byte	0x114
 2625 01ee 41       		.byte	0x41
 2626 01ef E1010000 		.4byte	0x1e1
 2627 01f3 46       		.uleb128 0x46
 2628 01f4 07       		.byte	0x7
 2629 01f5 2904     		.2byte	0x429
 2630 01f7 0B       		.byte	0xb
 2631 01f8 AB1E0000 		.4byte	0x1eab
 2632 01fc 46       		.uleb128 0x46
 2633 01fd 07       		.byte	0x7
 2634 01fe 2A04     		.2byte	0x42a
 2635 0200 0B       		.byte	0xb
 2636 0201 9F1E0000 		.4byte	0x1e9f
 2637 0205 22       		.uleb128 0x22
 2638 0206 61627300 		.ascii	"abs\000"
 2639 020a 08       		.byte	0x8
 2640 020b 4F       		.byte	0x4f
 2641 020c 03       		.byte	0x3
 2642 020d 1B000000 		.4byte	.LASF38
 2643 0211 9F150000 		.4byte	0x159f
 2644 0215 1F020000 		.4byte	0x21f
 2645 0219 01       		.uleb128 0x1
 2646 021a 9F150000 		.4byte	0x159f
 2647 021e 00       		.byte	0
 2648 021f 22       		.uleb128 0x22
 2649 0220 61627300 		.ascii	"abs\000"
 2650 0224 08       		.byte	0x8
 2651 0225 4B       		.byte	0x4b
 2652 0226 03       		.byte	0x3
 2653 0227 25000000 		.4byte	.LASF39
 2654 022b 25000000 		.4byte	0x25
 2655 022f 39020000 		.4byte	0x239
 2656 0233 01       		.uleb128 0x1
 2657 0234 25000000 		.4byte	0x25
 2658 0238 00       		.byte	0
 2659 0239 22       		.uleb128 0x22
 2660 023a 61627300 		.ascii	"abs\000"
 2661 023e 08       		.byte	0x8
 2662 023f 47       		.byte	0x47
 2663 0240 03       		.byte	0x3
 2664 0241 11000000 		.4byte	.LASF40
 2665 0245 A6150000 		.4byte	0x15a6
 2666 0249 53020000 		.4byte	0x253
 2667 024d 01       		.uleb128 0x1
 2668 024e A6150000 		.4byte	0x15a6
 2669 0252 00       		.byte	0
 2670 0253 22       		.uleb128 0x22
 2671 0254 61627300 		.ascii	"abs\000"
 2672 0258 08       		.byte	0x8
 2673 0259 3D       		.byte	0x3d
 2674 025a 03       		.byte	0x3
 2675 025b AE000000 		.4byte	.LASF41
ARM GAS  /tmp/ccVOBie3.s 			page 48


 2676 025f 7D000000 		.4byte	0x7d
 2677 0263 6D020000 		.4byte	0x26d
 2678 0267 01       		.uleb128 0x1
 2679 0268 7D000000 		.4byte	0x7d
 2680 026c 00       		.byte	0
 2681 026d 22       		.uleb128 0x22
 2682 026e 61627300 		.ascii	"abs\000"
 2683 0272 08       		.byte	0x8
 2684 0273 38       		.byte	0x38
 2685 0274 03       		.byte	0x3
 2686 0275 4F000000 		.4byte	.LASF42
 2687 0279 6A000000 		.4byte	0x6a
 2688 027d 87020000 		.4byte	0x287
 2689 0281 01       		.uleb128 0x1
 2690 0282 6A000000 		.4byte	0x6a
 2691 0286 00       		.byte	0
 2692 0287 18       		.uleb128 0x18
 2693 0288 5E170000 		.4byte	.LASF43
 2694 028c 07       		.byte	0x7
 2695 028d 5B       		.byte	0x5b
 2696 028e 03       		.byte	0x3
 2697 028f 1D140000 		.4byte	.LASF44
 2698 0293 9F150000 		.4byte	0x159f
 2699 0297 A1020000 		.4byte	0x2a1
 2700 029b 01       		.uleb128 0x1
 2701 029c 9F150000 		.4byte	0x159f
 2702 02a0 00       		.byte	0
 2703 02a1 18       		.uleb128 0x18
 2704 02a2 5E170000 		.4byte	.LASF43
 2705 02a6 07       		.byte	0x7
 2706 02a7 57       		.byte	0x57
 2707 02a8 03       		.byte	0x3
 2708 02a9 28140000 		.4byte	.LASF45
 2709 02ad 25000000 		.4byte	0x25
 2710 02b1 BB020000 		.4byte	0x2bb
 2711 02b5 01       		.uleb128 0x1
 2712 02b6 25000000 		.4byte	0x25
 2713 02ba 00       		.byte	0
 2714 02bb 18       		.uleb128 0x18
 2715 02bc E5170000 		.4byte	.LASF46
 2716 02c0 07       		.byte	0x7
 2717 02c1 6E       		.byte	0x6e
 2718 02c2 03       		.byte	0x3
 2719 02c3 6B0A0000 		.4byte	.LASF47
 2720 02c7 9F150000 		.4byte	0x159f
 2721 02cb D5020000 		.4byte	0x2d5
 2722 02cf 01       		.uleb128 0x1
 2723 02d0 9F150000 		.4byte	0x159f
 2724 02d4 00       		.byte	0
 2725 02d5 18       		.uleb128 0x18
 2726 02d6 E5170000 		.4byte	.LASF46
 2727 02da 07       		.byte	0x7
 2728 02db 6A       		.byte	0x6a
 2729 02dc 03       		.byte	0x3
 2730 02dd 760A0000 		.4byte	.LASF48
 2731 02e1 25000000 		.4byte	0x25
 2732 02e5 EF020000 		.4byte	0x2ef
ARM GAS  /tmp/ccVOBie3.s 			page 49


 2733 02e9 01       		.uleb128 0x1
 2734 02ea 25000000 		.4byte	0x25
 2735 02ee 00       		.byte	0
 2736 02ef 18       		.uleb128 0x18
 2737 02f0 22160000 		.4byte	.LASF49
 2738 02f4 07       		.byte	0x7
 2739 02f5 81       		.byte	0x81
 2740 02f6 03       		.byte	0x3
 2741 02f7 38060000 		.4byte	.LASF50
 2742 02fb 9F150000 		.4byte	0x159f
 2743 02ff 09030000 		.4byte	0x309
 2744 0303 01       		.uleb128 0x1
 2745 0304 9F150000 		.4byte	0x159f
 2746 0308 00       		.byte	0
 2747 0309 18       		.uleb128 0x18
 2748 030a 22160000 		.4byte	.LASF49
 2749 030e 07       		.byte	0x7
 2750 030f 7D       		.byte	0x7d
 2751 0310 03       		.byte	0x3
 2752 0311 43060000 		.4byte	.LASF51
 2753 0315 25000000 		.4byte	0x25
 2754 0319 23030000 		.4byte	0x323
 2755 031d 01       		.uleb128 0x1
 2756 031e 25000000 		.4byte	0x25
 2757 0322 00       		.byte	0
 2758 0323 18       		.uleb128 0x18
 2759 0324 9A0A0000 		.4byte	.LASF52
 2760 0328 07       		.byte	0x7
 2761 0329 94       		.byte	0x94
 2762 032a 03       		.byte	0x3
 2763 032b 67130000 		.4byte	.LASF53
 2764 032f 9F150000 		.4byte	0x159f
 2765 0333 42030000 		.4byte	0x342
 2766 0337 01       		.uleb128 0x1
 2767 0338 9F150000 		.4byte	0x159f
 2768 033c 01       		.uleb128 0x1
 2769 033d 9F150000 		.4byte	0x159f
 2770 0341 00       		.byte	0
 2771 0342 18       		.uleb128 0x18
 2772 0343 9A0A0000 		.4byte	.LASF52
 2773 0347 07       		.byte	0x7
 2774 0348 90       		.byte	0x90
 2775 0349 03       		.byte	0x3
 2776 034a 85140000 		.4byte	.LASF54
 2777 034e 25000000 		.4byte	0x25
 2778 0352 61030000 		.4byte	0x361
 2779 0356 01       		.uleb128 0x1
 2780 0357 25000000 		.4byte	0x25
 2781 035b 01       		.uleb128 0x1
 2782 035c 25000000 		.4byte	0x25
 2783 0360 00       		.byte	0
 2784 0361 22       		.uleb128 0x22
 2785 0362 636F7300 		.ascii	"cos\000"
 2786 0366 07       		.byte	0x7
 2787 0367 BC       		.byte	0xbc
 2788 0368 03       		.byte	0x3
 2789 0369 0C150000 		.4byte	.LASF55
ARM GAS  /tmp/ccVOBie3.s 			page 50


 2790 036d 9F150000 		.4byte	0x159f
 2791 0371 7B030000 		.4byte	0x37b
 2792 0375 01       		.uleb128 0x1
 2793 0376 9F150000 		.4byte	0x159f
 2794 037a 00       		.byte	0
 2795 037b 22       		.uleb128 0x22
 2796 037c 636F7300 		.ascii	"cos\000"
 2797 0380 07       		.byte	0x7
 2798 0381 B8       		.byte	0xb8
 2799 0382 03       		.byte	0x3
 2800 0383 16150000 		.4byte	.LASF56
 2801 0387 25000000 		.4byte	0x25
 2802 038b 95030000 		.4byte	0x395
 2803 038f 01       		.uleb128 0x1
 2804 0390 25000000 		.4byte	0x25
 2805 0394 00       		.byte	0
 2806 0395 1B       		.uleb128 0x1b
 2807 0396 73696E00 		.ascii	"sin\000"
 2808 039a 07       		.byte	0x7
 2809 039b AD01     		.2byte	0x1ad
 2810 039d 03       		.byte	0x3
 2811 039e 4F0C0000 		.4byte	.LASF57
 2812 03a2 9F150000 		.4byte	0x159f
 2813 03a6 B0030000 		.4byte	0x3b0
 2814 03aa 01       		.uleb128 0x1
 2815 03ab 9F150000 		.4byte	0x159f
 2816 03af 00       		.byte	0
 2817 03b0 1B       		.uleb128 0x1b
 2818 03b1 73696E00 		.ascii	"sin\000"
 2819 03b5 07       		.byte	0x7
 2820 03b6 A901     		.2byte	0x1a9
 2821 03b8 03       		.byte	0x3
 2822 03b9 590C0000 		.4byte	.LASF58
 2823 03bd 25000000 		.4byte	0x25
 2824 03c1 CB030000 		.4byte	0x3cb
 2825 03c5 01       		.uleb128 0x1
 2826 03c6 25000000 		.4byte	0x25
 2827 03ca 00       		.byte	0
 2828 03cb 1B       		.uleb128 0x1b
 2829 03cc 74616E00 		.ascii	"tan\000"
 2830 03d0 07       		.byte	0x7
 2831 03d1 E601     		.2byte	0x1e6
 2832 03d3 03       		.byte	0x3
 2833 03d4 45070000 		.4byte	.LASF59
 2834 03d8 9F150000 		.4byte	0x159f
 2835 03dc E6030000 		.4byte	0x3e6
 2836 03e0 01       		.uleb128 0x1
 2837 03e1 9F150000 		.4byte	0x159f
 2838 03e5 00       		.byte	0
 2839 03e6 1B       		.uleb128 0x1b
 2840 03e7 74616E00 		.ascii	"tan\000"
 2841 03eb 07       		.byte	0x7
 2842 03ec E201     		.2byte	0x1e2
 2843 03ee 03       		.byte	0x3
 2844 03ef 4F070000 		.4byte	.LASF60
 2845 03f3 25000000 		.4byte	0x25
 2846 03f7 01040000 		.4byte	0x401
ARM GAS  /tmp/ccVOBie3.s 			page 51


 2847 03fb 01       		.uleb128 0x1
 2848 03fc 25000000 		.4byte	0x25
 2849 0400 00       		.byte	0
 2850 0401 18       		.uleb128 0x18
 2851 0402 A1080000 		.4byte	.LASF61
 2852 0406 07       		.byte	0x7
 2853 0407 CF       		.byte	0xcf
 2854 0408 03       		.byte	0x3
 2855 0409 B5190000 		.4byte	.LASF62
 2856 040d 9F150000 		.4byte	0x159f
 2857 0411 1B040000 		.4byte	0x41b
 2858 0415 01       		.uleb128 0x1
 2859 0416 9F150000 		.4byte	0x159f
 2860 041a 00       		.byte	0
 2861 041b 18       		.uleb128 0x18
 2862 041c A1080000 		.4byte	.LASF61
 2863 0420 07       		.byte	0x7
 2864 0421 CB       		.byte	0xcb
 2865 0422 03       		.byte	0x3
 2866 0423 C0190000 		.4byte	.LASF63
 2867 0427 25000000 		.4byte	0x25
 2868 042b 35040000 		.4byte	0x435
 2869 042f 01       		.uleb128 0x1
 2870 0430 25000000 		.4byte	0x25
 2871 0434 00       		.byte	0
 2872 0435 03       		.uleb128 0x3
 2873 0436 C0090000 		.4byte	.LASF64
 2874 043a 07       		.byte	0x7
 2875 043b C001     		.2byte	0x1c0
 2876 043d 03       		.byte	0x3
 2877 043e 38090000 		.4byte	.LASF65
 2878 0442 9F150000 		.4byte	0x159f
 2879 0446 50040000 		.4byte	0x450
 2880 044a 01       		.uleb128 0x1
 2881 044b 9F150000 		.4byte	0x159f
 2882 044f 00       		.byte	0
 2883 0450 03       		.uleb128 0x3
 2884 0451 C0090000 		.4byte	.LASF64
 2885 0455 07       		.byte	0x7
 2886 0456 BC01     		.2byte	0x1bc
 2887 0458 03       		.byte	0x3
 2888 0459 43090000 		.4byte	.LASF66
 2889 045d 25000000 		.4byte	0x25
 2890 0461 6B040000 		.4byte	0x46b
 2891 0465 01       		.uleb128 0x1
 2892 0466 25000000 		.4byte	0x25
 2893 046a 00       		.byte	0
 2894 046b 03       		.uleb128 0x3
 2895 046c 9F050000 		.4byte	.LASF67
 2896 0470 07       		.byte	0x7
 2897 0471 F901     		.2byte	0x1f9
 2898 0473 03       		.byte	0x3
 2899 0474 13030000 		.4byte	.LASF68
 2900 0478 9F150000 		.4byte	0x159f
 2901 047c 86040000 		.4byte	0x486
 2902 0480 01       		.uleb128 0x1
 2903 0481 9F150000 		.4byte	0x159f
ARM GAS  /tmp/ccVOBie3.s 			page 52


 2904 0485 00       		.byte	0
 2905 0486 03       		.uleb128 0x3
 2906 0487 9F050000 		.4byte	.LASF67
 2907 048b 07       		.byte	0x7
 2908 048c F501     		.2byte	0x1f5
 2909 048e 03       		.byte	0x3
 2910 048f 1E030000 		.4byte	.LASF69
 2911 0493 25000000 		.4byte	0x25
 2912 0497 A1040000 		.4byte	0x4a1
 2913 049b 01       		.uleb128 0x1
 2914 049c 25000000 		.4byte	0x25
 2915 04a0 00       		.byte	0
 2916 04a1 22       		.uleb128 0x22
 2917 04a2 65787000 		.ascii	"exp\000"
 2918 04a6 07       		.byte	0x7
 2919 04a7 E2       		.byte	0xe2
 2920 04a8 03       		.byte	0x3
 2921 04a9 B30C0000 		.4byte	.LASF70
 2922 04ad 9F150000 		.4byte	0x159f
 2923 04b1 BB040000 		.4byte	0x4bb
 2924 04b5 01       		.uleb128 0x1
 2925 04b6 9F150000 		.4byte	0x159f
 2926 04ba 00       		.byte	0
 2927 04bb 22       		.uleb128 0x22
 2928 04bc 65787000 		.ascii	"exp\000"
 2929 04c0 07       		.byte	0x7
 2930 04c1 DE       		.byte	0xde
 2931 04c2 03       		.byte	0x3
 2932 04c3 BD0C0000 		.4byte	.LASF71
 2933 04c7 25000000 		.4byte	0x25
 2934 04cb D5040000 		.4byte	0x4d5
 2935 04cf 01       		.uleb128 0x1
 2936 04d0 25000000 		.4byte	0x25
 2937 04d4 00       		.byte	0
 2938 04d5 03       		.uleb128 0x3
 2939 04d6 19170000 		.4byte	.LASF72
 2940 04da 07       		.byte	0x7
 2941 04db 3001     		.2byte	0x130
 2942 04dd 03       		.byte	0x3
 2943 04de 2A0E0000 		.4byte	.LASF73
 2944 04e2 9F150000 		.4byte	0x159f
 2945 04e6 F5040000 		.4byte	0x4f5
 2946 04ea 01       		.uleb128 0x1
 2947 04eb 9F150000 		.4byte	0x159f
 2948 04ef 01       		.uleb128 0x1
 2949 04f0 C5210000 		.4byte	0x21c5
 2950 04f4 00       		.byte	0
 2951 04f5 03       		.uleb128 0x3
 2952 04f6 19170000 		.4byte	.LASF72
 2953 04fa 07       		.byte	0x7
 2954 04fb 2C01     		.2byte	0x12c
 2955 04fd 03       		.byte	0x3
 2956 04fe F7130000 		.4byte	.LASF74
 2957 0502 25000000 		.4byte	0x25
 2958 0506 15050000 		.4byte	0x515
 2959 050a 01       		.uleb128 0x1
 2960 050b 25000000 		.4byte	0x25
ARM GAS  /tmp/ccVOBie3.s 			page 53


 2961 050f 01       		.uleb128 0x1
 2962 0510 C5210000 		.4byte	0x21c5
 2963 0514 00       		.byte	0
 2964 0515 03       		.uleb128 0x3
 2965 0516 03170000 		.4byte	.LASF75
 2966 051a 07       		.byte	0x7
 2967 051b 4301     		.2byte	0x143
 2968 051d 03       		.byte	0x3
 2969 051e 6D1D0000 		.4byte	.LASF76
 2970 0522 9F150000 		.4byte	0x159f
 2971 0526 35050000 		.4byte	0x535
 2972 052a 01       		.uleb128 0x1
 2973 052b 9F150000 		.4byte	0x159f
 2974 052f 01       		.uleb128 0x1
 2975 0530 2C000000 		.4byte	0x2c
 2976 0534 00       		.byte	0
 2977 0535 03       		.uleb128 0x3
 2978 0536 03170000 		.4byte	.LASF75
 2979 053a 07       		.byte	0x7
 2980 053b 3F01     		.2byte	0x13f
 2981 053d 03       		.byte	0x3
 2982 053e 801E0000 		.4byte	.LASF77
 2983 0542 25000000 		.4byte	0x25
 2984 0546 55050000 		.4byte	0x555
 2985 054a 01       		.uleb128 0x1
 2986 054b 25000000 		.4byte	0x25
 2987 054f 01       		.uleb128 0x1
 2988 0550 2C000000 		.4byte	0x2c
 2989 0554 00       		.byte	0
 2990 0555 1B       		.uleb128 0x1b
 2991 0556 6C6F6700 		.ascii	"log\000"
 2992 055a 07       		.byte	0x7
 2993 055b 5601     		.2byte	0x156
 2994 055d 03       		.byte	0x3
 2995 055e 43190000 		.4byte	.LASF78
 2996 0562 9F150000 		.4byte	0x159f
 2997 0566 70050000 		.4byte	0x570
 2998 056a 01       		.uleb128 0x1
 2999 056b 9F150000 		.4byte	0x159f
 3000 056f 00       		.byte	0
 3001 0570 1B       		.uleb128 0x1b
 3002 0571 6C6F6700 		.ascii	"log\000"
 3003 0575 07       		.byte	0x7
 3004 0576 5201     		.2byte	0x152
 3005 0578 03       		.byte	0x3
 3006 0579 4D190000 		.4byte	.LASF79
 3007 057d 25000000 		.4byte	0x25
 3008 0581 8B050000 		.4byte	0x58b
 3009 0585 01       		.uleb128 0x1
 3010 0586 25000000 		.4byte	0x25
 3011 058a 00       		.byte	0
 3012 058b 03       		.uleb128 0x3
 3013 058c BA090000 		.4byte	.LASF80
 3014 0590 07       		.byte	0x7
 3015 0591 6901     		.2byte	0x169
 3016 0593 03       		.byte	0x3
 3017 0594 FD000000 		.4byte	.LASF81
ARM GAS  /tmp/ccVOBie3.s 			page 54


 3018 0598 9F150000 		.4byte	0x159f
 3019 059c A6050000 		.4byte	0x5a6
 3020 05a0 01       		.uleb128 0x1
 3021 05a1 9F150000 		.4byte	0x159f
 3022 05a5 00       		.byte	0
 3023 05a6 03       		.uleb128 0x3
 3024 05a7 BA090000 		.4byte	.LASF80
 3025 05ab 07       		.byte	0x7
 3026 05ac 6501     		.2byte	0x165
 3027 05ae 03       		.byte	0x3
 3028 05af 09010000 		.4byte	.LASF82
 3029 05b3 25000000 		.4byte	0x25
 3030 05b7 C1050000 		.4byte	0x5c1
 3031 05bb 01       		.uleb128 0x1
 3032 05bc 25000000 		.4byte	0x25
 3033 05c0 00       		.byte	0
 3034 05c1 03       		.uleb128 0x3
 3035 05c2 961A0000 		.4byte	.LASF83
 3036 05c6 07       		.byte	0x7
 3037 05c7 7C01     		.2byte	0x17c
 3038 05c9 03       		.byte	0x3
 3039 05ca 2B070000 		.4byte	.LASF84
 3040 05ce 9F150000 		.4byte	0x159f
 3041 05d2 E1050000 		.4byte	0x5e1
 3042 05d6 01       		.uleb128 0x1
 3043 05d7 9F150000 		.4byte	0x159f
 3044 05db 01       		.uleb128 0x1
 3045 05dc 8D220000 		.4byte	0x228d
 3046 05e0 00       		.byte	0
 3047 05e1 03       		.uleb128 0x3
 3048 05e2 961A0000 		.4byte	.LASF83
 3049 05e6 07       		.byte	0x7
 3050 05e7 7801     		.2byte	0x178
 3051 05e9 03       		.byte	0x3
 3052 05ea 330F0000 		.4byte	.LASF85
 3053 05ee 25000000 		.4byte	0x25
 3054 05f2 01060000 		.4byte	0x601
 3055 05f6 01       		.uleb128 0x1
 3056 05f7 25000000 		.4byte	0x25
 3057 05fb 01       		.uleb128 0x1
 3058 05fc 9B220000 		.4byte	0x229b
 3059 0600 00       		.byte	0
 3060 0601 1B       		.uleb128 0x1b
 3061 0602 706F7700 		.ascii	"pow\000"
 3062 0606 07       		.byte	0x7
 3063 0607 8801     		.2byte	0x188
 3064 0609 03       		.byte	0x3
 3065 060a 0E1C0000 		.4byte	.LASF86
 3066 060e 9F150000 		.4byte	0x159f
 3067 0612 21060000 		.4byte	0x621
 3068 0616 01       		.uleb128 0x1
 3069 0617 9F150000 		.4byte	0x159f
 3070 061b 01       		.uleb128 0x1
 3071 061c 9F150000 		.4byte	0x159f
 3072 0620 00       		.byte	0
 3073 0621 1B       		.uleb128 0x1b
 3074 0622 706F7700 		.ascii	"pow\000"
ARM GAS  /tmp/ccVOBie3.s 			page 55


 3075 0626 07       		.byte	0x7
 3076 0627 8401     		.2byte	0x184
 3077 0629 03       		.byte	0x3
 3078 062a 1D1D0000 		.4byte	.LASF87
 3079 062e 25000000 		.4byte	0x25
 3080 0632 41060000 		.4byte	0x641
 3081 0636 01       		.uleb128 0x1
 3082 0637 25000000 		.4byte	0x25
 3083 063b 01       		.uleb128 0x1
 3084 063c 25000000 		.4byte	0x25
 3085 0640 00       		.byte	0
 3086 0641 03       		.uleb128 0x3
 3087 0642 AC010000 		.4byte	.LASF88
 3088 0646 07       		.byte	0x7
 3089 0647 D301     		.2byte	0x1d3
 3090 0649 03       		.byte	0x3
 3091 064a 8C110000 		.4byte	.LASF89
 3092 064e 9F150000 		.4byte	0x159f
 3093 0652 5C060000 		.4byte	0x65c
 3094 0656 01       		.uleb128 0x1
 3095 0657 9F150000 		.4byte	0x159f
 3096 065b 00       		.byte	0
 3097 065c 03       		.uleb128 0x3
 3098 065d AC010000 		.4byte	.LASF88
 3099 0661 07       		.byte	0x7
 3100 0662 CF01     		.2byte	0x1cf
 3101 0664 03       		.byte	0x3
 3102 0665 97110000 		.4byte	.LASF90
 3103 0669 25000000 		.4byte	0x25
 3104 066d 77060000 		.4byte	0x677
 3105 0671 01       		.uleb128 0x1
 3106 0672 25000000 		.4byte	0x25
 3107 0676 00       		.byte	0
 3108 0677 18       		.uleb128 0x18
 3109 0678 8F1D0000 		.4byte	.LASF91
 3110 067c 07       		.byte	0x7
 3111 067d A9       		.byte	0xa9
 3112 067e 03       		.byte	0x3
 3113 067f CD1B0000 		.4byte	.LASF92
 3114 0683 9F150000 		.4byte	0x159f
 3115 0687 91060000 		.4byte	0x691
 3116 068b 01       		.uleb128 0x1
 3117 068c 9F150000 		.4byte	0x159f
 3118 0690 00       		.byte	0
 3119 0691 18       		.uleb128 0x18
 3120 0692 8F1D0000 		.4byte	.LASF91
 3121 0696 07       		.byte	0x7
 3122 0697 A5       		.byte	0xa5
 3123 0698 03       		.byte	0x3
 3124 0699 D81B0000 		.4byte	.LASF93
 3125 069d 25000000 		.4byte	0x25
 3126 06a1 AB060000 		.4byte	0x6ab
 3127 06a5 01       		.uleb128 0x1
 3128 06a6 25000000 		.4byte	0x25
 3129 06aa 00       		.byte	0
 3130 06ab 18       		.uleb128 0x18
 3131 06ac 380E0000 		.4byte	.LASF94
ARM GAS  /tmp/ccVOBie3.s 			page 56


 3132 06b0 07       		.byte	0x7
 3133 06b1 F5       		.byte	0xf5
 3134 06b2 03       		.byte	0x3
 3135 06b3 E6050000 		.4byte	.LASF95
 3136 06b7 9F150000 		.4byte	0x159f
 3137 06bb C5060000 		.4byte	0x6c5
 3138 06bf 01       		.uleb128 0x1
 3139 06c0 9F150000 		.4byte	0x159f
 3140 06c4 00       		.byte	0
 3141 06c5 18       		.uleb128 0x18
 3142 06c6 380E0000 		.4byte	.LASF94
 3143 06ca 07       		.byte	0x7
 3144 06cb F1       		.byte	0xf1
 3145 06cc 03       		.byte	0x3
 3146 06cd F1050000 		.4byte	.LASF96
 3147 06d1 25000000 		.4byte	0x25
 3148 06d5 DF060000 		.4byte	0x6df
 3149 06d9 01       		.uleb128 0x1
 3150 06da 25000000 		.4byte	0x25
 3151 06de 00       		.byte	0
 3152 06df 03       		.uleb128 0x3
 3153 06e0 960D0000 		.4byte	.LASF97
 3154 06e4 07       		.byte	0x7
 3155 06e5 0801     		.2byte	0x108
 3156 06e7 03       		.byte	0x3
 3157 06e8 481B0000 		.4byte	.LASF98
 3158 06ec 9F150000 		.4byte	0x159f
 3159 06f0 FA060000 		.4byte	0x6fa
 3160 06f4 01       		.uleb128 0x1
 3161 06f5 9F150000 		.4byte	0x159f
 3162 06f9 00       		.byte	0
 3163 06fa 03       		.uleb128 0x3
 3164 06fb 960D0000 		.4byte	.LASF97
 3165 06ff 07       		.byte	0x7
 3166 0700 0401     		.2byte	0x104
 3167 0702 03       		.byte	0x3
 3168 0703 541B0000 		.4byte	.LASF99
 3169 0707 25000000 		.4byte	0x25
 3170 070b 15070000 		.4byte	0x715
 3171 070f 01       		.uleb128 0x1
 3172 0710 25000000 		.4byte	0x25
 3173 0714 00       		.byte	0
 3174 0715 03       		.uleb128 0x3
 3175 0716 EC070000 		.4byte	.LASF100
 3176 071a 07       		.byte	0x7
 3177 071b 1B01     		.2byte	0x11b
 3178 071d 03       		.byte	0x3
 3179 071e 05000000 		.4byte	.LASF101
 3180 0722 9F150000 		.4byte	0x159f
 3181 0726 35070000 		.4byte	0x735
 3182 072a 01       		.uleb128 0x1
 3183 072b 9F150000 		.4byte	0x159f
 3184 072f 01       		.uleb128 0x1
 3185 0730 9F150000 		.4byte	0x159f
 3186 0734 00       		.byte	0
 3187 0735 03       		.uleb128 0x3
 3188 0736 EC070000 		.4byte	.LASF100
ARM GAS  /tmp/ccVOBie3.s 			page 57


 3189 073a 07       		.byte	0x7
 3190 073b 1701     		.2byte	0x117
 3191 073d 03       		.byte	0x3
 3192 073e 35110000 		.4byte	.LASF102
 3193 0742 25000000 		.4byte	0x25
 3194 0746 55070000 		.4byte	0x755
 3195 074a 01       		.uleb128 0x1
 3196 074b 25000000 		.4byte	0x25
 3197 074f 01       		.uleb128 0x1
 3198 0750 25000000 		.4byte	0x25
 3199 0754 00       		.byte	0
 3200 0755 03       		.uleb128 0x3
 3201 0756 CC060000 		.4byte	.LASF103
 3202 075a 07       		.byte	0x7
 3203 075b 2302     		.2byte	0x223
 3204 075d 03       		.byte	0x3
 3205 075e 68060000 		.4byte	.LASF104
 3206 0762 2C000000 		.4byte	0x2c
 3207 0766 70070000 		.4byte	0x770
 3208 076a 01       		.uleb128 0x1
 3209 076b 9F150000 		.4byte	0x159f
 3210 076f 00       		.byte	0
 3211 0770 03       		.uleb128 0x3
 3212 0771 CC060000 		.4byte	.LASF103
 3213 0775 07       		.byte	0x7
 3214 0776 1E02     		.2byte	0x21e
 3215 0778 03       		.byte	0x3
 3216 0779 56060000 		.4byte	.LASF105
 3217 077d 2C000000 		.4byte	0x2c
 3218 0781 8B070000 		.4byte	0x78b
 3219 0785 01       		.uleb128 0x1
 3220 0786 A6150000 		.4byte	0x15a6
 3221 078a 00       		.byte	0
 3222 078b 03       		.uleb128 0x3
 3223 078c CC060000 		.4byte	.LASF103
 3224 0790 07       		.byte	0x7
 3225 0791 1902     		.2byte	0x219
 3226 0793 03       		.byte	0x3
 3227 0794 7A060000 		.4byte	.LASF106
 3228 0798 2C000000 		.4byte	0x2c
 3229 079c A6070000 		.4byte	0x7a6
 3230 07a0 01       		.uleb128 0x1
 3231 07a1 25000000 		.4byte	0x25
 3232 07a5 00       		.byte	0
 3233 07a6 03       		.uleb128 0x3
 3234 07a7 9B1A0000 		.4byte	.LASF107
 3235 07ab 07       		.byte	0x7
 3236 07ac 3A02     		.2byte	0x23a
 3237 07ae 03       		.byte	0x3
 3238 07af E5160000 		.4byte	.LASF108
 3239 07b3 08240000 		.4byte	0x2408
 3240 07b7 C1070000 		.4byte	0x7c1
 3241 07bb 01       		.uleb128 0x1
 3242 07bc 9F150000 		.4byte	0x159f
 3243 07c0 00       		.byte	0
 3244 07c1 03       		.uleb128 0x3
 3245 07c2 9B1A0000 		.4byte	.LASF107
ARM GAS  /tmp/ccVOBie3.s 			page 58


 3246 07c6 07       		.byte	0x7
 3247 07c7 3602     		.2byte	0x236
 3248 07c9 03       		.byte	0x3
 3249 07ca D6160000 		.4byte	.LASF109
 3250 07ce 08240000 		.4byte	0x2408
 3251 07d2 DC070000 		.4byte	0x7dc
 3252 07d6 01       		.uleb128 0x1
 3253 07d7 A6150000 		.4byte	0x15a6
 3254 07db 00       		.byte	0
 3255 07dc 03       		.uleb128 0x3
 3256 07dd 9B1A0000 		.4byte	.LASF107
 3257 07e1 07       		.byte	0x7
 3258 07e2 3202     		.2byte	0x232
 3259 07e4 03       		.byte	0x3
 3260 07e5 F4160000 		.4byte	.LASF110
 3261 07e9 08240000 		.4byte	0x2408
 3262 07ed F7070000 		.4byte	0x7f7
 3263 07f1 01       		.uleb128 0x1
 3264 07f2 25000000 		.4byte	0x25
 3265 07f6 00       		.byte	0
 3266 07f7 03       		.uleb128 0x3
 3267 07f8 9C060000 		.4byte	.LASF111
 3268 07fc 07       		.byte	0x7
 3269 07fd 5502     		.2byte	0x255
 3270 07ff 03       		.byte	0x3
 3271 0800 370A0000 		.4byte	.LASF112
 3272 0804 08240000 		.4byte	0x2408
 3273 0808 12080000 		.4byte	0x812
 3274 080c 01       		.uleb128 0x1
 3275 080d 9F150000 		.4byte	0x159f
 3276 0811 00       		.byte	0
 3277 0812 03       		.uleb128 0x3
 3278 0813 9C060000 		.4byte	.LASF111
 3279 0817 07       		.byte	0x7
 3280 0818 5002     		.2byte	0x250
 3281 081a 03       		.byte	0x3
 3282 081b 2B0A0000 		.4byte	.LASF113
 3283 081f 08240000 		.4byte	0x2408
 3284 0823 2D080000 		.4byte	0x82d
 3285 0827 01       		.uleb128 0x1
 3286 0828 A6150000 		.4byte	0x15a6
 3287 082c 00       		.byte	0
 3288 082d 03       		.uleb128 0x3
 3289 082e 9C060000 		.4byte	.LASF111
 3290 0832 07       		.byte	0x7
 3291 0833 4802     		.2byte	0x248
 3292 0835 03       		.byte	0x3
 3293 0836 430A0000 		.4byte	.LASF114
 3294 083a 08240000 		.4byte	0x2408
 3295 083e 48080000 		.4byte	0x848
 3296 0842 01       		.uleb128 0x1
 3297 0843 25000000 		.4byte	0x25
 3298 0847 00       		.byte	0
 3299 0848 03       		.uleb128 0x3
 3300 0849 7C190000 		.4byte	.LASF115
 3301 084d 07       		.byte	0x7
 3302 084e 7002     		.2byte	0x270
ARM GAS  /tmp/ccVOBie3.s 			page 59


 3303 0850 03       		.byte	0x3
 3304 0851 B4100000 		.4byte	.LASF116
 3305 0855 08240000 		.4byte	0x2408
 3306 0859 63080000 		.4byte	0x863
 3307 085d 01       		.uleb128 0x1
 3308 085e 9F150000 		.4byte	0x159f
 3309 0862 00       		.byte	0
 3310 0863 03       		.uleb128 0x3
 3311 0864 7C190000 		.4byte	.LASF115
 3312 0868 07       		.byte	0x7
 3313 0869 6B02     		.2byte	0x26b
 3314 086b 03       		.byte	0x3
 3315 086c A8100000 		.4byte	.LASF117
 3316 0870 08240000 		.4byte	0x2408
 3317 0874 7E080000 		.4byte	0x87e
 3318 0878 01       		.uleb128 0x1
 3319 0879 A6150000 		.4byte	0x15a6
 3320 087d 00       		.byte	0
 3321 087e 03       		.uleb128 0x3
 3322 087f 7C190000 		.4byte	.LASF115
 3323 0883 07       		.byte	0x7
 3324 0884 6302     		.2byte	0x263
 3325 0886 03       		.byte	0x3
 3326 0887 C0100000 		.4byte	.LASF118
 3327 088b 08240000 		.4byte	0x2408
 3328 088f 99080000 		.4byte	0x899
 3329 0893 01       		.uleb128 0x1
 3330 0894 25000000 		.4byte	0x25
 3331 0898 00       		.byte	0
 3332 0899 03       		.uleb128 0x3
 3333 089a 7E1F0000 		.4byte	.LASF119
 3334 089e 07       		.byte	0x7
 3335 089f 8602     		.2byte	0x286
 3336 08a1 03       		.byte	0x3
 3337 08a2 AB070000 		.4byte	.LASF120
 3338 08a6 08240000 		.4byte	0x2408
 3339 08aa B4080000 		.4byte	0x8b4
 3340 08ae 01       		.uleb128 0x1
 3341 08af 9F150000 		.4byte	0x159f
 3342 08b3 00       		.byte	0
 3343 08b4 03       		.uleb128 0x3
 3344 08b5 7E1F0000 		.4byte	.LASF119
 3345 08b9 07       		.byte	0x7
 3346 08ba 8202     		.2byte	0x282
 3347 08bc 03       		.byte	0x3
 3348 08bd 9C070000 		.4byte	.LASF121
 3349 08c1 08240000 		.4byte	0x2408
 3350 08c5 CF080000 		.4byte	0x8cf
 3351 08c9 01       		.uleb128 0x1
 3352 08ca A6150000 		.4byte	0x15a6
 3353 08ce 00       		.byte	0
 3354 08cf 03       		.uleb128 0x3
 3355 08d0 7E1F0000 		.4byte	.LASF119
 3356 08d4 07       		.byte	0x7
 3357 08d5 7E02     		.2byte	0x27e
 3358 08d7 03       		.byte	0x3
 3359 08d8 BA070000 		.4byte	.LASF122
ARM GAS  /tmp/ccVOBie3.s 			page 60


 3360 08dc 08240000 		.4byte	0x2408
 3361 08e0 EA080000 		.4byte	0x8ea
 3362 08e4 01       		.uleb128 0x1
 3363 08e5 25000000 		.4byte	0x25
 3364 08e9 00       		.byte	0
 3365 08ea 03       		.uleb128 0x3
 3366 08eb 56050000 		.4byte	.LASF123
 3367 08ef 07       		.byte	0x7
 3368 08f0 9D02     		.2byte	0x29d
 3369 08f2 03       		.byte	0x3
 3370 08f3 85000000 		.4byte	.LASF124
 3371 08f7 08240000 		.4byte	0x2408
 3372 08fb 05090000 		.4byte	0x905
 3373 08ff 01       		.uleb128 0x1
 3374 0900 9F150000 		.4byte	0x159f
 3375 0904 00       		.byte	0
 3376 0905 03       		.uleb128 0x3
 3377 0906 56050000 		.4byte	.LASF123
 3378 090a 07       		.byte	0x7
 3379 090b 9902     		.2byte	0x299
 3380 090d 03       		.byte	0x3
 3381 090e 77000000 		.4byte	.LASF125
 3382 0912 08240000 		.4byte	0x2408
 3383 0916 20090000 		.4byte	0x920
 3384 091a 01       		.uleb128 0x1
 3385 091b A6150000 		.4byte	0x15a6
 3386 091f 00       		.byte	0
 3387 0920 03       		.uleb128 0x3
 3388 0921 56050000 		.4byte	.LASF123
 3389 0925 07       		.byte	0x7
 3390 0926 9502     		.2byte	0x295
 3391 0928 03       		.byte	0x3
 3392 0929 93000000 		.4byte	.LASF126
 3393 092d 08240000 		.4byte	0x2408
 3394 0931 3B090000 		.4byte	0x93b
 3395 0935 01       		.uleb128 0x1
 3396 0936 25000000 		.4byte	0x25
 3397 093a 00       		.byte	0
 3398 093b 03       		.uleb128 0x3
 3399 093c 65090000 		.4byte	.LASF127
 3400 0940 07       		.byte	0x7
 3401 0941 B302     		.2byte	0x2b3
 3402 0943 03       		.byte	0x3
 3403 0944 A90E0000 		.4byte	.LASF128
 3404 0948 08240000 		.4byte	0x2408
 3405 094c 5B090000 		.4byte	0x95b
 3406 0950 01       		.uleb128 0x1
 3407 0951 9F150000 		.4byte	0x159f
 3408 0955 01       		.uleb128 0x1
 3409 0956 9F150000 		.4byte	0x159f
 3410 095a 00       		.byte	0
 3411 095b 03       		.uleb128 0x3
 3412 095c 65090000 		.4byte	.LASF127
 3413 0960 07       		.byte	0x7
 3414 0961 AF02     		.2byte	0x2af
 3415 0963 03       		.byte	0x3
 3416 0964 850D0000 		.4byte	.LASF129
ARM GAS  /tmp/ccVOBie3.s 			page 61


 3417 0968 08240000 		.4byte	0x2408
 3418 096c 7B090000 		.4byte	0x97b
 3419 0970 01       		.uleb128 0x1
 3420 0971 A6150000 		.4byte	0x15a6
 3421 0975 01       		.uleb128 0x1
 3422 0976 A6150000 		.4byte	0x15a6
 3423 097a 00       		.byte	0
 3424 097b 03       		.uleb128 0x3
 3425 097c 65090000 		.4byte	.LASF127
 3426 0980 07       		.byte	0x7
 3427 0981 AB02     		.2byte	0x2ab
 3428 0983 03       		.byte	0x3
 3429 0984 CF0F0000 		.4byte	.LASF130
 3430 0988 08240000 		.4byte	0x2408
 3431 098c 9B090000 		.4byte	0x99b
 3432 0990 01       		.uleb128 0x1
 3433 0991 25000000 		.4byte	0x25
 3434 0995 01       		.uleb128 0x1
 3435 0996 25000000 		.4byte	0x25
 3436 099a 00       		.byte	0
 3437 099b 03       		.uleb128 0x3
 3438 099c BE140000 		.4byte	.LASF131
 3439 09a0 07       		.byte	0x7
 3440 09a1 CD02     		.2byte	0x2cd
 3441 09a3 03       		.byte	0x3
 3442 09a4 311B0000 		.4byte	.LASF132
 3443 09a8 08240000 		.4byte	0x2408
 3444 09ac BB090000 		.4byte	0x9bb
 3445 09b0 01       		.uleb128 0x1
 3446 09b1 9F150000 		.4byte	0x159f
 3447 09b5 01       		.uleb128 0x1
 3448 09b6 9F150000 		.4byte	0x159f
 3449 09ba 00       		.byte	0
 3450 09bb 03       		.uleb128 0x3
 3451 09bc BE140000 		.4byte	.LASF131
 3452 09c0 07       		.byte	0x7
 3453 09c1 C902     		.2byte	0x2c9
 3454 09c3 03       		.byte	0x3
 3455 09c4 05130000 		.4byte	.LASF133
 3456 09c8 08240000 		.4byte	0x2408
 3457 09cc DB090000 		.4byte	0x9db
 3458 09d0 01       		.uleb128 0x1
 3459 09d1 A6150000 		.4byte	0x15a6
 3460 09d5 01       		.uleb128 0x1
 3461 09d6 A6150000 		.4byte	0x15a6
 3462 09da 00       		.byte	0
 3463 09db 03       		.uleb128 0x3
 3464 09dc BE140000 		.4byte	.LASF131
 3465 09e0 07       		.byte	0x7
 3466 09e1 C502     		.2byte	0x2c5
 3467 09e3 03       		.byte	0x3
 3468 09e4 671C0000 		.4byte	.LASF134
 3469 09e8 08240000 		.4byte	0x2408
 3470 09ec FB090000 		.4byte	0x9fb
 3471 09f0 01       		.uleb128 0x1
 3472 09f1 25000000 		.4byte	0x25
 3473 09f5 01       		.uleb128 0x1
ARM GAS  /tmp/ccVOBie3.s 			page 62


 3474 09f6 25000000 		.4byte	0x25
 3475 09fa 00       		.byte	0
 3476 09fb 03       		.uleb128 0x3
 3477 09fc 411D0000 		.4byte	.LASF135
 3478 0a00 07       		.byte	0x7
 3479 0a01 E702     		.2byte	0x2e7
 3480 0a03 03       		.byte	0x3
 3481 0a04 B31A0000 		.4byte	.LASF136
 3482 0a08 08240000 		.4byte	0x2408
 3483 0a0c 1B0A0000 		.4byte	0xa1b
 3484 0a10 01       		.uleb128 0x1
 3485 0a11 9F150000 		.4byte	0x159f
 3486 0a15 01       		.uleb128 0x1
 3487 0a16 9F150000 		.4byte	0x159f
 3488 0a1a 00       		.byte	0
 3489 0a1b 03       		.uleb128 0x3
 3490 0a1c 411D0000 		.4byte	.LASF135
 3491 0a20 07       		.byte	0x7
 3492 0a21 E302     		.2byte	0x2e3
 3493 0a23 03       		.byte	0x3
 3494 0a24 8F190000 		.4byte	.LASF137
 3495 0a28 08240000 		.4byte	0x2408
 3496 0a2c 3B0A0000 		.4byte	0xa3b
 3497 0a30 01       		.uleb128 0x1
 3498 0a31 A6150000 		.4byte	0x15a6
 3499 0a35 01       		.uleb128 0x1
 3500 0a36 A6150000 		.4byte	0x15a6
 3501 0a3a 00       		.byte	0
 3502 0a3b 03       		.uleb128 0x3
 3503 0a3c 411D0000 		.4byte	.LASF135
 3504 0a40 07       		.byte	0x7
 3505 0a41 DF02     		.2byte	0x2df
 3506 0a43 03       		.byte	0x3
 3507 0a44 BF1B0000 		.4byte	.LASF138
 3508 0a48 08240000 		.4byte	0x2408
 3509 0a4c 5B0A0000 		.4byte	0xa5b
 3510 0a50 01       		.uleb128 0x1
 3511 0a51 25000000 		.4byte	0x25
 3512 0a55 01       		.uleb128 0x1
 3513 0a56 25000000 		.4byte	0x25
 3514 0a5a 00       		.byte	0
 3515 0a5b 03       		.uleb128 0x3
 3516 0a5c 59070000 		.4byte	.LASF139
 3517 0a60 07       		.byte	0x7
 3518 0a61 0103     		.2byte	0x301
 3519 0a63 03       		.byte	0x3
 3520 0a64 91160000 		.4byte	.LASF140
 3521 0a68 08240000 		.4byte	0x2408
 3522 0a6c 7B0A0000 		.4byte	0xa7b
 3523 0a70 01       		.uleb128 0x1
 3524 0a71 9F150000 		.4byte	0x159f
 3525 0a75 01       		.uleb128 0x1
 3526 0a76 9F150000 		.4byte	0x159f
 3527 0a7a 00       		.byte	0
 3528 0a7b 03       		.uleb128 0x3
 3529 0a7c 59070000 		.4byte	.LASF139
 3530 0a80 07       		.byte	0x7
ARM GAS  /tmp/ccVOBie3.s 			page 63


 3531 0a81 FD02     		.2byte	0x2fd
 3532 0a83 03       		.byte	0x3
 3533 0a84 9E150000 		.4byte	.LASF141
 3534 0a88 08240000 		.4byte	0x2408
 3535 0a8c 9B0A0000 		.4byte	0xa9b
 3536 0a90 01       		.uleb128 0x1
 3537 0a91 A6150000 		.4byte	0x15a6
 3538 0a95 01       		.uleb128 0x1
 3539 0a96 A6150000 		.4byte	0x15a6
 3540 0a9a 00       		.byte	0
 3541 0a9b 03       		.uleb128 0x3
 3542 0a9c 59070000 		.4byte	.LASF139
 3543 0aa0 07       		.byte	0x7
 3544 0aa1 F902     		.2byte	0x2f9
 3545 0aa3 03       		.byte	0x3
 3546 0aa4 9C170000 		.4byte	.LASF142
 3547 0aa8 08240000 		.4byte	0x2408
 3548 0aac BB0A0000 		.4byte	0xabb
 3549 0ab0 01       		.uleb128 0x1
 3550 0ab1 25000000 		.4byte	0x25
 3551 0ab5 01       		.uleb128 0x1
 3552 0ab6 25000000 		.4byte	0x25
 3553 0aba 00       		.byte	0
 3554 0abb 03       		.uleb128 0x3
 3555 0abc 4F0A0000 		.4byte	.LASF143
 3556 0ac0 07       		.byte	0x7
 3557 0ac1 1B03     		.2byte	0x31b
 3558 0ac3 03       		.byte	0x3
 3559 0ac4 E70C0000 		.4byte	.LASF144
 3560 0ac8 08240000 		.4byte	0x2408
 3561 0acc DB0A0000 		.4byte	0xadb
 3562 0ad0 01       		.uleb128 0x1
 3563 0ad1 9F150000 		.4byte	0x159f
 3564 0ad5 01       		.uleb128 0x1
 3565 0ad6 9F150000 		.4byte	0x159f
 3566 0ada 00       		.byte	0
 3567 0adb 03       		.uleb128 0x3
 3568 0adc 4F0A0000 		.4byte	.LASF143
 3569 0ae0 07       		.byte	0x7
 3570 0ae1 1703     		.2byte	0x317
 3571 0ae3 03       		.byte	0x3
 3572 0ae4 050C0000 		.4byte	.LASF145
 3573 0ae8 08240000 		.4byte	0x2408
 3574 0aec FB0A0000 		.4byte	0xafb
 3575 0af0 01       		.uleb128 0x1
 3576 0af1 A6150000 		.4byte	0x15a6
 3577 0af5 01       		.uleb128 0x1
 3578 0af6 A6150000 		.4byte	0x15a6
 3579 0afa 00       		.byte	0
 3580 0afb 03       		.uleb128 0x3
 3581 0afc 4F0A0000 		.4byte	.LASF143
 3582 0b00 07       		.byte	0x7
 3583 0b01 1303     		.2byte	0x313
 3584 0b03 03       		.byte	0x3
 3585 0b04 140E0000 		.4byte	.LASF146
 3586 0b08 08240000 		.4byte	0x2408
 3587 0b0c 1B0B0000 		.4byte	0xb1b
ARM GAS  /tmp/ccVOBie3.s 			page 64


 3588 0b10 01       		.uleb128 0x1
 3589 0b11 25000000 		.4byte	0x25
 3590 0b15 01       		.uleb128 0x1
 3591 0b16 25000000 		.4byte	0x25
 3592 0b1a 00       		.byte	0
 3593 0b1b 03       		.uleb128 0x3
 3594 0b1c 0C020000 		.4byte	.LASF147
 3595 0b20 07       		.byte	0x7
 3596 0b21 3503     		.2byte	0x335
 3597 0b23 03       		.byte	0x3
 3598 0b24 7E040000 		.4byte	.LASF148
 3599 0b28 08240000 		.4byte	0x2408
 3600 0b2c 3B0B0000 		.4byte	0xb3b
 3601 0b30 01       		.uleb128 0x1
 3602 0b31 9F150000 		.4byte	0x159f
 3603 0b35 01       		.uleb128 0x1
 3604 0b36 9F150000 		.4byte	0x159f
 3605 0b3a 00       		.byte	0
 3606 0b3b 03       		.uleb128 0x3
 3607 0b3c 0C020000 		.4byte	.LASF147
 3608 0b40 07       		.byte	0x7
 3609 0b41 3103     		.2byte	0x331
 3610 0b43 03       		.byte	0x3
 3611 0b44 94030000 		.4byte	.LASF149
 3612 0b48 08240000 		.4byte	0x2408
 3613 0b4c 5B0B0000 		.4byte	0xb5b
 3614 0b50 01       		.uleb128 0x1
 3615 0b51 A6150000 		.4byte	0x15a6
 3616 0b55 01       		.uleb128 0x1
 3617 0b56 A6150000 		.4byte	0x15a6
 3618 0b5a 00       		.byte	0
 3619 0b5b 03       		.uleb128 0x3
 3620 0b5c 0C020000 		.4byte	.LASF147
 3621 0b60 07       		.byte	0x7
 3622 0b61 2D03     		.2byte	0x32d
 3623 0b63 03       		.byte	0x3
 3624 0b64 7F050000 		.4byte	.LASF150
 3625 0b68 08240000 		.4byte	0x2408
 3626 0b6c 7B0B0000 		.4byte	0xb7b
 3627 0b70 01       		.uleb128 0x1
 3628 0b71 25000000 		.4byte	0x25
 3629 0b75 01       		.uleb128 0x1
 3630 0b76 25000000 		.4byte	0x25
 3631 0b7a 00       		.byte	0
 3632 0b7b 03       		.uleb128 0x3
 3633 0b7c 40180000 		.4byte	.LASF151
 3634 0b80 07       		.byte	0x7
 3635 0b81 C204     		.2byte	0x4c2
 3636 0b83 03       		.byte	0x3
 3637 0b84 871F0000 		.4byte	.LASF152
 3638 0b88 9F150000 		.4byte	0x159f
 3639 0b8c 960B0000 		.4byte	0xb96
 3640 0b90 01       		.uleb128 0x1
 3641 0b91 9F150000 		.4byte	0x159f
 3642 0b95 00       		.byte	0
 3643 0b96 03       		.uleb128 0x3
 3644 0b97 40180000 		.4byte	.LASF151
ARM GAS  /tmp/ccVOBie3.s 			page 65


 3645 0b9b 07       		.byte	0x7
 3646 0b9c BE04     		.2byte	0x4be
 3647 0b9e 03       		.byte	0x3
 3648 0b9f 931F0000 		.4byte	.LASF153
 3649 0ba3 25000000 		.4byte	0x25
 3650 0ba7 B10B0000 		.4byte	0xbb1
 3651 0bab 01       		.uleb128 0x1
 3652 0bac 25000000 		.4byte	0x25
 3653 0bb0 00       		.byte	0
 3654 0bb1 03       		.uleb128 0x3
 3655 0bb2 E00F0000 		.4byte	.LASF154
 3656 0bb6 07       		.byte	0x7
 3657 0bb7 D404     		.2byte	0x4d4
 3658 0bb9 03       		.byte	0x3
 3659 0bba 9D190000 		.4byte	.LASF155
 3660 0bbe 9F150000 		.4byte	0x159f
 3661 0bc2 CC0B0000 		.4byte	0xbcc
 3662 0bc6 01       		.uleb128 0x1
 3663 0bc7 9F150000 		.4byte	0x159f
 3664 0bcb 00       		.byte	0
 3665 0bcc 03       		.uleb128 0x3
 3666 0bcd E00F0000 		.4byte	.LASF154
 3667 0bd1 07       		.byte	0x7
 3668 0bd2 D004     		.2byte	0x4d0
 3669 0bd4 03       		.byte	0x3
 3670 0bd5 A9190000 		.4byte	.LASF156
 3671 0bd9 25000000 		.4byte	0x25
 3672 0bdd E70B0000 		.4byte	0xbe7
 3673 0be1 01       		.uleb128 0x1
 3674 0be2 25000000 		.4byte	0x25
 3675 0be6 00       		.byte	0
 3676 0be7 03       		.uleb128 0x3
 3677 0be8 770C0000 		.4byte	.LASF157
 3678 0bec 07       		.byte	0x7
 3679 0bed E604     		.2byte	0x4e6
 3680 0bef 03       		.byte	0x3
 3681 0bf0 05140000 		.4byte	.LASF158
 3682 0bf4 9F150000 		.4byte	0x159f
 3683 0bf8 020C0000 		.4byte	0xc02
 3684 0bfc 01       		.uleb128 0x1
 3685 0bfd 9F150000 		.4byte	0x159f
 3686 0c01 00       		.byte	0
 3687 0c02 03       		.uleb128 0x3
 3688 0c03 770C0000 		.4byte	.LASF157
 3689 0c07 07       		.byte	0x7
 3690 0c08 E204     		.2byte	0x4e2
 3691 0c0a 03       		.byte	0x3
 3692 0c0b 11140000 		.4byte	.LASF159
 3693 0c0f 25000000 		.4byte	0x25
 3694 0c13 1D0C0000 		.4byte	0xc1d
 3695 0c17 01       		.uleb128 0x1
 3696 0c18 25000000 		.4byte	0x25
 3697 0c1c 00       		.byte	0
 3698 0c1d 03       		.uleb128 0x3
 3699 0c1e 80140000 		.4byte	.LASF160
 3700 0c22 07       		.byte	0x7
 3701 0c23 F804     		.2byte	0x4f8
ARM GAS  /tmp/ccVOBie3.s 			page 66


 3702 0c25 03       		.byte	0x3
 3703 0c26 080F0000 		.4byte	.LASF161
 3704 0c2a 9F150000 		.4byte	0x159f
 3705 0c2e 380C0000 		.4byte	0xc38
 3706 0c32 01       		.uleb128 0x1
 3707 0c33 9F150000 		.4byte	0x159f
 3708 0c37 00       		.byte	0
 3709 0c38 03       		.uleb128 0x3
 3710 0c39 80140000 		.4byte	.LASF160
 3711 0c3d 07       		.byte	0x7
 3712 0c3e F404     		.2byte	0x4f4
 3713 0c40 03       		.byte	0x3
 3714 0c41 130F0000 		.4byte	.LASF162
 3715 0c45 25000000 		.4byte	0x25
 3716 0c49 530C0000 		.4byte	0xc53
 3717 0c4d 01       		.uleb128 0x1
 3718 0c4e 25000000 		.4byte	0x25
 3719 0c52 00       		.byte	0
 3720 0c53 03       		.uleb128 0x3
 3721 0c54 B0170000 		.4byte	.LASF163
 3722 0c58 07       		.byte	0x7
 3723 0c59 0A05     		.2byte	0x50a
 3724 0c5b 03       		.byte	0x3
 3725 0c5c 060A0000 		.4byte	.LASF164
 3726 0c60 9F150000 		.4byte	0x159f
 3727 0c64 730C0000 		.4byte	0xc73
 3728 0c68 01       		.uleb128 0x1
 3729 0c69 9F150000 		.4byte	0x159f
 3730 0c6d 01       		.uleb128 0x1
 3731 0c6e 9F150000 		.4byte	0x159f
 3732 0c72 00       		.byte	0
 3733 0c73 03       		.uleb128 0x3
 3734 0c74 B0170000 		.4byte	.LASF163
 3735 0c78 07       		.byte	0x7
 3736 0c79 0605     		.2byte	0x506
 3737 0c7b 03       		.byte	0x3
 3738 0c7c 270C0000 		.4byte	.LASF165
 3739 0c80 25000000 		.4byte	0x25
 3740 0c84 930C0000 		.4byte	0xc93
 3741 0c88 01       		.uleb128 0x1
 3742 0c89 25000000 		.4byte	0x25
 3743 0c8d 01       		.uleb128 0x1
 3744 0c8e 25000000 		.4byte	0x25
 3745 0c92 00       		.byte	0
 3746 0c93 1B       		.uleb128 0x1b
 3747 0c94 65726600 		.ascii	"erf\000"
 3748 0c98 07       		.byte	0x7
 3749 0c99 1E05     		.2byte	0x51e
 3750 0c9b 03       		.byte	0x3
 3751 0c9c 8C1A0000 		.4byte	.LASF166
 3752 0ca0 9F150000 		.4byte	0x159f
 3753 0ca4 AE0C0000 		.4byte	0xcae
 3754 0ca8 01       		.uleb128 0x1
 3755 0ca9 9F150000 		.4byte	0x159f
 3756 0cad 00       		.byte	0
 3757 0cae 1B       		.uleb128 0x1b
 3758 0caf 65726600 		.ascii	"erf\000"
ARM GAS  /tmp/ccVOBie3.s 			page 67


 3759 0cb3 07       		.byte	0x7
 3760 0cb4 1A05     		.2byte	0x51a
 3761 0cb6 03       		.byte	0x3
 3762 0cb7 A71E0000 		.4byte	.LASF167
 3763 0cbb 25000000 		.4byte	0x25
 3764 0cbf C90C0000 		.4byte	0xcc9
 3765 0cc3 01       		.uleb128 0x1
 3766 0cc4 25000000 		.4byte	0x25
 3767 0cc8 00       		.byte	0
 3768 0cc9 03       		.uleb128 0x3
 3769 0cca AE0F0000 		.4byte	.LASF168
 3770 0cce 07       		.byte	0x7
 3771 0ccf 3005     		.2byte	0x530
 3772 0cd1 03       		.byte	0x3
 3773 0cd2 E8060000 		.4byte	.LASF169
 3774 0cd6 9F150000 		.4byte	0x159f
 3775 0cda E40C0000 		.4byte	0xce4
 3776 0cde 01       		.uleb128 0x1
 3777 0cdf 9F150000 		.4byte	0x159f
 3778 0ce3 00       		.byte	0
 3779 0ce4 03       		.uleb128 0x3
 3780 0ce5 AE0F0000 		.4byte	.LASF168
 3781 0ce9 07       		.byte	0x7
 3782 0cea 2C05     		.2byte	0x52c
 3783 0cec 03       		.byte	0x3
 3784 0ced F3060000 		.4byte	.LASF170
 3785 0cf1 25000000 		.4byte	0x25
 3786 0cf5 FF0C0000 		.4byte	0xcff
 3787 0cf9 01       		.uleb128 0x1
 3788 0cfa 25000000 		.4byte	0x25
 3789 0cfe 00       		.byte	0
 3790 0cff 03       		.uleb128 0x3
 3791 0d00 BD1E0000 		.4byte	.LASF171
 3792 0d04 07       		.byte	0x7
 3793 0d05 4205     		.2byte	0x542
 3794 0d07 03       		.byte	0x3
 3795 0d08 B8150000 		.4byte	.LASF172
 3796 0d0c 9F150000 		.4byte	0x159f
 3797 0d10 1A0D0000 		.4byte	0xd1a
 3798 0d14 01       		.uleb128 0x1
 3799 0d15 9F150000 		.4byte	0x159f
 3800 0d19 00       		.byte	0
 3801 0d1a 03       		.uleb128 0x3
 3802 0d1b BD1E0000 		.4byte	.LASF171
 3803 0d1f 07       		.byte	0x7
 3804 0d20 3E05     		.2byte	0x53e
 3805 0d22 03       		.byte	0x3
 3806 0d23 C3150000 		.4byte	.LASF173
 3807 0d27 25000000 		.4byte	0x25
 3808 0d2b 350D0000 		.4byte	0xd35
 3809 0d2f 01       		.uleb128 0x1
 3810 0d30 25000000 		.4byte	0x25
 3811 0d34 00       		.byte	0
 3812 0d35 03       		.uleb128 0x3
 3813 0d36 63170000 		.4byte	.LASF174
 3814 0d3a 07       		.byte	0x7
 3815 0d3b 5405     		.2byte	0x554
ARM GAS  /tmp/ccVOBie3.s 			page 68


 3816 0d3d 03       		.byte	0x3
 3817 0d3e 370C0000 		.4byte	.LASF175
 3818 0d42 9F150000 		.4byte	0x159f
 3819 0d46 500D0000 		.4byte	0xd50
 3820 0d4a 01       		.uleb128 0x1
 3821 0d4b 9F150000 		.4byte	0x159f
 3822 0d4f 00       		.byte	0
 3823 0d50 03       		.uleb128 0x3
 3824 0d51 63170000 		.4byte	.LASF174
 3825 0d55 07       		.byte	0x7
 3826 0d56 5005     		.2byte	0x550
 3827 0d58 03       		.byte	0x3
 3828 0d59 430C0000 		.4byte	.LASF176
 3829 0d5d 25000000 		.4byte	0x25
 3830 0d61 6B0D0000 		.4byte	0xd6b
 3831 0d65 01       		.uleb128 0x1
 3832 0d66 25000000 		.4byte	0x25
 3833 0d6a 00       		.byte	0
 3834 0d6b 03       		.uleb128 0x3
 3835 0d6c 00000000 		.4byte	.LASF177
 3836 0d70 07       		.byte	0x7
 3837 0d71 6605     		.2byte	0x566
 3838 0d73 03       		.byte	0x3
 3839 0d74 5E050000 		.4byte	.LASF178
 3840 0d78 9F150000 		.4byte	0x159f
 3841 0d7c 8B0D0000 		.4byte	0xd8b
 3842 0d80 01       		.uleb128 0x1
 3843 0d81 9F150000 		.4byte	0x159f
 3844 0d85 01       		.uleb128 0x1
 3845 0d86 9F150000 		.4byte	0x159f
 3846 0d8a 00       		.byte	0
 3847 0d8b 03       		.uleb128 0x3
 3848 0d8c 00000000 		.4byte	.LASF177
 3849 0d90 07       		.byte	0x7
 3850 0d91 6205     		.2byte	0x562
 3851 0d93 03       		.byte	0x3
 3852 0d94 27160000 		.4byte	.LASF179
 3853 0d98 25000000 		.4byte	0x25
 3854 0d9c AB0D0000 		.4byte	0xdab
 3855 0da0 01       		.uleb128 0x1
 3856 0da1 25000000 		.4byte	0x25
 3857 0da5 01       		.uleb128 0x1
 3858 0da6 25000000 		.4byte	0x25
 3859 0daa 00       		.byte	0
 3860 0dab 1B       		.uleb128 0x1b
 3861 0dac 666D6100 		.ascii	"fma\000"
 3862 0db0 07       		.byte	0x7
 3863 0db1 7A05     		.2byte	0x57a
 3864 0db3 03       		.byte	0x3
 3865 0db4 AB020000 		.4byte	.LASF180
 3866 0db8 9F150000 		.4byte	0x159f
 3867 0dbc D00D0000 		.4byte	0xdd0
 3868 0dc0 01       		.uleb128 0x1
 3869 0dc1 9F150000 		.4byte	0x159f
 3870 0dc5 01       		.uleb128 0x1
 3871 0dc6 9F150000 		.4byte	0x159f
 3872 0dca 01       		.uleb128 0x1
ARM GAS  /tmp/ccVOBie3.s 			page 69


 3873 0dcb 9F150000 		.4byte	0x159f
 3874 0dcf 00       		.byte	0
 3875 0dd0 1B       		.uleb128 0x1b
 3876 0dd1 666D6100 		.ascii	"fma\000"
 3877 0dd5 07       		.byte	0x7
 3878 0dd6 7605     		.2byte	0x576
 3879 0dd8 03       		.byte	0x3
 3880 0dd9 810A0000 		.4byte	.LASF181
 3881 0ddd 25000000 		.4byte	0x25
 3882 0de1 F50D0000 		.4byte	0xdf5
 3883 0de5 01       		.uleb128 0x1
 3884 0de6 25000000 		.4byte	0x25
 3885 0dea 01       		.uleb128 0x1
 3886 0deb 25000000 		.4byte	0x25
 3887 0def 01       		.uleb128 0x1
 3888 0df0 25000000 		.4byte	0x25
 3889 0df4 00       		.byte	0
 3890 0df5 03       		.uleb128 0x3
 3891 0df6 67190000 		.4byte	.LASF182
 3892 0dfa 07       		.byte	0x7
 3893 0dfb 8E05     		.2byte	0x58e
 3894 0dfd 03       		.byte	0x3
 3895 0dfe B11E0000 		.4byte	.LASF183
 3896 0e02 9F150000 		.4byte	0x159f
 3897 0e06 150E0000 		.4byte	0xe15
 3898 0e0a 01       		.uleb128 0x1
 3899 0e0b 9F150000 		.4byte	0x159f
 3900 0e0f 01       		.uleb128 0x1
 3901 0e10 9F150000 		.4byte	0x159f
 3902 0e14 00       		.byte	0
 3903 0e15 03       		.uleb128 0x3
 3904 0e16 67190000 		.4byte	.LASF182
 3905 0e1a 07       		.byte	0x7
 3906 0e1b 8A05     		.2byte	0x58a
 3907 0e1d 03       		.byte	0x3
 3908 0e1e 651F0000 		.4byte	.LASF184
 3909 0e22 25000000 		.4byte	0x25
 3910 0e26 350E0000 		.4byte	0xe35
 3911 0e2a 01       		.uleb128 0x1
 3912 0e2b 25000000 		.4byte	0x25
 3913 0e2f 01       		.uleb128 0x1
 3914 0e30 25000000 		.4byte	0x25
 3915 0e34 00       		.byte	0
 3916 0e35 03       		.uleb128 0x3
 3917 0e36 C8010000 		.4byte	.LASF185
 3918 0e3a 07       		.byte	0x7
 3919 0e3b A205     		.2byte	0x5a2
 3920 0e3d 03       		.byte	0x3
 3921 0e3e 2B1F0000 		.4byte	.LASF186
 3922 0e42 9F150000 		.4byte	0x159f
 3923 0e46 550E0000 		.4byte	0xe55
 3924 0e4a 01       		.uleb128 0x1
 3925 0e4b 9F150000 		.4byte	0x159f
 3926 0e4f 01       		.uleb128 0x1
 3927 0e50 9F150000 		.4byte	0x159f
 3928 0e54 00       		.byte	0
 3929 0e55 03       		.uleb128 0x3
ARM GAS  /tmp/ccVOBie3.s 			page 70


 3930 0e56 C8010000 		.4byte	.LASF185
 3931 0e5a 07       		.byte	0x7
 3932 0e5b 9E05     		.2byte	0x59e
 3933 0e5d 03       		.byte	0x3
 3934 0e5e F1000000 		.4byte	.LASF187
 3935 0e62 25000000 		.4byte	0x25
 3936 0e66 750E0000 		.4byte	0xe75
 3937 0e6a 01       		.uleb128 0x1
 3938 0e6b 25000000 		.4byte	0x25
 3939 0e6f 01       		.uleb128 0x1
 3940 0e70 25000000 		.4byte	0x25
 3941 0e74 00       		.byte	0
 3942 0e75 03       		.uleb128 0x3
 3943 0e76 2B1B0000 		.4byte	.LASF188
 3944 0e7a 07       		.byte	0x7
 3945 0e7b B605     		.2byte	0x5b6
 3946 0e7d 03       		.byte	0x3
 3947 0e7e D40C0000 		.4byte	.LASF189
 3948 0e82 9F150000 		.4byte	0x159f
 3949 0e86 950E0000 		.4byte	0xe95
 3950 0e8a 01       		.uleb128 0x1
 3951 0e8b 9F150000 		.4byte	0x159f
 3952 0e8f 01       		.uleb128 0x1
 3953 0e90 9F150000 		.4byte	0x159f
 3954 0e94 00       		.byte	0
 3955 0e95 03       		.uleb128 0x3
 3956 0e96 2B1B0000 		.4byte	.LASF188
 3957 0e9a 07       		.byte	0x7
 3958 0e9b B205     		.2byte	0x5b2
 3959 0e9d 03       		.byte	0x3
 3960 0e9e 260F0000 		.4byte	.LASF190
 3961 0ea2 25000000 		.4byte	0x25
 3962 0ea6 B50E0000 		.4byte	0xeb5
 3963 0eaa 01       		.uleb128 0x1
 3964 0eab 25000000 		.4byte	0x25
 3965 0eaf 01       		.uleb128 0x1
 3966 0eb0 25000000 		.4byte	0x25
 3967 0eb4 00       		.byte	0
 3968 0eb5 03       		.uleb128 0x3
 3969 0eb6 51030000 		.4byte	.LASF191
 3970 0eba 07       		.byte	0x7
 3971 0ebb CA05     		.2byte	0x5ca
 3972 0ebd 03       		.byte	0x3
 3973 0ebe 5B1C0000 		.4byte	.LASF192
 3974 0ec2 2C000000 		.4byte	0x2c
 3975 0ec6 D00E0000 		.4byte	0xed0
 3976 0eca 01       		.uleb128 0x1
 3977 0ecb 9F150000 		.4byte	0x159f
 3978 0ecf 00       		.byte	0
 3979 0ed0 03       		.uleb128 0x3
 3980 0ed1 51030000 		.4byte	.LASF191
 3981 0ed5 07       		.byte	0x7
 3982 0ed6 C605     		.2byte	0x5c6
 3983 0ed8 03       		.byte	0x3
 3984 0ed9 FB1B0000 		.4byte	.LASF193
 3985 0edd 2C000000 		.4byte	0x2c
 3986 0ee1 EB0E0000 		.4byte	0xeeb
ARM GAS  /tmp/ccVOBie3.s 			page 71


 3987 0ee5 01       		.uleb128 0x1
 3988 0ee6 25000000 		.4byte	0x25
 3989 0eea 00       		.byte	0
 3990 0eeb 03       		.uleb128 0x3
 3991 0eec 2F1D0000 		.4byte	.LASF194
 3992 0ef0 07       		.byte	0x7
 3993 0ef1 DD05     		.2byte	0x5dd
 3994 0ef3 03       		.byte	0x3
 3995 0ef4 CD010000 		.4byte	.LASF195
 3996 0ef8 9F150000 		.4byte	0x159f
 3997 0efc 060F0000 		.4byte	0xf06
 3998 0f00 01       		.uleb128 0x1
 3999 0f01 9F150000 		.4byte	0x159f
 4000 0f05 00       		.byte	0
 4001 0f06 03       		.uleb128 0x3
 4002 0f07 2F1D0000 		.4byte	.LASF194
 4003 0f0b 07       		.byte	0x7
 4004 0f0c D905     		.2byte	0x5d9
 4005 0f0e 03       		.byte	0x3
 4006 0f0f DA010000 		.4byte	.LASF196
 4007 0f13 25000000 		.4byte	0x25
 4008 0f17 210F0000 		.4byte	0xf21
 4009 0f1b 01       		.uleb128 0x1
 4010 0f1c 25000000 		.4byte	0x25
 4011 0f20 00       		.byte	0
 4012 0f21 03       		.uleb128 0x3
 4013 0f22 141B0000 		.4byte	.LASF197
 4014 0f26 07       		.byte	0x7
 4015 0f27 EF05     		.2byte	0x5ef
 4016 0f29 03       		.byte	0x3
 4017 0f2a 281E0000 		.4byte	.LASF198
 4018 0f2e 7D000000 		.4byte	0x7d
 4019 0f32 3C0F0000 		.4byte	0xf3c
 4020 0f36 01       		.uleb128 0x1
 4021 0f37 9F150000 		.4byte	0x159f
 4022 0f3b 00       		.byte	0
 4023 0f3c 03       		.uleb128 0x3
 4024 0f3d 141B0000 		.4byte	.LASF197
 4025 0f41 07       		.byte	0x7
 4026 0f42 EB05     		.2byte	0x5eb
 4027 0f44 03       		.byte	0x3
 4028 0f45 351E0000 		.4byte	.LASF199
 4029 0f49 7D000000 		.4byte	0x7d
 4030 0f4d 570F0000 		.4byte	0xf57
 4031 0f51 01       		.uleb128 0x1
 4032 0f52 25000000 		.4byte	0x25
 4033 0f56 00       		.byte	0
 4034 0f57 03       		.uleb128 0x3
 4035 0f58 D8120000 		.4byte	.LASF200
 4036 0f5c 07       		.byte	0x7
 4037 0f5d 0106     		.2byte	0x601
 4038 0f5f 03       		.byte	0x3
 4039 0f60 2F0D0000 		.4byte	.LASF201
 4040 0f64 7D000000 		.4byte	0x7d
 4041 0f68 720F0000 		.4byte	0xf72
 4042 0f6c 01       		.uleb128 0x1
 4043 0f6d 9F150000 		.4byte	0x159f
ARM GAS  /tmp/ccVOBie3.s 			page 72


 4044 0f71 00       		.byte	0
 4045 0f72 03       		.uleb128 0x3
 4046 0f73 D8120000 		.4byte	.LASF200
 4047 0f77 07       		.byte	0x7
 4048 0f78 FD05     		.2byte	0x5fd
 4049 0f7a 03       		.byte	0x3
 4050 0f7b 3D0D0000 		.4byte	.LASF202
 4051 0f7f 7D000000 		.4byte	0x7d
 4052 0f83 8D0F0000 		.4byte	0xf8d
 4053 0f87 01       		.uleb128 0x1
 4054 0f88 25000000 		.4byte	0x25
 4055 0f8c 00       		.byte	0
 4056 0f8d 03       		.uleb128 0x3
 4057 0f8e A00A0000 		.4byte	.LASF203
 4058 0f92 07       		.byte	0x7
 4059 0f93 1306     		.2byte	0x613
 4060 0f95 03       		.byte	0x3
 4061 0f96 E2030000 		.4byte	.LASF204
 4062 0f9a 9F150000 		.4byte	0x159f
 4063 0f9e A80F0000 		.4byte	0xfa8
 4064 0fa2 01       		.uleb128 0x1
 4065 0fa3 9F150000 		.4byte	0x159f
 4066 0fa7 00       		.byte	0
 4067 0fa8 03       		.uleb128 0x3
 4068 0fa9 A00A0000 		.4byte	.LASF203
 4069 0fad 07       		.byte	0x7
 4070 0fae 0F06     		.2byte	0x60f
 4071 0fb0 03       		.byte	0x3
 4072 0fb1 EE030000 		.4byte	.LASF205
 4073 0fb5 25000000 		.4byte	0x25
 4074 0fb9 C30F0000 		.4byte	0xfc3
 4075 0fbd 01       		.uleb128 0x1
 4076 0fbe 25000000 		.4byte	0x25
 4077 0fc2 00       		.byte	0
 4078 0fc3 03       		.uleb128 0x3
 4079 0fc4 9C0D0000 		.4byte	.LASF206
 4080 0fc8 07       		.byte	0x7
 4081 0fc9 2606     		.2byte	0x626
 4082 0fcb 03       		.byte	0x3
 4083 0fcc AF060000 		.4byte	.LASF207
 4084 0fd0 9F150000 		.4byte	0x159f
 4085 0fd4 DE0F0000 		.4byte	0xfde
 4086 0fd8 01       		.uleb128 0x1
 4087 0fd9 9F150000 		.4byte	0x159f
 4088 0fdd 00       		.byte	0
 4089 0fde 03       		.uleb128 0x3
 4090 0fdf 9C0D0000 		.4byte	.LASF206
 4091 0fe3 07       		.byte	0x7
 4092 0fe4 2206     		.2byte	0x622
 4093 0fe6 03       		.byte	0x3
 4094 0fe7 BA060000 		.4byte	.LASF208
 4095 0feb 25000000 		.4byte	0x25
 4096 0fef F90F0000 		.4byte	0xff9
 4097 0ff3 01       		.uleb128 0x1
 4098 0ff4 25000000 		.4byte	0x25
 4099 0ff8 00       		.byte	0
 4100 0ff9 03       		.uleb128 0x3
ARM GAS  /tmp/ccVOBie3.s 			page 73


 4101 0ffa 790E0000 		.4byte	.LASF209
 4102 0ffe 07       		.byte	0x7
 4103 0fff 3806     		.2byte	0x638
 4104 1001 03       		.byte	0x3
 4105 1002 5C190000 		.4byte	.LASF210
 4106 1006 9F150000 		.4byte	0x159f
 4107 100a 14100000 		.4byte	0x1014
 4108 100e 01       		.uleb128 0x1
 4109 100f 9F150000 		.4byte	0x159f
 4110 1013 00       		.byte	0
 4111 1014 03       		.uleb128 0x3
 4112 1015 790E0000 		.4byte	.LASF209
 4113 1019 07       		.byte	0x7
 4114 101a 3406     		.2byte	0x634
 4115 101c 03       		.byte	0x3
 4116 101d FB0D0000 		.4byte	.LASF211
 4117 1021 25000000 		.4byte	0x25
 4118 1025 2F100000 		.4byte	0x102f
 4119 1029 01       		.uleb128 0x1
 4120 102a 25000000 		.4byte	0x25
 4121 102e 00       		.byte	0
 4122 102f 03       		.uleb128 0x3
 4123 1030 40080000 		.4byte	.LASF212
 4124 1034 07       		.byte	0x7
 4125 1035 4A06     		.2byte	0x64a
 4126 1037 03       		.byte	0x3
 4127 1038 34030000 		.4byte	.LASF213
 4128 103c 6A000000 		.4byte	0x6a
 4129 1040 4A100000 		.4byte	0x104a
 4130 1044 01       		.uleb128 0x1
 4131 1045 9F150000 		.4byte	0x159f
 4132 1049 00       		.byte	0
 4133 104a 03       		.uleb128 0x3
 4134 104b 40080000 		.4byte	.LASF212
 4135 104f 07       		.byte	0x7
 4136 1050 4606     		.2byte	0x646
 4137 1052 03       		.byte	0x3
 4138 1053 40030000 		.4byte	.LASF214
 4139 1057 6A000000 		.4byte	0x6a
 4140 105b 65100000 		.4byte	0x1065
 4141 105f 01       		.uleb128 0x1
 4142 1060 25000000 		.4byte	0x25
 4143 1064 00       		.byte	0
 4144 1065 03       		.uleb128 0x3
 4145 1066 FF190000 		.4byte	.LASF215
 4146 106a 07       		.byte	0x7
 4147 106b 5C06     		.2byte	0x65c
 4148 106d 03       		.byte	0x3
 4149 106e 9B090000 		.4byte	.LASF216
 4150 1072 6A000000 		.4byte	0x6a
 4151 1076 80100000 		.4byte	0x1080
 4152 107a 01       		.uleb128 0x1
 4153 107b 9F150000 		.4byte	0x159f
 4154 107f 00       		.byte	0
 4155 1080 03       		.uleb128 0x3
 4156 1081 FF190000 		.4byte	.LASF215
 4157 1085 07       		.byte	0x7
ARM GAS  /tmp/ccVOBie3.s 			page 74


 4158 1086 5806     		.2byte	0x658
 4159 1088 03       		.byte	0x3
 4160 1089 A8090000 		.4byte	.LASF217
 4161 108d 6A000000 		.4byte	0x6a
 4162 1091 9B100000 		.4byte	0x109b
 4163 1095 01       		.uleb128 0x1
 4164 1096 25000000 		.4byte	0x25
 4165 109a 00       		.byte	0
 4166 109b 03       		.uleb128 0x3
 4167 109c 2E060000 		.4byte	.LASF218
 4168 10a0 07       		.byte	0x7
 4169 10a1 6E06     		.2byte	0x66e
 4170 10a3 03       		.byte	0x3
 4171 10a4 09050000 		.4byte	.LASF219
 4172 10a8 9F150000 		.4byte	0x159f
 4173 10ac B6100000 		.4byte	0x10b6
 4174 10b0 01       		.uleb128 0x1
 4175 10b1 9F150000 		.4byte	0x159f
 4176 10b5 00       		.byte	0
 4177 10b6 03       		.uleb128 0x3
 4178 10b7 2E060000 		.4byte	.LASF218
 4179 10bb 07       		.byte	0x7
 4180 10bc 6A06     		.2byte	0x66a
 4181 10be 03       		.byte	0x3
 4182 10bf 19050000 		.4byte	.LASF220
 4183 10c3 25000000 		.4byte	0x25
 4184 10c7 D1100000 		.4byte	0x10d1
 4185 10cb 01       		.uleb128 0x1
 4186 10cc 25000000 		.4byte	0x25
 4187 10d0 00       		.byte	0
 4188 10d1 03       		.uleb128 0x3
 4189 10d2 69170000 		.4byte	.LASF221
 4190 10d6 07       		.byte	0x7
 4191 10d7 8006     		.2byte	0x680
 4192 10d9 03       		.byte	0x3
 4193 10da B7010000 		.4byte	.LASF222
 4194 10de 9F150000 		.4byte	0x159f
 4195 10e2 F1100000 		.4byte	0x10f1
 4196 10e6 01       		.uleb128 0x1
 4197 10e7 9F150000 		.4byte	0x159f
 4198 10eb 01       		.uleb128 0x1
 4199 10ec 9F150000 		.4byte	0x159f
 4200 10f0 00       		.byte	0
 4201 10f1 03       		.uleb128 0x3
 4202 10f2 69170000 		.4byte	.LASF221
 4203 10f6 07       		.byte	0x7
 4204 10f7 7C06     		.2byte	0x67c
 4205 10f9 03       		.byte	0x3
 4206 10fa 83030000 		.4byte	.LASF223
 4207 10fe 25000000 		.4byte	0x25
 4208 1102 11110000 		.4byte	0x1111
 4209 1106 01       		.uleb128 0x1
 4210 1107 25000000 		.4byte	0x25
 4211 110b 01       		.uleb128 0x1
 4212 110c 25000000 		.4byte	0x25
 4213 1110 00       		.byte	0
 4214 1111 03       		.uleb128 0x3
ARM GAS  /tmp/ccVOBie3.s 			page 75


 4215 1112 FA030000 		.4byte	.LASF224
 4216 1116 07       		.byte	0x7
 4217 1117 9406     		.2byte	0x694
 4218 1119 03       		.byte	0x3
 4219 111a 2F000000 		.4byte	.LASF225
 4220 111e 9F150000 		.4byte	0x159f
 4221 1122 31110000 		.4byte	0x1131
 4222 1126 01       		.uleb128 0x1
 4223 1127 9F150000 		.4byte	0x159f
 4224 112b 01       		.uleb128 0x1
 4225 112c 9F150000 		.4byte	0x159f
 4226 1130 00       		.byte	0
 4227 1131 03       		.uleb128 0x3
 4228 1132 FA030000 		.4byte	.LASF224
 4229 1136 07       		.byte	0x7
 4230 1137 9006     		.2byte	0x690
 4231 1139 03       		.byte	0x3
 4232 113a 5A020000 		.4byte	.LASF226
 4233 113e 25000000 		.4byte	0x25
 4234 1142 51110000 		.4byte	0x1151
 4235 1146 01       		.uleb128 0x1
 4236 1147 25000000 		.4byte	0x25
 4237 114b 01       		.uleb128 0x1
 4238 114c 9F150000 		.4byte	0x159f
 4239 1150 00       		.byte	0
 4240 1151 03       		.uleb128 0x3
 4241 1152 051F0000 		.4byte	.LASF227
 4242 1156 07       		.byte	0x7
 4243 1157 A606     		.2byte	0x6a6
 4244 1159 03       		.byte	0x3
 4245 115a AE1C0000 		.4byte	.LASF228
 4246 115e 9F150000 		.4byte	0x159f
 4247 1162 71110000 		.4byte	0x1171
 4248 1166 01       		.uleb128 0x1
 4249 1167 9F150000 		.4byte	0x159f
 4250 116b 01       		.uleb128 0x1
 4251 116c 9F150000 		.4byte	0x159f
 4252 1170 00       		.byte	0
 4253 1171 03       		.uleb128 0x3
 4254 1172 051F0000 		.4byte	.LASF227
 4255 1176 07       		.byte	0x7
 4256 1177 A206     		.2byte	0x6a2
 4257 1179 03       		.byte	0x3
 4258 117a A21D0000 		.4byte	.LASF229
 4259 117e 25000000 		.4byte	0x25
 4260 1182 91110000 		.4byte	0x1191
 4261 1186 01       		.uleb128 0x1
 4262 1187 25000000 		.4byte	0x25
 4263 118b 01       		.uleb128 0x1
 4264 118c 25000000 		.4byte	0x25
 4265 1190 00       		.byte	0
 4266 1191 03       		.uleb128 0x3
 4267 1192 4A130000 		.4byte	.LASF230
 4268 1196 07       		.byte	0x7
 4269 1197 BA06     		.2byte	0x6ba
 4270 1199 03       		.byte	0x3
 4271 119a 79130000 		.4byte	.LASF231
ARM GAS  /tmp/ccVOBie3.s 			page 76


 4272 119e 9F150000 		.4byte	0x159f
 4273 11a2 B6110000 		.4byte	0x11b6
 4274 11a6 01       		.uleb128 0x1
 4275 11a7 9F150000 		.4byte	0x159f
 4276 11ab 01       		.uleb128 0x1
 4277 11ac 9F150000 		.4byte	0x159f
 4278 11b0 01       		.uleb128 0x1
 4279 11b1 C5210000 		.4byte	0x21c5
 4280 11b5 00       		.byte	0
 4281 11b6 03       		.uleb128 0x3
 4282 11b7 4A130000 		.4byte	.LASF230
 4283 11bb 07       		.byte	0x7
 4284 11bc B606     		.2byte	0x6b6
 4285 11be 03       		.byte	0x3
 4286 11bf E81E0000 		.4byte	.LASF232
 4287 11c3 25000000 		.4byte	0x25
 4288 11c7 DB110000 		.4byte	0x11db
 4289 11cb 01       		.uleb128 0x1
 4290 11cc 25000000 		.4byte	0x25
 4291 11d0 01       		.uleb128 0x1
 4292 11d1 25000000 		.4byte	0x25
 4293 11d5 01       		.uleb128 0x1
 4294 11d6 C5210000 		.4byte	0x21c5
 4295 11da 00       		.byte	0
 4296 11db 03       		.uleb128 0x3
 4297 11dc 77190000 		.4byte	.LASF233
 4298 11e0 07       		.byte	0x7
 4299 11e1 CE06     		.2byte	0x6ce
 4300 11e3 03       		.byte	0x3
 4301 11e4 C11A0000 		.4byte	.LASF234
 4302 11e8 9F150000 		.4byte	0x159f
 4303 11ec F6110000 		.4byte	0x11f6
 4304 11f0 01       		.uleb128 0x1
 4305 11f1 9F150000 		.4byte	0x159f
 4306 11f5 00       		.byte	0
 4307 11f6 03       		.uleb128 0x3
 4308 11f7 77190000 		.4byte	.LASF233
 4309 11fb 07       		.byte	0x7
 4310 11fc CA06     		.2byte	0x6ca
 4311 11fe 03       		.byte	0x3
 4312 11ff CC1A0000 		.4byte	.LASF235
 4313 1203 25000000 		.4byte	0x25
 4314 1207 11120000 		.4byte	0x1211
 4315 120b 01       		.uleb128 0x1
 4316 120c 25000000 		.4byte	0x25
 4317 1210 00       		.byte	0
 4318 1211 03       		.uleb128 0x3
 4319 1212 F4110000 		.4byte	.LASF236
 4320 1216 07       		.byte	0x7
 4321 1217 E006     		.2byte	0x6e0
 4322 1219 03       		.byte	0x3
 4323 121a 600F0000 		.4byte	.LASF237
 4324 121e 9F150000 		.4byte	0x159f
 4325 1222 2C120000 		.4byte	0x122c
 4326 1226 01       		.uleb128 0x1
 4327 1227 9F150000 		.4byte	0x159f
 4328 122b 00       		.byte	0
ARM GAS  /tmp/ccVOBie3.s 			page 77


 4329 122c 03       		.uleb128 0x3
 4330 122d F4110000 		.4byte	.LASF236
 4331 1231 07       		.byte	0x7
 4332 1232 DC06     		.2byte	0x6dc
 4333 1234 03       		.byte	0x3
 4334 1235 6C0F0000 		.4byte	.LASF238
 4335 1239 25000000 		.4byte	0x25
 4336 123d 47120000 		.4byte	0x1247
 4337 1241 01       		.uleb128 0x1
 4338 1242 25000000 		.4byte	0x25
 4339 1246 00       		.byte	0
 4340 1247 03       		.uleb128 0x3
 4341 1248 CD140000 		.4byte	.LASF239
 4342 124c 07       		.byte	0x7
 4343 124d F206     		.2byte	0x6f2
 4344 124f 03       		.byte	0x3
 4345 1250 880C0000 		.4byte	.LASF240
 4346 1254 9F150000 		.4byte	0x159f
 4347 1258 67120000 		.4byte	0x1267
 4348 125c 01       		.uleb128 0x1
 4349 125d 9F150000 		.4byte	0x159f
 4350 1261 01       		.uleb128 0x1
 4351 1262 6A000000 		.4byte	0x6a
 4352 1266 00       		.byte	0
 4353 1267 03       		.uleb128 0x3
 4354 1268 CD140000 		.4byte	.LASF239
 4355 126c 07       		.byte	0x7
 4356 126d EE06     		.2byte	0x6ee
 4357 126f 03       		.byte	0x3
 4358 1270 640D0000 		.4byte	.LASF241
 4359 1274 25000000 		.4byte	0x25
 4360 1278 87120000 		.4byte	0x1287
 4361 127c 01       		.uleb128 0x1
 4362 127d 25000000 		.4byte	0x25
 4363 1281 01       		.uleb128 0x1
 4364 1282 6A000000 		.4byte	0x6a
 4365 1286 00       		.byte	0
 4366 1287 03       		.uleb128 0x3
 4367 1288 4B1A0000 		.4byte	.LASF242
 4368 128c 07       		.byte	0x7
 4369 128d 0407     		.2byte	0x704
 4370 128f 03       		.byte	0x3
 4371 1290 E8020000 		.4byte	.LASF243
 4372 1294 9F150000 		.4byte	0x159f
 4373 1298 A7120000 		.4byte	0x12a7
 4374 129c 01       		.uleb128 0x1
 4375 129d 9F150000 		.4byte	0x159f
 4376 12a1 01       		.uleb128 0x1
 4377 12a2 2C000000 		.4byte	0x2c
 4378 12a6 00       		.byte	0
 4379 12a7 03       		.uleb128 0x3
 4380 12a8 4B1A0000 		.4byte	.LASF242
 4381 12ac 07       		.byte	0x7
 4382 12ad 0007     		.2byte	0x700
 4383 12af 03       		.byte	0x3
 4384 12b0 59000000 		.4byte	.LASF244
 4385 12b4 25000000 		.4byte	0x25
ARM GAS  /tmp/ccVOBie3.s 			page 78


 4386 12b8 C7120000 		.4byte	0x12c7
 4387 12bc 01       		.uleb128 0x1
 4388 12bd 25000000 		.4byte	0x25
 4389 12c1 01       		.uleb128 0x1
 4390 12c2 2C000000 		.4byte	0x2c
 4391 12c6 00       		.byte	0
 4392 12c7 03       		.uleb128 0x3
 4393 12c8 1A0D0000 		.4byte	.LASF245
 4394 12cc 07       		.byte	0x7
 4395 12cd 1607     		.2byte	0x716
 4396 12cf 03       		.byte	0x3
 4397 12d0 E60F0000 		.4byte	.LASF246
 4398 12d4 9F150000 		.4byte	0x159f
 4399 12d8 E2120000 		.4byte	0x12e2
 4400 12dc 01       		.uleb128 0x1
 4401 12dd 9F150000 		.4byte	0x159f
 4402 12e1 00       		.byte	0
 4403 12e2 03       		.uleb128 0x3
 4404 12e3 1A0D0000 		.4byte	.LASF245
 4405 12e7 07       		.byte	0x7
 4406 12e8 1207     		.2byte	0x712
 4407 12ea 03       		.byte	0x3
 4408 12eb F30F0000 		.4byte	.LASF247
 4409 12ef 25000000 		.4byte	0x25
 4410 12f3 FD120000 		.4byte	0x12fd
 4411 12f7 01       		.uleb128 0x1
 4412 12f8 25000000 		.4byte	0x25
 4413 12fc 00       		.byte	0
 4414 12fd 03       		.uleb128 0x3
 4415 12fe 19180000 		.4byte	.LASF248
 4416 1302 07       		.byte	0x7
 4417 1303 2807     		.2byte	0x728
 4418 1305 03       		.byte	0x3
 4419 1306 08110000 		.4byte	.LASF249
 4420 130a 9F150000 		.4byte	0x159f
 4421 130e 18130000 		.4byte	0x1318
 4422 1312 01       		.uleb128 0x1
 4423 1313 9F150000 		.4byte	0x159f
 4424 1317 00       		.byte	0
 4425 1318 03       		.uleb128 0x3
 4426 1319 19180000 		.4byte	.LASF248
 4427 131d 07       		.byte	0x7
 4428 131e 2407     		.2byte	0x724
 4429 1320 03       		.byte	0x3
 4430 1321 14110000 		.4byte	.LASF250
 4431 1325 25000000 		.4byte	0x25
 4432 1329 33130000 		.4byte	0x1333
 4433 132d 01       		.uleb128 0x1
 4434 132e 25000000 		.4byte	0x25
 4435 1332 00       		.byte	0
 4436 1333 02       		.uleb128 0x2
 4437 1334 09       		.byte	0x9
 4438 1335 2F       		.byte	0x2f
 4439 1336 0B       		.byte	0xb
 4440 1337 33000000 		.4byte	0x33
 4441 133b 02       		.uleb128 0x2
 4442 133c 09       		.byte	0x9
ARM GAS  /tmp/ccVOBie3.s 			page 79


 4443 133d 30       		.byte	0x30
 4444 133e 0B       		.byte	0xb
 4445 133f 46000000 		.4byte	0x46
 4446 1343 02       		.uleb128 0x2
 4447 1344 09       		.byte	0x9
 4448 1345 31       		.byte	0x31
 4449 1346 0B       		.byte	0xb
 4450 1347 59000000 		.4byte	0x59
 4451 134b 02       		.uleb128 0x2
 4452 134c 09       		.byte	0x9
 4453 134d 32       		.byte	0x32
 4454 134e 0B       		.byte	0xb
 4455 134f 71000000 		.4byte	0x71
 4456 1353 02       		.uleb128 0x2
 4457 1354 09       		.byte	0x9
 4458 1355 34       		.byte	0x34
 4459 1356 0B       		.byte	0xb
 4460 1357 3A010000 		.4byte	0x13a
 4461 135b 02       		.uleb128 0x2
 4462 135c 09       		.byte	0x9
 4463 135d 35       		.byte	0x35
 4464 135e 0B       		.byte	0xb
 4465 135f 4B010000 		.4byte	0x14b
 4466 1363 02       		.uleb128 0x2
 4467 1364 09       		.byte	0x9
 4468 1365 36       		.byte	0x36
 4469 1366 0B       		.byte	0xb
 4470 1367 57010000 		.4byte	0x157
 4471 136b 02       		.uleb128 0x2
 4472 136c 09       		.byte	0x9
 4473 136d 37       		.byte	0x37
 4474 136e 0B       		.byte	0xb
 4475 136f 63010000 		.4byte	0x163
 4476 1373 02       		.uleb128 0x2
 4477 1374 09       		.byte	0x9
 4478 1375 39       		.byte	0x39
 4479 1376 0B       		.byte	0xb
 4480 1377 DA000000 		.4byte	0xda
 4481 137b 02       		.uleb128 0x2
 4482 137c 09       		.byte	0x9
 4483 137d 3A       		.byte	0x3a
 4484 137e 0B       		.byte	0xb
 4485 137f E6000000 		.4byte	0xe6
 4486 1383 02       		.uleb128 0x2
 4487 1384 09       		.byte	0x9
 4488 1385 3B       		.byte	0x3b
 4489 1386 0B       		.byte	0xb
 4490 1387 F2000000 		.4byte	0xf2
 4491 138b 02       		.uleb128 0x2
 4492 138c 09       		.byte	0x9
 4493 138d 3C       		.byte	0x3c
 4494 138e 0B       		.byte	0xb
 4495 138f FE000000 		.4byte	0xfe
 4496 1393 02       		.uleb128 0x2
 4497 1394 09       		.byte	0x9
 4498 1395 3E       		.byte	0x3e
 4499 1396 0B       		.byte	0xb
ARM GAS  /tmp/ccVOBie3.s 			page 80


 4500 1397 BE010000 		.4byte	0x1be
 4501 139b 02       		.uleb128 0x2
 4502 139c 09       		.byte	0x9
 4503 139d 3F       		.byte	0x3f
 4504 139e 0B       		.byte	0xb
 4505 139f A6010000 		.4byte	0x1a6
 4506 13a3 02       		.uleb128 0x2
 4507 13a4 09       		.byte	0x9
 4508 13a5 41       		.byte	0x41
 4509 13a6 0B       		.byte	0xb
 4510 13a7 84000000 		.4byte	0x84
 4511 13ab 02       		.uleb128 0x2
 4512 13ac 09       		.byte	0x9
 4513 13ad 42       		.byte	0x42
 4514 13ae 0B       		.byte	0xb
 4515 13af 9C000000 		.4byte	0x9c
 4516 13b3 02       		.uleb128 0x2
 4517 13b4 09       		.byte	0x9
 4518 13b5 43       		.byte	0x43
 4519 13b6 0B       		.byte	0xb
 4520 13b7 AF000000 		.4byte	0xaf
 4521 13bb 02       		.uleb128 0x2
 4522 13bc 09       		.byte	0x9
 4523 13bd 44       		.byte	0x44
 4524 13be 0B       		.byte	0xb
 4525 13bf C7000000 		.4byte	0xc7
 4526 13c3 02       		.uleb128 0x2
 4527 13c4 09       		.byte	0x9
 4528 13c5 46       		.byte	0x46
 4529 13c6 0B       		.byte	0xb
 4530 13c7 6F010000 		.4byte	0x16f
 4531 13cb 02       		.uleb128 0x2
 4532 13cc 09       		.byte	0x9
 4533 13cd 47       		.byte	0x47
 4534 13ce 0B       		.byte	0xb
 4535 13cf 82010000 		.4byte	0x182
 4536 13d3 02       		.uleb128 0x2
 4537 13d4 09       		.byte	0x9
 4538 13d5 48       		.byte	0x48
 4539 13d6 0B       		.byte	0xb
 4540 13d7 8E010000 		.4byte	0x18e
 4541 13db 02       		.uleb128 0x2
 4542 13dc 09       		.byte	0x9
 4543 13dd 49       		.byte	0x49
 4544 13de 0B       		.byte	0xb
 4545 13df 9A010000 		.4byte	0x19a
 4546 13e3 02       		.uleb128 0x2
 4547 13e4 09       		.byte	0x9
 4548 13e5 4B       		.byte	0x4b
 4549 13e6 0B       		.byte	0xb
 4550 13e7 0A010000 		.4byte	0x10a
 4551 13eb 02       		.uleb128 0x2
 4552 13ec 09       		.byte	0x9
 4553 13ed 4C       		.byte	0x4c
 4554 13ee 0B       		.byte	0xb
 4555 13ef 16010000 		.4byte	0x116
 4556 13f3 02       		.uleb128 0x2
ARM GAS  /tmp/ccVOBie3.s 			page 81


 4557 13f4 09       		.byte	0x9
 4558 13f5 4D       		.byte	0x4d
 4559 13f6 0B       		.byte	0xb
 4560 13f7 22010000 		.4byte	0x122
 4561 13fb 02       		.uleb128 0x2
 4562 13fc 09       		.byte	0x9
 4563 13fd 4E       		.byte	0x4e
 4564 13fe 0B       		.byte	0xb
 4565 13ff 2E010000 		.4byte	0x12e
 4566 1403 02       		.uleb128 0x2
 4567 1404 09       		.byte	0x9
 4568 1405 50       		.byte	0x50
 4569 1406 0B       		.byte	0xb
 4570 1407 CA010000 		.4byte	0x1ca
 4571 140b 02       		.uleb128 0x2
 4572 140c 09       		.byte	0x9
 4573 140d 51       		.byte	0x51
 4574 140e 0B       		.byte	0xb
 4575 140f B2010000 		.4byte	0x1b2
 4576 1413 02       		.uleb128 0x2
 4577 1414 0A       		.byte	0xa
 4578 1415 3A       		.byte	0x3a
 4579 1416 0B       		.byte	0xb
 4580 1417 F1150000 		.4byte	0x15f1
 4581 141b 02       		.uleb128 0x2
 4582 141c 0B       		.byte	0xb
 4583 141d 7F       		.byte	0x7f
 4584 141e 0B       		.byte	0xb
 4585 141f DF1E0000 		.4byte	0x1edf
 4586 1423 02       		.uleb128 0x2
 4587 1424 0B       		.byte	0xb
 4588 1425 80       		.byte	0x80
 4589 1426 0B       		.byte	0xb
 4590 1427 131F0000 		.4byte	0x1f13
 4591 142b 02       		.uleb128 0x2
 4592 142c 0B       		.byte	0xb
 4593 142d 86       		.byte	0x86
 4594 142e 0B       		.byte	0xb
 4595 142f A0310000 		.4byte	0x31a0
 4596 1433 02       		.uleb128 0x2
 4597 1434 0B       		.byte	0xb
 4598 1435 8C       		.byte	0x8c
 4599 1436 0B       		.byte	0xb
 4600 1437 B6310000 		.4byte	0x31b6
 4601 143b 02       		.uleb128 0x2
 4602 143c 0B       		.byte	0xb
 4603 143d 8D       		.byte	0x8d
 4604 143e 0B       		.byte	0xb
 4605 143f CC310000 		.4byte	0x31cc
 4606 1443 02       		.uleb128 0x2
 4607 1444 0B       		.byte	0xb
 4608 1445 8E       		.byte	0x8e
 4609 1446 0B       		.byte	0xb
 4610 1447 E2310000 		.4byte	0x31e2
 4611 144b 02       		.uleb128 0x2
 4612 144c 0B       		.byte	0xb
 4613 144d 8F       		.byte	0x8f
ARM GAS  /tmp/ccVOBie3.s 			page 82


 4614 144e 0B       		.byte	0xb
 4615 144f F8310000 		.4byte	0x31f8
 4616 1453 02       		.uleb128 0x2
 4617 1454 0B       		.byte	0xb
 4618 1455 91       		.byte	0x91
 4619 1456 0B       		.byte	0xb
 4620 1457 22320000 		.4byte	0x3222
 4621 145b 02       		.uleb128 0x2
 4622 145c 0B       		.byte	0xb
 4623 145d 94       		.byte	0x94
 4624 145e 0B       		.byte	0xb
 4625 145f 3D320000 		.4byte	0x323d
 4626 1463 02       		.uleb128 0x2
 4627 1464 0B       		.byte	0xb
 4628 1465 96       		.byte	0x96
 4629 1466 0B       		.byte	0xb
 4630 1467 53320000 		.4byte	0x3253
 4631 146b 02       		.uleb128 0x2
 4632 146c 0B       		.byte	0xb
 4633 146d 99       		.byte	0x99
 4634 146e 0B       		.byte	0xb
 4635 146f 6E320000 		.4byte	0x326e
 4636 1473 02       		.uleb128 0x2
 4637 1474 0B       		.byte	0xb
 4638 1475 9A       		.byte	0x9a
 4639 1476 0B       		.byte	0xb
 4640 1477 89320000 		.4byte	0x3289
 4641 147b 02       		.uleb128 0x2
 4642 147c 0B       		.byte	0xb
 4643 147d 9B       		.byte	0x9b
 4644 147e 0B       		.byte	0xb
 4645 147f BB320000 		.4byte	0x32bb
 4646 1483 02       		.uleb128 0x2
 4647 1484 0B       		.byte	0xb
 4648 1485 9D       		.byte	0x9d
 4649 1486 0B       		.byte	0xb
 4650 1487 DB320000 		.4byte	0x32db
 4651 148b 02       		.uleb128 0x2
 4652 148c 0B       		.byte	0xb
 4653 148d A3       		.byte	0xa3
 4654 148e 0B       		.byte	0xb
 4655 148f FC320000 		.4byte	0x32fc
 4656 1493 02       		.uleb128 0x2
 4657 1494 0B       		.byte	0xb
 4658 1495 A5       		.byte	0xa5
 4659 1496 0B       		.byte	0xb
 4660 1497 08330000 		.4byte	0x3308
 4661 149b 02       		.uleb128 0x2
 4662 149c 0B       		.byte	0xb
 4663 149d A6       		.byte	0xa6
 4664 149e 0B       		.byte	0xb
 4665 149f 1A330000 		.4byte	0x331a
 4666 14a3 02       		.uleb128 0x2
 4667 14a4 0B       		.byte	0xb
 4668 14a5 A7       		.byte	0xa7
 4669 14a6 0B       		.byte	0xb
 4670 14a7 3B330000 		.4byte	0x333b
ARM GAS  /tmp/ccVOBie3.s 			page 83


 4671 14ab 02       		.uleb128 0x2
 4672 14ac 0B       		.byte	0xb
 4673 14ad A8       		.byte	0xa8
 4674 14ae 0B       		.byte	0xb
 4675 14af 5B330000 		.4byte	0x335b
 4676 14b3 02       		.uleb128 0x2
 4677 14b4 0B       		.byte	0xb
 4678 14b5 A9       		.byte	0xa9
 4679 14b6 0B       		.byte	0xb
 4680 14b7 7B330000 		.4byte	0x337b
 4681 14bb 02       		.uleb128 0x2
 4682 14bc 0B       		.byte	0xb
 4683 14bd AB       		.byte	0xab
 4684 14be 0B       		.byte	0xb
 4685 14bf 91330000 		.4byte	0x3391
 4686 14c3 02       		.uleb128 0x2
 4687 14c4 0B       		.byte	0xb
 4688 14c5 AC       		.byte	0xac
 4689 14c6 0B       		.byte	0xb
 4690 14c7 B7330000 		.4byte	0x33b7
 4691 14cb 02       		.uleb128 0x2
 4692 14cc 0B       		.byte	0xb
 4693 14cd F0       		.byte	0xf0
 4694 14ce 16       		.byte	0x16
 4695 14cf 471F0000 		.4byte	0x1f47
 4696 14d3 02       		.uleb128 0x2
 4697 14d4 0B       		.byte	0xb
 4698 14d5 F5       		.byte	0xf5
 4699 14d6 16       		.byte	0x16
 4700 14d7 83150000 		.4byte	0x1583
 4701 14db 02       		.uleb128 0x2
 4702 14dc 0B       		.byte	0xb
 4703 14dd F6       		.byte	0xf6
 4704 14de 16       		.byte	0x16
 4705 14df D2330000 		.4byte	0x33d2
 4706 14e3 02       		.uleb128 0x2
 4707 14e4 0B       		.byte	0xb
 4708 14e5 F8       		.byte	0xf8
 4709 14e6 16       		.byte	0x16
 4710 14e7 EE330000 		.4byte	0x33ee
 4711 14eb 02       		.uleb128 0x2
 4712 14ec 0B       		.byte	0xb
 4713 14ed F9       		.byte	0xf9
 4714 14ee 16       		.byte	0x16
 4715 14ef 47340000 		.4byte	0x3447
 4716 14f3 02       		.uleb128 0x2
 4717 14f4 0B       		.byte	0xb
 4718 14f5 FA       		.byte	0xfa
 4719 14f6 16       		.byte	0x16
 4720 14f7 05340000 		.4byte	0x3405
 4721 14fb 02       		.uleb128 0x2
 4722 14fc 0B       		.byte	0xb
 4723 14fd FB       		.byte	0xfb
 4724 14fe 16       		.byte	0x16
 4725 14ff 26340000 		.4byte	0x3426
 4726 1503 02       		.uleb128 0x2
 4727 1504 0B       		.byte	0xb
ARM GAS  /tmp/ccVOBie3.s 			page 84


 4728 1505 FC       		.byte	0xfc
 4729 1506 16       		.byte	0x16
 4730 1507 62340000 		.4byte	0x3462
 4731 150b 02       		.uleb128 0x2
 4732 150c 0C       		.byte	0xc
 4733 150d 54       		.byte	0x54
 4734 150e 0B       		.byte	0xb
 4735 150f 2F350000 		.4byte	0x352f
 4736 1513 02       		.uleb128 0x2
 4737 1514 0C       		.byte	0xc
 4738 1515 57       		.byte	0x57
 4739 1516 0B       		.byte	0xb
 4740 1517 4A350000 		.4byte	0x354a
 4741 151b 02       		.uleb128 0x2
 4742 151c 0C       		.byte	0xc
 4743 151d 5D       		.byte	0x5d
 4744 151e 0B       		.byte	0xb
 4745 151f 60350000 		.4byte	0x3560
 4746 1523 02       		.uleb128 0x2
 4747 1524 0C       		.byte	0xc
 4748 1525 5E       		.byte	0x5e
 4749 1526 0B       		.byte	0xb
 4750 1527 7B350000 		.4byte	0x357b
 4751 152b 00       		.byte	0
 4752 152c 5A       		.uleb128 0x5a
 4753 152d 9A140000 		.4byte	.LASF636
 4754 1531 0D       		.byte	0xd
 4755 1532 1601     		.2byte	0x116
 4756 1534 0B       		.byte	0xb
 4757 1535 9F150000 		.4byte	0x159f
 4758 1539 44       		.uleb128 0x44
 4759 153a 05180000 		.4byte	.LASF251
 4760 153e 0D       		.byte	0xd
 4761 153f 1801     		.2byte	0x118
 4762 1541 41       		.byte	0x41
 4763 1542 45       		.uleb128 0x45
 4764 1543 0D       		.byte	0xd
 4765 1544 1801     		.2byte	0x118
 4766 1546 41       		.byte	0x41
 4767 1547 39150000 		.4byte	0x1539
 4768 154b 02       		.uleb128 0x2
 4769 154c 0B       		.byte	0xb
 4770 154d C8       		.byte	0xc8
 4771 154e 0B       		.byte	0xb
 4772 154f 471F0000 		.4byte	0x1f47
 4773 1553 02       		.uleb128 0x2
 4774 1554 0B       		.byte	0xb
 4775 1555 D8       		.byte	0xd8
 4776 1556 0B       		.byte	0xb
 4777 1557 D2330000 		.4byte	0x33d2
 4778 155b 02       		.uleb128 0x2
 4779 155c 0B       		.byte	0xb
 4780 155d E3       		.byte	0xe3
 4781 155e 0B       		.byte	0xb
 4782 155f EE330000 		.4byte	0x33ee
 4783 1563 02       		.uleb128 0x2
 4784 1564 0B       		.byte	0xb
ARM GAS  /tmp/ccVOBie3.s 			page 85


 4785 1565 E4       		.byte	0xe4
 4786 1566 0B       		.byte	0xb
 4787 1567 05340000 		.4byte	0x3405
 4788 156b 02       		.uleb128 0x2
 4789 156c 0B       		.byte	0xb
 4790 156d E5       		.byte	0xe5
 4791 156e 0B       		.byte	0xb
 4792 156f 26340000 		.4byte	0x3426
 4793 1573 02       		.uleb128 0x2
 4794 1574 0B       		.byte	0xb
 4795 1575 E7       		.byte	0xe7
 4796 1576 0B       		.byte	0xb
 4797 1577 47340000 		.4byte	0x3447
 4798 157b 02       		.uleb128 0x2
 4799 157c 0B       		.byte	0xb
 4800 157d E8       		.byte	0xe8
 4801 157e 0B       		.byte	0xb
 4802 157f 62340000 		.4byte	0x3462
 4803 1583 5B       		.uleb128 0x5b
 4804 1584 64697600 		.ascii	"div\000"
 4805 1588 0B       		.byte	0xb
 4806 1589 D5       		.byte	0xd5
 4807 158a 03       		.byte	0x3
 4808 158b D4080000 		.4byte	.LASF637
 4809 158f 471F0000 		.4byte	0x1f47
 4810 1593 01       		.uleb128 0x1
 4811 1594 7D000000 		.4byte	0x7d
 4812 1598 01       		.uleb128 0x1
 4813 1599 7D000000 		.4byte	0x7d
 4814 159d 00       		.byte	0
 4815 159e 00       		.byte	0
 4816 159f 16       		.uleb128 0x16
 4817 15a0 08       		.byte	0x8
 4818 15a1 04       		.byte	0x4
 4819 15a2 4F150000 		.4byte	.LASF252
 4820 15a6 16       		.uleb128 0x16
 4821 15a7 08       		.byte	0x8
 4822 15a8 04       		.byte	0x4
 4823 15a9 6C030000 		.4byte	.LASF253
 4824 15ad 0D       		.uleb128 0xd
 4825 15ae 25000000 		.4byte	0x25
 4826 15b2 07       		.uleb128 0x7
 4827 15b3 481D0000 		.4byte	.LASF254
 4828 15b7 0E       		.byte	0xe
 4829 15b8 D1       		.byte	0xd1
 4830 15b9 17       		.byte	0x17
 4831 15ba 7B010000 		.4byte	0x17b
 4832 15be 0D       		.uleb128 0xd
 4833 15bf B2150000 		.4byte	0x15b2
 4834 15c3 5C       		.uleb128 0x5c
 4835 15c4 10       		.byte	0x10
 4836 15c5 08       		.byte	0x8
 4837 15c6 0E       		.byte	0xe
 4838 15c7 9F01     		.2byte	0x19f
 4839 15c9 10       		.byte	0x10
 4840 15ca 7A1D0000 		.4byte	.LASF638
 4841 15ce F1150000 		.4byte	0x15f1
ARM GAS  /tmp/ccVOBie3.s 			page 86


 4842 15d2 47       		.uleb128 0x47
 4843 15d3 60140000 		.4byte	.LASF255
 4844 15d7 0E       		.byte	0xe
 4845 15d8 A001     		.2byte	0x1a0
 4846 15da 0D       		.byte	0xd
 4847 15db 7D000000 		.4byte	0x7d
 4848 15df 08       		.byte	0x8
 4849 15e0 00       		.byte	0
 4850 15e1 47       		.uleb128 0x47
 4851 15e2 38140000 		.4byte	.LASF256
 4852 15e6 0E       		.byte	0xe
 4853 15e7 A101     		.2byte	0x1a1
 4854 15e9 0F       		.byte	0xf
 4855 15ea 9F150000 		.4byte	0x159f
 4856 15ee 08       		.byte	0x8
 4857 15ef 08       		.byte	0x8
 4858 15f0 00       		.byte	0
 4859 15f1 5D       		.uleb128 0x5d
 4860 15f2 CC120000 		.4byte	.LASF639
 4861 15f6 0E       		.byte	0xe
 4862 15f7 AA01     		.2byte	0x1aa
 4863 15f9 03       		.byte	0x3
 4864 15fa C3150000 		.4byte	0x15c3
 4865 15fe 08       		.byte	0x8
 4866 15ff 5E       		.uleb128 0x5e
 4867 1600 F4090000 		.4byte	.LASF640
 4868 1604 2E       		.uleb128 0x2e
 4869 1605 B0180000 		.4byte	.LASF257
 4870 1609 0E       		.byte	0xe
 4871 160a 5E01     		.2byte	0x15e
 4872 160c 17       		.byte	0x17
 4873 160d 7B010000 		.4byte	0x17b
 4874 1611 07       		.uleb128 0x7
 4875 1612 881D0000 		.4byte	.LASF258
 4876 1616 0F       		.byte	0xf
 4877 1617 2E       		.byte	0x2e
 4878 1618 0E       		.byte	0xe
 4879 1619 6A000000 		.4byte	0x6a
 4880 161d 07       		.uleb128 0x7
 4881 161e EA150000 		.4byte	.LASF259
 4882 1622 0F       		.byte	0xf
 4883 1623 74       		.byte	0x74
 4884 1624 0E       		.byte	0xe
 4885 1625 6A000000 		.4byte	0x6a
 4886 1629 31       		.uleb128 0x31
 4887 162a 08       		.byte	0x8
 4888 162b 0F       		.byte	0xf
 4889 162c A3       		.byte	0xa3
 4890 162d 01       		.byte	0x1
 4891 162e B1040000 		.4byte	.LASF368
 4892 1632 73160000 		.4byte	0x1673
 4893 1636 5F       		.uleb128 0x5f
 4894 1637 04       		.byte	0x4
 4895 1638 0F       		.byte	0xf
 4896 1639 A6       		.byte	0xa6
 4897 163a 03       		.byte	0x3
 4898 163b 58160000 		.4byte	0x1658
ARM GAS  /tmp/ccVOBie3.s 			page 87


 4899 163f 48       		.uleb128 0x48
 4900 1640 D6030000 		.4byte	.LASF260
 4901 1644 0F       		.byte	0xf
 4902 1645 A7       		.byte	0xa7
 4903 1646 0C       		.byte	0xc
 4904 1647 04160000 		.4byte	0x1604
 4905 164b 48       		.uleb128 0x48
 4906 164c 1B160000 		.4byte	.LASF261
 4907 1650 0F       		.byte	0xf
 4908 1651 A8       		.byte	0xa8
 4909 1652 13       		.byte	0x13
 4910 1653 73160000 		.4byte	0x1673
 4911 1657 00       		.byte	0
 4912 1658 04       		.uleb128 0x4
 4913 1659 92140000 		.4byte	.LASF262
 4914 165d 0F       		.byte	0xf
 4915 165e A4       		.byte	0xa4
 4916 165f 07       		.byte	0x7
 4917 1660 2C000000 		.4byte	0x2c
 4918 1664 00       		.byte	0
 4919 1665 04       		.uleb128 0x4
 4920 1666 C3000000 		.4byte	.LASF263
 4921 166a 0F       		.byte	0xf
 4922 166b A9       		.byte	0xa9
 4923 166c 05       		.byte	0x5
 4924 166d 36160000 		.4byte	0x1636
 4925 1671 04       		.byte	0x4
 4926 1672 00       		.byte	0
 4927 1673 0B       		.uleb128 0xb
 4928 1674 95000000 		.4byte	0x95
 4929 1678 83160000 		.4byte	0x1683
 4930 167c 0E       		.uleb128 0xe
 4931 167d 7B010000 		.4byte	0x17b
 4932 1681 03       		.byte	0x3
 4933 1682 00       		.byte	0
 4934 1683 07       		.uleb128 0x7
 4935 1684 70180000 		.4byte	.LASF264
 4936 1688 0F       		.byte	0xf
 4937 1689 AA       		.byte	0xaa
 4938 168a 03       		.byte	0x3
 4939 168b 29160000 		.4byte	0x1629
 4940 168f 60       		.uleb128 0x60
 4941 1690 04       		.byte	0x4
 4942 1691 07       		.uleb128 0x7
 4943 1692 BF1C0000 		.4byte	.LASF265
 4944 1696 10       		.byte	0x10
 4945 1697 16       		.byte	0x16
 4946 1698 19       		.byte	0x19
 4947 1699 C0000000 		.4byte	0xc0
 4948 169d 07       		.uleb128 0x7
 4949 169e 4E0F0000 		.4byte	.LASF266
 4950 16a2 11       		.byte	0x11
 4951 16a3 0C       		.byte	0xc
 4952 16a4 0D       		.byte	0xd
 4953 16a5 2C000000 		.4byte	0x2c
 4954 16a9 07       		.uleb128 0x7
 4955 16aa 00050000 		.4byte	.LASF267
ARM GAS  /tmp/ccVOBie3.s 			page 88


 4956 16ae 10       		.byte	0x10
 4957 16af 23       		.byte	0x23
 4958 16b0 1B       		.byte	0x1b
 4959 16b1 9D160000 		.4byte	0x169d
 4960 16b5 27       		.uleb128 0x27
 4961 16b6 3E100000 		.4byte	.LASF272
 4962 16ba 18       		.byte	0x18
 4963 16bb 10       		.byte	0x10
 4964 16bc 34       		.byte	0x34
 4965 16bd 08       		.byte	0x8
 4966 16be 0F170000 		.4byte	0x170f
 4967 16c2 04       		.uleb128 0x4
 4968 16c3 D4180000 		.4byte	.LASF268
 4969 16c7 10       		.byte	0x10
 4970 16c8 36       		.byte	0x36
 4971 16c9 13       		.byte	0x13
 4972 16ca 0F170000 		.4byte	0x170f
 4973 16ce 00       		.byte	0
 4974 16cf 14       		.uleb128 0x14
 4975 16d0 5F6B00   		.ascii	"_k\000"
 4976 16d3 10       		.byte	0x10
 4977 16d4 37       		.byte	0x37
 4978 16d5 07       		.byte	0x7
 4979 16d6 2C000000 		.4byte	0x2c
 4980 16da 04       		.byte	0x4
 4981 16db 04       		.uleb128 0x4
 4982 16dc 59100000 		.4byte	.LASF269
 4983 16e0 10       		.byte	0x10
 4984 16e1 37       		.byte	0x37
 4985 16e2 0B       		.byte	0xb
 4986 16e3 2C000000 		.4byte	0x2c
 4987 16e7 08       		.byte	0x8
 4988 16e8 04       		.uleb128 0x4
 4989 16e9 05040000 		.4byte	.LASF270
 4990 16ed 10       		.byte	0x10
 4991 16ee 37       		.byte	0x37
 4992 16ef 14       		.byte	0x14
 4993 16f0 2C000000 		.4byte	0x2c
 4994 16f4 0C       		.byte	0xc
 4995 16f5 04       		.uleb128 0x4
 4996 16f6 050D0000 		.4byte	.LASF271
 4997 16fa 10       		.byte	0x10
 4998 16fb 37       		.byte	0x37
 4999 16fc 1B       		.byte	0x1b
 5000 16fd 2C000000 		.4byte	0x2c
 5001 1701 10       		.byte	0x10
 5002 1702 14       		.uleb128 0x14
 5003 1703 5F7800   		.ascii	"_x\000"
 5004 1706 10       		.byte	0x10
 5005 1707 38       		.byte	0x38
 5006 1708 0B       		.byte	0xb
 5007 1709 15170000 		.4byte	0x1715
 5008 170d 14       		.byte	0x14
 5009 170e 00       		.byte	0
 5010 170f 08       		.uleb128 0x8
 5011 1710 04       		.byte	0x4
 5012 1711 B5160000 		.4byte	0x16b5
ARM GAS  /tmp/ccVOBie3.s 			page 89


 5013 1715 0B       		.uleb128 0xb
 5014 1716 91160000 		.4byte	0x1691
 5015 171a 25170000 		.4byte	0x1725
 5016 171e 0E       		.uleb128 0xe
 5017 171f 7B010000 		.4byte	0x17b
 5018 1723 00       		.byte	0
 5019 1724 00       		.byte	0
 5020 1725 27       		.uleb128 0x27
 5021 1726 E7010000 		.4byte	.LASF273
 5022 172a 24       		.byte	0x24
 5023 172b 10       		.byte	0x10
 5024 172c 3C       		.byte	0x3c
 5025 172d 08       		.byte	0x8
 5026 172e A8170000 		.4byte	0x17a8
 5027 1732 04       		.uleb128 0x4
 5028 1733 03020000 		.4byte	.LASF274
 5029 1737 10       		.byte	0x10
 5030 1738 3E       		.byte	0x3e
 5031 1739 09       		.byte	0x9
 5032 173a 2C000000 		.4byte	0x2c
 5033 173e 00       		.byte	0
 5034 173f 04       		.uleb128 0x4
 5035 1740 1C1F0000 		.4byte	.LASF275
 5036 1744 10       		.byte	0x10
 5037 1745 3F       		.byte	0x3f
 5038 1746 09       		.byte	0x9
 5039 1747 2C000000 		.4byte	0x2c
 5040 174b 04       		.byte	0x4
 5041 174c 04       		.uleb128 0x4
 5042 174d C61D0000 		.4byte	.LASF276
 5043 1751 10       		.byte	0x10
 5044 1752 40       		.byte	0x40
 5045 1753 09       		.byte	0x9
 5046 1754 2C000000 		.4byte	0x2c
 5047 1758 08       		.byte	0x8
 5048 1759 04       		.uleb128 0x4
 5049 175a 7B0D0000 		.4byte	.LASF277
 5050 175e 10       		.byte	0x10
 5051 175f 41       		.byte	0x41
 5052 1760 09       		.byte	0x9
 5053 1761 2C000000 		.4byte	0x2c
 5054 1765 0C       		.byte	0xc
 5055 1766 04       		.uleb128 0x4
 5056 1767 76050000 		.4byte	.LASF278
 5057 176b 10       		.byte	0x10
 5058 176c 42       		.byte	0x42
 5059 176d 09       		.byte	0x9
 5060 176e 2C000000 		.4byte	0x2c
 5061 1772 10       		.byte	0x10
 5062 1773 04       		.uleb128 0x4
 5063 1774 1B1B0000 		.4byte	.LASF279
 5064 1778 10       		.byte	0x10
 5065 1779 43       		.byte	0x43
 5066 177a 09       		.byte	0x9
 5067 177b 2C000000 		.4byte	0x2c
 5068 177f 14       		.byte	0x14
 5069 1780 04       		.uleb128 0x4
ARM GAS  /tmp/ccVOBie3.s 			page 90


 5070 1781 2D150000 		.4byte	.LASF280
 5071 1785 10       		.byte	0x10
 5072 1786 44       		.byte	0x44
 5073 1787 09       		.byte	0x9
 5074 1788 2C000000 		.4byte	0x2c
 5075 178c 18       		.byte	0x18
 5076 178d 04       		.uleb128 0x4
 5077 178e 63150000 		.4byte	.LASF281
 5078 1792 10       		.byte	0x10
 5079 1793 45       		.byte	0x45
 5080 1794 09       		.byte	0x9
 5081 1795 2C000000 		.4byte	0x2c
 5082 1799 1C       		.byte	0x1c
 5083 179a 04       		.uleb128 0x4
 5084 179b DD1E0000 		.4byte	.LASF282
 5085 179f 10       		.byte	0x10
 5086 17a0 46       		.byte	0x46
 5087 17a1 09       		.byte	0x9
 5088 17a2 2C000000 		.4byte	0x2c
 5089 17a6 20       		.byte	0x20
 5090 17a7 00       		.byte	0
 5091 17a8 38       		.uleb128 0x38
 5092 17a9 28040000 		.4byte	.LASF283
 5093 17ad 0801     		.2byte	0x108
 5094 17af 10       		.byte	0x10
 5095 17b0 4F       		.byte	0x4f
 5096 17b1 08       		.byte	0x8
 5097 17b2 ED170000 		.4byte	0x17ed
 5098 17b6 04       		.uleb128 0x4
 5099 17b7 C91E0000 		.4byte	.LASF284
 5100 17bb 10       		.byte	0x10
 5101 17bc 50       		.byte	0x50
 5102 17bd 0A       		.byte	0xa
 5103 17be ED170000 		.4byte	0x17ed
 5104 17c2 00       		.byte	0
 5105 17c3 04       		.uleb128 0x4
 5106 17c4 1F170000 		.4byte	.LASF285
 5107 17c8 10       		.byte	0x10
 5108 17c9 51       		.byte	0x51
 5109 17ca 09       		.byte	0x9
 5110 17cb ED170000 		.4byte	0x17ed
 5111 17cf 80       		.byte	0x80
 5112 17d0 25       		.uleb128 0x25
 5113 17d1 DC1A0000 		.4byte	.LASF286
 5114 17d5 10       		.byte	0x10
 5115 17d6 53       		.byte	0x53
 5116 17d7 0A       		.byte	0xa
 5117 17d8 91160000 		.4byte	0x1691
 5118 17dc 0001     		.2byte	0x100
 5119 17de 25       		.uleb128 0x25
 5120 17df 2A1C0000 		.4byte	.LASF287
 5121 17e3 10       		.byte	0x10
 5122 17e4 56       		.byte	0x56
 5123 17e5 0A       		.byte	0xa
 5124 17e6 91160000 		.4byte	0x1691
 5125 17ea 0401     		.2byte	0x104
 5126 17ec 00       		.byte	0
ARM GAS  /tmp/ccVOBie3.s 			page 91


 5127 17ed 0B       		.uleb128 0xb
 5128 17ee 8F160000 		.4byte	0x168f
 5129 17f2 FD170000 		.4byte	0x17fd
 5130 17f6 0E       		.uleb128 0xe
 5131 17f7 7B010000 		.4byte	0x17b
 5132 17fb 1F       		.byte	0x1f
 5133 17fc 00       		.byte	0
 5134 17fd 38       		.uleb128 0x38
 5135 17fe 47140000 		.4byte	.LASF288
 5136 1802 9001     		.2byte	0x190
 5137 1804 10       		.byte	0x10
 5138 1805 62       		.byte	0x62
 5139 1806 08       		.byte	0x8
 5140 1807 40180000 		.4byte	0x1840
 5141 180b 04       		.uleb128 0x4
 5142 180c D4180000 		.4byte	.LASF268
 5143 1810 10       		.byte	0x10
 5144 1811 63       		.byte	0x63
 5145 1812 12       		.byte	0x12
 5146 1813 40180000 		.4byte	0x1840
 5147 1817 00       		.byte	0
 5148 1818 04       		.uleb128 0x4
 5149 1819 EF1B0000 		.4byte	.LASF289
 5150 181d 10       		.byte	0x10
 5151 181e 64       		.byte	0x64
 5152 181f 06       		.byte	0x6
 5153 1820 2C000000 		.4byte	0x2c
 5154 1824 04       		.byte	0x4
 5155 1825 04       		.uleb128 0x4
 5156 1826 CA080000 		.4byte	.LASF290
 5157 182a 10       		.byte	0x10
 5158 182b 66       		.byte	0x66
 5159 182c 09       		.byte	0x9
 5160 182d 46180000 		.4byte	0x1846
 5161 1831 08       		.byte	0x8
 5162 1832 04       		.uleb128 0x4
 5163 1833 28040000 		.4byte	.LASF283
 5164 1837 10       		.byte	0x10
 5165 1838 67       		.byte	0x67
 5166 1839 1E       		.byte	0x1e
 5167 183a A8170000 		.4byte	0x17a8
 5168 183e 88       		.byte	0x88
 5169 183f 00       		.byte	0
 5170 1840 08       		.uleb128 0x8
 5171 1841 04       		.byte	0x4
 5172 1842 FD170000 		.4byte	0x17fd
 5173 1846 0B       		.uleb128 0xb
 5174 1847 56180000 		.4byte	0x1856
 5175 184b 56180000 		.4byte	0x1856
 5176 184f 0E       		.uleb128 0xe
 5177 1850 7B010000 		.4byte	0x17b
 5178 1854 1F       		.byte	0x1f
 5179 1855 00       		.byte	0
 5180 1856 08       		.uleb128 0x8
 5181 1857 04       		.byte	0x4
 5182 1858 5C180000 		.4byte	0x185c
 5183 185c 61       		.uleb128 0x61
ARM GAS  /tmp/ccVOBie3.s 			page 92


 5184 185d 27       		.uleb128 0x27
 5185 185e 071C0000 		.4byte	.LASF291
 5186 1862 08       		.byte	0x8
 5187 1863 10       		.byte	0x10
 5188 1864 7A       		.byte	0x7a
 5189 1865 08       		.byte	0x8
 5190 1866 85180000 		.4byte	0x1885
 5191 186a 04       		.uleb128 0x4
 5192 186b C2170000 		.4byte	.LASF292
 5193 186f 10       		.byte	0x10
 5194 1870 7B       		.byte	0x7b
 5195 1871 11       		.byte	0x11
 5196 1872 85180000 		.4byte	0x1885
 5197 1876 00       		.byte	0
 5198 1877 04       		.uleb128 0x4
 5199 1878 6D020000 		.4byte	.LASF293
 5200 187c 10       		.byte	0x10
 5201 187d 7C       		.byte	0x7c
 5202 187e 06       		.byte	0x6
 5203 187f 2C000000 		.4byte	0x2c
 5204 1883 04       		.byte	0x4
 5205 1884 00       		.byte	0
 5206 1885 08       		.uleb128 0x8
 5207 1886 04       		.byte	0x4
 5208 1887 95000000 		.4byte	0x95
 5209 188b 27       		.uleb128 0x27
 5210 188c CC0E0000 		.4byte	.LASF294
 5211 1890 68       		.byte	0x68
 5212 1891 10       		.byte	0x10
 5213 1892 BA       		.byte	0xba
 5214 1893 08       		.byte	0x8
 5215 1894 CE190000 		.4byte	0x19ce
 5216 1898 14       		.uleb128 0x14
 5217 1899 5F7000   		.ascii	"_p\000"
 5218 189c 10       		.byte	0x10
 5219 189d BB       		.byte	0xbb
 5220 189e 12       		.byte	0x12
 5221 189f 85180000 		.4byte	0x1885
 5222 18a3 00       		.byte	0
 5223 18a4 14       		.uleb128 0x14
 5224 18a5 5F7200   		.ascii	"_r\000"
 5225 18a8 10       		.byte	0x10
 5226 18a9 BC       		.byte	0xbc
 5227 18aa 07       		.byte	0x7
 5228 18ab 2C000000 		.4byte	0x2c
 5229 18af 04       		.byte	0x4
 5230 18b0 14       		.uleb128 0x14
 5231 18b1 5F7700   		.ascii	"_w\000"
 5232 18b4 10       		.byte	0x10
 5233 18b5 BD       		.byte	0xbd
 5234 18b6 07       		.byte	0x7
 5235 18b7 2C000000 		.4byte	0x2c
 5236 18bb 08       		.byte	0x8
 5237 18bc 04       		.uleb128 0x4
 5238 18bd F0130000 		.4byte	.LASF295
 5239 18c1 10       		.byte	0x10
 5240 18c2 BE       		.byte	0xbe
ARM GAS  /tmp/ccVOBie3.s 			page 93


 5241 18c3 09       		.byte	0x9
 5242 18c4 52000000 		.4byte	0x52
 5243 18c8 0C       		.byte	0xc
 5244 18c9 04       		.uleb128 0x4
 5245 18ca 0B040000 		.4byte	.LASF296
 5246 18ce 10       		.byte	0x10
 5247 18cf BF       		.byte	0xbf
 5248 18d0 09       		.byte	0x9
 5249 18d1 52000000 		.4byte	0x52
 5250 18d5 0E       		.byte	0xe
 5251 18d6 14       		.uleb128 0x14
 5252 18d7 5F626600 		.ascii	"_bf\000"
 5253 18db 10       		.byte	0x10
 5254 18dc C0       		.byte	0xc0
 5255 18dd 11       		.byte	0x11
 5256 18de 5D180000 		.4byte	0x185d
 5257 18e2 10       		.byte	0x10
 5258 18e3 04       		.uleb128 0x4
 5259 18e4 88120000 		.4byte	.LASF297
 5260 18e8 10       		.byte	0x10
 5261 18e9 C1       		.byte	0xc1
 5262 18ea 07       		.byte	0x7
 5263 18eb 2C000000 		.4byte	0x2c
 5264 18ef 18       		.byte	0x18
 5265 18f0 04       		.uleb128 0x4
 5266 18f1 C70C0000 		.4byte	.LASF298
 5267 18f5 10       		.byte	0x10
 5268 18f6 C8       		.byte	0xc8
 5269 18f7 0A       		.byte	0xa
 5270 18f8 8F160000 		.4byte	0x168f
 5271 18fc 1C       		.byte	0x1c
 5272 18fd 04       		.uleb128 0x4
 5273 18fe 15010000 		.4byte	.LASF299
 5274 1902 10       		.byte	0x10
 5275 1903 CA       		.byte	0xca
 5276 1904 1D       		.byte	0x1d
 5277 1905 B31C0000 		.4byte	0x1cb3
 5278 1909 20       		.byte	0x20
 5279 190a 04       		.uleb128 0x4
 5280 190b 30010000 		.4byte	.LASF300
 5281 190f 10       		.byte	0x10
 5282 1910 CC       		.byte	0xcc
 5283 1911 1D       		.byte	0x1d
 5284 1912 DD1C0000 		.4byte	0x1cdd
 5285 1916 24       		.byte	0x24
 5286 1917 04       		.uleb128 0x4
 5287 1918 D8150000 		.4byte	.LASF301
 5288 191c 10       		.byte	0x10
 5289 191d CF       		.byte	0xcf
 5290 191e 0D       		.byte	0xd
 5291 191f 011D0000 		.4byte	0x1d01
 5292 1923 28       		.byte	0x28
 5293 1924 04       		.uleb128 0x4
 5294 1925 E9080000 		.4byte	.LASF302
 5295 1929 10       		.byte	0x10
 5296 192a D0       		.byte	0xd0
 5297 192b 09       		.byte	0x9
ARM GAS  /tmp/ccVOBie3.s 			page 94


 5298 192c 1B1D0000 		.4byte	0x1d1b
 5299 1930 2C       		.byte	0x2c
 5300 1931 14       		.uleb128 0x14
 5301 1932 5F756200 		.ascii	"_ub\000"
 5302 1936 10       		.byte	0x10
 5303 1937 D3       		.byte	0xd3
 5304 1938 11       		.byte	0x11
 5305 1939 5D180000 		.4byte	0x185d
 5306 193d 30       		.byte	0x30
 5307 193e 14       		.uleb128 0x14
 5308 193f 5F757000 		.ascii	"_up\000"
 5309 1943 10       		.byte	0x10
 5310 1944 D4       		.byte	0xd4
 5311 1945 12       		.byte	0x12
 5312 1946 85180000 		.4byte	0x1885
 5313 194a 38       		.byte	0x38
 5314 194b 14       		.uleb128 0x14
 5315 194c 5F757200 		.ascii	"_ur\000"
 5316 1950 10       		.byte	0x10
 5317 1951 D5       		.byte	0xd5
 5318 1952 07       		.byte	0x7
 5319 1953 2C000000 		.4byte	0x2c
 5320 1957 3C       		.byte	0x3c
 5321 1958 04       		.uleb128 0x4
 5322 1959 89130000 		.4byte	.LASF303
 5323 195d 10       		.byte	0x10
 5324 195e D8       		.byte	0xd8
 5325 195f 11       		.byte	0x11
 5326 1960 211D0000 		.4byte	0x1d21
 5327 1964 40       		.byte	0x40
 5328 1965 04       		.uleb128 0x4
 5329 1966 FD010000 		.4byte	.LASF304
 5330 196a 10       		.byte	0x10
 5331 196b D9       		.byte	0xd9
 5332 196c 11       		.byte	0x11
 5333 196d 311D0000 		.4byte	0x1d31
 5334 1971 43       		.byte	0x43
 5335 1972 14       		.uleb128 0x14
 5336 1973 5F6C6200 		.ascii	"_lb\000"
 5337 1977 10       		.byte	0x10
 5338 1978 DC       		.byte	0xdc
 5339 1979 11       		.byte	0x11
 5340 197a 5D180000 		.4byte	0x185d
 5341 197e 44       		.byte	0x44
 5342 197f 04       		.uleb128 0x4
 5343 1980 93170000 		.4byte	.LASF305
 5344 1984 10       		.byte	0x10
 5345 1985 DF       		.byte	0xdf
 5346 1986 07       		.byte	0x7
 5347 1987 2C000000 		.4byte	0x2c
 5348 198b 4C       		.byte	0x4c
 5349 198c 04       		.uleb128 0x4
 5350 198d 5C0D0000 		.4byte	.LASF306
 5351 1991 10       		.byte	0x10
 5352 1992 E0       		.byte	0xe0
 5353 1993 0A       		.byte	0xa
 5354 1994 11160000 		.4byte	0x1611
ARM GAS  /tmp/ccVOBie3.s 			page 95


 5355 1998 50       		.byte	0x50
 5356 1999 04       		.uleb128 0x4
 5357 199a DA180000 		.4byte	.LASF307
 5358 199e 10       		.byte	0x10
 5359 199f E3       		.byte	0xe3
 5360 19a0 12       		.byte	0x12
 5361 19a1 EC190000 		.4byte	0x19ec
 5362 19a5 54       		.byte	0x54
 5363 19a6 04       		.uleb128 0x4
 5364 19a7 96020000 		.4byte	.LASF308
 5365 19ab 10       		.byte	0x10
 5366 19ac E7       		.byte	0xe7
 5367 19ad 0C       		.byte	0xc
 5368 19ae A9160000 		.4byte	0x16a9
 5369 19b2 58       		.byte	0x58
 5370 19b3 04       		.uleb128 0x4
 5371 19b4 BF130000 		.4byte	.LASF309
 5372 19b8 10       		.byte	0x10
 5373 19b9 E9       		.byte	0xe9
 5374 19ba 0E       		.byte	0xe
 5375 19bb 83160000 		.4byte	0x1683
 5376 19bf 5C       		.byte	0x5c
 5377 19c0 04       		.uleb128 0x4
 5378 19c1 DF0E0000 		.4byte	.LASF310
 5379 19c5 10       		.byte	0x10
 5380 19c6 EA       		.byte	0xea
 5381 19c7 09       		.byte	0x9
 5382 19c8 2C000000 		.4byte	0x2c
 5383 19cc 64       		.byte	0x64
 5384 19cd 00       		.byte	0
 5385 19ce 29       		.uleb128 0x29
 5386 19cf 2C000000 		.4byte	0x2c
 5387 19d3 EC190000 		.4byte	0x19ec
 5388 19d7 01       		.uleb128 0x1
 5389 19d8 EC190000 		.4byte	0x19ec
 5390 19dc 01       		.uleb128 0x1
 5391 19dd 8F160000 		.4byte	0x168f
 5392 19e1 01       		.uleb128 0x1
 5393 19e2 A11C0000 		.4byte	0x1ca1
 5394 19e6 01       		.uleb128 0x1
 5395 19e7 2C000000 		.4byte	0x2c
 5396 19eb 00       		.byte	0
 5397 19ec 08       		.uleb128 0x8
 5398 19ed 04       		.byte	0x4
 5399 19ee F7190000 		.4byte	0x19f7
 5400 19f2 0D       		.uleb128 0xd
 5401 19f3 EC190000 		.4byte	0x19ec
 5402 19f7 49       		.uleb128 0x49
 5403 19f8 E5070000 		.4byte	.LASF311
 5404 19fc 2804     		.2byte	0x428
 5405 19fe 10       		.byte	0x10
 5406 19ff 6502     		.2byte	0x265
 5407 1a01 08       		.byte	0x8
 5408 1a02 A11C0000 		.4byte	0x1ca1
 5409 1a06 62       		.uleb128 0x62
 5410 1a07 F0       		.byte	0xf0
 5411 1a08 10       		.byte	0x10
ARM GAS  /tmp/ccVOBie3.s 			page 96


 5412 1a09 8402     		.2byte	0x284
 5413 1a0b 05       		.byte	0x5
 5414 1a0c 671B0000 		.4byte	0x1b67
 5415 1a10 4A       		.uleb128 0x4a
 5416 1a11 D0       		.byte	0xd0
 5417 1a12 10       		.byte	0x10
 5418 1a13 8602     		.2byte	0x286
 5419 1a15 09       		.byte	0x9
 5420 1a16 251B0000 		.4byte	0x1b25
 5421 1a1a 06       		.uleb128 0x6
 5422 1a1b FC050000 		.4byte	.LASF312
 5423 1a1f 10       		.byte	0x10
 5424 1a20 8702     		.2byte	0x287
 5425 1a22 18       		.byte	0x18
 5426 1a23 7B010000 		.4byte	0x17b
 5427 1a27 00       		.byte	0
 5428 1a28 06       		.uleb128 0x6
 5429 1a29 D8170000 		.4byte	.LASF313
 5430 1a2d 10       		.byte	0x10
 5431 1a2e 8802     		.2byte	0x288
 5432 1a30 12       		.byte	0x12
 5433 1a31 A11C0000 		.4byte	0x1ca1
 5434 1a35 04       		.byte	0x4
 5435 1a36 06       		.uleb128 0x6
 5436 1a37 6A010000 		.4byte	.LASF314
 5437 1a3b 10       		.byte	0x10
 5438 1a3c 8902     		.2byte	0x289
 5439 1a3e 10       		.byte	0x10
 5440 1a3f DC1D0000 		.4byte	0x1ddc
 5441 1a43 08       		.byte	0x8
 5442 1a44 06       		.uleb128 0x6
 5443 1a45 DC040000 		.4byte	.LASF315
 5444 1a49 10       		.byte	0x10
 5445 1a4a 8A02     		.2byte	0x28a
 5446 1a4c 17       		.byte	0x17
 5447 1a4d 25170000 		.4byte	0x1725
 5448 1a51 24       		.byte	0x24
 5449 1a52 06       		.uleb128 0x6
 5450 1a53 76110000 		.4byte	.LASF316
 5451 1a57 10       		.byte	0x10
 5452 1a58 8B02     		.2byte	0x28b
 5453 1a5a 0F       		.byte	0xf
 5454 1a5b 2C000000 		.4byte	0x2c
 5455 1a5f 48       		.byte	0x48
 5456 1a60 06       		.uleb128 0x6
 5457 1a61 DE130000 		.4byte	.LASF317
 5458 1a65 10       		.byte	0x10
 5459 1a66 8C02     		.2byte	0x28c
 5460 1a68 2C       		.byte	0x2c
 5461 1a69 D3000000 		.4byte	0xd3
 5462 1a6d 50       		.byte	0x50
 5463 1a6e 06       		.uleb128 0x6
 5464 1a6f 8F180000 		.4byte	.LASF318
 5465 1a73 10       		.byte	0x10
 5466 1a74 8D02     		.2byte	0x28d
 5467 1a76 1A       		.byte	0x1a
 5468 1a77 931D0000 		.4byte	0x1d93
ARM GAS  /tmp/ccVOBie3.s 			page 97


 5469 1a7b 58       		.byte	0x58
 5470 1a7c 06       		.uleb128 0x6
 5471 1a7d 0E1A0000 		.4byte	.LASF319
 5472 1a81 10       		.byte	0x10
 5473 1a82 8E02     		.2byte	0x28e
 5474 1a84 16       		.byte	0x16
 5475 1a85 83160000 		.4byte	0x1683
 5476 1a89 68       		.byte	0x68
 5477 1a8a 06       		.uleb128 0x6
 5478 1a8b 52160000 		.4byte	.LASF320
 5479 1a8f 10       		.byte	0x10
 5480 1a90 8F02     		.2byte	0x28f
 5481 1a92 16       		.byte	0x16
 5482 1a93 83160000 		.4byte	0x1683
 5483 1a97 70       		.byte	0x70
 5484 1a98 06       		.uleb128 0x6
 5485 1a99 B1130000 		.4byte	.LASF321
 5486 1a9d 10       		.byte	0x10
 5487 1a9e 9002     		.2byte	0x290
 5488 1aa0 16       		.byte	0x16
 5489 1aa1 83160000 		.4byte	0x1683
 5490 1aa5 78       		.byte	0x78
 5491 1aa6 06       		.uleb128 0x6
 5492 1aa7 18020000 		.4byte	.LASF322
 5493 1aab 10       		.byte	0x10
 5494 1aac 9102     		.2byte	0x291
 5495 1aae 10       		.byte	0x10
 5496 1aaf EC1D0000 		.4byte	0x1dec
 5497 1ab3 80       		.byte	0x80
 5498 1ab4 06       		.uleb128 0x6
 5499 1ab5 B90F0000 		.4byte	.LASF323
 5500 1ab9 10       		.byte	0x10
 5501 1aba 9202     		.2byte	0x292
 5502 1abc 10       		.byte	0x10
 5503 1abd FC1D0000 		.4byte	0x1dfc
 5504 1ac1 88       		.byte	0x88
 5505 1ac2 06       		.uleb128 0x6
 5506 1ac3 371F0000 		.4byte	.LASF324
 5507 1ac7 10       		.byte	0x10
 5508 1ac8 9302     		.2byte	0x293
 5509 1aca 0F       		.byte	0xf
 5510 1acb 2C000000 		.4byte	0x2c
 5511 1acf A0       		.byte	0xa0
 5512 1ad0 06       		.uleb128 0x6
 5513 1ad1 5E040000 		.4byte	.LASF325
 5514 1ad5 10       		.byte	0x10
 5515 1ad6 9402     		.2byte	0x294
 5516 1ad8 16       		.byte	0x16
 5517 1ad9 83160000 		.4byte	0x1683
 5518 1add A4       		.byte	0xa4
 5519 1ade 06       		.uleb128 0x6
 5520 1adf EA170000 		.4byte	.LASF326
 5521 1ae3 10       		.byte	0x10
 5522 1ae4 9502     		.2byte	0x295
 5523 1ae6 16       		.byte	0x16
 5524 1ae7 83160000 		.4byte	0x1683
 5525 1aeb AC       		.byte	0xac
ARM GAS  /tmp/ccVOBie3.s 			page 98


 5526 1aec 06       		.uleb128 0x6
 5527 1aed 171E0000 		.4byte	.LASF327
 5528 1af1 10       		.byte	0x10
 5529 1af2 9602     		.2byte	0x296
 5530 1af4 16       		.byte	0x16
 5531 1af5 83160000 		.4byte	0x1683
 5532 1af9 B4       		.byte	0xb4
 5533 1afa 06       		.uleb128 0x6
 5534 1afb 3B130000 		.4byte	.LASF328
 5535 1aff 10       		.byte	0x10
 5536 1b00 9702     		.2byte	0x297
 5537 1b02 16       		.byte	0x16
 5538 1b03 83160000 		.4byte	0x1683
 5539 1b07 BC       		.byte	0xbc
 5540 1b08 06       		.uleb128 0x6
 5541 1b09 EC010000 		.4byte	.LASF329
 5542 1b0d 10       		.byte	0x10
 5543 1b0e 9802     		.2byte	0x298
 5544 1b10 16       		.byte	0x16
 5545 1b11 83160000 		.4byte	0x1683
 5546 1b15 C4       		.byte	0xc4
 5547 1b16 06       		.uleb128 0x6
 5548 1b17 FC120000 		.4byte	.LASF330
 5549 1b1b 10       		.byte	0x10
 5550 1b1c 9902     		.2byte	0x299
 5551 1b1e 08       		.byte	0x8
 5552 1b1f 2C000000 		.4byte	0x2c
 5553 1b23 CC       		.byte	0xcc
 5554 1b24 00       		.byte	0
 5555 1b25 4A       		.uleb128 0x4a
 5556 1b26 F0       		.byte	0xf0
 5557 1b27 10       		.byte	0x10
 5558 1b28 9F02     		.2byte	0x29f
 5559 1b2a 09       		.byte	0x9
 5560 1b2b 4C1B0000 		.4byte	0x1b4c
 5561 1b2f 06       		.uleb128 0x6
 5562 1b30 E9130000 		.4byte	.LASF331
 5563 1b34 10       		.byte	0x10
 5564 1b35 A102     		.2byte	0x2a1
 5565 1b37 1B       		.byte	0x1b
 5566 1b38 0C1E0000 		.4byte	0x1e0c
 5567 1b3c 00       		.byte	0
 5568 1b3d 06       		.uleb128 0x6
 5569 1b3e 5F110000 		.4byte	.LASF332
 5570 1b42 10       		.byte	0x10
 5571 1b43 A202     		.2byte	0x2a2
 5572 1b45 18       		.byte	0x18
 5573 1b46 1C1E0000 		.4byte	0x1e1c
 5574 1b4a 78       		.byte	0x78
 5575 1b4b 00       		.byte	0
 5576 1b4c 4B       		.uleb128 0x4b
 5577 1b4d E5070000 		.4byte	.LASF311
 5578 1b51 10       		.byte	0x10
 5579 1b52 9A02     		.2byte	0x29a
 5580 1b54 0B       		.byte	0xb
 5581 1b55 101A0000 		.4byte	0x1a10
 5582 1b59 4B       		.uleb128 0x4b
ARM GAS  /tmp/ccVOBie3.s 			page 99


 5583 1b5a 53080000 		.4byte	.LASF333
 5584 1b5e 10       		.byte	0x10
 5585 1b5f A302     		.2byte	0x2a3
 5586 1b61 0B       		.byte	0xb
 5587 1b62 251B0000 		.4byte	0x1b25
 5588 1b66 00       		.byte	0
 5589 1b67 06       		.uleb128 0x6
 5590 1b68 8D0F0000 		.4byte	.LASF334
 5591 1b6c 10       		.byte	0x10
 5592 1b6d 6702     		.2byte	0x267
 5593 1b6f 07       		.byte	0x7
 5594 1b70 2C000000 		.4byte	0x2c
 5595 1b74 00       		.byte	0
 5596 1b75 06       		.uleb128 0x6
 5597 1b76 C5090000 		.4byte	.LASF335
 5598 1b7a 10       		.byte	0x10
 5599 1b7b 6C02     		.2byte	0x26c
 5600 1b7d 0B       		.byte	0xb
 5601 1b7e 8D1D0000 		.4byte	0x1d8d
 5602 1b82 04       		.byte	0x4
 5603 1b83 06       		.uleb128 0x6
 5604 1b84 56170000 		.4byte	.LASF336
 5605 1b88 10       		.byte	0x10
 5606 1b89 6C02     		.2byte	0x26c
 5607 1b8b 14       		.byte	0x14
 5608 1b8c 8D1D0000 		.4byte	0x1d8d
 5609 1b90 08       		.byte	0x8
 5610 1b91 06       		.uleb128 0x6
 5611 1b92 FD0B0000 		.4byte	.LASF337
 5612 1b96 10       		.byte	0x10
 5613 1b97 6C02     		.2byte	0x26c
 5614 1b99 1E       		.byte	0x1e
 5615 1b9a 8D1D0000 		.4byte	0x1d8d
 5616 1b9e 0C       		.byte	0xc
 5617 1b9f 06       		.uleb128 0x6
 5618 1ba0 EA1B0000 		.4byte	.LASF338
 5619 1ba4 10       		.byte	0x10
 5620 1ba5 6E02     		.2byte	0x26e
 5621 1ba7 08       		.byte	0x8
 5622 1ba8 2C000000 		.4byte	0x2c
 5623 1bac 10       		.byte	0x10
 5624 1bad 06       		.uleb128 0x6
 5625 1bae DB100000 		.4byte	.LASF339
 5626 1bb2 10       		.byte	0x10
 5627 1bb3 6F02     		.2byte	0x26f
 5628 1bb5 08       		.byte	0x8
 5629 1bb6 2C1E0000 		.4byte	0x1e2c
 5630 1bba 14       		.byte	0x14
 5631 1bbb 06       		.uleb128 0x6
 5632 1bbc 2B170000 		.4byte	.LASF340
 5633 1bc0 10       		.byte	0x10
 5634 1bc1 7202     		.2byte	0x272
 5635 1bc3 07       		.byte	0x7
 5636 1bc4 2C000000 		.4byte	0x2c
 5637 1bc8 30       		.byte	0x30
 5638 1bc9 06       		.uleb128 0x6
 5639 1bca E60B0000 		.4byte	.LASF341
ARM GAS  /tmp/ccVOBie3.s 			page 100


 5640 1bce 10       		.byte	0x10
 5641 1bcf 7302     		.2byte	0x273
 5642 1bd1 16       		.byte	0x16
 5643 1bd2 411E0000 		.4byte	0x1e41
 5644 1bd6 34       		.byte	0x34
 5645 1bd7 06       		.uleb128 0x6
 5646 1bd8 D40E0000 		.4byte	.LASF342
 5647 1bdc 10       		.byte	0x10
 5648 1bdd 7502     		.2byte	0x275
 5649 1bdf 07       		.byte	0x7
 5650 1be0 2C000000 		.4byte	0x2c
 5651 1be4 38       		.byte	0x38
 5652 1be5 06       		.uleb128 0x6
 5653 1be6 95100000 		.4byte	.LASF343
 5654 1bea 10       		.byte	0x10
 5655 1beb 7702     		.2byte	0x277
 5656 1bed 0A       		.byte	0xa
 5657 1bee 521E0000 		.4byte	0x1e52
 5658 1bf2 3C       		.byte	0x3c
 5659 1bf3 06       		.uleb128 0x6
 5660 1bf4 071D0000 		.4byte	.LASF344
 5661 1bf8 10       		.byte	0x10
 5662 1bf9 7A02     		.2byte	0x27a
 5663 1bfb 13       		.byte	0x13
 5664 1bfc 0F170000 		.4byte	0x170f
 5665 1c00 40       		.byte	0x40
 5666 1c01 06       		.uleb128 0x6
 5667 1c02 A7040000 		.4byte	.LASF345
 5668 1c06 10       		.byte	0x10
 5669 1c07 7B02     		.2byte	0x27b
 5670 1c09 07       		.byte	0x7
 5671 1c0a 2C000000 		.4byte	0x2c
 5672 1c0e 44       		.byte	0x44
 5673 1c0f 06       		.uleb128 0x6
 5674 1c10 CF0C0000 		.4byte	.LASF346
 5675 1c14 10       		.byte	0x10
 5676 1c15 7C02     		.2byte	0x27c
 5677 1c17 13       		.byte	0x13
 5678 1c18 0F170000 		.4byte	0x170f
 5679 1c1c 48       		.byte	0x48
 5680 1c1d 06       		.uleb128 0x6
 5681 1c1e B1110000 		.4byte	.LASF347
 5682 1c22 10       		.byte	0x10
 5683 1c23 7D02     		.2byte	0x27d
 5684 1c25 14       		.byte	0x14
 5685 1c26 581E0000 		.4byte	0x1e58
 5686 1c2a 4C       		.byte	0x4c
 5687 1c2b 06       		.uleb128 0x6
 5688 1c2c A4010000 		.4byte	.LASF348
 5689 1c30 10       		.byte	0x10
 5690 1c31 8002     		.2byte	0x280
 5691 1c33 07       		.byte	0x7
 5692 1c34 2C000000 		.4byte	0x2c
 5693 1c38 50       		.byte	0x50
 5694 1c39 06       		.uleb128 0x6
 5695 1c3a 730D0000 		.4byte	.LASF349
 5696 1c3e 10       		.byte	0x10
ARM GAS  /tmp/ccVOBie3.s 			page 101


 5697 1c3f 8102     		.2byte	0x281
 5698 1c41 09       		.byte	0x9
 5699 1c42 A11C0000 		.4byte	0x1ca1
 5700 1c46 54       		.byte	0x54
 5701 1c47 06       		.uleb128 0x6
 5702 1c48 74130000 		.4byte	.LASF350
 5703 1c4c 10       		.byte	0x10
 5704 1c4d A402     		.2byte	0x2a4
 5705 1c4f 07       		.byte	0x7
 5706 1c50 061A0000 		.4byte	0x1a06
 5707 1c54 58       		.byte	0x58
 5708 1c55 2F       		.uleb128 0x2f
 5709 1c56 47140000 		.4byte	.LASF288
 5710 1c5a 10       		.byte	0x10
 5711 1c5b A802     		.2byte	0x2a8
 5712 1c5d 13       		.byte	0x13
 5713 1c5e 40180000 		.4byte	0x1840
 5714 1c62 4801     		.2byte	0x148
 5715 1c64 2F       		.uleb128 0x2f
 5716 1c65 9F100000 		.4byte	.LASF351
 5717 1c69 10       		.byte	0x10
 5718 1c6a A902     		.2byte	0x2a9
 5719 1c6c 12       		.byte	0x12
 5720 1c6d FD170000 		.4byte	0x17fd
 5721 1c71 4C01     		.2byte	0x14c
 5722 1c73 2F       		.uleb128 0x2f
 5723 1c74 4B0D0000 		.4byte	.LASF352
 5724 1c78 10       		.byte	0x10
 5725 1c79 AD02     		.2byte	0x2ad
 5726 1c7b 0C       		.byte	0xc
 5727 1c7c 691E0000 		.4byte	0x1e69
 5728 1c80 DC02     		.2byte	0x2dc
 5729 1c82 2F       		.uleb128 0x2f
 5730 1c83 57110000 		.4byte	.LASF353
 5731 1c87 10       		.byte	0x10
 5732 1c88 B202     		.2byte	0x2b2
 5733 1c8a 10       		.byte	0x10
 5734 1c8b 4E1D0000 		.4byte	0x1d4e
 5735 1c8f E002     		.2byte	0x2e0
 5736 1c91 2F       		.uleb128 0x2f
 5737 1c92 DF000000 		.4byte	.LASF354
 5738 1c96 10       		.byte	0x10
 5739 1c97 B402     		.2byte	0x2b4
 5740 1c99 0A       		.byte	0xa
 5741 1c9a 751E0000 		.4byte	0x1e75
 5742 1c9e EC02     		.2byte	0x2ec
 5743 1ca0 00       		.byte	0
 5744 1ca1 08       		.uleb128 0x8
 5745 1ca2 04       		.byte	0x4
 5746 1ca3 A71C0000 		.4byte	0x1ca7
 5747 1ca7 16       		.uleb128 0x16
 5748 1ca8 01       		.byte	0x1
 5749 1ca9 08       		.byte	0x8
 5750 1caa A6080000 		.4byte	.LASF355
 5751 1cae 0D       		.uleb128 0xd
 5752 1caf A71C0000 		.4byte	0x1ca7
 5753 1cb3 08       		.uleb128 0x8
ARM GAS  /tmp/ccVOBie3.s 			page 102


 5754 1cb4 04       		.byte	0x4
 5755 1cb5 CE190000 		.4byte	0x19ce
 5756 1cb9 29       		.uleb128 0x29
 5757 1cba 2C000000 		.4byte	0x2c
 5758 1cbe D71C0000 		.4byte	0x1cd7
 5759 1cc2 01       		.uleb128 0x1
 5760 1cc3 EC190000 		.4byte	0x19ec
 5761 1cc7 01       		.uleb128 0x1
 5762 1cc8 8F160000 		.4byte	0x168f
 5763 1ccc 01       		.uleb128 0x1
 5764 1ccd D71C0000 		.4byte	0x1cd7
 5765 1cd1 01       		.uleb128 0x1
 5766 1cd2 2C000000 		.4byte	0x2c
 5767 1cd6 00       		.byte	0
 5768 1cd7 08       		.uleb128 0x8
 5769 1cd8 04       		.byte	0x4
 5770 1cd9 AE1C0000 		.4byte	0x1cae
 5771 1cdd 08       		.uleb128 0x8
 5772 1cde 04       		.byte	0x4
 5773 1cdf B91C0000 		.4byte	0x1cb9
 5774 1ce3 29       		.uleb128 0x29
 5775 1ce4 1D160000 		.4byte	0x161d
 5776 1ce8 011D0000 		.4byte	0x1d01
 5777 1cec 01       		.uleb128 0x1
 5778 1ced EC190000 		.4byte	0x19ec
 5779 1cf1 01       		.uleb128 0x1
 5780 1cf2 8F160000 		.4byte	0x168f
 5781 1cf6 01       		.uleb128 0x1
 5782 1cf7 1D160000 		.4byte	0x161d
 5783 1cfb 01       		.uleb128 0x1
 5784 1cfc 2C000000 		.4byte	0x2c
 5785 1d00 00       		.byte	0
 5786 1d01 08       		.uleb128 0x8
 5787 1d02 04       		.byte	0x4
 5788 1d03 E31C0000 		.4byte	0x1ce3
 5789 1d07 29       		.uleb128 0x29
 5790 1d08 2C000000 		.4byte	0x2c
 5791 1d0c 1B1D0000 		.4byte	0x1d1b
 5792 1d10 01       		.uleb128 0x1
 5793 1d11 EC190000 		.4byte	0x19ec
 5794 1d15 01       		.uleb128 0x1
 5795 1d16 8F160000 		.4byte	0x168f
 5796 1d1a 00       		.byte	0
 5797 1d1b 08       		.uleb128 0x8
 5798 1d1c 04       		.byte	0x4
 5799 1d1d 071D0000 		.4byte	0x1d07
 5800 1d21 0B       		.uleb128 0xb
 5801 1d22 95000000 		.4byte	0x95
 5802 1d26 311D0000 		.4byte	0x1d31
 5803 1d2a 0E       		.uleb128 0xe
 5804 1d2b 7B010000 		.4byte	0x17b
 5805 1d2f 02       		.byte	0x2
 5806 1d30 00       		.byte	0
 5807 1d31 0B       		.uleb128 0xb
 5808 1d32 95000000 		.4byte	0x95
 5809 1d36 411D0000 		.4byte	0x1d41
 5810 1d3a 0E       		.uleb128 0xe
ARM GAS  /tmp/ccVOBie3.s 			page 103


 5811 1d3b 7B010000 		.4byte	0x17b
 5812 1d3f 00       		.byte	0
 5813 1d40 00       		.byte	0
 5814 1d41 2E       		.uleb128 0x2e
 5815 1d42 39180000 		.4byte	.LASF356
 5816 1d46 10       		.byte	0x10
 5817 1d47 2401     		.2byte	0x124
 5818 1d49 1A       		.byte	0x1a
 5819 1d4a 8B180000 		.4byte	0x188b
 5820 1d4e 32       		.uleb128 0x32
 5821 1d4f EE110000 		.4byte	.LASF357
 5822 1d53 0C       		.byte	0xc
 5823 1d54 10       		.byte	0x10
 5824 1d55 2801     		.2byte	0x128
 5825 1d57 08       		.byte	0x8
 5826 1d58 871D0000 		.4byte	0x1d87
 5827 1d5c 06       		.uleb128 0x6
 5828 1d5d D4180000 		.4byte	.LASF268
 5829 1d61 10       		.byte	0x10
 5830 1d62 2A01     		.2byte	0x12a
 5831 1d64 11       		.byte	0x11
 5832 1d65 871D0000 		.4byte	0x1d87
 5833 1d69 00       		.byte	0
 5834 1d6a 06       		.uleb128 0x6
 5835 1d6b 49110000 		.4byte	.LASF358
 5836 1d6f 10       		.byte	0x10
 5837 1d70 2B01     		.2byte	0x12b
 5838 1d72 07       		.byte	0x7
 5839 1d73 2C000000 		.4byte	0x2c
 5840 1d77 04       		.byte	0x4
 5841 1d78 06       		.uleb128 0x6
 5842 1d79 D2110000 		.4byte	.LASF359
 5843 1d7d 10       		.byte	0x10
 5844 1d7e 2C01     		.2byte	0x12c
 5845 1d80 0B       		.byte	0xb
 5846 1d81 8D1D0000 		.4byte	0x1d8d
 5847 1d85 08       		.byte	0x8
 5848 1d86 00       		.byte	0
 5849 1d87 08       		.uleb128 0x8
 5850 1d88 04       		.byte	0x4
 5851 1d89 4E1D0000 		.4byte	0x1d4e
 5852 1d8d 08       		.uleb128 0x8
 5853 1d8e 04       		.byte	0x4
 5854 1d8f 411D0000 		.4byte	0x1d41
 5855 1d93 32       		.uleb128 0x32
 5856 1d94 44170000 		.4byte	.LASF360
 5857 1d98 0E       		.byte	0xe
 5858 1d99 10       		.byte	0x10
 5859 1d9a 4401     		.2byte	0x144
 5860 1d9c 08       		.byte	0x8
 5861 1d9d CC1D0000 		.4byte	0x1dcc
 5862 1da1 06       		.uleb128 0x6
 5863 1da2 B2150000 		.4byte	.LASF361
 5864 1da6 10       		.byte	0x10
 5865 1da7 4501     		.2byte	0x145
 5866 1da9 12       		.byte	0x12
 5867 1daa CC1D0000 		.4byte	0x1dcc
ARM GAS  /tmp/ccVOBie3.s 			page 104


 5868 1dae 00       		.byte	0
 5869 1daf 06       		.uleb128 0x6
 5870 1db0 2E030000 		.4byte	.LASF362
 5871 1db4 10       		.byte	0x10
 5872 1db5 4601     		.2byte	0x146
 5873 1db7 12       		.byte	0x12
 5874 1db8 CC1D0000 		.4byte	0x1dcc
 5875 1dbc 06       		.byte	0x6
 5876 1dbd 06       		.uleb128 0x6
 5877 1dbe 9D1D0000 		.4byte	.LASF363
 5878 1dc2 10       		.byte	0x10
 5879 1dc3 4701     		.2byte	0x147
 5880 1dc5 12       		.byte	0x12
 5881 1dc6 A8000000 		.4byte	0xa8
 5882 1dca 0C       		.byte	0xc
 5883 1dcb 00       		.byte	0
 5884 1dcc 0B       		.uleb128 0xb
 5885 1dcd A8000000 		.4byte	0xa8
 5886 1dd1 DC1D0000 		.4byte	0x1ddc
 5887 1dd5 0E       		.uleb128 0xe
 5888 1dd6 7B010000 		.4byte	0x17b
 5889 1dda 02       		.byte	0x2
 5890 1ddb 00       		.byte	0
 5891 1ddc 0B       		.uleb128 0xb
 5892 1ddd A71C0000 		.4byte	0x1ca7
 5893 1de1 EC1D0000 		.4byte	0x1dec
 5894 1de5 0E       		.uleb128 0xe
 5895 1de6 7B010000 		.4byte	0x17b
 5896 1dea 19       		.byte	0x19
 5897 1deb 00       		.byte	0
 5898 1dec 0B       		.uleb128 0xb
 5899 1ded A71C0000 		.4byte	0x1ca7
 5900 1df1 FC1D0000 		.4byte	0x1dfc
 5901 1df5 0E       		.uleb128 0xe
 5902 1df6 7B010000 		.4byte	0x17b
 5903 1dfa 07       		.byte	0x7
 5904 1dfb 00       		.byte	0
 5905 1dfc 0B       		.uleb128 0xb
 5906 1dfd A71C0000 		.4byte	0x1ca7
 5907 1e01 0C1E0000 		.4byte	0x1e0c
 5908 1e05 0E       		.uleb128 0xe
 5909 1e06 7B010000 		.4byte	0x17b
 5910 1e0a 17       		.byte	0x17
 5911 1e0b 00       		.byte	0
 5912 1e0c 0B       		.uleb128 0xb
 5913 1e0d 85180000 		.4byte	0x1885
 5914 1e11 1C1E0000 		.4byte	0x1e1c
 5915 1e15 0E       		.uleb128 0xe
 5916 1e16 7B010000 		.4byte	0x17b
 5917 1e1a 1D       		.byte	0x1d
 5918 1e1b 00       		.byte	0
 5919 1e1c 0B       		.uleb128 0xb
 5920 1e1d 7B010000 		.4byte	0x17b
 5921 1e21 2C1E0000 		.4byte	0x1e2c
 5922 1e25 0E       		.uleb128 0xe
 5923 1e26 7B010000 		.4byte	0x17b
 5924 1e2a 1D       		.byte	0x1d
ARM GAS  /tmp/ccVOBie3.s 			page 105


 5925 1e2b 00       		.byte	0
 5926 1e2c 0B       		.uleb128 0xb
 5927 1e2d A71C0000 		.4byte	0x1ca7
 5928 1e31 3C1E0000 		.4byte	0x1e3c
 5929 1e35 0E       		.uleb128 0xe
 5930 1e36 7B010000 		.4byte	0x17b
 5931 1e3a 18       		.byte	0x18
 5932 1e3b 00       		.byte	0
 5933 1e3c 63       		.uleb128 0x63
 5934 1e3d B8000000 		.4byte	.LASF641
 5935 1e41 08       		.uleb128 0x8
 5936 1e42 04       		.byte	0x4
 5937 1e43 3C1E0000 		.4byte	0x1e3c
 5938 1e47 39       		.uleb128 0x39
 5939 1e48 521E0000 		.4byte	0x1e52
 5940 1e4c 01       		.uleb128 0x1
 5941 1e4d EC190000 		.4byte	0x19ec
 5942 1e51 00       		.byte	0
 5943 1e52 08       		.uleb128 0x8
 5944 1e53 04       		.byte	0x4
 5945 1e54 471E0000 		.4byte	0x1e47
 5946 1e58 08       		.uleb128 0x8
 5947 1e59 04       		.byte	0x4
 5948 1e5a 0F170000 		.4byte	0x170f
 5949 1e5e 39       		.uleb128 0x39
 5950 1e5f 691E0000 		.4byte	0x1e69
 5951 1e63 01       		.uleb128 0x1
 5952 1e64 2C000000 		.4byte	0x2c
 5953 1e68 00       		.byte	0
 5954 1e69 08       		.uleb128 0x8
 5955 1e6a 04       		.byte	0x4
 5956 1e6b 6F1E0000 		.4byte	0x1e6f
 5957 1e6f 08       		.uleb128 0x8
 5958 1e70 04       		.byte	0x4
 5959 1e71 5E1E0000 		.4byte	0x1e5e
 5960 1e75 0B       		.uleb128 0xb
 5961 1e76 411D0000 		.4byte	0x1d41
 5962 1e7a 851E0000 		.4byte	0x1e85
 5963 1e7e 0E       		.uleb128 0xe
 5964 1e7f 7B010000 		.4byte	0x17b
 5965 1e83 02       		.byte	0x2
 5966 1e84 00       		.byte	0
 5967 1e85 13       		.uleb128 0x13
 5968 1e86 9B040000 		.4byte	.LASF364
 5969 1e8a 10       		.byte	0x10
 5970 1e8b 3303     		.2byte	0x333
 5971 1e8d 17       		.byte	0x17
 5972 1e8e EC190000 		.4byte	0x19ec
 5973 1e92 13       		.uleb128 0x13
 5974 1e93 FC070000 		.4byte	.LASF365
 5975 1e97 10       		.byte	0x10
 5976 1e98 3403     		.2byte	0x334
 5977 1e9a 1D       		.byte	0x1d
 5978 1e9b F2190000 		.4byte	0x19f2
 5979 1e9f 07       		.uleb128 0x7
 5980 1ea0 5B150000 		.4byte	.LASF366
 5981 1ea4 12       		.byte	0x12
ARM GAS  /tmp/ccVOBie3.s 			page 106


 5982 1ea5 96       		.byte	0x96
 5983 1ea6 14       		.byte	0x14
 5984 1ea7 25000000 		.4byte	0x25
 5985 1eab 07       		.uleb128 0x7
 5986 1eac D80D0000 		.4byte	.LASF367
 5987 1eb0 12       		.byte	0x12
 5988 1eb1 97       		.byte	0x97
 5989 1eb2 14       		.byte	0x14
 5990 1eb3 A6150000 		.4byte	0x15a6
 5991 1eb7 31       		.uleb128 0x31
 5992 1eb8 08       		.byte	0x8
 5993 1eb9 13       		.byte	0x13
 5994 1eba 24       		.byte	0x24
 5995 1ebb 01       		.byte	0x1
 5996 1ebc D4090000 		.4byte	.LASF369
 5997 1ec0 DF1E0000 		.4byte	0x1edf
 5998 1ec4 04       		.uleb128 0x4
 5999 1ec5 1F180000 		.4byte	.LASF370
 6000 1ec9 13       		.byte	0x13
 6001 1eca 25       		.byte	0x25
 6002 1ecb 07       		.byte	0x7
 6003 1ecc 2C000000 		.4byte	0x2c
 6004 1ed0 00       		.byte	0
 6005 1ed1 14       		.uleb128 0x14
 6006 1ed2 72656D00 		.ascii	"rem\000"
 6007 1ed6 13       		.byte	0x13
 6008 1ed7 26       		.byte	0x26
 6009 1ed8 07       		.byte	0x7
 6010 1ed9 2C000000 		.4byte	0x2c
 6011 1edd 04       		.byte	0x4
 6012 1ede 00       		.byte	0
 6013 1edf 07       		.uleb128 0x7
 6014 1ee0 251B0000 		.4byte	.LASF371
 6015 1ee4 13       		.byte	0x13
 6016 1ee5 27       		.byte	0x27
 6017 1ee6 03       		.byte	0x3
 6018 1ee7 B71E0000 		.4byte	0x1eb7
 6019 1eeb 31       		.uleb128 0x31
 6020 1eec 08       		.byte	0x8
 6021 1eed 13       		.byte	0x13
 6022 1eee 2A       		.byte	0x2a
 6023 1eef 01       		.byte	0x1
 6024 1ef0 1E0F0000 		.4byte	.LASF372
 6025 1ef4 131F0000 		.4byte	0x1f13
 6026 1ef8 04       		.uleb128 0x4
 6027 1ef9 1F180000 		.4byte	.LASF370
 6028 1efd 13       		.byte	0x13
 6029 1efe 2B       		.byte	0x2b
 6030 1eff 08       		.byte	0x8
 6031 1f00 6A000000 		.4byte	0x6a
 6032 1f04 00       		.byte	0
 6033 1f05 14       		.uleb128 0x14
 6034 1f06 72656D00 		.ascii	"rem\000"
 6035 1f0a 13       		.byte	0x13
 6036 1f0b 2C       		.byte	0x2c
 6037 1f0c 08       		.byte	0x8
 6038 1f0d 6A000000 		.4byte	0x6a
ARM GAS  /tmp/ccVOBie3.s 			page 107


 6039 1f11 04       		.byte	0x4
 6040 1f12 00       		.byte	0
 6041 1f13 07       		.uleb128 0x7
 6042 1f14 DE150000 		.4byte	.LASF373
 6043 1f18 13       		.byte	0x13
 6044 1f19 2D       		.byte	0x2d
 6045 1f1a 03       		.byte	0x3
 6046 1f1b EB1E0000 		.4byte	0x1eeb
 6047 1f1f 31       		.uleb128 0x31
 6048 1f20 10       		.byte	0x10
 6049 1f21 13       		.byte	0x13
 6050 1f22 31       		.byte	0x31
 6051 1f23 01       		.byte	0x1
 6052 1f24 0F080000 		.4byte	.LASF374
 6053 1f28 471F0000 		.4byte	0x1f47
 6054 1f2c 04       		.uleb128 0x4
 6055 1f2d 1F180000 		.4byte	.LASF370
 6056 1f31 13       		.byte	0x13
 6057 1f32 32       		.byte	0x32
 6058 1f33 11       		.byte	0x11
 6059 1f34 7D000000 		.4byte	0x7d
 6060 1f38 00       		.byte	0
 6061 1f39 14       		.uleb128 0x14
 6062 1f3a 72656D00 		.ascii	"rem\000"
 6063 1f3e 13       		.byte	0x13
 6064 1f3f 33       		.byte	0x33
 6065 1f40 11       		.byte	0x11
 6066 1f41 7D000000 		.4byte	0x7d
 6067 1f45 08       		.byte	0x8
 6068 1f46 00       		.byte	0
 6069 1f47 07       		.uleb128 0x7
 6070 1f48 A10E0000 		.4byte	.LASF375
 6071 1f4c 13       		.byte	0x13
 6072 1f4d 34       		.byte	0x34
 6073 1f4e 03       		.byte	0x3
 6074 1f4f 1F1F0000 		.4byte	0x1f1f
 6075 1f53 07       		.uleb128 0x7
 6076 1f54 68120000 		.4byte	.LASF376
 6077 1f58 13       		.byte	0x13
 6078 1f59 39       		.byte	0x39
 6079 1f5a 0F       		.byte	0xf
 6080 1f5b 5F1F0000 		.4byte	0x1f5f
 6081 1f5f 08       		.uleb128 0x8
 6082 1f60 04       		.byte	0x4
 6083 1f61 651F0000 		.4byte	0x1f65
 6084 1f65 29       		.uleb128 0x29
 6085 1f66 2C000000 		.4byte	0x2c
 6086 1f6a 791F0000 		.4byte	0x1f79
 6087 1f6e 01       		.uleb128 0x1
 6088 1f6f 791F0000 		.4byte	0x1f79
 6089 1f73 01       		.uleb128 0x1
 6090 1f74 791F0000 		.4byte	0x1f79
 6091 1f78 00       		.byte	0
 6092 1f79 08       		.uleb128 0x8
 6093 1f7a 04       		.byte	0x4
 6094 1f7b 7F1F0000 		.4byte	0x1f7f
 6095 1f7f 64       		.uleb128 0x64
ARM GAS  /tmp/ccVOBie3.s 			page 108


 6096 1f80 02       		.uleb128 0x2
 6097 1f81 14       		.byte	0x14
 6098 1f82 26       		.byte	0x26
 6099 1f83 0C       		.byte	0xc
 6100 1f84 05020000 		.4byte	0x205
 6101 1f88 02       		.uleb128 0x2
 6102 1f89 14       		.byte	0x14
 6103 1f8a 26       		.byte	0x26
 6104 1f8b 0C       		.byte	0xc
 6105 1f8c 1F020000 		.4byte	0x21f
 6106 1f90 02       		.uleb128 0x2
 6107 1f91 14       		.byte	0x14
 6108 1f92 26       		.byte	0x26
 6109 1f93 0C       		.byte	0xc
 6110 1f94 39020000 		.4byte	0x239
 6111 1f98 02       		.uleb128 0x2
 6112 1f99 14       		.byte	0x14
 6113 1f9a 26       		.byte	0x26
 6114 1f9b 0C       		.byte	0xc
 6115 1f9c 53020000 		.4byte	0x253
 6116 1fa0 02       		.uleb128 0x2
 6117 1fa1 14       		.byte	0x14
 6118 1fa2 26       		.byte	0x26
 6119 1fa3 0C       		.byte	0xc
 6120 1fa4 6D020000 		.4byte	0x26d
 6121 1fa8 26       		.uleb128 0x26
 6122 1fa9 61627300 		.ascii	"abs\000"
 6123 1fad 13       		.byte	0x13
 6124 1fae 46       		.byte	0x46
 6125 1faf 05       		.byte	0x5
 6126 1fb0 2C000000 		.4byte	0x2c
 6127 1fb4 BE1F0000 		.4byte	0x1fbe
 6128 1fb8 01       		.uleb128 0x1
 6129 1fb9 2C000000 		.4byte	0x2c
 6130 1fbd 00       		.byte	0
 6131 1fbe 02       		.uleb128 0x2
 6132 1fbf 14       		.byte	0x14
 6133 1fc0 26       		.byte	0x26
 6134 1fc1 0C       		.byte	0xc
 6135 1fc2 A81F0000 		.4byte	0x1fa8
 6136 1fc6 02       		.uleb128 0x2
 6137 1fc7 14       		.byte	0x14
 6138 1fc8 27       		.byte	0x27
 6139 1fc9 0C       		.byte	0xc
 6140 1fca 87020000 		.4byte	0x287
 6141 1fce 02       		.uleb128 0x2
 6142 1fcf 14       		.byte	0x14
 6143 1fd0 27       		.byte	0x27
 6144 1fd1 0C       		.byte	0xc
 6145 1fd2 A1020000 		.4byte	0x2a1
 6146 1fd6 09       		.uleb128 0x9
 6147 1fd7 5E170000 		.4byte	.LASF43
 6148 1fdb 12       		.byte	0x12
 6149 1fdc 66       		.byte	0x66
 6150 1fdd 0F       		.byte	0xf
 6151 1fde A6150000 		.4byte	0x15a6
 6152 1fe2 EC1F0000 		.4byte	0x1fec
ARM GAS  /tmp/ccVOBie3.s 			page 109


 6153 1fe6 01       		.uleb128 0x1
 6154 1fe7 A6150000 		.4byte	0x15a6
 6155 1feb 00       		.byte	0
 6156 1fec 02       		.uleb128 0x2
 6157 1fed 14       		.byte	0x14
 6158 1fee 27       		.byte	0x27
 6159 1fef 0C       		.byte	0xc
 6160 1ff0 D61F0000 		.4byte	0x1fd6
 6161 1ff4 02       		.uleb128 0x2
 6162 1ff5 14       		.byte	0x14
 6163 1ff6 28       		.byte	0x28
 6164 1ff7 0C       		.byte	0xc
 6165 1ff8 BB020000 		.4byte	0x2bb
 6166 1ffc 02       		.uleb128 0x2
 6167 1ffd 14       		.byte	0x14
 6168 1ffe 28       		.byte	0x28
 6169 1fff 0C       		.byte	0xc
 6170 2000 D5020000 		.4byte	0x2d5
 6171 2004 09       		.uleb128 0x9
 6172 2005 E5170000 		.4byte	.LASF46
 6173 2009 12       		.byte	0x12
 6174 200a 67       		.byte	0x67
 6175 200b 0F       		.byte	0xf
 6176 200c A6150000 		.4byte	0x15a6
 6177 2010 1A200000 		.4byte	0x201a
 6178 2014 01       		.uleb128 0x1
 6179 2015 A6150000 		.4byte	0x15a6
 6180 2019 00       		.byte	0
 6181 201a 02       		.uleb128 0x2
 6182 201b 14       		.byte	0x14
 6183 201c 28       		.byte	0x28
 6184 201d 0C       		.byte	0xc
 6185 201e 04200000 		.4byte	0x2004
 6186 2022 02       		.uleb128 0x2
 6187 2023 14       		.byte	0x14
 6188 2024 29       		.byte	0x29
 6189 2025 0C       		.byte	0xc
 6190 2026 EF020000 		.4byte	0x2ef
 6191 202a 02       		.uleb128 0x2
 6192 202b 14       		.byte	0x14
 6193 202c 29       		.byte	0x29
 6194 202d 0C       		.byte	0xc
 6195 202e 09030000 		.4byte	0x309
 6196 2032 09       		.uleb128 0x9
 6197 2033 22160000 		.4byte	.LASF49
 6198 2037 12       		.byte	0x12
 6199 2038 56       		.byte	0x56
 6200 2039 0F       		.byte	0xf
 6201 203a A6150000 		.4byte	0x15a6
 6202 203e 48200000 		.4byte	0x2048
 6203 2042 01       		.uleb128 0x1
 6204 2043 A6150000 		.4byte	0x15a6
 6205 2047 00       		.byte	0
 6206 2048 02       		.uleb128 0x2
 6207 2049 14       		.byte	0x14
 6208 204a 29       		.byte	0x29
 6209 204b 0C       		.byte	0xc
ARM GAS  /tmp/ccVOBie3.s 			page 110


 6210 204c 32200000 		.4byte	0x2032
 6211 2050 02       		.uleb128 0x2
 6212 2051 14       		.byte	0x14
 6213 2052 2A       		.byte	0x2a
 6214 2053 0C       		.byte	0xc
 6215 2054 23030000 		.4byte	0x323
 6216 2058 02       		.uleb128 0x2
 6217 2059 14       		.byte	0x14
 6218 205a 2A       		.byte	0x2a
 6219 205b 0C       		.byte	0xc
 6220 205c 42030000 		.4byte	0x342
 6221 2060 09       		.uleb128 0x9
 6222 2061 9A0A0000 		.4byte	.LASF52
 6223 2065 12       		.byte	0x12
 6224 2066 68       		.byte	0x68
 6225 2067 0F       		.byte	0xf
 6226 2068 A6150000 		.4byte	0x15a6
 6227 206c 7B200000 		.4byte	0x207b
 6228 2070 01       		.uleb128 0x1
 6229 2071 A6150000 		.4byte	0x15a6
 6230 2075 01       		.uleb128 0x1
 6231 2076 A6150000 		.4byte	0x15a6
 6232 207a 00       		.byte	0
 6233 207b 02       		.uleb128 0x2
 6234 207c 14       		.byte	0x14
 6235 207d 2A       		.byte	0x2a
 6236 207e 0C       		.byte	0xc
 6237 207f 60200000 		.4byte	0x2060
 6238 2083 02       		.uleb128 0x2
 6239 2084 14       		.byte	0x14
 6240 2085 2B       		.byte	0x2b
 6241 2086 0C       		.byte	0xc
 6242 2087 61030000 		.4byte	0x361
 6243 208b 02       		.uleb128 0x2
 6244 208c 14       		.byte	0x14
 6245 208d 2B       		.byte	0x2b
 6246 208e 0C       		.byte	0xc
 6247 208f 7B030000 		.4byte	0x37b
 6248 2093 26       		.uleb128 0x26
 6249 2094 636F7300 		.ascii	"cos\000"
 6250 2098 12       		.byte	0x12
 6251 2099 57       		.byte	0x57
 6252 209a 0F       		.byte	0xf
 6253 209b A6150000 		.4byte	0x15a6
 6254 209f A9200000 		.4byte	0x20a9
 6255 20a3 01       		.uleb128 0x1
 6256 20a4 A6150000 		.4byte	0x15a6
 6257 20a8 00       		.byte	0
 6258 20a9 02       		.uleb128 0x2
 6259 20aa 14       		.byte	0x14
 6260 20ab 2B       		.byte	0x2b
 6261 20ac 0C       		.byte	0xc
 6262 20ad 93200000 		.4byte	0x2093
 6263 20b1 02       		.uleb128 0x2
 6264 20b2 14       		.byte	0x14
 6265 20b3 2C       		.byte	0x2c
 6266 20b4 0C       		.byte	0xc
ARM GAS  /tmp/ccVOBie3.s 			page 111


 6267 20b5 95030000 		.4byte	0x395
 6268 20b9 02       		.uleb128 0x2
 6269 20ba 14       		.byte	0x14
 6270 20bb 2C       		.byte	0x2c
 6271 20bc 0C       		.byte	0xc
 6272 20bd B0030000 		.4byte	0x3b0
 6273 20c1 26       		.uleb128 0x26
 6274 20c2 73696E00 		.ascii	"sin\000"
 6275 20c6 12       		.byte	0x12
 6276 20c7 58       		.byte	0x58
 6277 20c8 0F       		.byte	0xf
 6278 20c9 A6150000 		.4byte	0x15a6
 6279 20cd D7200000 		.4byte	0x20d7
 6280 20d1 01       		.uleb128 0x1
 6281 20d2 A6150000 		.4byte	0x15a6
 6282 20d6 00       		.byte	0
 6283 20d7 02       		.uleb128 0x2
 6284 20d8 14       		.byte	0x14
 6285 20d9 2C       		.byte	0x2c
 6286 20da 0C       		.byte	0xc
 6287 20db C1200000 		.4byte	0x20c1
 6288 20df 02       		.uleb128 0x2
 6289 20e0 14       		.byte	0x14
 6290 20e1 2D       		.byte	0x2d
 6291 20e2 0C       		.byte	0xc
 6292 20e3 CB030000 		.4byte	0x3cb
 6293 20e7 02       		.uleb128 0x2
 6294 20e8 14       		.byte	0x14
 6295 20e9 2D       		.byte	0x2d
 6296 20ea 0C       		.byte	0xc
 6297 20eb E6030000 		.4byte	0x3e6
 6298 20ef 26       		.uleb128 0x26
 6299 20f0 74616E00 		.ascii	"tan\000"
 6300 20f4 12       		.byte	0x12
 6301 20f5 59       		.byte	0x59
 6302 20f6 0F       		.byte	0xf
 6303 20f7 A6150000 		.4byte	0x15a6
 6304 20fb 05210000 		.4byte	0x2105
 6305 20ff 01       		.uleb128 0x1
 6306 2100 A6150000 		.4byte	0x15a6
 6307 2104 00       		.byte	0
 6308 2105 02       		.uleb128 0x2
 6309 2106 14       		.byte	0x14
 6310 2107 2D       		.byte	0x2d
 6311 2108 0C       		.byte	0xc
 6312 2109 EF200000 		.4byte	0x20ef
 6313 210d 02       		.uleb128 0x2
 6314 210e 14       		.byte	0x14
 6315 210f 2E       		.byte	0x2e
 6316 2110 0C       		.byte	0xc
 6317 2111 01040000 		.4byte	0x401
 6318 2115 02       		.uleb128 0x2
 6319 2116 14       		.byte	0x14
 6320 2117 2E       		.byte	0x2e
 6321 2118 0C       		.byte	0xc
 6322 2119 1B040000 		.4byte	0x41b
 6323 211d 09       		.uleb128 0x9
ARM GAS  /tmp/ccVOBie3.s 			page 112


 6324 211e A1080000 		.4byte	.LASF61
 6325 2122 12       		.byte	0x12
 6326 2123 69       		.byte	0x69
 6327 2124 0F       		.byte	0xf
 6328 2125 A6150000 		.4byte	0x15a6
 6329 2129 33210000 		.4byte	0x2133
 6330 212d 01       		.uleb128 0x1
 6331 212e A6150000 		.4byte	0x15a6
 6332 2132 00       		.byte	0
 6333 2133 02       		.uleb128 0x2
 6334 2134 14       		.byte	0x14
 6335 2135 2E       		.byte	0x2e
 6336 2136 0C       		.byte	0xc
 6337 2137 1D210000 		.4byte	0x211d
 6338 213b 02       		.uleb128 0x2
 6339 213c 14       		.byte	0x14
 6340 213d 2F       		.byte	0x2f
 6341 213e 0C       		.byte	0xc
 6342 213f 35040000 		.4byte	0x435
 6343 2143 02       		.uleb128 0x2
 6344 2144 14       		.byte	0x14
 6345 2145 2F       		.byte	0x2f
 6346 2146 0C       		.byte	0xc
 6347 2147 50040000 		.4byte	0x450
 6348 214b 09       		.uleb128 0x9
 6349 214c C0090000 		.4byte	.LASF64
 6350 2150 12       		.byte	0x12
 6351 2151 6A       		.byte	0x6a
 6352 2152 0F       		.byte	0xf
 6353 2153 A6150000 		.4byte	0x15a6
 6354 2157 61210000 		.4byte	0x2161
 6355 215b 01       		.uleb128 0x1
 6356 215c A6150000 		.4byte	0x15a6
 6357 2160 00       		.byte	0
 6358 2161 02       		.uleb128 0x2
 6359 2162 14       		.byte	0x14
 6360 2163 2F       		.byte	0x2f
 6361 2164 0C       		.byte	0xc
 6362 2165 4B210000 		.4byte	0x214b
 6363 2169 02       		.uleb128 0x2
 6364 216a 14       		.byte	0x14
 6365 216b 30       		.byte	0x30
 6366 216c 0C       		.byte	0xc
 6367 216d 6B040000 		.4byte	0x46b
 6368 2171 02       		.uleb128 0x2
 6369 2172 14       		.byte	0x14
 6370 2173 30       		.byte	0x30
 6371 2174 0C       		.byte	0xc
 6372 2175 86040000 		.4byte	0x486
 6373 2179 09       		.uleb128 0x9
 6374 217a 9F050000 		.4byte	.LASF67
 6375 217e 12       		.byte	0x12
 6376 217f 5A       		.byte	0x5a
 6377 2180 0F       		.byte	0xf
 6378 2181 A6150000 		.4byte	0x15a6
 6379 2185 8F210000 		.4byte	0x218f
 6380 2189 01       		.uleb128 0x1
ARM GAS  /tmp/ccVOBie3.s 			page 113


 6381 218a A6150000 		.4byte	0x15a6
 6382 218e 00       		.byte	0
 6383 218f 02       		.uleb128 0x2
 6384 2190 14       		.byte	0x14
 6385 2191 30       		.byte	0x30
 6386 2192 0C       		.byte	0xc
 6387 2193 79210000 		.4byte	0x2179
 6388 2197 02       		.uleb128 0x2
 6389 2198 14       		.byte	0x14
 6390 2199 31       		.byte	0x31
 6391 219a 0C       		.byte	0xc
 6392 219b A1040000 		.4byte	0x4a1
 6393 219f 02       		.uleb128 0x2
 6394 21a0 14       		.byte	0x14
 6395 21a1 31       		.byte	0x31
 6396 21a2 0C       		.byte	0xc
 6397 21a3 BB040000 		.4byte	0x4bb
 6398 21a7 26       		.uleb128 0x26
 6399 21a8 65787000 		.ascii	"exp\000"
 6400 21ac 12       		.byte	0x12
 6401 21ad 6B       		.byte	0x6b
 6402 21ae 0F       		.byte	0xf
 6403 21af A6150000 		.4byte	0x15a6
 6404 21b3 BD210000 		.4byte	0x21bd
 6405 21b7 01       		.uleb128 0x1
 6406 21b8 A6150000 		.4byte	0x15a6
 6407 21bc 00       		.byte	0
 6408 21bd 02       		.uleb128 0x2
 6409 21be 14       		.byte	0x14
 6410 21bf 31       		.byte	0x31
 6411 21c0 0C       		.byte	0xc
 6412 21c1 A7210000 		.4byte	0x21a7
 6413 21c5 08       		.uleb128 0x8
 6414 21c6 04       		.byte	0x4
 6415 21c7 2C000000 		.4byte	0x2c
 6416 21cb 02       		.uleb128 0x2
 6417 21cc 14       		.byte	0x14
 6418 21cd 32       		.byte	0x32
 6419 21ce 0C       		.byte	0xc
 6420 21cf D5040000 		.4byte	0x4d5
 6421 21d3 02       		.uleb128 0x2
 6422 21d4 14       		.byte	0x14
 6423 21d5 32       		.byte	0x32
 6424 21d6 0C       		.byte	0xc
 6425 21d7 F5040000 		.4byte	0x4f5
 6426 21db 09       		.uleb128 0x9
 6427 21dc 19170000 		.4byte	.LASF72
 6428 21e0 12       		.byte	0x12
 6429 21e1 5B       		.byte	0x5b
 6430 21e2 0F       		.byte	0xf
 6431 21e3 A6150000 		.4byte	0x15a6
 6432 21e7 F6210000 		.4byte	0x21f6
 6433 21eb 01       		.uleb128 0x1
 6434 21ec A6150000 		.4byte	0x15a6
 6435 21f0 01       		.uleb128 0x1
 6436 21f1 C5210000 		.4byte	0x21c5
 6437 21f5 00       		.byte	0
ARM GAS  /tmp/ccVOBie3.s 			page 114


 6438 21f6 02       		.uleb128 0x2
 6439 21f7 14       		.byte	0x14
 6440 21f8 32       		.byte	0x32
 6441 21f9 0C       		.byte	0xc
 6442 21fa DB210000 		.4byte	0x21db
 6443 21fe 02       		.uleb128 0x2
 6444 21ff 14       		.byte	0x14
 6445 2200 33       		.byte	0x33
 6446 2201 0C       		.byte	0xc
 6447 2202 15050000 		.4byte	0x515
 6448 2206 02       		.uleb128 0x2
 6449 2207 14       		.byte	0x14
 6450 2208 33       		.byte	0x33
 6451 2209 0C       		.byte	0xc
 6452 220a 35050000 		.4byte	0x535
 6453 220e 09       		.uleb128 0x9
 6454 220f 03170000 		.4byte	.LASF75
 6455 2213 12       		.byte	0x12
 6456 2214 6C       		.byte	0x6c
 6457 2215 0F       		.byte	0xf
 6458 2216 A6150000 		.4byte	0x15a6
 6459 221a 29220000 		.4byte	0x2229
 6460 221e 01       		.uleb128 0x1
 6461 221f A6150000 		.4byte	0x15a6
 6462 2223 01       		.uleb128 0x1
 6463 2224 2C000000 		.4byte	0x2c
 6464 2228 00       		.byte	0
 6465 2229 02       		.uleb128 0x2
 6466 222a 14       		.byte	0x14
 6467 222b 33       		.byte	0x33
 6468 222c 0C       		.byte	0xc
 6469 222d 0E220000 		.4byte	0x220e
 6470 2231 02       		.uleb128 0x2
 6471 2232 14       		.byte	0x14
 6472 2233 34       		.byte	0x34
 6473 2234 0C       		.byte	0xc
 6474 2235 55050000 		.4byte	0x555
 6475 2239 02       		.uleb128 0x2
 6476 223a 14       		.byte	0x14
 6477 223b 34       		.byte	0x34
 6478 223c 0C       		.byte	0xc
 6479 223d 70050000 		.4byte	0x570
 6480 2241 26       		.uleb128 0x26
 6481 2242 6C6F6700 		.ascii	"log\000"
 6482 2246 12       		.byte	0x12
 6483 2247 6D       		.byte	0x6d
 6484 2248 0F       		.byte	0xf
 6485 2249 A6150000 		.4byte	0x15a6
 6486 224d 57220000 		.4byte	0x2257
 6487 2251 01       		.uleb128 0x1
 6488 2252 A6150000 		.4byte	0x15a6
 6489 2256 00       		.byte	0
 6490 2257 02       		.uleb128 0x2
 6491 2258 14       		.byte	0x14
 6492 2259 34       		.byte	0x34
 6493 225a 0C       		.byte	0xc
 6494 225b 41220000 		.4byte	0x2241
ARM GAS  /tmp/ccVOBie3.s 			page 115


 6495 225f 02       		.uleb128 0x2
 6496 2260 14       		.byte	0x14
 6497 2261 35       		.byte	0x35
 6498 2262 0C       		.byte	0xc
 6499 2263 8B050000 		.4byte	0x58b
 6500 2267 02       		.uleb128 0x2
 6501 2268 14       		.byte	0x14
 6502 2269 35       		.byte	0x35
 6503 226a 0C       		.byte	0xc
 6504 226b A6050000 		.4byte	0x5a6
 6505 226f 09       		.uleb128 0x9
 6506 2270 BA090000 		.4byte	.LASF80
 6507 2274 12       		.byte	0x12
 6508 2275 6E       		.byte	0x6e
 6509 2276 0F       		.byte	0xf
 6510 2277 A6150000 		.4byte	0x15a6
 6511 227b 85220000 		.4byte	0x2285
 6512 227f 01       		.uleb128 0x1
 6513 2280 A6150000 		.4byte	0x15a6
 6514 2284 00       		.byte	0
 6515 2285 02       		.uleb128 0x2
 6516 2286 14       		.byte	0x14
 6517 2287 35       		.byte	0x35
 6518 2288 0C       		.byte	0xc
 6519 2289 6F220000 		.4byte	0x226f
 6520 228d 08       		.uleb128 0x8
 6521 228e 04       		.byte	0x4
 6522 228f 9F150000 		.4byte	0x159f
 6523 2293 02       		.uleb128 0x2
 6524 2294 14       		.byte	0x14
 6525 2295 36       		.byte	0x36
 6526 2296 0C       		.byte	0xc
 6527 2297 C1050000 		.4byte	0x5c1
 6528 229b 08       		.uleb128 0x8
 6529 229c 04       		.byte	0x4
 6530 229d 25000000 		.4byte	0x25
 6531 22a1 02       		.uleb128 0x2
 6532 22a2 14       		.byte	0x14
 6533 22a3 36       		.byte	0x36
 6534 22a4 0C       		.byte	0xc
 6535 22a5 E1050000 		.4byte	0x5e1
 6536 22a9 09       		.uleb128 0x9
 6537 22aa 961A0000 		.4byte	.LASF83
 6538 22ae 12       		.byte	0x12
 6539 22af 5C       		.byte	0x5c
 6540 22b0 0F       		.byte	0xf
 6541 22b1 A6150000 		.4byte	0x15a6
 6542 22b5 C4220000 		.4byte	0x22c4
 6543 22b9 01       		.uleb128 0x1
 6544 22ba A6150000 		.4byte	0x15a6
 6545 22be 01       		.uleb128 0x1
 6546 22bf C4220000 		.4byte	0x22c4
 6547 22c3 00       		.byte	0
 6548 22c4 08       		.uleb128 0x8
 6549 22c5 04       		.byte	0x4
 6550 22c6 A6150000 		.4byte	0x15a6
 6551 22ca 02       		.uleb128 0x2
ARM GAS  /tmp/ccVOBie3.s 			page 116


 6552 22cb 14       		.byte	0x14
 6553 22cc 36       		.byte	0x36
 6554 22cd 0C       		.byte	0xc
 6555 22ce A9220000 		.4byte	0x22a9
 6556 22d2 02       		.uleb128 0x2
 6557 22d3 14       		.byte	0x14
 6558 22d4 37       		.byte	0x37
 6559 22d5 0C       		.byte	0xc
 6560 22d6 01060000 		.4byte	0x601
 6561 22da 02       		.uleb128 0x2
 6562 22db 14       		.byte	0x14
 6563 22dc 37       		.byte	0x37
 6564 22dd 0C       		.byte	0xc
 6565 22de 21060000 		.4byte	0x621
 6566 22e2 26       		.uleb128 0x26
 6567 22e3 706F7700 		.ascii	"pow\000"
 6568 22e7 12       		.byte	0x12
 6569 22e8 6F       		.byte	0x6f
 6570 22e9 0F       		.byte	0xf
 6571 22ea A6150000 		.4byte	0x15a6
 6572 22ee FD220000 		.4byte	0x22fd
 6573 22f2 01       		.uleb128 0x1
 6574 22f3 A6150000 		.4byte	0x15a6
 6575 22f7 01       		.uleb128 0x1
 6576 22f8 A6150000 		.4byte	0x15a6
 6577 22fc 00       		.byte	0
 6578 22fd 02       		.uleb128 0x2
 6579 22fe 14       		.byte	0x14
 6580 22ff 37       		.byte	0x37
 6581 2300 0C       		.byte	0xc
 6582 2301 E2220000 		.4byte	0x22e2
 6583 2305 02       		.uleb128 0x2
 6584 2306 14       		.byte	0x14
 6585 2307 38       		.byte	0x38
 6586 2308 0C       		.byte	0xc
 6587 2309 41060000 		.4byte	0x641
 6588 230d 02       		.uleb128 0x2
 6589 230e 14       		.byte	0x14
 6590 230f 38       		.byte	0x38
 6591 2310 0C       		.byte	0xc
 6592 2311 5C060000 		.4byte	0x65c
 6593 2315 09       		.uleb128 0x9
 6594 2316 AC010000 		.4byte	.LASF88
 6595 231a 12       		.byte	0x12
 6596 231b 70       		.byte	0x70
 6597 231c 0F       		.byte	0xf
 6598 231d A6150000 		.4byte	0x15a6
 6599 2321 2B230000 		.4byte	0x232b
 6600 2325 01       		.uleb128 0x1
 6601 2326 A6150000 		.4byte	0x15a6
 6602 232a 00       		.byte	0
 6603 232b 02       		.uleb128 0x2
 6604 232c 14       		.byte	0x14
 6605 232d 38       		.byte	0x38
 6606 232e 0C       		.byte	0xc
 6607 232f 15230000 		.4byte	0x2315
 6608 2333 02       		.uleb128 0x2
ARM GAS  /tmp/ccVOBie3.s 			page 117


 6609 2334 14       		.byte	0x14
 6610 2335 39       		.byte	0x39
 6611 2336 0C       		.byte	0xc
 6612 2337 77060000 		.4byte	0x677
 6613 233b 02       		.uleb128 0x2
 6614 233c 14       		.byte	0x14
 6615 233d 39       		.byte	0x39
 6616 233e 0C       		.byte	0xc
 6617 233f 91060000 		.4byte	0x691
 6618 2343 09       		.uleb128 0x9
 6619 2344 8F1D0000 		.4byte	.LASF91
 6620 2348 12       		.byte	0x12
 6621 2349 5D       		.byte	0x5d
 6622 234a 0F       		.byte	0xf
 6623 234b A6150000 		.4byte	0x15a6
 6624 234f 59230000 		.4byte	0x2359
 6625 2353 01       		.uleb128 0x1
 6626 2354 A6150000 		.4byte	0x15a6
 6627 2358 00       		.byte	0
 6628 2359 02       		.uleb128 0x2
 6629 235a 14       		.byte	0x14
 6630 235b 39       		.byte	0x39
 6631 235c 0C       		.byte	0xc
 6632 235d 43230000 		.4byte	0x2343
 6633 2361 02       		.uleb128 0x2
 6634 2362 14       		.byte	0x14
 6635 2363 3A       		.byte	0x3a
 6636 2364 0C       		.byte	0xc
 6637 2365 AB060000 		.4byte	0x6ab
 6638 2369 02       		.uleb128 0x2
 6639 236a 14       		.byte	0x14
 6640 236b 3A       		.byte	0x3a
 6641 236c 0C       		.byte	0xc
 6642 236d C5060000 		.4byte	0x6c5
 6643 2371 09       		.uleb128 0x9
 6644 2372 380E0000 		.4byte	.LASF94
 6645 2376 12       		.byte	0x12
 6646 2377 5E       		.byte	0x5e
 6647 2378 0F       		.byte	0xf
 6648 2379 A6150000 		.4byte	0x15a6
 6649 237d 87230000 		.4byte	0x2387
 6650 2381 01       		.uleb128 0x1
 6651 2382 A6150000 		.4byte	0x15a6
 6652 2386 00       		.byte	0
 6653 2387 02       		.uleb128 0x2
 6654 2388 14       		.byte	0x14
 6655 2389 3A       		.byte	0x3a
 6656 238a 0C       		.byte	0xc
 6657 238b 71230000 		.4byte	0x2371
 6658 238f 02       		.uleb128 0x2
 6659 2390 14       		.byte	0x14
 6660 2391 3B       		.byte	0x3b
 6661 2392 0C       		.byte	0xc
 6662 2393 DF060000 		.4byte	0x6df
 6663 2397 02       		.uleb128 0x2
 6664 2398 14       		.byte	0x14
 6665 2399 3B       		.byte	0x3b
ARM GAS  /tmp/ccVOBie3.s 			page 118


 6666 239a 0C       		.byte	0xc
 6667 239b FA060000 		.4byte	0x6fa
 6668 239f 09       		.uleb128 0x9
 6669 23a0 960D0000 		.4byte	.LASF97
 6670 23a4 12       		.byte	0x12
 6671 23a5 5F       		.byte	0x5f
 6672 23a6 0F       		.byte	0xf
 6673 23a7 A6150000 		.4byte	0x15a6
 6674 23ab B5230000 		.4byte	0x23b5
 6675 23af 01       		.uleb128 0x1
 6676 23b0 A6150000 		.4byte	0x15a6
 6677 23b4 00       		.byte	0
 6678 23b5 02       		.uleb128 0x2
 6679 23b6 14       		.byte	0x14
 6680 23b7 3B       		.byte	0x3b
 6681 23b8 0C       		.byte	0xc
 6682 23b9 9F230000 		.4byte	0x239f
 6683 23bd 02       		.uleb128 0x2
 6684 23be 14       		.byte	0x14
 6685 23bf 3C       		.byte	0x3c
 6686 23c0 0C       		.byte	0xc
 6687 23c1 15070000 		.4byte	0x715
 6688 23c5 02       		.uleb128 0x2
 6689 23c6 14       		.byte	0x14
 6690 23c7 3C       		.byte	0x3c
 6691 23c8 0C       		.byte	0xc
 6692 23c9 35070000 		.4byte	0x735
 6693 23cd 09       		.uleb128 0x9
 6694 23ce EC070000 		.4byte	.LASF100
 6695 23d2 12       		.byte	0x12
 6696 23d3 71       		.byte	0x71
 6697 23d4 0F       		.byte	0xf
 6698 23d5 A6150000 		.4byte	0x15a6
 6699 23d9 E8230000 		.4byte	0x23e8
 6700 23dd 01       		.uleb128 0x1
 6701 23de A6150000 		.4byte	0x15a6
 6702 23e2 01       		.uleb128 0x1
 6703 23e3 A6150000 		.4byte	0x15a6
 6704 23e7 00       		.byte	0
 6705 23e8 02       		.uleb128 0x2
 6706 23e9 14       		.byte	0x14
 6707 23ea 3C       		.byte	0x3c
 6708 23eb 0C       		.byte	0xc
 6709 23ec CD230000 		.4byte	0x23cd
 6710 23f0 02       		.uleb128 0x2
 6711 23f1 14       		.byte	0x14
 6712 23f2 3F       		.byte	0x3f
 6713 23f3 0C       		.byte	0xc
 6714 23f4 55070000 		.4byte	0x755
 6715 23f8 02       		.uleb128 0x2
 6716 23f9 14       		.byte	0x14
 6717 23fa 3F       		.byte	0x3f
 6718 23fb 0C       		.byte	0xc
 6719 23fc 70070000 		.4byte	0x770
 6720 2400 02       		.uleb128 0x2
 6721 2401 14       		.byte	0x14
 6722 2402 3F       		.byte	0x3f
ARM GAS  /tmp/ccVOBie3.s 			page 119


 6723 2403 0C       		.byte	0xc
 6724 2404 8B070000 		.4byte	0x78b
 6725 2408 16       		.uleb128 0x16
 6726 2409 01       		.byte	0x1
 6727 240a 02       		.byte	0x2
 6728 240b D5140000 		.4byte	.LASF377
 6729 240f 02       		.uleb128 0x2
 6730 2410 14       		.byte	0x14
 6731 2411 40       		.byte	0x40
 6732 2412 0C       		.byte	0xc
 6733 2413 A6070000 		.4byte	0x7a6
 6734 2417 02       		.uleb128 0x2
 6735 2418 14       		.byte	0x14
 6736 2419 40       		.byte	0x40
 6737 241a 0C       		.byte	0xc
 6738 241b C1070000 		.4byte	0x7c1
 6739 241f 02       		.uleb128 0x2
 6740 2420 14       		.byte	0x14
 6741 2421 40       		.byte	0x40
 6742 2422 0C       		.byte	0xc
 6743 2423 DC070000 		.4byte	0x7dc
 6744 2427 02       		.uleb128 0x2
 6745 2428 14       		.byte	0x14
 6746 2429 41       		.byte	0x41
 6747 242a 0C       		.byte	0xc
 6748 242b F7070000 		.4byte	0x7f7
 6749 242f 02       		.uleb128 0x2
 6750 2430 14       		.byte	0x14
 6751 2431 41       		.byte	0x41
 6752 2432 0C       		.byte	0xc
 6753 2433 12080000 		.4byte	0x812
 6754 2437 02       		.uleb128 0x2
 6755 2438 14       		.byte	0x14
 6756 2439 41       		.byte	0x41
 6757 243a 0C       		.byte	0xc
 6758 243b 2D080000 		.4byte	0x82d
 6759 243f 02       		.uleb128 0x2
 6760 2440 14       		.byte	0x14
 6761 2441 42       		.byte	0x42
 6762 2442 0C       		.byte	0xc
 6763 2443 48080000 		.4byte	0x848
 6764 2447 02       		.uleb128 0x2
 6765 2448 14       		.byte	0x14
 6766 2449 42       		.byte	0x42
 6767 244a 0C       		.byte	0xc
 6768 244b 63080000 		.4byte	0x863
 6769 244f 02       		.uleb128 0x2
 6770 2450 14       		.byte	0x14
 6771 2451 42       		.byte	0x42
 6772 2452 0C       		.byte	0xc
 6773 2453 7E080000 		.4byte	0x87e
 6774 2457 02       		.uleb128 0x2
 6775 2458 14       		.byte	0x14
 6776 2459 43       		.byte	0x43
 6777 245a 0C       		.byte	0xc
 6778 245b 99080000 		.4byte	0x899
 6779 245f 02       		.uleb128 0x2
ARM GAS  /tmp/ccVOBie3.s 			page 120


 6780 2460 14       		.byte	0x14
 6781 2461 43       		.byte	0x43
 6782 2462 0C       		.byte	0xc
 6783 2463 B4080000 		.4byte	0x8b4
 6784 2467 02       		.uleb128 0x2
 6785 2468 14       		.byte	0x14
 6786 2469 43       		.byte	0x43
 6787 246a 0C       		.byte	0xc
 6788 246b CF080000 		.4byte	0x8cf
 6789 246f 02       		.uleb128 0x2
 6790 2470 14       		.byte	0x14
 6791 2471 44       		.byte	0x44
 6792 2472 0C       		.byte	0xc
 6793 2473 EA080000 		.4byte	0x8ea
 6794 2477 02       		.uleb128 0x2
 6795 2478 14       		.byte	0x14
 6796 2479 44       		.byte	0x44
 6797 247a 0C       		.byte	0xc
 6798 247b 05090000 		.4byte	0x905
 6799 247f 02       		.uleb128 0x2
 6800 2480 14       		.byte	0x14
 6801 2481 44       		.byte	0x44
 6802 2482 0C       		.byte	0xc
 6803 2483 20090000 		.4byte	0x920
 6804 2487 02       		.uleb128 0x2
 6805 2488 14       		.byte	0x14
 6806 2489 45       		.byte	0x45
 6807 248a 0C       		.byte	0xc
 6808 248b 3B090000 		.4byte	0x93b
 6809 248f 02       		.uleb128 0x2
 6810 2490 14       		.byte	0x14
 6811 2491 45       		.byte	0x45
 6812 2492 0C       		.byte	0xc
 6813 2493 5B090000 		.4byte	0x95b
 6814 2497 02       		.uleb128 0x2
 6815 2498 14       		.byte	0x14
 6816 2499 45       		.byte	0x45
 6817 249a 0C       		.byte	0xc
 6818 249b 7B090000 		.4byte	0x97b
 6819 249f 02       		.uleb128 0x2
 6820 24a0 14       		.byte	0x14
 6821 24a1 46       		.byte	0x46
 6822 24a2 0C       		.byte	0xc
 6823 24a3 9B090000 		.4byte	0x99b
 6824 24a7 02       		.uleb128 0x2
 6825 24a8 14       		.byte	0x14
 6826 24a9 46       		.byte	0x46
 6827 24aa 0C       		.byte	0xc
 6828 24ab BB090000 		.4byte	0x9bb
 6829 24af 02       		.uleb128 0x2
 6830 24b0 14       		.byte	0x14
 6831 24b1 46       		.byte	0x46
 6832 24b2 0C       		.byte	0xc
 6833 24b3 DB090000 		.4byte	0x9db
 6834 24b7 02       		.uleb128 0x2
 6835 24b8 14       		.byte	0x14
 6836 24b9 47       		.byte	0x47
ARM GAS  /tmp/ccVOBie3.s 			page 121


 6837 24ba 0C       		.byte	0xc
 6838 24bb FB090000 		.4byte	0x9fb
 6839 24bf 02       		.uleb128 0x2
 6840 24c0 14       		.byte	0x14
 6841 24c1 47       		.byte	0x47
 6842 24c2 0C       		.byte	0xc
 6843 24c3 1B0A0000 		.4byte	0xa1b
 6844 24c7 02       		.uleb128 0x2
 6845 24c8 14       		.byte	0x14
 6846 24c9 47       		.byte	0x47
 6847 24ca 0C       		.byte	0xc
 6848 24cb 3B0A0000 		.4byte	0xa3b
 6849 24cf 02       		.uleb128 0x2
 6850 24d0 14       		.byte	0x14
 6851 24d1 48       		.byte	0x48
 6852 24d2 0C       		.byte	0xc
 6853 24d3 5B0A0000 		.4byte	0xa5b
 6854 24d7 02       		.uleb128 0x2
 6855 24d8 14       		.byte	0x14
 6856 24d9 48       		.byte	0x48
 6857 24da 0C       		.byte	0xc
 6858 24db 7B0A0000 		.4byte	0xa7b
 6859 24df 02       		.uleb128 0x2
 6860 24e0 14       		.byte	0x14
 6861 24e1 48       		.byte	0x48
 6862 24e2 0C       		.byte	0xc
 6863 24e3 9B0A0000 		.4byte	0xa9b
 6864 24e7 02       		.uleb128 0x2
 6865 24e8 14       		.byte	0x14
 6866 24e9 49       		.byte	0x49
 6867 24ea 0C       		.byte	0xc
 6868 24eb BB0A0000 		.4byte	0xabb
 6869 24ef 02       		.uleb128 0x2
 6870 24f0 14       		.byte	0x14
 6871 24f1 49       		.byte	0x49
 6872 24f2 0C       		.byte	0xc
 6873 24f3 DB0A0000 		.4byte	0xadb
 6874 24f7 02       		.uleb128 0x2
 6875 24f8 14       		.byte	0x14
 6876 24f9 49       		.byte	0x49
 6877 24fa 0C       		.byte	0xc
 6878 24fb FB0A0000 		.4byte	0xafb
 6879 24ff 02       		.uleb128 0x2
 6880 2500 14       		.byte	0x14
 6881 2501 4A       		.byte	0x4a
 6882 2502 0C       		.byte	0xc
 6883 2503 1B0B0000 		.4byte	0xb1b
 6884 2507 02       		.uleb128 0x2
 6885 2508 14       		.byte	0x14
 6886 2509 4A       		.byte	0x4a
 6887 250a 0C       		.byte	0xc
 6888 250b 3B0B0000 		.4byte	0xb3b
 6889 250f 02       		.uleb128 0x2
 6890 2510 14       		.byte	0x14
 6891 2511 4A       		.byte	0x4a
 6892 2512 0C       		.byte	0xc
 6893 2513 5B0B0000 		.4byte	0xb5b
ARM GAS  /tmp/ccVOBie3.s 			page 122


 6894 2517 02       		.uleb128 0x2
 6895 2518 14       		.byte	0x14
 6896 2519 4E       		.byte	0x4e
 6897 251a 0C       		.byte	0xc
 6898 251b 7B0B0000 		.4byte	0xb7b
 6899 251f 02       		.uleb128 0x2
 6900 2520 14       		.byte	0x14
 6901 2521 4E       		.byte	0x4e
 6902 2522 0C       		.byte	0xc
 6903 2523 960B0000 		.4byte	0xb96
 6904 2527 0A       		.uleb128 0xa
 6905 2528 40180000 		.4byte	.LASF151
 6906 252c 12       		.byte	0x12
 6907 252d 4401     		.2byte	0x144
 6908 252f 0F       		.byte	0xf
 6909 2530 A6150000 		.4byte	0x15a6
 6910 2534 3E250000 		.4byte	0x253e
 6911 2538 01       		.uleb128 0x1
 6912 2539 A6150000 		.4byte	0x15a6
 6913 253d 00       		.byte	0
 6914 253e 02       		.uleb128 0x2
 6915 253f 14       		.byte	0x14
 6916 2540 4E       		.byte	0x4e
 6917 2541 0C       		.byte	0xc
 6918 2542 27250000 		.4byte	0x2527
 6919 2546 02       		.uleb128 0x2
 6920 2547 14       		.byte	0x14
 6921 2548 4F       		.byte	0x4f
 6922 2549 0C       		.byte	0xc
 6923 254a B10B0000 		.4byte	0xbb1
 6924 254e 02       		.uleb128 0x2
 6925 254f 14       		.byte	0x14
 6926 2550 4F       		.byte	0x4f
 6927 2551 0C       		.byte	0xc
 6928 2552 CC0B0000 		.4byte	0xbcc
 6929 2556 0A       		.uleb128 0xa
 6930 2557 E00F0000 		.4byte	.LASF154
 6931 255b 12       		.byte	0x12
 6932 255c 2801     		.2byte	0x128
 6933 255e 0F       		.byte	0xf
 6934 255f A6150000 		.4byte	0x15a6
 6935 2563 6D250000 		.4byte	0x256d
 6936 2567 01       		.uleb128 0x1
 6937 2568 A6150000 		.4byte	0x15a6
 6938 256c 00       		.byte	0
 6939 256d 02       		.uleb128 0x2
 6940 256e 14       		.byte	0x14
 6941 256f 4F       		.byte	0x4f
 6942 2570 0C       		.byte	0xc
 6943 2571 56250000 		.4byte	0x2556
 6944 2575 02       		.uleb128 0x2
 6945 2576 14       		.byte	0x14
 6946 2577 50       		.byte	0x50
 6947 2578 0C       		.byte	0xc
 6948 2579 E70B0000 		.4byte	0xbe7
 6949 257d 02       		.uleb128 0x2
 6950 257e 14       		.byte	0x14
ARM GAS  /tmp/ccVOBie3.s 			page 123


 6951 257f 50       		.byte	0x50
 6952 2580 0C       		.byte	0xc
 6953 2581 020C0000 		.4byte	0xc02
 6954 2585 0A       		.uleb128 0xa
 6955 2586 770C0000 		.4byte	.LASF157
 6956 258a 12       		.byte	0x12
 6957 258b 4501     		.2byte	0x145
 6958 258d 0F       		.byte	0xf
 6959 258e A6150000 		.4byte	0x15a6
 6960 2592 9C250000 		.4byte	0x259c
 6961 2596 01       		.uleb128 0x1
 6962 2597 A6150000 		.4byte	0x15a6
 6963 259b 00       		.byte	0
 6964 259c 02       		.uleb128 0x2
 6965 259d 14       		.byte	0x14
 6966 259e 50       		.byte	0x50
 6967 259f 0C       		.byte	0xc
 6968 25a0 85250000 		.4byte	0x2585
 6969 25a4 02       		.uleb128 0x2
 6970 25a5 14       		.byte	0x14
 6971 25a6 51       		.byte	0x51
 6972 25a7 0C       		.byte	0xc
 6973 25a8 1D0C0000 		.4byte	0xc1d
 6974 25ac 02       		.uleb128 0x2
 6975 25ad 14       		.byte	0x14
 6976 25ae 51       		.byte	0x51
 6977 25af 0C       		.byte	0xc
 6978 25b0 380C0000 		.4byte	0xc38
 6979 25b4 0A       		.uleb128 0xa
 6980 25b5 80140000 		.4byte	.LASF160
 6981 25b9 12       		.byte	0x12
 6982 25ba 2901     		.2byte	0x129
 6983 25bc 0F       		.byte	0xf
 6984 25bd A6150000 		.4byte	0x15a6
 6985 25c1 CB250000 		.4byte	0x25cb
 6986 25c5 01       		.uleb128 0x1
 6987 25c6 A6150000 		.4byte	0x15a6
 6988 25ca 00       		.byte	0
 6989 25cb 02       		.uleb128 0x2
 6990 25cc 14       		.byte	0x14
 6991 25cd 51       		.byte	0x51
 6992 25ce 0C       		.byte	0xc
 6993 25cf B4250000 		.4byte	0x25b4
 6994 25d3 02       		.uleb128 0x2
 6995 25d4 14       		.byte	0x14
 6996 25d5 52       		.byte	0x52
 6997 25d6 0C       		.byte	0xc
 6998 25d7 530C0000 		.4byte	0xc53
 6999 25db 02       		.uleb128 0x2
 7000 25dc 14       		.byte	0x14
 7001 25dd 52       		.byte	0x52
 7002 25de 0C       		.byte	0xc
 7003 25df 730C0000 		.4byte	0xc73
 7004 25e3 0A       		.uleb128 0xa
 7005 25e4 B0170000 		.4byte	.LASF163
 7006 25e8 12       		.byte	0x12
 7007 25e9 2401     		.2byte	0x124
ARM GAS  /tmp/ccVOBie3.s 			page 124


 7008 25eb 0F       		.byte	0xf
 7009 25ec A6150000 		.4byte	0x15a6
 7010 25f0 FF250000 		.4byte	0x25ff
 7011 25f4 01       		.uleb128 0x1
 7012 25f5 A6150000 		.4byte	0x15a6
 7013 25f9 01       		.uleb128 0x1
 7014 25fa A6150000 		.4byte	0x15a6
 7015 25fe 00       		.byte	0
 7016 25ff 02       		.uleb128 0x2
 7017 2600 14       		.byte	0x14
 7018 2601 52       		.byte	0x52
 7019 2602 0C       		.byte	0xc
 7020 2603 E3250000 		.4byte	0x25e3
 7021 2607 02       		.uleb128 0x2
 7022 2608 14       		.byte	0x14
 7023 2609 53       		.byte	0x53
 7024 260a 0C       		.byte	0xc
 7025 260b 930C0000 		.4byte	0xc93
 7026 260f 02       		.uleb128 0x2
 7027 2610 14       		.byte	0x14
 7028 2611 53       		.byte	0x53
 7029 2612 0C       		.byte	0xc
 7030 2613 AE0C0000 		.4byte	0xcae
 7031 2617 4C       		.uleb128 0x4c
 7032 2618 65726600 		.ascii	"erf\000"
 7033 261c 12       		.byte	0x12
 7034 261d 4901     		.2byte	0x149
 7035 261f 0F       		.byte	0xf
 7036 2620 A6150000 		.4byte	0x15a6
 7037 2624 2E260000 		.4byte	0x262e
 7038 2628 01       		.uleb128 0x1
 7039 2629 A6150000 		.4byte	0x15a6
 7040 262d 00       		.byte	0
 7041 262e 02       		.uleb128 0x2
 7042 262f 14       		.byte	0x14
 7043 2630 53       		.byte	0x53
 7044 2631 0C       		.byte	0xc
 7045 2632 17260000 		.4byte	0x2617
 7046 2636 02       		.uleb128 0x2
 7047 2637 14       		.byte	0x14
 7048 2638 54       		.byte	0x54
 7049 2639 0C       		.byte	0xc
 7050 263a C90C0000 		.4byte	0xcc9
 7051 263e 02       		.uleb128 0x2
 7052 263f 14       		.byte	0x14
 7053 2640 54       		.byte	0x54
 7054 2641 0C       		.byte	0xc
 7055 2642 E40C0000 		.4byte	0xce4
 7056 2646 0A       		.uleb128 0xa
 7057 2647 AE0F0000 		.4byte	.LASF168
 7058 264b 12       		.byte	0x12
 7059 264c 4A01     		.2byte	0x14a
 7060 264e 0F       		.byte	0xf
 7061 264f A6150000 		.4byte	0x15a6
 7062 2653 5D260000 		.4byte	0x265d
 7063 2657 01       		.uleb128 0x1
 7064 2658 A6150000 		.4byte	0x15a6
ARM GAS  /tmp/ccVOBie3.s 			page 125


 7065 265c 00       		.byte	0
 7066 265d 02       		.uleb128 0x2
 7067 265e 14       		.byte	0x14
 7068 265f 54       		.byte	0x54
 7069 2660 0C       		.byte	0xc
 7070 2661 46260000 		.4byte	0x2646
 7071 2665 02       		.uleb128 0x2
 7072 2666 14       		.byte	0x14
 7073 2667 55       		.byte	0x55
 7074 2668 0C       		.byte	0xc
 7075 2669 FF0C0000 		.4byte	0xcff
 7076 266d 02       		.uleb128 0x2
 7077 266e 14       		.byte	0x14
 7078 266f 55       		.byte	0x55
 7079 2670 0C       		.byte	0xc
 7080 2671 1A0D0000 		.4byte	0xd1a
 7081 2675 0A       		.uleb128 0xa
 7082 2676 BD1E0000 		.4byte	.LASF171
 7083 267a 12       		.byte	0x12
 7084 267b 2E01     		.2byte	0x12e
 7085 267d 0F       		.byte	0xf
 7086 267e A6150000 		.4byte	0x15a6
 7087 2682 8C260000 		.4byte	0x268c
 7088 2686 01       		.uleb128 0x1
 7089 2687 A6150000 		.4byte	0x15a6
 7090 268b 00       		.byte	0
 7091 268c 02       		.uleb128 0x2
 7092 268d 14       		.byte	0x14
 7093 268e 55       		.byte	0x55
 7094 268f 0C       		.byte	0xc
 7095 2690 75260000 		.4byte	0x2675
 7096 2694 02       		.uleb128 0x2
 7097 2695 14       		.byte	0x14
 7098 2696 56       		.byte	0x56
 7099 2697 0C       		.byte	0xc
 7100 2698 350D0000 		.4byte	0xd35
 7101 269c 02       		.uleb128 0x2
 7102 269d 14       		.byte	0x14
 7103 269e 56       		.byte	0x56
 7104 269f 0C       		.byte	0xc
 7105 26a0 500D0000 		.4byte	0xd50
 7106 26a4 0A       		.uleb128 0xa
 7107 26a5 63170000 		.4byte	.LASF174
 7108 26a9 12       		.byte	0x12
 7109 26aa 4001     		.2byte	0x140
 7110 26ac 0F       		.byte	0xf
 7111 26ad A6150000 		.4byte	0x15a6
 7112 26b1 BB260000 		.4byte	0x26bb
 7113 26b5 01       		.uleb128 0x1
 7114 26b6 A6150000 		.4byte	0x15a6
 7115 26ba 00       		.byte	0
 7116 26bb 02       		.uleb128 0x2
 7117 26bc 14       		.byte	0x14
 7118 26bd 56       		.byte	0x56
 7119 26be 0C       		.byte	0xc
 7120 26bf A4260000 		.4byte	0x26a4
 7121 26c3 02       		.uleb128 0x2
ARM GAS  /tmp/ccVOBie3.s 			page 126


 7122 26c4 14       		.byte	0x14
 7123 26c5 57       		.byte	0x57
 7124 26c6 0C       		.byte	0xc
 7125 26c7 6B0D0000 		.4byte	0xd6b
 7126 26cb 02       		.uleb128 0x2
 7127 26cc 14       		.byte	0x14
 7128 26cd 57       		.byte	0x57
 7129 26ce 0C       		.byte	0xc
 7130 26cf 8B0D0000 		.4byte	0xd8b
 7131 26d3 0A       		.uleb128 0xa
 7132 26d4 00000000 		.4byte	.LASF177
 7133 26d8 12       		.byte	0x12
 7134 26d9 3901     		.2byte	0x139
 7135 26db 0F       		.byte	0xf
 7136 26dc A6150000 		.4byte	0x15a6
 7137 26e0 EF260000 		.4byte	0x26ef
 7138 26e4 01       		.uleb128 0x1
 7139 26e5 A6150000 		.4byte	0x15a6
 7140 26e9 01       		.uleb128 0x1
 7141 26ea A6150000 		.4byte	0x15a6
 7142 26ee 00       		.byte	0
 7143 26ef 02       		.uleb128 0x2
 7144 26f0 14       		.byte	0x14
 7145 26f1 57       		.byte	0x57
 7146 26f2 0C       		.byte	0xc
 7147 26f3 D3260000 		.4byte	0x26d3
 7148 26f7 02       		.uleb128 0x2
 7149 26f8 14       		.byte	0x14
 7150 26f9 58       		.byte	0x58
 7151 26fa 0C       		.byte	0xc
 7152 26fb AB0D0000 		.4byte	0xdab
 7153 26ff 02       		.uleb128 0x2
 7154 2700 14       		.byte	0x14
 7155 2701 58       		.byte	0x58
 7156 2702 0C       		.byte	0xc
 7157 2703 D00D0000 		.4byte	0xdd0
 7158 2707 4C       		.uleb128 0x4c
 7159 2708 666D6100 		.ascii	"fma\000"
 7160 270c 12       		.byte	0x12
 7161 270d 3C01     		.2byte	0x13c
 7162 270f 0F       		.byte	0xf
 7163 2710 A6150000 		.4byte	0x15a6
 7164 2714 28270000 		.4byte	0x2728
 7165 2718 01       		.uleb128 0x1
 7166 2719 A6150000 		.4byte	0x15a6
 7167 271d 01       		.uleb128 0x1
 7168 271e A6150000 		.4byte	0x15a6
 7169 2722 01       		.uleb128 0x1
 7170 2723 A6150000 		.4byte	0x15a6
 7171 2727 00       		.byte	0
 7172 2728 02       		.uleb128 0x2
 7173 2729 14       		.byte	0x14
 7174 272a 58       		.byte	0x58
 7175 272b 0C       		.byte	0xc
 7176 272c 07270000 		.4byte	0x2707
 7177 2730 02       		.uleb128 0x2
 7178 2731 14       		.byte	0x14
ARM GAS  /tmp/ccVOBie3.s 			page 127


 7179 2732 59       		.byte	0x59
 7180 2733 0C       		.byte	0xc
 7181 2734 F50D0000 		.4byte	0xdf5
 7182 2738 02       		.uleb128 0x2
 7183 2739 14       		.byte	0x14
 7184 273a 59       		.byte	0x59
 7185 273b 0C       		.byte	0xc
 7186 273c 150E0000 		.4byte	0xe15
 7187 2740 0A       		.uleb128 0xa
 7188 2741 67190000 		.4byte	.LASF182
 7189 2745 12       		.byte	0x12
 7190 2746 3A01     		.2byte	0x13a
 7191 2748 0F       		.byte	0xf
 7192 2749 A6150000 		.4byte	0x15a6
 7193 274d 5C270000 		.4byte	0x275c
 7194 2751 01       		.uleb128 0x1
 7195 2752 A6150000 		.4byte	0x15a6
 7196 2756 01       		.uleb128 0x1
 7197 2757 A6150000 		.4byte	0x15a6
 7198 275b 00       		.byte	0
 7199 275c 02       		.uleb128 0x2
 7200 275d 14       		.byte	0x14
 7201 275e 59       		.byte	0x59
 7202 275f 0C       		.byte	0xc
 7203 2760 40270000 		.4byte	0x2740
 7204 2764 02       		.uleb128 0x2
 7205 2765 14       		.byte	0x14
 7206 2766 5A       		.byte	0x5a
 7207 2767 0C       		.byte	0xc
 7208 2768 350E0000 		.4byte	0xe35
 7209 276c 02       		.uleb128 0x2
 7210 276d 14       		.byte	0x14
 7211 276e 5A       		.byte	0x5a
 7212 276f 0C       		.byte	0xc
 7213 2770 550E0000 		.4byte	0xe55
 7214 2774 0A       		.uleb128 0xa
 7215 2775 C8010000 		.4byte	.LASF185
 7216 2779 12       		.byte	0x12
 7217 277a 3B01     		.2byte	0x13b
 7218 277c 0F       		.byte	0xf
 7219 277d A6150000 		.4byte	0x15a6
 7220 2781 90270000 		.4byte	0x2790
 7221 2785 01       		.uleb128 0x1
 7222 2786 A6150000 		.4byte	0x15a6
 7223 278a 01       		.uleb128 0x1
 7224 278b A6150000 		.4byte	0x15a6
 7225 278f 00       		.byte	0
 7226 2790 02       		.uleb128 0x2
 7227 2791 14       		.byte	0x14
 7228 2792 5A       		.byte	0x5a
 7229 2793 0C       		.byte	0xc
 7230 2794 74270000 		.4byte	0x2774
 7231 2798 02       		.uleb128 0x2
 7232 2799 14       		.byte	0x14
 7233 279a 5B       		.byte	0x5b
 7234 279b 0C       		.byte	0xc
 7235 279c 750E0000 		.4byte	0xe75
ARM GAS  /tmp/ccVOBie3.s 			page 128


 7236 27a0 02       		.uleb128 0x2
 7237 27a1 14       		.byte	0x14
 7238 27a2 5B       		.byte	0x5b
 7239 27a3 0C       		.byte	0xc
 7240 27a4 950E0000 		.4byte	0xe95
 7241 27a8 0A       		.uleb128 0xa
 7242 27a9 2B1B0000 		.4byte	.LASF188
 7243 27ad 12       		.byte	0x12
 7244 27ae 5101     		.2byte	0x151
 7245 27b0 0F       		.byte	0xf
 7246 27b1 A6150000 		.4byte	0x15a6
 7247 27b5 C4270000 		.4byte	0x27c4
 7248 27b9 01       		.uleb128 0x1
 7249 27ba A6150000 		.4byte	0x15a6
 7250 27be 01       		.uleb128 0x1
 7251 27bf A6150000 		.4byte	0x15a6
 7252 27c3 00       		.byte	0
 7253 27c4 02       		.uleb128 0x2
 7254 27c5 14       		.byte	0x14
 7255 27c6 5B       		.byte	0x5b
 7256 27c7 0C       		.byte	0xc
 7257 27c8 A8270000 		.4byte	0x27a8
 7258 27cc 02       		.uleb128 0x2
 7259 27cd 14       		.byte	0x14
 7260 27ce 5C       		.byte	0x5c
 7261 27cf 0C       		.byte	0xc
 7262 27d0 B50E0000 		.4byte	0xeb5
 7263 27d4 02       		.uleb128 0x2
 7264 27d5 14       		.byte	0x14
 7265 27d6 5C       		.byte	0x5c
 7266 27d7 0C       		.byte	0xc
 7267 27d8 D00E0000 		.4byte	0xed0
 7268 27dc 0A       		.uleb128 0xa
 7269 27dd 51030000 		.4byte	.LASF191
 7270 27e1 12       		.byte	0x12
 7271 27e2 2601     		.2byte	0x126
 7272 27e4 0C       		.byte	0xc
 7273 27e5 2C000000 		.4byte	0x2c
 7274 27e9 F3270000 		.4byte	0x27f3
 7275 27ed 01       		.uleb128 0x1
 7276 27ee A6150000 		.4byte	0x15a6
 7277 27f2 00       		.byte	0
 7278 27f3 02       		.uleb128 0x2
 7279 27f4 14       		.byte	0x14
 7280 27f5 5C       		.byte	0x5c
 7281 27f6 0C       		.byte	0xc
 7282 27f7 DC270000 		.4byte	0x27dc
 7283 27fb 02       		.uleb128 0x2
 7284 27fc 14       		.byte	0x14
 7285 27fd 5D       		.byte	0x5d
 7286 27fe 0C       		.byte	0xc
 7287 27ff EB0E0000 		.4byte	0xeeb
 7288 2803 02       		.uleb128 0x2
 7289 2804 14       		.byte	0x14
 7290 2805 5D       		.byte	0x5d
 7291 2806 0C       		.byte	0xc
 7292 2807 060F0000 		.4byte	0xf06
ARM GAS  /tmp/ccVOBie3.s 			page 129


 7293 280b 0A       		.uleb128 0xa
 7294 280c 2F1D0000 		.4byte	.LASF194
 7295 2810 12       		.byte	0x12
 7296 2811 4801     		.2byte	0x148
 7297 2813 0F       		.byte	0xf
 7298 2814 A6150000 		.4byte	0x15a6
 7299 2818 22280000 		.4byte	0x2822
 7300 281c 01       		.uleb128 0x1
 7301 281d A6150000 		.4byte	0x15a6
 7302 2821 00       		.byte	0
 7303 2822 02       		.uleb128 0x2
 7304 2823 14       		.byte	0x14
 7305 2824 5D       		.byte	0x5d
 7306 2825 0C       		.byte	0xc
 7307 2826 0B280000 		.4byte	0x280b
 7308 282a 02       		.uleb128 0x2
 7309 282b 14       		.byte	0x14
 7310 282c 5E       		.byte	0x5e
 7311 282d 0C       		.byte	0xc
 7312 282e 210F0000 		.4byte	0xf21
 7313 2832 02       		.uleb128 0x2
 7314 2833 14       		.byte	0x14
 7315 2834 5E       		.byte	0x5e
 7316 2835 0C       		.byte	0xc
 7317 2836 3C0F0000 		.4byte	0xf3c
 7318 283a 0A       		.uleb128 0xa
 7319 283b 141B0000 		.4byte	.LASF197
 7320 283f 12       		.byte	0x12
 7321 2840 3301     		.2byte	0x133
 7322 2842 16       		.byte	0x16
 7323 2843 7D000000 		.4byte	0x7d
 7324 2847 51280000 		.4byte	0x2851
 7325 284b 01       		.uleb128 0x1
 7326 284c A6150000 		.4byte	0x15a6
 7327 2850 00       		.byte	0
 7328 2851 02       		.uleb128 0x2
 7329 2852 14       		.byte	0x14
 7330 2853 5E       		.byte	0x5e
 7331 2854 0C       		.byte	0xc
 7332 2855 3A280000 		.4byte	0x283a
 7333 2859 02       		.uleb128 0x2
 7334 285a 14       		.byte	0x14
 7335 285b 5F       		.byte	0x5f
 7336 285c 0C       		.byte	0xc
 7337 285d 570F0000 		.4byte	0xf57
 7338 2861 02       		.uleb128 0x2
 7339 2862 14       		.byte	0x14
 7340 2863 5F       		.byte	0x5f
 7341 2864 0C       		.byte	0xc
 7342 2865 720F0000 		.4byte	0xf72
 7343 2869 0A       		.uleb128 0xa
 7344 286a D8120000 		.4byte	.LASF200
 7345 286e 12       		.byte	0x12
 7346 286f 3601     		.2byte	0x136
 7347 2871 16       		.byte	0x16
 7348 2872 7D000000 		.4byte	0x7d
 7349 2876 80280000 		.4byte	0x2880
ARM GAS  /tmp/ccVOBie3.s 			page 130


 7350 287a 01       		.uleb128 0x1
 7351 287b A6150000 		.4byte	0x15a6
 7352 287f 00       		.byte	0
 7353 2880 02       		.uleb128 0x2
 7354 2881 14       		.byte	0x14
 7355 2882 5F       		.byte	0x5f
 7356 2883 0C       		.byte	0xc
 7357 2884 69280000 		.4byte	0x2869
 7358 2888 02       		.uleb128 0x2
 7359 2889 14       		.byte	0x14
 7360 288a 60       		.byte	0x60
 7361 288b 0C       		.byte	0xc
 7362 288c 8D0F0000 		.4byte	0xf8d
 7363 2890 02       		.uleb128 0x2
 7364 2891 14       		.byte	0x14
 7365 2892 60       		.byte	0x60
 7366 2893 0C       		.byte	0xc
 7367 2894 A80F0000 		.4byte	0xfa8
 7368 2898 0A       		.uleb128 0xa
 7369 2899 A00A0000 		.4byte	.LASF203
 7370 289d 12       		.byte	0x12
 7371 289e 3F01     		.2byte	0x13f
 7372 28a0 0F       		.byte	0xf
 7373 28a1 A6150000 		.4byte	0x15a6
 7374 28a5 AF280000 		.4byte	0x28af
 7375 28a9 01       		.uleb128 0x1
 7376 28aa A6150000 		.4byte	0x15a6
 7377 28ae 00       		.byte	0
 7378 28af 02       		.uleb128 0x2
 7379 28b0 14       		.byte	0x14
 7380 28b1 60       		.byte	0x60
 7381 28b2 0C       		.byte	0xc
 7382 28b3 98280000 		.4byte	0x2898
 7383 28b7 02       		.uleb128 0x2
 7384 28b8 14       		.byte	0x14
 7385 28b9 61       		.byte	0x61
 7386 28ba 0C       		.byte	0xc
 7387 28bb C30F0000 		.4byte	0xfc3
 7388 28bf 02       		.uleb128 0x2
 7389 28c0 14       		.byte	0x14
 7390 28c1 61       		.byte	0x61
 7391 28c2 0C       		.byte	0xc
 7392 28c3 DE0F0000 		.4byte	0xfde
 7393 28c7 0A       		.uleb128 0xa
 7394 28c8 9C0D0000 		.4byte	.LASF206
 7395 28cc 12       		.byte	0x12
 7396 28cd 4B01     		.2byte	0x14b
 7397 28cf 0F       		.byte	0xf
 7398 28d0 A6150000 		.4byte	0x15a6
 7399 28d4 DE280000 		.4byte	0x28de
 7400 28d8 01       		.uleb128 0x1
 7401 28d9 A6150000 		.4byte	0x15a6
 7402 28dd 00       		.byte	0
 7403 28de 02       		.uleb128 0x2
 7404 28df 14       		.byte	0x14
 7405 28e0 61       		.byte	0x61
 7406 28e1 0C       		.byte	0xc
ARM GAS  /tmp/ccVOBie3.s 			page 131


 7407 28e2 C7280000 		.4byte	0x28c7
 7408 28e6 02       		.uleb128 0x2
 7409 28e7 14       		.byte	0x14
 7410 28e8 62       		.byte	0x62
 7411 28e9 0C       		.byte	0xc
 7412 28ea F90F0000 		.4byte	0xff9
 7413 28ee 02       		.uleb128 0x2
 7414 28ef 14       		.byte	0x14
 7415 28f0 62       		.byte	0x62
 7416 28f1 0C       		.byte	0xc
 7417 28f2 14100000 		.4byte	0x1014
 7418 28f6 0A       		.uleb128 0xa
 7419 28f7 790E0000 		.4byte	.LASF209
 7420 28fb 12       		.byte	0x12
 7421 28fc 2501     		.2byte	0x125
 7422 28fe 0F       		.byte	0xf
 7423 28ff A6150000 		.4byte	0x15a6
 7424 2903 0D290000 		.4byte	0x290d
 7425 2907 01       		.uleb128 0x1
 7426 2908 A6150000 		.4byte	0x15a6
 7427 290c 00       		.byte	0
 7428 290d 02       		.uleb128 0x2
 7429 290e 14       		.byte	0x14
 7430 290f 62       		.byte	0x62
 7431 2910 0C       		.byte	0xc
 7432 2911 F6280000 		.4byte	0x28f6
 7433 2915 02       		.uleb128 0x2
 7434 2916 14       		.byte	0x14
 7435 2917 63       		.byte	0x63
 7436 2918 0C       		.byte	0xc
 7437 2919 2F100000 		.4byte	0x102f
 7438 291d 02       		.uleb128 0x2
 7439 291e 14       		.byte	0x14
 7440 291f 63       		.byte	0x63
 7441 2920 0C       		.byte	0xc
 7442 2921 4A100000 		.4byte	0x104a
 7443 2925 0A       		.uleb128 0xa
 7444 2926 40080000 		.4byte	.LASF212
 7445 292a 12       		.byte	0x12
 7446 292b 3201     		.2byte	0x132
 7447 292d 11       		.byte	0x11
 7448 292e 6A000000 		.4byte	0x6a
 7449 2932 3C290000 		.4byte	0x293c
 7450 2936 01       		.uleb128 0x1
 7451 2937 A6150000 		.4byte	0x15a6
 7452 293b 00       		.byte	0
 7453 293c 02       		.uleb128 0x2
 7454 293d 14       		.byte	0x14
 7455 293e 63       		.byte	0x63
 7456 293f 0C       		.byte	0xc
 7457 2940 25290000 		.4byte	0x2925
 7458 2944 02       		.uleb128 0x2
 7459 2945 14       		.byte	0x14
 7460 2946 64       		.byte	0x64
 7461 2947 0C       		.byte	0xc
 7462 2948 65100000 		.4byte	0x1065
 7463 294c 02       		.uleb128 0x2
ARM GAS  /tmp/ccVOBie3.s 			page 132


 7464 294d 14       		.byte	0x14
 7465 294e 64       		.byte	0x64
 7466 294f 0C       		.byte	0xc
 7467 2950 80100000 		.4byte	0x1080
 7468 2954 0A       		.uleb128 0xa
 7469 2955 FF190000 		.4byte	.LASF215
 7470 2959 12       		.byte	0x12
 7471 295a 3501     		.2byte	0x135
 7472 295c 11       		.byte	0x11
 7473 295d 6A000000 		.4byte	0x6a
 7474 2961 6B290000 		.4byte	0x296b
 7475 2965 01       		.uleb128 0x1
 7476 2966 A6150000 		.4byte	0x15a6
 7477 296a 00       		.byte	0
 7478 296b 02       		.uleb128 0x2
 7479 296c 14       		.byte	0x14
 7480 296d 64       		.byte	0x64
 7481 296e 0C       		.byte	0xc
 7482 296f 54290000 		.4byte	0x2954
 7483 2973 02       		.uleb128 0x2
 7484 2974 14       		.byte	0x14
 7485 2975 65       		.byte	0x65
 7486 2976 0C       		.byte	0xc
 7487 2977 9B100000 		.4byte	0x109b
 7488 297b 02       		.uleb128 0x2
 7489 297c 14       		.byte	0x14
 7490 297d 65       		.byte	0x65
 7491 297e 0C       		.byte	0xc
 7492 297f B6100000 		.4byte	0x10b6
 7493 2983 0A       		.uleb128 0xa
 7494 2984 2E060000 		.4byte	.LASF218
 7495 2988 12       		.byte	0x12
 7496 2989 3101     		.2byte	0x131
 7497 298b 0F       		.byte	0xf
 7498 298c A6150000 		.4byte	0x15a6
 7499 2990 9A290000 		.4byte	0x299a
 7500 2994 01       		.uleb128 0x1
 7501 2995 A6150000 		.4byte	0x15a6
 7502 2999 00       		.byte	0
 7503 299a 02       		.uleb128 0x2
 7504 299b 14       		.byte	0x14
 7505 299c 65       		.byte	0x65
 7506 299d 0C       		.byte	0xc
 7507 299e 83290000 		.4byte	0x2983
 7508 29a2 02       		.uleb128 0x2
 7509 29a3 14       		.byte	0x14
 7510 29a4 66       		.byte	0x66
 7511 29a5 0C       		.byte	0xc
 7512 29a6 D1100000 		.4byte	0x10d1
 7513 29aa 02       		.uleb128 0x2
 7514 29ab 14       		.byte	0x14
 7515 29ac 66       		.byte	0x66
 7516 29ad 0C       		.byte	0xc
 7517 29ae F1100000 		.4byte	0x10f1
 7518 29b2 0A       		.uleb128 0xa
 7519 29b3 69170000 		.4byte	.LASF221
 7520 29b7 12       		.byte	0x12
ARM GAS  /tmp/ccVOBie3.s 			page 133


 7521 29b8 2A01     		.2byte	0x12a
 7522 29ba 0F       		.byte	0xf
 7523 29bb A6150000 		.4byte	0x15a6
 7524 29bf CE290000 		.4byte	0x29ce
 7525 29c3 01       		.uleb128 0x1
 7526 29c4 A6150000 		.4byte	0x15a6
 7527 29c8 01       		.uleb128 0x1
 7528 29c9 A6150000 		.4byte	0x15a6
 7529 29cd 00       		.byte	0
 7530 29ce 02       		.uleb128 0x2
 7531 29cf 14       		.byte	0x14
 7532 29d0 66       		.byte	0x66
 7533 29d1 0C       		.byte	0xc
 7534 29d2 B2290000 		.4byte	0x29b2
 7535 29d6 02       		.uleb128 0x2
 7536 29d7 14       		.byte	0x14
 7537 29d8 67       		.byte	0x67
 7538 29d9 0C       		.byte	0xc
 7539 29da 11110000 		.4byte	0x1111
 7540 29de 02       		.uleb128 0x2
 7541 29df 14       		.byte	0x14
 7542 29e0 67       		.byte	0x67
 7543 29e1 0C       		.byte	0xc
 7544 29e2 31110000 		.4byte	0x1131
 7545 29e6 0A       		.uleb128 0xa
 7546 29e7 FA030000 		.4byte	.LASF224
 7547 29eb 12       		.byte	0x12
 7548 29ec CC01     		.2byte	0x1cc
 7549 29ee 0F       		.byte	0xf
 7550 29ef A6150000 		.4byte	0x15a6
 7551 29f3 022A0000 		.4byte	0x2a02
 7552 29f7 01       		.uleb128 0x1
 7553 29f8 A6150000 		.4byte	0x15a6
 7554 29fc 01       		.uleb128 0x1
 7555 29fd 9F150000 		.4byte	0x159f
 7556 2a01 00       		.byte	0
 7557 2a02 02       		.uleb128 0x2
 7558 2a03 14       		.byte	0x14
 7559 2a04 67       		.byte	0x67
 7560 2a05 0C       		.byte	0xc
 7561 2a06 E6290000 		.4byte	0x29e6
 7562 2a0a 02       		.uleb128 0x2
 7563 2a0b 14       		.byte	0x14
 7564 2a0c 68       		.byte	0x68
 7565 2a0d 0C       		.byte	0xc
 7566 2a0e 51110000 		.4byte	0x1151
 7567 2a12 02       		.uleb128 0x2
 7568 2a13 14       		.byte	0x14
 7569 2a14 68       		.byte	0x68
 7570 2a15 0C       		.byte	0xc
 7571 2a16 71110000 		.4byte	0x1171
 7572 2a1a 0A       		.uleb128 0xa
 7573 2a1b 051F0000 		.4byte	.LASF227
 7574 2a1f 12       		.byte	0x12
 7575 2a20 4601     		.2byte	0x146
 7576 2a22 0F       		.byte	0xf
 7577 2a23 A6150000 		.4byte	0x15a6
ARM GAS  /tmp/ccVOBie3.s 			page 134


 7578 2a27 362A0000 		.4byte	0x2a36
 7579 2a2b 01       		.uleb128 0x1
 7580 2a2c A6150000 		.4byte	0x15a6
 7581 2a30 01       		.uleb128 0x1
 7582 2a31 A6150000 		.4byte	0x15a6
 7583 2a35 00       		.byte	0
 7584 2a36 02       		.uleb128 0x2
 7585 2a37 14       		.byte	0x14
 7586 2a38 68       		.byte	0x68
 7587 2a39 0C       		.byte	0xc
 7588 2a3a 1A2A0000 		.4byte	0x2a1a
 7589 2a3e 02       		.uleb128 0x2
 7590 2a3f 14       		.byte	0x14
 7591 2a40 69       		.byte	0x69
 7592 2a41 0C       		.byte	0xc
 7593 2a42 91110000 		.4byte	0x1191
 7594 2a46 02       		.uleb128 0x2
 7595 2a47 14       		.byte	0x14
 7596 2a48 69       		.byte	0x69
 7597 2a49 0C       		.byte	0xc
 7598 2a4a B6110000 		.4byte	0x11b6
 7599 2a4e 0A       		.uleb128 0xa
 7600 2a4f 4A130000 		.4byte	.LASF230
 7601 2a53 12       		.byte	0x12
 7602 2a54 3801     		.2byte	0x138
 7603 2a56 0F       		.byte	0xf
 7604 2a57 A6150000 		.4byte	0x15a6
 7605 2a5b 6F2A0000 		.4byte	0x2a6f
 7606 2a5f 01       		.uleb128 0x1
 7607 2a60 A6150000 		.4byte	0x15a6
 7608 2a64 01       		.uleb128 0x1
 7609 2a65 A6150000 		.4byte	0x15a6
 7610 2a69 01       		.uleb128 0x1
 7611 2a6a C5210000 		.4byte	0x21c5
 7612 2a6e 00       		.byte	0
 7613 2a6f 02       		.uleb128 0x2
 7614 2a70 14       		.byte	0x14
 7615 2a71 69       		.byte	0x69
 7616 2a72 0C       		.byte	0xc
 7617 2a73 4E2A0000 		.4byte	0x2a4e
 7618 2a77 02       		.uleb128 0x2
 7619 2a78 14       		.byte	0x14
 7620 2a79 6A       		.byte	0x6a
 7621 2a7a 0C       		.byte	0xc
 7622 2a7b DB110000 		.4byte	0x11db
 7623 2a7f 02       		.uleb128 0x2
 7624 2a80 14       		.byte	0x14
 7625 2a81 6A       		.byte	0x6a
 7626 2a82 0C       		.byte	0xc
 7627 2a83 F6110000 		.4byte	0x11f6
 7628 2a87 0A       		.uleb128 0xa
 7629 2a88 77190000 		.4byte	.LASF233
 7630 2a8c 12       		.byte	0x12
 7631 2a8d 2B01     		.2byte	0x12b
 7632 2a8f 0F       		.byte	0xf
 7633 2a90 A6150000 		.4byte	0x15a6
 7634 2a94 9E2A0000 		.4byte	0x2a9e
ARM GAS  /tmp/ccVOBie3.s 			page 135


 7635 2a98 01       		.uleb128 0x1
 7636 2a99 A6150000 		.4byte	0x15a6
 7637 2a9d 00       		.byte	0
 7638 2a9e 02       		.uleb128 0x2
 7639 2a9f 14       		.byte	0x14
 7640 2aa0 6A       		.byte	0x6a
 7641 2aa1 0C       		.byte	0xc
 7642 2aa2 872A0000 		.4byte	0x2a87
 7643 2aa6 02       		.uleb128 0x2
 7644 2aa7 14       		.byte	0x14
 7645 2aa8 6B       		.byte	0x6b
 7646 2aa9 0C       		.byte	0xc
 7647 2aaa 11120000 		.4byte	0x1211
 7648 2aae 02       		.uleb128 0x2
 7649 2aaf 14       		.byte	0x14
 7650 2ab0 6B       		.byte	0x6b
 7651 2ab1 0C       		.byte	0xc
 7652 2ab2 2C120000 		.4byte	0x122c
 7653 2ab6 0A       		.uleb128 0xa
 7654 2ab7 F4110000 		.4byte	.LASF236
 7655 2abb 12       		.byte	0x12
 7656 2abc 3401     		.2byte	0x134
 7657 2abe 0F       		.byte	0xf
 7658 2abf A6150000 		.4byte	0x15a6
 7659 2ac3 CD2A0000 		.4byte	0x2acd
 7660 2ac7 01       		.uleb128 0x1
 7661 2ac8 A6150000 		.4byte	0x15a6
 7662 2acc 00       		.byte	0
 7663 2acd 02       		.uleb128 0x2
 7664 2ace 14       		.byte	0x14
 7665 2acf 6B       		.byte	0x6b
 7666 2ad0 0C       		.byte	0xc
 7667 2ad1 B62A0000 		.4byte	0x2ab6
 7668 2ad5 02       		.uleb128 0x2
 7669 2ad6 14       		.byte	0x14
 7670 2ad7 6C       		.byte	0x6c
 7671 2ad8 0C       		.byte	0xc
 7672 2ad9 47120000 		.4byte	0x1247
 7673 2add 02       		.uleb128 0x2
 7674 2ade 14       		.byte	0x14
 7675 2adf 6C       		.byte	0x6c
 7676 2ae0 0C       		.byte	0xc
 7677 2ae1 67120000 		.4byte	0x1267
 7678 2ae5 0A       		.uleb128 0xa
 7679 2ae6 CD140000 		.4byte	.LASF239
 7680 2aea 12       		.byte	0x12
 7681 2aeb 2F01     		.2byte	0x12f
 7682 2aed 0F       		.byte	0xf
 7683 2aee A6150000 		.4byte	0x15a6
 7684 2af2 012B0000 		.4byte	0x2b01
 7685 2af6 01       		.uleb128 0x1
 7686 2af7 A6150000 		.4byte	0x15a6
 7687 2afb 01       		.uleb128 0x1
 7688 2afc 6A000000 		.4byte	0x6a
 7689 2b00 00       		.byte	0
 7690 2b01 02       		.uleb128 0x2
 7691 2b02 14       		.byte	0x14
ARM GAS  /tmp/ccVOBie3.s 			page 136


 7692 2b03 6C       		.byte	0x6c
 7693 2b04 0C       		.byte	0xc
 7694 2b05 E52A0000 		.4byte	0x2ae5
 7695 2b09 02       		.uleb128 0x2
 7696 2b0a 14       		.byte	0x14
 7697 2b0b 6D       		.byte	0x6d
 7698 2b0c 0C       		.byte	0xc
 7699 2b0d 87120000 		.4byte	0x1287
 7700 2b11 02       		.uleb128 0x2
 7701 2b12 14       		.byte	0x14
 7702 2b13 6D       		.byte	0x6d
 7703 2b14 0C       		.byte	0xc
 7704 2b15 A7120000 		.4byte	0x12a7
 7705 2b19 0A       		.uleb128 0xa
 7706 2b1a 4B1A0000 		.4byte	.LASF242
 7707 2b1e 12       		.byte	0x12
 7708 2b1f 2C01     		.2byte	0x12c
 7709 2b21 0F       		.byte	0xf
 7710 2b22 A6150000 		.4byte	0x15a6
 7711 2b26 352B0000 		.4byte	0x2b35
 7712 2b2a 01       		.uleb128 0x1
 7713 2b2b A6150000 		.4byte	0x15a6
 7714 2b2f 01       		.uleb128 0x1
 7715 2b30 2C000000 		.4byte	0x2c
 7716 2b34 00       		.byte	0
 7717 2b35 02       		.uleb128 0x2
 7718 2b36 14       		.byte	0x14
 7719 2b37 6D       		.byte	0x6d
 7720 2b38 0C       		.byte	0xc
 7721 2b39 192B0000 		.4byte	0x2b19
 7722 2b3d 02       		.uleb128 0x2
 7723 2b3e 14       		.byte	0x14
 7724 2b3f 6E       		.byte	0x6e
 7725 2b40 0C       		.byte	0xc
 7726 2b41 C7120000 		.4byte	0x12c7
 7727 2b45 02       		.uleb128 0x2
 7728 2b46 14       		.byte	0x14
 7729 2b47 6E       		.byte	0x6e
 7730 2b48 0C       		.byte	0xc
 7731 2b49 E2120000 		.4byte	0x12e2
 7732 2b4d 0A       		.uleb128 0xa
 7733 2b4e 1A0D0000 		.4byte	.LASF245
 7734 2b52 12       		.byte	0x12
 7735 2b53 3001     		.2byte	0x130
 7736 2b55 0F       		.byte	0xf
 7737 2b56 A6150000 		.4byte	0x15a6
 7738 2b5a 642B0000 		.4byte	0x2b64
 7739 2b5e 01       		.uleb128 0x1
 7740 2b5f A6150000 		.4byte	0x15a6
 7741 2b63 00       		.byte	0
 7742 2b64 02       		.uleb128 0x2
 7743 2b65 14       		.byte	0x14
 7744 2b66 6E       		.byte	0x6e
 7745 2b67 0C       		.byte	0xc
 7746 2b68 4D2B0000 		.4byte	0x2b4d
 7747 2b6c 02       		.uleb128 0x2
 7748 2b6d 14       		.byte	0x14
ARM GAS  /tmp/ccVOBie3.s 			page 137


 7749 2b6e 6F       		.byte	0x6f
 7750 2b6f 0C       		.byte	0xc
 7751 2b70 FD120000 		.4byte	0x12fd
 7752 2b74 02       		.uleb128 0x2
 7753 2b75 14       		.byte	0x14
 7754 2b76 6F       		.byte	0x6f
 7755 2b77 0C       		.byte	0xc
 7756 2b78 18130000 		.4byte	0x1318
 7757 2b7c 0A       		.uleb128 0xa
 7758 2b7d 19180000 		.4byte	.LASF248
 7759 2b81 12       		.byte	0x12
 7760 2b82 3701     		.2byte	0x137
 7761 2b84 0F       		.byte	0xf
 7762 2b85 A6150000 		.4byte	0x15a6
 7763 2b89 932B0000 		.4byte	0x2b93
 7764 2b8d 01       		.uleb128 0x1
 7765 2b8e A6150000 		.4byte	0x15a6
 7766 2b92 00       		.byte	0
 7767 2b93 02       		.uleb128 0x2
 7768 2b94 14       		.byte	0x14
 7769 2b95 6F       		.byte	0x6f
 7770 2b96 0C       		.byte	0xc
 7771 2b97 7C2B0000 		.4byte	0x2b7c
 7772 2b9b 65       		.uleb128 0x65
 7773 2b9c 07       		.byte	0x7
 7774 2b9d 04       		.byte	0x4
 7775 2b9e 7B010000 		.4byte	0x17b
 7776 2ba2 15       		.byte	0x15
 7777 2ba3 B4       		.byte	0xb4
 7778 2ba4 08       		.byte	0x8
 7779 2ba5 C52B0000 		.4byte	0x2bc5
 7780 2ba9 3A       		.uleb128 0x3a
 7781 2baa 6F140000 		.4byte	.LASF378
 7782 2bae 00000100 		.4byte	0x10000
 7783 2bb2 3A       		.uleb128 0x3a
 7784 2bb3 900E0000 		.4byte	.LASF379
 7785 2bb7 00010100 		.4byte	0x10100
 7786 2bbb 3A       		.uleb128 0x3a
 7787 2bbc 22020000 		.4byte	.LASF380
 7788 2bc0 00000200 		.4byte	0x20000
 7789 2bc4 00       		.byte	0
 7790 2bc5 66       		.uleb128 0x66
 7791 2bc6 3F1C0000 		.4byte	.LASF642
 7792 2bca 15       		.byte	0x15
 7793 2bcb D8       		.byte	0xd8
 7794 2bcc 10       		.byte	0x10
 7795 2bcd 0D       		.uleb128 0xd
 7796 2bce C52B0000 		.4byte	0x2bc5
 7797 2bd2 07       		.uleb128 0x7
 7798 2bd3 7F070000 		.4byte	.LASF381
 7799 2bd7 15       		.byte	0x15
 7800 2bd8 E3       		.byte	0xe3
 7801 2bd9 17       		.byte	0x17
 7802 2bda DE2B0000 		.4byte	0x2bde
 7803 2bde 08       		.uleb128 0x8
 7804 2bdf 04       		.byte	0x4
 7805 2be0 E42B0000 		.4byte	0x2be4
ARM GAS  /tmp/ccVOBie3.s 			page 138


 7806 2be4 29       		.uleb128 0x29
 7807 2be5 F32B0000 		.4byte	0x2bf3
 7808 2be9 F32B0000 		.4byte	0x2bf3
 7809 2bed 01       		.uleb128 0x1
 7810 2bee B2150000 		.4byte	0x15b2
 7811 2bf2 00       		.byte	0
 7812 2bf3 08       		.uleb128 0x8
 7813 2bf4 04       		.byte	0x4
 7814 2bf5 84000000 		.4byte	0x84
 7815 2bf9 07       		.uleb128 0x7
 7816 2bfa C9070000 		.4byte	.LASF382
 7817 2bfe 15       		.byte	0x15
 7818 2bff EB       		.byte	0xeb
 7819 2c00 12       		.byte	0x12
 7820 2c01 052C0000 		.4byte	0x2c05
 7821 2c05 08       		.uleb128 0x8
 7822 2c06 04       		.byte	0x4
 7823 2c07 0B2C0000 		.4byte	0x2c0b
 7824 2c0b 39       		.uleb128 0x39
 7825 2c0c 162C0000 		.4byte	0x2c16
 7826 2c10 01       		.uleb128 0x1
 7827 2c11 162C0000 		.4byte	0x2c16
 7828 2c15 00       		.byte	0
 7829 2c16 08       		.uleb128 0x8
 7830 2c17 04       		.byte	0x4
 7831 2c18 90000000 		.4byte	0x90
 7832 2c1c 07       		.uleb128 0x7
 7833 2c1d F2150000 		.4byte	.LASF383
 7834 2c21 15       		.byte	0x15
 7835 2c22 F3       		.byte	0xf3
 7836 2c23 14       		.byte	0x14
 7837 2c24 282C0000 		.4byte	0x2c28
 7838 2c28 08       		.uleb128 0x8
 7839 2c29 04       		.byte	0x4
 7840 2c2a 2E2C0000 		.4byte	0x2c2e
 7841 2c2e 67       		.uleb128 0x67
 7842 2c2f B2150000 		.4byte	0x15b2
 7843 2c33 27       		.uleb128 0x27
 7844 2c34 73170000 		.4byte	.LASF384
 7845 2c38 10       		.byte	0x10
 7846 2c39 15       		.byte	0x15
 7847 2c3a FA       		.byte	0xfa
 7848 2c3b 12       		.byte	0x12
 7849 2c3c 752C0000 		.4byte	0x2c75
 7850 2c40 04       		.uleb128 0x4
 7851 2c41 0A0D0000 		.4byte	.LASF385
 7852 2c45 15       		.byte	0x15
 7853 2c46 FB       		.byte	0xfb
 7854 2c47 28       		.byte	0x28
 7855 2c48 752C0000 		.4byte	0x2c75
 7856 2c4c 00       		.byte	0
 7857 2c4d 04       		.uleb128 0x4
 7858 2c4e 0F160000 		.4byte	.LASF386
 7859 2c52 15       		.byte	0x15
 7860 2c53 FC       		.byte	0xfc
 7861 2c54 22       		.byte	0x22
 7862 2c55 D22B0000 		.4byte	0x2bd2
ARM GAS  /tmp/ccVOBie3.s 			page 139


 7863 2c59 04       		.byte	0x4
 7864 2c5a 04       		.uleb128 0x4
 7865 2c5b 1B060000 		.4byte	.LASF387
 7866 2c5f 15       		.byte	0x15
 7867 2c60 FD       		.byte	0xfd
 7868 2c61 21       		.byte	0x21
 7869 2c62 F92B0000 		.4byte	0x2bf9
 7870 2c66 08       		.byte	0x8
 7871 2c67 04       		.uleb128 0x4
 7872 2c68 93050000 		.4byte	.LASF388
 7873 2c6c 15       		.byte	0x15
 7874 2c6d FE       		.byte	0xfe
 7875 2c6e 22       		.byte	0x22
 7876 2c6f 1C2C0000 		.4byte	0x2c1c
 7877 2c73 0C       		.byte	0xc
 7878 2c74 00       		.byte	0
 7879 2c75 08       		.uleb128 0x8
 7880 2c76 04       		.byte	0x4
 7881 2c77 CD2B0000 		.4byte	0x2bcd
 7882 2c7b 07       		.uleb128 0x7
 7883 2c7c 57030000 		.4byte	.LASF389
 7884 2c80 15       		.byte	0x15
 7885 2c81 FF       		.byte	0xff
 7886 2c82 05       		.byte	0x5
 7887 2c83 332C0000 		.4byte	0x2c33
 7888 2c87 32       		.uleb128 0x32
 7889 2c88 BB110000 		.4byte	.LASF390
 7890 2c8c 20       		.byte	0x20
 7891 2c8d 15       		.byte	0x15
 7892 2c8e 0601     		.2byte	0x106
 7893 2c90 12       		.byte	0x12
 7894 2c91 F82C0000 		.4byte	0x2cf8
 7895 2c95 06       		.uleb128 0x6
 7896 2c96 E70E0000 		.4byte	.LASF391
 7897 2c9a 15       		.byte	0x15
 7898 2c9b 0701     		.2byte	0x107
 7899 2c9d 0E       		.byte	0xe
 7900 2c9e AF000000 		.4byte	0xaf
 7901 2ca2 00       		.byte	0
 7902 2ca3 33       		.uleb128 0x33
 7903 2ca4 61706900 		.ascii	"api\000"
 7904 2ca8 15       		.byte	0x15
 7905 2ca9 0801     		.2byte	0x108
 7906 2cab 0E       		.byte	0xe
 7907 2cac AF000000 		.4byte	0xaf
 7908 2cb0 04       		.byte	0x4
 7909 2cb1 06       		.uleb128 0x6
 7910 2cb2 6C190000 		.4byte	.LASF392
 7911 2cb6 15       		.byte	0x15
 7912 2cb7 0901     		.2byte	0x109
 7913 2cb9 0E       		.byte	0xe
 7914 2cba AF000000 		.4byte	0xaf
 7915 2cbe 08       		.byte	0x8
 7916 2cbf 06       		.uleb128 0x6
 7917 2cc0 3B040000 		.4byte	.LASF393
 7918 2cc4 15       		.byte	0x15
 7919 2cc5 0A01     		.2byte	0x10a
ARM GAS  /tmp/ccVOBie3.s 			page 140


 7920 2cc7 0E       		.byte	0xe
 7921 2cc8 9C000000 		.4byte	0x9c
 7922 2ccc 0C       		.byte	0xc
 7923 2ccd 06       		.uleb128 0x6
 7924 2cce 80180000 		.4byte	.LASF394
 7925 2cd2 15       		.byte	0x15
 7926 2cd3 0B01     		.2byte	0x10b
 7927 2cd5 0D       		.byte	0xd
 7928 2cd6 84000000 		.4byte	0x84
 7929 2cda 0E       		.byte	0xe
 7930 2cdb 06       		.uleb128 0x6
 7931 2cdc 7C1A0000 		.4byte	.LASF395
 7932 2ce0 15       		.byte	0x15
 7933 2ce1 0C01     		.2byte	0x10c
 7934 2ce3 0D       		.byte	0xd
 7935 2ce4 84000000 		.4byte	0x84
 7936 2ce8 0F       		.byte	0xf
 7937 2ce9 06       		.uleb128 0x6
 7938 2cea B30F0000 		.4byte	.LASF396
 7939 2cee 15       		.byte	0x15
 7940 2cef 0D01     		.2byte	0x10d
 7941 2cf1 1A       		.byte	0x1a
 7942 2cf2 7B2C0000 		.4byte	0x2c7b
 7943 2cf6 10       		.byte	0x10
 7944 2cf7 00       		.byte	0
 7945 2cf8 2E       		.uleb128 0x2e
 7946 2cf9 12070000 		.4byte	.LASF397
 7947 2cfd 15       		.byte	0x15
 7948 2cfe 0E01     		.2byte	0x10e
 7949 2d00 05       		.byte	0x5
 7950 2d01 872C0000 		.4byte	0x2c87
 7951 2d05 0D       		.uleb128 0xd
 7952 2d06 F82C0000 		.4byte	0x2cf8
 7953 2d0a 32       		.uleb128 0x32
 7954 2d0b 73020000 		.4byte	.LASF398
 7955 2d0f 20       		.byte	0x20
 7956 2d10 15       		.byte	0x15
 7957 2d11 4101     		.2byte	0x141
 7958 2d13 12       		.byte	0x12
 7959 2d14 A02D0000 		.4byte	0x2da0
 7960 2d18 33       		.uleb128 0x33
 7961 2d19 6D696E00 		.ascii	"min\000"
 7962 2d1d 15       		.byte	0x15
 7963 2d1e 4201     		.2byte	0x142
 7964 2d20 0D       		.byte	0xd
 7965 2d21 46000000 		.4byte	0x46
 7966 2d25 00       		.byte	0
 7967 2d26 33       		.uleb128 0x33
 7968 2d27 6D617800 		.ascii	"max\000"
 7969 2d2b 15       		.byte	0x15
 7970 2d2c 4301     		.2byte	0x143
 7971 2d2e 0D       		.byte	0xd
 7972 2d2f 46000000 		.4byte	0x46
 7973 2d33 02       		.byte	0x2
 7974 2d34 06       		.uleb128 0x6
 7975 2d35 930A0000 		.4byte	.LASF399
 7976 2d39 15       		.byte	0x15
ARM GAS  /tmp/ccVOBie3.s 			page 141


 7977 2d3a 4401     		.2byte	0x144
 7978 2d3c 0D       		.byte	0xd
 7979 2d3d 46000000 		.4byte	0x46
 7980 2d41 04       		.byte	0x4
 7981 2d42 06       		.uleb128 0x6
 7982 2d43 FE180000 		.4byte	.LASF400
 7983 2d47 15       		.byte	0x15
 7984 2d48 4501     		.2byte	0x145
 7985 2d4a 0D       		.byte	0xd
 7986 2d4b 46000000 		.4byte	0x46
 7987 2d4f 06       		.byte	0x6
 7988 2d50 06       		.uleb128 0x6
 7989 2d51 29030000 		.4byte	.LASF401
 7990 2d55 15       		.byte	0x15
 7991 2d56 4601     		.2byte	0x146
 7992 2d58 0D       		.byte	0xd
 7993 2d59 84000000 		.4byte	0x84
 7994 2d5d 08       		.byte	0x8
 7995 2d5e 3B       		.uleb128 0x3b
 7996 2d5f 57190000 		.4byte	.LASF402
 7997 2d63 15       		.byte	0x15
 7998 2d64 4701     		.2byte	0x147
 7999 2d66 0D       		.byte	0xd
 8000 2d67 84000000 		.4byte	0x84
 8001 2d6b 01       		.byte	0x1
 8002 2d6c 04       		.byte	0x4
 8003 2d6d 04       		.byte	0x4
 8004 2d6e 09       		.byte	0x9
 8005 2d6f 3B       		.uleb128 0x3b
 8006 2d70 03190000 		.4byte	.LASF403
 8007 2d74 15       		.byte	0x15
 8008 2d75 4801     		.2byte	0x148
 8009 2d77 0D       		.byte	0xd
 8010 2d78 84000000 		.4byte	0x84
 8011 2d7c 01       		.byte	0x1
 8012 2d7d 01       		.byte	0x1
 8013 2d7e 03       		.byte	0x3
 8014 2d7f 09       		.byte	0x9
 8015 2d80 3B       		.uleb128 0x3b
 8016 2d81 641D0000 		.4byte	.LASF404
 8017 2d85 15       		.byte	0x15
 8018 2d86 4901     		.2byte	0x149
 8019 2d88 0D       		.byte	0xd
 8020 2d89 84000000 		.4byte	0x84
 8021 2d8d 01       		.byte	0x1
 8022 2d8e 03       		.byte	0x3
 8023 2d8f 00       		.byte	0
 8024 2d90 09       		.byte	0x9
 8025 2d91 06       		.uleb128 0x6
 8026 2d92 09090000 		.4byte	.LASF405
 8027 2d96 15       		.byte	0x15
 8028 2d97 4A01     		.2byte	0x14a
 8029 2d99 0D       		.byte	0xd
 8030 2d9a A02D0000 		.4byte	0x2da0
 8031 2d9e 0A       		.byte	0xa
 8032 2d9f 00       		.byte	0
 8033 2da0 0B       		.uleb128 0xb
ARM GAS  /tmp/ccVOBie3.s 			page 142


 8034 2da1 A71C0000 		.4byte	0x1ca7
 8035 2da5 B02D0000 		.4byte	0x2db0
 8036 2da9 0E       		.uleb128 0xe
 8037 2daa 7B010000 		.4byte	0x17b
 8038 2dae 15       		.byte	0x15
 8039 2daf 00       		.byte	0
 8040 2db0 2E       		.uleb128 0x2e
 8041 2db1 711F0000 		.4byte	.LASF406
 8042 2db5 15       		.byte	0x15
 8043 2db6 4B01     		.2byte	0x14b
 8044 2db8 05       		.byte	0x5
 8045 2db9 0A2D0000 		.4byte	0x2d0a
 8046 2dbd 08       		.uleb128 0x8
 8047 2dbe 04       		.byte	0x4
 8048 2dbf 052D0000 		.4byte	0x2d05
 8049 2dc3 08       		.uleb128 0x8
 8050 2dc4 04       		.byte	0x4
 8051 2dc5 AD150000 		.4byte	0x15ad
 8052 2dc9 0D       		.uleb128 0xd
 8053 2dca C32D0000 		.4byte	0x2dc3
 8054 2dce 49       		.uleb128 0x49
 8055 2dcf 6C1E0000 		.4byte	.LASF407
 8056 2dd3 3801     		.2byte	0x138
 8057 2dd5 15       		.byte	0x15
 8058 2dd6 D401     		.2byte	0x1d4
 8059 2dd8 12       		.byte	0x12
 8060 2dd9 782E0000 		.4byte	0x2e78
 8061 2ddd 06       		.uleb128 0x6
 8062 2dde F9170000 		.4byte	.LASF408
 8063 2de2 15       		.byte	0x15
 8064 2de3 D501     		.2byte	0x1d5
 8065 2de5 0E       		.byte	0xe
 8066 2de6 AF000000 		.4byte	0xaf
 8067 2dea 00       		.byte	0
 8068 2deb 06       		.uleb128 0x6
 8069 2dec E70E0000 		.4byte	.LASF391
 8070 2df0 15       		.byte	0x15
 8071 2df1 D601     		.2byte	0x1d6
 8072 2df3 0E       		.byte	0xe
 8073 2df4 AF000000 		.4byte	0xaf
 8074 2df8 04       		.byte	0x4
 8075 2df9 33       		.uleb128 0x33
 8076 2dfa 61706900 		.ascii	"api\000"
 8077 2dfe 15       		.byte	0x15
 8078 2dff D701     		.2byte	0x1d7
 8079 2e01 0E       		.byte	0xe
 8080 2e02 AF000000 		.4byte	0xaf
 8081 2e06 08       		.byte	0x8
 8082 2e07 06       		.uleb128 0x6
 8083 2e08 E31B0000 		.4byte	.LASF409
 8084 2e0c 15       		.byte	0x15
 8085 2e0d D801     		.2byte	0x1d8
 8086 2e0f 0E       		.byte	0xe
 8087 2e10 AF000000 		.4byte	0xaf
 8088 2e14 0C       		.byte	0xc
 8089 2e15 06       		.uleb128 0x6
 8090 2e16 871C0000 		.4byte	.LASF410
ARM GAS  /tmp/ccVOBie3.s 			page 143


 8091 2e1a 15       		.byte	0x15
 8092 2e1b D901     		.2byte	0x1d9
 8093 2e1d 0E       		.byte	0xe
 8094 2e1e AF000000 		.4byte	0xaf
 8095 2e22 10       		.byte	0x10
 8096 2e23 06       		.uleb128 0x6
 8097 2e24 24180000 		.4byte	.LASF411
 8098 2e28 15       		.byte	0x15
 8099 2e29 DA01     		.2byte	0x1da
 8100 2e2b 0E       		.byte	0xe
 8101 2e2c AF000000 		.4byte	0xaf
 8102 2e30 14       		.byte	0x14
 8103 2e31 06       		.uleb128 0x6
 8104 2e32 09090000 		.4byte	.LASF405
 8105 2e36 15       		.byte	0x15
 8106 2e37 DB01     		.2byte	0x1db
 8107 2e39 0E       		.byte	0xe
 8108 2e3a 782E0000 		.4byte	0x2e78
 8109 2e3e 18       		.byte	0x18
 8110 2e3f 06       		.uleb128 0x6
 8111 2e40 970C0000 		.4byte	.LASF412
 8112 2e44 15       		.byte	0x15
 8113 2e45 DC01     		.2byte	0x1dc
 8114 2e47 0E       		.byte	0xe
 8115 2e48 AF000000 		.4byte	0xaf
 8116 2e4c 2C       		.byte	0x2c
 8117 2e4d 06       		.uleb128 0x6
 8118 2e4e A10C0000 		.4byte	.LASF413
 8119 2e52 15       		.byte	0x15
 8120 2e53 DD01     		.2byte	0x1dd
 8121 2e55 0E       		.byte	0xe
 8122 2e56 AF000000 		.4byte	0xaf
 8123 2e5a 30       		.byte	0x30
 8124 2e5b 06       		.uleb128 0x6
 8125 2e5c 7D0C0000 		.4byte	.LASF414
 8126 2e60 15       		.byte	0x15
 8127 2e61 DE01     		.2byte	0x1de
 8128 2e63 0E       		.byte	0xe
 8129 2e64 AF000000 		.4byte	0xaf
 8130 2e68 34       		.byte	0x34
 8131 2e69 06       		.uleb128 0x6
 8132 2e6a C1160000 		.4byte	.LASF415
 8133 2e6e 15       		.byte	0x15
 8134 2e6f DF01     		.2byte	0x1df
 8135 2e71 12       		.byte	0x12
 8136 2e72 882E0000 		.4byte	0x2e88
 8137 2e76 38       		.byte	0x38
 8138 2e77 00       		.byte	0
 8139 2e78 0B       		.uleb128 0xb
 8140 2e79 A71C0000 		.4byte	0x1ca7
 8141 2e7d 882E0000 		.4byte	0x2e88
 8142 2e81 0E       		.uleb128 0xe
 8143 2e82 7B010000 		.4byte	0x17b
 8144 2e86 13       		.byte	0x13
 8145 2e87 00       		.byte	0
 8146 2e88 0B       		.uleb128 0xb
 8147 2e89 B02D0000 		.4byte	0x2db0
ARM GAS  /tmp/ccVOBie3.s 			page 144


 8148 2e8d 982E0000 		.4byte	0x2e98
 8149 2e91 0E       		.uleb128 0xe
 8150 2e92 7B010000 		.4byte	0x17b
 8151 2e96 07       		.byte	0x7
 8152 2e97 00       		.byte	0
 8153 2e98 2E       		.uleb128 0x2e
 8154 2e99 2B1A0000 		.4byte	.LASF416
 8155 2e9d 15       		.byte	0x15
 8156 2e9e E001     		.2byte	0x1e0
 8157 2ea0 05       		.byte	0x5
 8158 2ea1 CE2D0000 		.4byte	0x2dce
 8159 2ea5 68       		.uleb128 0x68
 8160 2ea6 05       		.byte	0x5
 8161 2ea7 01       		.byte	0x1
 8162 2ea8 3F000000 		.4byte	0x3f
 8163 2eac 15       		.byte	0x15
 8164 2ead E401     		.2byte	0x1e4
 8165 2eaf 08       		.byte	0x8
 8166 2eb0 DF2E0000 		.4byte	0x2edf
 8167 2eb4 69       		.uleb128 0x69
 8168 2eb5 2E100000 		.4byte	.LASF417
 8169 2eb9 00       		.byte	0
 8170 2eba 2A       		.uleb128 0x2a
 8171 2ebb 16040000 		.4byte	.LASF418
 8172 2ebf 7F       		.sleb128 -1
 8173 2ec0 2A       		.uleb128 0x2a
 8174 2ec1 3B020000 		.4byte	.LASF419
 8175 2ec5 7E       		.sleb128 -2
 8176 2ec6 2A       		.uleb128 0x2a
 8177 2ec7 FA110000 		.4byte	.LASF420
 8178 2ecb 7C       		.sleb128 -4
 8179 2ecc 2A       		.uleb128 0x2a
 8180 2ecd CB000000 		.4byte	.LASF421
 8181 2ed1 78       		.sleb128 -8
 8182 2ed2 2A       		.uleb128 0x2a
 8183 2ed3 46180000 		.4byte	.LASF422
 8184 2ed7 70       		.sleb128 -16
 8185 2ed8 2A       		.uleb128 0x2a
 8186 2ed9 8F1C0000 		.4byte	.LASF423
 8187 2edd 60       		.sleb128 -32
 8188 2ede 00       		.byte	0
 8189 2edf 1C       		.uleb128 0x1c
 8190 2ee0 18080000 		.4byte	.LASF424
 8191 2ee4 16       		.byte	0x16
 8192 2ee5 47       		.byte	0x47
 8193 2ee6 19       		.byte	0x19
 8194 2ee7 BB000000 		.4byte	0xbb
 8195 2eeb 1C       		.uleb128 0x1c
 8196 2eec 670E0000 		.4byte	.LASF425
 8197 2ef0 16       		.byte	0x16
 8198 2ef1 4C       		.byte	0x4c
 8199 2ef2 19       		.byte	0x19
 8200 2ef3 BB000000 		.4byte	0xbb
 8201 2ef7 0B       		.uleb128 0xb
 8202 2ef8 AD150000 		.4byte	0x15ad
 8203 2efc 072F0000 		.4byte	0x2f07
 8204 2f00 0E       		.uleb128 0xe
ARM GAS  /tmp/ccVOBie3.s 			page 145


 8205 2f01 7B010000 		.4byte	0x17b
 8206 2f05 97       		.byte	0x97
 8207 2f06 00       		.byte	0
 8208 2f07 0D       		.uleb128 0xd
 8209 2f08 F72E0000 		.4byte	0x2ef7
 8210 2f0c 1C       		.uleb128 0x1c
 8211 2f0d 4D040000 		.4byte	.LASF426
 8212 2f11 16       		.byte	0x16
 8213 2f12 65       		.byte	0x65
 8214 2f13 16       		.byte	0x16
 8215 2f14 072F0000 		.4byte	0x2f07
 8216 2f18 0B       		.uleb128 0xb
 8217 2f19 AD150000 		.4byte	0x15ad
 8218 2f1d 282F0000 		.4byte	0x2f28
 8219 2f21 0E       		.uleb128 0xe
 8220 2f22 7B010000 		.4byte	0x17b
 8221 2f26 80       		.byte	0x80
 8222 2f27 00       		.byte	0
 8223 2f28 0D       		.uleb128 0xd
 8224 2f29 182F0000 		.4byte	0x2f18
 8225 2f2d 1C       		.uleb128 0x1c
 8226 2f2e 210D0000 		.4byte	.LASF427
 8227 2f32 16       		.byte	0x16
 8228 2f33 92       		.byte	0x92
 8229 2f34 16       		.byte	0x16
 8230 2f35 282F0000 		.4byte	0x2f28
 8231 2f39 0B       		.uleb128 0xb
 8232 2f3a 90000000 		.4byte	0x90
 8233 2f3e 492F0000 		.4byte	0x2f49
 8234 2f42 0E       		.uleb128 0xe
 8235 2f43 7B010000 		.4byte	0x17b
 8236 2f47 06       		.byte	0x6
 8237 2f48 00       		.byte	0
 8238 2f49 0D       		.uleb128 0xd
 8239 2f4a 392F0000 		.4byte	0x2f39
 8240 2f4e 1C       		.uleb128 0x1c
 8241 2f4f F81E0000 		.4byte	.LASF428
 8242 2f53 16       		.byte	0x16
 8243 2f54 C3       		.byte	0xc3
 8244 2f55 18       		.byte	0x18
 8245 2f56 492F0000 		.4byte	0x2f49
 8246 2f5a 0B       		.uleb128 0xb
 8247 2f5b AD150000 		.4byte	0x15ad
 8248 2f5f 6B2F0000 		.4byte	0x2f6b
 8249 2f63 3C       		.uleb128 0x3c
 8250 2f64 7B010000 		.4byte	0x17b
 8251 2f68 8603     		.2byte	0x386
 8252 2f6a 00       		.byte	0
 8253 2f6b 0D       		.uleb128 0xd
 8254 2f6c 5A2F0000 		.4byte	0x2f5a
 8255 2f70 1C       		.uleb128 0x1c
 8256 2f71 37050000 		.4byte	.LASF429
 8257 2f75 16       		.byte	0x16
 8258 2f76 C4       		.byte	0xc4
 8259 2f77 16       		.byte	0x16
 8260 2f78 6B2F0000 		.4byte	0x2f6b
 8261 2f7c 13       		.uleb128 0x13
ARM GAS  /tmp/ccVOBie3.s 			page 146


 8262 2f7d 38070000 		.4byte	.LASF430
 8263 2f81 16       		.byte	0x16
 8264 2f82 3001     		.2byte	0x130
 8265 2f84 18       		.byte	0x18
 8266 2f85 492F0000 		.4byte	0x2f49
 8267 2f89 13       		.uleb128 0x13
 8268 2f8a A2060000 		.4byte	.LASF431
 8269 2f8e 16       		.byte	0x16
 8270 2f8f 3101     		.2byte	0x131
 8271 2f91 16       		.byte	0x16
 8272 2f92 6B2F0000 		.4byte	0x2f6b
 8273 2f96 13       		.uleb128 0x13
 8274 2f97 2C180000 		.4byte	.LASF432
 8275 2f9b 16       		.byte	0x16
 8276 2f9c 9F01     		.2byte	0x19f
 8277 2f9e 18       		.byte	0x18
 8278 2f9f 492F0000 		.4byte	0x2f49
 8279 2fa3 13       		.uleb128 0x13
 8280 2fa4 321C0000 		.4byte	.LASF433
 8281 2fa8 16       		.byte	0x16
 8282 2fa9 A001     		.2byte	0x1a0
 8283 2fab 16       		.byte	0x16
 8284 2fac 6B2F0000 		.4byte	0x2f6b
 8285 2fb0 0B       		.uleb128 0xb
 8286 2fb1 C92D0000 		.4byte	0x2dc9
 8287 2fb5 C02F0000 		.4byte	0x2fc0
 8288 2fb9 0E       		.uleb128 0xe
 8289 2fba 7B010000 		.4byte	0x17b
 8290 2fbe 0F       		.byte	0xf
 8291 2fbf 00       		.byte	0
 8292 2fc0 0D       		.uleb128 0xd
 8293 2fc1 B02F0000 		.4byte	0x2fb0
 8294 2fc5 13       		.uleb128 0x13
 8295 2fc6 74150000 		.4byte	.LASF434
 8296 2fca 16       		.byte	0x16
 8297 2fcb 0502     		.2byte	0x205
 8298 2fcd 1E       		.byte	0x1e
 8299 2fce C02F0000 		.4byte	0x2fc0
 8300 2fd2 13       		.uleb128 0x13
 8301 2fd3 7B150000 		.4byte	.LASF435
 8302 2fd7 16       		.byte	0x16
 8303 2fd8 0902     		.2byte	0x209
 8304 2fda 1E       		.byte	0x1e
 8305 2fdb C02F0000 		.4byte	0x2fc0
 8306 2fdf 0B       		.uleb128 0xb
 8307 2fe0 C92D0000 		.4byte	0x2dc9
 8308 2fe4 EF2F0000 		.4byte	0x2fef
 8309 2fe8 0E       		.uleb128 0xe
 8310 2fe9 7B010000 		.4byte	0x17b
 8311 2fed 0D       		.byte	0xd
 8312 2fee 00       		.byte	0
 8313 2fef 0D       		.uleb128 0xd
 8314 2ff0 DF2F0000 		.4byte	0x2fdf
 8315 2ff4 13       		.uleb128 0x13
 8316 2ff5 82150000 		.4byte	.LASF436
 8317 2ff9 16       		.byte	0x16
 8318 2ffa 0D02     		.2byte	0x20d
ARM GAS  /tmp/ccVOBie3.s 			page 147


 8319 2ffc 1E       		.byte	0x1e
 8320 2ffd EF2F0000 		.4byte	0x2fef
 8321 3001 0B       		.uleb128 0xb
 8322 3002 C92D0000 		.4byte	0x2dc9
 8323 3006 11300000 		.4byte	0x3011
 8324 300a 0E       		.uleb128 0xe
 8325 300b 7B010000 		.4byte	0x17b
 8326 300f 0C       		.byte	0xc
 8327 3010 00       		.byte	0
 8328 3011 0D       		.uleb128 0xd
 8329 3012 01300000 		.4byte	0x3001
 8330 3016 13       		.uleb128 0x13
 8331 3017 89150000 		.4byte	.LASF437
 8332 301b 16       		.byte	0x16
 8333 301c 1102     		.2byte	0x211
 8334 301e 1E       		.byte	0x1e
 8335 301f 11300000 		.4byte	0x3011
 8336 3023 0B       		.uleb128 0xb
 8337 3024 C92D0000 		.4byte	0x2dc9
 8338 3028 33300000 		.4byte	0x3033
 8339 302c 0E       		.uleb128 0xe
 8340 302d 7B010000 		.4byte	0x17b
 8341 3031 0E       		.byte	0xe
 8342 3032 00       		.byte	0
 8343 3033 0D       		.uleb128 0xd
 8344 3034 23300000 		.4byte	0x3023
 8345 3038 13       		.uleb128 0x13
 8346 3039 90150000 		.4byte	.LASF438
 8347 303d 16       		.byte	0x16
 8348 303e 1502     		.2byte	0x215
 8349 3040 1E       		.byte	0x1e
 8350 3041 33300000 		.4byte	0x3033
 8351 3045 13       		.uleb128 0x13
 8352 3046 97150000 		.4byte	.LASF439
 8353 304a 16       		.byte	0x16
 8354 304b 1902     		.2byte	0x219
 8355 304d 1E       		.byte	0x1e
 8356 304e C02F0000 		.4byte	0x2fc0
 8357 3052 0B       		.uleb128 0xb
 8358 3053 AD150000 		.4byte	0x15ad
 8359 3057 63300000 		.4byte	0x3063
 8360 305b 3C       		.uleb128 0x3c
 8361 305c 7B010000 		.4byte	0x17b
 8362 3060 0001     		.2byte	0x100
 8363 3062 00       		.byte	0
 8364 3063 0D       		.uleb128 0xd
 8365 3064 52300000 		.4byte	0x3052
 8366 3068 13       		.uleb128 0x13
 8367 3069 31130000 		.4byte	.LASF440
 8368 306d 16       		.byte	0x16
 8369 306e 3D02     		.2byte	0x23d
 8370 3070 16       		.byte	0x16
 8371 3071 63300000 		.4byte	0x3063
 8372 3075 13       		.uleb128 0x13
 8373 3076 91120000 		.4byte	.LASF441
 8374 307a 16       		.byte	0x16
 8375 307b 5402     		.2byte	0x254
ARM GAS  /tmp/ccVOBie3.s 			page 148


 8376 307d 16       		.byte	0x16
 8377 307e 63300000 		.4byte	0x3063
 8378 3082 13       		.uleb128 0x13
 8379 3083 C8170000 		.4byte	.LASF442
 8380 3087 16       		.byte	0x16
 8381 3088 6C02     		.2byte	0x26c
 8382 308a 16       		.byte	0x16
 8383 308b 63300000 		.4byte	0x3063
 8384 308f 13       		.uleb128 0x13
 8385 3090 AA120000 		.4byte	.LASF443
 8386 3094 16       		.byte	0x16
 8387 3095 9B02     		.2byte	0x29b
 8388 3097 16       		.byte	0x16
 8389 3098 282F0000 		.4byte	0x2f28
 8390 309c 13       		.uleb128 0x13
 8391 309d C71C0000 		.4byte	.LASF444
 8392 30a1 16       		.byte	0x16
 8393 30a2 B002     		.2byte	0x2b0
 8394 30a4 16       		.byte	0x16
 8395 30a5 282F0000 		.4byte	0x2f28
 8396 30a9 13       		.uleb128 0x13
 8397 30aa 1D090000 		.4byte	.LASF445
 8398 30ae 16       		.byte	0x16
 8399 30af CD02     		.2byte	0x2cd
 8400 30b1 16       		.byte	0x16
 8401 30b2 282F0000 		.4byte	0x2f28
 8402 30b6 1C       		.uleb128 0x1c
 8403 30b7 6C040000 		.4byte	.LASF446
 8404 30bb 17       		.byte	0x17
 8405 30bc 47       		.byte	0x47
 8406 30bd 19       		.byte	0x19
 8407 30be BB000000 		.4byte	0xbb
 8408 30c2 1C       		.uleb128 0x1c
 8409 30c3 DB090000 		.4byte	.LASF447
 8410 30c7 17       		.byte	0x17
 8411 30c8 4C       		.byte	0x4c
 8412 30c9 19       		.byte	0x19
 8413 30ca BB000000 		.4byte	0xbb
 8414 30ce 13       		.uleb128 0x13
 8415 30cf D7060000 		.4byte	.LASF448
 8416 30d3 17       		.byte	0x17
 8417 30d4 0201     		.2byte	0x102
 8418 30d6 16       		.byte	0x16
 8419 30d7 63300000 		.4byte	0x3063
 8420 30db 27       		.uleb128 0x27
 8421 30dc 7E020000 		.4byte	.LASF449
 8422 30e0 08       		.byte	0x8
 8423 30e1 18       		.byte	0x18
 8424 30e2 68       		.byte	0x68
 8425 30e3 12       		.byte	0x12
 8426 30e4 3D310000 		.4byte	0x313d
 8427 30e8 04       		.uleb128 0x4
 8428 30e9 C21E0000 		.4byte	.LASF450
 8429 30ed 18       		.byte	0x18
 8430 30ee 69       		.byte	0x69
 8431 30ef 0D       		.byte	0xd
 8432 30f0 84000000 		.4byte	0x84
ARM GAS  /tmp/ccVOBie3.s 			page 149


 8433 30f4 00       		.byte	0
 8434 30f5 4D       		.uleb128 0x4d
 8435 30f6 0C070000 		.4byte	.LASF451
 8436 30fa 18       		.byte	0x18
 8437 30fb 6A       		.byte	0x6a
 8438 30fc 0D       		.byte	0xd
 8439 30fd 84000000 		.4byte	0x84
 8440 3101 01       		.byte	0x1
 8441 3102 07       		.byte	0x7
 8442 3103 01       		.byte	0x1
 8443 3104 01       		.byte	0x1
 8444 3105 4D       		.uleb128 0x4d
 8445 3106 EE0B0000 		.4byte	.LASF452
 8446 310a 18       		.byte	0x18
 8447 310b 6B       		.byte	0x6b
 8448 310c 0D       		.byte	0xd
 8449 310d 84000000 		.4byte	0x84
 8450 3111 01       		.byte	0x1
 8451 3112 01       		.byte	0x1
 8452 3113 00       		.byte	0
 8453 3114 01       		.byte	0x1
 8454 3115 14       		.uleb128 0x14
 8455 3116 6D696E00 		.ascii	"min\000"
 8456 311a 18       		.byte	0x18
 8457 311b 6C       		.byte	0x6c
 8458 311c 0D       		.byte	0xd
 8459 311d 46000000 		.4byte	0x46
 8460 3121 02       		.byte	0x2
 8461 3122 14       		.uleb128 0x14
 8462 3123 6D617800 		.ascii	"max\000"
 8463 3127 18       		.byte	0x18
 8464 3128 6D       		.byte	0x6d
 8465 3129 0D       		.byte	0xd
 8466 312a 46000000 		.4byte	0x46
 8467 312e 04       		.byte	0x4
 8468 312f 04       		.uleb128 0x4
 8469 3130 8C080000 		.4byte	.LASF453
 8470 3134 18       		.byte	0x18
 8471 3135 6E       		.byte	0x6e
 8472 3136 0D       		.byte	0xd
 8473 3137 46000000 		.4byte	0x46
 8474 313b 06       		.byte	0x6
 8475 313c 00       		.byte	0
 8476 313d 07       		.uleb128 0x7
 8477 313e 65070000 		.4byte	.LASF454
 8478 3142 18       		.byte	0x18
 8479 3143 6F       		.byte	0x6f
 8480 3144 05       		.byte	0x5
 8481 3145 DB300000 		.4byte	0x30db
 8482 3149 38       		.uleb128 0x38
 8483 314a 18100000 		.4byte	.LASF455
 8484 314e 7801     		.2byte	0x178
 8485 3150 18       		.byte	0x18
 8486 3151 73       		.byte	0x73
 8487 3152 12       		.byte	0x12
 8488 3153 73310000 		.4byte	0x3173
 8489 3157 04       		.uleb128 0x4
ARM GAS  /tmp/ccVOBie3.s 			page 150


 8490 3158 550D0000 		.4byte	.LASF456
 8491 315c 18       		.byte	0x18
 8492 315d 74       		.byte	0x74
 8493 315e 13       		.byte	0x13
 8494 315f 982E0000 		.4byte	0x2e98
 8495 3163 00       		.byte	0
 8496 3164 25       		.uleb128 0x25
 8497 3165 9D0F0000 		.4byte	.LASF457
 8498 3169 18       		.byte	0x18
 8499 316a 75       		.byte	0x75
 8500 316b 1F       		.byte	0x1f
 8501 316c 73310000 		.4byte	0x3173
 8502 3170 3801     		.2byte	0x138
 8503 3172 00       		.byte	0
 8504 3173 0B       		.uleb128 0xb
 8505 3174 3D310000 		.4byte	0x313d
 8506 3178 83310000 		.4byte	0x3183
 8507 317c 0E       		.uleb128 0xe
 8508 317d 7B010000 		.4byte	0x17b
 8509 3181 07       		.byte	0x7
 8510 3182 00       		.byte	0
 8511 3183 07       		.uleb128 0x7
 8512 3184 2B190000 		.4byte	.LASF458
 8513 3188 18       		.byte	0x18
 8514 3189 76       		.byte	0x76
 8515 318a 05       		.byte	0x5
 8516 318b 49310000 		.4byte	0x3149
 8517 318f 0D       		.uleb128 0xd
 8518 3190 83310000 		.4byte	0x3183
 8519 3194 1C       		.uleb128 0x1c
 8520 3195 6C1E0000 		.4byte	.LASF407
 8521 3199 18       		.byte	0x18
 8522 319a 79       		.byte	0x79
 8523 319b 28       		.byte	0x28
 8524 319c 8F310000 		.4byte	0x318f
 8525 31a0 09       		.uleb128 0x9
 8526 31a1 AC1A0000 		.4byte	.LASF459
 8527 31a5 13       		.byte	0x13
 8528 31a6 4C       		.byte	0x4c
 8529 31a7 05       		.byte	0x5
 8530 31a8 2C000000 		.4byte	0x2c
 8531 31ac B6310000 		.4byte	0x31b6
 8532 31b0 01       		.uleb128 0x1
 8533 31b1 56180000 		.4byte	0x1856
 8534 31b5 00       		.byte	0
 8535 31b6 09       		.uleb128 0x9
 8536 31b7 11040000 		.4byte	.LASF460
 8537 31bb 13       		.byte	0x13
 8538 31bc 4D       		.byte	0x4d
 8539 31bd 08       		.byte	0x8
 8540 31be A6150000 		.4byte	0x15a6
 8541 31c2 CC310000 		.4byte	0x31cc
 8542 31c6 01       		.uleb128 0x1
 8543 31c7 D71C0000 		.4byte	0x1cd7
 8544 31cb 00       		.byte	0
 8545 31cc 09       		.uleb128 0x9
 8546 31cd 4C030000 		.4byte	.LASF461
ARM GAS  /tmp/ccVOBie3.s 			page 151


 8547 31d1 13       		.byte	0x13
 8548 31d2 51       		.byte	0x51
 8549 31d3 05       		.byte	0x5
 8550 31d4 2C000000 		.4byte	0x2c
 8551 31d8 E2310000 		.4byte	0x31e2
 8552 31dc 01       		.uleb128 0x1
 8553 31dd D71C0000 		.4byte	0x1cd7
 8554 31e1 00       		.byte	0
 8555 31e2 09       		.uleb128 0x9
 8556 31e3 36040000 		.4byte	.LASF462
 8557 31e7 13       		.byte	0x13
 8558 31e8 53       		.byte	0x53
 8559 31e9 06       		.byte	0x6
 8560 31ea 6A000000 		.4byte	0x6a
 8561 31ee F8310000 		.4byte	0x31f8
 8562 31f2 01       		.uleb128 0x1
 8563 31f3 D71C0000 		.4byte	0x1cd7
 8564 31f7 00       		.byte	0
 8565 31f8 09       		.uleb128 0x9
 8566 31f9 33160000 		.4byte	.LASF463
 8567 31fd 13       		.byte	0x13
 8568 31fe 55       		.byte	0x55
 8569 31ff 08       		.byte	0x8
 8570 3200 8F160000 		.4byte	0x168f
 8571 3204 22320000 		.4byte	0x3222
 8572 3208 01       		.uleb128 0x1
 8573 3209 791F0000 		.4byte	0x1f79
 8574 320d 01       		.uleb128 0x1
 8575 320e 791F0000 		.4byte	0x1f79
 8576 3212 01       		.uleb128 0x1
 8577 3213 B2150000 		.4byte	0x15b2
 8578 3217 01       		.uleb128 0x1
 8579 3218 B2150000 		.4byte	0x15b2
 8580 321c 01       		.uleb128 0x1
 8581 321d 531F0000 		.4byte	0x1f53
 8582 3221 00       		.byte	0
 8583 3222 26       		.uleb128 0x26
 8584 3223 64697600 		.ascii	"div\000"
 8585 3227 13       		.byte	0x13
 8586 3228 5C       		.byte	0x5c
 8587 3229 07       		.byte	0x7
 8588 322a DF1E0000 		.4byte	0x1edf
 8589 322e 3D320000 		.4byte	0x323d
 8590 3232 01       		.uleb128 0x1
 8591 3233 2C000000 		.4byte	0x2c
 8592 3237 01       		.uleb128 0x1
 8593 3238 2C000000 		.4byte	0x2c
 8594 323c 00       		.byte	0
 8595 323d 09       		.uleb128 0x9
 8596 323e 550E0000 		.4byte	.LASF464
 8597 3242 13       		.byte	0x13
 8598 3243 5F       		.byte	0x5f
 8599 3244 09       		.byte	0x9
 8600 3245 A11C0000 		.4byte	0x1ca1
 8601 3249 53320000 		.4byte	0x3253
 8602 324d 01       		.uleb128 0x1
 8603 324e D71C0000 		.4byte	0x1cd7
ARM GAS  /tmp/ccVOBie3.s 			page 152


 8604 3252 00       		.byte	0
 8605 3253 09       		.uleb128 0x9
 8606 3254 CF080000 		.4byte	.LASF465
 8607 3258 13       		.byte	0x13
 8608 3259 6B       		.byte	0x6b
 8609 325a 08       		.byte	0x8
 8610 325b 131F0000 		.4byte	0x1f13
 8611 325f 6E320000 		.4byte	0x326e
 8612 3263 01       		.uleb128 0x1
 8613 3264 6A000000 		.4byte	0x6a
 8614 3268 01       		.uleb128 0x1
 8615 3269 6A000000 		.4byte	0x6a
 8616 326d 00       		.byte	0
 8617 326e 09       		.uleb128 0x9
 8618 326f 8D0A0000 		.4byte	.LASF466
 8619 3273 13       		.byte	0x13
 8620 3274 6D       		.byte	0x6d
 8621 3275 05       		.byte	0x5
 8622 3276 2C000000 		.4byte	0x2c
 8623 327a 89320000 		.4byte	0x3289
 8624 327e 01       		.uleb128 0x1
 8625 327f D71C0000 		.4byte	0x1cd7
 8626 3283 01       		.uleb128 0x1
 8627 3284 B2150000 		.4byte	0x15b2
 8628 3288 00       		.byte	0
 8629 3289 09       		.uleb128 0x9
 8630 328a A01C0000 		.4byte	.LASF467
 8631 328e 13       		.byte	0x13
 8632 328f 73       		.byte	0x73
 8633 3290 08       		.byte	0x8
 8634 3291 B2150000 		.4byte	0x15b2
 8635 3295 A9320000 		.4byte	0x32a9
 8636 3299 01       		.uleb128 0x1
 8637 329a A9320000 		.4byte	0x32a9
 8638 329e 01       		.uleb128 0x1
 8639 329f D71C0000 		.4byte	0x1cd7
 8640 32a3 01       		.uleb128 0x1
 8641 32a4 B2150000 		.4byte	0x15b2
 8642 32a8 00       		.byte	0
 8643 32a9 08       		.uleb128 0x8
 8644 32aa 04       		.byte	0x4
 8645 32ab AF320000 		.4byte	0x32af
 8646 32af 16       		.uleb128 0x16
 8647 32b0 04       		.byte	0x4
 8648 32b1 07       		.byte	0x7
 8649 32b2 5D1F0000 		.4byte	.LASF468
 8650 32b6 0D       		.uleb128 0xd
 8651 32b7 AF320000 		.4byte	0x32af
 8652 32bb 09       		.uleb128 0x9
 8653 32bc 85110000 		.4byte	.LASF469
 8654 32c0 13       		.byte	0x13
 8655 32c1 6F       		.byte	0x6f
 8656 32c2 05       		.byte	0x5
 8657 32c3 2C000000 		.4byte	0x2c
 8658 32c7 DB320000 		.4byte	0x32db
 8659 32cb 01       		.uleb128 0x1
 8660 32cc A9320000 		.4byte	0x32a9
ARM GAS  /tmp/ccVOBie3.s 			page 153


 8661 32d0 01       		.uleb128 0x1
 8662 32d1 D71C0000 		.4byte	0x1cd7
 8663 32d5 01       		.uleb128 0x1
 8664 32d6 B2150000 		.4byte	0x15b2
 8665 32da 00       		.byte	0
 8666 32db 4E       		.uleb128 0x4e
 8667 32dc 40150000 		.4byte	.LASF470
 8668 32e0 13       		.byte	0x13
 8669 32e1 8F       		.byte	0x8f
 8670 32e2 06       		.byte	0x6
 8671 32e3 FC320000 		.4byte	0x32fc
 8672 32e7 01       		.uleb128 0x1
 8673 32e8 8F160000 		.4byte	0x168f
 8674 32ec 01       		.uleb128 0x1
 8675 32ed B2150000 		.4byte	0x15b2
 8676 32f1 01       		.uleb128 0x1
 8677 32f2 B2150000 		.4byte	0x15b2
 8678 32f6 01       		.uleb128 0x1
 8679 32f7 531F0000 		.4byte	0x1f53
 8680 32fb 00       		.byte	0
 8681 32fc 6A       		.uleb128 0x6a
 8682 32fd 51050000 		.4byte	.LASF643
 8683 3301 13       		.byte	0x13
 8684 3302 90       		.byte	0x90
 8685 3303 05       		.byte	0x5
 8686 3304 2C000000 		.4byte	0x2c
 8687 3308 4E       		.uleb128 0x4e
 8688 3309 B91B0000 		.4byte	.LASF471
 8689 330d 13       		.byte	0x13
 8690 330e 9F       		.byte	0x9f
 8691 330f 06       		.byte	0x6
 8692 3310 1A330000 		.4byte	0x331a
 8693 3314 01       		.uleb128 0x1
 8694 3315 7B010000 		.4byte	0x17b
 8695 3319 00       		.byte	0
 8696 331a 09       		.uleb128 0x9
 8697 331b CB190000 		.4byte	.LASF472
 8698 331f 13       		.byte	0x13
 8699 3320 A0       		.byte	0xa0
 8700 3321 08       		.byte	0x8
 8701 3322 A6150000 		.4byte	0x15a6
 8702 3326 35330000 		.4byte	0x3335
 8703 332a 01       		.uleb128 0x1
 8704 332b D71C0000 		.4byte	0x1cd7
 8705 332f 01       		.uleb128 0x1
 8706 3330 35330000 		.4byte	0x3335
 8707 3334 00       		.byte	0
 8708 3335 08       		.uleb128 0x8
 8709 3336 04       		.byte	0x4
 8710 3337 A11C0000 		.4byte	0x1ca1
 8711 333b 09       		.uleb128 0x9
 8712 333c ED190000 		.4byte	.LASF473
 8713 3340 13       		.byte	0x13
 8714 3341 AB       		.byte	0xab
 8715 3342 06       		.byte	0x6
 8716 3343 6A000000 		.4byte	0x6a
 8717 3347 5B330000 		.4byte	0x335b
ARM GAS  /tmp/ccVOBie3.s 			page 154


 8718 334b 01       		.uleb128 0x1
 8719 334c D71C0000 		.4byte	0x1cd7
 8720 3350 01       		.uleb128 0x1
 8721 3351 35330000 		.4byte	0x3335
 8722 3355 01       		.uleb128 0x1
 8723 3356 2C000000 		.4byte	0x2c
 8724 335a 00       		.byte	0
 8725 335b 09       		.uleb128 0x9
 8726 335c AB0C0000 		.4byte	.LASF474
 8727 3360 13       		.byte	0x13
 8728 3361 AD       		.byte	0xad
 8729 3362 0F       		.byte	0xf
 8730 3363 C0000000 		.4byte	0xc0
 8731 3367 7B330000 		.4byte	0x337b
 8732 336b 01       		.uleb128 0x1
 8733 336c D71C0000 		.4byte	0x1cd7
 8734 3370 01       		.uleb128 0x1
 8735 3371 35330000 		.4byte	0x3335
 8736 3375 01       		.uleb128 0x1
 8737 3376 2C000000 		.4byte	0x2c
 8738 337a 00       		.byte	0
 8739 337b 09       		.uleb128 0x9
 8740 337c 95060000 		.4byte	.LASF475
 8741 3380 13       		.byte	0x13
 8742 3381 BF       		.byte	0xbf
 8743 3382 05       		.byte	0x5
 8744 3383 2C000000 		.4byte	0x2c
 8745 3387 91330000 		.4byte	0x3391
 8746 338b 01       		.uleb128 0x1
 8747 338c D71C0000 		.4byte	0x1cd7
 8748 3390 00       		.byte	0
 8749 3391 09       		.uleb128 0x9
 8750 3392 940F0000 		.4byte	.LASF476
 8751 3396 13       		.byte	0x13
 8752 3397 75       		.byte	0x75
 8753 3398 08       		.byte	0x8
 8754 3399 B2150000 		.4byte	0x15b2
 8755 339d B1330000 		.4byte	0x33b1
 8756 33a1 01       		.uleb128 0x1
 8757 33a2 A11C0000 		.4byte	0x1ca1
 8758 33a6 01       		.uleb128 0x1
 8759 33a7 B1330000 		.4byte	0x33b1
 8760 33ab 01       		.uleb128 0x1
 8761 33ac B2150000 		.4byte	0x15b2
 8762 33b0 00       		.byte	0
 8763 33b1 08       		.uleb128 0x8
 8764 33b2 04       		.byte	0x4
 8765 33b3 B6320000 		.4byte	0x32b6
 8766 33b7 09       		.uleb128 0x9
 8767 33b8 F9040000 		.4byte	.LASF477
 8768 33bc 13       		.byte	0x13
 8769 33bd 71       		.byte	0x71
 8770 33be 05       		.byte	0x5
 8771 33bf 2C000000 		.4byte	0x2c
 8772 33c3 D2330000 		.4byte	0x33d2
 8773 33c7 01       		.uleb128 0x1
 8774 33c8 A11C0000 		.4byte	0x1ca1
ARM GAS  /tmp/ccVOBie3.s 			page 155


 8775 33cc 01       		.uleb128 0x1
 8776 33cd AF320000 		.4byte	0x32af
 8777 33d1 00       		.byte	0
 8778 33d2 0A       		.uleb128 0xa
 8779 33d3 B1010000 		.4byte	.LASF478
 8780 33d7 13       		.byte	0x13
 8781 33d8 0C01     		.2byte	0x10c
 8782 33da 09       		.byte	0x9
 8783 33db 471F0000 		.4byte	0x1f47
 8784 33df EE330000 		.4byte	0x33ee
 8785 33e3 01       		.uleb128 0x1
 8786 33e4 7D000000 		.4byte	0x7d
 8787 33e8 01       		.uleb128 0x1
 8788 33e9 7D000000 		.4byte	0x7d
 8789 33ed 00       		.byte	0
 8790 33ee 0A       		.uleb128 0xa
 8791 33ef 7D030000 		.4byte	.LASF479
 8792 33f3 13       		.byte	0x13
 8793 33f4 0701     		.2byte	0x107
 8794 33f6 0B       		.byte	0xb
 8795 33f7 7D000000 		.4byte	0x7d
 8796 33fb 05340000 		.4byte	0x3405
 8797 33ff 01       		.uleb128 0x1
 8798 3400 D71C0000 		.4byte	0x1cd7
 8799 3404 00       		.byte	0
 8800 3405 0A       		.uleb128 0xa
 8801 3406 33020000 		.4byte	.LASF480
 8802 340a 13       		.byte	0x13
 8803 340b 0D01     		.2byte	0x10d
 8804 340d 0B       		.byte	0xb
 8805 340e 7D000000 		.4byte	0x7d
 8806 3412 26340000 		.4byte	0x3426
 8807 3416 01       		.uleb128 0x1
 8808 3417 D71C0000 		.4byte	0x1cd7
 8809 341b 01       		.uleb128 0x1
 8810 341c 35330000 		.4byte	0x3335
 8811 3420 01       		.uleb128 0x1
 8812 3421 2C000000 		.4byte	0x2c
 8813 3425 00       		.byte	0
 8814 3426 0A       		.uleb128 0xa
 8815 3427 37150000 		.4byte	.LASF481
 8816 342b 13       		.byte	0x13
 8817 342c 1101     		.2byte	0x111
 8818 342e 14       		.byte	0x14
 8819 342f D3000000 		.4byte	0xd3
 8820 3433 47340000 		.4byte	0x3447
 8821 3437 01       		.uleb128 0x1
 8822 3438 D71C0000 		.4byte	0x1cd7
 8823 343c 01       		.uleb128 0x1
 8824 343d 35330000 		.4byte	0x3335
 8825 3441 01       		.uleb128 0x1
 8826 3442 2C000000 		.4byte	0x2c
 8827 3446 00       		.byte	0
 8828 3447 09       		.uleb128 0x9
 8829 3448 D2190000 		.4byte	.LASF482
 8830 344c 13       		.byte	0x13
 8831 344d A3       		.byte	0xa3
ARM GAS  /tmp/ccVOBie3.s 			page 156


 8832 344e 07       		.byte	0x7
 8833 344f 25000000 		.4byte	0x25
 8834 3453 62340000 		.4byte	0x3462
 8835 3457 01       		.uleb128 0x1
 8836 3458 D71C0000 		.4byte	0x1cd7
 8837 345c 01       		.uleb128 0x1
 8838 345d 35330000 		.4byte	0x3335
 8839 3461 00       		.byte	0
 8840 3462 0A       		.uleb128 0xa
 8841 3463 23190000 		.4byte	.LASF483
 8842 3467 13       		.byte	0x13
 8843 3468 4401     		.2byte	0x144
 8844 346a 14       		.byte	0x14
 8845 346b 9F150000 		.4byte	0x159f
 8846 346f 7E340000 		.4byte	0x347e
 8847 3473 01       		.uleb128 0x1
 8848 3474 D71C0000 		.4byte	0x1cd7
 8849 3478 01       		.uleb128 0x1
 8850 3479 35330000 		.4byte	0x3335
 8851 347d 00       		.byte	0
 8852 347e 0B       		.uleb128 0xb
 8853 347f D71C0000 		.4byte	0x1cd7
 8854 3483 8E340000 		.4byte	0x348e
 8855 3487 0E       		.uleb128 0xe
 8856 3488 7B010000 		.4byte	0x17b
 8857 348c 0A       		.byte	0xa
 8858 348d 00       		.byte	0
 8859 348e 1C       		.uleb128 0x1c
 8860 348f 0F1F0000 		.4byte	.LASF484
 8861 3493 03       		.byte	0x3
 8862 3494 25       		.byte	0x25
 8863 3495 14       		.byte	0x14
 8864 3496 7E340000 		.4byte	0x347e
 8865 349a 4F       		.uleb128 0x4f
 8866 349b 0D180000 		.4byte	.LASF485
 8867 349f 03       		.byte	0x3
 8868 34a0 39       		.byte	0x39
 8869 34a1 19       		.byte	0x19
 8870 34a2 AD150000 		.4byte	0x15ad
 8871 34a6 04       		.byte	0x4
 8872 34a7 00803B47 		.4byte	0x473b8000
 8873 34ab 6B       		.uleb128 0x6b
 8874 34ac 361D0000 		.4byte	.LASF486
 8875 34b0 03       		.byte	0x3
 8876 34b1 3A       		.byte	0x3a
 8877 34b2 19       		.byte	0x19
 8878 34b3 BE150000 		.4byte	0x15be
 8879 34b7 04       		.byte	0x4
 8880 34b8 6C       		.uleb128 0x6c
 8881 34b9 A2120000 		.4byte	.LASF487
 8882 34bd 03       		.byte	0x3
 8883 34be 3B       		.byte	0x3b
 8884 34bf 19       		.byte	0x19
 8885 34c0 BE150000 		.4byte	0x15be
 8886 34c4 00EE0200 		.4byte	0x2ee00
 8887 34c8 6D       		.uleb128 0x6d
 8888 34c9 6B506900 		.ascii	"kPi\000"
ARM GAS  /tmp/ccVOBie3.s 			page 157


 8889 34cd 03       		.byte	0x3
 8890 34ce 3C       		.byte	0x3c
 8891 34cf 19       		.byte	0x19
 8892 34d0 AD150000 		.4byte	0x15ad
 8893 34d4 04       		.byte	0x4
 8894 34d5 DB0F4940 		.4byte	0x40490fdb
 8895 34d9 4F       		.uleb128 0x4f
 8896 34da 281D0000 		.4byte	.LASF488
 8897 34de 03       		.byte	0x3
 8898 34df 3D       		.byte	0x3d
 8899 34e0 19       		.byte	0x19
 8900 34e1 AD150000 		.4byte	0x15ad
 8901 34e5 04       		.byte	0x4
 8902 34e6 DB0FC940 		.4byte	0x40c90fdb
 8903 34ea 50       		.uleb128 0x50
 8904 34eb 8C060000 		.4byte	.LASF489
 8905 34ef 03       		.byte	0x3
 8906 34f0 42       		.byte	0x42
 8907 34f1 16       		.byte	0x16
 8908 34f2 46010000 		.4byte	0x146
 8909 34f6 0004     		.2byte	0x400
 8910 34f8 50       		.uleb128 0x50
 8911 34f9 CE150000 		.4byte	.LASF490
 8912 34fd 03       		.byte	0x3
 8913 34fe 43       		.byte	0x43
 8914 34ff 16       		.byte	0x16
 8915 3500 46010000 		.4byte	0x146
 8916 3504 0004     		.2byte	0x400
 8917 3506 0B       		.uleb128 0xb
 8918 3507 25000000 		.4byte	0x25
 8919 350b 17350000 		.4byte	0x3517
 8920 350f 3C       		.uleb128 0x3c
 8921 3510 7B010000 		.4byte	0x17b
 8922 3514 FF03     		.2byte	0x3ff
 8923 3516 00       		.byte	0
 8924 3517 1C       		.uleb128 0x1c
 8925 3518 B9170000 		.4byte	.LASF491
 8926 351c 03       		.byte	0x3
 8927 351d 44       		.byte	0x44
 8928 351e 0E       		.byte	0xe
 8929 351f 06350000 		.4byte	0x3506
 8930 3523 1C       		.uleb128 0x1c
 8931 3524 82080000 		.4byte	.LASF492
 8932 3528 03       		.byte	0x3
 8933 3529 45       		.byte	0x45
 8934 352a 0E       		.byte	0xe
 8935 352b 06350000 		.4byte	0x3506
 8936 352f 09       		.uleb128 0x9
 8937 3530 87100000 		.4byte	.LASF493
 8938 3534 19       		.byte	0x19
 8939 3535 25       		.byte	0x25
 8940 3536 06       		.byte	0x6
 8941 3537 2C000000 		.4byte	0x2c
 8942 353b 4A350000 		.4byte	0x354a
 8943 353f 01       		.uleb128 0x1
 8944 3540 D71C0000 		.4byte	0x1cd7
 8945 3544 01       		.uleb128 0x1
ARM GAS  /tmp/ccVOBie3.s 			page 158


 8946 3545 D71C0000 		.4byte	0x1cd7
 8947 3549 00       		.byte	0
 8948 354a 09       		.uleb128 0x9
 8949 354b 10120000 		.4byte	.LASF494
 8950 354f 19       		.byte	0x19
 8951 3550 28       		.byte	0x28
 8952 3551 08       		.byte	0x8
 8953 3552 A11C0000 		.4byte	0x1ca1
 8954 3556 60350000 		.4byte	0x3560
 8955 355a 01       		.uleb128 0x1
 8956 355b 2C000000 		.4byte	0x2c
 8957 355f 00       		.byte	0
 8958 3560 09       		.uleb128 0x9
 8959 3561 E6190000 		.4byte	.LASF495
 8960 3565 19       		.byte	0x19
 8961 3566 32       		.byte	0x32
 8962 3567 08       		.byte	0x8
 8963 3568 A11C0000 		.4byte	0x1ca1
 8964 356c 7B350000 		.4byte	0x357b
 8965 3570 01       		.uleb128 0x1
 8966 3571 A11C0000 		.4byte	0x1ca1
 8967 3575 01       		.uleb128 0x1
 8968 3576 D71C0000 		.4byte	0x1cd7
 8969 357a 00       		.byte	0
 8970 357b 09       		.uleb128 0x9
 8971 357c 46100000 		.4byte	.LASF496
 8972 3580 19       		.byte	0x19
 8973 3581 34       		.byte	0x34
 8974 3582 09       		.byte	0x9
 8975 3583 B2150000 		.4byte	0x15b2
 8976 3587 9B350000 		.4byte	0x359b
 8977 358b 01       		.uleb128 0x1
 8978 358c A11C0000 		.4byte	0x1ca1
 8979 3590 01       		.uleb128 0x1
 8980 3591 D71C0000 		.4byte	0x1cd7
 8981 3595 01       		.uleb128 0x1
 8982 3596 B2150000 		.4byte	0x15b2
 8983 359a 00       		.byte	0
 8984 359b 6E       		.uleb128 0x6e
 8985 359c F10D0000 		.4byte	.LASF500
 8986 35a0 0C       		.byte	0xc
 8987 35a1 01       		.byte	0x1
 8988 35a2 0A       		.byte	0xa
 8989 35a3 07       		.byte	0x7
 8990 35a4 BA360000 		.4byte	0x36ba
 8991 35a8 1D       		.uleb128 0x1d
 8992 35a9 F10D0000 		.4byte	.LASF500
 8993 35ad 01       		.byte	0x1
 8994 35ae 0C       		.byte	0xc
 8995 35af 03       		.byte	0x3
 8996 35b0 00100000 		.4byte	.LASF502
 8997 35b4 BF360000 		.4byte	0x36bf
 8998 35b8 01       		.byte	0x1
 8999 35b9 C1350000 		.4byte	0x35c1
 9000 35bd C7350000 		.4byte	0x35c7
 9001 35c1 0C       		.uleb128 0xc
 9002 35c2 BF360000 		.4byte	0x36bf
ARM GAS  /tmp/ccVOBie3.s 			page 159


 9003 35c6 00       		.byte	0
 9004 35c7 19       		.uleb128 0x19
 9005 35c8 FE180000 		.4byte	.LASF400
 9006 35cc 01       		.byte	0x1
 9007 35cd 0E       		.byte	0xe
 9008 35ce 08       		.byte	0x8
 9009 35cf 3B160000 		.4byte	.LASF498
 9010 35d3 01       		.byte	0x1
 9011 35d4 DC350000 		.4byte	0x35dc
 9012 35d8 EC350000 		.4byte	0x35ec
 9013 35dc 0C       		.uleb128 0xc
 9014 35dd BF360000 		.4byte	0x36bf
 9015 35e1 01       		.uleb128 0x1
 9016 35e2 9B220000 		.4byte	0x229b
 9017 35e6 01       		.uleb128 0x1
 9018 35e7 B2150000 		.4byte	0x15b2
 9019 35eb 00       		.byte	0
 9020 35ec 19       		.uleb128 0x19
 9021 35ed 12100000 		.4byte	.LASF497
 9022 35f1 01       		.byte	0x1
 9023 35f2 16       		.byte	0x16
 9024 35f3 08       		.byte	0x8
 9025 35f4 0D190000 		.4byte	.LASF499
 9026 35f8 01       		.byte	0x1
 9027 35f9 01360000 		.4byte	0x3601
 9028 35fd 0C360000 		.4byte	0x360c
 9029 3601 0C       		.uleb128 0xc
 9030 3602 BF360000 		.4byte	0x36bf
 9031 3606 01       		.uleb128 0x1
 9032 3607 25000000 		.4byte	0x25
 9033 360b 00       		.byte	0
 9034 360c 1D       		.uleb128 0x1d
 9035 360d 9D120000 		.4byte	.LASF501
 9036 3611 01       		.byte	0x1
 9037 3612 1C       		.byte	0x1c
 9038 3613 09       		.byte	0x9
 9039 3614 D01D0000 		.4byte	.LASF503
 9040 3618 25000000 		.4byte	0x25
 9041 361c 01       		.byte	0x1
 9042 361d 25360000 		.4byte	0x3625
 9043 3621 30360000 		.4byte	0x3630
 9044 3625 0C       		.uleb128 0xc
 9045 3626 CA360000 		.4byte	0x36ca
 9046 362a 01       		.uleb128 0x1
 9047 362b 25000000 		.4byte	0x25
 9048 362f 00       		.byte	0
 9049 3630 1D       		.uleb128 0x1d
 9050 3631 EF1D0000 		.4byte	.LASF504
 9051 3635 01       		.byte	0x1
 9052 3636 2A       		.byte	0x2a
 9053 3637 09       		.byte	0x9
 9054 3638 EE140000 		.4byte	.LASF505
 9055 363c 25000000 		.4byte	0x25
 9056 3640 01       		.byte	0x1
 9057 3641 49360000 		.4byte	0x3649
 9058 3645 54360000 		.4byte	0x3654
 9059 3649 0C       		.uleb128 0xc
ARM GAS  /tmp/ccVOBie3.s 			page 160


 9060 364a CA360000 		.4byte	0x36ca
 9061 364e 01       		.uleb128 0x1
 9062 364f 25000000 		.4byte	0x25
 9063 3653 00       		.byte	0
 9064 3654 1D       		.uleb128 0x1d
 9065 3655 09170000 		.4byte	.LASF506
 9066 3659 01       		.byte	0x1
 9067 365a 3D       		.byte	0x3d
 9068 365b 0A       		.byte	0xa
 9069 365c 3D0E0000 		.4byte	.LASF507
 9070 3660 B2150000 		.4byte	0x15b2
 9071 3664 01       		.byte	0x1
 9072 3665 6D360000 		.4byte	0x366d
 9073 3669 73360000 		.4byte	0x3673
 9074 366d 0C       		.uleb128 0xc
 9075 366e CA360000 		.4byte	0x36ca
 9076 3672 00       		.byte	0
 9077 3673 1D       		.uleb128 0x1d
 9078 3674 4F140000 		.4byte	.LASF508
 9079 3678 01       		.byte	0x1
 9080 3679 3E       		.byte	0x3e
 9081 367a 0A       		.byte	0xa
 9082 367b 67080000 		.4byte	.LASF509
 9083 367f B2150000 		.4byte	0x15b2
 9084 3683 01       		.byte	0x1
 9085 3684 8C360000 		.4byte	0x368c
 9086 3688 92360000 		.4byte	0x3692
 9087 368c 0C       		.uleb128 0xc
 9088 368d CA360000 		.4byte	0x36ca
 9089 3691 00       		.byte	0
 9090 3692 04       		.uleb128 0x4
 9091 3693 A5160000 		.4byte	.LASF510
 9092 3697 01       		.byte	0x1
 9093 3698 41       		.byte	0x41
 9094 3699 0B       		.byte	0xb
 9095 369a 9B220000 		.4byte	0x229b
 9096 369e 00       		.byte	0
 9097 369f 04       		.uleb128 0x4
 9098 36a0 A91C0000 		.4byte	.LASF511
 9099 36a4 01       		.byte	0x1
 9100 36a5 42       		.byte	0x42
 9101 36a6 0B       		.byte	0xb
 9102 36a7 B2150000 		.4byte	0x15b2
 9103 36ab 04       		.byte	0x4
 9104 36ac 04       		.uleb128 0x4
 9105 36ad 30010000 		.4byte	.LASF300
 9106 36b1 01       		.byte	0x1
 9107 36b2 43       		.byte	0x43
 9108 36b3 0B       		.byte	0xb
 9109 36b4 B2150000 		.4byte	0x15b2
 9110 36b8 08       		.byte	0x8
 9111 36b9 00       		.byte	0
 9112 36ba 0D       		.uleb128 0xd
 9113 36bb 9B350000 		.4byte	0x359b
 9114 36bf 08       		.uleb128 0x8
 9115 36c0 04       		.byte	0x4
 9116 36c1 9B350000 		.4byte	0x359b
ARM GAS  /tmp/ccVOBie3.s 			page 161


 9117 36c5 0D       		.uleb128 0xd
 9118 36c6 BF360000 		.4byte	0x36bf
 9119 36ca 08       		.uleb128 0x8
 9120 36cb 04       		.byte	0x4
 9121 36cc BA360000 		.4byte	0x36ba
 9122 36d0 0D       		.uleb128 0xd
 9123 36d1 CA360000 		.4byte	0x36ca
 9124 36d5 27       		.uleb128 0x27
 9125 36d6 09060000 		.4byte	.LASF512
 9126 36da 1C       		.byte	0x1c
 9127 36db 02       		.byte	0x2
 9128 36dc 1A       		.byte	0x1a
 9129 36dd 08       		.byte	0x8
 9130 36de 3E370000 		.4byte	0x373e
 9131 36e2 14       		.uleb128 0x14
 9132 36e3 706F7300 		.ascii	"pos\000"
 9133 36e7 02       		.byte	0x2
 9134 36e8 1B       		.byte	0x1b
 9135 36e9 09       		.byte	0x9
 9136 36ea 25000000 		.4byte	0x25
 9137 36ee 00       		.byte	0
 9138 36ef 04       		.uleb128 0x4
 9139 36f0 7E1C0000 		.4byte	.LASF513
 9140 36f4 02       		.byte	0x2
 9141 36f5 1C       		.byte	0x1c
 9142 36f6 09       		.byte	0x9
 9143 36f7 25000000 		.4byte	0x25
 9144 36fb 04       		.byte	0x4
 9145 36fc 04       		.uleb128 0x4
 9146 36fd E10C0000 		.4byte	.LASF514
 9147 3701 02       		.byte	0x2
 9148 3702 1D       		.byte	0x1d
 9149 3703 09       		.byte	0x9
 9150 3704 25000000 		.4byte	0x25
 9151 3708 08       		.byte	0x8
 9152 3709 04       		.uleb128 0x4
 9153 370a 26070000 		.4byte	.LASF515
 9154 370e 02       		.byte	0x2
 9155 370f 1E       		.byte	0x1e
 9156 3710 09       		.byte	0x9
 9157 3711 25000000 		.4byte	0x25
 9158 3715 0C       		.byte	0xc
 9159 3716 04       		.uleb128 0x4
 9160 3717 D71A0000 		.4byte	.LASF516
 9161 371b 02       		.byte	0x2
 9162 371c 1F       		.byte	0x1f
 9163 371d 09       		.byte	0x9
 9164 371e 25000000 		.4byte	0x25
 9165 3722 10       		.byte	0x10
 9166 3723 14       		.uleb128 0x14
 9167 3724 61676500 		.ascii	"age\000"
 9168 3728 02       		.byte	0x2
 9169 3729 20       		.byte	0x20
 9170 372a 09       		.byte	0x9
 9171 372b 25000000 		.4byte	0x25
 9172 372f 14       		.byte	0x14
 9173 3730 04       		.uleb128 0x4
ARM GAS  /tmp/ccVOBie3.s 			page 162


 9174 3731 7D0F0000 		.4byte	.LASF517
 9175 3735 02       		.byte	0x2
 9176 3736 21       		.byte	0x21
 9177 3737 09       		.byte	0x9
 9178 3738 08240000 		.4byte	0x2408
 9179 373c 18       		.byte	0x18
 9180 373d 00       		.byte	0
 9181 373e 51       		.uleb128 0x51
 9182 373f BF030000 		.4byte	.LASF518
 9183 3743 0002     		.2byte	0x200
 9184 3745 02       		.byte	0x2
 9185 3746 24       		.byte	0x24
 9186 3747 07       		.byte	0x7
 9187 3748 1B390000 		.4byte	0x391b
 9188 374c 6F       		.uleb128 0x6f
 9189 374d B3140000 		.4byte	.LASF644
 9190 3751 02       		.byte	0x2
 9191 3752 26       		.byte	0x26
 9192 3753 18       		.byte	0x18
 9193 3754 46010000 		.4byte	0x146
 9194 3758 01       		.byte	0x1
 9195 3759 10       		.byte	0x10
 9196 375a 1D       		.uleb128 0x1d
 9197 375b BF030000 		.4byte	.LASF518
 9198 375f 02       		.byte	0x2
 9199 3760 28       		.byte	0x28
 9200 3761 03       		.byte	0x3
 9201 3762 521A0000 		.4byte	.LASF519
 9202 3766 1B390000 		.4byte	0x391b
 9203 376a 01       		.byte	0x1
 9204 376b 73370000 		.4byte	0x3773
 9205 376f 79370000 		.4byte	0x3779
 9206 3773 0C       		.uleb128 0xc
 9207 3774 1B390000 		.4byte	0x391b
 9208 3778 00       		.byte	0
 9209 3779 19       		.uleb128 0x19
 9210 377a FE180000 		.4byte	.LASF400
 9211 377e 02       		.byte	0x2
 9212 377f 2A       		.byte	0x2a
 9213 3780 08       		.byte	0x8
 9214 3781 7E090000 		.4byte	.LASF520
 9215 3785 01       		.byte	0x1
 9216 3786 8E370000 		.4byte	0x378e
 9217 378a A3370000 		.4byte	0x37a3
 9218 378e 0C       		.uleb128 0xc
 9219 378f 1B390000 		.4byte	0x391b
 9220 3793 01       		.uleb128 0x1
 9221 3794 25000000 		.4byte	0x25
 9222 3798 01       		.uleb128 0x1
 9223 3799 9B220000 		.4byte	0x229b
 9224 379d 01       		.uleb128 0x1
 9225 379e 9B220000 		.4byte	0x229b
 9226 37a2 00       		.byte	0
 9227 37a3 19       		.uleb128 0x19
 9228 37a4 7E120000 		.4byte	.LASF521
 9229 37a8 02       		.byte	0x2
 9230 37a9 33       		.byte	0x33
ARM GAS  /tmp/ccVOBie3.s 			page 163


 9231 37aa 08       		.byte	0x8
 9232 37ab B7180000 		.4byte	.LASF522
 9233 37af 01       		.byte	0x1
 9234 37b0 B8370000 		.4byte	0x37b8
 9235 37b4 C3370000 		.4byte	0x37c3
 9236 37b8 0C       		.uleb128 0xc
 9237 37b9 1B390000 		.4byte	0x391b
 9238 37bd 01       		.uleb128 0x1
 9239 37be 2C000000 		.4byte	0x2c
 9240 37c2 00       		.byte	0
 9241 37c3 19       		.uleb128 0x19
 9242 37c4 37010000 		.4byte	.LASF523
 9243 37c8 02       		.byte	0x2
 9244 37c9 53       		.byte	0x53
 9245 37ca 08       		.byte	0x8
 9246 37cb 601B0000 		.4byte	.LASF524
 9247 37cf 01       		.byte	0x1
 9248 37d0 D8370000 		.4byte	0x37d8
 9249 37d4 E3370000 		.4byte	0x37e3
 9250 37d8 0C       		.uleb128 0xc
 9251 37d9 1B390000 		.4byte	0x391b
 9252 37dd 01       		.uleb128 0x1
 9253 37de 25000000 		.4byte	0x25
 9254 37e2 00       		.byte	0
 9255 37e3 19       		.uleb128 0x19
 9256 37e4 FD0C0000 		.4byte	.LASF525
 9257 37e8 02       		.byte	0x2
 9258 37e9 5A       		.byte	0x5a
 9259 37ea 08       		.byte	0x8
 9260 37eb F41A0000 		.4byte	.LASF526
 9261 37ef 01       		.byte	0x1
 9262 37f0 F8370000 		.4byte	0x37f8
 9263 37f4 0D380000 		.4byte	0x380d
 9264 37f8 0C       		.uleb128 0xc
 9265 37f9 1B390000 		.4byte	0x391b
 9266 37fd 01       		.uleb128 0x1
 9267 37fe C32D0000 		.4byte	0x2dc3
 9268 3802 01       		.uleb128 0x1
 9269 3803 9B220000 		.4byte	0x229b
 9270 3807 01       		.uleb128 0x1
 9271 3808 AF000000 		.4byte	0xaf
 9272 380c 00       		.byte	0
 9273 380d 52       		.uleb128 0x52
 9274 380e 67000000 		.4byte	.LASF527
 9275 3812 02       		.byte	0x2
 9276 3813 8B       		.byte	0x8b
 9277 3814 08       		.byte	0x8
 9278 3815 44120000 		.4byte	.LASF528
 9279 3819 21380000 		.4byte	0x3821
 9280 381d 27380000 		.4byte	0x3827
 9281 3821 0C       		.uleb128 0xc
 9282 3822 1B390000 		.4byte	0x391b
 9283 3826 00       		.byte	0
 9284 3827 52       		.uleb128 0x52
 9285 3828 F1070000 		.4byte	.LASF529
 9286 382c 02       		.byte	0x2
 9287 382d 94       		.byte	0x94
ARM GAS  /tmp/ccVOBie3.s 			page 164


 9288 382e 08       		.byte	0x8
 9289 382f 72160000 		.4byte	.LASF530
 9290 3833 3B380000 		.4byte	0x383b
 9291 3837 41380000 		.4byte	0x3841
 9292 383b 0C       		.uleb128 0xc
 9293 383c 1B390000 		.4byte	0x391b
 9294 3840 00       		.byte	0
 9295 3841 70       		.uleb128 0x70
 9296 3842 58180000 		.4byte	.LASF531
 9297 3846 02       		.byte	0x2
 9298 3847 B3       		.byte	0xb3
 9299 3848 07       		.byte	0x7
 9300 3849 E6100000 		.4byte	.LASF532
 9301 384d 2C000000 		.4byte	0x2c
 9302 3851 59380000 		.4byte	0x3859
 9303 3855 5F380000 		.4byte	0x385f
 9304 3859 0C       		.uleb128 0xc
 9305 385a 1B390000 		.4byte	0x391b
 9306 385e 00       		.byte	0
 9307 385f 71       		.uleb128 0x71
 9308 3860 B9120000 		.4byte	.LASF645
 9309 3864 02       		.byte	0x2
 9310 3865 B9       		.byte	0xb9
 9311 3866 10       		.byte	0x10
 9312 3867 441F0000 		.4byte	.LASF646
 9313 386b 25000000 		.4byte	0x25
 9314 386f 14       		.uleb128 0x14
 9315 3870 5F737200 		.ascii	"_sr\000"
 9316 3874 02       		.byte	0x2
 9317 3875 BB       		.byte	0xbb
 9318 3876 0E       		.byte	0xe
 9319 3877 25000000 		.4byte	0x25
 9320 387b 00       		.byte	0
 9321 387c 04       		.uleb128 0x4
 9322 387d 76120000 		.4byte	.LASF533
 9323 3881 02       		.byte	0x2
 9324 3882 BC       		.byte	0xbc
 9325 3883 0E       		.byte	0xe
 9326 3884 2C000000 		.4byte	0x2c
 9327 3888 04       		.byte	0x4
 9328 3889 04       		.uleb128 0x4
 9329 388a AB080000 		.4byte	.LASF534
 9330 388e 02       		.byte	0x2
 9331 388f BD       		.byte	0xbd
 9332 3890 0E       		.byte	0xe
 9333 3891 25000000 		.4byte	0x25
 9334 3895 08       		.byte	0x8
 9335 3896 04       		.uleb128 0x4
 9336 3897 671A0000 		.4byte	.LASF535
 9337 389b 02       		.byte	0x2
 9338 389c BE       		.byte	0xbe
 9339 389d 0E       		.byte	0xe
 9340 389e 25000000 		.4byte	0x25
 9341 38a2 0C       		.byte	0xc
 9342 38a3 04       		.uleb128 0x4
 9343 38a4 6F090000 		.4byte	.LASF536
 9344 38a8 02       		.byte	0x2
ARM GAS  /tmp/ccVOBie3.s 			page 165


 9345 38a9 BF       		.byte	0xbf
 9346 38aa 0E       		.byte	0xe
 9347 38ab 25000000 		.4byte	0x25
 9348 38af 10       		.byte	0x10
 9349 38b0 04       		.uleb128 0x4
 9350 38b1 BD080000 		.4byte	.LASF537
 9351 38b5 02       		.byte	0x2
 9352 38b6 C0       		.byte	0xc0
 9353 38b7 0E       		.byte	0xe
 9354 38b8 25000000 		.4byte	0x25
 9355 38bc 14       		.byte	0x14
 9356 38bd 04       		.uleb128 0x4
 9357 38be A1000000 		.4byte	.LASF538
 9358 38c2 02       		.byte	0x2
 9359 38c3 C0       		.byte	0xc0
 9360 38c4 1C       		.byte	0x1c
 9361 38c5 25000000 		.4byte	0x25
 9362 38c9 18       		.byte	0x18
 9363 38ca 04       		.uleb128 0x4
 9364 38cb 21130000 		.4byte	.LASF539
 9365 38cf 02       		.byte	0x2
 9366 38d0 C1       		.byte	0xc1
 9367 38d1 0E       		.byte	0xe
 9368 38d2 25000000 		.4byte	0x25
 9369 38d6 1C       		.byte	0x1c
 9370 38d7 04       		.uleb128 0x4
 9371 38d8 29130000 		.4byte	.LASF540
 9372 38dc 02       		.byte	0x2
 9373 38dd C1       		.byte	0xc1
 9374 38de 17       		.byte	0x17
 9375 38df 25000000 		.4byte	0x25
 9376 38e3 20       		.byte	0x20
 9377 38e4 04       		.uleb128 0x4
 9378 38e5 EF180000 		.4byte	.LASF541
 9379 38e9 02       		.byte	0x2
 9380 38ea C2       		.byte	0xc2
 9381 38eb 0E       		.byte	0xe
 9382 38ec 25000000 		.4byte	0x25
 9383 38f0 24       		.byte	0x24
 9384 38f1 04       		.uleb128 0x4
 9385 38f2 431A0000 		.4byte	.LASF542
 9386 38f6 02       		.byte	0x2
 9387 38f7 C3       		.byte	0xc3
 9388 38f8 0E       		.byte	0xe
 9389 38f9 26390000 		.4byte	0x3926
 9390 38fd 28       		.byte	0x28
 9391 38fe 25       		.uleb128 0x25
 9392 38ff C8160000 		.4byte	.LASF543
 9393 3903 02       		.byte	0x2
 9394 3904 C4       		.byte	0xc4
 9395 3905 0E       		.byte	0xe
 9396 3906 9B350000 		.4byte	0x359b
 9397 390a E801     		.2byte	0x1e8
 9398 390c 25       		.uleb128 0x25
 9399 390d CF160000 		.4byte	.LASF544
 9400 3911 02       		.byte	0x2
 9401 3912 C4       		.byte	0xc4
ARM GAS  /tmp/ccVOBie3.s 			page 166


 9402 3913 16       		.byte	0x16
 9403 3914 9B350000 		.4byte	0x359b
 9404 3918 F401     		.2byte	0x1f4
 9405 391a 00       		.byte	0
 9406 391b 08       		.uleb128 0x8
 9407 391c 04       		.byte	0x4
 9408 391d 3E370000 		.4byte	0x373e
 9409 3921 0D       		.uleb128 0xd
 9410 3922 1B390000 		.4byte	0x391b
 9411 3926 0B       		.uleb128 0xb
 9412 3927 D5360000 		.4byte	0x36d5
 9413 392b 36390000 		.4byte	0x3936
 9414 392f 0E       		.uleb128 0xe
 9415 3930 7B010000 		.4byte	0x17b
 9416 3934 0F       		.byte	0xf
 9417 3935 00       		.byte	0
 9418 3936 51       		.uleb128 0x51
 9419 3937 6D150000 		.4byte	.LASF545
 9420 393b 0C02     		.2byte	0x20c
 9421 393d 04       		.byte	0x4
 9422 393e 1D       		.byte	0x1d
 9423 393f 07       		.byte	0x7
 9424 3940 743B0000 		.4byte	0x3b74
 9425 3944 1D       		.uleb128 0x1d
 9426 3945 6D150000 		.4byte	.LASF545
 9427 3949 04       		.byte	0x4
 9428 394a 1F       		.byte	0x1f
 9429 394b 03       		.byte	0x3
 9430 394c 92080000 		.4byte	.LASF546
 9431 3950 793B0000 		.4byte	0x3b79
 9432 3954 01       		.byte	0x1
 9433 3955 5D390000 		.4byte	0x395d
 9434 3959 63390000 		.4byte	0x3963
 9435 395d 0C       		.uleb128 0xc
 9436 395e 793B0000 		.4byte	0x3b79
 9437 3962 00       		.byte	0
 9438 3963 1D       		.uleb128 0x1d
 9439 3964 CC090000 		.4byte	.LASF547
 9440 3968 04       		.byte	0x4
 9441 3969 20       		.byte	0x20
 9442 396a 03       		.byte	0x3
 9443 396b E0180000 		.4byte	.LASF548
 9444 396f 8F160000 		.4byte	0x168f
 9445 3973 01       		.byte	0x1
 9446 3974 7C390000 		.4byte	0x397c
 9447 3978 87390000 		.4byte	0x3987
 9448 397c 0C       		.uleb128 0xc
 9449 397d 793B0000 		.4byte	0x3b79
 9450 3981 0C       		.uleb128 0xc
 9451 3982 2C000000 		.4byte	0x2c
 9452 3986 00       		.byte	0
 9453 3987 1D       		.uleb128 0x1d
 9454 3988 33140000 		.4byte	.LASF549
 9455 398c 04       		.byte	0x4
 9456 398d 22       		.byte	0x22
 9457 398e 11       		.byte	0x11
 9458 398f 61100000 		.4byte	.LASF550
ARM GAS  /tmp/ccVOBie3.s 			page 167


 9459 3993 33000000 		.4byte	0x33
 9460 3997 01       		.byte	0x1
 9461 3998 A0390000 		.4byte	0x39a0
 9462 399c AB390000 		.4byte	0x39ab
 9463 39a0 0C       		.uleb128 0xc
 9464 39a1 793B0000 		.4byte	0x3b79
 9465 39a5 01       		.uleb128 0x1
 9466 39a6 BD2D0000 		.4byte	0x2dbd
 9467 39aa 00       		.byte	0
 9468 39ab 19       		.uleb128 0x19
 9469 39ac E61D0000 		.4byte	.LASF551
 9470 39b0 04       		.byte	0x4
 9471 39b1 4A       		.byte	0x4a
 9472 39b2 0F       		.byte	0xf
 9473 39b3 51130000 		.4byte	.LASF552
 9474 39b7 01       		.byte	0x1
 9475 39b8 C0390000 		.4byte	0x39c0
 9476 39bc C6390000 		.4byte	0x39c6
 9477 39c0 0C       		.uleb128 0xc
 9478 39c1 793B0000 		.4byte	0x3b79
 9479 39c5 00       		.byte	0
 9480 39c6 19       		.uleb128 0x19
 9481 39c7 8F100000 		.4byte	.LASF553
 9482 39cb 04       		.byte	0x4
 9483 39cc 4B       		.byte	0x4b
 9484 39cd 0F       		.byte	0xf
 9485 39ce E0120000 		.4byte	.LASF554
 9486 39d2 01       		.byte	0x1
 9487 39d3 DB390000 		.4byte	0x39db
 9488 39d7 E1390000 		.4byte	0x39e1
 9489 39db 0C       		.uleb128 0xc
 9490 39dc 793B0000 		.4byte	0x3b79
 9491 39e0 00       		.byte	0
 9492 39e1 19       		.uleb128 0x19
 9493 39e2 C5060000 		.4byte	.LASF555
 9494 39e6 04       		.byte	0x4
 9495 39e7 4C       		.byte	0x4c
 9496 39e8 0F       		.byte	0xf
 9497 39e9 630C0000 		.4byte	.LASF556
 9498 39ed 01       		.byte	0x1
 9499 39ee F6390000 		.4byte	0x39f6
 9500 39f2 FC390000 		.4byte	0x39fc
 9501 39f6 0C       		.uleb128 0xc
 9502 39f7 793B0000 		.4byte	0x3b79
 9503 39fb 00       		.byte	0
 9504 39fc 19       		.uleb128 0x19
 9505 39fd EC090000 		.4byte	.LASF557
 9506 3a01 04       		.byte	0x4
 9507 3a02 4D       		.byte	0x4d
 9508 3a03 0F       		.byte	0xf
 9509 3a04 8F130000 		.4byte	.LASF558
 9510 3a08 01       		.byte	0x1
 9511 3a09 113A0000 		.4byte	0x3a11
 9512 3a0d 173A0000 		.4byte	0x3a17
 9513 3a11 0C       		.uleb128 0xc
 9514 3a12 793B0000 		.4byte	0x3b79
 9515 3a16 00       		.byte	0
ARM GAS  /tmp/ccVOBie3.s 			page 168


 9516 3a17 19       		.uleb128 0x19
 9517 3a18 4E060000 		.4byte	.LASF559
 9518 3a1c 04       		.byte	0x4
 9519 3a1d 4F       		.byte	0x4f
 9520 3a1e 0F       		.byte	0xf
 9521 3a1f EE0E0000 		.4byte	.LASF560
 9522 3a23 01       		.byte	0x1
 9523 3a24 2C3A0000 		.4byte	0x3a2c
 9524 3a28 413A0000 		.4byte	0x3a41
 9525 3a2c 0C       		.uleb128 0xc
 9526 3a2d 793B0000 		.4byte	0x3b79
 9527 3a31 01       		.uleb128 0x1
 9528 3a32 C32D0000 		.4byte	0x2dc3
 9529 3a36 01       		.uleb128 0x1
 9530 3a37 9B220000 		.4byte	0x229b
 9531 3a3b 01       		.uleb128 0x1
 9532 3a3c AF000000 		.4byte	0xaf
 9533 3a40 00       		.byte	0
 9534 3a41 19       		.uleb128 0x19
 9535 3a42 44050000 		.4byte	.LASF561
 9536 3a46 04       		.byte	0x4
 9537 3a47 5A       		.byte	0x5a
 9538 3a48 0F       		.byte	0xf
 9539 3a49 FB1D0000 		.4byte	.LASF562
 9540 3a4d 01       		.byte	0x1
 9541 3a4e 563A0000 		.4byte	0x3a56
 9542 3a52 663A0000 		.4byte	0x3a66
 9543 3a56 0C       		.uleb128 0xc
 9544 3a57 793B0000 		.4byte	0x3b79
 9545 3a5b 01       		.uleb128 0x1
 9546 3a5c 84000000 		.4byte	0x84
 9547 3a60 01       		.uleb128 0x1
 9548 3a61 59000000 		.4byte	0x59
 9549 3a65 00       		.byte	0
 9550 3a66 1D       		.uleb128 0x1d
 9551 3a67 A11B0000 		.4byte	.LASF563
 9552 3a6b 04       		.byte	0x4
 9553 3a6c 6F       		.byte	0x6f
 9554 3a6d 12       		.byte	0x12
 9555 3a6e B6050000 		.4byte	.LASF564
 9556 3a72 59000000 		.4byte	0x59
 9557 3a76 01       		.byte	0x1
 9558 3a77 7F3A0000 		.4byte	0x3a7f
 9559 3a7b 8A3A0000 		.4byte	0x3a8a
 9560 3a7f 0C       		.uleb128 0xc
 9561 3a80 843B0000 		.4byte	0x3b84
 9562 3a84 01       		.uleb128 0x1
 9563 3a85 84000000 		.4byte	0x84
 9564 3a89 00       		.byte	0
 9565 3a8a 1D       		.uleb128 0x1d
 9566 3a8b 160A0000 		.4byte	.LASF565
 9567 3a8f 04       		.byte	0x4
 9568 3a90 77       		.byte	0x77
 9569 3a91 16       		.byte	0x16
 9570 3a92 B7020000 		.4byte	.LASF566
 9571 3a96 D71C0000 		.4byte	0x1cd7
 9572 3a9a 01       		.byte	0x1
ARM GAS  /tmp/ccVOBie3.s 			page 169


 9573 3a9b A33A0000 		.4byte	0x3aa3
 9574 3a9f B33A0000 		.4byte	0x3ab3
 9575 3aa3 0C       		.uleb128 0xc
 9576 3aa4 843B0000 		.4byte	0x3b84
 9577 3aa8 01       		.uleb128 0x1
 9578 3aa9 84000000 		.4byte	0x84
 9579 3aad 01       		.uleb128 0x1
 9580 3aae 59000000 		.4byte	0x59
 9581 3ab2 00       		.byte	0
 9582 3ab3 19       		.uleb128 0x19
 9583 3ab4 A8030000 		.4byte	.LASF567
 9584 3ab8 04       		.byte	0x4
 9585 3ab9 7F       		.byte	0x7f
 9586 3aba 0F       		.byte	0xf
 9587 3abb D8110000 		.4byte	.LASF568
 9588 3abf 01       		.byte	0x1
 9589 3ac0 C83A0000 		.4byte	0x3ac8
 9590 3ac4 D33A0000 		.4byte	0x3ad3
 9591 3ac8 0C       		.uleb128 0xc
 9592 3ac9 793B0000 		.4byte	0x3b79
 9593 3acd 01       		.uleb128 0x1
 9594 3ace AF000000 		.4byte	0xaf
 9595 3ad2 00       		.byte	0
 9596 3ad3 19       		.uleb128 0x19
 9597 3ad4 D61C0000 		.4byte	.LASF569
 9598 3ad8 04       		.byte	0x4
 9599 3ad9 80       		.byte	0x80
 9600 3ada 0F       		.byte	0xf
 9601 3adb F6020000 		.4byte	.LASF570
 9602 3adf 01       		.byte	0x1
 9603 3ae0 E83A0000 		.4byte	0x3ae8
 9604 3ae4 F33A0000 		.4byte	0x3af3
 9605 3ae8 0C       		.uleb128 0xc
 9606 3ae9 793B0000 		.4byte	0x3b79
 9607 3aed 01       		.uleb128 0x1
 9608 3aee AF000000 		.4byte	0xaf
 9609 3af2 00       		.byte	0
 9610 3af3 19       		.uleb128 0x19
 9611 3af4 871B0000 		.4byte	.LASF571
 9612 3af8 04       		.byte	0x4
 9613 3af9 81       		.byte	0x81
 9614 3afa 0F       		.byte	0xf
 9615 3afb 94180000 		.4byte	.LASF572
 9616 3aff 01       		.byte	0x1
 9617 3b00 083B0000 		.4byte	0x3b08
 9618 3b04 223B0000 		.4byte	0x3b22
 9619 3b08 0C       		.uleb128 0xc
 9620 3b09 793B0000 		.4byte	0x3b79
 9621 3b0d 01       		.uleb128 0x1
 9622 3b0e 84000000 		.4byte	0x84
 9623 3b12 01       		.uleb128 0x1
 9624 3b13 84000000 		.4byte	0x84
 9625 3b17 01       		.uleb128 0x1
 9626 3b18 AF000000 		.4byte	0xaf
 9627 3b1c 01       		.uleb128 0x1
 9628 3b1d AF000000 		.4byte	0xaf
 9629 3b21 00       		.byte	0
ARM GAS  /tmp/ccVOBie3.s 			page 170


 9630 3b22 18       		.uleb128 0x18
 9631 3b23 A4050000 		.4byte	.LASF573
 9632 3b27 04       		.byte	0x4
 9633 3b28 87       		.byte	0x87
 9634 3b29 17       		.byte	0x17
 9635 3b2a B80D0000 		.4byte	.LASF574
 9636 3b2e 25000000 		.4byte	0x25
 9637 3b32 3C3B0000 		.4byte	0x3b3c
 9638 3b36 01       		.uleb128 0x1
 9639 3b37 59000000 		.4byte	0x59
 9640 3b3b 00       		.byte	0
 9641 3b3c 04       		.uleb128 0x4
 9642 3b3d 431A0000 		.4byte	.LASF542
 9643 3b41 04       		.byte	0x4
 9644 3b42 8D       		.byte	0x8d
 9645 3b43 0F       		.byte	0xf
 9646 3b44 3E370000 		.4byte	0x373e
 9647 3b48 00       		.byte	0
 9648 3b49 25       		.uleb128 0x25
 9649 3b4a 76120000 		.4byte	.LASF533
 9650 3b4e 04       		.byte	0x4
 9651 3b4f 8E       		.byte	0x8e
 9652 3b50 0F       		.byte	0xf
 9653 3b51 2C000000 		.4byte	0x2c
 9654 3b55 0002     		.2byte	0x200
 9655 3b57 25       		.uleb128 0x25
 9656 3b58 73030000 		.4byte	.LASF575
 9657 3b5c 04       		.byte	0x4
 9658 3b5d 8F       		.byte	0x8f
 9659 3b5e 0F       		.byte	0xf
 9660 3b5f 08240000 		.4byte	0x2408
 9661 3b63 0402     		.2byte	0x204
 9662 3b65 25       		.uleb128 0x25
 9663 3b66 E51A0000 		.4byte	.LASF576
 9664 3b6a 04       		.byte	0x4
 9665 3b6b 90       		.byte	0x90
 9666 3b6c 0F       		.byte	0xf
 9667 3b6d 59000000 		.4byte	0x59
 9668 3b71 0802     		.2byte	0x208
 9669 3b73 00       		.byte	0
 9670 3b74 0D       		.uleb128 0xd
 9671 3b75 36390000 		.4byte	0x3936
 9672 3b79 08       		.uleb128 0x8
 9673 3b7a 04       		.byte	0x4
 9674 3b7b 36390000 		.4byte	0x3936
 9675 3b7f 0D       		.uleb128 0xd
 9676 3b80 793B0000 		.4byte	0x3b79
 9677 3b84 08       		.uleb128 0x8
 9678 3b85 04       		.byte	0x4
 9679 3b86 743B0000 		.4byte	0x3b74
 9680 3b8a 0D       		.uleb128 0xd
 9681 3b8b 843B0000 		.4byte	0x3b84
 9682 3b8f 72       		.uleb128 0x72
 9683 3b90 BA0E0000 		.4byte	.LASF647
 9684 3b94 04       		.byte	0x4
 9685 3b95 95       		.byte	0x95
 9686 3b96 0F       		.byte	0xf
ARM GAS  /tmp/ccVOBie3.s 			page 171


 9687 3b97 36390000 		.4byte	0x3936
 9688 3b9b 05       		.uleb128 0x5
 9689 3b9c 03       		.byte	0x3
 9690 3b9d 00000000 		.4byte	_ZL17s_effect_instance
 9691 3ba1 73       		.uleb128 0x73
 9692 3ba2 4E090000 		.4byte	.LASF648
 9693 3ba6 74       		.uleb128 0x74
 9694 3ba7 A10D0000 		.4byte	.LASF621
 9695 3bab 00000000 		.4byte	.LFB534
 9696 3baf 38000000 		.4byte	.LFE534-.LFB534
 9697 3bb3 01       		.uleb128 0x1
 9698 3bb4 9C       		.byte	0x9c
 9699 3bb5 943C0000 		.4byte	0x3c94
 9700 3bb9 2B       		.uleb128 0x2b
 9701 3bba 943C0000 		.4byte	0x3c94
 9702 3bbe 00000000 		.4byte	.LBI315
 9703 3bc2 01       		.byte	.LVU658
 9704 3bc3 00000000 		.4byte	.LBB315
 9705 3bc7 2E000000 		.4byte	.LBE315-.LBB315
 9706 3bcb 04       		.byte	0x4
 9707 3bcc B4       		.byte	0xb4
 9708 3bcd 01       		.byte	0x1
 9709 3bce 05       		.uleb128 0x5
 9710 3bcf AA3C0000 		.4byte	0x3caa
 9711 3bd3 02000000 		.4byte	.LLST113
 9712 3bd7 00000000 		.4byte	.LVUS113
 9713 3bdb 05       		.uleb128 0x5
 9714 3bdc 9E3C0000 		.4byte	0x3c9e
 9715 3be0 1A000000 		.4byte	.LLST114
 9716 3be4 18000000 		.4byte	.LVUS114
 9717 3be8 2B       		.uleb128 0x2b
 9718 3be9 943C0000 		.4byte	0x3c94
 9719 3bed 00000000 		.4byte	.LBI316
 9720 3bf1 02       		.byte	.LVU659
 9721 3bf2 00000000 		.4byte	.LBB316
 9722 3bf6 2E000000 		.4byte	.LBE316-.LBB316
 9723 3bfa 04       		.byte	0x4
 9724 3bfb B4       		.byte	0xb4
 9725 3bfc 01       		.byte	0x1
 9726 3bfd 05       		.uleb128 0x5
 9727 3bfe AA3C0000 		.4byte	0x3caa
 9728 3c02 30000000 		.4byte	.LLST115
 9729 3c06 2E000000 		.4byte	.LVUS115
 9730 3c0a 05       		.uleb128 0x5
 9731 3c0b 9E3C0000 		.4byte	0x3c9e
 9732 3c0f 48000000 		.4byte	.LLST116
 9733 3c13 46000000 		.4byte	.LVUS116
 9734 3c17 2B       		.uleb128 0x2b
 9735 3c18 F3450000 		.4byte	0x45f3
 9736 3c1c 00000000 		.4byte	.LBI318
 9737 3c20 03       		.byte	.LVU660
 9738 3c21 00000000 		.4byte	.LBB318
 9739 3c25 2E000000 		.4byte	.LBE318-.LBB318
 9740 3c29 04       		.byte	0x4
 9741 3c2a 95       		.byte	0x95
 9742 3c2b 0F       		.byte	0xf
 9743 3c2c 05       		.uleb128 0x5
ARM GAS  /tmp/ccVOBie3.s 			page 172


 9744 3c2d 01460000 		.4byte	0x4601
 9745 3c31 5E000000 		.4byte	.LLST117
 9746 3c35 5C000000 		.4byte	.LVUS117
 9747 3c39 30       		.uleb128 0x30
 9748 3c3a B74B0000 		.4byte	0x4bb7
 9749 3c3e 00000000 		.4byte	.LBI321
 9750 3c42 04       		.byte	.LVU661
 9751 3c43 58030000 		.4byte	.Ldebug_ranges0+0x358
 9752 3c47 04       		.byte	0x4
 9753 3c48 1F       		.byte	0x1f
 9754 3c49 3E       		.byte	0x3e
 9755 3c4a 05       		.uleb128 0x5
 9756 3c4b C54B0000 		.4byte	0x4bc5
 9757 3c4f 78000000 		.4byte	.LLST118
 9758 3c53 76000000 		.4byte	.LVUS118
 9759 3c57 15       		.uleb128 0x15
 9760 3c58 814D0000 		.4byte	0x4d81
 9761 3c5c 0E000000 		.4byte	.LBI324
 9762 3c60 00       		.byte	.LVU663
 9763 3c61 78030000 		.4byte	.Ldebug_ranges0+0x378
 9764 3c65 02       		.byte	0x2
 9765 3c66 28       		.byte	0x28
 9766 3c67 3C       		.byte	0x3c
 9767 3c68 793C0000 		.4byte	0x3c79
 9768 3c6c 3D       		.uleb128 0x3d
 9769 3c6d 8F4D0000 		.4byte	0x4d8f
 9770 3c71 06       		.uleb128 0x6
 9771 3c72 03       		.byte	0x3
 9772 3c73 E8010000 		.4byte	_ZL17s_effect_instance+488
 9773 3c77 9F       		.byte	0x9f
 9774 3c78 00       		.byte	0
 9775 3c79 75       		.uleb128 0x75
 9776 3c7a 814D0000 		.4byte	0x4d81
 9777 3c7e 1E000000 		.4byte	.LBB328
 9778 3c82 08000000 		.4byte	.LBE328-.LBB328
 9779 3c86 02       		.byte	0x2
 9780 3c87 28       		.byte	0x28
 9781 3c88 3C       		.byte	0x3c
 9782 3c89 23       		.uleb128 0x23
 9783 3c8a 8F4D0000 		.4byte	0x4d8f
 9784 3c8e 00       		.byte	0
 9785 3c8f 00       		.byte	0
 9786 3c90 00       		.byte	0
 9787 3c91 00       		.byte	0
 9788 3c92 00       		.byte	0
 9789 3c93 00       		.byte	0
 9790 3c94 76       		.uleb128 0x76
 9791 3c95 421E0000 		.4byte	.LASF649
 9792 3c99 01       		.byte	0x1
 9793 3c9a B73C0000 		.4byte	0x3cb7
 9794 3c9e 1A       		.uleb128 0x1a
 9795 3c9f CC100000 		.4byte	.LASF577
 9796 3ca3 04       		.byte	0x4
 9797 3ca4 B4       		.byte	0xb4
 9798 3ca5 01       		.byte	0x1
 9799 3ca6 2C000000 		.4byte	0x2c
 9800 3caa 1A       		.uleb128 0x1a
ARM GAS  /tmp/ccVOBie3.s 			page 173


 9801 3cab 5C0E0000 		.4byte	.LASF578
 9802 3caf 04       		.byte	0x4
 9803 3cb0 B4       		.byte	0xb4
 9804 3cb1 01       		.byte	0x1
 9805 3cb2 2C000000 		.4byte	0x2c
 9806 3cb6 00       		.byte	0
 9807 3cb7 3E       		.uleb128 0x3e
 9808 3cb8 43010000 		.4byte	.LASF579
 9809 3cbc 04       		.byte	0x4
 9810 3cbd B2       		.byte	0xb2
 9811 3cbe 16       		.byte	0x16
 9812 3cbf 04020000 		.4byte	.LFB532
 9813 3cc3 02000000 		.4byte	.LFE532-.LFB532
 9814 3cc7 01       		.uleb128 0x1
 9815 3cc8 9C       		.byte	0x9c
 9816 3cc9 013D0000 		.4byte	0x3d01
 9817 3ccd 3F       		.uleb128 0x3f
 9818 3cce 696400   		.ascii	"id\000"
 9819 3cd1 04       		.byte	0x4
 9820 3cd2 B2       		.byte	0xb2
 9821 3cd3 2F       		.byte	0x2f
 9822 3cd4 84000000 		.4byte	0x84
 9823 3cd8 01       		.uleb128 0x1
 9824 3cd9 50       		.byte	0x50
 9825 3cda 53       		.uleb128 0x53
 9826 3cdb DC030000 		.4byte	.LASF580
 9827 3cdf 04       		.byte	0x4
 9828 3ce0 B2       		.byte	0xb2
 9829 3ce1 3B       		.byte	0x3b
 9830 3ce2 84000000 		.4byte	0x84
 9831 3ce6 01       		.uleb128 0x1
 9832 3ce7 51       		.byte	0x51
 9833 3ce8 3F       		.uleb128 0x3f
 9834 3ce9 7800     		.ascii	"x\000"
 9835 3ceb 04       		.byte	0x4
 9836 3cec B2       		.byte	0xb2
 9837 3ced 4B       		.byte	0x4b
 9838 3cee AF000000 		.4byte	0xaf
 9839 3cf2 01       		.uleb128 0x1
 9840 3cf3 52       		.byte	0x52
 9841 3cf4 3F       		.uleb128 0x3f
 9842 3cf5 7900     		.ascii	"y\000"
 9843 3cf7 04       		.byte	0x4
 9844 3cf8 B2       		.byte	0xb2
 9845 3cf9 57       		.byte	0x57
 9846 3cfa AF000000 		.4byte	0xaf
 9847 3cfe 01       		.uleb128 0x1
 9848 3cff 53       		.byte	0x53
 9849 3d00 00       		.byte	0
 9850 3d01 77       		.uleb128 0x77
 9851 3d02 C8130000 		.4byte	.LASF650
 9852 3d06 04       		.byte	0x4
 9853 3d07 AF       		.byte	0xaf
 9854 3d08 16       		.byte	0x16
 9855 3d09 1A3D0000 		.4byte	0x3d1a
 9856 3d0d 1A       		.uleb128 0x1a
 9857 3d0e 41110000 		.4byte	.LASF581
ARM GAS  /tmp/ccVOBie3.s 			page 174


 9858 3d12 04       		.byte	0x4
 9859 3d13 AF       		.byte	0xaf
 9860 3d14 35       		.byte	0x35
 9861 3d15 AF000000 		.4byte	0xaf
 9862 3d19 00       		.byte	0
 9863 3d1a 78       		.uleb128 0x78
 9864 3d1b A4140000 		.4byte	.LASF582
 9865 3d1f 04       		.byte	0x4
 9866 3d20 AC       		.byte	0xac
 9867 3d21 16       		.byte	0x16
 9868 3d22 01       		.byte	0x1
 9869 3d23 343D0000 		.4byte	0x3d34
 9870 3d27 1A       		.uleb128 0x1a
 9871 3d28 E8140000 		.4byte	.LASF583
 9872 3d2c 04       		.byte	0x4
 9873 3d2d AC       		.byte	0xac
 9874 3d2e 2E       		.byte	0x2e
 9875 3d2f AF000000 		.4byte	0xaf
 9876 3d33 00       		.byte	0
 9877 3d34 40       		.uleb128 0x40
 9878 3d35 F0080000 		.4byte	.LASF584
 9879 3d39 04       		.byte	0x4
 9880 3d3a A9       		.byte	0xa9
 9881 3d3b 1D       		.byte	0x1d
 9882 3d3c D71C0000 		.4byte	0x1cd7
 9883 3d40 E0010000 		.4byte	.LFB529
 9884 3d44 20000000 		.4byte	.LFE529-.LFB529
 9885 3d48 01       		.uleb128 0x1
 9886 3d49 9C       		.byte	0x9c
 9887 3d4a B53D0000 		.4byte	0x3db5
 9888 3d4e 28       		.uleb128 0x28
 9889 3d4f 696400   		.ascii	"id\000"
 9890 3d52 04       		.byte	0x4
 9891 3d53 A9       		.byte	0xa9
 9892 3d54 3E       		.byte	0x3e
 9893 3d55 84000000 		.4byte	0x84
 9894 3d59 98000000 		.4byte	.LLST110
 9895 3d5d 90000000 		.4byte	.LVUS110
 9896 3d61 53       		.uleb128 0x53
 9897 3d62 8C080000 		.4byte	.LASF453
 9898 3d66 04       		.byte	0x4
 9899 3d67 A9       		.byte	0xa9
 9900 3d68 4A       		.byte	0x4a
 9901 3d69 59000000 		.4byte	0x59
 9902 3d6d 01       		.uleb128 0x1
 9903 3d6e 51       		.byte	0x51
 9904 3d6f 30       		.uleb128 0x30
 9905 3d70 98410000 		.4byte	0x4198
 9906 3d74 E0010000 		.4byte	.LBI289
 9907 3d78 02       		.byte	.LVU633
 9908 3d79 40030000 		.4byte	.Ldebug_ranges0+0x340
 9909 3d7d 04       		.byte	0x4
 9910 3d7e AA       		.byte	0xaa
 9911 3d7f 30       		.byte	0x30
 9912 3d80 3D       		.uleb128 0x3d
 9913 3d81 A6410000 		.4byte	0x41a6
 9914 3d85 06       		.uleb128 0x6
ARM GAS  /tmp/ccVOBie3.s 			page 175


 9915 3d86 03       		.byte	0x3
 9916 3d87 00000000 		.4byte	_ZL17s_effect_instance
 9917 3d8b 9F       		.byte	0x9f
 9918 3d8c 05       		.uleb128 0x5
 9919 3d8d BA410000 		.4byte	0x41ba
 9920 3d91 D4000000 		.4byte	.LLST111
 9921 3d95 D2000000 		.4byte	.LVUS111
 9922 3d99 05       		.uleb128 0x5
 9923 3d9a AF410000 		.4byte	0x41af
 9924 3d9e EF000000 		.4byte	.LLST112
 9925 3da2 E7000000 		.4byte	.LVUS112
 9926 3da6 79       		.uleb128 0x79
 9927 3da7 C6410000 		.4byte	0x41c6
 9928 3dab E6010000 		.4byte	.LBB292
 9929 3daf 0E000000 		.4byte	.LBE292-.LBB292
 9930 3db3 00       		.byte	0
 9931 3db4 00       		.byte	0
 9932 3db5 40       		.uleb128 0x40
 9933 3db6 1B010000 		.4byte	.LASF585
 9934 3dba 04       		.byte	0x4
 9935 3dbb A6       		.byte	0xa6
 9936 3dbc 19       		.byte	0x19
 9937 3dbd 59000000 		.4byte	0x59
 9938 3dc1 B8010000 		.4byte	.LFB528
 9939 3dc5 28000000 		.4byte	.LFE528-.LFB528
 9940 3dc9 01       		.uleb128 0x1
 9941 3dca 9C       		.byte	0x9c
 9942 3dcb 133E0000 		.4byte	0x3e13
 9943 3dcf 28       		.uleb128 0x28
 9944 3dd0 696400   		.ascii	"id\000"
 9945 3dd3 04       		.byte	0x4
 9946 3dd4 A6       		.byte	0xa6
 9947 3dd5 36       		.byte	0x36
 9948 3dd6 84000000 		.4byte	0x84
 9949 3dda 35010000 		.4byte	.LLST107
 9950 3dde 29010000 		.4byte	.LVUS107
 9951 3de2 2B       		.uleb128 0x2b
 9952 3de3 EF410000 		.4byte	0x41ef
 9953 3de7 B8010000 		.4byte	.LBI283
 9954 3deb 02       		.byte	.LVU619
 9955 3dec B8010000 		.4byte	.LBB283
 9956 3df0 1E000000 		.4byte	.LBE283-.LBB283
 9957 3df4 04       		.byte	0x4
 9958 3df5 A7       		.byte	0xa7
 9959 3df6 2D       		.byte	0x2d
 9960 3df7 05       		.uleb128 0x5
 9961 3df8 06420000 		.4byte	0x4206
 9962 3dfc 92010000 		.4byte	.LLST108
 9963 3e00 88010000 		.4byte	.LVUS108
 9964 3e04 05       		.uleb128 0x5
 9965 3e05 FD410000 		.4byte	0x41fd
 9966 3e09 D9010000 		.4byte	.LLST109
 9967 3e0d D7010000 		.4byte	.LVUS109
 9968 3e11 00       		.byte	0
 9969 3e12 00       		.byte	0
 9970 3e13 3E       		.uleb128 0x3e
 9971 3e14 4F1D0000 		.4byte	.LASF586
ARM GAS  /tmp/ccVOBie3.s 			page 176


 9972 3e18 04       		.byte	0x4
 9973 3e19 A3       		.byte	0xa3
 9974 3e1a 16       		.byte	0x16
 9975 3e1b 5C000000 		.4byte	.LFB527
 9976 3e1f 5C010000 		.4byte	.LFE527-.LFB527
 9977 3e23 01       		.uleb128 0x1
 9978 3e24 9C       		.byte	0x9c
 9979 3e25 7C3F0000 		.4byte	0x3f7c
 9980 3e29 28       		.uleb128 0x28
 9981 3e2a 696400   		.ascii	"id\000"
 9982 3e2d 04       		.byte	0x4
 9983 3e2e A3       		.byte	0xa3
 9984 3e2f 33       		.byte	0x33
 9985 3e30 84000000 		.4byte	0x84
 9986 3e34 FF010000 		.4byte	.LLST92
 9987 3e38 F1010000 		.4byte	.LVUS92
 9988 3e3c 2C       		.uleb128 0x2c
 9989 3e3d 8C080000 		.4byte	.LASF453
 9990 3e41 04       		.byte	0x4
 9991 3e42 A3       		.byte	0xa3
 9992 3e43 3F       		.byte	0x3f
 9993 3e44 59000000 		.4byte	0x59
 9994 3e48 69020000 		.4byte	.LLST93
 9995 3e4c 5D020000 		.4byte	.LVUS93
 9996 3e50 30       		.uleb128 0x30
 9997 3e51 12420000 		.4byte	0x4212
 9998 3e55 5C000000 		.4byte	.LBI251
 9999 3e59 02       		.byte	.LVU502
 10000 3e5a C0020000 		.4byte	.Ldebug_ranges0+0x2c0
 10001 3e5e 04       		.byte	0x4
 10002 3e5f A4       		.byte	0xa4
 10003 3e60 21       		.byte	0x21
 10004 3e61 05       		.uleb128 0x5
 10005 3e62 34420000 		.4byte	0x4234
 10006 3e66 C8020000 		.4byte	.LLST94
 10007 3e6a BC020000 		.4byte	.LVUS94
 10008 3e6e 05       		.uleb128 0x5
 10009 3e6f 29420000 		.4byte	0x4229
 10010 3e73 27030000 		.4byte	.LLST95
 10011 3e77 1B030000 		.4byte	.LVUS95
 10012 3e7b 05       		.uleb128 0x5
 10013 3e7c 20420000 		.4byte	0x4220
 10014 3e80 7D030000 		.4byte	.LLST96
 10015 3e84 77030000 		.4byte	.LVUS96
 10016 3e88 15       		.uleb128 0x15
 10017 3e89 12420000 		.4byte	0x4212
 10018 3e8d 66000000 		.4byte	.LBI253
 10019 3e91 00       		.byte	.LVU508
 10020 3e92 F8020000 		.4byte	.Ldebug_ranges0+0x2f8
 10021 3e96 04       		.byte	0x4
 10022 3e97 5A       		.byte	0x5a
 10023 3e98 0F       		.byte	0xf
 10024 3e99 FE3E0000 		.4byte	0x3efe
 10025 3e9d 05       		.uleb128 0x5
 10026 3e9e 29420000 		.4byte	0x4229
 10027 3ea2 B7030000 		.4byte	.LLST97
 10028 3ea6 B5030000 		.4byte	.LVUS97
ARM GAS  /tmp/ccVOBie3.s 			page 177


 10029 3eaa 05       		.uleb128 0x5
 10030 3eab 34420000 		.4byte	0x4234
 10031 3eaf CF030000 		.4byte	.LLST98
 10032 3eb3 CB030000 		.4byte	.LVUS98
 10033 3eb7 05       		.uleb128 0x5
 10034 3eb8 20420000 		.4byte	0x4220
 10035 3ebc F2030000 		.4byte	.LLST99
 10036 3ec0 F0030000 		.4byte	.LVUS99
 10037 3ec4 2B       		.uleb128 0x2b
 10038 3ec5 4C4B0000 		.4byte	0x4b4c
 10039 3ec9 88000000 		.4byte	.LBI255
 10040 3ecd 00       		.byte	.LVU523
 10041 3ece 88000000 		.4byte	.LBB255
 10042 3ed2 86000000 		.4byte	.LBE255-.LBB255
 10043 3ed6 04       		.byte	0x4
 10044 3ed7 61       		.byte	0x61
 10045 3ed8 1C       		.byte	0x1c
 10046 3ed9 05       		.uleb128 0x5
 10047 3eda 634B0000 		.4byte	0x4b63
 10048 3ede 12040000 		.4byte	.LLST100
 10049 3ee2 0A040000 		.4byte	.LVUS100
 10050 3ee6 05       		.uleb128 0x5
 10051 3ee7 5A4B0000 		.4byte	0x4b5a
 10052 3eeb 74040000 		.4byte	.LLST101
 10053 3eef 72040000 		.4byte	.LVUS101
 10054 3ef3 1E       		.uleb128 0x1e
 10055 3ef4 B6000000 		.4byte	.LVL140
 10056 3ef8 BD460000 		.4byte	0x46bd
 10057 3efc 00       		.byte	0
 10058 3efd 00       		.byte	0
 10059 3efe 15       		.uleb128 0x15
 10060 3eff DE400000 		.4byte	0x40de
 10061 3f03 26010000 		.4byte	.LBI259
 10062 3f07 01       		.byte	.LVU592
 10063 3f08 10030000 		.4byte	.Ldebug_ranges0+0x310
 10064 3f0c 04       		.byte	0x4
 10065 3f0d 67       		.byte	0x67
 10066 3f0e 1C       		.byte	0x1c
 10067 3f0f 413F0000 		.4byte	0x3f41
 10068 3f13 05       		.uleb128 0x5
 10069 3f14 E8400000 		.4byte	0x40e8
 10070 3f18 90040000 		.4byte	.LLST102
 10071 3f1c 8C040000 		.4byte	.LVUS102
 10072 3f20 2D       		.uleb128 0x2d
 10073 3f21 10030000 		.4byte	.Ldebug_ranges0+0x310
 10074 3f25 1F       		.uleb128 0x1f
 10075 3f26 F4400000 		.4byte	0x40f4
 10076 3f2a B6040000 		.4byte	.LLST103
 10077 3f2e AE040000 		.4byte	.LVUS103
 10078 3f32 1F       		.uleb128 0x1f
 10079 3f33 00410000 		.4byte	0x4100
 10080 3f37 1B050000 		.4byte	.LLST104
 10081 3f3b 15050000 		.4byte	.LVUS104
 10082 3f3f 00       		.byte	0
 10083 3f40 00       		.byte	0
 10084 3f41 2B       		.uleb128 0x2b
 10085 3f42 284B0000 		.4byte	0x4b28
ARM GAS  /tmp/ccVOBie3.s 			page 178


 10086 3f46 5E010000 		.4byte	.LBI268
 10087 3f4a 01       		.byte	.LVU604
 10088 3f4b 5E010000 		.4byte	.LBB268
 10089 3f4f 14000000 		.4byte	.LBE268-.LBB268
 10090 3f53 04       		.byte	0x4
 10091 3f54 67       		.byte	0x67
 10092 3f55 1C       		.byte	0x1c
 10093 3f56 05       		.uleb128 0x5
 10094 3f57 3F4B0000 		.4byte	0x4b3f
 10095 3f5b 4F050000 		.4byte	.LLST105
 10096 3f5f 4D050000 		.4byte	.LVUS105
 10097 3f63 05       		.uleb128 0x5
 10098 3f64 364B0000 		.4byte	0x4b36
 10099 3f68 65050000 		.4byte	.LLST106
 10100 3f6c 63050000 		.4byte	.LVUS106
 10101 3f70 1E       		.uleb128 0x1e
 10102 3f71 72010000 		.4byte	.LVL149
 10103 3f75 BD460000 		.4byte	0x46bd
 10104 3f79 00       		.byte	0
 10105 3f7a 00       		.byte	0
 10106 3f7b 00       		.byte	0
 10107 3f7c 3E       		.uleb128 0x3e
 10108 3f7d D11E0000 		.4byte	.LASF587
 10109 3f81 04       		.byte	0x4
 10110 3f82 A0       		.byte	0xa0
 10111 3f83 16       		.byte	0x16
 10112 3f84 1C000000 		.4byte	.LFB526
 10113 3f88 40000000 		.4byte	.LFE526-.LFB526
 10114 3f8c 01       		.uleb128 0x1
 10115 3f8d 9C       		.byte	0x9c
 10116 3f8e 7D400000 		.4byte	0x407d
 10117 3f92 28       		.uleb128 0x28
 10118 3f93 696E00   		.ascii	"in\000"
 10119 3f96 04       		.byte	0x4
 10120 3f97 A0       		.byte	0xa0
 10121 3f98 2F       		.byte	0x2f
 10122 3f99 C32D0000 		.4byte	0x2dc3
 10123 3f9d 87050000 		.4byte	.LLST84
 10124 3fa1 7D050000 		.4byte	.LVUS84
 10125 3fa5 28       		.uleb128 0x28
 10126 3fa6 6F757400 		.ascii	"out\000"
 10127 3faa 04       		.byte	0x4
 10128 3fab A0       		.byte	0xa0
 10129 3fac 3A       		.byte	0x3a
 10130 3fad 9B220000 		.4byte	0x229b
 10131 3fb1 D6050000 		.4byte	.LLST85
 10132 3fb5 CC050000 		.4byte	.LVUS85
 10133 3fb9 2C       		.uleb128 0x2c
 10134 3fba 2E110000 		.4byte	.LASF588
 10135 3fbe 04       		.byte	0x4
 10136 3fbf A0       		.byte	0xa0
 10137 3fc0 48       		.byte	0x48
 10138 3fc1 AF000000 		.4byte	0xaf
 10139 3fc5 21060000 		.4byte	.LLST86
 10140 3fc9 1B060000 		.4byte	.LVUS86
 10141 3fcd 30       		.uleb128 0x30
 10142 3fce 41420000 		.4byte	0x4241
ARM GAS  /tmp/ccVOBie3.s 			page 179


 10143 3fd2 1C000000 		.4byte	.LBI231
 10144 3fd6 02       		.byte	.LVU476
 10145 3fd7 A8020000 		.4byte	.Ldebug_ranges0+0x2a8
 10146 3fdb 04       		.byte	0x4
 10147 3fdc A1       		.byte	0xa1
 10148 3fdd 1C       		.byte	0x1c
 10149 3fde 05       		.uleb128 0x5
 10150 3fdf 6F420000 		.4byte	0x426f
 10151 3fe3 53060000 		.4byte	.LLST87
 10152 3fe7 4D060000 		.4byte	.LVUS87
 10153 3feb 05       		.uleb128 0x5
 10154 3fec 63420000 		.4byte	0x4263
 10155 3ff0 89060000 		.4byte	.LLST88
 10156 3ff4 7F060000 		.4byte	.LVUS88
 10157 3ff8 05       		.uleb128 0x5
 10158 3ff9 58420000 		.4byte	0x4258
 10159 3ffd D8060000 		.4byte	.LLST89
 10160 4001 CE060000 		.4byte	.LVUS89
 10161 4005 05       		.uleb128 0x5
 10162 4006 4F420000 		.4byte	0x424f
 10163 400a 1F070000 		.4byte	.LLST90
 10164 400e 1D070000 		.4byte	.LVUS90
 10165 4012 7A       		.uleb128 0x7a
 10166 4013 41420000 		.4byte	0x4241
 10167 4017 28000000 		.4byte	.LBB233
 10168 401b 22000000 		.4byte	.LBE233-.LBB233
 10169 401f 04       		.byte	0x4
 10170 4020 4F       		.byte	0x4f
 10171 4021 0F       		.byte	0xf
 10172 4022 56400000 		.4byte	0x4056
 10173 4026 23       		.uleb128 0x23
 10174 4027 4F420000 		.4byte	0x424f
 10175 402b 23       		.uleb128 0x23
 10176 402c 6F420000 		.4byte	0x426f
 10177 4030 23       		.uleb128 0x23
 10178 4031 63420000 		.4byte	0x4263
 10179 4035 23       		.uleb128 0x23
 10180 4036 58420000 		.4byte	0x4258
 10181 403a 7B       		.uleb128 0x7b
 10182 403b 7B420000 		.4byte	0x427b
 10183 403f 28000000 		.4byte	.LBB234
 10184 4043 22000000 		.4byte	.LBE234-.LBB234
 10185 4047 1F       		.uleb128 0x1f
 10186 4048 7C420000 		.4byte	0x427c
 10187 404c 3D070000 		.4byte	.LLST91
 10188 4050 37070000 		.4byte	.LVUS91
 10189 4054 00       		.byte	0
 10190 4055 00       		.byte	0
 10191 4056 21       		.uleb128 0x21
 10192 4057 56000000 		.4byte	.LVL131
 10193 405b 09470000 		.4byte	0x4709
 10194 405f 11       		.uleb128 0x11
 10195 4060 01       		.uleb128 0x1
 10196 4061 50       		.byte	0x50
 10197 4062 02       		.uleb128 0x2
 10198 4063 74       		.byte	0x74
 10199 4064 00       		.sleb128 0
ARM GAS  /tmp/ccVOBie3.s 			page 180


 10200 4065 11       		.uleb128 0x11
 10201 4066 01       		.uleb128 0x1
 10202 4067 51       		.byte	0x51
 10203 4068 03       		.uleb128 0x3
 10204 4069 F3       		.byte	0xf3
 10205 406a 01       		.uleb128 0x1
 10206 406b 50       		.byte	0x50
 10207 406c 11       		.uleb128 0x11
 10208 406d 01       		.uleb128 0x1
 10209 406e 52       		.byte	0x52
 10210 406f 03       		.uleb128 0x3
 10211 4070 F3       		.byte	0xf3
 10212 4071 01       		.uleb128 0x1
 10213 4072 51       		.byte	0x51
 10214 4073 11       		.uleb128 0x11
 10215 4074 01       		.uleb128 0x1
 10216 4075 53       		.byte	0x53
 10217 4076 03       		.uleb128 0x3
 10218 4077 F3       		.byte	0xf3
 10219 4078 01       		.uleb128 0x1
 10220 4079 52       		.byte	0x52
 10221 407a 00       		.byte	0
 10222 407b 00       		.byte	0
 10223 407c 00       		.byte	0
 10224 407d 41       		.uleb128 0x41
 10225 407e E4000000 		.4byte	.LASF589
 10226 4082 04       		.byte	0x4
 10227 4083 9F       		.byte	0x9f
 10228 4084 16       		.byte	0x16
 10229 4085 41       		.uleb128 0x41
 10230 4086 6A050000 		.4byte	.LASF590
 10231 408a 04       		.byte	0x4
 10232 408b 9E       		.byte	0x9e
 10233 408c 16       		.byte	0x16
 10234 408d 41       		.uleb128 0x41
 10235 408e CB030000 		.4byte	.LASF591
 10236 4092 04       		.byte	0x4
 10237 4093 9D       		.byte	0x9d
 10238 4094 16       		.byte	0x16
 10239 4095 7C       		.uleb128 0x7c
 10240 4096 2A090000 		.4byte	.LASF651
 10241 409a 04       		.byte	0x4
 10242 409b 9C       		.byte	0x9c
 10243 409c 16       		.byte	0x16
 10244 409d 01       		.byte	0x1
 10245 409e 40       		.uleb128 0x40
 10246 409f 4C170000 		.4byte	.LASF592
 10247 40a3 04       		.byte	0x4
 10248 40a4 99       		.byte	0x99
 10249 40a5 18       		.byte	0x18
 10250 40a6 33000000 		.4byte	0x33
 10251 40aa 00000000 		.4byte	.LFB521
 10252 40ae 14000000 		.4byte	.LFE521-.LFB521
 10253 40b2 01       		.uleb128 0x1
 10254 40b3 9C       		.byte	0x9c
 10255 40b4 DE400000 		.4byte	0x40de
 10256 40b8 2C       		.uleb128 0x2c
ARM GAS  /tmp/ccVOBie3.s 			page 181


 10257 40b9 7B180000 		.4byte	.LASF593
 10258 40bd 04       		.byte	0x4
 10259 40be 99       		.byte	0x99
 10260 40bf 3D       		.byte	0x3d
 10261 40c0 BD2D0000 		.4byte	0x2dbd
 10262 40c4 6E070000 		.4byte	.LLST83
 10263 40c8 68070000 		.4byte	.LVUS83
 10264 40cc 21       		.uleb128 0x21
 10265 40cd 0C000000 		.4byte	.LVL121
 10266 40d1 E8420000 		.4byte	0x42e8
 10267 40d5 11       		.uleb128 0x11
 10268 40d6 01       		.uleb128 0x1
 10269 40d7 51       		.byte	0x51
 10270 40d8 03       		.uleb128 0x3
 10271 40d9 F3       		.byte	0xf3
 10272 40da 01       		.uleb128 0x1
 10273 40db 50       		.byte	0x50
 10274 40dc 00       		.byte	0
 10275 40dd 00       		.byte	0
 10276 40de 7D       		.uleb128 0x7d
 10277 40df 223B0000 		.4byte	0x3b22
 10278 40e3 03       		.byte	0x3
 10279 40e4 0D410000 		.4byte	0x410d
 10280 40e8 0F       		.uleb128 0xf
 10281 40e9 72617700 		.ascii	"raw\000"
 10282 40ed 04       		.byte	0x4
 10283 40ee 87       		.byte	0x87
 10284 40ef 31       		.byte	0x31
 10285 40f0 59000000 		.4byte	0x59
 10286 40f4 34       		.uleb128 0x34
 10287 40f5 B5090000 		.4byte	.LASF594
 10288 40f9 04       		.byte	0x4
 10289 40fa 88       		.byte	0x88
 10290 40fb 11       		.byte	0x11
 10291 40fc AD150000 		.4byte	0x15ad
 10292 4100 34       		.uleb128 0x34
 10293 4101 66180000 		.4byte	.LASF595
 10294 4105 04       		.byte	0x4
 10295 4106 89       		.byte	0x89
 10296 4107 11       		.byte	0x11
 10297 4108 AD150000 		.4byte	0x15ad
 10298 410c 00       		.byte	0
 10299 410d 12       		.uleb128 0x12
 10300 410e F33A0000 		.4byte	0x3af3
 10301 4112 1B410000 		.4byte	0x411b
 10302 4116 03       		.byte	0x3
 10303 4117 50410000 		.4byte	0x4150
 10304 411b 10       		.uleb128 0x10
 10305 411c 780F0000 		.4byte	.LASF596
 10306 4120 7F3B0000 		.4byte	0x3b7f
 10307 4124 0F       		.uleb128 0xf
 10308 4125 696400   		.ascii	"id\000"
 10309 4128 04       		.byte	0x4
 10310 4129 81       		.byte	0x81
 10311 412a 22       		.byte	0x22
 10312 412b 84000000 		.4byte	0x84
 10313 412f 1A       		.uleb128 0x1a
ARM GAS  /tmp/ccVOBie3.s 			page 182


 10314 4130 DC030000 		.4byte	.LASF580
 10315 4134 04       		.byte	0x4
 10316 4135 81       		.byte	0x81
 10317 4136 2E       		.byte	0x2e
 10318 4137 84000000 		.4byte	0x84
 10319 413b 0F       		.uleb128 0xf
 10320 413c 7800     		.ascii	"x\000"
 10321 413e 04       		.byte	0x4
 10322 413f 81       		.byte	0x81
 10323 4140 3E       		.byte	0x3e
 10324 4141 AF000000 		.4byte	0xaf
 10325 4145 0F       		.uleb128 0xf
 10326 4146 7900     		.ascii	"y\000"
 10327 4148 04       		.byte	0x4
 10328 4149 81       		.byte	0x81
 10329 414a 4A       		.byte	0x4a
 10330 414b AF000000 		.4byte	0xaf
 10331 414f 00       		.byte	0
 10332 4150 12       		.uleb128 0x12
 10333 4151 D33A0000 		.4byte	0x3ad3
 10334 4155 5E410000 		.4byte	0x415e
 10335 4159 03       		.byte	0x3
 10336 415a 74410000 		.4byte	0x4174
 10337 415e 10       		.uleb128 0x10
 10338 415f 780F0000 		.4byte	.LASF596
 10339 4163 7F3B0000 		.4byte	0x3b7f
 10340 4167 1A       		.uleb128 0x1a
 10341 4168 41110000 		.4byte	.LASF581
 10342 416c 04       		.byte	0x4
 10343 416d 80       		.byte	0x80
 10344 416e 27       		.byte	0x27
 10345 416f AF000000 		.4byte	0xaf
 10346 4173 00       		.byte	0
 10347 4174 12       		.uleb128 0x12
 10348 4175 B33A0000 		.4byte	0x3ab3
 10349 4179 82410000 		.4byte	0x4182
 10350 417d 03       		.byte	0x3
 10351 417e 98410000 		.4byte	0x4198
 10352 4182 10       		.uleb128 0x10
 10353 4183 780F0000 		.4byte	.LASF596
 10354 4187 7F3B0000 		.4byte	0x3b7f
 10355 418b 1A       		.uleb128 0x1a
 10356 418c E8140000 		.4byte	.LASF583
 10357 4190 04       		.byte	0x4
 10358 4191 7F       		.byte	0x7f
 10359 4192 21       		.byte	0x21
 10360 4193 AF000000 		.4byte	0xaf
 10361 4197 00       		.byte	0
 10362 4198 12       		.uleb128 0x12
 10363 4199 8A3A0000 		.4byte	0x3a8a
 10364 419d A6410000 		.4byte	0x41a6
 10365 41a1 03       		.byte	0x3
 10366 41a2 DF410000 		.4byte	0x41df
 10367 41a6 10       		.uleb128 0x10
 10368 41a7 780F0000 		.4byte	.LASF596
 10369 41ab 8A3B0000 		.4byte	0x3b8a
 10370 41af 0F       		.uleb128 0xf
ARM GAS  /tmp/ccVOBie3.s 			page 183


 10371 41b0 696400   		.ascii	"id\000"
 10372 41b3 04       		.byte	0x4
 10373 41b4 77       		.byte	0x77
 10374 41b5 33       		.byte	0x33
 10375 41b6 84000000 		.4byte	0x84
 10376 41ba 1A       		.uleb128 0x1a
 10377 41bb 8C080000 		.4byte	.LASF453
 10378 41bf 04       		.byte	0x4
 10379 41c0 77       		.byte	0x77
 10380 41c1 3F       		.byte	0x3f
 10381 41c2 59000000 		.4byte	0x59
 10382 41c6 35       		.uleb128 0x35
 10383 41c7 7E       		.uleb128 0x7e
 10384 41c8 B31B0000 		.4byte	.LASF652
 10385 41cc 04       		.byte	0x4
 10386 41cd 79       		.byte	0x79
 10387 41ce 1A       		.byte	0x1a
 10388 41cf 77010000 		.4byte	.LASF653
 10389 41d3 DF410000 		.4byte	0x41df
 10390 41d7 05       		.uleb128 0x5
 10391 41d8 03       		.byte	0x3
 10392 41d9 00000000 		.4byte	_ZZNK6Effect20getParameterStrValueEhlE5names
 10393 41dd 00       		.byte	0
 10394 41de 00       		.byte	0
 10395 41df 0B       		.uleb128 0xb
 10396 41e0 D71C0000 		.4byte	0x1cd7
 10397 41e4 EF410000 		.4byte	0x41ef
 10398 41e8 0E       		.uleb128 0xe
 10399 41e9 7B010000 		.4byte	0x17b
 10400 41ed 04       		.byte	0x4
 10401 41ee 00       		.byte	0
 10402 41ef 12       		.uleb128 0x12
 10403 41f0 663A0000 		.4byte	0x3a66
 10404 41f4 FD410000 		.4byte	0x41fd
 10405 41f8 03       		.byte	0x3
 10406 41f9 12420000 		.4byte	0x4212
 10407 41fd 10       		.uleb128 0x10
 10408 41fe 780F0000 		.4byte	.LASF596
 10409 4202 8A3B0000 		.4byte	0x3b8a
 10410 4206 0F       		.uleb128 0xf
 10411 4207 696400   		.ascii	"id\000"
 10412 420a 04       		.byte	0x4
 10413 420b 6F       		.byte	0x6f
 10414 420c 2C       		.byte	0x2c
 10415 420d 84000000 		.4byte	0x84
 10416 4211 00       		.byte	0
 10417 4212 12       		.uleb128 0x12
 10418 4213 413A0000 		.4byte	0x3a41
 10419 4217 20420000 		.4byte	0x4220
 10420 421b 03       		.byte	0x3
 10421 421c 41420000 		.4byte	0x4241
 10422 4220 10       		.uleb128 0x10
 10423 4221 780F0000 		.4byte	.LASF596
 10424 4225 7F3B0000 		.4byte	0x3b7f
 10425 4229 0F       		.uleb128 0xf
 10426 422a 696400   		.ascii	"id\000"
 10427 422d 04       		.byte	0x4
ARM GAS  /tmp/ccVOBie3.s 			page 184


 10428 422e 5A       		.byte	0x5a
 10429 422f 24       		.byte	0x24
 10430 4230 84000000 		.4byte	0x84
 10431 4234 1A       		.uleb128 0x1a
 10432 4235 8C080000 		.4byte	.LASF453
 10433 4239 04       		.byte	0x4
 10434 423a 5A       		.byte	0x5a
 10435 423b 30       		.byte	0x30
 10436 423c 59000000 		.4byte	0x59
 10437 4240 00       		.byte	0
 10438 4241 12       		.uleb128 0x12
 10439 4242 173A0000 		.4byte	0x3a17
 10440 4246 4F420000 		.4byte	0x424f
 10441 424a 03       		.byte	0x3
 10442 424b 88420000 		.4byte	0x4288
 10443 424f 10       		.uleb128 0x10
 10444 4250 780F0000 		.4byte	.LASF596
 10445 4254 7F3B0000 		.4byte	0x3b7f
 10446 4258 0F       		.uleb128 0xf
 10447 4259 696E00   		.ascii	"in\000"
 10448 425c 04       		.byte	0x4
 10449 425d 4F       		.byte	0x4f
 10450 425e 24       		.byte	0x24
 10451 425f C32D0000 		.4byte	0x2dc3
 10452 4263 0F       		.uleb128 0xf
 10453 4264 6F757400 		.ascii	"out\000"
 10454 4268 04       		.byte	0x4
 10455 4269 4F       		.byte	0x4f
 10456 426a 2F       		.byte	0x2f
 10457 426b 9B220000 		.4byte	0x229b
 10458 426f 1A       		.uleb128 0x1a
 10459 4270 2E110000 		.4byte	.LASF588
 10460 4274 04       		.byte	0x4
 10461 4275 4F       		.byte	0x4f
 10462 4276 3D       		.byte	0x3d
 10463 4277 AF000000 		.4byte	0xaf
 10464 427b 35       		.uleb128 0x35
 10465 427c 24       		.uleb128 0x24
 10466 427d 6600     		.ascii	"f\000"
 10467 427f 04       		.byte	0x4
 10468 4280 51       		.byte	0x51
 10469 4281 15       		.byte	0x15
 10470 4282 AF000000 		.4byte	0xaf
 10471 4286 00       		.byte	0
 10472 4287 00       		.byte	0
 10473 4288 12       		.uleb128 0x12
 10474 4289 FC390000 		.4byte	0x39fc
 10475 428d 96420000 		.4byte	0x4296
 10476 4291 03       		.byte	0x3
 10477 4292 A0420000 		.4byte	0x42a0
 10478 4296 10       		.uleb128 0x10
 10479 4297 780F0000 		.4byte	.LASF596
 10480 429b 7F3B0000 		.4byte	0x3b7f
 10481 429f 00       		.byte	0
 10482 42a0 12       		.uleb128 0x12
 10483 42a1 E1390000 		.4byte	0x39e1
 10484 42a5 AE420000 		.4byte	0x42ae
ARM GAS  /tmp/ccVOBie3.s 			page 185


 10485 42a9 03       		.byte	0x3
 10486 42aa B8420000 		.4byte	0x42b8
 10487 42ae 10       		.uleb128 0x10
 10488 42af 780F0000 		.4byte	.LASF596
 10489 42b3 7F3B0000 		.4byte	0x3b7f
 10490 42b7 00       		.byte	0
 10491 42b8 12       		.uleb128 0x12
 10492 42b9 C6390000 		.4byte	0x39c6
 10493 42bd C6420000 		.4byte	0x42c6
 10494 42c1 03       		.byte	0x3
 10495 42c2 D0420000 		.4byte	0x42d0
 10496 42c6 10       		.uleb128 0x10
 10497 42c7 780F0000 		.4byte	.LASF596
 10498 42cb 7F3B0000 		.4byte	0x3b7f
 10499 42cf 00       		.byte	0
 10500 42d0 12       		.uleb128 0x12
 10501 42d1 AB390000 		.4byte	0x39ab
 10502 42d5 DE420000 		.4byte	0x42de
 10503 42d9 03       		.byte	0x3
 10504 42da E8420000 		.4byte	0x42e8
 10505 42de 10       		.uleb128 0x10
 10506 42df 780F0000 		.4byte	.LASF596
 10507 42e3 7F3B0000 		.4byte	0x3b7f
 10508 42e7 00       		.byte	0
 10509 42e8 36       		.uleb128 0x36
 10510 42e9 87390000 		.4byte	0x3987
 10511 42ed FF420000 		.4byte	0x42ff
 10512 42f1 00000000 		.4byte	.LFB508
 10513 42f5 58010000 		.4byte	.LFE508-.LFB508
 10514 42f9 01       		.uleb128 0x1
 10515 42fa 9C       		.byte	0x9c
 10516 42fb BB450000 		.4byte	0x45bb
 10517 42ff 42       		.uleb128 0x42
 10518 4300 780F0000 		.4byte	.LASF596
 10519 4304 7F3B0000 		.4byte	0x3b7f
 10520 4308 B6070000 		.4byte	.LLST59
 10521 430c 9A070000 		.4byte	.LVUS59
 10522 4310 2C       		.uleb128 0x2c
 10523 4311 7B180000 		.4byte	.LASF593
 10524 4315 04       		.byte	0x4
 10525 4316 22       		.byte	0x22
 10526 4317 31       		.byte	0x31
 10527 4318 BD2D0000 		.4byte	0x2dbd
 10528 431c 66080000 		.4byte	.LLST60
 10529 4320 58080000 		.4byte	.LVUS60
 10530 4324 20       		.uleb128 0x20
 10531 4325 F41B0000 		.4byte	.LASF597
 10532 4329 04       		.byte	0x4
 10533 432a 35       		.byte	0x35
 10534 432b 12       		.byte	0x12
 10535 432c BE150000 		.4byte	0x15be
 10536 4330 C3080000 		.4byte	.LLST61
 10537 4334 C1080000 		.4byte	.LVUS61
 10538 4338 20       		.uleb128 0x20
 10539 4339 A2110000 		.4byte	.LASF598
 10540 433d 04       		.byte	0x4
 10541 433e 36       		.byte	0x36
ARM GAS  /tmp/ccVOBie3.s 			page 186


 10542 433f 0C       		.byte	0xc
 10543 4340 9B220000 		.4byte	0x229b
 10544 4344 DF080000 		.4byte	.LLST62
 10545 4348 DB080000 		.4byte	.LVUS62
 10546 434c 20       		.uleb128 0x20
 10547 434d CD110000 		.4byte	.LASF599
 10548 4351 04       		.byte	0x4
 10549 4352 38       		.byte	0x38
 10550 4353 0C       		.byte	0xc
 10551 4354 9B220000 		.4byte	0x229b
 10552 4358 01090000 		.4byte	.LLST63
 10553 435c FD080000 		.4byte	.LVUS63
 10554 4360 15       		.uleb128 0x15
 10555 4361 704B0000 		.4byte	0x4b70
 10556 4365 72000000 		.4byte	.LBI190
 10557 4369 01       		.byte	.LVU347
 10558 436a 00020000 		.4byte	.Ldebug_ranges0+0x200
 10559 436e 04       		.byte	0x4
 10560 436f 3E       		.byte	0x3e
 10561 4370 11       		.byte	0x11
 10562 4371 02450000 		.4byte	0x4502
 10563 4375 05       		.uleb128 0x5
 10564 4376 9E4B0000 		.4byte	0x4b9e
 10565 437a 21090000 		.4byte	.LLST64
 10566 437e 1F090000 		.4byte	.LVUS64
 10567 4382 05       		.uleb128 0x5
 10568 4383 924B0000 		.4byte	0x4b92
 10569 4387 36090000 		.4byte	.LLST65
 10570 438b 34090000 		.4byte	.LVUS65
 10571 438f 05       		.uleb128 0x5
 10572 4390 874B0000 		.4byte	0x4b87
 10573 4394 4B090000 		.4byte	.LLST66
 10574 4398 49090000 		.4byte	.LVUS66
 10575 439c 05       		.uleb128 0x5
 10576 439d 7E4B0000 		.4byte	0x4b7e
 10577 43a1 65090000 		.4byte	.LLST67
 10578 43a5 63090000 		.4byte	.LVUS67
 10579 43a9 15       		.uleb128 0x15
 10580 43aa 514D0000 		.4byte	0x4d51
 10581 43ae 80000000 		.4byte	.LBI192
 10582 43b2 01       		.byte	.LVU354
 10583 43b3 18020000 		.4byte	.Ldebug_ranges0+0x218
 10584 43b7 02       		.byte	0x2
 10585 43b8 2C       		.byte	0x2c
 10586 43b9 10       		.byte	0x10
 10587 43ba 05440000 		.4byte	0x4405
 10588 43be 05       		.uleb128 0x5
 10589 43bf 744D0000 		.4byte	0x4d74
 10590 43c3 7A090000 		.4byte	.LLST68
 10591 43c7 78090000 		.4byte	.LVUS68
 10592 43cb 05       		.uleb128 0x5
 10593 43cc 684D0000 		.4byte	0x4d68
 10594 43d0 94090000 		.4byte	.LLST69
 10595 43d4 92090000 		.4byte	.LVUS69
 10596 43d8 05       		.uleb128 0x5
 10597 43d9 5F4D0000 		.4byte	0x4d5f
 10598 43dd A9090000 		.4byte	.LLST70
ARM GAS  /tmp/ccVOBie3.s 			page 187


 10599 43e1 A7090000 		.4byte	.LVUS70
 10600 43e5 21       		.uleb128 0x21
 10601 43e6 8C000000 		.4byte	.LVL98
 10602 43ea B54E0000 		.4byte	0x4eb5
 10603 43ee 11       		.uleb128 0x11
 10604 43ef 01       		.uleb128 0x1
 10605 43f0 50       		.byte	0x50
 10606 43f1 02       		.uleb128 0x2
 10607 43f2 77       		.byte	0x77
 10608 43f3 00       		.sleb128 0
 10609 43f4 11       		.uleb128 0x11
 10610 43f5 01       		.uleb128 0x1
 10611 43f6 51       		.byte	0x51
 10612 43f7 02       		.uleb128 0x2
 10613 43f8 75       		.byte	0x75
 10614 43f9 00       		.sleb128 0
 10615 43fa 11       		.uleb128 0x11
 10616 43fb 01       		.uleb128 0x1
 10617 43fc 52       		.byte	0x52
 10618 43fd 05       		.uleb128 0x5
 10619 43fe 0C       		.byte	0xc
 10620 43ff 00B80B00 		.4byte	0xbb800
 10621 4403 00       		.byte	0
 10622 4404 00       		.byte	0
 10623 4405 7F       		.uleb128 0x7f
 10624 4406 514D0000 		.4byte	0x4d51
 10625 440a 8C000000 		.4byte	.LBI200
 10626 440e 02       		.byte	.LVU363
 10627 440f 8C000000 		.4byte	.LBB200
 10628 4413 12000000 		.4byte	.LBE200-.LBB200
 10629 4417 02       		.byte	0x2
 10630 4418 2D       		.byte	0x2d
 10631 4419 10       		.byte	0x10
 10632 441a 65440000 		.4byte	0x4465
 10633 441e 05       		.uleb128 0x5
 10634 441f 744D0000 		.4byte	0x4d74
 10635 4423 C1090000 		.4byte	.LLST71
 10636 4427 BF090000 		.4byte	.LVUS71
 10637 442b 05       		.uleb128 0x5
 10638 442c 684D0000 		.4byte	0x4d68
 10639 4430 DB090000 		.4byte	.LLST72
 10640 4434 D9090000 		.4byte	.LVUS72
 10641 4438 05       		.uleb128 0x5
 10642 4439 5F4D0000 		.4byte	0x4d5f
 10643 443d F0090000 		.4byte	.LLST73
 10644 4441 EE090000 		.4byte	.LVUS73
 10645 4445 21       		.uleb128 0x21
 10646 4446 9E000000 		.4byte	.LVL99
 10647 444a B54E0000 		.4byte	0x4eb5
 10648 444e 11       		.uleb128 0x11
 10649 444f 01       		.uleb128 0x1
 10650 4450 50       		.byte	0x50
 10651 4451 02       		.uleb128 0x2
 10652 4452 76       		.byte	0x76
 10653 4453 00       		.sleb128 0
 10654 4454 11       		.uleb128 0x11
 10655 4455 01       		.uleb128 0x1
ARM GAS  /tmp/ccVOBie3.s 			page 188


 10656 4456 51       		.byte	0x51
 10657 4457 02       		.uleb128 0x2
 10658 4458 75       		.byte	0x75
 10659 4459 00       		.sleb128 0
 10660 445a 11       		.uleb128 0x11
 10661 445b 01       		.uleb128 0x1
 10662 445c 52       		.byte	0x52
 10663 445d 05       		.uleb128 0x5
 10664 445e 0C       		.byte	0xc
 10665 445f 00B80B00 		.4byte	0xbb800
 10666 4463 00       		.byte	0
 10667 4464 00       		.byte	0
 10668 4465 8001     		.uleb128 0x80
 10669 4467 AA4B0000 		.4byte	0x4baa
 10670 446b 9E000000 		.4byte	.LBB202
 10671 446f 10000000 		.4byte	.LBE202-.LBB202
 10672 4473 85440000 		.4byte	0x4485
 10673 4477 1F       		.uleb128 0x1f
 10674 4478 AB4B0000 		.4byte	0x4bab
 10675 447c 080A0000 		.4byte	.LLST74
 10676 4480 060A0000 		.4byte	.LVUS74
 10677 4484 00       		.byte	0
 10678 4485 15       		.uleb128 0x15
 10679 4486 4C4B0000 		.4byte	0x4b4c
 10680 448a AE000000 		.4byte	.LBI203
 10681 448e 01       		.byte	.LVU378
 10682 448f 40020000 		.4byte	.Ldebug_ranges0+0x240
 10683 4493 02       		.byte	0x2
 10684 4494 2F       		.byte	0x2f
 10685 4495 0E       		.byte	0xe
 10686 4496 C5440000 		.4byte	0x44c5
 10687 449a 05       		.uleb128 0x5
 10688 449b 634B0000 		.4byte	0x4b63
 10689 449f 1E0A0000 		.4byte	.LLST75
 10690 44a3 1C0A0000 		.4byte	.LVUS75
 10691 44a7 05       		.uleb128 0x5
 10692 44a8 5A4B0000 		.4byte	0x4b5a
 10693 44ac 340A0000 		.4byte	.LLST76
 10694 44b0 320A0000 		.4byte	.LVUS76
 10695 44b4 21       		.uleb128 0x21
 10696 44b5 D8000000 		.4byte	.LVL104
 10697 44b9 BD460000 		.4byte	0x46bd
 10698 44bd 11       		.uleb128 0x11
 10699 44be 01       		.uleb128 0x1
 10700 44bf 50       		.byte	0x50
 10701 44c0 02       		.uleb128 0x2
 10702 44c1 74       		.byte	0x74
 10703 44c2 00       		.sleb128 0
 10704 44c3 00       		.byte	0
 10705 44c4 00       		.byte	0
 10706 44c5 30       		.uleb128 0x30
 10707 44c6 284B0000 		.4byte	0x4b28
 10708 44ca D8000000 		.4byte	.LBI206
 10709 44ce 02       		.byte	.LVU405
 10710 44cf 58020000 		.4byte	.Ldebug_ranges0+0x258
 10711 44d3 02       		.byte	0x2
 10712 44d4 30       		.byte	0x30
ARM GAS  /tmp/ccVOBie3.s 			page 189


 10713 44d5 10       		.byte	0x10
 10714 44d6 05       		.uleb128 0x5
 10715 44d7 3F4B0000 		.4byte	0x4b3f
 10716 44db 490A0000 		.4byte	.LLST77
 10717 44df 470A0000 		.4byte	.LVUS77
 10718 44e3 05       		.uleb128 0x5
 10719 44e4 364B0000 		.4byte	0x4b36
 10720 44e8 630A0000 		.4byte	.LLST78
 10721 44ec 610A0000 		.4byte	.LVUS78
 10722 44f0 21       		.uleb128 0x21
 10723 44f1 E0000000 		.4byte	.LVL105
 10724 44f5 BD460000 		.4byte	0x46bd
 10725 44f9 11       		.uleb128 0x11
 10726 44fa 01       		.uleb128 0x1
 10727 44fb 50       		.byte	0x50
 10728 44fc 02       		.uleb128 0x2
 10729 44fd 74       		.byte	0x74
 10730 44fe 00       		.sleb128 0
 10731 44ff 00       		.byte	0
 10732 4500 00       		.byte	0
 10733 4501 00       		.byte	0
 10734 4502 15       		.uleb128 0x15
 10735 4503 4C4B0000 		.4byte	0x4b4c
 10736 4507 F6000000 		.4byte	.LBI213
 10737 450b 01       		.byte	.LVU423
 10738 450c 70020000 		.4byte	.Ldebug_ranges0+0x270
 10739 4510 04       		.byte	0x4
 10740 4511 44       		.byte	0x44
 10741 4512 16       		.byte	0x16
 10742 4513 42450000 		.4byte	0x4542
 10743 4517 05       		.uleb128 0x5
 10744 4518 634B0000 		.4byte	0x4b63
 10745 451c 780A0000 		.4byte	.LLST79
 10746 4520 760A0000 		.4byte	.LVUS79
 10747 4524 05       		.uleb128 0x5
 10748 4525 5A4B0000 		.4byte	0x4b5a
 10749 4529 8E0A0000 		.4byte	.LLST80
 10750 452d 8C0A0000 		.4byte	.LVUS80
 10751 4531 21       		.uleb128 0x21
 10752 4532 0A010000 		.4byte	.LVL107
 10753 4536 BD460000 		.4byte	0x46bd
 10754 453a 11       		.uleb128 0x11
 10755 453b 01       		.uleb128 0x1
 10756 453c 50       		.byte	0x50
 10757 453d 02       		.uleb128 0x2
 10758 453e 74       		.byte	0x74
 10759 453f 00       		.sleb128 0
 10760 4540 00       		.byte	0
 10761 4541 00       		.byte	0
 10762 4542 15       		.uleb128 0x15
 10763 4543 284B0000 		.4byte	0x4b28
 10764 4547 0A010000 		.4byte	.LBI219
 10765 454b 05       		.byte	.LVU445
 10766 454c 90020000 		.4byte	.Ldebug_ranges0+0x290
 10767 4550 04       		.byte	0x4
 10768 4551 45       		.byte	0x45
 10769 4552 18       		.byte	0x18
ARM GAS  /tmp/ccVOBie3.s 			page 190


 10770 4553 82450000 		.4byte	0x4582
 10771 4557 05       		.uleb128 0x5
 10772 4558 3F4B0000 		.4byte	0x4b3f
 10773 455c A30A0000 		.4byte	.LLST81
 10774 4560 A10A0000 		.4byte	.LVUS81
 10775 4564 05       		.uleb128 0x5
 10776 4565 364B0000 		.4byte	0x4b36
 10777 4569 BD0A0000 		.4byte	.LLST82
 10778 456d BB0A0000 		.4byte	.LVUS82
 10779 4571 21       		.uleb128 0x21
 10780 4572 12010000 		.4byte	.LVL108
 10781 4576 BD460000 		.4byte	0x46bd
 10782 457a 11       		.uleb128 0x11
 10783 457b 01       		.uleb128 0x1
 10784 457c 50       		.byte	0x50
 10785 457d 02       		.uleb128 0x2
 10786 457e 74       		.byte	0x74
 10787 457f 00       		.sleb128 0
 10788 4580 00       		.byte	0
 10789 4581 00       		.byte	0
 10790 4582 54       		.uleb128 0x54
 10791 4583 56000000 		.4byte	.LVL91
 10792 4587 95450000 		.4byte	0x4595
 10793 458b 11       		.uleb128 0x11
 10794 458c 01       		.uleb128 0x1
 10795 458d 50       		.byte	0x50
 10796 458e 05       		.uleb128 0x5
 10797 458f 0C       		.byte	0xc
 10798 4590 00B80B00 		.4byte	0xbb800
 10799 4594 00       		.byte	0
 10800 4595 54       		.uleb128 0x54
 10801 4596 62000000 		.4byte	.LVL93
 10802 459a A8450000 		.4byte	0x45a8
 10803 459e 11       		.uleb128 0x11
 10804 459f 01       		.uleb128 0x1
 10805 45a0 50       		.byte	0x50
 10806 45a1 05       		.uleb128 0x5
 10807 45a2 0C       		.byte	0xc
 10808 45a3 00B80B00 		.4byte	0xbb800
 10809 45a7 00       		.byte	0
 10810 45a8 1E       		.uleb128 0x1e
 10811 45a9 6C000000 		.4byte	.LVL94
 10812 45ad BE4E0000 		.4byte	0x4ebe
 10813 45b1 1E       		.uleb128 0x1e
 10814 45b2 72000000 		.4byte	.LVL96
 10815 45b6 CA4E0000 		.4byte	0x4eca
 10816 45ba 00       		.byte	0
 10817 45bb 12       		.uleb128 0x12
 10818 45bc 63390000 		.4byte	0x3963
 10819 45c0 C9450000 		.4byte	0x45c9
 10820 45c4 02       		.byte	0x2
 10821 45c5 DC450000 		.4byte	0x45dc
 10822 45c9 10       		.uleb128 0x10
 10823 45ca 780F0000 		.4byte	.LASF596
 10824 45ce 7F3B0000 		.4byte	0x3b7f
 10825 45d2 10       		.uleb128 0x10
 10826 45d3 8D1E0000 		.4byte	.LASF600
ARM GAS  /tmp/ccVOBie3.s 			page 191


 10827 45d7 46010000 		.4byte	0x146
 10828 45db 00       		.byte	0
 10829 45dc 37       		.uleb128 0x37
 10830 45dd BB450000 		.4byte	0x45bb
 10831 45e1 E51C0000 		.4byte	.LASF601
 10832 45e5 ED450000 		.4byte	0x45ed
 10833 45e9 F3450000 		.4byte	0x45f3
 10834 45ed 23       		.uleb128 0x23
 10835 45ee C9450000 		.4byte	0x45c9
 10836 45f2 00       		.byte	0
 10837 45f3 12       		.uleb128 0x12
 10838 45f4 44390000 		.4byte	0x3944
 10839 45f8 01460000 		.4byte	0x4601
 10840 45fc 02       		.byte	0x2
 10841 45fd 0B460000 		.4byte	0x460b
 10842 4601 10       		.uleb128 0x10
 10843 4602 780F0000 		.4byte	.LASF596
 10844 4606 7F3B0000 		.4byte	0x3b7f
 10845 460a 00       		.byte	0
 10846 460b 37       		.uleb128 0x37
 10847 460c F3450000 		.4byte	0x45f3
 10848 4610 921B0000 		.4byte	.LASF602
 10849 4614 1C460000 		.4byte	0x461c
 10850 4618 22460000 		.4byte	0x4622
 10851 461c 23       		.uleb128 0x23
 10852 461d 01460000 		.4byte	0x4601
 10853 4621 00       		.byte	0
 10854 4622 8101     		.uleb128 0x81
 10855 4624 5F380000 		.4byte	0x385f
 10856 4628 00000000 		.4byte	.LFB501
 10857 462c 10000000 		.4byte	.LFE501-.LFB501
 10858 4630 01       		.uleb128 0x1
 10859 4631 9C       		.byte	0x9c
 10860 4632 40460000 		.4byte	0x4640
 10861 4636 1E       		.uleb128 0x1e
 10862 4637 06000000 		.4byte	.LVL22
 10863 463b FC320000 		.4byte	0x32fc
 10864 463f 00       		.byte	0
 10865 4640 12       		.uleb128 0x12
 10866 4641 41380000 		.4byte	0x3841
 10867 4645 4E460000 		.4byte	0x464e
 10868 4649 03       		.byte	0x3
 10869 464a 64460000 		.4byte	0x4664
 10870 464e 10       		.uleb128 0x10
 10871 464f 780F0000 		.4byte	.LASF596
 10872 4653 21390000 		.4byte	0x3921
 10873 4657 35       		.uleb128 0x35
 10874 4658 24       		.uleb128 0x24
 10875 4659 6900     		.ascii	"i\000"
 10876 465b 02       		.byte	0x2
 10877 465c B4       		.byte	0xb4
 10878 465d 0E       		.byte	0xe
 10879 465e 2C000000 		.4byte	0x2c
 10880 4662 00       		.byte	0
 10881 4663 00       		.byte	0
 10882 4664 12       		.uleb128 0x12
 10883 4665 27380000 		.4byte	0x3827
ARM GAS  /tmp/ccVOBie3.s 			page 192


 10884 4669 72460000 		.4byte	0x4672
 10885 466d 03       		.byte	0x3
 10886 466e B6460000 		.4byte	0x46b6
 10887 4672 10       		.uleb128 0x10
 10888 4673 780F0000 		.4byte	.LASF596
 10889 4677 21390000 		.4byte	0x3921
 10890 467b 24       		.uleb128 0x24
 10891 467c 69647800 		.ascii	"idx\000"
 10892 4680 02       		.byte	0x2
 10893 4681 95       		.byte	0x95
 10894 4682 09       		.byte	0x9
 10895 4683 2C000000 		.4byte	0x2c
 10896 4687 24       		.uleb128 0x24
 10897 4688 6700     		.ascii	"g\000"
 10898 468a 02       		.byte	0x2
 10899 468b 98       		.byte	0x98
 10900 468c 0C       		.byte	0xc
 10901 468d B6460000 		.4byte	0x46b6
 10902 4691 34       		.uleb128 0x34
 10903 4692 50110000 		.4byte	.LASF603
 10904 4696 02       		.byte	0x2
 10905 4697 9D       		.byte	0x9d
 10906 4698 0B       		.byte	0xb
 10907 4699 25000000 		.4byte	0x25
 10908 469d 34       		.uleb128 0x34
 10909 469e 52020000 		.4byte	.LASF604
 10910 46a2 02       		.byte	0x2
 10911 46a3 A2       		.byte	0xa2
 10912 46a4 0B       		.byte	0xb
 10913 46a5 25000000 		.4byte	0x25
 10914 46a9 24       		.uleb128 0x24
 10915 46aa 70616E00 		.ascii	"pan\000"
 10916 46ae 02       		.byte	0x2
 10917 46af AA       		.byte	0xaa
 10918 46b0 0B       		.byte	0xb
 10919 46b1 25000000 		.4byte	0x25
 10920 46b5 00       		.byte	0
 10921 46b6 8201     		.uleb128 0x82
 10922 46b8 04       		.byte	0x4
 10923 46b9 D5360000 		.4byte	0x36d5
 10924 46bd 36       		.uleb128 0x36
 10925 46be 0D380000 		.4byte	0x380d
 10926 46c2 D4460000 		.4byte	0x46d4
 10927 46c6 00000000 		.4byte	.LFB498
 10928 46ca 32000000 		.4byte	.LFE498-.LFB498
 10929 46ce 01       		.uleb128 0x1
 10930 46cf 9C       		.byte	0x9c
 10931 46d0 09470000 		.4byte	0x4709
 10932 46d4 8301     		.uleb128 0x83
 10933 46d6 780F0000 		.4byte	.LASF596
 10934 46da 21390000 		.4byte	0x3921
 10935 46de 01       		.uleb128 0x1
 10936 46df 50       		.byte	0x50
 10937 46e0 20       		.uleb128 0x20
 10938 46e1 060E0000 		.4byte	.LASF605
 10939 46e5 02       		.byte	0x2
 10940 46e6 8D       		.byte	0x8d
ARM GAS  /tmp/ccVOBie3.s 			page 193


 10941 46e7 0B       		.byte	0xb
 10942 46e8 25000000 		.4byte	0x25
 10943 46ec D20A0000 		.4byte	.LLST16
 10944 46f0 D00A0000 		.4byte	.LVUS16
 10945 46f4 20       		.uleb128 0x20
 10946 46f5 EB040000 		.4byte	.LASF606
 10947 46f9 02       		.byte	0x2
 10948 46fa 90       		.byte	0x90
 10949 46fb 0B       		.byte	0xb
 10950 46fc 25000000 		.4byte	0x25
 10951 4700 000B0000 		.4byte	.LLST17
 10952 4704 FE0A0000 		.4byte	.LVUS17
 10953 4708 00       		.byte	0
 10954 4709 36       		.uleb128 0x36
 10955 470a E3370000 		.4byte	0x37e3
 10956 470e 20470000 		.4byte	0x4720
 10957 4712 00000000 		.4byte	.LFB497
 10958 4716 F0020000 		.4byte	.LFE497-.LFB497
 10959 471a 01       		.uleb128 0x1
 10960 471b 9C       		.byte	0x9c
 10961 471c 284B0000 		.4byte	0x4b28
 10962 4720 42       		.uleb128 0x42
 10963 4721 780F0000 		.4byte	.LASF596
 10964 4725 21390000 		.4byte	0x3921
 10965 4729 380B0000 		.4byte	.LLST18
 10966 472d 320B0000 		.4byte	.LVUS18
 10967 4731 28       		.uleb128 0x28
 10968 4732 696E00   		.ascii	"in\000"
 10969 4735 02       		.byte	0x2
 10970 4736 5A       		.byte	0x5a
 10971 4737 1D       		.byte	0x1d
 10972 4738 C32D0000 		.4byte	0x2dc3
 10973 473c 680B0000 		.4byte	.LLST19
 10974 4740 640B0000 		.4byte	.LVUS19
 10975 4744 28       		.uleb128 0x28
 10976 4745 6F757400 		.ascii	"out\000"
 10977 4749 02       		.byte	0x2
 10978 474a 5A       		.byte	0x5a
 10979 474b 28       		.byte	0x28
 10980 474c 9B220000 		.4byte	0x229b
 10981 4750 8D0B0000 		.4byte	.LLST20
 10982 4754 890B0000 		.4byte	.LVUS20
 10983 4758 2C       		.uleb128 0x2c
 10984 4759 2E110000 		.4byte	.LASF588
 10985 475d 02       		.byte	0x2
 10986 475e 5A       		.byte	0x5a
 10987 475f 36       		.byte	0x36
 10988 4760 AF000000 		.4byte	0xaf
 10989 4764 B60B0000 		.4byte	.LLST21
 10990 4768 AE0B0000 		.4byte	.LVUS21
 10991 476c 2D       		.uleb128 0x2d
 10992 476d 00000000 		.4byte	.Ldebug_ranges0+0
 10993 4771 17       		.uleb128 0x17
 10994 4772 6600     		.ascii	"f\000"
 10995 4774 02       		.byte	0x2
 10996 4775 5B       		.byte	0x5b
 10997 4776 13       		.byte	0x13
ARM GAS  /tmp/ccVOBie3.s 			page 194


 10998 4777 AF000000 		.4byte	0xaf
 10999 477b F70B0000 		.4byte	.LLST22
 11000 477f EF0B0000 		.4byte	.LVUS22
 11001 4783 2D       		.uleb128 0x2d
 11002 4784 28000000 		.4byte	.Ldebug_ranges0+0x28
 11003 4788 20       		.uleb128 0x20
 11004 4789 E5150000 		.4byte	.LASF607
 11005 478d 02       		.byte	0x2
 11006 478e 66       		.byte	0x66
 11007 478f 0D       		.byte	0xd
 11008 4790 25000000 		.4byte	0x25
 11009 4794 320C0000 		.4byte	.LLST23
 11010 4798 2E0C0000 		.4byte	.LVUS23
 11011 479c 20       		.uleb128 0x20
 11012 479d 1C130000 		.4byte	.LASF608
 11013 47a1 02       		.byte	0x2
 11014 47a2 66       		.byte	0x66
 11015 47a3 19       		.byte	0x19
 11016 47a4 25000000 		.4byte	0x25
 11017 47a8 560C0000 		.4byte	.LLST24
 11018 47ac 520C0000 		.4byte	.LVUS24
 11019 47b0 20       		.uleb128 0x20
 11020 47b1 7D0F0000 		.4byte	.LASF517
 11021 47b5 02       		.byte	0x2
 11022 47b6 67       		.byte	0x67
 11023 47b7 0D       		.byte	0xd
 11024 47b8 2C000000 		.4byte	0x2c
 11025 47bc 7E0C0000 		.4byte	.LLST25
 11026 47c0 760C0000 		.4byte	.LVUS25
 11027 47c4 20       		.uleb128 0x20
 11028 47c5 E2060000 		.4byte	.LASF609
 11029 47c9 02       		.byte	0x2
 11030 47ca 83       		.byte	0x83
 11031 47cb 0D       		.byte	0xd
 11032 47cc 25000000 		.4byte	0x25
 11033 47d0 B60C0000 		.4byte	.LLST26
 11034 47d4 B40C0000 		.4byte	.LVUS26
 11035 47d8 8401     		.uleb128 0x84
 11036 47da 30010000 		.4byte	.Ldebug_ranges0+0x130
 11037 47de A4480000 		.4byte	0x48a4
 11038 47e2 24       		.uleb128 0x24
 11039 47e3 6700     		.ascii	"g\000"
 11040 47e5 02       		.byte	0x2
 11041 47e6 69       		.byte	0x69
 11042 47e7 10       		.byte	0x10
 11043 47e8 2C000000 		.4byte	0x2c
 11044 47ec 2D       		.uleb128 0x2d
 11045 47ed 50010000 		.4byte	.Ldebug_ranges0+0x150
 11046 47f1 24       		.uleb128 0x24
 11047 47f2 677200   		.ascii	"gr\000"
 11048 47f5 02       		.byte	0x2
 11049 47f6 6A       		.byte	0x6a
 11050 47f7 10       		.byte	0x10
 11051 47f8 B6460000 		.4byte	0x46b6
 11052 47fc 17       		.uleb128 0x17
 11053 47fd 7400     		.ascii	"t\000"
 11054 47ff 02       		.byte	0x2
ARM GAS  /tmp/ccVOBie3.s 			page 195


 11055 4800 6D       		.byte	0x6d
 11056 4801 0F       		.byte	0xf
 11057 4802 25000000 		.4byte	0x25
 11058 4806 CE0C0000 		.4byte	.LLST50
 11059 480a CA0C0000 		.4byte	.LVUS50
 11060 480e 17       		.uleb128 0x17
 11061 480f 656E7600 		.ascii	"env\000"
 11062 4813 02       		.byte	0x2
 11063 4814 6E       		.byte	0x6e
 11064 4815 0F       		.byte	0xf
 11065 4816 25000000 		.4byte	0x25
 11066 481a F60C0000 		.4byte	.LLST51
 11067 481e F40C0000 		.4byte	.LVUS51
 11068 4822 20       		.uleb128 0x20
 11069 4823 F41C0000 		.4byte	.LASF610
 11070 4827 02       		.byte	0x2
 11071 4828 74       		.byte	0x74
 11072 4829 0F       		.byte	0xf
 11073 482a 25000000 		.4byte	0x25
 11074 482e 0C0D0000 		.4byte	.LLST52
 11075 4832 0A0D0000 		.4byte	.LVUS52
 11076 4836 15       		.uleb128 0x15
 11077 4837 1A4E0000 		.4byte	0x4e1a
 11078 483b D4000000 		.4byte	.LBI129
 11079 483f 02       		.byte	.LVU153
 11080 4840 70010000 		.4byte	.Ldebug_ranges0+0x170
 11081 4844 02       		.byte	0x2
 11082 4845 6E       		.byte	0x6e
 11083 4846 1F       		.byte	0x1f
 11084 4847 6C480000 		.4byte	0x486c
 11085 484b 05       		.uleb128 0x5
 11086 484c 2F4E0000 		.4byte	0x4e2f
 11087 4850 240D0000 		.4byte	.LLST53
 11088 4854 200D0000 		.4byte	.LVUS53
 11089 4858 2D       		.uleb128 0x2d
 11090 4859 70010000 		.4byte	.Ldebug_ranges0+0x170
 11091 485d 1F       		.uleb128 0x1f
 11092 485e 394E0000 		.4byte	0x4e39
 11093 4862 500D0000 		.4byte	.LLST54
 11094 4866 4A0D0000 		.4byte	.LVUS54
 11095 486a 00       		.byte	0
 11096 486b 00       		.byte	0
 11097 486c 8501     		.uleb128 0x85
 11098 486e 18010000 		.4byte	.LVL42
 11099 4872 E64B0000 		.4byte	0x4be6
 11100 4876 8A480000 		.4byte	0x488a
 11101 487a 11       		.uleb128 0x11
 11102 487b 01       		.uleb128 0x1
 11103 487c 50       		.byte	0x50
 11104 487d 03       		.uleb128 0x3
 11105 487e 92       		.byte	0x92
 11106 487f 5A       		.uleb128 0x5a
 11107 4880 00       		.sleb128 0
 11108 4881 11       		.uleb128 0x11
 11109 4882 02       		.uleb128 0x2
 11110 4883 90       		.byte	0x90
 11111 4884 40       		.uleb128 0x40
ARM GAS  /tmp/ccVOBie3.s 			page 196


 11112 4885 03       		.uleb128 0x3
 11113 4886 F5       		.byte	0xf5
 11114 4887 50       		.uleb128 0x50
 11115 4888 25       		.uleb128 0x25
 11116 4889 00       		.byte	0
 11117 488a 21       		.uleb128 0x21
 11118 488b 2E010000 		.4byte	.LVL44
 11119 488f E64B0000 		.4byte	0x4be6
 11120 4893 11       		.uleb128 0x11
 11121 4894 01       		.uleb128 0x1
 11122 4895 50       		.byte	0x50
 11123 4896 02       		.uleb128 0x2
 11124 4897 7B       		.byte	0x7b
 11125 4898 00       		.sleb128 0
 11126 4899 11       		.uleb128 0x11
 11127 489a 02       		.uleb128 0x2
 11128 489b 90       		.byte	0x90
 11129 489c 40       		.uleb128 0x40
 11130 489d 03       		.uleb128 0x3
 11131 489e F5       		.byte	0xf5
 11132 489f 50       		.uleb128 0x50
 11133 48a0 25       		.uleb128 0x25
 11134 48a1 00       		.byte	0
 11135 48a2 00       		.byte	0
 11136 48a3 00       		.byte	0
 11137 48a4 15       		.uleb128 0x15
 11138 48a5 64460000 		.4byte	0x4664
 11139 48a9 A2010000 		.4byte	.LBI92
 11140 48ad 01       		.byte	.LVU216
 11141 48ae 58000000 		.4byte	.Ldebug_ranges0+0x58
 11142 48b2 02       		.byte	0x2
 11143 48b3 63       		.byte	0x63
 11144 48b4 13       		.byte	0x13
 11145 48b5 B04A0000 		.4byte	0x4ab0
 11146 48b9 05       		.uleb128 0x5
 11147 48ba 72460000 		.4byte	0x4672
 11148 48be 9C0D0000 		.4byte	.LLST27
 11149 48c2 980D0000 		.4byte	.LVUS27
 11150 48c6 2D       		.uleb128 0x2d
 11151 48c7 58000000 		.4byte	.Ldebug_ranges0+0x58
 11152 48cb 1F       		.uleb128 0x1f
 11153 48cc 7B460000 		.4byte	0x467b
 11154 48d0 BE0D0000 		.4byte	.LLST28
 11155 48d4 BA0D0000 		.4byte	.LVUS28
 11156 48d8 1F       		.uleb128 0x1f
 11157 48d9 87460000 		.4byte	0x4687
 11158 48dd E00D0000 		.4byte	.LLST29
 11159 48e1 DC0D0000 		.4byte	.LVUS29
 11160 48e5 1F       		.uleb128 0x1f
 11161 48e6 91460000 		.4byte	0x4691
 11162 48ea 120E0000 		.4byte	.LLST30
 11163 48ee 100E0000 		.4byte	.LVUS30
 11164 48f2 1F       		.uleb128 0x1f
 11165 48f3 9D460000 		.4byte	0x469d
 11166 48f7 280E0000 		.4byte	.LLST31
 11167 48fb 260E0000 		.4byte	.LVUS31
 11168 48ff 1F       		.uleb128 0x1f
ARM GAS  /tmp/ccVOBie3.s 			page 197


 11169 4900 A9460000 		.4byte	0x46a9
 11170 4904 4E0E0000 		.4byte	.LLST32
 11171 4908 4A0E0000 		.4byte	.LVUS32
 11172 490c 15       		.uleb128 0x15
 11173 490d E44D0000 		.4byte	0x4de4
 11174 4911 98020000 		.4byte	.LBI94
 11175 4915 00       		.byte	.LVU294
 11176 4916 90000000 		.4byte	.Ldebug_ranges0+0x90
 11177 491a 02       		.byte	0x2
 11178 491b B0       		.byte	0xb0
 11179 491c 1D       		.byte	0x1d
 11180 491d 49490000 		.4byte	0x4949
 11181 4921 05       		.uleb128 0x5
 11182 4922 0E4E0000 		.4byte	0x4e0e
 11183 4926 720E0000 		.4byte	.LLST33
 11184 492a 6E0E0000 		.4byte	.LVUS33
 11185 492e 05       		.uleb128 0x5
 11186 492f 034E0000 		.4byte	0x4e03
 11187 4933 9E0E0000 		.4byte	.LLST34
 11188 4937 9A0E0000 		.4byte	.LVUS34
 11189 493b 05       		.uleb128 0x5
 11190 493c F94D0000 		.4byte	0x4df9
 11191 4940 CC0E0000 		.4byte	.LLST35
 11192 4944 C60E0000 		.4byte	.LVUS35
 11193 4948 00       		.byte	0
 11194 4949 15       		.uleb128 0x15
 11195 494a 40460000 		.4byte	0x4640
 11196 494e A2010000 		.4byte	.LBI100
 11197 4952 03       		.byte	.LVU218
 11198 4953 B8000000 		.4byte	.Ldebug_ranges0+0xb8
 11199 4957 02       		.byte	0x2
 11200 4958 95       		.byte	0x95
 11201 4959 1C       		.byte	0x1c
 11202 495a 84490000 		.4byte	0x4984
 11203 495e 05       		.uleb128 0x5
 11204 495f 4E460000 		.4byte	0x464e
 11205 4963 000F0000 		.4byte	.LLST36
 11206 4967 FE0E0000 		.4byte	.LVUS36
 11207 496b 8601     		.uleb128 0x86
 11208 496d 57460000 		.4byte	0x4657
 11209 4971 B8000000 		.4byte	.Ldebug_ranges0+0xb8
 11210 4975 1F       		.uleb128 0x1f
 11211 4976 58460000 		.4byte	0x4658
 11212 497a 170F0000 		.4byte	.LLST37
 11213 497e 130F0000 		.4byte	.LVUS37
 11214 4982 00       		.byte	0
 11215 4983 00       		.byte	0
 11216 4984 15       		.uleb128 0x15
 11217 4985 E44D0000 		.4byte	0x4de4
 11218 4989 6A020000 		.4byte	.LBI104
 11219 498d 00       		.byte	.LVU285
 11220 498e D0000000 		.4byte	.Ldebug_ranges0+0xd0
 11221 4992 02       		.byte	0x2
 11222 4993 AF       		.byte	0xaf
 11223 4994 1D       		.byte	0x1d
 11224 4995 C1490000 		.4byte	0x49c1
 11225 4999 05       		.uleb128 0x5
ARM GAS  /tmp/ccVOBie3.s 			page 198


 11226 499a 0E4E0000 		.4byte	0x4e0e
 11227 499e 3A0F0000 		.4byte	.LLST38
 11228 49a2 360F0000 		.4byte	.LVUS38
 11229 49a6 05       		.uleb128 0x5
 11230 49a7 034E0000 		.4byte	0x4e03
 11231 49ab 660F0000 		.4byte	.LLST39
 11232 49af 620F0000 		.4byte	.LVUS39
 11233 49b3 05       		.uleb128 0x5
 11234 49b4 F94D0000 		.4byte	0x4df9
 11235 49b8 940F0000 		.4byte	.LLST40
 11236 49bc 8E0F0000 		.4byte	.LVUS40
 11237 49c0 00       		.byte	0
 11238 49c1 15       		.uleb128 0x15
 11239 49c2 B04D0000 		.4byte	0x4db0
 11240 49c6 DE010000 		.4byte	.LBI108
 11241 49ca 00       		.byte	.LVU241
 11242 49cb E8000000 		.4byte	.Ldebug_ranges0+0xe8
 11243 49cf 02       		.byte	0x2
 11244 49d0 9D       		.byte	0x9d
 11245 49d1 19       		.byte	0x19
 11246 49d2 FE490000 		.4byte	0x49fe
 11247 49d6 05       		.uleb128 0x5
 11248 49d7 D94D0000 		.4byte	0x4dd9
 11249 49db C80F0000 		.4byte	.LLST41
 11250 49df C60F0000 		.4byte	.LVUS41
 11251 49e3 05       		.uleb128 0x5
 11252 49e4 CF4D0000 		.4byte	0x4dcf
 11253 49e8 DE0F0000 		.4byte	.LLST42
 11254 49ec DC0F0000 		.4byte	.LVUS42
 11255 49f0 05       		.uleb128 0x5
 11256 49f1 C54D0000 		.4byte	0x4dc5
 11257 49f5 F40F0000 		.4byte	.LLST43
 11258 49f9 F20F0000 		.4byte	.LVUS43
 11259 49fd 00       		.byte	0
 11260 49fe 15       		.uleb128 0x15
 11261 49ff E44D0000 		.4byte	0x4de4
 11262 4a03 16020000 		.4byte	.LBI112
 11263 4a07 01       		.byte	.LVU261
 11264 4a08 00010000 		.4byte	.Ldebug_ranges0+0x100
 11265 4a0c 02       		.byte	0x2
 11266 4a0d A4       		.byte	0xa4
 11267 4a0e 13       		.byte	0x13
 11268 4a0f 3B4A0000 		.4byte	0x4a3b
 11269 4a13 05       		.uleb128 0x5
 11270 4a14 0E4E0000 		.4byte	0x4e0e
 11271 4a18 0A100000 		.4byte	.LLST44
 11272 4a1c 08100000 		.4byte	.LVUS44
 11273 4a20 05       		.uleb128 0x5
 11274 4a21 034E0000 		.4byte	0x4e03
 11275 4a25 26100000 		.4byte	.LLST45
 11276 4a29 22100000 		.4byte	.LVUS45
 11277 4a2d 05       		.uleb128 0x5
 11278 4a2e F94D0000 		.4byte	0x4df9
 11279 4a32 48100000 		.4byte	.LLST46
 11280 4a36 46100000 		.4byte	.LVUS46
 11281 4a3a 00       		.byte	0
 11282 4a3b 15       		.uleb128 0x15
ARM GAS  /tmp/ccVOBie3.s 			page 199


 11283 4a3c B04D0000 		.4byte	0x4db0
 11284 4a40 5E020000 		.4byte	.LBI116
 11285 4a44 00       		.byte	.LVU279
 11286 4a45 18010000 		.4byte	.Ldebug_ranges0+0x118
 11287 4a49 02       		.byte	0x2
 11288 4a4a AA       		.byte	0xaa
 11289 4a4b 16       		.byte	0x16
 11290 4a4c 784A0000 		.4byte	0x4a78
 11291 4a50 05       		.uleb128 0x5
 11292 4a51 D94D0000 		.4byte	0x4dd9
 11293 4a55 5E100000 		.4byte	.LLST47
 11294 4a59 5C100000 		.4byte	.LVUS47
 11295 4a5d 05       		.uleb128 0x5
 11296 4a5e CF4D0000 		.4byte	0x4dcf
 11297 4a62 74100000 		.4byte	.LLST48
 11298 4a66 72100000 		.4byte	.LVUS48
 11299 4a6a 05       		.uleb128 0x5
 11300 4a6b C54D0000 		.4byte	0x4dc5
 11301 4a6f 8E100000 		.4byte	.LLST49
 11302 4a73 8C100000 		.4byte	.LVUS49
 11303 4a77 00       		.byte	0
 11304 4a78 1E       		.uleb128 0x1e
 11305 4a79 DE010000 		.4byte	.LVL63
 11306 4a7d 22460000 		.4byte	0x4622
 11307 4a81 1E       		.uleb128 0x1e
 11308 4a82 F6010000 		.4byte	.LVL67
 11309 4a86 22460000 		.4byte	0x4622
 11310 4a8a 1E       		.uleb128 0x1e
 11311 4a8b 46020000 		.4byte	.LVL72
 11312 4a8f 22460000 		.4byte	0x4622
 11313 4a93 1E       		.uleb128 0x1e
 11314 4a94 5E020000 		.4byte	.LVL73
 11315 4a98 22460000 		.4byte	0x4622
 11316 4a9c 1E       		.uleb128 0x1e
 11317 4a9d 8A020000 		.4byte	.LVL77
 11318 4aa1 D64E0000 		.4byte	0x4ed6
 11319 4aa5 1E       		.uleb128 0x1e
 11320 4aa6 B8020000 		.4byte	.LVL80
 11321 4aaa D64E0000 		.4byte	0x4ed6
 11322 4aae 00       		.byte	0
 11323 4aaf 00       		.byte	0
 11324 4ab0 15       		.uleb128 0x15
 11325 4ab1 2F4D0000 		.4byte	0x4d2f
 11326 4ab5 3E000000 		.4byte	.LBI143
 11327 4ab9 00       		.byte	.LVU102
 11328 4aba A8010000 		.4byte	.Ldebug_ranges0+0x1a8
 11329 4abe 02       		.byte	0x2
 11330 4abf 5C       		.byte	0x5c
 11331 4ac0 13       		.byte	0x13
 11332 4ac1 E04A0000 		.4byte	0x4ae0
 11333 4ac5 05       		.uleb128 0x5
 11334 4ac6 464D0000 		.4byte	0x4d46
 11335 4aca AC100000 		.4byte	.LLST55
 11336 4ace A6100000 		.4byte	.LVUS55
 11337 4ad2 05       		.uleb128 0x5
 11338 4ad3 3D4D0000 		.4byte	0x4d3d
 11339 4ad7 E4100000 		.4byte	.LLST56
ARM GAS  /tmp/ccVOBie3.s 			page 200


 11340 4adb E0100000 		.4byte	.LVUS56
 11341 4adf 00       		.byte	0
 11342 4ae0 15       		.uleb128 0x15
 11343 4ae1 2F4D0000 		.4byte	0x4d2f
 11344 4ae5 64000000 		.4byte	.LBI150
 11345 4ae9 02       		.byte	.LVU119
 11346 4aea D0010000 		.4byte	.Ldebug_ranges0+0x1d0
 11347 4aee 02       		.byte	0x2
 11348 4aef 5D       		.byte	0x5d
 11349 4af0 13       		.byte	0x13
 11350 4af1 104B0000 		.4byte	0x4b10
 11351 4af5 05       		.uleb128 0x5
 11352 4af6 464D0000 		.4byte	0x4d46
 11353 4afa 09110000 		.4byte	.LLST57
 11354 4afe 03110000 		.4byte	.LVUS57
 11355 4b02 05       		.uleb128 0x5
 11356 4b03 3D4D0000 		.4byte	0x4d3d
 11357 4b07 3E110000 		.4byte	.LLST58
 11358 4b0b 3C110000 		.4byte	.LVUS58
 11359 4b0f 00       		.byte	0
 11360 4b10 21       		.uleb128 0x21
 11361 4b11 70010000 		.4byte	.LVL48
 11362 4b15 D64E0000 		.4byte	0x4ed6
 11363 4b19 11       		.uleb128 0x11
 11364 4b1a 02       		.uleb128 0x2
 11365 4b1b 90       		.byte	0x90
 11366 4b1c 40       		.uleb128 0x40
 11367 4b1d 06       		.uleb128 0x6
 11368 4b1e 7A       		.byte	0x7a
 11369 4b1f 00       		.sleb128 0
 11370 4b20 F7       		.byte	0xf7
 11371 4b21 2C       		.uleb128 0x2c
 11372 4b22 F7       		.byte	0xf7
 11373 4b23 25       		.uleb128 0x25
 11374 4b24 00       		.byte	0
 11375 4b25 00       		.byte	0
 11376 4b26 00       		.byte	0
 11377 4b27 00       		.byte	0
 11378 4b28 12       		.uleb128 0x12
 11379 4b29 C3370000 		.4byte	0x37c3
 11380 4b2d 364B0000 		.4byte	0x4b36
 11381 4b31 03       		.byte	0x3
 11382 4b32 4C4B0000 		.4byte	0x4b4c
 11383 4b36 10       		.uleb128 0x10
 11384 4b37 780F0000 		.4byte	.LASF596
 11385 4b3b 21390000 		.4byte	0x3921
 11386 4b3f 1A       		.uleb128 0x1a
 11387 4b40 B5090000 		.4byte	.LASF594
 11388 4b44 02       		.byte	0x2
 11389 4b45 53       		.byte	0x53
 11390 4b46 1A       		.byte	0x1a
 11391 4b47 25000000 		.4byte	0x25
 11392 4b4b 00       		.byte	0
 11393 4b4c 12       		.uleb128 0x12
 11394 4b4d A3370000 		.4byte	0x37a3
 11395 4b51 5A4B0000 		.4byte	0x4b5a
 11396 4b55 03       		.byte	0x3
ARM GAS  /tmp/ccVOBie3.s 			page 201


 11397 4b56 704B0000 		.4byte	0x4b70
 11398 4b5a 10       		.uleb128 0x10
 11399 4b5b 780F0000 		.4byte	.LASF596
 11400 4b5f 21390000 		.4byte	0x3921
 11401 4b63 1A       		.uleb128 0x1a
 11402 4b64 801B0000 		.4byte	.LASF611
 11403 4b68 02       		.byte	0x2
 11404 4b69 33       		.byte	0x33
 11405 4b6a 16       		.byte	0x16
 11406 4b6b 2C000000 		.4byte	0x2c
 11407 4b6f 00       		.byte	0
 11408 4b70 12       		.uleb128 0x12
 11409 4b71 79370000 		.4byte	0x3779
 11410 4b75 7E4B0000 		.4byte	0x4b7e
 11411 4b79 03       		.byte	0x3
 11412 4b7a B74B0000 		.4byte	0x4bb7
 11413 4b7e 10       		.uleb128 0x10
 11414 4b7f 780F0000 		.4byte	.LASF596
 11415 4b83 21390000 		.4byte	0x3921
 11416 4b87 0F       		.uleb128 0xf
 11417 4b88 737200   		.ascii	"sr\000"
 11418 4b8b 02       		.byte	0x2
 11419 4b8c 2A       		.byte	0x2a
 11420 4b8d 13       		.byte	0x13
 11421 4b8e 25000000 		.4byte	0x25
 11422 4b92 1A       		.uleb128 0x1a
 11423 4b93 A2110000 		.4byte	.LASF598
 11424 4b97 02       		.byte	0x2
 11425 4b98 2A       		.byte	0x2a
 11426 4b99 1E       		.byte	0x1e
 11427 4b9a 9B220000 		.4byte	0x229b
 11428 4b9e 1A       		.uleb128 0x1a
 11429 4b9f CD110000 		.4byte	.LASF599
 11430 4ba3 02       		.byte	0x2
 11431 4ba4 2A       		.byte	0x2a
 11432 4ba5 2B       		.byte	0x2b
 11433 4ba6 9B220000 		.4byte	0x229b
 11434 4baa 35       		.uleb128 0x35
 11435 4bab 24       		.uleb128 0x24
 11436 4bac 6900     		.ascii	"i\000"
 11437 4bae 02       		.byte	0x2
 11438 4baf 2E       		.byte	0x2e
 11439 4bb0 0E       		.byte	0xe
 11440 4bb1 2C000000 		.4byte	0x2c
 11441 4bb5 00       		.byte	0
 11442 4bb6 00       		.byte	0
 11443 4bb7 12       		.uleb128 0x12
 11444 4bb8 5A370000 		.4byte	0x375a
 11445 4bbc C54B0000 		.4byte	0x4bc5
 11446 4bc0 02       		.byte	0x2
 11447 4bc1 CF4B0000 		.4byte	0x4bcf
 11448 4bc5 10       		.uleb128 0x10
 11449 4bc6 780F0000 		.4byte	.LASF596
 11450 4bca 21390000 		.4byte	0x3921
 11451 4bce 00       		.byte	0
 11452 4bcf 37       		.uleb128 0x37
 11453 4bd0 B74B0000 		.4byte	0x4bb7
ARM GAS  /tmp/ccVOBie3.s 			page 202


 11454 4bd4 2B080000 		.4byte	.LASF612
 11455 4bd8 E04B0000 		.4byte	0x4be0
 11456 4bdc E64B0000 		.4byte	0x4be6
 11457 4be0 23       		.uleb128 0x23
 11458 4be1 C54B0000 		.4byte	0x4bc5
 11459 4be5 00       		.byte	0
 11460 4be6 36       		.uleb128 0x36
 11461 4be7 30360000 		.4byte	0x3630
 11462 4beb FD4B0000 		.4byte	0x4bfd
 11463 4bef 00000000 		.4byte	.LFB488
 11464 4bf3 DC000000 		.4byte	.LFE488-.LFB488
 11465 4bf7 01       		.uleb128 0x1
 11466 4bf8 9C       		.byte	0x9c
 11467 4bf9 2F4D0000 		.4byte	0x4d2f
 11468 4bfd 42       		.uleb128 0x42
 11469 4bfe 780F0000 		.4byte	.LASF596
 11470 4c02 D0360000 		.4byte	0x36d0
 11471 4c06 55110000 		.4byte	.LLST0
 11472 4c0a 51110000 		.4byte	.LVUS0
 11473 4c0e 2C       		.uleb128 0x2c
 11474 4c0f 46080000 		.4byte	.LASF613
 11475 4c13 01       		.byte	0x1
 11476 4c14 2A       		.byte	0x2a
 11477 4c15 1B       		.byte	0x1b
 11478 4c16 25000000 		.4byte	0x25
 11479 4c1a 7A110000 		.4byte	.LLST1
 11480 4c1e 76110000 		.4byte	.LVUS1
 11481 4c22 17       		.uleb128 0x17
 11482 4c23 706F7300 		.ascii	"pos\000"
 11483 4c27 01       		.byte	0x1
 11484 4c28 2B       		.byte	0x2b
 11485 4c29 0B       		.byte	0xb
 11486 4c2a 25000000 		.4byte	0x25
 11487 4c2e A0110000 		.4byte	.LLST2
 11488 4c32 9E110000 		.4byte	.LVUS2
 11489 4c36 17       		.uleb128 0x17
 11490 4c37 693100   		.ascii	"i1\000"
 11491 4c3a 01       		.byte	0x1
 11492 4c3b 2F       		.byte	0x2f
 11493 4c3c 0B       		.byte	0xb
 11494 4c3d 2C000000 		.4byte	0x2c
 11495 4c41 BA110000 		.4byte	.LLST3
 11496 4c45 B4110000 		.4byte	.LVUS3
 11497 4c49 20       		.uleb128 0x20
 11498 4c4a 57190000 		.4byte	.LASF402
 11499 4c4e 01       		.byte	0x1
 11500 4c4f 30       		.byte	0x30
 11501 4c50 0B       		.byte	0xb
 11502 4c51 25000000 		.4byte	0x25
 11503 4c55 E9110000 		.4byte	.LLST4
 11504 4c59 E7110000 		.4byte	.LVUS4
 11505 4c5d 17       		.uleb128 0x17
 11506 4c5e 693000   		.ascii	"i0\000"
 11507 4c61 01       		.byte	0x1
 11508 4c62 31       		.byte	0x31
 11509 4c63 0B       		.byte	0xb
 11510 4c64 2C000000 		.4byte	0x2c
ARM GAS  /tmp/ccVOBie3.s 			page 203


 11511 4c68 03120000 		.4byte	.LLST5
 11512 4c6c FD110000 		.4byte	.LVUS5
 11513 4c70 17       		.uleb128 0x17
 11514 4c71 693200   		.ascii	"i2\000"
 11515 4c74 01       		.byte	0x1
 11516 4c75 32       		.byte	0x32
 11517 4c76 0B       		.byte	0xb
 11518 4c77 2C000000 		.4byte	0x2c
 11519 4c7b 5C120000 		.4byte	.LLST6
 11520 4c7f 56120000 		.4byte	.LVUS6
 11521 4c83 17       		.uleb128 0x17
 11522 4c84 693300   		.ascii	"i3\000"
 11523 4c87 01       		.byte	0x1
 11524 4c88 33       		.byte	0x33
 11525 4c89 0B       		.byte	0xb
 11526 4c8a 2C000000 		.4byte	0x2c
 11527 4c8e A6120000 		.4byte	.LLST7
 11528 4c92 A0120000 		.4byte	.LVUS7
 11529 4c96 17       		.uleb128 0x17
 11530 4c97 703000   		.ascii	"p0\000"
 11531 4c9a 01       		.byte	0x1
 11532 4c9b 35       		.byte	0x35
 11533 4c9c 0B       		.byte	0xb
 11534 4c9d 25000000 		.4byte	0x25
 11535 4ca1 EE120000 		.4byte	.LLST8
 11536 4ca5 EA120000 		.4byte	.LVUS8
 11537 4ca9 17       		.uleb128 0x17
 11538 4caa 703100   		.ascii	"p1\000"
 11539 4cad 01       		.byte	0x1
 11540 4cae 35       		.byte	0x35
 11541 4caf 1A       		.byte	0x1a
 11542 4cb0 25000000 		.4byte	0x25
 11543 4cb4 2C130000 		.4byte	.LLST9
 11544 4cb8 28130000 		.4byte	.LVUS9
 11545 4cbc 17       		.uleb128 0x17
 11546 4cbd 703200   		.ascii	"p2\000"
 11547 4cc0 01       		.byte	0x1
 11548 4cc1 35       		.byte	0x35
 11549 4cc2 29       		.byte	0x29
 11550 4cc3 25000000 		.4byte	0x25
 11551 4cc7 57130000 		.4byte	.LLST10
 11552 4ccb 53130000 		.4byte	.LVUS10
 11553 4ccf 17       		.uleb128 0x17
 11554 4cd0 703300   		.ascii	"p3\000"
 11555 4cd3 01       		.byte	0x1
 11556 4cd4 35       		.byte	0x35
 11557 4cd5 38       		.byte	0x38
 11558 4cd6 25000000 		.4byte	0x25
 11559 4cda 8B130000 		.4byte	.LLST11
 11560 4cde 87130000 		.4byte	.LVUS11
 11561 4ce2 17       		.uleb128 0x17
 11562 4ce3 633000   		.ascii	"c0\000"
 11563 4ce6 01       		.byte	0x1
 11564 4ce7 36       		.byte	0x36
 11565 4ce8 0B       		.byte	0xb
 11566 4ce9 25000000 		.4byte	0x25
 11567 4ced AF130000 		.4byte	.LLST12
ARM GAS  /tmp/ccVOBie3.s 			page 204


 11568 4cf1 AB130000 		.4byte	.LVUS12
 11569 4cf5 17       		.uleb128 0x17
 11570 4cf6 633100   		.ascii	"c1\000"
 11571 4cf9 01       		.byte	0x1
 11572 4cfa 37       		.byte	0x37
 11573 4cfb 0B       		.byte	0xb
 11574 4cfc 25000000 		.4byte	0x25
 11575 4d00 D8130000 		.4byte	.LLST13
 11576 4d04 D6130000 		.4byte	.LVUS13
 11577 4d08 17       		.uleb128 0x17
 11578 4d09 633200   		.ascii	"c2\000"
 11579 4d0c 01       		.byte	0x1
 11580 4d0d 38       		.byte	0x38
 11581 4d0e 0B       		.byte	0xb
 11582 4d0f 25000000 		.4byte	0x25
 11583 4d13 F8130000 		.4byte	.LLST14
 11584 4d17 F6130000 		.4byte	.LVUS14
 11585 4d1b 17       		.uleb128 0x17
 11586 4d1c 633300   		.ascii	"c3\000"
 11587 4d1f 01       		.byte	0x1
 11588 4d20 39       		.byte	0x39
 11589 4d21 0B       		.byte	0xb
 11590 4d22 25000000 		.4byte	0x25
 11591 4d26 0E140000 		.4byte	.LLST15
 11592 4d2a 0C140000 		.4byte	.LVUS15
 11593 4d2e 00       		.byte	0
 11594 4d2f 12       		.uleb128 0x12
 11595 4d30 EC350000 		.4byte	0x35ec
 11596 4d34 3D4D0000 		.4byte	0x4d3d
 11597 4d38 03       		.byte	0x3
 11598 4d39 514D0000 		.4byte	0x4d51
 11599 4d3d 10       		.uleb128 0x10
 11600 4d3e 780F0000 		.4byte	.LASF596
 11601 4d42 C5360000 		.4byte	0x36c5
 11602 4d46 0F       		.uleb128 0xf
 11603 4d47 7300     		.ascii	"s\000"
 11604 4d49 01       		.byte	0x1
 11605 4d4a 16       		.byte	0x16
 11606 4d4b 14       		.byte	0x14
 11607 4d4c 25000000 		.4byte	0x25
 11608 4d50 00       		.byte	0
 11609 4d51 12       		.uleb128 0x12
 11610 4d52 C7350000 		.4byte	0x35c7
 11611 4d56 5F4D0000 		.4byte	0x4d5f
 11612 4d5a 03       		.byte	0x3
 11613 4d5b 814D0000 		.4byte	0x4d81
 11614 4d5f 10       		.uleb128 0x10
 11615 4d60 780F0000 		.4byte	.LASF596
 11616 4d64 C5360000 		.4byte	0x36c5
 11617 4d68 0F       		.uleb128 0xf
 11618 4d69 62756600 		.ascii	"buf\000"
 11619 4d6d 01       		.byte	0x1
 11620 4d6e 0E       		.byte	0xe
 11621 4d6f 14       		.byte	0x14
 11622 4d70 9B220000 		.4byte	0x229b
 11623 4d74 0F       		.uleb128 0xf
 11624 4d75 6C656E00 		.ascii	"len\000"
ARM GAS  /tmp/ccVOBie3.s 			page 205


 11625 4d79 01       		.byte	0x1
 11626 4d7a 0E       		.byte	0xe
 11627 4d7b 20       		.byte	0x20
 11628 4d7c B2150000 		.4byte	0x15b2
 11629 4d80 00       		.byte	0
 11630 4d81 12       		.uleb128 0x12
 11631 4d82 A8350000 		.4byte	0x35a8
 11632 4d86 8F4D0000 		.4byte	0x4d8f
 11633 4d8a 02       		.byte	0x2
 11634 4d8b 994D0000 		.4byte	0x4d99
 11635 4d8f 10       		.uleb128 0x10
 11636 4d90 780F0000 		.4byte	.LASF596
 11637 4d94 C5360000 		.4byte	0x36c5
 11638 4d98 00       		.byte	0
 11639 4d99 37       		.uleb128 0x37
 11640 4d9a 814D0000 		.4byte	0x4d81
 11641 4d9e 60160000 		.4byte	.LASF614
 11642 4da2 AA4D0000 		.4byte	0x4daa
 11643 4da6 B04D0000 		.4byte	0x4db0
 11644 4daa 23       		.uleb128 0x23
 11645 4dab 8F4D0000 		.4byte	0x4d8f
 11646 4daf 00       		.byte	0
 11647 4db0 43       		.uleb128 0x43
 11648 4db1 49000000 		.4byte	.LASF615
 11649 4db5 03       		.byte	0x3
 11650 4db6 5B       		.byte	0x5b
 11651 4db7 0E       		.byte	0xe
 11652 4db8 5B080000 		.4byte	.LASF616
 11653 4dbc 25000000 		.4byte	0x25
 11654 4dc0 03       		.byte	0x3
 11655 4dc1 E44D0000 		.4byte	0x4de4
 11656 4dc5 0F       		.uleb128 0xf
 11657 4dc6 6100     		.ascii	"a\000"
 11658 4dc8 03       		.byte	0x3
 11659 4dc9 5B       		.byte	0x5b
 11660 4dca 1A       		.byte	0x1a
 11661 4dcb 25000000 		.4byte	0x25
 11662 4dcf 0F       		.uleb128 0xf
 11663 4dd0 6200     		.ascii	"b\000"
 11664 4dd2 03       		.byte	0x3
 11665 4dd3 5B       		.byte	0x5b
 11666 4dd4 23       		.byte	0x23
 11667 4dd5 25000000 		.4byte	0x25
 11668 4dd9 0F       		.uleb128 0xf
 11669 4dda 7400     		.ascii	"t\000"
 11670 4ddc 03       		.byte	0x3
 11671 4ddd 5B       		.byte	0x5b
 11672 4dde 2C       		.byte	0x2c
 11673 4ddf 25000000 		.4byte	0x25
 11674 4de3 00       		.byte	0
 11675 4de4 43       		.uleb128 0x43
 11676 4de5 59140000 		.4byte	.LASF617
 11677 4de9 03       		.byte	0x3
 11678 4dea 58       		.byte	0x58
 11679 4deb 0E       		.byte	0xe
 11680 4dec BE040000 		.4byte	.LASF618
 11681 4df0 25000000 		.4byte	0x25
ARM GAS  /tmp/ccVOBie3.s 			page 206


 11682 4df4 03       		.byte	0x3
 11683 4df5 1A4E0000 		.4byte	0x4e1a
 11684 4df9 0F       		.uleb128 0xf
 11685 4dfa 7600     		.ascii	"v\000"
 11686 4dfc 03       		.byte	0x3
 11687 4dfd 58       		.byte	0x58
 11688 4dfe 1B       		.byte	0x1b
 11689 4dff 25000000 		.4byte	0x25
 11690 4e03 0F       		.uleb128 0xf
 11691 4e04 6C6F00   		.ascii	"lo\000"
 11692 4e07 03       		.byte	0x3
 11693 4e08 58       		.byte	0x58
 11694 4e09 24       		.byte	0x24
 11695 4e0a 25000000 		.4byte	0x25
 11696 4e0e 0F       		.uleb128 0xf
 11697 4e0f 686900   		.ascii	"hi\000"
 11698 4e12 03       		.byte	0x3
 11699 4e13 58       		.byte	0x58
 11700 4e14 2E       		.byte	0x2e
 11701 4e15 25000000 		.4byte	0x25
 11702 4e19 00       		.byte	0
 11703 4e1a 43       		.uleb128 0x43
 11704 4e1b 4E100000 		.4byte	.LASF619
 11705 4e1f 03       		.byte	0x3
 11706 4e20 4E       		.byte	0x4e
 11707 4e21 0E       		.byte	0xe
 11708 4e22 1B1A0000 		.4byte	.LASF620
 11709 4e26 25000000 		.4byte	0x25
 11710 4e2a 03       		.byte	0x3
 11711 4e2b 464E0000 		.4byte	0x4e46
 11712 4e2f 0F       		.uleb128 0xf
 11713 4e30 7400     		.ascii	"t\000"
 11714 4e32 03       		.byte	0x3
 11715 4e33 4E       		.byte	0x4e
 11716 4e34 1F       		.byte	0x1f
 11717 4e35 25000000 		.4byte	0x25
 11718 4e39 24       		.uleb128 0x24
 11719 4e3a 69647800 		.ascii	"idx\000"
 11720 4e3e 03       		.byte	0x3
 11721 4e3f 4F       		.byte	0x4f
 11722 4e40 07       		.byte	0x7
 11723 4e41 2C000000 		.4byte	0x2c
 11724 4e45 00       		.byte	0
 11725 4e46 8701     		.uleb128 0x87
 11726 4e48 29050000 		.4byte	.LASF622
 11727 4e4c 05       		.byte	0x5
 11728 4e4d 4D       		.byte	0x4d
 11729 4e4e 09       		.byte	0x9
 11730 4e4f 59000000 		.4byte	0x59
 11731 4e53 03       		.byte	0x3
 11732 4e54 7B4E0000 		.4byte	0x4e7b
 11733 4e58 0F       		.uleb128 0xf
 11734 4e59 6D696E00 		.ascii	"min\000"
 11735 4e5d 05       		.byte	0x5
 11736 4e5e 4D       		.byte	0x4d
 11737 4e5f 25       		.byte	0x25
 11738 4e60 65000000 		.4byte	0x65
ARM GAS  /tmp/ccVOBie3.s 			page 207


 11739 4e64 0F       		.uleb128 0xf
 11740 4e65 7800     		.ascii	"x\000"
 11741 4e67 05       		.byte	0x5
 11742 4e68 4D       		.byte	0x4d
 11743 4e69 38       		.byte	0x38
 11744 4e6a 65000000 		.4byte	0x65
 11745 4e6e 0F       		.uleb128 0xf
 11746 4e6f 6D617800 		.ascii	"max\000"
 11747 4e73 05       		.byte	0x5
 11748 4e74 4D       		.byte	0x4d
 11749 4e75 49       		.byte	0x49
 11750 4e76 65000000 		.4byte	0x65
 11751 4e7a 00       		.byte	0
 11752 4e7b 16       		.uleb128 0x16
 11753 4e7c 02       		.byte	0x2
 11754 4e7d 10       		.byte	0x10
 11755 4e7e 941D0000 		.4byte	.LASF623
 11756 4e82 16       		.uleb128 0x16
 11757 4e83 04       		.byte	0x4
 11758 4e84 10       		.byte	0x10
 11759 4e85 840F0000 		.4byte	.LASF624
 11760 4e89 8801     		.uleb128 0x88
 11761 4e8b 95400000 		.4byte	0x4095
 11762 4e8f 14000000 		.4byte	.LFB522
 11763 4e93 02000000 		.4byte	.LFE522-.LFB522
 11764 4e97 01       		.uleb128 0x1
 11765 4e98 9C       		.byte	0x9c
 11766 4e99 8901     		.uleb128 0x89
 11767 4e9b 1A3D0000 		.4byte	0x3d1a
 11768 4e9f 00020000 		.4byte	.LFB530
 11769 4ea3 02000000 		.4byte	.LFE530-.LFB530
 11770 4ea7 01       		.uleb128 0x1
 11771 4ea8 9C       		.byte	0x9c
 11772 4ea9 B54E0000 		.4byte	0x4eb5
 11773 4ead 3D       		.uleb128 0x3d
 11774 4eae 273D0000 		.4byte	0x3d27
 11775 4eb2 01       		.uleb128 0x1
 11776 4eb3 50       		.byte	0x50
 11777 4eb4 00       		.byte	0
 11778 4eb5 55       		.uleb128 0x55
 11779 4eb6 B6080000 		.4byte	.LASF629
 11780 4eba CB040000 		.4byte	.LASF631
 11781 4ebe 56       		.uleb128 0x56
 11782 4ebf 971E0000 		.4byte	.LASF625
 11783 4ec3 F4190000 		.4byte	.LASF627
 11784 4ec7 03       		.byte	0x3
 11785 4ec8 46       		.byte	0x46
 11786 4ec9 06       		.byte	0x6
 11787 4eca 56       		.uleb128 0x56
 11788 4ecb 191C0000 		.4byte	.LASF626
 11789 4ecf 1B0C0000 		.4byte	.LASF628
 11790 4ed3 03       		.byte	0x3
 11791 4ed4 47       		.byte	0x47
 11792 4ed5 06       		.byte	0x6
 11793 4ed6 55       		.uleb128 0x55
 11794 4ed7 251F0000 		.4byte	.LASF630
 11795 4edb E10D0000 		.4byte	.LASF632
ARM GAS  /tmp/ccVOBie3.s 			page 208


 11796 4edf 00       		.byte	0
 11797              		.section	.debug_abbrev,"",%progbits
 11798              	.Ldebug_abbrev0:
 11799 0000 01       		.uleb128 0x1
 11800 0001 05       		.uleb128 0x5
 11801 0002 00       		.byte	0
 11802 0003 49       		.uleb128 0x49
 11803 0004 13       		.uleb128 0x13
 11804 0005 00       		.byte	0
 11805 0006 00       		.byte	0
 11806 0007 02       		.uleb128 0x2
 11807 0008 08       		.uleb128 0x8
 11808 0009 00       		.byte	0
 11809 000a 3A       		.uleb128 0x3a
 11810 000b 0B       		.uleb128 0xb
 11811 000c 3B       		.uleb128 0x3b
 11812 000d 0B       		.uleb128 0xb
 11813 000e 39       		.uleb128 0x39
 11814 000f 0B       		.uleb128 0xb
 11815 0010 18       		.uleb128 0x18
 11816 0011 13       		.uleb128 0x13
 11817 0012 00       		.byte	0
 11818 0013 00       		.byte	0
 11819 0014 03       		.uleb128 0x3
 11820 0015 2E       		.uleb128 0x2e
 11821 0016 01       		.byte	0x1
 11822 0017 3F       		.uleb128 0x3f
 11823 0018 19       		.uleb128 0x19
 11824 0019 03       		.uleb128 0x3
 11825 001a 0E       		.uleb128 0xe
 11826 001b 3A       		.uleb128 0x3a
 11827 001c 0B       		.uleb128 0xb
 11828 001d 3B       		.uleb128 0x3b
 11829 001e 05       		.uleb128 0x5
 11830 001f 39       		.uleb128 0x39
 11831 0020 0B       		.uleb128 0xb
 11832 0021 6E       		.uleb128 0x6e
 11833 0022 0E       		.uleb128 0xe
 11834 0023 49       		.uleb128 0x49
 11835 0024 13       		.uleb128 0x13
 11836 0025 3C       		.uleb128 0x3c
 11837 0026 19       		.uleb128 0x19
 11838 0027 01       		.uleb128 0x1
 11839 0028 13       		.uleb128 0x13
 11840 0029 00       		.byte	0
 11841 002a 00       		.byte	0
 11842 002b 04       		.uleb128 0x4
 11843 002c 0D       		.uleb128 0xd
 11844 002d 00       		.byte	0
 11845 002e 03       		.uleb128 0x3
 11846 002f 0E       		.uleb128 0xe
 11847 0030 3A       		.uleb128 0x3a
 11848 0031 0B       		.uleb128 0xb
 11849 0032 3B       		.uleb128 0x3b
 11850 0033 0B       		.uleb128 0xb
 11851 0034 39       		.uleb128 0x39
 11852 0035 0B       		.uleb128 0xb
ARM GAS  /tmp/ccVOBie3.s 			page 209


 11853 0036 49       		.uleb128 0x49
 11854 0037 13       		.uleb128 0x13
 11855 0038 38       		.uleb128 0x38
 11856 0039 0B       		.uleb128 0xb
 11857 003a 00       		.byte	0
 11858 003b 00       		.byte	0
 11859 003c 05       		.uleb128 0x5
 11860 003d 05       		.uleb128 0x5
 11861 003e 00       		.byte	0
 11862 003f 31       		.uleb128 0x31
 11863 0040 13       		.uleb128 0x13
 11864 0041 02       		.uleb128 0x2
 11865 0042 17       		.uleb128 0x17
 11866 0043 B742     		.uleb128 0x2137
 11867 0045 17       		.uleb128 0x17
 11868 0046 00       		.byte	0
 11869 0047 00       		.byte	0
 11870 0048 06       		.uleb128 0x6
 11871 0049 0D       		.uleb128 0xd
 11872 004a 00       		.byte	0
 11873 004b 03       		.uleb128 0x3
 11874 004c 0E       		.uleb128 0xe
 11875 004d 3A       		.uleb128 0x3a
 11876 004e 0B       		.uleb128 0xb
 11877 004f 3B       		.uleb128 0x3b
 11878 0050 05       		.uleb128 0x5
 11879 0051 39       		.uleb128 0x39
 11880 0052 0B       		.uleb128 0xb
 11881 0053 49       		.uleb128 0x49
 11882 0054 13       		.uleb128 0x13
 11883 0055 38       		.uleb128 0x38
 11884 0056 0B       		.uleb128 0xb
 11885 0057 00       		.byte	0
 11886 0058 00       		.byte	0
 11887 0059 07       		.uleb128 0x7
 11888 005a 16       		.uleb128 0x16
 11889 005b 00       		.byte	0
 11890 005c 03       		.uleb128 0x3
 11891 005d 0E       		.uleb128 0xe
 11892 005e 3A       		.uleb128 0x3a
 11893 005f 0B       		.uleb128 0xb
 11894 0060 3B       		.uleb128 0x3b
 11895 0061 0B       		.uleb128 0xb
 11896 0062 39       		.uleb128 0x39
 11897 0063 0B       		.uleb128 0xb
 11898 0064 49       		.uleb128 0x49
 11899 0065 13       		.uleb128 0x13
 11900 0066 00       		.byte	0
 11901 0067 00       		.byte	0
 11902 0068 08       		.uleb128 0x8
 11903 0069 0F       		.uleb128 0xf
 11904 006a 00       		.byte	0
 11905 006b 0B       		.uleb128 0xb
 11906 006c 0B       		.uleb128 0xb
 11907 006d 49       		.uleb128 0x49
 11908 006e 13       		.uleb128 0x13
 11909 006f 00       		.byte	0
ARM GAS  /tmp/ccVOBie3.s 			page 210


 11910 0070 00       		.byte	0
 11911 0071 09       		.uleb128 0x9
 11912 0072 2E       		.uleb128 0x2e
 11913 0073 01       		.byte	0x1
 11914 0074 3F       		.uleb128 0x3f
 11915 0075 19       		.uleb128 0x19
 11916 0076 03       		.uleb128 0x3
 11917 0077 0E       		.uleb128 0xe
 11918 0078 3A       		.uleb128 0x3a
 11919 0079 0B       		.uleb128 0xb
 11920 007a 3B       		.uleb128 0x3b
 11921 007b 0B       		.uleb128 0xb
 11922 007c 39       		.uleb128 0x39
 11923 007d 0B       		.uleb128 0xb
 11924 007e 49       		.uleb128 0x49
 11925 007f 13       		.uleb128 0x13
 11926 0080 3C       		.uleb128 0x3c
 11927 0081 19       		.uleb128 0x19
 11928 0082 01       		.uleb128 0x1
 11929 0083 13       		.uleb128 0x13
 11930 0084 00       		.byte	0
 11931 0085 00       		.byte	0
 11932 0086 0A       		.uleb128 0xa
 11933 0087 2E       		.uleb128 0x2e
 11934 0088 01       		.byte	0x1
 11935 0089 3F       		.uleb128 0x3f
 11936 008a 19       		.uleb128 0x19
 11937 008b 03       		.uleb128 0x3
 11938 008c 0E       		.uleb128 0xe
 11939 008d 3A       		.uleb128 0x3a
 11940 008e 0B       		.uleb128 0xb
 11941 008f 3B       		.uleb128 0x3b
 11942 0090 05       		.uleb128 0x5
 11943 0091 39       		.uleb128 0x39
 11944 0092 0B       		.uleb128 0xb
 11945 0093 49       		.uleb128 0x49
 11946 0094 13       		.uleb128 0x13
 11947 0095 3C       		.uleb128 0x3c
 11948 0096 19       		.uleb128 0x19
 11949 0097 01       		.uleb128 0x1
 11950 0098 13       		.uleb128 0x13
 11951 0099 00       		.byte	0
 11952 009a 00       		.byte	0
 11953 009b 0B       		.uleb128 0xb
 11954 009c 01       		.uleb128 0x1
 11955 009d 01       		.byte	0x1
 11956 009e 49       		.uleb128 0x49
 11957 009f 13       		.uleb128 0x13
 11958 00a0 01       		.uleb128 0x1
 11959 00a1 13       		.uleb128 0x13
 11960 00a2 00       		.byte	0
 11961 00a3 00       		.byte	0
 11962 00a4 0C       		.uleb128 0xc
 11963 00a5 05       		.uleb128 0x5
 11964 00a6 00       		.byte	0
 11965 00a7 49       		.uleb128 0x49
 11966 00a8 13       		.uleb128 0x13
ARM GAS  /tmp/ccVOBie3.s 			page 211


 11967 00a9 34       		.uleb128 0x34
 11968 00aa 19       		.uleb128 0x19
 11969 00ab 00       		.byte	0
 11970 00ac 00       		.byte	0
 11971 00ad 0D       		.uleb128 0xd
 11972 00ae 26       		.uleb128 0x26
 11973 00af 00       		.byte	0
 11974 00b0 49       		.uleb128 0x49
 11975 00b1 13       		.uleb128 0x13
 11976 00b2 00       		.byte	0
 11977 00b3 00       		.byte	0
 11978 00b4 0E       		.uleb128 0xe
 11979 00b5 21       		.uleb128 0x21
 11980 00b6 00       		.byte	0
 11981 00b7 49       		.uleb128 0x49
 11982 00b8 13       		.uleb128 0x13
 11983 00b9 2F       		.uleb128 0x2f
 11984 00ba 0B       		.uleb128 0xb
 11985 00bb 00       		.byte	0
 11986 00bc 00       		.byte	0
 11987 00bd 0F       		.uleb128 0xf
 11988 00be 05       		.uleb128 0x5
 11989 00bf 00       		.byte	0
 11990 00c0 03       		.uleb128 0x3
 11991 00c1 08       		.uleb128 0x8
 11992 00c2 3A       		.uleb128 0x3a
 11993 00c3 0B       		.uleb128 0xb
 11994 00c4 3B       		.uleb128 0x3b
 11995 00c5 0B       		.uleb128 0xb
 11996 00c6 39       		.uleb128 0x39
 11997 00c7 0B       		.uleb128 0xb
 11998 00c8 49       		.uleb128 0x49
 11999 00c9 13       		.uleb128 0x13
 12000 00ca 00       		.byte	0
 12001 00cb 00       		.byte	0
 12002 00cc 10       		.uleb128 0x10
 12003 00cd 05       		.uleb128 0x5
 12004 00ce 00       		.byte	0
 12005 00cf 03       		.uleb128 0x3
 12006 00d0 0E       		.uleb128 0xe
 12007 00d1 49       		.uleb128 0x49
 12008 00d2 13       		.uleb128 0x13
 12009 00d3 34       		.uleb128 0x34
 12010 00d4 19       		.uleb128 0x19
 12011 00d5 00       		.byte	0
 12012 00d6 00       		.byte	0
 12013 00d7 11       		.uleb128 0x11
 12014 00d8 8A8201   		.uleb128 0x410a
 12015 00db 00       		.byte	0
 12016 00dc 02       		.uleb128 0x2
 12017 00dd 18       		.uleb128 0x18
 12018 00de 9142     		.uleb128 0x2111
 12019 00e0 18       		.uleb128 0x18
 12020 00e1 00       		.byte	0
 12021 00e2 00       		.byte	0
 12022 00e3 12       		.uleb128 0x12
 12023 00e4 2E       		.uleb128 0x2e
ARM GAS  /tmp/ccVOBie3.s 			page 212


 12024 00e5 01       		.byte	0x1
 12025 00e6 47       		.uleb128 0x47
 12026 00e7 13       		.uleb128 0x13
 12027 00e8 64       		.uleb128 0x64
 12028 00e9 13       		.uleb128 0x13
 12029 00ea 20       		.uleb128 0x20
 12030 00eb 0B       		.uleb128 0xb
 12031 00ec 01       		.uleb128 0x1
 12032 00ed 13       		.uleb128 0x13
 12033 00ee 00       		.byte	0
 12034 00ef 00       		.byte	0
 12035 00f0 13       		.uleb128 0x13
 12036 00f1 34       		.uleb128 0x34
 12037 00f2 00       		.byte	0
 12038 00f3 03       		.uleb128 0x3
 12039 00f4 0E       		.uleb128 0xe
 12040 00f5 3A       		.uleb128 0x3a
 12041 00f6 0B       		.uleb128 0xb
 12042 00f7 3B       		.uleb128 0x3b
 12043 00f8 05       		.uleb128 0x5
 12044 00f9 39       		.uleb128 0x39
 12045 00fa 0B       		.uleb128 0xb
 12046 00fb 49       		.uleb128 0x49
 12047 00fc 13       		.uleb128 0x13
 12048 00fd 3F       		.uleb128 0x3f
 12049 00fe 19       		.uleb128 0x19
 12050 00ff 3C       		.uleb128 0x3c
 12051 0100 19       		.uleb128 0x19
 12052 0101 00       		.byte	0
 12053 0102 00       		.byte	0
 12054 0103 14       		.uleb128 0x14
 12055 0104 0D       		.uleb128 0xd
 12056 0105 00       		.byte	0
 12057 0106 03       		.uleb128 0x3
 12058 0107 08       		.uleb128 0x8
 12059 0108 3A       		.uleb128 0x3a
 12060 0109 0B       		.uleb128 0xb
 12061 010a 3B       		.uleb128 0x3b
 12062 010b 0B       		.uleb128 0xb
 12063 010c 39       		.uleb128 0x39
 12064 010d 0B       		.uleb128 0xb
 12065 010e 49       		.uleb128 0x49
 12066 010f 13       		.uleb128 0x13
 12067 0110 38       		.uleb128 0x38
 12068 0111 0B       		.uleb128 0xb
 12069 0112 00       		.byte	0
 12070 0113 00       		.byte	0
 12071 0114 15       		.uleb128 0x15
 12072 0115 1D       		.uleb128 0x1d
 12073 0116 01       		.byte	0x1
 12074 0117 31       		.uleb128 0x31
 12075 0118 13       		.uleb128 0x13
 12076 0119 52       		.uleb128 0x52
 12077 011a 01       		.uleb128 0x1
 12078 011b B842     		.uleb128 0x2138
 12079 011d 0B       		.uleb128 0xb
 12080 011e 55       		.uleb128 0x55
ARM GAS  /tmp/ccVOBie3.s 			page 213


 12081 011f 17       		.uleb128 0x17
 12082 0120 58       		.uleb128 0x58
 12083 0121 0B       		.uleb128 0xb
 12084 0122 59       		.uleb128 0x59
 12085 0123 0B       		.uleb128 0xb
 12086 0124 57       		.uleb128 0x57
 12087 0125 0B       		.uleb128 0xb
 12088 0126 01       		.uleb128 0x1
 12089 0127 13       		.uleb128 0x13
 12090 0128 00       		.byte	0
 12091 0129 00       		.byte	0
 12092 012a 16       		.uleb128 0x16
 12093 012b 24       		.uleb128 0x24
 12094 012c 00       		.byte	0
 12095 012d 0B       		.uleb128 0xb
 12096 012e 0B       		.uleb128 0xb
 12097 012f 3E       		.uleb128 0x3e
 12098 0130 0B       		.uleb128 0xb
 12099 0131 03       		.uleb128 0x3
 12100 0132 0E       		.uleb128 0xe
 12101 0133 00       		.byte	0
 12102 0134 00       		.byte	0
 12103 0135 17       		.uleb128 0x17
 12104 0136 34       		.uleb128 0x34
 12105 0137 00       		.byte	0
 12106 0138 03       		.uleb128 0x3
 12107 0139 08       		.uleb128 0x8
 12108 013a 3A       		.uleb128 0x3a
 12109 013b 0B       		.uleb128 0xb
 12110 013c 3B       		.uleb128 0x3b
 12111 013d 0B       		.uleb128 0xb
 12112 013e 39       		.uleb128 0x39
 12113 013f 0B       		.uleb128 0xb
 12114 0140 49       		.uleb128 0x49
 12115 0141 13       		.uleb128 0x13
 12116 0142 02       		.uleb128 0x2
 12117 0143 17       		.uleb128 0x17
 12118 0144 B742     		.uleb128 0x2137
 12119 0146 17       		.uleb128 0x17
 12120 0147 00       		.byte	0
 12121 0148 00       		.byte	0
 12122 0149 18       		.uleb128 0x18
 12123 014a 2E       		.uleb128 0x2e
 12124 014b 01       		.byte	0x1
 12125 014c 3F       		.uleb128 0x3f
 12126 014d 19       		.uleb128 0x19
 12127 014e 03       		.uleb128 0x3
 12128 014f 0E       		.uleb128 0xe
 12129 0150 3A       		.uleb128 0x3a
 12130 0151 0B       		.uleb128 0xb
 12131 0152 3B       		.uleb128 0x3b
 12132 0153 0B       		.uleb128 0xb
 12133 0154 39       		.uleb128 0x39
 12134 0155 0B       		.uleb128 0xb
 12135 0156 6E       		.uleb128 0x6e
 12136 0157 0E       		.uleb128 0xe
 12137 0158 49       		.uleb128 0x49
ARM GAS  /tmp/ccVOBie3.s 			page 214


 12138 0159 13       		.uleb128 0x13
 12139 015a 3C       		.uleb128 0x3c
 12140 015b 19       		.uleb128 0x19
 12141 015c 01       		.uleb128 0x1
 12142 015d 13       		.uleb128 0x13
 12143 015e 00       		.byte	0
 12144 015f 00       		.byte	0
 12145 0160 19       		.uleb128 0x19
 12146 0161 2E       		.uleb128 0x2e
 12147 0162 01       		.byte	0x1
 12148 0163 3F       		.uleb128 0x3f
 12149 0164 19       		.uleb128 0x19
 12150 0165 03       		.uleb128 0x3
 12151 0166 0E       		.uleb128 0xe
 12152 0167 3A       		.uleb128 0x3a
 12153 0168 0B       		.uleb128 0xb
 12154 0169 3B       		.uleb128 0x3b
 12155 016a 0B       		.uleb128 0xb
 12156 016b 39       		.uleb128 0x39
 12157 016c 0B       		.uleb128 0xb
 12158 016d 6E       		.uleb128 0x6e
 12159 016e 0E       		.uleb128 0xe
 12160 016f 32       		.uleb128 0x32
 12161 0170 0B       		.uleb128 0xb
 12162 0171 3C       		.uleb128 0x3c
 12163 0172 19       		.uleb128 0x19
 12164 0173 64       		.uleb128 0x64
 12165 0174 13       		.uleb128 0x13
 12166 0175 01       		.uleb128 0x1
 12167 0176 13       		.uleb128 0x13
 12168 0177 00       		.byte	0
 12169 0178 00       		.byte	0
 12170 0179 1A       		.uleb128 0x1a
 12171 017a 05       		.uleb128 0x5
 12172 017b 00       		.byte	0
 12173 017c 03       		.uleb128 0x3
 12174 017d 0E       		.uleb128 0xe
 12175 017e 3A       		.uleb128 0x3a
 12176 017f 0B       		.uleb128 0xb
 12177 0180 3B       		.uleb128 0x3b
 12178 0181 0B       		.uleb128 0xb
 12179 0182 39       		.uleb128 0x39
 12180 0183 0B       		.uleb128 0xb
 12181 0184 49       		.uleb128 0x49
 12182 0185 13       		.uleb128 0x13
 12183 0186 00       		.byte	0
 12184 0187 00       		.byte	0
 12185 0188 1B       		.uleb128 0x1b
 12186 0189 2E       		.uleb128 0x2e
 12187 018a 01       		.byte	0x1
 12188 018b 3F       		.uleb128 0x3f
 12189 018c 19       		.uleb128 0x19
 12190 018d 03       		.uleb128 0x3
 12191 018e 08       		.uleb128 0x8
 12192 018f 3A       		.uleb128 0x3a
 12193 0190 0B       		.uleb128 0xb
 12194 0191 3B       		.uleb128 0x3b
ARM GAS  /tmp/ccVOBie3.s 			page 215


 12195 0192 05       		.uleb128 0x5
 12196 0193 39       		.uleb128 0x39
 12197 0194 0B       		.uleb128 0xb
 12198 0195 6E       		.uleb128 0x6e
 12199 0196 0E       		.uleb128 0xe
 12200 0197 49       		.uleb128 0x49
 12201 0198 13       		.uleb128 0x13
 12202 0199 3C       		.uleb128 0x3c
 12203 019a 19       		.uleb128 0x19
 12204 019b 01       		.uleb128 0x1
 12205 019c 13       		.uleb128 0x13
 12206 019d 00       		.byte	0
 12207 019e 00       		.byte	0
 12208 019f 1C       		.uleb128 0x1c
 12209 01a0 34       		.uleb128 0x34
 12210 01a1 00       		.byte	0
 12211 01a2 03       		.uleb128 0x3
 12212 01a3 0E       		.uleb128 0xe
 12213 01a4 3A       		.uleb128 0x3a
 12214 01a5 0B       		.uleb128 0xb
 12215 01a6 3B       		.uleb128 0x3b
 12216 01a7 0B       		.uleb128 0xb
 12217 01a8 39       		.uleb128 0x39
 12218 01a9 0B       		.uleb128 0xb
 12219 01aa 49       		.uleb128 0x49
 12220 01ab 13       		.uleb128 0x13
 12221 01ac 3F       		.uleb128 0x3f
 12222 01ad 19       		.uleb128 0x19
 12223 01ae 3C       		.uleb128 0x3c
 12224 01af 19       		.uleb128 0x19
 12225 01b0 00       		.byte	0
 12226 01b1 00       		.byte	0
 12227 01b2 1D       		.uleb128 0x1d
 12228 01b3 2E       		.uleb128 0x2e
 12229 01b4 01       		.byte	0x1
 12230 01b5 3F       		.uleb128 0x3f
 12231 01b6 19       		.uleb128 0x19
 12232 01b7 03       		.uleb128 0x3
 12233 01b8 0E       		.uleb128 0xe
 12234 01b9 3A       		.uleb128 0x3a
 12235 01ba 0B       		.uleb128 0xb
 12236 01bb 3B       		.uleb128 0x3b
 12237 01bc 0B       		.uleb128 0xb
 12238 01bd 39       		.uleb128 0x39
 12239 01be 0B       		.uleb128 0xb
 12240 01bf 6E       		.uleb128 0x6e
 12241 01c0 0E       		.uleb128 0xe
 12242 01c1 49       		.uleb128 0x49
 12243 01c2 13       		.uleb128 0x13
 12244 01c3 32       		.uleb128 0x32
 12245 01c4 0B       		.uleb128 0xb
 12246 01c5 3C       		.uleb128 0x3c
 12247 01c6 19       		.uleb128 0x19
 12248 01c7 64       		.uleb128 0x64
 12249 01c8 13       		.uleb128 0x13
 12250 01c9 01       		.uleb128 0x1
 12251 01ca 13       		.uleb128 0x13
ARM GAS  /tmp/ccVOBie3.s 			page 216


 12252 01cb 00       		.byte	0
 12253 01cc 00       		.byte	0
 12254 01cd 1E       		.uleb128 0x1e
 12255 01ce 898201   		.uleb128 0x4109
 12256 01d1 00       		.byte	0
 12257 01d2 11       		.uleb128 0x11
 12258 01d3 01       		.uleb128 0x1
 12259 01d4 31       		.uleb128 0x31
 12260 01d5 13       		.uleb128 0x13
 12261 01d6 00       		.byte	0
 12262 01d7 00       		.byte	0
 12263 01d8 1F       		.uleb128 0x1f
 12264 01d9 34       		.uleb128 0x34
 12265 01da 00       		.byte	0
 12266 01db 31       		.uleb128 0x31
 12267 01dc 13       		.uleb128 0x13
 12268 01dd 02       		.uleb128 0x2
 12269 01de 17       		.uleb128 0x17
 12270 01df B742     		.uleb128 0x2137
 12271 01e1 17       		.uleb128 0x17
 12272 01e2 00       		.byte	0
 12273 01e3 00       		.byte	0
 12274 01e4 20       		.uleb128 0x20
 12275 01e5 34       		.uleb128 0x34
 12276 01e6 00       		.byte	0
 12277 01e7 03       		.uleb128 0x3
 12278 01e8 0E       		.uleb128 0xe
 12279 01e9 3A       		.uleb128 0x3a
 12280 01ea 0B       		.uleb128 0xb
 12281 01eb 3B       		.uleb128 0x3b
 12282 01ec 0B       		.uleb128 0xb
 12283 01ed 39       		.uleb128 0x39
 12284 01ee 0B       		.uleb128 0xb
 12285 01ef 49       		.uleb128 0x49
 12286 01f0 13       		.uleb128 0x13
 12287 01f1 02       		.uleb128 0x2
 12288 01f2 17       		.uleb128 0x17
 12289 01f3 B742     		.uleb128 0x2137
 12290 01f5 17       		.uleb128 0x17
 12291 01f6 00       		.byte	0
 12292 01f7 00       		.byte	0
 12293 01f8 21       		.uleb128 0x21
 12294 01f9 898201   		.uleb128 0x4109
 12295 01fc 01       		.byte	0x1
 12296 01fd 11       		.uleb128 0x11
 12297 01fe 01       		.uleb128 0x1
 12298 01ff 31       		.uleb128 0x31
 12299 0200 13       		.uleb128 0x13
 12300 0201 00       		.byte	0
 12301 0202 00       		.byte	0
 12302 0203 22       		.uleb128 0x22
 12303 0204 2E       		.uleb128 0x2e
 12304 0205 01       		.byte	0x1
 12305 0206 3F       		.uleb128 0x3f
 12306 0207 19       		.uleb128 0x19
 12307 0208 03       		.uleb128 0x3
 12308 0209 08       		.uleb128 0x8
ARM GAS  /tmp/ccVOBie3.s 			page 217


 12309 020a 3A       		.uleb128 0x3a
 12310 020b 0B       		.uleb128 0xb
 12311 020c 3B       		.uleb128 0x3b
 12312 020d 0B       		.uleb128 0xb
 12313 020e 39       		.uleb128 0x39
 12314 020f 0B       		.uleb128 0xb
 12315 0210 6E       		.uleb128 0x6e
 12316 0211 0E       		.uleb128 0xe
 12317 0212 49       		.uleb128 0x49
 12318 0213 13       		.uleb128 0x13
 12319 0214 3C       		.uleb128 0x3c
 12320 0215 19       		.uleb128 0x19
 12321 0216 01       		.uleb128 0x1
 12322 0217 13       		.uleb128 0x13
 12323 0218 00       		.byte	0
 12324 0219 00       		.byte	0
 12325 021a 23       		.uleb128 0x23
 12326 021b 05       		.uleb128 0x5
 12327 021c 00       		.byte	0
 12328 021d 31       		.uleb128 0x31
 12329 021e 13       		.uleb128 0x13
 12330 021f 00       		.byte	0
 12331 0220 00       		.byte	0
 12332 0221 24       		.uleb128 0x24
 12333 0222 34       		.uleb128 0x34
 12334 0223 00       		.byte	0
 12335 0224 03       		.uleb128 0x3
 12336 0225 08       		.uleb128 0x8
 12337 0226 3A       		.uleb128 0x3a
 12338 0227 0B       		.uleb128 0xb
 12339 0228 3B       		.uleb128 0x3b
 12340 0229 0B       		.uleb128 0xb
 12341 022a 39       		.uleb128 0x39
 12342 022b 0B       		.uleb128 0xb
 12343 022c 49       		.uleb128 0x49
 12344 022d 13       		.uleb128 0x13
 12345 022e 00       		.byte	0
 12346 022f 00       		.byte	0
 12347 0230 25       		.uleb128 0x25
 12348 0231 0D       		.uleb128 0xd
 12349 0232 00       		.byte	0
 12350 0233 03       		.uleb128 0x3
 12351 0234 0E       		.uleb128 0xe
 12352 0235 3A       		.uleb128 0x3a
 12353 0236 0B       		.uleb128 0xb
 12354 0237 3B       		.uleb128 0x3b
 12355 0238 0B       		.uleb128 0xb
 12356 0239 39       		.uleb128 0x39
 12357 023a 0B       		.uleb128 0xb
 12358 023b 49       		.uleb128 0x49
 12359 023c 13       		.uleb128 0x13
 12360 023d 38       		.uleb128 0x38
 12361 023e 05       		.uleb128 0x5
 12362 023f 00       		.byte	0
 12363 0240 00       		.byte	0
 12364 0241 26       		.uleb128 0x26
 12365 0242 2E       		.uleb128 0x2e
ARM GAS  /tmp/ccVOBie3.s 			page 218


 12366 0243 01       		.byte	0x1
 12367 0244 3F       		.uleb128 0x3f
 12368 0245 19       		.uleb128 0x19
 12369 0246 03       		.uleb128 0x3
 12370 0247 08       		.uleb128 0x8
 12371 0248 3A       		.uleb128 0x3a
 12372 0249 0B       		.uleb128 0xb
 12373 024a 3B       		.uleb128 0x3b
 12374 024b 0B       		.uleb128 0xb
 12375 024c 39       		.uleb128 0x39
 12376 024d 0B       		.uleb128 0xb
 12377 024e 49       		.uleb128 0x49
 12378 024f 13       		.uleb128 0x13
 12379 0250 3C       		.uleb128 0x3c
 12380 0251 19       		.uleb128 0x19
 12381 0252 01       		.uleb128 0x1
 12382 0253 13       		.uleb128 0x13
 12383 0254 00       		.byte	0
 12384 0255 00       		.byte	0
 12385 0256 27       		.uleb128 0x27
 12386 0257 13       		.uleb128 0x13
 12387 0258 01       		.byte	0x1
 12388 0259 03       		.uleb128 0x3
 12389 025a 0E       		.uleb128 0xe
 12390 025b 0B       		.uleb128 0xb
 12391 025c 0B       		.uleb128 0xb
 12392 025d 3A       		.uleb128 0x3a
 12393 025e 0B       		.uleb128 0xb
 12394 025f 3B       		.uleb128 0x3b
 12395 0260 0B       		.uleb128 0xb
 12396 0261 39       		.uleb128 0x39
 12397 0262 0B       		.uleb128 0xb
 12398 0263 01       		.uleb128 0x1
 12399 0264 13       		.uleb128 0x13
 12400 0265 00       		.byte	0
 12401 0266 00       		.byte	0
 12402 0267 28       		.uleb128 0x28
 12403 0268 05       		.uleb128 0x5
 12404 0269 00       		.byte	0
 12405 026a 03       		.uleb128 0x3
 12406 026b 08       		.uleb128 0x8
 12407 026c 3A       		.uleb128 0x3a
 12408 026d 0B       		.uleb128 0xb
 12409 026e 3B       		.uleb128 0x3b
 12410 026f 0B       		.uleb128 0xb
 12411 0270 39       		.uleb128 0x39
 12412 0271 0B       		.uleb128 0xb
 12413 0272 49       		.uleb128 0x49
 12414 0273 13       		.uleb128 0x13
 12415 0274 02       		.uleb128 0x2
 12416 0275 17       		.uleb128 0x17
 12417 0276 B742     		.uleb128 0x2137
 12418 0278 17       		.uleb128 0x17
 12419 0279 00       		.byte	0
 12420 027a 00       		.byte	0
 12421 027b 29       		.uleb128 0x29
 12422 027c 15       		.uleb128 0x15
ARM GAS  /tmp/ccVOBie3.s 			page 219


 12423 027d 01       		.byte	0x1
 12424 027e 49       		.uleb128 0x49
 12425 027f 13       		.uleb128 0x13
 12426 0280 01       		.uleb128 0x1
 12427 0281 13       		.uleb128 0x13
 12428 0282 00       		.byte	0
 12429 0283 00       		.byte	0
 12430 0284 2A       		.uleb128 0x2a
 12431 0285 28       		.uleb128 0x28
 12432 0286 00       		.byte	0
 12433 0287 03       		.uleb128 0x3
 12434 0288 0E       		.uleb128 0xe
 12435 0289 1C       		.uleb128 0x1c
 12436 028a 0D       		.uleb128 0xd
 12437 028b 00       		.byte	0
 12438 028c 00       		.byte	0
 12439 028d 2B       		.uleb128 0x2b
 12440 028e 1D       		.uleb128 0x1d
 12441 028f 01       		.byte	0x1
 12442 0290 31       		.uleb128 0x31
 12443 0291 13       		.uleb128 0x13
 12444 0292 52       		.uleb128 0x52
 12445 0293 01       		.uleb128 0x1
 12446 0294 B842     		.uleb128 0x2138
 12447 0296 0B       		.uleb128 0xb
 12448 0297 11       		.uleb128 0x11
 12449 0298 01       		.uleb128 0x1
 12450 0299 12       		.uleb128 0x12
 12451 029a 06       		.uleb128 0x6
 12452 029b 58       		.uleb128 0x58
 12453 029c 0B       		.uleb128 0xb
 12454 029d 59       		.uleb128 0x59
 12455 029e 0B       		.uleb128 0xb
 12456 029f 57       		.uleb128 0x57
 12457 02a0 0B       		.uleb128 0xb
 12458 02a1 00       		.byte	0
 12459 02a2 00       		.byte	0
 12460 02a3 2C       		.uleb128 0x2c
 12461 02a4 05       		.uleb128 0x5
 12462 02a5 00       		.byte	0
 12463 02a6 03       		.uleb128 0x3
 12464 02a7 0E       		.uleb128 0xe
 12465 02a8 3A       		.uleb128 0x3a
 12466 02a9 0B       		.uleb128 0xb
 12467 02aa 3B       		.uleb128 0x3b
 12468 02ab 0B       		.uleb128 0xb
 12469 02ac 39       		.uleb128 0x39
 12470 02ad 0B       		.uleb128 0xb
 12471 02ae 49       		.uleb128 0x49
 12472 02af 13       		.uleb128 0x13
 12473 02b0 02       		.uleb128 0x2
 12474 02b1 17       		.uleb128 0x17
 12475 02b2 B742     		.uleb128 0x2137
 12476 02b4 17       		.uleb128 0x17
 12477 02b5 00       		.byte	0
 12478 02b6 00       		.byte	0
 12479 02b7 2D       		.uleb128 0x2d
ARM GAS  /tmp/ccVOBie3.s 			page 220


 12480 02b8 0B       		.uleb128 0xb
 12481 02b9 01       		.byte	0x1
 12482 02ba 55       		.uleb128 0x55
 12483 02bb 17       		.uleb128 0x17
 12484 02bc 00       		.byte	0
 12485 02bd 00       		.byte	0
 12486 02be 2E       		.uleb128 0x2e
 12487 02bf 16       		.uleb128 0x16
 12488 02c0 00       		.byte	0
 12489 02c1 03       		.uleb128 0x3
 12490 02c2 0E       		.uleb128 0xe
 12491 02c3 3A       		.uleb128 0x3a
 12492 02c4 0B       		.uleb128 0xb
 12493 02c5 3B       		.uleb128 0x3b
 12494 02c6 05       		.uleb128 0x5
 12495 02c7 39       		.uleb128 0x39
 12496 02c8 0B       		.uleb128 0xb
 12497 02c9 49       		.uleb128 0x49
 12498 02ca 13       		.uleb128 0x13
 12499 02cb 00       		.byte	0
 12500 02cc 00       		.byte	0
 12501 02cd 2F       		.uleb128 0x2f
 12502 02ce 0D       		.uleb128 0xd
 12503 02cf 00       		.byte	0
 12504 02d0 03       		.uleb128 0x3
 12505 02d1 0E       		.uleb128 0xe
 12506 02d2 3A       		.uleb128 0x3a
 12507 02d3 0B       		.uleb128 0xb
 12508 02d4 3B       		.uleb128 0x3b
 12509 02d5 05       		.uleb128 0x5
 12510 02d6 39       		.uleb128 0x39
 12511 02d7 0B       		.uleb128 0xb
 12512 02d8 49       		.uleb128 0x49
 12513 02d9 13       		.uleb128 0x13
 12514 02da 38       		.uleb128 0x38
 12515 02db 05       		.uleb128 0x5
 12516 02dc 00       		.byte	0
 12517 02dd 00       		.byte	0
 12518 02de 30       		.uleb128 0x30
 12519 02df 1D       		.uleb128 0x1d
 12520 02e0 01       		.byte	0x1
 12521 02e1 31       		.uleb128 0x31
 12522 02e2 13       		.uleb128 0x13
 12523 02e3 52       		.uleb128 0x52
 12524 02e4 01       		.uleb128 0x1
 12525 02e5 B842     		.uleb128 0x2138
 12526 02e7 0B       		.uleb128 0xb
 12527 02e8 55       		.uleb128 0x55
 12528 02e9 17       		.uleb128 0x17
 12529 02ea 58       		.uleb128 0x58
 12530 02eb 0B       		.uleb128 0xb
 12531 02ec 59       		.uleb128 0x59
 12532 02ed 0B       		.uleb128 0xb
 12533 02ee 57       		.uleb128 0x57
 12534 02ef 0B       		.uleb128 0xb
 12535 02f0 00       		.byte	0
 12536 02f1 00       		.byte	0
ARM GAS  /tmp/ccVOBie3.s 			page 221


 12537 02f2 31       		.uleb128 0x31
 12538 02f3 13       		.uleb128 0x13
 12539 02f4 01       		.byte	0x1
 12540 02f5 0B       		.uleb128 0xb
 12541 02f6 0B       		.uleb128 0xb
 12542 02f7 3A       		.uleb128 0x3a
 12543 02f8 0B       		.uleb128 0xb
 12544 02f9 3B       		.uleb128 0x3b
 12545 02fa 0B       		.uleb128 0xb
 12546 02fb 39       		.uleb128 0x39
 12547 02fc 0B       		.uleb128 0xb
 12548 02fd 6E       		.uleb128 0x6e
 12549 02fe 0E       		.uleb128 0xe
 12550 02ff 01       		.uleb128 0x1
 12551 0300 13       		.uleb128 0x13
 12552 0301 00       		.byte	0
 12553 0302 00       		.byte	0
 12554 0303 32       		.uleb128 0x32
 12555 0304 13       		.uleb128 0x13
 12556 0305 01       		.byte	0x1
 12557 0306 03       		.uleb128 0x3
 12558 0307 0E       		.uleb128 0xe
 12559 0308 0B       		.uleb128 0xb
 12560 0309 0B       		.uleb128 0xb
 12561 030a 3A       		.uleb128 0x3a
 12562 030b 0B       		.uleb128 0xb
 12563 030c 3B       		.uleb128 0x3b
 12564 030d 05       		.uleb128 0x5
 12565 030e 39       		.uleb128 0x39
 12566 030f 0B       		.uleb128 0xb
 12567 0310 01       		.uleb128 0x1
 12568 0311 13       		.uleb128 0x13
 12569 0312 00       		.byte	0
 12570 0313 00       		.byte	0
 12571 0314 33       		.uleb128 0x33
 12572 0315 0D       		.uleb128 0xd
 12573 0316 00       		.byte	0
 12574 0317 03       		.uleb128 0x3
 12575 0318 08       		.uleb128 0x8
 12576 0319 3A       		.uleb128 0x3a
 12577 031a 0B       		.uleb128 0xb
 12578 031b 3B       		.uleb128 0x3b
 12579 031c 05       		.uleb128 0x5
 12580 031d 39       		.uleb128 0x39
 12581 031e 0B       		.uleb128 0xb
 12582 031f 49       		.uleb128 0x49
 12583 0320 13       		.uleb128 0x13
 12584 0321 38       		.uleb128 0x38
 12585 0322 0B       		.uleb128 0xb
 12586 0323 00       		.byte	0
 12587 0324 00       		.byte	0
 12588 0325 34       		.uleb128 0x34
 12589 0326 34       		.uleb128 0x34
 12590 0327 00       		.byte	0
 12591 0328 03       		.uleb128 0x3
 12592 0329 0E       		.uleb128 0xe
 12593 032a 3A       		.uleb128 0x3a
ARM GAS  /tmp/ccVOBie3.s 			page 222


 12594 032b 0B       		.uleb128 0xb
 12595 032c 3B       		.uleb128 0x3b
 12596 032d 0B       		.uleb128 0xb
 12597 032e 39       		.uleb128 0x39
 12598 032f 0B       		.uleb128 0xb
 12599 0330 49       		.uleb128 0x49
 12600 0331 13       		.uleb128 0x13
 12601 0332 00       		.byte	0
 12602 0333 00       		.byte	0
 12603 0334 35       		.uleb128 0x35
 12604 0335 0B       		.uleb128 0xb
 12605 0336 01       		.byte	0x1
 12606 0337 00       		.byte	0
 12607 0338 00       		.byte	0
 12608 0339 36       		.uleb128 0x36
 12609 033a 2E       		.uleb128 0x2e
 12610 033b 01       		.byte	0x1
 12611 033c 47       		.uleb128 0x47
 12612 033d 13       		.uleb128 0x13
 12613 033e 64       		.uleb128 0x64
 12614 033f 13       		.uleb128 0x13
 12615 0340 11       		.uleb128 0x11
 12616 0341 01       		.uleb128 0x1
 12617 0342 12       		.uleb128 0x12
 12618 0343 06       		.uleb128 0x6
 12619 0344 40       		.uleb128 0x40
 12620 0345 18       		.uleb128 0x18
 12621 0346 9742     		.uleb128 0x2117
 12622 0348 19       		.uleb128 0x19
 12623 0349 01       		.uleb128 0x1
 12624 034a 13       		.uleb128 0x13
 12625 034b 00       		.byte	0
 12626 034c 00       		.byte	0
 12627 034d 37       		.uleb128 0x37
 12628 034e 2E       		.uleb128 0x2e
 12629 034f 01       		.byte	0x1
 12630 0350 31       		.uleb128 0x31
 12631 0351 13       		.uleb128 0x13
 12632 0352 6E       		.uleb128 0x6e
 12633 0353 0E       		.uleb128 0xe
 12634 0354 64       		.uleb128 0x64
 12635 0355 13       		.uleb128 0x13
 12636 0356 01       		.uleb128 0x1
 12637 0357 13       		.uleb128 0x13
 12638 0358 00       		.byte	0
 12639 0359 00       		.byte	0
 12640 035a 38       		.uleb128 0x38
 12641 035b 13       		.uleb128 0x13
 12642 035c 01       		.byte	0x1
 12643 035d 03       		.uleb128 0x3
 12644 035e 0E       		.uleb128 0xe
 12645 035f 0B       		.uleb128 0xb
 12646 0360 05       		.uleb128 0x5
 12647 0361 3A       		.uleb128 0x3a
 12648 0362 0B       		.uleb128 0xb
 12649 0363 3B       		.uleb128 0x3b
 12650 0364 0B       		.uleb128 0xb
ARM GAS  /tmp/ccVOBie3.s 			page 223


 12651 0365 39       		.uleb128 0x39
 12652 0366 0B       		.uleb128 0xb
 12653 0367 01       		.uleb128 0x1
 12654 0368 13       		.uleb128 0x13
 12655 0369 00       		.byte	0
 12656 036a 00       		.byte	0
 12657 036b 39       		.uleb128 0x39
 12658 036c 15       		.uleb128 0x15
 12659 036d 01       		.byte	0x1
 12660 036e 01       		.uleb128 0x1
 12661 036f 13       		.uleb128 0x13
 12662 0370 00       		.byte	0
 12663 0371 00       		.byte	0
 12664 0372 3A       		.uleb128 0x3a
 12665 0373 28       		.uleb128 0x28
 12666 0374 00       		.byte	0
 12667 0375 03       		.uleb128 0x3
 12668 0376 0E       		.uleb128 0xe
 12669 0377 1C       		.uleb128 0x1c
 12670 0378 06       		.uleb128 0x6
 12671 0379 00       		.byte	0
 12672 037a 00       		.byte	0
 12673 037b 3B       		.uleb128 0x3b
 12674 037c 0D       		.uleb128 0xd
 12675 037d 00       		.byte	0
 12676 037e 03       		.uleb128 0x3
 12677 037f 0E       		.uleb128 0xe
 12678 0380 3A       		.uleb128 0x3a
 12679 0381 0B       		.uleb128 0xb
 12680 0382 3B       		.uleb128 0x3b
 12681 0383 05       		.uleb128 0x5
 12682 0384 39       		.uleb128 0x39
 12683 0385 0B       		.uleb128 0xb
 12684 0386 49       		.uleb128 0x49
 12685 0387 13       		.uleb128 0x13
 12686 0388 0B       		.uleb128 0xb
 12687 0389 0B       		.uleb128 0xb
 12688 038a 0D       		.uleb128 0xd
 12689 038b 0B       		.uleb128 0xb
 12690 038c 0C       		.uleb128 0xc
 12691 038d 0B       		.uleb128 0xb
 12692 038e 38       		.uleb128 0x38
 12693 038f 0B       		.uleb128 0xb
 12694 0390 00       		.byte	0
 12695 0391 00       		.byte	0
 12696 0392 3C       		.uleb128 0x3c
 12697 0393 21       		.uleb128 0x21
 12698 0394 00       		.byte	0
 12699 0395 49       		.uleb128 0x49
 12700 0396 13       		.uleb128 0x13
 12701 0397 2F       		.uleb128 0x2f
 12702 0398 05       		.uleb128 0x5
 12703 0399 00       		.byte	0
 12704 039a 00       		.byte	0
 12705 039b 3D       		.uleb128 0x3d
 12706 039c 05       		.uleb128 0x5
 12707 039d 00       		.byte	0
ARM GAS  /tmp/ccVOBie3.s 			page 224


 12708 039e 31       		.uleb128 0x31
 12709 039f 13       		.uleb128 0x13
 12710 03a0 02       		.uleb128 0x2
 12711 03a1 18       		.uleb128 0x18
 12712 03a2 00       		.byte	0
 12713 03a3 00       		.byte	0
 12714 03a4 3E       		.uleb128 0x3e
 12715 03a5 2E       		.uleb128 0x2e
 12716 03a6 01       		.byte	0x1
 12717 03a7 3F       		.uleb128 0x3f
 12718 03a8 19       		.uleb128 0x19
 12719 03a9 03       		.uleb128 0x3
 12720 03aa 0E       		.uleb128 0xe
 12721 03ab 3A       		.uleb128 0x3a
 12722 03ac 0B       		.uleb128 0xb
 12723 03ad 3B       		.uleb128 0x3b
 12724 03ae 0B       		.uleb128 0xb
 12725 03af 39       		.uleb128 0x39
 12726 03b0 0B       		.uleb128 0xb
 12727 03b1 11       		.uleb128 0x11
 12728 03b2 01       		.uleb128 0x1
 12729 03b3 12       		.uleb128 0x12
 12730 03b4 06       		.uleb128 0x6
 12731 03b5 40       		.uleb128 0x40
 12732 03b6 18       		.uleb128 0x18
 12733 03b7 9742     		.uleb128 0x2117
 12734 03b9 19       		.uleb128 0x19
 12735 03ba 01       		.uleb128 0x1
 12736 03bb 13       		.uleb128 0x13
 12737 03bc 00       		.byte	0
 12738 03bd 00       		.byte	0
 12739 03be 3F       		.uleb128 0x3f
 12740 03bf 05       		.uleb128 0x5
 12741 03c0 00       		.byte	0
 12742 03c1 03       		.uleb128 0x3
 12743 03c2 08       		.uleb128 0x8
 12744 03c3 3A       		.uleb128 0x3a
 12745 03c4 0B       		.uleb128 0xb
 12746 03c5 3B       		.uleb128 0x3b
 12747 03c6 0B       		.uleb128 0xb
 12748 03c7 39       		.uleb128 0x39
 12749 03c8 0B       		.uleb128 0xb
 12750 03c9 49       		.uleb128 0x49
 12751 03ca 13       		.uleb128 0x13
 12752 03cb 02       		.uleb128 0x2
 12753 03cc 18       		.uleb128 0x18
 12754 03cd 00       		.byte	0
 12755 03ce 00       		.byte	0
 12756 03cf 40       		.uleb128 0x40
 12757 03d0 2E       		.uleb128 0x2e
 12758 03d1 01       		.byte	0x1
 12759 03d2 3F       		.uleb128 0x3f
 12760 03d3 19       		.uleb128 0x19
 12761 03d4 03       		.uleb128 0x3
 12762 03d5 0E       		.uleb128 0xe
 12763 03d6 3A       		.uleb128 0x3a
 12764 03d7 0B       		.uleb128 0xb
ARM GAS  /tmp/ccVOBie3.s 			page 225


 12765 03d8 3B       		.uleb128 0x3b
 12766 03d9 0B       		.uleb128 0xb
 12767 03da 39       		.uleb128 0x39
 12768 03db 0B       		.uleb128 0xb
 12769 03dc 49       		.uleb128 0x49
 12770 03dd 13       		.uleb128 0x13
 12771 03de 11       		.uleb128 0x11
 12772 03df 01       		.uleb128 0x1
 12773 03e0 12       		.uleb128 0x12
 12774 03e1 06       		.uleb128 0x6
 12775 03e2 40       		.uleb128 0x40
 12776 03e3 18       		.uleb128 0x18
 12777 03e4 9742     		.uleb128 0x2117
 12778 03e6 19       		.uleb128 0x19
 12779 03e7 01       		.uleb128 0x1
 12780 03e8 13       		.uleb128 0x13
 12781 03e9 00       		.byte	0
 12782 03ea 00       		.byte	0
 12783 03eb 41       		.uleb128 0x41
 12784 03ec 2E       		.uleb128 0x2e
 12785 03ed 00       		.byte	0
 12786 03ee 3F       		.uleb128 0x3f
 12787 03ef 19       		.uleb128 0x19
 12788 03f0 03       		.uleb128 0x3
 12789 03f1 0E       		.uleb128 0xe
 12790 03f2 3A       		.uleb128 0x3a
 12791 03f3 0B       		.uleb128 0xb
 12792 03f4 3B       		.uleb128 0x3b
 12793 03f5 0B       		.uleb128 0xb
 12794 03f6 39       		.uleb128 0x39
 12795 03f7 0B       		.uleb128 0xb
 12796 03f8 00       		.byte	0
 12797 03f9 00       		.byte	0
 12798 03fa 42       		.uleb128 0x42
 12799 03fb 05       		.uleb128 0x5
 12800 03fc 00       		.byte	0
 12801 03fd 03       		.uleb128 0x3
 12802 03fe 0E       		.uleb128 0xe
 12803 03ff 49       		.uleb128 0x49
 12804 0400 13       		.uleb128 0x13
 12805 0401 34       		.uleb128 0x34
 12806 0402 19       		.uleb128 0x19
 12807 0403 02       		.uleb128 0x2
 12808 0404 17       		.uleb128 0x17
 12809 0405 B742     		.uleb128 0x2137
 12810 0407 17       		.uleb128 0x17
 12811 0408 00       		.byte	0
 12812 0409 00       		.byte	0
 12813 040a 43       		.uleb128 0x43
 12814 040b 2E       		.uleb128 0x2e
 12815 040c 01       		.byte	0x1
 12816 040d 3F       		.uleb128 0x3f
 12817 040e 19       		.uleb128 0x19
 12818 040f 03       		.uleb128 0x3
 12819 0410 0E       		.uleb128 0xe
 12820 0411 3A       		.uleb128 0x3a
 12821 0412 0B       		.uleb128 0xb
ARM GAS  /tmp/ccVOBie3.s 			page 226


 12822 0413 3B       		.uleb128 0x3b
 12823 0414 0B       		.uleb128 0xb
 12824 0415 39       		.uleb128 0x39
 12825 0416 0B       		.uleb128 0xb
 12826 0417 6E       		.uleb128 0x6e
 12827 0418 0E       		.uleb128 0xe
 12828 0419 49       		.uleb128 0x49
 12829 041a 13       		.uleb128 0x13
 12830 041b 20       		.uleb128 0x20
 12831 041c 0B       		.uleb128 0xb
 12832 041d 01       		.uleb128 0x1
 12833 041e 13       		.uleb128 0x13
 12834 041f 00       		.byte	0
 12835 0420 00       		.byte	0
 12836 0421 44       		.uleb128 0x44
 12837 0422 39       		.uleb128 0x39
 12838 0423 00       		.byte	0
 12839 0424 03       		.uleb128 0x3
 12840 0425 0E       		.uleb128 0xe
 12841 0426 3A       		.uleb128 0x3a
 12842 0427 0B       		.uleb128 0xb
 12843 0428 3B       		.uleb128 0x3b
 12844 0429 05       		.uleb128 0x5
 12845 042a 39       		.uleb128 0x39
 12846 042b 0B       		.uleb128 0xb
 12847 042c 8901     		.uleb128 0x89
 12848 042e 19       		.uleb128 0x19
 12849 042f 00       		.byte	0
 12850 0430 00       		.byte	0
 12851 0431 45       		.uleb128 0x45
 12852 0432 3A       		.uleb128 0x3a
 12853 0433 00       		.byte	0
 12854 0434 3A       		.uleb128 0x3a
 12855 0435 0B       		.uleb128 0xb
 12856 0436 3B       		.uleb128 0x3b
 12857 0437 05       		.uleb128 0x5
 12858 0438 39       		.uleb128 0x39
 12859 0439 0B       		.uleb128 0xb
 12860 043a 18       		.uleb128 0x18
 12861 043b 13       		.uleb128 0x13
 12862 043c 00       		.byte	0
 12863 043d 00       		.byte	0
 12864 043e 46       		.uleb128 0x46
 12865 043f 08       		.uleb128 0x8
 12866 0440 00       		.byte	0
 12867 0441 3A       		.uleb128 0x3a
 12868 0442 0B       		.uleb128 0xb
 12869 0443 3B       		.uleb128 0x3b
 12870 0444 05       		.uleb128 0x5
 12871 0445 39       		.uleb128 0x39
 12872 0446 0B       		.uleb128 0xb
 12873 0447 18       		.uleb128 0x18
 12874 0448 13       		.uleb128 0x13
 12875 0449 00       		.byte	0
 12876 044a 00       		.byte	0
 12877 044b 47       		.uleb128 0x47
 12878 044c 0D       		.uleb128 0xd
ARM GAS  /tmp/ccVOBie3.s 			page 227


 12879 044d 00       		.byte	0
 12880 044e 03       		.uleb128 0x3
 12881 044f 0E       		.uleb128 0xe
 12882 0450 3A       		.uleb128 0x3a
 12883 0451 0B       		.uleb128 0xb
 12884 0452 3B       		.uleb128 0x3b
 12885 0453 05       		.uleb128 0x5
 12886 0454 39       		.uleb128 0x39
 12887 0455 0B       		.uleb128 0xb
 12888 0456 49       		.uleb128 0x49
 12889 0457 13       		.uleb128 0x13
 12890 0458 8801     		.uleb128 0x88
 12891 045a 0B       		.uleb128 0xb
 12892 045b 38       		.uleb128 0x38
 12893 045c 0B       		.uleb128 0xb
 12894 045d 00       		.byte	0
 12895 045e 00       		.byte	0
 12896 045f 48       		.uleb128 0x48
 12897 0460 0D       		.uleb128 0xd
 12898 0461 00       		.byte	0
 12899 0462 03       		.uleb128 0x3
 12900 0463 0E       		.uleb128 0xe
 12901 0464 3A       		.uleb128 0x3a
 12902 0465 0B       		.uleb128 0xb
 12903 0466 3B       		.uleb128 0x3b
 12904 0467 0B       		.uleb128 0xb
 12905 0468 39       		.uleb128 0x39
 12906 0469 0B       		.uleb128 0xb
 12907 046a 49       		.uleb128 0x49
 12908 046b 13       		.uleb128 0x13
 12909 046c 00       		.byte	0
 12910 046d 00       		.byte	0
 12911 046e 49       		.uleb128 0x49
 12912 046f 13       		.uleb128 0x13
 12913 0470 01       		.byte	0x1
 12914 0471 03       		.uleb128 0x3
 12915 0472 0E       		.uleb128 0xe
 12916 0473 0B       		.uleb128 0xb
 12917 0474 05       		.uleb128 0x5
 12918 0475 3A       		.uleb128 0x3a
 12919 0476 0B       		.uleb128 0xb
 12920 0477 3B       		.uleb128 0x3b
 12921 0478 05       		.uleb128 0x5
 12922 0479 39       		.uleb128 0x39
 12923 047a 0B       		.uleb128 0xb
 12924 047b 01       		.uleb128 0x1
 12925 047c 13       		.uleb128 0x13
 12926 047d 00       		.byte	0
 12927 047e 00       		.byte	0
 12928 047f 4A       		.uleb128 0x4a
 12929 0480 13       		.uleb128 0x13
 12930 0481 01       		.byte	0x1
 12931 0482 0B       		.uleb128 0xb
 12932 0483 0B       		.uleb128 0xb
 12933 0484 3A       		.uleb128 0x3a
 12934 0485 0B       		.uleb128 0xb
 12935 0486 3B       		.uleb128 0x3b
ARM GAS  /tmp/ccVOBie3.s 			page 228


 12936 0487 05       		.uleb128 0x5
 12937 0488 39       		.uleb128 0x39
 12938 0489 0B       		.uleb128 0xb
 12939 048a 01       		.uleb128 0x1
 12940 048b 13       		.uleb128 0x13
 12941 048c 00       		.byte	0
 12942 048d 00       		.byte	0
 12943 048e 4B       		.uleb128 0x4b
 12944 048f 0D       		.uleb128 0xd
 12945 0490 00       		.byte	0
 12946 0491 03       		.uleb128 0x3
 12947 0492 0E       		.uleb128 0xe
 12948 0493 3A       		.uleb128 0x3a
 12949 0494 0B       		.uleb128 0xb
 12950 0495 3B       		.uleb128 0x3b
 12951 0496 05       		.uleb128 0x5
 12952 0497 39       		.uleb128 0x39
 12953 0498 0B       		.uleb128 0xb
 12954 0499 49       		.uleb128 0x49
 12955 049a 13       		.uleb128 0x13
 12956 049b 00       		.byte	0
 12957 049c 00       		.byte	0
 12958 049d 4C       		.uleb128 0x4c
 12959 049e 2E       		.uleb128 0x2e
 12960 049f 01       		.byte	0x1
 12961 04a0 3F       		.uleb128 0x3f
 12962 04a1 19       		.uleb128 0x19
 12963 04a2 03       		.uleb128 0x3
 12964 04a3 08       		.uleb128 0x8
 12965 04a4 3A       		.uleb128 0x3a
 12966 04a5 0B       		.uleb128 0xb
 12967 04a6 3B       		.uleb128 0x3b
 12968 04a7 05       		.uleb128 0x5
 12969 04a8 39       		.uleb128 0x39
 12970 04a9 0B       		.uleb128 0xb
 12971 04aa 49       		.uleb128 0x49
 12972 04ab 13       		.uleb128 0x13
 12973 04ac 3C       		.uleb128 0x3c
 12974 04ad 19       		.uleb128 0x19
 12975 04ae 01       		.uleb128 0x1
 12976 04af 13       		.uleb128 0x13
 12977 04b0 00       		.byte	0
 12978 04b1 00       		.byte	0
 12979 04b2 4D       		.uleb128 0x4d
 12980 04b3 0D       		.uleb128 0xd
 12981 04b4 00       		.byte	0
 12982 04b5 03       		.uleb128 0x3
 12983 04b6 0E       		.uleb128 0xe
 12984 04b7 3A       		.uleb128 0x3a
 12985 04b8 0B       		.uleb128 0xb
 12986 04b9 3B       		.uleb128 0x3b
 12987 04ba 0B       		.uleb128 0xb
 12988 04bb 39       		.uleb128 0x39
 12989 04bc 0B       		.uleb128 0xb
 12990 04bd 49       		.uleb128 0x49
 12991 04be 13       		.uleb128 0x13
 12992 04bf 0B       		.uleb128 0xb
ARM GAS  /tmp/ccVOBie3.s 			page 229


 12993 04c0 0B       		.uleb128 0xb
 12994 04c1 0D       		.uleb128 0xd
 12995 04c2 0B       		.uleb128 0xb
 12996 04c3 0C       		.uleb128 0xc
 12997 04c4 0B       		.uleb128 0xb
 12998 04c5 38       		.uleb128 0x38
 12999 04c6 0B       		.uleb128 0xb
 13000 04c7 00       		.byte	0
 13001 04c8 00       		.byte	0
 13002 04c9 4E       		.uleb128 0x4e
 13003 04ca 2E       		.uleb128 0x2e
 13004 04cb 01       		.byte	0x1
 13005 04cc 3F       		.uleb128 0x3f
 13006 04cd 19       		.uleb128 0x19
 13007 04ce 03       		.uleb128 0x3
 13008 04cf 0E       		.uleb128 0xe
 13009 04d0 3A       		.uleb128 0x3a
 13010 04d1 0B       		.uleb128 0xb
 13011 04d2 3B       		.uleb128 0x3b
 13012 04d3 0B       		.uleb128 0xb
 13013 04d4 39       		.uleb128 0x39
 13014 04d5 0B       		.uleb128 0xb
 13015 04d6 3C       		.uleb128 0x3c
 13016 04d7 19       		.uleb128 0x19
 13017 04d8 01       		.uleb128 0x1
 13018 04d9 13       		.uleb128 0x13
 13019 04da 00       		.byte	0
 13020 04db 00       		.byte	0
 13021 04dc 4F       		.uleb128 0x4f
 13022 04dd 34       		.uleb128 0x34
 13023 04de 00       		.byte	0
 13024 04df 03       		.uleb128 0x3
 13025 04e0 0E       		.uleb128 0xe
 13026 04e1 3A       		.uleb128 0x3a
 13027 04e2 0B       		.uleb128 0xb
 13028 04e3 3B       		.uleb128 0x3b
 13029 04e4 0B       		.uleb128 0xb
 13030 04e5 39       		.uleb128 0x39
 13031 04e6 0B       		.uleb128 0xb
 13032 04e7 49       		.uleb128 0x49
 13033 04e8 13       		.uleb128 0x13
 13034 04e9 6C       		.uleb128 0x6c
 13035 04ea 19       		.uleb128 0x19
 13036 04eb 1C       		.uleb128 0x1c
 13037 04ec 0A       		.uleb128 0xa
 13038 04ed 00       		.byte	0
 13039 04ee 00       		.byte	0
 13040 04ef 50       		.uleb128 0x50
 13041 04f0 34       		.uleb128 0x34
 13042 04f1 00       		.byte	0
 13043 04f2 03       		.uleb128 0x3
 13044 04f3 0E       		.uleb128 0xe
 13045 04f4 3A       		.uleb128 0x3a
 13046 04f5 0B       		.uleb128 0xb
 13047 04f6 3B       		.uleb128 0x3b
 13048 04f7 0B       		.uleb128 0xb
 13049 04f8 39       		.uleb128 0x39
ARM GAS  /tmp/ccVOBie3.s 			page 230


 13050 04f9 0B       		.uleb128 0xb
 13051 04fa 49       		.uleb128 0x49
 13052 04fb 13       		.uleb128 0x13
 13053 04fc 6C       		.uleb128 0x6c
 13054 04fd 19       		.uleb128 0x19
 13055 04fe 1C       		.uleb128 0x1c
 13056 04ff 05       		.uleb128 0x5
 13057 0500 00       		.byte	0
 13058 0501 00       		.byte	0
 13059 0502 51       		.uleb128 0x51
 13060 0503 02       		.uleb128 0x2
 13061 0504 01       		.byte	0x1
 13062 0505 03       		.uleb128 0x3
 13063 0506 0E       		.uleb128 0xe
 13064 0507 0B       		.uleb128 0xb
 13065 0508 05       		.uleb128 0x5
 13066 0509 3A       		.uleb128 0x3a
 13067 050a 0B       		.uleb128 0xb
 13068 050b 3B       		.uleb128 0x3b
 13069 050c 0B       		.uleb128 0xb
 13070 050d 39       		.uleb128 0x39
 13071 050e 0B       		.uleb128 0xb
 13072 050f 01       		.uleb128 0x1
 13073 0510 13       		.uleb128 0x13
 13074 0511 00       		.byte	0
 13075 0512 00       		.byte	0
 13076 0513 52       		.uleb128 0x52
 13077 0514 2E       		.uleb128 0x2e
 13078 0515 01       		.byte	0x1
 13079 0516 3F       		.uleb128 0x3f
 13080 0517 19       		.uleb128 0x19
 13081 0518 03       		.uleb128 0x3
 13082 0519 0E       		.uleb128 0xe
 13083 051a 3A       		.uleb128 0x3a
 13084 051b 0B       		.uleb128 0xb
 13085 051c 3B       		.uleb128 0x3b
 13086 051d 0B       		.uleb128 0xb
 13087 051e 39       		.uleb128 0x39
 13088 051f 0B       		.uleb128 0xb
 13089 0520 6E       		.uleb128 0x6e
 13090 0521 0E       		.uleb128 0xe
 13091 0522 3C       		.uleb128 0x3c
 13092 0523 19       		.uleb128 0x19
 13093 0524 64       		.uleb128 0x64
 13094 0525 13       		.uleb128 0x13
 13095 0526 01       		.uleb128 0x1
 13096 0527 13       		.uleb128 0x13
 13097 0528 00       		.byte	0
 13098 0529 00       		.byte	0
 13099 052a 53       		.uleb128 0x53
 13100 052b 05       		.uleb128 0x5
 13101 052c 00       		.byte	0
 13102 052d 03       		.uleb128 0x3
 13103 052e 0E       		.uleb128 0xe
 13104 052f 3A       		.uleb128 0x3a
 13105 0530 0B       		.uleb128 0xb
 13106 0531 3B       		.uleb128 0x3b
ARM GAS  /tmp/ccVOBie3.s 			page 231


 13107 0532 0B       		.uleb128 0xb
 13108 0533 39       		.uleb128 0x39
 13109 0534 0B       		.uleb128 0xb
 13110 0535 49       		.uleb128 0x49
 13111 0536 13       		.uleb128 0x13
 13112 0537 02       		.uleb128 0x2
 13113 0538 18       		.uleb128 0x18
 13114 0539 00       		.byte	0
 13115 053a 00       		.byte	0
 13116 053b 54       		.uleb128 0x54
 13117 053c 898201   		.uleb128 0x4109
 13118 053f 01       		.byte	0x1
 13119 0540 11       		.uleb128 0x11
 13120 0541 01       		.uleb128 0x1
 13121 0542 01       		.uleb128 0x1
 13122 0543 13       		.uleb128 0x13
 13123 0544 00       		.byte	0
 13124 0545 00       		.byte	0
 13125 0546 55       		.uleb128 0x55
 13126 0547 2E       		.uleb128 0x2e
 13127 0548 00       		.byte	0
 13128 0549 3F       		.uleb128 0x3f
 13129 054a 19       		.uleb128 0x19
 13130 054b 3C       		.uleb128 0x3c
 13131 054c 19       		.uleb128 0x19
 13132 054d 6E       		.uleb128 0x6e
 13133 054e 0E       		.uleb128 0xe
 13134 054f 03       		.uleb128 0x3
 13135 0550 0E       		.uleb128 0xe
 13136 0551 00       		.byte	0
 13137 0552 00       		.byte	0
 13138 0553 56       		.uleb128 0x56
 13139 0554 2E       		.uleb128 0x2e
 13140 0555 00       		.byte	0
 13141 0556 3F       		.uleb128 0x3f
 13142 0557 19       		.uleb128 0x19
 13143 0558 3C       		.uleb128 0x3c
 13144 0559 19       		.uleb128 0x19
 13145 055a 6E       		.uleb128 0x6e
 13146 055b 0E       		.uleb128 0xe
 13147 055c 03       		.uleb128 0x3
 13148 055d 0E       		.uleb128 0xe
 13149 055e 3A       		.uleb128 0x3a
 13150 055f 0B       		.uleb128 0xb
 13151 0560 3B       		.uleb128 0x3b
 13152 0561 0B       		.uleb128 0xb
 13153 0562 39       		.uleb128 0x39
 13154 0563 0B       		.uleb128 0xb
 13155 0564 00       		.byte	0
 13156 0565 00       		.byte	0
 13157 0566 57       		.uleb128 0x57
 13158 0567 11       		.uleb128 0x11
 13159 0568 01       		.byte	0x1
 13160 0569 25       		.uleb128 0x25
 13161 056a 0E       		.uleb128 0xe
 13162 056b 13       		.uleb128 0x13
 13163 056c 0B       		.uleb128 0xb
ARM GAS  /tmp/ccVOBie3.s 			page 232


 13164 056d 03       		.uleb128 0x3
 13165 056e 0E       		.uleb128 0xe
 13166 056f 1B       		.uleb128 0x1b
 13167 0570 0E       		.uleb128 0xe
 13168 0571 55       		.uleb128 0x55
 13169 0572 17       		.uleb128 0x17
 13170 0573 11       		.uleb128 0x11
 13171 0574 01       		.uleb128 0x1
 13172 0575 10       		.uleb128 0x10
 13173 0576 17       		.uleb128 0x17
 13174 0577 00       		.byte	0
 13175 0578 00       		.byte	0
 13176 0579 58       		.uleb128 0x58
 13177 057a 24       		.uleb128 0x24
 13178 057b 00       		.byte	0
 13179 057c 0B       		.uleb128 0xb
 13180 057d 0B       		.uleb128 0xb
 13181 057e 3E       		.uleb128 0x3e
 13182 057f 0B       		.uleb128 0xb
 13183 0580 03       		.uleb128 0x3
 13184 0581 08       		.uleb128 0x8
 13185 0582 00       		.byte	0
 13186 0583 00       		.byte	0
 13187 0584 59       		.uleb128 0x59
 13188 0585 39       		.uleb128 0x39
 13189 0586 01       		.byte	0x1
 13190 0587 03       		.uleb128 0x3
 13191 0588 08       		.uleb128 0x8
 13192 0589 3A       		.uleb128 0x3a
 13193 058a 0B       		.uleb128 0xb
 13194 058b 3B       		.uleb128 0x3b
 13195 058c 0B       		.uleb128 0xb
 13196 058d 01       		.uleb128 0x1
 13197 058e 13       		.uleb128 0x13
 13198 058f 00       		.byte	0
 13199 0590 00       		.byte	0
 13200 0591 5A       		.uleb128 0x5a
 13201 0592 39       		.uleb128 0x39
 13202 0593 01       		.byte	0x1
 13203 0594 03       		.uleb128 0x3
 13204 0595 0E       		.uleb128 0xe
 13205 0596 3A       		.uleb128 0x3a
 13206 0597 0B       		.uleb128 0xb
 13207 0598 3B       		.uleb128 0x3b
 13208 0599 05       		.uleb128 0x5
 13209 059a 39       		.uleb128 0x39
 13210 059b 0B       		.uleb128 0xb
 13211 059c 01       		.uleb128 0x1
 13212 059d 13       		.uleb128 0x13
 13213 059e 00       		.byte	0
 13214 059f 00       		.byte	0
 13215 05a0 5B       		.uleb128 0x5b
 13216 05a1 2E       		.uleb128 0x2e
 13217 05a2 01       		.byte	0x1
 13218 05a3 3F       		.uleb128 0x3f
 13219 05a4 19       		.uleb128 0x19
 13220 05a5 03       		.uleb128 0x3
ARM GAS  /tmp/ccVOBie3.s 			page 233


 13221 05a6 08       		.uleb128 0x8
 13222 05a7 3A       		.uleb128 0x3a
 13223 05a8 0B       		.uleb128 0xb
 13224 05a9 3B       		.uleb128 0x3b
 13225 05aa 0B       		.uleb128 0xb
 13226 05ab 39       		.uleb128 0x39
 13227 05ac 0B       		.uleb128 0xb
 13228 05ad 6E       		.uleb128 0x6e
 13229 05ae 0E       		.uleb128 0xe
 13230 05af 49       		.uleb128 0x49
 13231 05b0 13       		.uleb128 0x13
 13232 05b1 3C       		.uleb128 0x3c
 13233 05b2 19       		.uleb128 0x19
 13234 05b3 00       		.byte	0
 13235 05b4 00       		.byte	0
 13236 05b5 5C       		.uleb128 0x5c
 13237 05b6 13       		.uleb128 0x13
 13238 05b7 01       		.byte	0x1
 13239 05b8 0B       		.uleb128 0xb
 13240 05b9 0B       		.uleb128 0xb
 13241 05ba 8801     		.uleb128 0x88
 13242 05bc 0B       		.uleb128 0xb
 13243 05bd 3A       		.uleb128 0x3a
 13244 05be 0B       		.uleb128 0xb
 13245 05bf 3B       		.uleb128 0x3b
 13246 05c0 05       		.uleb128 0x5
 13247 05c1 39       		.uleb128 0x39
 13248 05c2 0B       		.uleb128 0xb
 13249 05c3 6E       		.uleb128 0x6e
 13250 05c4 0E       		.uleb128 0xe
 13251 05c5 01       		.uleb128 0x1
 13252 05c6 13       		.uleb128 0x13
 13253 05c7 00       		.byte	0
 13254 05c8 00       		.byte	0
 13255 05c9 5D       		.uleb128 0x5d
 13256 05ca 16       		.uleb128 0x16
 13257 05cb 00       		.byte	0
 13258 05cc 03       		.uleb128 0x3
 13259 05cd 0E       		.uleb128 0xe
 13260 05ce 3A       		.uleb128 0x3a
 13261 05cf 0B       		.uleb128 0xb
 13262 05d0 3B       		.uleb128 0x3b
 13263 05d1 05       		.uleb128 0x5
 13264 05d2 39       		.uleb128 0x39
 13265 05d3 0B       		.uleb128 0xb
 13266 05d4 49       		.uleb128 0x49
 13267 05d5 13       		.uleb128 0x13
 13268 05d6 8801     		.uleb128 0x88
 13269 05d8 0B       		.uleb128 0xb
 13270 05d9 00       		.byte	0
 13271 05da 00       		.byte	0
 13272 05db 5E       		.uleb128 0x5e
 13273 05dc 3B       		.uleb128 0x3b
 13274 05dd 00       		.byte	0
 13275 05de 03       		.uleb128 0x3
 13276 05df 0E       		.uleb128 0xe
 13277 05e0 00       		.byte	0
ARM GAS  /tmp/ccVOBie3.s 			page 234


 13278 05e1 00       		.byte	0
 13279 05e2 5F       		.uleb128 0x5f
 13280 05e3 17       		.uleb128 0x17
 13281 05e4 01       		.byte	0x1
 13282 05e5 0B       		.uleb128 0xb
 13283 05e6 0B       		.uleb128 0xb
 13284 05e7 3A       		.uleb128 0x3a
 13285 05e8 0B       		.uleb128 0xb
 13286 05e9 3B       		.uleb128 0x3b
 13287 05ea 0B       		.uleb128 0xb
 13288 05eb 39       		.uleb128 0x39
 13289 05ec 0B       		.uleb128 0xb
 13290 05ed 01       		.uleb128 0x1
 13291 05ee 13       		.uleb128 0x13
 13292 05ef 00       		.byte	0
 13293 05f0 00       		.byte	0
 13294 05f1 60       		.uleb128 0x60
 13295 05f2 0F       		.uleb128 0xf
 13296 05f3 00       		.byte	0
 13297 05f4 0B       		.uleb128 0xb
 13298 05f5 0B       		.uleb128 0xb
 13299 05f6 00       		.byte	0
 13300 05f7 00       		.byte	0
 13301 05f8 61       		.uleb128 0x61
 13302 05f9 15       		.uleb128 0x15
 13303 05fa 00       		.byte	0
 13304 05fb 00       		.byte	0
 13305 05fc 00       		.byte	0
 13306 05fd 62       		.uleb128 0x62
 13307 05fe 17       		.uleb128 0x17
 13308 05ff 01       		.byte	0x1
 13309 0600 0B       		.uleb128 0xb
 13310 0601 0B       		.uleb128 0xb
 13311 0602 3A       		.uleb128 0x3a
 13312 0603 0B       		.uleb128 0xb
 13313 0604 3B       		.uleb128 0x3b
 13314 0605 05       		.uleb128 0x5
 13315 0606 39       		.uleb128 0x39
 13316 0607 0B       		.uleb128 0xb
 13317 0608 01       		.uleb128 0x1
 13318 0609 13       		.uleb128 0x13
 13319 060a 00       		.byte	0
 13320 060b 00       		.byte	0
 13321 060c 63       		.uleb128 0x63
 13322 060d 13       		.uleb128 0x13
 13323 060e 00       		.byte	0
 13324 060f 03       		.uleb128 0x3
 13325 0610 0E       		.uleb128 0xe
 13326 0611 3C       		.uleb128 0x3c
 13327 0612 19       		.uleb128 0x19
 13328 0613 00       		.byte	0
 13329 0614 00       		.byte	0
 13330 0615 64       		.uleb128 0x64
 13331 0616 26       		.uleb128 0x26
 13332 0617 00       		.byte	0
 13333 0618 00       		.byte	0
 13334 0619 00       		.byte	0
ARM GAS  /tmp/ccVOBie3.s 			page 235


 13335 061a 65       		.uleb128 0x65
 13336 061b 04       		.uleb128 0x4
 13337 061c 01       		.byte	0x1
 13338 061d 3E       		.uleb128 0x3e
 13339 061e 0B       		.uleb128 0xb
 13340 061f 0B       		.uleb128 0xb
 13341 0620 0B       		.uleb128 0xb
 13342 0621 49       		.uleb128 0x49
 13343 0622 13       		.uleb128 0x13
 13344 0623 3A       		.uleb128 0x3a
 13345 0624 0B       		.uleb128 0xb
 13346 0625 3B       		.uleb128 0x3b
 13347 0626 0B       		.uleb128 0xb
 13348 0627 39       		.uleb128 0x39
 13349 0628 0B       		.uleb128 0xb
 13350 0629 01       		.uleb128 0x1
 13351 062a 13       		.uleb128 0x13
 13352 062b 00       		.byte	0
 13353 062c 00       		.byte	0
 13354 062d 66       		.uleb128 0x66
 13355 062e 16       		.uleb128 0x16
 13356 062f 00       		.byte	0
 13357 0630 03       		.uleb128 0x3
 13358 0631 0E       		.uleb128 0xe
 13359 0632 3A       		.uleb128 0x3a
 13360 0633 0B       		.uleb128 0xb
 13361 0634 3B       		.uleb128 0x3b
 13362 0635 0B       		.uleb128 0xb
 13363 0636 39       		.uleb128 0x39
 13364 0637 0B       		.uleb128 0xb
 13365 0638 00       		.byte	0
 13366 0639 00       		.byte	0
 13367 063a 67       		.uleb128 0x67
 13368 063b 15       		.uleb128 0x15
 13369 063c 00       		.byte	0
 13370 063d 49       		.uleb128 0x49
 13371 063e 13       		.uleb128 0x13
 13372 063f 00       		.byte	0
 13373 0640 00       		.byte	0
 13374 0641 68       		.uleb128 0x68
 13375 0642 04       		.uleb128 0x4
 13376 0643 01       		.byte	0x1
 13377 0644 3E       		.uleb128 0x3e
 13378 0645 0B       		.uleb128 0xb
 13379 0646 0B       		.uleb128 0xb
 13380 0647 0B       		.uleb128 0xb
 13381 0648 49       		.uleb128 0x49
 13382 0649 13       		.uleb128 0x13
 13383 064a 3A       		.uleb128 0x3a
 13384 064b 0B       		.uleb128 0xb
 13385 064c 3B       		.uleb128 0x3b
 13386 064d 05       		.uleb128 0x5
 13387 064e 39       		.uleb128 0x39
 13388 064f 0B       		.uleb128 0xb
 13389 0650 01       		.uleb128 0x1
 13390 0651 13       		.uleb128 0x13
 13391 0652 00       		.byte	0
ARM GAS  /tmp/ccVOBie3.s 			page 236


 13392 0653 00       		.byte	0
 13393 0654 69       		.uleb128 0x69
 13394 0655 28       		.uleb128 0x28
 13395 0656 00       		.byte	0
 13396 0657 03       		.uleb128 0x3
 13397 0658 0E       		.uleb128 0xe
 13398 0659 1C       		.uleb128 0x1c
 13399 065a 0B       		.uleb128 0xb
 13400 065b 00       		.byte	0
 13401 065c 00       		.byte	0
 13402 065d 6A       		.uleb128 0x6a
 13403 065e 2E       		.uleb128 0x2e
 13404 065f 00       		.byte	0
 13405 0660 3F       		.uleb128 0x3f
 13406 0661 19       		.uleb128 0x19
 13407 0662 03       		.uleb128 0x3
 13408 0663 0E       		.uleb128 0xe
 13409 0664 3A       		.uleb128 0x3a
 13410 0665 0B       		.uleb128 0xb
 13411 0666 3B       		.uleb128 0x3b
 13412 0667 0B       		.uleb128 0xb
 13413 0668 39       		.uleb128 0x39
 13414 0669 0B       		.uleb128 0xb
 13415 066a 49       		.uleb128 0x49
 13416 066b 13       		.uleb128 0x13
 13417 066c 3C       		.uleb128 0x3c
 13418 066d 19       		.uleb128 0x19
 13419 066e 00       		.byte	0
 13420 066f 00       		.byte	0
 13421 0670 6B       		.uleb128 0x6b
 13422 0671 34       		.uleb128 0x34
 13423 0672 00       		.byte	0
 13424 0673 03       		.uleb128 0x3
 13425 0674 0E       		.uleb128 0xe
 13426 0675 3A       		.uleb128 0x3a
 13427 0676 0B       		.uleb128 0xb
 13428 0677 3B       		.uleb128 0x3b
 13429 0678 0B       		.uleb128 0xb
 13430 0679 39       		.uleb128 0x39
 13431 067a 0B       		.uleb128 0xb
 13432 067b 49       		.uleb128 0x49
 13433 067c 13       		.uleb128 0x13
 13434 067d 6C       		.uleb128 0x6c
 13435 067e 19       		.uleb128 0x19
 13436 067f 1C       		.uleb128 0x1c
 13437 0680 0B       		.uleb128 0xb
 13438 0681 00       		.byte	0
 13439 0682 00       		.byte	0
 13440 0683 6C       		.uleb128 0x6c
 13441 0684 34       		.uleb128 0x34
 13442 0685 00       		.byte	0
 13443 0686 03       		.uleb128 0x3
 13444 0687 0E       		.uleb128 0xe
 13445 0688 3A       		.uleb128 0x3a
 13446 0689 0B       		.uleb128 0xb
 13447 068a 3B       		.uleb128 0x3b
 13448 068b 0B       		.uleb128 0xb
ARM GAS  /tmp/ccVOBie3.s 			page 237


 13449 068c 39       		.uleb128 0x39
 13450 068d 0B       		.uleb128 0xb
 13451 068e 49       		.uleb128 0x49
 13452 068f 13       		.uleb128 0x13
 13453 0690 6C       		.uleb128 0x6c
 13454 0691 19       		.uleb128 0x19
 13455 0692 1C       		.uleb128 0x1c
 13456 0693 06       		.uleb128 0x6
 13457 0694 00       		.byte	0
 13458 0695 00       		.byte	0
 13459 0696 6D       		.uleb128 0x6d
 13460 0697 34       		.uleb128 0x34
 13461 0698 00       		.byte	0
 13462 0699 03       		.uleb128 0x3
 13463 069a 08       		.uleb128 0x8
 13464 069b 3A       		.uleb128 0x3a
 13465 069c 0B       		.uleb128 0xb
 13466 069d 3B       		.uleb128 0x3b
 13467 069e 0B       		.uleb128 0xb
 13468 069f 39       		.uleb128 0x39
 13469 06a0 0B       		.uleb128 0xb
 13470 06a1 49       		.uleb128 0x49
 13471 06a2 13       		.uleb128 0x13
 13472 06a3 6C       		.uleb128 0x6c
 13473 06a4 19       		.uleb128 0x19
 13474 06a5 1C       		.uleb128 0x1c
 13475 06a6 0A       		.uleb128 0xa
 13476 06a7 00       		.byte	0
 13477 06a8 00       		.byte	0
 13478 06a9 6E       		.uleb128 0x6e
 13479 06aa 02       		.uleb128 0x2
 13480 06ab 01       		.byte	0x1
 13481 06ac 03       		.uleb128 0x3
 13482 06ad 0E       		.uleb128 0xe
 13483 06ae 0B       		.uleb128 0xb
 13484 06af 0B       		.uleb128 0xb
 13485 06b0 3A       		.uleb128 0x3a
 13486 06b1 0B       		.uleb128 0xb
 13487 06b2 3B       		.uleb128 0x3b
 13488 06b3 0B       		.uleb128 0xb
 13489 06b4 39       		.uleb128 0x39
 13490 06b5 0B       		.uleb128 0xb
 13491 06b6 01       		.uleb128 0x1
 13492 06b7 13       		.uleb128 0x13
 13493 06b8 00       		.byte	0
 13494 06b9 00       		.byte	0
 13495 06ba 6F       		.uleb128 0x6f
 13496 06bb 0D       		.uleb128 0xd
 13497 06bc 00       		.byte	0
 13498 06bd 03       		.uleb128 0x3
 13499 06be 0E       		.uleb128 0xe
 13500 06bf 3A       		.uleb128 0x3a
 13501 06c0 0B       		.uleb128 0xb
 13502 06c1 3B       		.uleb128 0x3b
 13503 06c2 0B       		.uleb128 0xb
 13504 06c3 39       		.uleb128 0x39
 13505 06c4 0B       		.uleb128 0xb
ARM GAS  /tmp/ccVOBie3.s 			page 238


 13506 06c5 49       		.uleb128 0x49
 13507 06c6 13       		.uleb128 0x13
 13508 06c7 3F       		.uleb128 0x3f
 13509 06c8 19       		.uleb128 0x19
 13510 06c9 32       		.uleb128 0x32
 13511 06ca 0B       		.uleb128 0xb
 13512 06cb 3C       		.uleb128 0x3c
 13513 06cc 19       		.uleb128 0x19
 13514 06cd 1C       		.uleb128 0x1c
 13515 06ce 0B       		.uleb128 0xb
 13516 06cf 6C       		.uleb128 0x6c
 13517 06d0 19       		.uleb128 0x19
 13518 06d1 00       		.byte	0
 13519 06d2 00       		.byte	0
 13520 06d3 70       		.uleb128 0x70
 13521 06d4 2E       		.uleb128 0x2e
 13522 06d5 01       		.byte	0x1
 13523 06d6 3F       		.uleb128 0x3f
 13524 06d7 19       		.uleb128 0x19
 13525 06d8 03       		.uleb128 0x3
 13526 06d9 0E       		.uleb128 0xe
 13527 06da 3A       		.uleb128 0x3a
 13528 06db 0B       		.uleb128 0xb
 13529 06dc 3B       		.uleb128 0x3b
 13530 06dd 0B       		.uleb128 0xb
 13531 06de 39       		.uleb128 0x39
 13532 06df 0B       		.uleb128 0xb
 13533 06e0 6E       		.uleb128 0x6e
 13534 06e1 0E       		.uleb128 0xe
 13535 06e2 49       		.uleb128 0x49
 13536 06e3 13       		.uleb128 0x13
 13537 06e4 3C       		.uleb128 0x3c
 13538 06e5 19       		.uleb128 0x19
 13539 06e6 64       		.uleb128 0x64
 13540 06e7 13       		.uleb128 0x13
 13541 06e8 01       		.uleb128 0x1
 13542 06e9 13       		.uleb128 0x13
 13543 06ea 00       		.byte	0
 13544 06eb 00       		.byte	0
 13545 06ec 71       		.uleb128 0x71
 13546 06ed 2E       		.uleb128 0x2e
 13547 06ee 00       		.byte	0
 13548 06ef 3F       		.uleb128 0x3f
 13549 06f0 19       		.uleb128 0x19
 13550 06f1 03       		.uleb128 0x3
 13551 06f2 0E       		.uleb128 0xe
 13552 06f3 3A       		.uleb128 0x3a
 13553 06f4 0B       		.uleb128 0xb
 13554 06f5 3B       		.uleb128 0x3b
 13555 06f6 0B       		.uleb128 0xb
 13556 06f7 39       		.uleb128 0x39
 13557 06f8 0B       		.uleb128 0xb
 13558 06f9 6E       		.uleb128 0x6e
 13559 06fa 0E       		.uleb128 0xe
 13560 06fb 49       		.uleb128 0x49
 13561 06fc 13       		.uleb128 0x13
 13562 06fd 3C       		.uleb128 0x3c
ARM GAS  /tmp/ccVOBie3.s 			page 239


 13563 06fe 19       		.uleb128 0x19
 13564 06ff 00       		.byte	0
 13565 0700 00       		.byte	0
 13566 0701 72       		.uleb128 0x72
 13567 0702 34       		.uleb128 0x34
 13568 0703 00       		.byte	0
 13569 0704 03       		.uleb128 0x3
 13570 0705 0E       		.uleb128 0xe
 13571 0706 3A       		.uleb128 0x3a
 13572 0707 0B       		.uleb128 0xb
 13573 0708 3B       		.uleb128 0x3b
 13574 0709 0B       		.uleb128 0xb
 13575 070a 39       		.uleb128 0x39
 13576 070b 0B       		.uleb128 0xb
 13577 070c 49       		.uleb128 0x49
 13578 070d 13       		.uleb128 0x13
 13579 070e 02       		.uleb128 0x2
 13580 070f 18       		.uleb128 0x18
 13581 0710 00       		.byte	0
 13582 0711 00       		.byte	0
 13583 0712 73       		.uleb128 0x73
 13584 0713 2E       		.uleb128 0x2e
 13585 0714 00       		.byte	0
 13586 0715 03       		.uleb128 0x3
 13587 0716 0E       		.uleb128 0xe
 13588 0717 34       		.uleb128 0x34
 13589 0718 19       		.uleb128 0x19
 13590 0719 00       		.byte	0
 13591 071a 00       		.byte	0
 13592 071b 74       		.uleb128 0x74
 13593 071c 2E       		.uleb128 0x2e
 13594 071d 01       		.byte	0x1
 13595 071e 03       		.uleb128 0x3
 13596 071f 0E       		.uleb128 0xe
 13597 0720 34       		.uleb128 0x34
 13598 0721 19       		.uleb128 0x19
 13599 0722 11       		.uleb128 0x11
 13600 0723 01       		.uleb128 0x1
 13601 0724 12       		.uleb128 0x12
 13602 0725 06       		.uleb128 0x6
 13603 0726 40       		.uleb128 0x40
 13604 0727 18       		.uleb128 0x18
 13605 0728 9742     		.uleb128 0x2117
 13606 072a 19       		.uleb128 0x19
 13607 072b 01       		.uleb128 0x1
 13608 072c 13       		.uleb128 0x13
 13609 072d 00       		.byte	0
 13610 072e 00       		.byte	0
 13611 072f 75       		.uleb128 0x75
 13612 0730 1D       		.uleb128 0x1d
 13613 0731 01       		.byte	0x1
 13614 0732 31       		.uleb128 0x31
 13615 0733 13       		.uleb128 0x13
 13616 0734 11       		.uleb128 0x11
 13617 0735 01       		.uleb128 0x1
 13618 0736 12       		.uleb128 0x12
 13619 0737 06       		.uleb128 0x6
ARM GAS  /tmp/ccVOBie3.s 			page 240


 13620 0738 58       		.uleb128 0x58
 13621 0739 0B       		.uleb128 0xb
 13622 073a 59       		.uleb128 0x59
 13623 073b 0B       		.uleb128 0xb
 13624 073c 57       		.uleb128 0x57
 13625 073d 0B       		.uleb128 0xb
 13626 073e 00       		.byte	0
 13627 073f 00       		.byte	0
 13628 0740 76       		.uleb128 0x76
 13629 0741 2E       		.uleb128 0x2e
 13630 0742 01       		.byte	0x1
 13631 0743 03       		.uleb128 0x3
 13632 0744 0E       		.uleb128 0xe
 13633 0745 34       		.uleb128 0x34
 13634 0746 19       		.uleb128 0x19
 13635 0747 20       		.uleb128 0x20
 13636 0748 0B       		.uleb128 0xb
 13637 0749 01       		.uleb128 0x1
 13638 074a 13       		.uleb128 0x13
 13639 074b 00       		.byte	0
 13640 074c 00       		.byte	0
 13641 074d 77       		.uleb128 0x77
 13642 074e 2E       		.uleb128 0x2e
 13643 074f 01       		.byte	0x1
 13644 0750 3F       		.uleb128 0x3f
 13645 0751 19       		.uleb128 0x19
 13646 0752 03       		.uleb128 0x3
 13647 0753 0E       		.uleb128 0xe
 13648 0754 3A       		.uleb128 0x3a
 13649 0755 0B       		.uleb128 0xb
 13650 0756 3B       		.uleb128 0x3b
 13651 0757 0B       		.uleb128 0xb
 13652 0758 39       		.uleb128 0x39
 13653 0759 0B       		.uleb128 0xb
 13654 075a 01       		.uleb128 0x1
 13655 075b 13       		.uleb128 0x13
 13656 075c 00       		.byte	0
 13657 075d 00       		.byte	0
 13658 075e 78       		.uleb128 0x78
 13659 075f 2E       		.uleb128 0x2e
 13660 0760 01       		.byte	0x1
 13661 0761 3F       		.uleb128 0x3f
 13662 0762 19       		.uleb128 0x19
 13663 0763 03       		.uleb128 0x3
 13664 0764 0E       		.uleb128 0xe
 13665 0765 3A       		.uleb128 0x3a
 13666 0766 0B       		.uleb128 0xb
 13667 0767 3B       		.uleb128 0x3b
 13668 0768 0B       		.uleb128 0xb
 13669 0769 39       		.uleb128 0x39
 13670 076a 0B       		.uleb128 0xb
 13671 076b 20       		.uleb128 0x20
 13672 076c 0B       		.uleb128 0xb
 13673 076d 01       		.uleb128 0x1
 13674 076e 13       		.uleb128 0x13
 13675 076f 00       		.byte	0
 13676 0770 00       		.byte	0
ARM GAS  /tmp/ccVOBie3.s 			page 241


 13677 0771 79       		.uleb128 0x79
 13678 0772 0B       		.uleb128 0xb
 13679 0773 00       		.byte	0
 13680 0774 31       		.uleb128 0x31
 13681 0775 13       		.uleb128 0x13
 13682 0776 11       		.uleb128 0x11
 13683 0777 01       		.uleb128 0x1
 13684 0778 12       		.uleb128 0x12
 13685 0779 06       		.uleb128 0x6
 13686 077a 00       		.byte	0
 13687 077b 00       		.byte	0
 13688 077c 7A       		.uleb128 0x7a
 13689 077d 1D       		.uleb128 0x1d
 13690 077e 01       		.byte	0x1
 13691 077f 31       		.uleb128 0x31
 13692 0780 13       		.uleb128 0x13
 13693 0781 11       		.uleb128 0x11
 13694 0782 01       		.uleb128 0x1
 13695 0783 12       		.uleb128 0x12
 13696 0784 06       		.uleb128 0x6
 13697 0785 58       		.uleb128 0x58
 13698 0786 0B       		.uleb128 0xb
 13699 0787 59       		.uleb128 0x59
 13700 0788 0B       		.uleb128 0xb
 13701 0789 57       		.uleb128 0x57
 13702 078a 0B       		.uleb128 0xb
 13703 078b 01       		.uleb128 0x1
 13704 078c 13       		.uleb128 0x13
 13705 078d 00       		.byte	0
 13706 078e 00       		.byte	0
 13707 078f 7B       		.uleb128 0x7b
 13708 0790 0B       		.uleb128 0xb
 13709 0791 01       		.byte	0x1
 13710 0792 31       		.uleb128 0x31
 13711 0793 13       		.uleb128 0x13
 13712 0794 11       		.uleb128 0x11
 13713 0795 01       		.uleb128 0x1
 13714 0796 12       		.uleb128 0x12
 13715 0797 06       		.uleb128 0x6
 13716 0798 00       		.byte	0
 13717 0799 00       		.byte	0
 13718 079a 7C       		.uleb128 0x7c
 13719 079b 2E       		.uleb128 0x2e
 13720 079c 00       		.byte	0
 13721 079d 3F       		.uleb128 0x3f
 13722 079e 19       		.uleb128 0x19
 13723 079f 03       		.uleb128 0x3
 13724 07a0 0E       		.uleb128 0xe
 13725 07a1 3A       		.uleb128 0x3a
 13726 07a2 0B       		.uleb128 0xb
 13727 07a3 3B       		.uleb128 0x3b
 13728 07a4 0B       		.uleb128 0xb
 13729 07a5 39       		.uleb128 0x39
 13730 07a6 0B       		.uleb128 0xb
 13731 07a7 20       		.uleb128 0x20
 13732 07a8 0B       		.uleb128 0xb
 13733 07a9 00       		.byte	0
ARM GAS  /tmp/ccVOBie3.s 			page 242


 13734 07aa 00       		.byte	0
 13735 07ab 7D       		.uleb128 0x7d
 13736 07ac 2E       		.uleb128 0x2e
 13737 07ad 01       		.byte	0x1
 13738 07ae 47       		.uleb128 0x47
 13739 07af 13       		.uleb128 0x13
 13740 07b0 20       		.uleb128 0x20
 13741 07b1 0B       		.uleb128 0xb
 13742 07b2 01       		.uleb128 0x1
 13743 07b3 13       		.uleb128 0x13
 13744 07b4 00       		.byte	0
 13745 07b5 00       		.byte	0
 13746 07b6 7E       		.uleb128 0x7e
 13747 07b7 34       		.uleb128 0x34
 13748 07b8 00       		.byte	0
 13749 07b9 03       		.uleb128 0x3
 13750 07ba 0E       		.uleb128 0xe
 13751 07bb 3A       		.uleb128 0x3a
 13752 07bc 0B       		.uleb128 0xb
 13753 07bd 3B       		.uleb128 0x3b
 13754 07be 0B       		.uleb128 0xb
 13755 07bf 39       		.uleb128 0x39
 13756 07c0 0B       		.uleb128 0xb
 13757 07c1 6E       		.uleb128 0x6e
 13758 07c2 0E       		.uleb128 0xe
 13759 07c3 49       		.uleb128 0x49
 13760 07c4 13       		.uleb128 0x13
 13761 07c5 3F       		.uleb128 0x3f
 13762 07c6 19       		.uleb128 0x19
 13763 07c7 02       		.uleb128 0x2
 13764 07c8 18       		.uleb128 0x18
 13765 07c9 00       		.byte	0
 13766 07ca 00       		.byte	0
 13767 07cb 7F       		.uleb128 0x7f
 13768 07cc 1D       		.uleb128 0x1d
 13769 07cd 01       		.byte	0x1
 13770 07ce 31       		.uleb128 0x31
 13771 07cf 13       		.uleb128 0x13
 13772 07d0 52       		.uleb128 0x52
 13773 07d1 01       		.uleb128 0x1
 13774 07d2 B842     		.uleb128 0x2138
 13775 07d4 0B       		.uleb128 0xb
 13776 07d5 11       		.uleb128 0x11
 13777 07d6 01       		.uleb128 0x1
 13778 07d7 12       		.uleb128 0x12
 13779 07d8 06       		.uleb128 0x6
 13780 07d9 58       		.uleb128 0x58
 13781 07da 0B       		.uleb128 0xb
 13782 07db 59       		.uleb128 0x59
 13783 07dc 0B       		.uleb128 0xb
 13784 07dd 57       		.uleb128 0x57
 13785 07de 0B       		.uleb128 0xb
 13786 07df 01       		.uleb128 0x1
 13787 07e0 13       		.uleb128 0x13
 13788 07e1 00       		.byte	0
 13789 07e2 00       		.byte	0
 13790 07e3 8001     		.uleb128 0x80
ARM GAS  /tmp/ccVOBie3.s 			page 243


 13791 07e5 0B       		.uleb128 0xb
 13792 07e6 01       		.byte	0x1
 13793 07e7 31       		.uleb128 0x31
 13794 07e8 13       		.uleb128 0x13
 13795 07e9 11       		.uleb128 0x11
 13796 07ea 01       		.uleb128 0x1
 13797 07eb 12       		.uleb128 0x12
 13798 07ec 06       		.uleb128 0x6
 13799 07ed 01       		.uleb128 0x1
 13800 07ee 13       		.uleb128 0x13
 13801 07ef 00       		.byte	0
 13802 07f0 00       		.byte	0
 13803 07f1 8101     		.uleb128 0x81
 13804 07f3 2E       		.uleb128 0x2e
 13805 07f4 01       		.byte	0x1
 13806 07f5 47       		.uleb128 0x47
 13807 07f6 13       		.uleb128 0x13
 13808 07f7 11       		.uleb128 0x11
 13809 07f8 01       		.uleb128 0x1
 13810 07f9 12       		.uleb128 0x12
 13811 07fa 06       		.uleb128 0x6
 13812 07fb 40       		.uleb128 0x40
 13813 07fc 18       		.uleb128 0x18
 13814 07fd 9742     		.uleb128 0x2117
 13815 07ff 19       		.uleb128 0x19
 13816 0800 01       		.uleb128 0x1
 13817 0801 13       		.uleb128 0x13
 13818 0802 00       		.byte	0
 13819 0803 00       		.byte	0
 13820 0804 8201     		.uleb128 0x82
 13821 0806 10       		.uleb128 0x10
 13822 0807 00       		.byte	0
 13823 0808 0B       		.uleb128 0xb
 13824 0809 0B       		.uleb128 0xb
 13825 080a 49       		.uleb128 0x49
 13826 080b 13       		.uleb128 0x13
 13827 080c 00       		.byte	0
 13828 080d 00       		.byte	0
 13829 080e 8301     		.uleb128 0x83
 13830 0810 05       		.uleb128 0x5
 13831 0811 00       		.byte	0
 13832 0812 03       		.uleb128 0x3
 13833 0813 0E       		.uleb128 0xe
 13834 0814 49       		.uleb128 0x49
 13835 0815 13       		.uleb128 0x13
 13836 0816 34       		.uleb128 0x34
 13837 0817 19       		.uleb128 0x19
 13838 0818 02       		.uleb128 0x2
 13839 0819 18       		.uleb128 0x18
 13840 081a 00       		.byte	0
 13841 081b 00       		.byte	0
 13842 081c 8401     		.uleb128 0x84
 13843 081e 0B       		.uleb128 0xb
 13844 081f 01       		.byte	0x1
 13845 0820 55       		.uleb128 0x55
 13846 0821 17       		.uleb128 0x17
 13847 0822 01       		.uleb128 0x1
ARM GAS  /tmp/ccVOBie3.s 			page 244


 13848 0823 13       		.uleb128 0x13
 13849 0824 00       		.byte	0
 13850 0825 00       		.byte	0
 13851 0826 8501     		.uleb128 0x85
 13852 0828 898201   		.uleb128 0x4109
 13853 082b 01       		.byte	0x1
 13854 082c 11       		.uleb128 0x11
 13855 082d 01       		.uleb128 0x1
 13856 082e 31       		.uleb128 0x31
 13857 082f 13       		.uleb128 0x13
 13858 0830 01       		.uleb128 0x1
 13859 0831 13       		.uleb128 0x13
 13860 0832 00       		.byte	0
 13861 0833 00       		.byte	0
 13862 0834 8601     		.uleb128 0x86
 13863 0836 0B       		.uleb128 0xb
 13864 0837 01       		.byte	0x1
 13865 0838 31       		.uleb128 0x31
 13866 0839 13       		.uleb128 0x13
 13867 083a 55       		.uleb128 0x55
 13868 083b 17       		.uleb128 0x17
 13869 083c 00       		.byte	0
 13870 083d 00       		.byte	0
 13871 083e 8701     		.uleb128 0x87
 13872 0840 2E       		.uleb128 0x2e
 13873 0841 01       		.byte	0x1
 13874 0842 03       		.uleb128 0x3
 13875 0843 0E       		.uleb128 0xe
 13876 0844 3A       		.uleb128 0x3a
 13877 0845 0B       		.uleb128 0xb
 13878 0846 3B       		.uleb128 0x3b
 13879 0847 0B       		.uleb128 0xb
 13880 0848 39       		.uleb128 0x39
 13881 0849 0B       		.uleb128 0xb
 13882 084a 49       		.uleb128 0x49
 13883 084b 13       		.uleb128 0x13
 13884 084c 20       		.uleb128 0x20
 13885 084d 0B       		.uleb128 0xb
 13886 084e 01       		.uleb128 0x1
 13887 084f 13       		.uleb128 0x13
 13888 0850 00       		.byte	0
 13889 0851 00       		.byte	0
 13890 0852 8801     		.uleb128 0x88
 13891 0854 2E       		.uleb128 0x2e
 13892 0855 00       		.byte	0
 13893 0856 31       		.uleb128 0x31
 13894 0857 13       		.uleb128 0x13
 13895 0858 11       		.uleb128 0x11
 13896 0859 01       		.uleb128 0x1
 13897 085a 12       		.uleb128 0x12
 13898 085b 06       		.uleb128 0x6
 13899 085c 40       		.uleb128 0x40
 13900 085d 18       		.uleb128 0x18
 13901 085e 9742     		.uleb128 0x2117
 13902 0860 19       		.uleb128 0x19
 13903 0861 00       		.byte	0
 13904 0862 00       		.byte	0
ARM GAS  /tmp/ccVOBie3.s 			page 245


 13905 0863 8901     		.uleb128 0x89
 13906 0865 2E       		.uleb128 0x2e
 13907 0866 01       		.byte	0x1
 13908 0867 31       		.uleb128 0x31
 13909 0868 13       		.uleb128 0x13
 13910 0869 11       		.uleb128 0x11
 13911 086a 01       		.uleb128 0x1
 13912 086b 12       		.uleb128 0x12
 13913 086c 06       		.uleb128 0x6
 13914 086d 40       		.uleb128 0x40
 13915 086e 18       		.uleb128 0x18
 13916 086f 9742     		.uleb128 0x2117
 13917 0871 19       		.uleb128 0x19
 13918 0872 01       		.uleb128 0x1
 13919 0873 13       		.uleb128 0x13
 13920 0874 00       		.byte	0
 13921 0875 00       		.byte	0
 13922 0876 00       		.byte	0
 13923              		.section	.debug_loc,"",%progbits
 13924              	.Ldebug_loc0:
 13925              	.LVUS113:
 13926 0000 01       		.uleb128 .LVU658
 13927 0001 00       		.uleb128 .LVU670
 13928              	.LLST113:
 13929 0002 00000000 		.4byte	.LVL164
 13930 0006 2E000000 		.4byte	.LVL167
 13931 000a 0400     		.2byte	0x4
 13932 000c 0A       		.byte	0xa
 13933 000d FFFF     		.2byte	0xffff
 13934 000f 9F       		.byte	0x9f
 13935 0010 00000000 		.4byte	0
 13936 0014 00000000 		.4byte	0
 13937              	.LVUS114:
 13938 0018 01       		.uleb128 .LVU658
 13939 0019 00       		.uleb128 .LVU670
 13940              	.LLST114:
 13941 001a 00000000 		.4byte	.LVL164
 13942 001e 2E000000 		.4byte	.LVL167
 13943 0022 0200     		.2byte	0x2
 13944 0024 31       		.byte	0x31
 13945 0025 9F       		.byte	0x9f
 13946 0026 00000000 		.4byte	0
 13947 002a 00000000 		.4byte	0
 13948              	.LVUS115:
 13949 002e 03       		.uleb128 .LVU660
 13950 002f 00       		.uleb128 .LVU670
 13951              	.LLST115:
 13952 0030 00000000 		.4byte	.LVL164
 13953 0034 2E000000 		.4byte	.LVL167
 13954 0038 0400     		.2byte	0x4
 13955 003a 0A       		.byte	0xa
 13956 003b FFFF     		.2byte	0xffff
 13957 003d 9F       		.byte	0x9f
 13958 003e 00000000 		.4byte	0
 13959 0042 00000000 		.4byte	0
 13960              	.LVUS116:
 13961 0046 03       		.uleb128 .LVU660
ARM GAS  /tmp/ccVOBie3.s 			page 246


 13962 0047 00       		.uleb128 .LVU670
 13963              	.LLST116:
 13964 0048 00000000 		.4byte	.LVL164
 13965 004c 2E000000 		.4byte	.LVL167
 13966 0050 0200     		.2byte	0x2
 13967 0052 31       		.byte	0x31
 13968 0053 9F       		.byte	0x9f
 13969 0054 00000000 		.4byte	0
 13970 0058 00000000 		.4byte	0
 13971              	.LVUS117:
 13972 005c 03       		.uleb128 .LVU660
 13973 005d 00       		.uleb128 .LVU670
 13974              	.LLST117:
 13975 005e 00000000 		.4byte	.LVL164
 13976 0062 2E000000 		.4byte	.LVL167
 13977 0066 0600     		.2byte	0x6
 13978 0068 03       		.byte	0x3
 13979 0069 00000000 		.4byte	_ZL17s_effect_instance
 13980 006d 9F       		.byte	0x9f
 13981 006e 00000000 		.4byte	0
 13982 0072 00000000 		.4byte	0
 13983              	.LVUS118:
 13984 0076 04       		.uleb128 .LVU661
 13985 0077 00       		.uleb128 .LVU668
 13986              	.LLST118:
 13987 0078 00000000 		.4byte	.LVL164
 13988 007c 26000000 		.4byte	.LVL166
 13989 0080 0600     		.2byte	0x6
 13990 0082 03       		.byte	0x3
 13991 0083 00000000 		.4byte	_ZL17s_effect_instance
 13992 0087 9F       		.byte	0x9f
 13993 0088 00000000 		.4byte	0
 13994 008c 00000000 		.4byte	0
 13995              	.LVUS110:
 13996 0090 00       		.uleb128 0
 13997 0091 00       		.uleb128 .LVU641
 13998 0092 00       		.uleb128 .LVU641
 13999 0093 00       		.uleb128 .LVU642
 14000 0094 00       		.uleb128 .LVU642
 14001 0095 00       		.uleb128 .LVU644
 14002 0096 00       		.uleb128 .LVU644
 14003 0097 00       		.uleb128 0
 14004              	.LLST110:
 14005 0098 E0010000 		.4byte	.LVL158
 14006 009c F2010000 		.4byte	.LVL159
 14007 00a0 0100     		.2byte	0x1
 14008 00a2 50       		.byte	0x50
 14009 00a3 F2010000 		.4byte	.LVL159
 14010 00a7 F4010000 		.4byte	.LVL160
 14011 00ab 0400     		.2byte	0x4
 14012 00ad F3       		.byte	0xf3
 14013 00ae 01       		.uleb128 0x1
 14014 00af 50       		.byte	0x50
 14015 00b0 9F       		.byte	0x9f
 14016 00b1 F4010000 		.4byte	.LVL160
 14017 00b5 F6010000 		.4byte	.LVL161
 14018 00b9 0100     		.2byte	0x1
ARM GAS  /tmp/ccVOBie3.s 			page 247


 14019 00bb 50       		.byte	0x50
 14020 00bc F6010000 		.4byte	.LVL161
 14021 00c0 00020000 		.4byte	.LFE529
 14022 00c4 0400     		.2byte	0x4
 14023 00c6 F3       		.byte	0xf3
 14024 00c7 01       		.uleb128 0x1
 14025 00c8 50       		.byte	0x50
 14026 00c9 9F       		.byte	0x9f
 14027 00ca 00000000 		.4byte	0
 14028 00ce 00000000 		.4byte	0
 14029              	.LVUS111:
 14030 00d2 02       		.uleb128 .LVU633
 14031 00d3 00       		.uleb128 0
 14032              	.LLST111:
 14033 00d4 E0010000 		.4byte	.LVL158
 14034 00d8 00020000 		.4byte	.LFE529
 14035 00dc 0100     		.2byte	0x1
 14036 00de 51       		.byte	0x51
 14037 00df 00000000 		.4byte	0
 14038 00e3 00000000 		.4byte	0
 14039              	.LVUS112:
 14040 00e7 02       		.uleb128 .LVU633
 14041 00e8 00       		.uleb128 .LVU641
 14042 00e9 00       		.uleb128 .LVU641
 14043 00ea 00       		.uleb128 .LVU642
 14044 00eb 00       		.uleb128 .LVU642
 14045 00ec 00       		.uleb128 .LVU644
 14046 00ed 00       		.uleb128 .LVU644
 14047 00ee 00       		.uleb128 0
 14048              	.LLST112:
 14049 00ef E0010000 		.4byte	.LVL158
 14050 00f3 F2010000 		.4byte	.LVL159
 14051 00f7 0100     		.2byte	0x1
 14052 00f9 50       		.byte	0x50
 14053 00fa F2010000 		.4byte	.LVL159
 14054 00fe F4010000 		.4byte	.LVL160
 14055 0102 0400     		.2byte	0x4
 14056 0104 F3       		.byte	0xf3
 14057 0105 01       		.uleb128 0x1
 14058 0106 50       		.byte	0x50
 14059 0107 9F       		.byte	0x9f
 14060 0108 F4010000 		.4byte	.LVL160
 14061 010c F6010000 		.4byte	.LVL161
 14062 0110 0100     		.2byte	0x1
 14063 0112 50       		.byte	0x50
 14064 0113 F6010000 		.4byte	.LVL161
 14065 0117 00020000 		.4byte	.LFE529
 14066 011b 0400     		.2byte	0x4
 14067 011d F3       		.byte	0xf3
 14068 011e 01       		.uleb128 0x1
 14069 011f 50       		.byte	0x50
 14070 0120 9F       		.byte	0x9f
 14071 0121 00000000 		.4byte	0
 14072 0125 00000000 		.4byte	0
 14073              	.LVUS107:
 14074 0129 00       		.uleb128 0
 14075 012a 00       		.uleb128 .LVU621
ARM GAS  /tmp/ccVOBie3.s 			page 248


 14076 012b 00       		.uleb128 .LVU621
 14077 012c 00       		.uleb128 .LVU622
 14078 012d 00       		.uleb128 .LVU622
 14079 012e 00       		.uleb128 .LVU625
 14080 012f 00       		.uleb128 .LVU625
 14081 0130 00       		.uleb128 .LVU626
 14082 0131 00       		.uleb128 .LVU626
 14083 0132 00       		.uleb128 .LVU629
 14084 0133 00       		.uleb128 .LVU629
 14085 0134 00       		.uleb128 0
 14086              	.LLST107:
 14087 0135 B8010000 		.4byte	.LVL152
 14088 0139 C2010000 		.4byte	.LVL153
 14089 013d 0100     		.2byte	0x1
 14090 013f 50       		.byte	0x50
 14091 0140 C2010000 		.4byte	.LVL153
 14092 0144 C4010000 		.4byte	.LVL154
 14093 0148 0400     		.2byte	0x4
 14094 014a F3       		.byte	0xf3
 14095 014b 01       		.uleb128 0x1
 14096 014c 50       		.byte	0x50
 14097 014d 9F       		.byte	0x9f
 14098 014e C4010000 		.4byte	.LVL154
 14099 0152 CC010000 		.4byte	.LVL155
 14100 0156 0100     		.2byte	0x1
 14101 0158 50       		.byte	0x50
 14102 0159 CC010000 		.4byte	.LVL155
 14103 015d CE010000 		.4byte	.LVL156
 14104 0161 0400     		.2byte	0x4
 14105 0163 F3       		.byte	0xf3
 14106 0164 01       		.uleb128 0x1
 14107 0165 50       		.byte	0x50
 14108 0166 9F       		.byte	0x9f
 14109 0167 CE010000 		.4byte	.LVL156
 14110 016b D6010000 		.4byte	.LVL157
 14111 016f 0100     		.2byte	0x1
 14112 0171 50       		.byte	0x50
 14113 0172 D6010000 		.4byte	.LVL157
 14114 0176 E0010000 		.4byte	.LFE528
 14115 017a 0400     		.2byte	0x4
 14116 017c F3       		.byte	0xf3
 14117 017d 01       		.uleb128 0x1
 14118 017e 50       		.byte	0x50
 14119 017f 9F       		.byte	0x9f
 14120 0180 00000000 		.4byte	0
 14121 0184 00000000 		.4byte	0
 14122              	.LVUS108:
 14123 0188 02       		.uleb128 .LVU619
 14124 0189 00       		.uleb128 .LVU621
 14125 018a 00       		.uleb128 .LVU621
 14126 018b 00       		.uleb128 .LVU622
 14127 018c 00       		.uleb128 .LVU622
 14128 018d 00       		.uleb128 .LVU625
 14129 018e 00       		.uleb128 .LVU625
 14130 018f 00       		.uleb128 .LVU626
 14131 0190 00       		.uleb128 .LVU626
 14132 0191 00       		.uleb128 .LVU629
ARM GAS  /tmp/ccVOBie3.s 			page 249


 14133              	.LLST108:
 14134 0192 B8010000 		.4byte	.LVL152
 14135 0196 C2010000 		.4byte	.LVL153
 14136 019a 0100     		.2byte	0x1
 14137 019c 50       		.byte	0x50
 14138 019d C2010000 		.4byte	.LVL153
 14139 01a1 C4010000 		.4byte	.LVL154
 14140 01a5 0400     		.2byte	0x4
 14141 01a7 F3       		.byte	0xf3
 14142 01a8 01       		.uleb128 0x1
 14143 01a9 50       		.byte	0x50
 14144 01aa 9F       		.byte	0x9f
 14145 01ab C4010000 		.4byte	.LVL154
 14146 01af CC010000 		.4byte	.LVL155
 14147 01b3 0100     		.2byte	0x1
 14148 01b5 50       		.byte	0x50
 14149 01b6 CC010000 		.4byte	.LVL155
 14150 01ba CE010000 		.4byte	.LVL156
 14151 01be 0400     		.2byte	0x4
 14152 01c0 F3       		.byte	0xf3
 14153 01c1 01       		.uleb128 0x1
 14154 01c2 50       		.byte	0x50
 14155 01c3 9F       		.byte	0x9f
 14156 01c4 CE010000 		.4byte	.LVL156
 14157 01c8 D6010000 		.4byte	.LVL157
 14158 01cc 0100     		.2byte	0x1
 14159 01ce 50       		.byte	0x50
 14160 01cf 00000000 		.4byte	0
 14161 01d3 00000000 		.4byte	0
 14162              	.LVUS109:
 14163 01d7 02       		.uleb128 .LVU619
 14164 01d8 00       		.uleb128 .LVU629
 14165              	.LLST109:
 14166 01d9 B8010000 		.4byte	.LVL152
 14167 01dd D6010000 		.4byte	.LVL157
 14168 01e1 0600     		.2byte	0x6
 14169 01e3 03       		.byte	0x3
 14170 01e4 00000000 		.4byte	_ZL17s_effect_instance
 14171 01e8 9F       		.byte	0x9f
 14172 01e9 00000000 		.4byte	0
 14173 01ed 00000000 		.4byte	0
 14174              	.LVUS92:
 14175 01f1 00       		.uleb128 0
 14176 01f2 00       		.uleb128 .LVU506
 14177 01f3 00       		.uleb128 .LVU506
 14178 01f4 00       		.uleb128 .LVU508
 14179 01f5 00       		.uleb128 .LVU508
 14180 01f6 00       		.uleb128 .LVU541
 14181 01f7 00       		.uleb128 .LVU541
 14182 01f8 00       		.uleb128 .LVU543
 14183 01f9 00       		.uleb128 .LVU543
 14184 01fa 00       		.uleb128 .LVU608
 14185 01fb 00       		.uleb128 .LVU608
 14186 01fc 00       		.uleb128 .LVU615
 14187 01fd 00       		.uleb128 .LVU615
 14188 01fe 00       		.uleb128 0
 14189              	.LLST92:
ARM GAS  /tmp/ccVOBie3.s 			page 250


 14190 01ff 5C000000 		.4byte	.LVL132
 14191 0203 64000000 		.4byte	.LVL133
 14192 0207 0100     		.2byte	0x1
 14193 0209 50       		.byte	0x50
 14194 020a 64000000 		.4byte	.LVL133
 14195 020e 66000000 		.4byte	.LVL134
 14196 0212 0400     		.2byte	0x4
 14197 0214 F3       		.byte	0xf3
 14198 0215 01       		.uleb128 0x1
 14199 0216 50       		.byte	0x50
 14200 0217 9F       		.byte	0x9f
 14201 0218 66000000 		.4byte	.LVL134
 14202 021c B0000000 		.4byte	.LVL139
 14203 0220 0100     		.2byte	0x1
 14204 0222 50       		.byte	0x50
 14205 0223 B0000000 		.4byte	.LVL139
 14206 0227 B8000000 		.4byte	.LVL141
 14207 022b 0400     		.2byte	0x4
 14208 022d F3       		.byte	0xf3
 14209 022e 01       		.uleb128 0x1
 14210 022f 50       		.byte	0x50
 14211 0230 9F       		.byte	0x9f
 14212 0231 B8000000 		.4byte	.LVL141
 14213 0235 64010000 		.4byte	.LVL148
 14214 0239 0100     		.2byte	0x1
 14215 023b 50       		.byte	0x50
 14216 023c 64010000 		.4byte	.LVL148
 14217 0240 74010000 		.4byte	.LVL150
 14218 0244 0400     		.2byte	0x4
 14219 0246 F3       		.byte	0xf3
 14220 0247 01       		.uleb128 0x1
 14221 0248 50       		.byte	0x50
 14222 0249 9F       		.byte	0x9f
 14223 024a 74010000 		.4byte	.LVL150
 14224 024e B8010000 		.4byte	.LFE527
 14225 0252 0100     		.2byte	0x1
 14226 0254 50       		.byte	0x50
 14227 0255 00000000 		.4byte	0
 14228 0259 00000000 		.4byte	0
 14229              	.LVUS93:
 14230 025d 00       		.uleb128 0
 14231 025e 00       		.uleb128 .LVU506
 14232 025f 00       		.uleb128 .LVU506
 14233 0260 00       		.uleb128 .LVU508
 14234 0261 00       		.uleb128 .LVU508
 14235 0262 00       		.uleb128 .LVU516
 14236 0263 00       		.uleb128 .LVU516
 14237 0264 00       		.uleb128 .LVU579
 14238 0265 00       		.uleb128 .LVU579
 14239 0266 00       		.uleb128 .LVU585
 14240 0267 00       		.uleb128 .LVU585
 14241 0268 00       		.uleb128 0
 14242              	.LLST93:
 14243 0269 5C000000 		.4byte	.LVL132
 14244 026d 64000000 		.4byte	.LVL133
 14245 0271 0100     		.2byte	0x1
 14246 0273 51       		.byte	0x51
ARM GAS  /tmp/ccVOBie3.s 			page 251


 14247 0274 64000000 		.4byte	.LVL133
 14248 0278 66000000 		.4byte	.LVL134
 14249 027c 0400     		.2byte	0x4
 14250 027e F3       		.byte	0xf3
 14251 027f 01       		.uleb128 0x1
 14252 0280 51       		.byte	0x51
 14253 0281 9F       		.byte	0x9f
 14254 0282 66000000 		.4byte	.LVL134
 14255 0286 7A000000 		.4byte	.LVL136
 14256 028a 0100     		.2byte	0x1
 14257 028c 51       		.byte	0x51
 14258 028d 7A000000 		.4byte	.LVL136
 14259 0291 0E010000 		.4byte	.LVL142
 14260 0295 0400     		.2byte	0x4
 14261 0297 F3       		.byte	0xf3
 14262 0298 01       		.uleb128 0x1
 14263 0299 51       		.byte	0x51
 14264 029a 9F       		.byte	0x9f
 14265 029b 0E010000 		.4byte	.LVL142
 14266 029f 12010000 		.4byte	.LVL143
 14267 02a3 0100     		.2byte	0x1
 14268 02a5 51       		.byte	0x51
 14269 02a6 12010000 		.4byte	.LVL143
 14270 02aa B8010000 		.4byte	.LFE527
 14271 02ae 0400     		.2byte	0x4
 14272 02b0 F3       		.byte	0xf3
 14273 02b1 01       		.uleb128 0x1
 14274 02b2 51       		.byte	0x51
 14275 02b3 9F       		.byte	0x9f
 14276 02b4 00000000 		.4byte	0
 14277 02b8 00000000 		.4byte	0
 14278              	.LVUS94:
 14279 02bc 02       		.uleb128 .LVU502
 14280 02bd 00       		.uleb128 .LVU506
 14281 02be 00       		.uleb128 .LVU508
 14282 02bf 00       		.uleb128 .LVU516
 14283 02c0 00       		.uleb128 .LVU516
 14284 02c1 00       		.uleb128 .LVU579
 14285 02c2 00       		.uleb128 .LVU579
 14286 02c3 00       		.uleb128 .LVU585
 14287 02c4 00       		.uleb128 .LVU585
 14288 02c5 00       		.uleb128 .LVU613
 14289 02c6 00       		.uleb128 .LVU615
 14290 02c7 00       		.uleb128 0
 14291              	.LLST94:
 14292 02c8 5C000000 		.4byte	.LVL132
 14293 02cc 64000000 		.4byte	.LVL133
 14294 02d0 0100     		.2byte	0x1
 14295 02d2 51       		.byte	0x51
 14296 02d3 66000000 		.4byte	.LVL134
 14297 02d7 7A000000 		.4byte	.LVL136
 14298 02db 0100     		.2byte	0x1
 14299 02dd 51       		.byte	0x51
 14300 02de 7A000000 		.4byte	.LVL136
 14301 02e2 0E010000 		.4byte	.LVL142
 14302 02e6 0400     		.2byte	0x4
 14303 02e8 F3       		.byte	0xf3
ARM GAS  /tmp/ccVOBie3.s 			page 252


 14304 02e9 01       		.uleb128 0x1
 14305 02ea 51       		.byte	0x51
 14306 02eb 9F       		.byte	0x9f
 14307 02ec 0E010000 		.4byte	.LVL142
 14308 02f0 12010000 		.4byte	.LVL143
 14309 02f4 0100     		.2byte	0x1
 14310 02f6 51       		.byte	0x51
 14311 02f7 12010000 		.4byte	.LVL143
 14312 02fb 72010000 		.4byte	.LVL149
 14313 02ff 0400     		.2byte	0x4
 14314 0301 F3       		.byte	0xf3
 14315 0302 01       		.uleb128 0x1
 14316 0303 51       		.byte	0x51
 14317 0304 9F       		.byte	0x9f
 14318 0305 74010000 		.4byte	.LVL150
 14319 0309 B8010000 		.4byte	.LFE527
 14320 030d 0400     		.2byte	0x4
 14321 030f F3       		.byte	0xf3
 14322 0310 01       		.uleb128 0x1
 14323 0311 51       		.byte	0x51
 14324 0312 9F       		.byte	0x9f
 14325 0313 00000000 		.4byte	0
 14326 0317 00000000 		.4byte	0
 14327              	.LVUS95:
 14328 031b 02       		.uleb128 .LVU502
 14329 031c 00       		.uleb128 .LVU506
 14330 031d 00       		.uleb128 .LVU508
 14331 031e 00       		.uleb128 .LVU541
 14332 031f 00       		.uleb128 .LVU541
 14333 0320 00       		.uleb128 .LVU543
 14334 0321 00       		.uleb128 .LVU543
 14335 0322 00       		.uleb128 .LVU608
 14336 0323 00       		.uleb128 .LVU608
 14337 0324 00       		.uleb128 .LVU613
 14338 0325 00       		.uleb128 .LVU615
 14339 0326 00       		.uleb128 0
 14340              	.LLST95:
 14341 0327 5C000000 		.4byte	.LVL132
 14342 032b 64000000 		.4byte	.LVL133
 14343 032f 0100     		.2byte	0x1
 14344 0331 50       		.byte	0x50
 14345 0332 66000000 		.4byte	.LVL134
 14346 0336 B0000000 		.4byte	.LVL139
 14347 033a 0100     		.2byte	0x1
 14348 033c 50       		.byte	0x50
 14349 033d B0000000 		.4byte	.LVL139
 14350 0341 B8000000 		.4byte	.LVL141
 14351 0345 0400     		.2byte	0x4
 14352 0347 F3       		.byte	0xf3
 14353 0348 01       		.uleb128 0x1
 14354 0349 50       		.byte	0x50
 14355 034a 9F       		.byte	0x9f
 14356 034b B8000000 		.4byte	.LVL141
 14357 034f 64010000 		.4byte	.LVL148
 14358 0353 0100     		.2byte	0x1
 14359 0355 50       		.byte	0x50
 14360 0356 64010000 		.4byte	.LVL148
ARM GAS  /tmp/ccVOBie3.s 			page 253


 14361 035a 72010000 		.4byte	.LVL149
 14362 035e 0400     		.2byte	0x4
 14363 0360 F3       		.byte	0xf3
 14364 0361 01       		.uleb128 0x1
 14365 0362 50       		.byte	0x50
 14366 0363 9F       		.byte	0x9f
 14367 0364 74010000 		.4byte	.LVL150
 14368 0368 B8010000 		.4byte	.LFE527
 14369 036c 0100     		.2byte	0x1
 14370 036e 50       		.byte	0x50
 14371 036f 00000000 		.4byte	0
 14372 0373 00000000 		.4byte	0
 14373              	.LVUS96:
 14374 0377 02       		.uleb128 .LVU502
 14375 0378 00       		.uleb128 .LVU506
 14376 0379 00       		.uleb128 .LVU508
 14377 037a 00       		.uleb128 .LVU613
 14378 037b 00       		.uleb128 .LVU615
 14379 037c 00       		.uleb128 0
 14380              	.LLST96:
 14381 037d 5C000000 		.4byte	.LVL132
 14382 0381 64000000 		.4byte	.LVL133
 14383 0385 0600     		.2byte	0x6
 14384 0387 03       		.byte	0x3
 14385 0388 00000000 		.4byte	_ZL17s_effect_instance
 14386 038c 9F       		.byte	0x9f
 14387 038d 66000000 		.4byte	.LVL134
 14388 0391 72010000 		.4byte	.LVL149
 14389 0395 0600     		.2byte	0x6
 14390 0397 03       		.byte	0x3
 14391 0398 00000000 		.4byte	_ZL17s_effect_instance
 14392 039c 9F       		.byte	0x9f
 14393 039d 74010000 		.4byte	.LVL150
 14394 03a1 B8010000 		.4byte	.LFE527
 14395 03a5 0600     		.2byte	0x6
 14396 03a7 03       		.byte	0x3
 14397 03a8 00000000 		.4byte	_ZL17s_effect_instance
 14398 03ac 9F       		.byte	0x9f
 14399 03ad 00000000 		.4byte	0
 14400 03b1 00000000 		.4byte	0
 14401              	.LVUS97:
 14402 03b5 01       		.uleb128 .LVU509
 14403 03b6 00       		.uleb128 .LVU579
 14404              	.LLST97:
 14405 03b7 66000000 		.4byte	.LVL134
 14406 03bb 0E010000 		.4byte	.LVL142
 14407 03bf 0200     		.2byte	0x2
 14408 03c1 30       		.byte	0x30
 14409 03c2 9F       		.byte	0x9f
 14410 03c3 00000000 		.4byte	0
 14411 03c7 00000000 		.4byte	0
 14412              	.LVUS98:
 14413 03cb 00       		.uleb128 .LVU508
 14414 03cc 00       		.uleb128 .LVU516
 14415 03cd 00       		.uleb128 .LVU516
 14416 03ce 00       		.uleb128 .LVU579
 14417              	.LLST98:
ARM GAS  /tmp/ccVOBie3.s 			page 254


 14418 03cf 66000000 		.4byte	.LVL134
 14419 03d3 7A000000 		.4byte	.LVL136
 14420 03d7 0100     		.2byte	0x1
 14421 03d9 51       		.byte	0x51
 14422 03da 7A000000 		.4byte	.LVL136
 14423 03de 0E010000 		.4byte	.LVL142
 14424 03e2 0400     		.2byte	0x4
 14425 03e4 F3       		.byte	0xf3
 14426 03e5 01       		.uleb128 0x1
 14427 03e6 51       		.byte	0x51
 14428 03e7 9F       		.byte	0x9f
 14429 03e8 00000000 		.4byte	0
 14430 03ec 00000000 		.4byte	0
 14431              	.LVUS99:
 14432 03f0 00       		.uleb128 .LVU508
 14433 03f1 00       		.uleb128 .LVU579
 14434              	.LLST99:
 14435 03f2 66000000 		.4byte	.LVL134
 14436 03f6 0E010000 		.4byte	.LVL142
 14437 03fa 0600     		.2byte	0x6
 14438 03fc 03       		.byte	0x3
 14439 03fd 00000000 		.4byte	_ZL17s_effect_instance
 14440 0401 9F       		.byte	0x9f
 14441 0402 00000000 		.4byte	0
 14442 0406 00000000 		.4byte	0
 14443              	.LVUS100:
 14444 040a 00       		.uleb128 .LVU523
 14445 040b 00       		.uleb128 .LVU527
 14446 040c 00       		.uleb128 .LVU527
 14447 040d 00       		.uleb128 .LVU542
 14448 040e 00       		.uleb128 .LVU542
 14449 040f 00       		.uleb128 .LVU543
 14450 0410 00       		.uleb128 .LVU543
 14451 0411 00       		.uleb128 .LVU579
 14452              	.LLST100:
 14453 0412 88000000 		.4byte	.LVL137
 14454 0416 92000000 		.4byte	.LVL138
 14455 041a 0100     		.2byte	0x1
 14456 041c 53       		.byte	0x53
 14457 041d 92000000 		.4byte	.LVL138
 14458 0421 B5000000 		.4byte	.LVL140-1
 14459 0425 0500     		.2byte	0x5
 14460 0427 03       		.byte	0x3
 14461 0428 04000000 		.4byte	_ZL17s_effect_instance+4
 14462 042c B5000000 		.4byte	.LVL140-1
 14463 0430 B8000000 		.4byte	.LVL141
 14464 0434 2500     		.2byte	0x25
 14465 0436 34       		.byte	0x34
 14466 0437 F3       		.byte	0xf3
 14467 0438 01       		.uleb128 0x1
 14468 0439 51       		.byte	0x51
 14469 043a 12       		.byte	0x12
 14470 043b 30       		.byte	0x30
 14471 043c 16       		.byte	0x16
 14472 043d 14       		.byte	0x14
 14473 043e 2B       		.byte	0x2b
 14474 043f 28       		.byte	0x28
ARM GAS  /tmp/ccVOBie3.s 			page 255


 14475 0440 0100     		.2byte	0x1
 14476 0442 16       		.byte	0x16
 14477 0443 13       		.byte	0x13
 14478 0444 F3       		.byte	0xf3
 14479 0445 01       		.uleb128 0x1
 14480 0446 51       		.byte	0x51
 14481 0447 12       		.byte	0x12
 14482 0448 30       		.byte	0x30
 14483 0449 16       		.byte	0x16
 14484 044a 14       		.byte	0x14
 14485 044b 2B       		.byte	0x2b
 14486 044c 28       		.byte	0x28
 14487 044d 0100     		.2byte	0x1
 14488 044f 16       		.byte	0x16
 14489 0450 13       		.byte	0x13
 14490 0451 34       		.byte	0x34
 14491 0452 2A       		.byte	0x2a
 14492 0453 28       		.byte	0x28
 14493 0454 0100     		.2byte	0x1
 14494 0456 16       		.byte	0x16
 14495 0457 13       		.byte	0x13
 14496 0458 31       		.byte	0x31
 14497 0459 1C       		.byte	0x1c
 14498 045a 9F       		.byte	0x9f
 14499 045b B8000000 		.4byte	.LVL141
 14500 045f 0E010000 		.4byte	.LVL142
 14501 0463 0500     		.2byte	0x5
 14502 0465 03       		.byte	0x3
 14503 0466 04000000 		.4byte	_ZL17s_effect_instance+4
 14504 046a 00000000 		.4byte	0
 14505 046e 00000000 		.4byte	0
 14506              	.LVUS101:
 14507 0472 00       		.uleb128 .LVU523
 14508 0473 00       		.uleb128 .LVU579
 14509              	.LLST101:
 14510 0474 88000000 		.4byte	.LVL137
 14511 0478 0E010000 		.4byte	.LVL142
 14512 047c 0600     		.2byte	0x6
 14513 047e 03       		.byte	0x3
 14514 047f 00000000 		.4byte	_ZL17s_effect_instance
 14515 0483 9F       		.byte	0x9f
 14516 0484 00000000 		.4byte	0
 14517 0488 00000000 		.4byte	0
 14518              	.LVUS102:
 14519 048c 01       		.uleb128 .LVU592
 14520 048d 00       		.uleb128 .LVU603
 14521 048e 00       		.uleb128 .LVU615
 14522 048f 00       		.uleb128 0
 14523              	.LLST102:
 14524 0490 26010000 		.4byte	.LVL144
 14525 0494 5E010000 		.4byte	.LVL147
 14526 0498 0100     		.2byte	0x1
 14527 049a 51       		.byte	0x51
 14528 049b 74010000 		.4byte	.LVL150
 14529 049f B8010000 		.4byte	.LFE527
 14530 04a3 0100     		.2byte	0x1
 14531 04a5 51       		.byte	0x51
ARM GAS  /tmp/ccVOBie3.s 			page 256


 14532 04a6 00000000 		.4byte	0
 14533 04aa 00000000 		.4byte	0
 14534              	.LVUS103:
 14535 04ae 03       		.uleb128 .LVU594
 14536 04af 00       		.uleb128 .LVU596
 14537 04b0 00       		.uleb128 .LVU596
 14538 04b1 00       		.uleb128 .LVU600
 14539 04b2 00       		.uleb128 .LVU600
 14540 04b3 00       		.uleb128 .LVU603
 14541 04b4 00       		.uleb128 .LVU615
 14542 04b5 00       		.uleb128 0
 14543              	.LLST103:
 14544 04b6 26010000 		.4byte	.LVL144
 14545 04ba 2A010000 		.4byte	.LVL145
 14546 04be 0F00     		.2byte	0xf
 14547 04c0 71       		.byte	0x71
 14548 04c1 00       		.sleb128 0
 14549 04c2 F7       		.byte	0xf7
 14550 04c3 2C       		.uleb128 0x2c
 14551 04c4 F7       		.byte	0xf7
 14552 04c5 25       		.uleb128 0x25
 14553 04c6 F4       		.byte	0xf4
 14554 04c7 25       		.uleb128 0x25
 14555 04c8 04       		.byte	0x4
 14556 04c9 00C07F44 		.4byte	0x447fc000
 14557 04cd 1B       		.byte	0x1b
 14558 04ce 9F       		.byte	0x9f
 14559 04cf 2A010000 		.4byte	.LVL145
 14560 04d3 42010000 		.4byte	.LVL146
 14561 04d7 0200     		.2byte	0x2
 14562 04d9 90       		.byte	0x90
 14563 04da 4E       		.uleb128 0x4e
 14564 04db 42010000 		.4byte	.LVL146
 14565 04df 5E010000 		.4byte	.LVL147
 14566 04e3 0F00     		.2byte	0xf
 14567 04e5 71       		.byte	0x71
 14568 04e6 00       		.sleb128 0
 14569 04e7 F7       		.byte	0xf7
 14570 04e8 2C       		.uleb128 0x2c
 14571 04e9 F7       		.byte	0xf7
 14572 04ea 25       		.uleb128 0x25
 14573 04eb F4       		.byte	0xf4
 14574 04ec 25       		.uleb128 0x25
 14575 04ed 04       		.byte	0x4
 14576 04ee 00C07F44 		.4byte	0x447fc000
 14577 04f2 1B       		.byte	0x1b
 14578 04f3 9F       		.byte	0x9f
 14579 04f4 74010000 		.4byte	.LVL150
 14580 04f8 B8010000 		.4byte	.LFE527
 14581 04fc 0F00     		.2byte	0xf
 14582 04fe 71       		.byte	0x71
 14583 04ff 00       		.sleb128 0
 14584 0500 F7       		.byte	0xf7
 14585 0501 2C       		.uleb128 0x2c
 14586 0502 F7       		.byte	0xf7
 14587 0503 25       		.uleb128 0x25
 14588 0504 F4       		.byte	0xf4
ARM GAS  /tmp/ccVOBie3.s 			page 257


 14589 0505 25       		.uleb128 0x25
 14590 0506 04       		.byte	0x4
 14591 0507 00C07F44 		.4byte	0x447fc000
 14592 050b 1B       		.byte	0x1b
 14593 050c 9F       		.byte	0x9f
 14594 050d 00000000 		.4byte	0
 14595 0511 00000000 		.4byte	0
 14596              	.LVUS104:
 14597 0515 00       		.uleb128 .LVU600
 14598 0516 00       		.uleb128 .LVU603
 14599 0517 00       		.uleb128 .LVU615
 14600 0518 00       		.uleb128 .LVU616
 14601 0519 00       		.uleb128 .LVU616
 14602 051a 00       		.uleb128 0
 14603              	.LLST104:
 14604 051b 42010000 		.4byte	.LVL146
 14605 051f 5E010000 		.4byte	.LVL147
 14606 0523 0200     		.2byte	0x2
 14607 0525 90       		.byte	0x90
 14608 0526 4E       		.uleb128 0x4e
 14609 0527 74010000 		.4byte	.LVL150
 14610 052b 78010000 		.4byte	.LVL151
 14611 052f 0200     		.2byte	0x2
 14612 0531 90       		.byte	0x90
 14613 0532 4E       		.uleb128 0x4e
 14614 0533 78010000 		.4byte	.LVL151
 14615 0537 B8010000 		.4byte	.LFE527
 14616 053b 0800     		.2byte	0x8
 14617 053d F5       		.byte	0xf5
 14618 053e 4F       		.uleb128 0x4f
 14619 053f 25       		.uleb128 0x25
 14620 0540 F5       		.byte	0xf5
 14621 0541 4D       		.uleb128 0x4d
 14622 0542 25       		.uleb128 0x25
 14623 0543 1B       		.byte	0x1b
 14624 0544 9F       		.byte	0x9f
 14625 0545 00000000 		.4byte	0
 14626 0549 00000000 		.4byte	0
 14627              	.LVUS105:
 14628 054d 00       		.uleb128 .LVU603
 14629 054e 00       		.uleb128 .LVU613
 14630              	.LLST105:
 14631 054f 5E010000 		.4byte	.LVL147
 14632 0553 71010000 		.4byte	.LVL149-1
 14633 0557 0200     		.2byte	0x2
 14634 0559 90       		.byte	0x90
 14635 055a 4E       		.uleb128 0x4e
 14636 055b 00000000 		.4byte	0
 14637 055f 00000000 		.4byte	0
 14638              	.LVUS106:
 14639 0563 00       		.uleb128 .LVU603
 14640 0564 00       		.uleb128 .LVU613
 14641              	.LLST106:
 14642 0565 5E010000 		.4byte	.LVL147
 14643 0569 72010000 		.4byte	.LVL149
 14644 056d 0600     		.2byte	0x6
 14645 056f 03       		.byte	0x3
ARM GAS  /tmp/ccVOBie3.s 			page 258


 14646 0570 00000000 		.4byte	_ZL17s_effect_instance
 14647 0574 9F       		.byte	0x9f
 14648 0575 00000000 		.4byte	0
 14649 0579 00000000 		.4byte	0
 14650              	.LVUS84:
 14651 057d 00       		.uleb128 0
 14652 057e 00       		.uleb128 .LVU482
 14653 057f 00       		.uleb128 .LVU482
 14654 0580 00       		.uleb128 .LVU492
 14655 0581 00       		.uleb128 .LVU492
 14656 0582 00       		.uleb128 .LVU497
 14657 0583 00       		.uleb128 .LVU497
 14658 0584 00       		.uleb128 .LVU498
 14659 0585 00       		.uleb128 .LVU498
 14660 0586 00       		.uleb128 0
 14661              	.LLST84:
 14662 0587 1C000000 		.4byte	.LVL123
 14663 058b 2A000000 		.4byte	.LVL124
 14664 058f 0100     		.2byte	0x1
 14665 0591 50       		.byte	0x50
 14666 0592 2A000000 		.4byte	.LVL124
 14667 0596 4A000000 		.4byte	.LVL127
 14668 059a 0400     		.2byte	0x4
 14669 059c F3       		.byte	0xf3
 14670 059d 01       		.uleb128 0x1
 14671 059e 50       		.byte	0x50
 14672 059f 9F       		.byte	0x9f
 14673 05a0 4A000000 		.4byte	.LVL127
 14674 05a4 52000000 		.4byte	.LVL130
 14675 05a8 0100     		.2byte	0x1
 14676 05aa 50       		.byte	0x50
 14677 05ab 52000000 		.4byte	.LVL130
 14678 05af 55000000 		.4byte	.LVL131-1
 14679 05b3 0100     		.2byte	0x1
 14680 05b5 51       		.byte	0x51
 14681 05b6 55000000 		.4byte	.LVL131-1
 14682 05ba 5C000000 		.4byte	.LFE526
 14683 05be 0400     		.2byte	0x4
 14684 05c0 F3       		.byte	0xf3
 14685 05c1 01       		.uleb128 0x1
 14686 05c2 50       		.byte	0x50
 14687 05c3 9F       		.byte	0x9f
 14688 05c4 00000000 		.4byte	0
 14689 05c8 00000000 		.4byte	0
 14690              	.LVUS85:
 14691 05cc 00       		.uleb128 0
 14692 05cd 00       		.uleb128 .LVU482
 14693 05ce 00       		.uleb128 .LVU482
 14694 05cf 00       		.uleb128 .LVU492
 14695 05d0 00       		.uleb128 .LVU492
 14696 05d1 00       		.uleb128 .LVU496
 14697 05d2 00       		.uleb128 .LVU496
 14698 05d3 00       		.uleb128 .LVU498
 14699 05d4 00       		.uleb128 .LVU498
 14700 05d5 00       		.uleb128 0
 14701              	.LLST85:
 14702 05d6 1C000000 		.4byte	.LVL123
ARM GAS  /tmp/ccVOBie3.s 			page 259


 14703 05da 2A000000 		.4byte	.LVL124
 14704 05de 0100     		.2byte	0x1
 14705 05e0 51       		.byte	0x51
 14706 05e1 2A000000 		.4byte	.LVL124
 14707 05e5 4A000000 		.4byte	.LVL127
 14708 05e9 0400     		.2byte	0x4
 14709 05eb F3       		.byte	0xf3
 14710 05ec 01       		.uleb128 0x1
 14711 05ed 51       		.byte	0x51
 14712 05ee 9F       		.byte	0x9f
 14713 05ef 4A000000 		.4byte	.LVL127
 14714 05f3 50000000 		.4byte	.LVL129
 14715 05f7 0100     		.2byte	0x1
 14716 05f9 51       		.byte	0x51
 14717 05fa 50000000 		.4byte	.LVL129
 14718 05fe 55000000 		.4byte	.LVL131-1
 14719 0602 0100     		.2byte	0x1
 14720 0604 52       		.byte	0x52
 14721 0605 55000000 		.4byte	.LVL131-1
 14722 0609 5C000000 		.4byte	.LFE526
 14723 060d 0400     		.2byte	0x4
 14724 060f F3       		.byte	0xf3
 14725 0610 01       		.uleb128 0x1
 14726 0611 51       		.byte	0x51
 14727 0612 9F       		.byte	0x9f
 14728 0613 00000000 		.4byte	0
 14729 0617 00000000 		.4byte	0
 14730              	.LVUS86:
 14731 061b 00       		.uleb128 0
 14732 061c 00       		.uleb128 .LVU495
 14733 061d 00       		.uleb128 .LVU495
 14734 061e 00       		.uleb128 .LVU498
 14735 061f 00       		.uleb128 .LVU498
 14736 0620 00       		.uleb128 0
 14737              	.LLST86:
 14738 0621 1C000000 		.4byte	.LVL123
 14739 0625 4E000000 		.4byte	.LVL128
 14740 0629 0100     		.2byte	0x1
 14741 062b 52       		.byte	0x52
 14742 062c 4E000000 		.4byte	.LVL128
 14743 0630 55000000 		.4byte	.LVL131-1
 14744 0634 0100     		.2byte	0x1
 14745 0636 53       		.byte	0x53
 14746 0637 55000000 		.4byte	.LVL131-1
 14747 063b 5C000000 		.4byte	.LFE526
 14748 063f 0400     		.2byte	0x4
 14749 0641 F3       		.byte	0xf3
 14750 0642 01       		.uleb128 0x1
 14751 0643 52       		.byte	0x52
 14752 0644 9F       		.byte	0x9f
 14753 0645 00000000 		.4byte	0
 14754 0649 00000000 		.4byte	0
 14755              	.LVUS87:
 14756 064d 02       		.uleb128 .LVU476
 14757 064e 00       		.uleb128 .LVU495
 14758 064f 00       		.uleb128 .LVU495
 14759 0650 00       		.uleb128 .LVU498
ARM GAS  /tmp/ccVOBie3.s 			page 260


 14760 0651 00       		.uleb128 .LVU498
 14761 0652 00       		.uleb128 .LVU498
 14762              	.LLST87:
 14763 0653 1C000000 		.4byte	.LVL123
 14764 0657 4E000000 		.4byte	.LVL128
 14765 065b 0100     		.2byte	0x1
 14766 065d 52       		.byte	0x52
 14767 065e 4E000000 		.4byte	.LVL128
 14768 0662 55000000 		.4byte	.LVL131-1
 14769 0666 0100     		.2byte	0x1
 14770 0668 53       		.byte	0x53
 14771 0669 55000000 		.4byte	.LVL131-1
 14772 066d 56000000 		.4byte	.LVL131
 14773 0671 0400     		.2byte	0x4
 14774 0673 F3       		.byte	0xf3
 14775 0674 01       		.uleb128 0x1
 14776 0675 52       		.byte	0x52
 14777 0676 9F       		.byte	0x9f
 14778 0677 00000000 		.4byte	0
 14779 067b 00000000 		.4byte	0
 14780              	.LVUS88:
 14781 067f 02       		.uleb128 .LVU476
 14782 0680 00       		.uleb128 .LVU482
 14783 0681 00       		.uleb128 .LVU482
 14784 0682 00       		.uleb128 .LVU492
 14785 0683 00       		.uleb128 .LVU492
 14786 0684 00       		.uleb128 .LVU496
 14787 0685 00       		.uleb128 .LVU496
 14788 0686 00       		.uleb128 .LVU498
 14789 0687 00       		.uleb128 .LVU498
 14790 0688 00       		.uleb128 .LVU498
 14791              	.LLST88:
 14792 0689 1C000000 		.4byte	.LVL123
 14793 068d 2A000000 		.4byte	.LVL124
 14794 0691 0100     		.2byte	0x1
 14795 0693 51       		.byte	0x51
 14796 0694 2A000000 		.4byte	.LVL124
 14797 0698 4A000000 		.4byte	.LVL127
 14798 069c 0400     		.2byte	0x4
 14799 069e F3       		.byte	0xf3
 14800 069f 01       		.uleb128 0x1
 14801 06a0 51       		.byte	0x51
 14802 06a1 9F       		.byte	0x9f
 14803 06a2 4A000000 		.4byte	.LVL127
 14804 06a6 50000000 		.4byte	.LVL129
 14805 06aa 0100     		.2byte	0x1
 14806 06ac 51       		.byte	0x51
 14807 06ad 50000000 		.4byte	.LVL129
 14808 06b1 55000000 		.4byte	.LVL131-1
 14809 06b5 0100     		.2byte	0x1
 14810 06b7 52       		.byte	0x52
 14811 06b8 55000000 		.4byte	.LVL131-1
 14812 06bc 56000000 		.4byte	.LVL131
 14813 06c0 0400     		.2byte	0x4
 14814 06c2 F3       		.byte	0xf3
 14815 06c3 01       		.uleb128 0x1
 14816 06c4 51       		.byte	0x51
ARM GAS  /tmp/ccVOBie3.s 			page 261


 14817 06c5 9F       		.byte	0x9f
 14818 06c6 00000000 		.4byte	0
 14819 06ca 00000000 		.4byte	0
 14820              	.LVUS89:
 14821 06ce 02       		.uleb128 .LVU476
 14822 06cf 00       		.uleb128 .LVU482
 14823 06d0 00       		.uleb128 .LVU482
 14824 06d1 00       		.uleb128 .LVU492
 14825 06d2 00       		.uleb128 .LVU492
 14826 06d3 00       		.uleb128 .LVU497
 14827 06d4 00       		.uleb128 .LVU497
 14828 06d5 00       		.uleb128 .LVU498
 14829 06d6 00       		.uleb128 .LVU498
 14830 06d7 00       		.uleb128 .LVU498
 14831              	.LLST89:
 14832 06d8 1C000000 		.4byte	.LVL123
 14833 06dc 2A000000 		.4byte	.LVL124
 14834 06e0 0100     		.2byte	0x1
 14835 06e2 50       		.byte	0x50
 14836 06e3 2A000000 		.4byte	.LVL124
 14837 06e7 4A000000 		.4byte	.LVL127
 14838 06eb 0400     		.2byte	0x4
 14839 06ed F3       		.byte	0xf3
 14840 06ee 01       		.uleb128 0x1
 14841 06ef 50       		.byte	0x50
 14842 06f0 9F       		.byte	0x9f
 14843 06f1 4A000000 		.4byte	.LVL127
 14844 06f5 52000000 		.4byte	.LVL130
 14845 06f9 0100     		.2byte	0x1
 14846 06fb 50       		.byte	0x50
 14847 06fc 52000000 		.4byte	.LVL130
 14848 0700 55000000 		.4byte	.LVL131-1
 14849 0704 0100     		.2byte	0x1
 14850 0706 51       		.byte	0x51
 14851 0707 55000000 		.4byte	.LVL131-1
 14852 070b 56000000 		.4byte	.LVL131
 14853 070f 0400     		.2byte	0x4
 14854 0711 F3       		.byte	0xf3
 14855 0712 01       		.uleb128 0x1
 14856 0713 50       		.byte	0x50
 14857 0714 9F       		.byte	0x9f
 14858 0715 00000000 		.4byte	0
 14859 0719 00000000 		.4byte	0
 14860              	.LVUS90:
 14861 071d 02       		.uleb128 .LVU476
 14862 071e 00       		.uleb128 .LVU498
 14863              	.LLST90:
 14864 071f 1C000000 		.4byte	.LVL123
 14865 0723 56000000 		.4byte	.LVL131
 14866 0727 0600     		.2byte	0x6
 14867 0729 03       		.byte	0x3
 14868 072a 00000000 		.4byte	_ZL17s_effect_instance
 14869 072e 9F       		.byte	0x9f
 14870 072f 00000000 		.4byte	0
 14871 0733 00000000 		.4byte	0
 14872              	.LVUS91:
 14873 0737 00       		.uleb128 .LVU482
ARM GAS  /tmp/ccVOBie3.s 			page 262


 14874 0738 00       		.uleb128 .LVU486
 14875 0739 00       		.uleb128 .LVU486
 14876 073a 01       		.uleb128 .LVU491
 14877 073b 01       		.uleb128 .LVU491
 14878 073c 00       		.uleb128 .LVU492
 14879              	.LLST91:
 14880 073d 2A000000 		.4byte	.LVL124
 14881 0741 3C000000 		.4byte	.LVL125
 14882 0745 0100     		.2byte	0x1
 14883 0747 53       		.byte	0x53
 14884 0748 3C000000 		.4byte	.LVL125
 14885 074c 48000000 		.4byte	.LVL126
 14886 0750 0300     		.2byte	0x3
 14887 0752 73       		.byte	0x73
 14888 0753 7F       		.sleb128 -1
 14889 0754 9F       		.byte	0x9f
 14890 0755 48000000 		.4byte	.LVL126
 14891 0759 4A000000 		.4byte	.LVL127
 14892 075d 0100     		.2byte	0x1
 14893 075f 53       		.byte	0x53
 14894 0760 00000000 		.4byte	0
 14895 0764 00000000 		.4byte	0
 14896              	.LVUS83:
 14897 0768 00       		.uleb128 0
 14898 0769 00       		.uleb128 .LVU468
 14899 076a 00       		.uleb128 .LVU468
 14900 076b 00       		.uleb128 .LVU470
 14901 076c 00       		.uleb128 .LVU470
 14902 076d 00       		.uleb128 0
 14903              	.LLST83:
 14904 076e 00000000 		.4byte	.LVL119
 14905 0772 04000000 		.4byte	.LVL120
 14906 0776 0100     		.2byte	0x1
 14907 0778 50       		.byte	0x50
 14908 0779 04000000 		.4byte	.LVL120
 14909 077d 0B000000 		.4byte	.LVL121-1
 14910 0781 0100     		.2byte	0x1
 14911 0783 51       		.byte	0x51
 14912 0784 0B000000 		.4byte	.LVL121-1
 14913 0788 14000000 		.4byte	.LFE521
 14914 078c 0400     		.2byte	0x4
 14915 078e F3       		.byte	0xf3
 14916 078f 01       		.uleb128 0x1
 14917 0790 50       		.byte	0x50
 14918 0791 9F       		.byte	0x9f
 14919 0792 00000000 		.4byte	0
 14920 0796 00000000 		.4byte	0
 14921              	.LVUS59:
 14922 079a 00       		.uleb128 0
 14923 079b 00       		.uleb128 .LVU328
 14924 079c 00       		.uleb128 .LVU328
 14925 079d 00       		.uleb128 .LVU330
 14926 079e 00       		.uleb128 .LVU330
 14927 079f 00       		.uleb128 .LVU333
 14928 07a0 00       		.uleb128 .LVU333
 14929 07a1 00       		.uleb128 .LVU453
 14930 07a2 00       		.uleb128 .LVU453
ARM GAS  /tmp/ccVOBie3.s 			page 263


 14931 07a3 00       		.uleb128 .LVU455
 14932 07a4 00       		.uleb128 .LVU455
 14933 07a5 00       		.uleb128 .LVU456
 14934 07a6 00       		.uleb128 .LVU456
 14935 07a7 00       		.uleb128 .LVU457
 14936 07a8 00       		.uleb128 .LVU457
 14937 07a9 00       		.uleb128 .LVU458
 14938 07aa 00       		.uleb128 .LVU458
 14939 07ab 00       		.uleb128 .LVU459
 14940 07ac 00       		.uleb128 .LVU459
 14941 07ad 00       		.uleb128 .LVU460
 14942 07ae 00       		.uleb128 .LVU460
 14943 07af 00       		.uleb128 .LVU461
 14944 07b0 00       		.uleb128 .LVU461
 14945 07b1 00       		.uleb128 .LVU462
 14946 07b2 00       		.uleb128 .LVU462
 14947 07b3 00       		.uleb128 .LVU463
 14948 07b4 00       		.uleb128 .LVU463
 14949 07b5 00       		.uleb128 0
 14950              	.LLST59:
 14951 07b6 00000000 		.4byte	.LVL85
 14952 07ba 4A000000 		.4byte	.LVL87
 14953 07be 0100     		.2byte	0x1
 14954 07c0 50       		.byte	0x50
 14955 07c1 4A000000 		.4byte	.LVL87
 14956 07c5 52000000 		.4byte	.LVL89
 14957 07c9 0100     		.2byte	0x1
 14958 07cb 54       		.byte	0x54
 14959 07cc 52000000 		.4byte	.LVL89
 14960 07d0 54000000 		.4byte	.LVL90
 14961 07d4 0100     		.2byte	0x1
 14962 07d6 50       		.byte	0x50
 14963 07d7 54000000 		.4byte	.LVL90
 14964 07db 16010000 		.4byte	.LVL109
 14965 07df 0100     		.2byte	0x1
 14966 07e1 54       		.byte	0x54
 14967 07e2 16010000 		.4byte	.LVL109
 14968 07e6 1A010000 		.4byte	.LVL110
 14969 07ea 0100     		.2byte	0x1
 14970 07ec 50       		.byte	0x50
 14971 07ed 1A010000 		.4byte	.LVL110
 14972 07f1 1C010000 		.4byte	.LVL111
 14973 07f5 0100     		.2byte	0x1
 14974 07f7 54       		.byte	0x54
 14975 07f8 1C010000 		.4byte	.LVL111
 14976 07fc 20010000 		.4byte	.LVL112
 14977 0800 0100     		.2byte	0x1
 14978 0802 50       		.byte	0x50
 14979 0803 20010000 		.4byte	.LVL112
 14980 0807 22010000 		.4byte	.LVL113
 14981 080b 0100     		.2byte	0x1
 14982 080d 54       		.byte	0x54
 14983 080e 22010000 		.4byte	.LVL113
 14984 0812 26010000 		.4byte	.LVL114
 14985 0816 0100     		.2byte	0x1
 14986 0818 50       		.byte	0x50
 14987 0819 26010000 		.4byte	.LVL114
ARM GAS  /tmp/ccVOBie3.s 			page 264


 14988 081d 28010000 		.4byte	.LVL115
 14989 0821 0100     		.2byte	0x1
 14990 0823 54       		.byte	0x54
 14991 0824 28010000 		.4byte	.LVL115
 14992 0828 2C010000 		.4byte	.LVL116
 14993 082c 0100     		.2byte	0x1
 14994 082e 50       		.byte	0x50
 14995 082f 2C010000 		.4byte	.LVL116
 14996 0833 2E010000 		.4byte	.LVL117
 14997 0837 0100     		.2byte	0x1
 14998 0839 54       		.byte	0x54
 14999 083a 2E010000 		.4byte	.LVL117
 15000 083e 32010000 		.4byte	.LVL118
 15001 0842 0100     		.2byte	0x1
 15002 0844 50       		.byte	0x50
 15003 0845 32010000 		.4byte	.LVL118
 15004 0849 58010000 		.4byte	.LFE508
 15005 084d 0100     		.2byte	0x1
 15006 084f 54       		.byte	0x54
 15007 0850 00000000 		.4byte	0
 15008 0854 00000000 		.4byte	0
 15009              	.LVUS60:
 15010 0858 00       		.uleb128 0
 15011 0859 00       		.uleb128 .LVU314
 15012 085a 00       		.uleb128 .LVU314
 15013 085b 00       		.uleb128 .LVU329
 15014 085c 00       		.uleb128 .LVU329
 15015 085d 00       		.uleb128 .LVU330
 15016 085e 00       		.uleb128 .LVU330
 15017 085f 00       		.uleb128 .LVU344
 15018 0860 00       		.uleb128 .LVU344
 15019 0861 00       		.uleb128 .LVU453
 15020 0862 00       		.uleb128 .LVU453
 15021 0863 00       		.uleb128 .LVU456
 15022 0864 00       		.uleb128 .LVU456
 15023 0865 00       		.uleb128 0
 15024              	.LLST60:
 15025 0866 00000000 		.4byte	.LVL85
 15026 086a 16000000 		.4byte	.LVL86
 15027 086e 0100     		.2byte	0x1
 15028 0870 51       		.byte	0x51
 15029 0871 16000000 		.4byte	.LVL86
 15030 0875 4E000000 		.4byte	.LVL88
 15031 0879 0100     		.2byte	0x1
 15032 087b 55       		.byte	0x55
 15033 087c 4E000000 		.4byte	.LVL88
 15034 0880 52000000 		.4byte	.LVL89
 15035 0884 0400     		.2byte	0x4
 15036 0886 F3       		.byte	0xf3
 15037 0887 01       		.uleb128 0x1
 15038 0888 51       		.byte	0x51
 15039 0889 9F       		.byte	0x9f
 15040 088a 52000000 		.4byte	.LVL89
 15041 088e 6E000000 		.4byte	.LVL95
 15042 0892 0100     		.2byte	0x1
 15043 0894 55       		.byte	0x55
 15044 0895 6E000000 		.4byte	.LVL95
ARM GAS  /tmp/ccVOBie3.s 			page 265


 15045 0899 16010000 		.4byte	.LVL109
 15046 089d 0400     		.2byte	0x4
 15047 089f F3       		.byte	0xf3
 15048 08a0 01       		.uleb128 0x1
 15049 08a1 51       		.byte	0x51
 15050 08a2 9F       		.byte	0x9f
 15051 08a3 16010000 		.4byte	.LVL109
 15052 08a7 1C010000 		.4byte	.LVL111
 15053 08ab 0100     		.2byte	0x1
 15054 08ad 51       		.byte	0x51
 15055 08ae 1C010000 		.4byte	.LVL111
 15056 08b2 58010000 		.4byte	.LFE508
 15057 08b6 0100     		.2byte	0x1
 15058 08b8 55       		.byte	0x55
 15059 08b9 00000000 		.4byte	0
 15060 08bd 00000000 		.4byte	0
 15061              	.LVUS61:
 15062 08c1 01       		.uleb128 .LVU331
 15063 08c2 00       		.uleb128 .LVU453
 15064              	.LLST61:
 15065 08c3 52000000 		.4byte	.LVL89
 15066 08c7 16010000 		.4byte	.LVL109
 15067 08cb 0600     		.2byte	0x6
 15068 08cd 0C       		.byte	0xc
 15069 08ce 00B80B00 		.4byte	0xbb800
 15070 08d2 9F       		.byte	0x9f
 15071 08d3 00000000 		.4byte	0
 15072 08d7 00000000 		.4byte	0
 15073              	.LVUS62:
 15074 08db 00       		.uleb128 .LVU334
 15075 08dc 00       		.uleb128 .LVU338
 15076 08dd 00       		.uleb128 .LVU338
 15077 08de 00       		.uleb128 .LVU386
 15078              	.LLST62:
 15079 08df 56000000 		.4byte	.LVL91
 15080 08e3 60000000 		.4byte	.LVL92
 15081 08e7 0100     		.2byte	0x1
 15082 08e9 50       		.byte	0x50
 15083 08ea 60000000 		.4byte	.LVL92
 15084 08ee C2000000 		.4byte	.LVL103
 15085 08f2 0100     		.2byte	0x1
 15086 08f4 57       		.byte	0x57
 15087 08f5 00000000 		.4byte	0
 15088 08f9 00000000 		.4byte	0
 15089              	.LVUS63:
 15090 08fd 00       		.uleb128 .LVU339
 15091 08fe 00       		.uleb128 .LVU342
 15092 08ff 00       		.uleb128 .LVU342
 15093 0900 00       		.uleb128 .LVU381
 15094              	.LLST63:
 15095 0901 62000000 		.4byte	.LVL93
 15096 0905 6B000000 		.4byte	.LVL94-1
 15097 0909 0100     		.2byte	0x1
 15098 090b 50       		.byte	0x50
 15099 090c 6B000000 		.4byte	.LVL94-1
 15100 0910 B2000000 		.4byte	.LVL102
 15101 0914 0100     		.2byte	0x1
ARM GAS  /tmp/ccVOBie3.s 			page 266


 15102 0916 56       		.byte	0x56
 15103 0917 00000000 		.4byte	0
 15104 091b 00000000 		.4byte	0
 15105              	.LVUS64:
 15106 091f 01       		.uleb128 .LVU347
 15107 0920 00       		.uleb128 .LVU381
 15108              	.LLST64:
 15109 0921 72000000 		.4byte	.LVL96
 15110 0925 B2000000 		.4byte	.LVL102
 15111 0929 0100     		.2byte	0x1
 15112 092b 56       		.byte	0x56
 15113 092c 00000000 		.4byte	0
 15114 0930 00000000 		.4byte	0
 15115              	.LVUS65:
 15116 0934 01       		.uleb128 .LVU347
 15117 0935 00       		.uleb128 .LVU386
 15118              	.LLST65:
 15119 0936 72000000 		.4byte	.LVL96
 15120 093a C2000000 		.4byte	.LVL103
 15121 093e 0100     		.2byte	0x1
 15122 0940 57       		.byte	0x57
 15123 0941 00000000 		.4byte	0
 15124 0945 00000000 		.4byte	0
 15125              	.LVUS66:
 15126 0949 01       		.uleb128 .LVU347
 15127 094a 00       		.uleb128 .LVU411
 15128              	.LLST66:
 15129 094b 72000000 		.4byte	.LVL96
 15130 094f E0000000 		.4byte	.LVL105
 15131 0953 0600     		.2byte	0x6
 15132 0955 9E       		.byte	0x9e
 15133 0956 04       		.uleb128 0x4
 15134 0957 00803B47 		.4byte	0x473b8000
 15135 095b 00000000 		.4byte	0
 15136 095f 00000000 		.4byte	0
 15137              	.LVUS67:
 15138 0963 01       		.uleb128 .LVU347
 15139 0964 00       		.uleb128 .LVU411
 15140              	.LLST67:
 15141 0965 72000000 		.4byte	.LVL96
 15142 0969 E0000000 		.4byte	.LVL105
 15143 096d 0100     		.2byte	0x1
 15144 096f 54       		.byte	0x54
 15145 0970 00000000 		.4byte	0
 15146 0974 00000000 		.4byte	0
 15147              	.LVUS68:
 15148 0978 01       		.uleb128 .LVU354
 15149 0979 00       		.uleb128 .LVU361
 15150              	.LLST68:
 15151 097a 80000000 		.4byte	.LVL97
 15152 097e 8C000000 		.4byte	.LVL98
 15153 0982 0600     		.2byte	0x6
 15154 0984 0C       		.byte	0xc
 15155 0985 00EE0200 		.4byte	0x2ee00
 15156 0989 9F       		.byte	0x9f
 15157 098a 00000000 		.4byte	0
 15158 098e 00000000 		.4byte	0
ARM GAS  /tmp/ccVOBie3.s 			page 267


 15159              	.LVUS69:
 15160 0992 01       		.uleb128 .LVU354
 15161 0993 00       		.uleb128 .LVU361
 15162              	.LLST69:
 15163 0994 80000000 		.4byte	.LVL97
 15164 0998 8C000000 		.4byte	.LVL98
 15165 099c 0100     		.2byte	0x1
 15166 099e 57       		.byte	0x57
 15167 099f 00000000 		.4byte	0
 15168 09a3 00000000 		.4byte	0
 15169              	.LVUS70:
 15170 09a7 01       		.uleb128 .LVU354
 15171 09a8 00       		.uleb128 .LVU361
 15172              	.LLST70:
 15173 09a9 80000000 		.4byte	.LVL97
 15174 09ad 8C000000 		.4byte	.LVL98
 15175 09b1 0400     		.2byte	0x4
 15176 09b3 74       		.byte	0x74
 15177 09b4 E803     		.sleb128 488
 15178 09b6 9F       		.byte	0x9f
 15179 09b7 00000000 		.4byte	0
 15180 09bb 00000000 		.4byte	0
 15181              	.LVUS71:
 15182 09bf 02       		.uleb128 .LVU363
 15183 09c0 00       		.uleb128 .LVU371
 15184              	.LLST71:
 15185 09c1 8C000000 		.4byte	.LVL98
 15186 09c5 9E000000 		.4byte	.LVL99
 15187 09c9 0600     		.2byte	0x6
 15188 09cb 0C       		.byte	0xc
 15189 09cc 00EE0200 		.4byte	0x2ee00
 15190 09d0 9F       		.byte	0x9f
 15191 09d1 00000000 		.4byte	0
 15192 09d5 00000000 		.4byte	0
 15193              	.LVUS72:
 15194 09d9 02       		.uleb128 .LVU363
 15195 09da 00       		.uleb128 .LVU371
 15196              	.LLST72:
 15197 09db 8C000000 		.4byte	.LVL98
 15198 09df 9E000000 		.4byte	.LVL99
 15199 09e3 0100     		.2byte	0x1
 15200 09e5 56       		.byte	0x56
 15201 09e6 00000000 		.4byte	0
 15202 09ea 00000000 		.4byte	0
 15203              	.LVUS73:
 15204 09ee 02       		.uleb128 .LVU363
 15205 09ef 00       		.uleb128 .LVU371
 15206              	.LLST73:
 15207 09f0 8C000000 		.4byte	.LVL98
 15208 09f4 9E000000 		.4byte	.LVL99
 15209 09f8 0400     		.2byte	0x4
 15210 09fa 74       		.byte	0x74
 15211 09fb F403     		.sleb128 500
 15212 09fd 9F       		.byte	0x9f
 15213 09fe 00000000 		.4byte	0
 15214 0a02 00000000 		.4byte	0
 15215              	.LVUS74:
ARM GAS  /tmp/ccVOBie3.s 			page 268


 15216 0a06 00       		.uleb128 .LVU371
 15217 0a07 00       		.uleb128 .LVU373
 15218              	.LLST74:
 15219 0a08 9E000000 		.4byte	.LVL99
 15220 0a0c A4000000 		.4byte	.LVL100
 15221 0a10 0200     		.2byte	0x2
 15222 0a12 30       		.byte	0x30
 15223 0a13 9F       		.byte	0x9f
 15224 0a14 00000000 		.4byte	0
 15225 0a18 00000000 		.4byte	0
 15226              	.LVUS75:
 15227 0a1c 01       		.uleb128 .LVU378
 15228 0a1d 00       		.uleb128 .LVU403
 15229              	.LLST75:
 15230 0a1e AE000000 		.4byte	.LVL101
 15231 0a22 D8000000 		.4byte	.LVL104
 15232 0a26 0200     		.2byte	0x2
 15233 0a28 30       		.byte	0x30
 15234 0a29 9F       		.byte	0x9f
 15235 0a2a 00000000 		.4byte	0
 15236 0a2e 00000000 		.4byte	0
 15237              	.LVUS76:
 15238 0a32 01       		.uleb128 .LVU378
 15239 0a33 00       		.uleb128 .LVU403
 15240              	.LLST76:
 15241 0a34 AE000000 		.4byte	.LVL101
 15242 0a38 D8000000 		.4byte	.LVL104
 15243 0a3c 0100     		.2byte	0x1
 15244 0a3e 54       		.byte	0x54
 15245 0a3f 00000000 		.4byte	0
 15246 0a43 00000000 		.4byte	0
 15247              	.LVUS77:
 15248 0a47 02       		.uleb128 .LVU405
 15249 0a48 00       		.uleb128 .LVU411
 15250              	.LLST77:
 15251 0a49 D8000000 		.4byte	.LVL104
 15252 0a4d E0000000 		.4byte	.LVL105
 15253 0a51 0600     		.2byte	0x6
 15254 0a53 9E       		.byte	0x9e
 15255 0a54 04       		.uleb128 0x4
 15256 0a55 0000003F 		.4byte	0x3f000000
 15257 0a59 00000000 		.4byte	0
 15258 0a5d 00000000 		.4byte	0
 15259              	.LVUS78:
 15260 0a61 02       		.uleb128 .LVU405
 15261 0a62 00       		.uleb128 .LVU411
 15262              	.LLST78:
 15263 0a63 D8000000 		.4byte	.LVL104
 15264 0a67 E0000000 		.4byte	.LVL105
 15265 0a6b 0100     		.2byte	0x1
 15266 0a6d 54       		.byte	0x54
 15267 0a6e 00000000 		.4byte	0
 15268 0a72 00000000 		.4byte	0
 15269              	.LVUS79:
 15270 0a76 01       		.uleb128 .LVU423
 15271 0a77 00       		.uleb128 .LVU440
 15272              	.LLST79:
ARM GAS  /tmp/ccVOBie3.s 			page 269


 15273 0a78 F6000000 		.4byte	.LVL106
 15274 0a7c 0A010000 		.4byte	.LVL107
 15275 0a80 0200     		.2byte	0x2
 15276 0a82 30       		.byte	0x30
 15277 0a83 9F       		.byte	0x9f
 15278 0a84 00000000 		.4byte	0
 15279 0a88 00000000 		.4byte	0
 15280              	.LVUS80:
 15281 0a8c 01       		.uleb128 .LVU423
 15282 0a8d 00       		.uleb128 .LVU440
 15283              	.LLST80:
 15284 0a8e F6000000 		.4byte	.LVL106
 15285 0a92 0A010000 		.4byte	.LVL107
 15286 0a96 0100     		.2byte	0x1
 15287 0a98 54       		.byte	0x54
 15288 0a99 00000000 		.4byte	0
 15289 0a9d 00000000 		.4byte	0
 15290              	.LVUS81:
 15291 0aa1 05       		.uleb128 .LVU445
 15292 0aa2 00       		.uleb128 .LVU453
 15293              	.LLST81:
 15294 0aa3 0A010000 		.4byte	.LVL107
 15295 0aa7 16010000 		.4byte	.LVL109
 15296 0aab 0600     		.2byte	0x6
 15297 0aad 9E       		.byte	0x9e
 15298 0aae 04       		.uleb128 0x4
 15299 0aaf 0000003F 		.4byte	0x3f000000
 15300 0ab3 00000000 		.4byte	0
 15301 0ab7 00000000 		.4byte	0
 15302              	.LVUS82:
 15303 0abb 05       		.uleb128 .LVU445
 15304 0abc 00       		.uleb128 .LVU453
 15305              	.LLST82:
 15306 0abd 0A010000 		.4byte	.LVL107
 15307 0ac1 16010000 		.4byte	.LVL109
 15308 0ac5 0100     		.2byte	0x1
 15309 0ac7 54       		.byte	0x54
 15310 0ac8 00000000 		.4byte	0
 15311 0acc 00000000 		.4byte	0
 15312              	.LVUS16:
 15313 0ad0 02       		.uleb128 .LVU70
 15314 0ad1 00       		.uleb128 0
 15315              	.LLST16:
 15316 0ad2 00000000 		.4byte	.LVL21
 15317 0ad6 32000000 		.4byte	.LFE498
 15318 0ada 1A00     		.2byte	0x1a
 15319 0adc 70       		.byte	0x70
 15320 0add 14       		.sleb128 20
 15321 0ade F6       		.byte	0xf6
 15322 0adf 04       		.byte	0x4
 15323 0ae0 25       		.uleb128 0x25
 15324 0ae1 70       		.byte	0x70
 15325 0ae2 18       		.sleb128 24
 15326 0ae3 F6       		.byte	0xf6
 15327 0ae4 04       		.byte	0x4
 15328 0ae5 25       		.uleb128 0x25
 15329 0ae6 22       		.byte	0x22
ARM GAS  /tmp/ccVOBie3.s 			page 270


 15330 0ae7 F4       		.byte	0xf4
 15331 0ae8 25       		.uleb128 0x25
 15332 0ae9 04       		.byte	0x4
 15333 0aea 0000003F 		.4byte	0x3f000000
 15334 0aee 1E       		.byte	0x1e
 15335 0aef 70       		.byte	0x70
 15336 0af0 00       		.sleb128 0
 15337 0af1 F6       		.byte	0xf6
 15338 0af2 04       		.byte	0x4
 15339 0af3 25       		.uleb128 0x25
 15340 0af4 1E       		.byte	0x1e
 15341 0af5 9F       		.byte	0x9f
 15342 0af6 00000000 		.4byte	0
 15343 0afa 00000000 		.4byte	0
 15344              	.LVUS17:
 15345 0afe 03       		.uleb128 .LVU71
 15346 0aff 00       		.uleb128 0
 15347              	.LLST17:
 15348 0b00 00000000 		.4byte	.LVL21
 15349 0b04 32000000 		.4byte	.LFE498
 15350 0b08 2000     		.2byte	0x20
 15351 0b0a 70       		.byte	0x70
 15352 0b0b 14       		.sleb128 20
 15353 0b0c F6       		.byte	0xf6
 15354 0b0d 04       		.byte	0x4
 15355 0b0e 25       		.uleb128 0x25
 15356 0b0f 70       		.byte	0x70
 15357 0b10 18       		.sleb128 24
 15358 0b11 F6       		.byte	0xf6
 15359 0b12 04       		.byte	0x4
 15360 0b13 25       		.uleb128 0x25
 15361 0b14 22       		.byte	0x22
 15362 0b15 F4       		.byte	0xf4
 15363 0b16 25       		.uleb128 0x25
 15364 0b17 04       		.byte	0x4
 15365 0b18 0000003F 		.4byte	0x3f000000
 15366 0b1c 1E       		.byte	0x1e
 15367 0b1d 70       		.byte	0x70
 15368 0b1e 00       		.sleb128 0
 15369 0b1f F6       		.byte	0xf6
 15370 0b20 04       		.byte	0x4
 15371 0b21 25       		.uleb128 0x25
 15372 0b22 1E       		.byte	0x1e
 15373 0b23 70       		.byte	0x70
 15374 0b24 10       		.sleb128 16
 15375 0b25 F6       		.byte	0xf6
 15376 0b26 04       		.byte	0x4
 15377 0b27 25       		.uleb128 0x25
 15378 0b28 1B       		.byte	0x1b
 15379 0b29 9F       		.byte	0x9f
 15380 0b2a 00000000 		.4byte	0
 15381 0b2e 00000000 		.4byte	0
 15382              	.LVUS18:
 15383 0b32 00       		.uleb128 0
 15384 0b33 00       		.uleb128 .LVU95
 15385 0b34 00       		.uleb128 .LVU95
 15386 0b35 00       		.uleb128 .LVU305
ARM GAS  /tmp/ccVOBie3.s 			page 271


 15387 0b36 00       		.uleb128 .LVU305
 15388 0b37 00       		.uleb128 0
 15389              	.LLST18:
 15390 0b38 00000000 		.4byte	.LVL23
 15391 0b3c 24000000 		.4byte	.LVL24
 15392 0b40 0100     		.2byte	0x1
 15393 0b42 50       		.byte	0x50
 15394 0b43 24000000 		.4byte	.LVL24
 15395 0b47 CE020000 		.4byte	.LVL84
 15396 0b4b 0100     		.2byte	0x1
 15397 0b4d 54       		.byte	0x54
 15398 0b4e CE020000 		.4byte	.LVL84
 15399 0b52 F0020000 		.4byte	.LFE497
 15400 0b56 0400     		.2byte	0x4
 15401 0b58 F3       		.byte	0xf3
 15402 0b59 01       		.uleb128 0x1
 15403 0b5a 50       		.byte	0x50
 15404 0b5b 9F       		.byte	0x9f
 15405 0b5c 00000000 		.4byte	0
 15406 0b60 00000000 		.4byte	0
 15407              	.LVUS19:
 15408 0b64 00       		.uleb128 0
 15409 0b65 00       		.uleb128 .LVU95
 15410 0b66 00       		.uleb128 .LVU95
 15411 0b67 00       		.uleb128 0
 15412              	.LLST19:
 15413 0b68 00000000 		.4byte	.LVL23
 15414 0b6c 24000000 		.4byte	.LVL24
 15415 0b70 0100     		.2byte	0x1
 15416 0b72 51       		.byte	0x51
 15417 0b73 24000000 		.4byte	.LVL24
 15418 0b77 F0020000 		.4byte	.LFE497
 15419 0b7b 0400     		.2byte	0x4
 15420 0b7d F3       		.byte	0xf3
 15421 0b7e 01       		.uleb128 0x1
 15422 0b7f 51       		.byte	0x51
 15423 0b80 9F       		.byte	0x9f
 15424 0b81 00000000 		.4byte	0
 15425 0b85 00000000 		.4byte	0
 15426              	.LVUS20:
 15427 0b89 00       		.uleb128 0
 15428 0b8a 00       		.uleb128 .LVU95
 15429 0b8b 00       		.uleb128 .LVU95
 15430 0b8c 00       		.uleb128 0
 15431              	.LLST20:
 15432 0b8d 00000000 		.4byte	.LVL23
 15433 0b91 24000000 		.4byte	.LVL24
 15434 0b95 0100     		.2byte	0x1
 15435 0b97 52       		.byte	0x52
 15436 0b98 24000000 		.4byte	.LVL24
 15437 0b9c F0020000 		.4byte	.LFE497
 15438 0ba0 0400     		.2byte	0x4
 15439 0ba2 F3       		.byte	0xf3
 15440 0ba3 01       		.uleb128 0x1
 15441 0ba4 52       		.byte	0x52
 15442 0ba5 9F       		.byte	0x9f
 15443 0ba6 00000000 		.4byte	0
ARM GAS  /tmp/ccVOBie3.s 			page 272


 15444 0baa 00000000 		.4byte	0
 15445              	.LVUS21:
 15446 0bae 00       		.uleb128 0
 15447 0baf 00       		.uleb128 .LVU95
 15448 0bb0 00       		.uleb128 .LVU95
 15449 0bb1 00       		.uleb128 .LVU304
 15450 0bb2 00       		.uleb128 .LVU304
 15451 0bb3 00       		.uleb128 .LVU305
 15452 0bb4 00       		.uleb128 .LVU305
 15453 0bb5 00       		.uleb128 0
 15454              	.LLST21:
 15455 0bb6 00000000 		.4byte	.LVL23
 15456 0bba 24000000 		.4byte	.LVL24
 15457 0bbe 0100     		.2byte	0x1
 15458 0bc0 53       		.byte	0x53
 15459 0bc1 24000000 		.4byte	.LVL24
 15460 0bc5 C6020000 		.4byte	.LVL83
 15461 0bc9 0200     		.2byte	0x2
 15462 0bcb 7D       		.byte	0x7d
 15463 0bcc 00       		.sleb128 0
 15464 0bcd C6020000 		.4byte	.LVL83
 15465 0bd1 CE020000 		.4byte	.LVL84
 15466 0bd5 0300     		.2byte	0x3
 15467 0bd7 91       		.byte	0x91
 15468 0bd8 A07F     		.sleb128 -96
 15469 0bda CE020000 		.4byte	.LVL84
 15470 0bde F0020000 		.4byte	.LFE497
 15471 0be2 0300     		.2byte	0x3
 15472 0be4 7D       		.byte	0x7d
 15473 0be5 A07F     		.sleb128 -96
 15474 0be7 00000000 		.4byte	0
 15475 0beb 00000000 		.4byte	0
 15476              	.LVUS22:
 15477 0bef 02       		.uleb128 .LVU88
 15478 0bf0 00       		.uleb128 .LVU95
 15479 0bf1 00       		.uleb128 .LVU95
 15480 0bf2 00       		.uleb128 .LVU202
 15481 0bf3 00       		.uleb128 .LVU202
 15482 0bf4 01       		.uleb128 .LVU209
 15483 0bf5 01       		.uleb128 .LVU209
 15484 0bf6 00       		.uleb128 .LVU305
 15485              	.LLST22:
 15486 0bf7 00000000 		.4byte	.LVL23
 15487 0bfb 24000000 		.4byte	.LVL24
 15488 0bff 0200     		.2byte	0x2
 15489 0c01 30       		.byte	0x30
 15490 0c02 9F       		.byte	0x9f
 15491 0c03 24000000 		.4byte	.LVL24
 15492 0c07 7C010000 		.4byte	.LVL50
 15493 0c0b 0100     		.2byte	0x1
 15494 0c0d 58       		.byte	0x58
 15495 0c0e 7C010000 		.4byte	.LVL50
 15496 0c12 90010000 		.4byte	.LVL53
 15497 0c16 0300     		.2byte	0x3
 15498 0c18 78       		.byte	0x78
 15499 0c19 7F       		.sleb128 -1
 15500 0c1a 9F       		.byte	0x9f
ARM GAS  /tmp/ccVOBie3.s 			page 273


 15501 0c1b 90010000 		.4byte	.LVL53
 15502 0c1f CE020000 		.4byte	.LVL84
 15503 0c23 0100     		.2byte	0x1
 15504 0c25 58       		.byte	0x58
 15505 0c26 00000000 		.4byte	0
 15506 0c2a 00000000 		.4byte	0
 15507              	.LVUS23:
 15508 0c2e 00       		.uleb128 .LVU142
 15509 0c2f 00       		.uleb128 .LVU204
 15510 0c30 00       		.uleb128 .LVU230
 15511 0c31 00       		.uleb128 .LVU232
 15512              	.LLST23:
 15513 0c32 B4000000 		.4byte	.LVL33
 15514 0c36 84010000 		.4byte	.LVL51
 15515 0c3a 0200     		.2byte	0x2
 15516 0c3c 90       		.byte	0x90
 15517 0c3d 56       		.uleb128 0x56
 15518 0c3e BE010000 		.4byte	.LVL61
 15519 0c42 C4010000 		.4byte	.LVL62
 15520 0c46 0200     		.2byte	0x2
 15521 0c48 90       		.byte	0x90
 15522 0c49 56       		.uleb128 0x56
 15523 0c4a 00000000 		.4byte	0
 15524 0c4e 00000000 		.4byte	0
 15525              	.LVUS24:
 15526 0c52 00       		.uleb128 .LVU142
 15527 0c53 00       		.uleb128 .LVU205
 15528 0c54 00       		.uleb128 .LVU230
 15529 0c55 00       		.uleb128 .LVU232
 15530              	.LLST24:
 15531 0c56 B4000000 		.4byte	.LVL33
 15532 0c5a 88010000 		.4byte	.LVL52
 15533 0c5e 0200     		.2byte	0x2
 15534 0c60 90       		.byte	0x90
 15535 0c61 54       		.uleb128 0x54
 15536 0c62 BE010000 		.4byte	.LVL61
 15537 0c66 C4010000 		.4byte	.LVL62
 15538 0c6a 0200     		.2byte	0x2
 15539 0c6c 90       		.byte	0x90
 15540 0c6d 54       		.uleb128 0x54
 15541 0c6e 00000000 		.4byte	0
 15542 0c72 00000000 		.4byte	0
 15543              	.LVUS25:
 15544 0c76 00       		.uleb128 .LVU142
 15545 0c77 00       		.uleb128 .LVU147
 15546 0c78 00       		.uleb128 .LVU147
 15547 0c79 01       		.uleb128 .LVU187
 15548 0c7a 01       		.uleb128 .LVU187
 15549 0c7b 00       		.uleb128 .LVU210
 15550 0c7c 00       		.uleb128 .LVU230
 15551 0c7d 00       		.uleb128 .LVU232
 15552              	.LLST25:
 15553 0c7e B4000000 		.4byte	.LVL33
 15554 0c82 C4000000 		.4byte	.LVL34
 15555 0c86 0100     		.2byte	0x1
 15556 0c88 5A       		.byte	0x5a
 15557 0c89 C4000000 		.4byte	.LVL34
ARM GAS  /tmp/ccVOBie3.s 			page 274


 15558 0c8d 4C010000 		.4byte	.LVL46
 15559 0c91 0300     		.2byte	0x3
 15560 0c93 7A       		.byte	0x7a
 15561 0c94 7F       		.sleb128 -1
 15562 0c95 9F       		.byte	0x9f
 15563 0c96 4C010000 		.4byte	.LVL46
 15564 0c9a 92010000 		.4byte	.LVL54
 15565 0c9e 0100     		.2byte	0x1
 15566 0ca0 5A       		.byte	0x5a
 15567 0ca1 BE010000 		.4byte	.LVL61
 15568 0ca5 C4010000 		.4byte	.LVL62
 15569 0ca9 0100     		.2byte	0x1
 15570 0cab 5A       		.byte	0x5a
 15571 0cac 00000000 		.4byte	0
 15572 0cb0 00000000 		.4byte	0
 15573              	.LVUS26:
 15574 0cb4 00       		.uleb128 .LVU200
 15575 0cb5 00       		.uleb128 .LVU210
 15576              	.LLST26:
 15577 0cb6 78010000 		.4byte	.LVL49
 15578 0cba 92010000 		.4byte	.LVL54
 15579 0cbe 0200     		.2byte	0x2
 15580 0cc0 90       		.byte	0x90
 15581 0cc1 4F       		.uleb128 0x4f
 15582 0cc2 00000000 		.4byte	0
 15583 0cc6 00000000 		.4byte	0
 15584              	.LVUS50:
 15585 0cca 01       		.uleb128 .LVU152
 15586 0ccb 00       		.uleb128 .LVU158
 15587 0ccc 00       		.uleb128 .LVU158
 15588 0ccd 00       		.uleb128 .LVU181
 15589              	.LLST50:
 15590 0cce D4000000 		.4byte	.LVL35
 15591 0cd2 DC000000 		.4byte	.LVL36
 15592 0cd6 0200     		.2byte	0x2
 15593 0cd8 90       		.byte	0x90
 15594 0cd9 4F       		.uleb128 0x4f
 15595 0cda DC000000 		.4byte	.LVL36
 15596 0cde 32010000 		.4byte	.LVL45
 15597 0ce2 0800     		.2byte	0x8
 15598 0ce4 F5       		.byte	0xf5
 15599 0ce5 55       		.uleb128 0x55
 15600 0ce6 25       		.uleb128 0x25
 15601 0ce7 F5       		.byte	0xf5
 15602 0ce8 57       		.uleb128 0x57
 15603 0ce9 25       		.uleb128 0x25
 15604 0cea 1B       		.byte	0x1b
 15605 0ceb 9F       		.byte	0x9f
 15606 0cec 00000000 		.4byte	0
 15607 0cf0 00000000 		.4byte	0
 15608              	.LVUS51:
 15609 0cf4 00       		.uleb128 .LVU168
 15610 0cf5 00       		.uleb128 .LVU192
 15611              	.LLST51:
 15612 0cf6 06010000 		.4byte	.LVL40
 15613 0cfa 58010000 		.4byte	.LVL47
 15614 0cfe 0200     		.2byte	0x2
ARM GAS  /tmp/ccVOBie3.s 			page 275


 15615 0d00 90       		.byte	0x90
 15616 0d01 58       		.uleb128 0x58
 15617 0d02 00000000 		.4byte	0
 15618 0d06 00000000 		.4byte	0
 15619              	.LVUS52:
 15620 0d0a 02       		.uleb128 .LVU170
 15621 0d0b 00       		.uleb128 .LVU192
 15622              	.LLST52:
 15623 0d0c 06010000 		.4byte	.LVL40
 15624 0d10 58010000 		.4byte	.LVL47
 15625 0d14 0200     		.2byte	0x2
 15626 0d16 90       		.byte	0x90
 15627 0d17 50       		.uleb128 0x50
 15628 0d18 00000000 		.4byte	0
 15629 0d1c 00000000 		.4byte	0
 15630              	.LVUS53:
 15631 0d20 02       		.uleb128 .LVU153
 15632 0d21 00       		.uleb128 .LVU158
 15633 0d22 00       		.uleb128 .LVU158
 15634 0d23 00       		.uleb128 .LVU168
 15635              	.LLST53:
 15636 0d24 D4000000 		.4byte	.LVL35
 15637 0d28 DC000000 		.4byte	.LVL36
 15638 0d2c 0200     		.2byte	0x2
 15639 0d2e 90       		.byte	0x90
 15640 0d2f 4F       		.uleb128 0x4f
 15641 0d30 DC000000 		.4byte	.LVL36
 15642 0d34 06010000 		.4byte	.LVL40
 15643 0d38 0800     		.2byte	0x8
 15644 0d3a F5       		.byte	0xf5
 15645 0d3b 55       		.uleb128 0x55
 15646 0d3c 25       		.uleb128 0x25
 15647 0d3d F5       		.byte	0xf5
 15648 0d3e 57       		.uleb128 0x57
 15649 0d3f 25       		.uleb128 0x25
 15650 0d40 1B       		.byte	0x1b
 15651 0d41 9F       		.byte	0x9f
 15652 0d42 00000000 		.4byte	0
 15653 0d46 00000000 		.4byte	0
 15654              	.LVUS54:
 15655 0d4a 04       		.uleb128 .LVU155
 15656 0d4b 00       		.uleb128 .LVU160
 15657 0d4c 00       		.uleb128 .LVU160
 15658 0d4d 00       		.uleb128 .LVU162
 15659 0d4e 00       		.uleb128 .LVU162
 15660 0d4f 00       		.uleb128 .LVU165
 15661              	.LLST54:
 15662 0d50 D4000000 		.4byte	.LVL35
 15663 0d54 F2000000 		.4byte	.LVL37
 15664 0d58 1400     		.2byte	0x14
 15665 0d5a F5       		.byte	0xf5
 15666 0d5b 55       		.uleb128 0x55
 15667 0d5c 25       		.uleb128 0x25
 15668 0d5d F5       		.byte	0xf5
 15669 0d5e 57       		.uleb128 0x57
 15670 0d5f 25       		.uleb128 0x25
 15671 0d60 1B       		.byte	0x1b
ARM GAS  /tmp/ccVOBie3.s 			page 276


 15672 0d61 F4       		.byte	0xf4
 15673 0d62 25       		.uleb128 0x25
 15674 0d63 04       		.byte	0x4
 15675 0d64 00C07F44 		.4byte	0x447fc000
 15676 0d68 1E       		.byte	0x1e
 15677 0d69 F7       		.byte	0xf7
 15678 0d6a 2C       		.uleb128 0x2c
 15679 0d6b F7       		.byte	0xf7
 15680 0d6c 00       		.uleb128 0
 15681 0d6d 9F       		.byte	0x9f
 15682 0d6e F2000000 		.4byte	.LVL37
 15683 0d72 F6000000 		.4byte	.LVL38
 15684 0d76 0D00     		.2byte	0xd
 15685 0d78 7C       		.byte	0x7c
 15686 0d79 00       		.sleb128 0
 15687 0d7a 12       		.byte	0x12
 15688 0d7b 30       		.byte	0x30
 15689 0d7c 16       		.byte	0x16
 15690 0d7d 14       		.byte	0x14
 15691 0d7e 2B       		.byte	0x2b
 15692 0d7f 28       		.byte	0x28
 15693 0d80 0100     		.2byte	0x1
 15694 0d82 16       		.byte	0x16
 15695 0d83 13       		.byte	0x13
 15696 0d84 9F       		.byte	0x9f
 15697 0d85 F6000000 		.4byte	.LVL38
 15698 0d89 FE000000 		.4byte	.LVL39
 15699 0d8d 0100     		.2byte	0x1
 15700 0d8f 5C       		.byte	0x5c
 15701 0d90 00000000 		.4byte	0
 15702 0d94 00000000 		.4byte	0
 15703              	.LVUS27:
 15704 0d98 01       		.uleb128 .LVU216
 15705 0d99 00       		.uleb128 .LVU230
 15706 0d9a 00       		.uleb128 .LVU232
 15707 0d9b 00       		.uleb128 .LVU302
 15708              	.LLST27:
 15709 0d9c A2010000 		.4byte	.LVL55
 15710 0da0 BE010000 		.4byte	.LVL61
 15711 0da4 0100     		.2byte	0x1
 15712 0da6 54       		.byte	0x54
 15713 0da7 C4010000 		.4byte	.LVL62
 15714 0dab C4020000 		.4byte	.LVL82
 15715 0daf 0100     		.2byte	0x1
 15716 0db1 54       		.byte	0x54
 15717 0db2 00000000 		.4byte	0
 15718 0db6 00000000 		.4byte	0
 15719              	.LVUS28:
 15720 0dba 00       		.uleb128 .LVU225
 15721 0dbb 00       		.uleb128 .LVU230
 15722 0dbc 00       		.uleb128 .LVU232
 15723 0dbd 00       		.uleb128 .LVU301
 15724              	.LLST28:
 15725 0dbe B2010000 		.4byte	.LVL57
 15726 0dc2 BE010000 		.4byte	.LVL61
 15727 0dc6 0100     		.2byte	0x1
 15728 0dc8 55       		.byte	0x55
ARM GAS  /tmp/ccVOBie3.s 			page 277


 15729 0dc9 C4010000 		.4byte	.LVL62
 15730 0dcd BE020000 		.4byte	.LVL81
 15731 0dd1 0100     		.2byte	0x1
 15732 0dd3 55       		.byte	0x55
 15733 0dd4 00000000 		.4byte	0
 15734 0dd8 00000000 		.4byte	0
 15735              	.LVUS29:
 15736 0ddc 00       		.uleb128 .LVU225
 15737 0ddd 00       		.uleb128 .LVU230
 15738 0dde 02       		.uleb128 .LVU234
 15739 0ddf 00       		.uleb128 .LVU301
 15740              	.LLST29:
 15741 0de0 B2010000 		.4byte	.LVL57
 15742 0de4 BE010000 		.4byte	.LVL61
 15743 0de8 0A00     		.2byte	0xa
 15744 0dea 75       		.byte	0x75
 15745 0deb 00       		.sleb128 0
 15746 0dec 4C       		.byte	0x4c
 15747 0ded 1E       		.byte	0x1e
 15748 0dee 74       		.byte	0x74
 15749 0def 00       		.sleb128 0
 15750 0df0 22       		.byte	0x22
 15751 0df1 23       		.byte	0x23
 15752 0df2 28       		.uleb128 0x28
 15753 0df3 9F       		.byte	0x9f
 15754 0df4 C4010000 		.4byte	.LVL62
 15755 0df8 BE020000 		.4byte	.LVL81
 15756 0dfc 0A00     		.2byte	0xa
 15757 0dfe 75       		.byte	0x75
 15758 0dff 00       		.sleb128 0
 15759 0e00 4C       		.byte	0x4c
 15760 0e01 1E       		.byte	0x1e
 15761 0e02 74       		.byte	0x74
 15762 0e03 00       		.sleb128 0
 15763 0e04 22       		.byte	0x22
 15764 0e05 23       		.byte	0x23
 15765 0e06 28       		.uleb128 0x28
 15766 0e07 9F       		.byte	0x9f
 15767 0e08 00000000 		.4byte	0
 15768 0e0c 00000000 		.4byte	0
 15769              	.LVUS30:
 15770 0e10 00       		.uleb128 .LVU246
 15771 0e11 00       		.uleb128 .LVU249
 15772              	.LLST30:
 15773 0e12 EA010000 		.4byte	.LVL65
 15774 0e16 EE010000 		.4byte	.LVL66
 15775 0e1a 0200     		.2byte	0x2
 15776 0e1c 90       		.byte	0x90
 15777 0e1d 50       		.uleb128 0x50
 15778 0e1e 00000000 		.4byte	0
 15779 0e22 00000000 		.4byte	0
 15780              	.LVUS31:
 15781 0e26 00       		.uleb128 .LVU252
 15782 0e27 00       		.uleb128 .LVU256
 15783              	.LLST31:
 15784 0e28 F6010000 		.4byte	.LVL67
 15785 0e2c 02020000 		.4byte	.LVL68
ARM GAS  /tmp/ccVOBie3.s 			page 278


 15786 0e30 1000     		.2byte	0x10
 15787 0e32 74       		.byte	0x74
 15788 0e33 24       		.sleb128 36
 15789 0e34 F6       		.byte	0xf6
 15790 0e35 04       		.byte	0x4
 15791 0e36 25       		.uleb128 0x25
 15792 0e37 F5       		.byte	0xf5
 15793 0e38 40       		.uleb128 0x40
 15794 0e39 25       		.uleb128 0x25
 15795 0e3a 1E       		.byte	0x1e
 15796 0e3b 74       		.byte	0x74
 15797 0e3c 00       		.sleb128 0
 15798 0e3d F6       		.byte	0xf6
 15799 0e3e 04       		.byte	0x4
 15800 0e3f 25       		.uleb128 0x25
 15801 0e40 1E       		.byte	0x1e
 15802 0e41 9F       		.byte	0x9f
 15803 0e42 00000000 		.4byte	0
 15804 0e46 00000000 		.4byte	0
 15805              	.LVUS32:
 15806 0e4a 00       		.uleb128 .LVU225
 15807 0e4b 00       		.uleb128 .LVU230
 15808 0e4c 00       		.uleb128 .LVU282
 15809 0e4d 00       		.uleb128 .LVU302
 15810              	.LLST32:
 15811 0e4e B2010000 		.4byte	.LVL57
 15812 0e52 BE010000 		.4byte	.LVL61
 15813 0e56 0200     		.2byte	0x2
 15814 0e58 90       		.byte	0x90
 15815 0e59 50       		.uleb128 0x50
 15816 0e5a 66020000 		.4byte	.LVL74
 15817 0e5e C4020000 		.4byte	.LVL82
 15818 0e62 0200     		.2byte	0x2
 15819 0e64 90       		.byte	0x90
 15820 0e65 50       		.uleb128 0x50
 15821 0e66 00000000 		.4byte	0
 15822 0e6a 00000000 		.4byte	0
 15823              	.LVUS33:
 15824 0e6e 00       		.uleb128 .LVU228
 15825 0e6f 00       		.uleb128 .LVU230
 15826 0e70 00       		.uleb128 .LVU294
 15827 0e71 00       		.uleb128 .LVU298
 15828              	.LLST33:
 15829 0e72 B8010000 		.4byte	.LVL59
 15830 0e76 BE010000 		.4byte	.LVL61
 15831 0e7a 0600     		.2byte	0x6
 15832 0e7c 9E       		.byte	0x9e
 15833 0e7d 04       		.uleb128 0x4
 15834 0e7e 0000803F 		.4byte	0x3f800000
 15835 0e82 98020000 		.4byte	.LVL78
 15836 0e86 B4020000 		.4byte	.LVL79
 15837 0e8a 0600     		.2byte	0x6
 15838 0e8c 9E       		.byte	0x9e
 15839 0e8d 04       		.uleb128 0x4
 15840 0e8e 0000803F 		.4byte	0x3f800000
 15841 0e92 00000000 		.4byte	0
 15842 0e96 00000000 		.4byte	0
ARM GAS  /tmp/ccVOBie3.s 			page 279


 15843              	.LVUS34:
 15844 0e9a 00       		.uleb128 .LVU228
 15845 0e9b 00       		.uleb128 .LVU230
 15846 0e9c 00       		.uleb128 .LVU294
 15847 0e9d 00       		.uleb128 .LVU298
 15848              	.LLST34:
 15849 0e9e B8010000 		.4byte	.LVL59
 15850 0ea2 BE010000 		.4byte	.LVL61
 15851 0ea6 0600     		.2byte	0x6
 15852 0ea8 9E       		.byte	0x9e
 15853 0ea9 04       		.uleb128 0x4
 15854 0eaa 00000000 		.4byte	0
 15855 0eae 98020000 		.4byte	.LVL78
 15856 0eb2 B4020000 		.4byte	.LVL79
 15857 0eb6 0600     		.2byte	0x6
 15858 0eb8 9E       		.byte	0x9e
 15859 0eb9 04       		.uleb128 0x4
 15860 0eba 00000000 		.4byte	0
 15861 0ebe 00000000 		.4byte	0
 15862 0ec2 00000000 		.4byte	0
 15863              	.LVUS35:
 15864 0ec6 00       		.uleb128 .LVU228
 15865 0ec7 00       		.uleb128 .LVU229
 15866 0ec8 00       		.uleb128 .LVU229
 15867 0ec9 00       		.uleb128 .LVU230
 15868 0eca 00       		.uleb128 .LVU294
 15869 0ecb 00       		.uleb128 .LVU298
 15870              	.LLST35:
 15871 0ecc B8010000 		.4byte	.LVL59
 15872 0ed0 BC010000 		.4byte	.LVL60
 15873 0ed4 0200     		.2byte	0x2
 15874 0ed6 90       		.byte	0x90
 15875 0ed7 40       		.uleb128 0x40
 15876 0ed8 BC010000 		.4byte	.LVL60
 15877 0edc BE010000 		.4byte	.LVL61
 15878 0ee0 0800     		.2byte	0x8
 15879 0ee2 F5       		.byte	0xf5
 15880 0ee3 50       		.uleb128 0x50
 15881 0ee4 25       		.uleb128 0x25
 15882 0ee5 F5       		.byte	0xf5
 15883 0ee6 54       		.uleb128 0x54
 15884 0ee7 25       		.uleb128 0x25
 15885 0ee8 22       		.byte	0x22
 15886 0ee9 9F       		.byte	0x9f
 15887 0eea 98020000 		.4byte	.LVL78
 15888 0eee B4020000 		.4byte	.LVL79
 15889 0ef2 0200     		.2byte	0x2
 15890 0ef4 90       		.byte	0x90
 15891 0ef5 40       		.uleb128 0x40
 15892 0ef6 00000000 		.4byte	0
 15893 0efa 00000000 		.4byte	0
 15894              	.LVUS36:
 15895 0efe 03       		.uleb128 .LVU218
 15896 0eff 00       		.uleb128 .LVU225
 15897              	.LLST36:
 15898 0f00 A2010000 		.4byte	.LVL55
 15899 0f04 B2010000 		.4byte	.LVL57
ARM GAS  /tmp/ccVOBie3.s 			page 280


 15900 0f08 0100     		.2byte	0x1
 15901 0f0a 54       		.byte	0x54
 15902 0f0b 00000000 		.4byte	0
 15903 0f0f 00000000 		.4byte	0
 15904              	.LVUS37:
 15905 0f13 04       		.uleb128 .LVU219
 15906 0f14 05       		.uleb128 .LVU220
 15907 0f15 05       		.uleb128 .LVU220
 15908 0f16 00       		.uleb128 .LVU225
 15909              	.LLST37:
 15910 0f17 A2010000 		.4byte	.LVL55
 15911 0f1b A2010000 		.4byte	.LVL55
 15912 0f1f 0200     		.2byte	0x2
 15913 0f21 30       		.byte	0x30
 15914 0f22 9F       		.byte	0x9f
 15915 0f23 A2010000 		.4byte	.LVL55
 15916 0f27 B2010000 		.4byte	.LVL57
 15917 0f2b 0100     		.2byte	0x1
 15918 0f2d 55       		.byte	0x55
 15919 0f2e 00000000 		.4byte	0
 15920 0f32 00000000 		.4byte	0
 15921              	.LVUS38:
 15922 0f36 00       		.uleb128 .LVU225
 15923 0f37 00       		.uleb128 .LVU228
 15924 0f38 00       		.uleb128 .LVU285
 15925 0f39 00       		.uleb128 .LVU289
 15926              	.LLST38:
 15927 0f3a B2010000 		.4byte	.LVL57
 15928 0f3e B8010000 		.4byte	.LVL59
 15929 0f42 0600     		.2byte	0x6
 15930 0f44 9E       		.byte	0x9e
 15931 0f45 04       		.uleb128 0x4
 15932 0f46 0000803F 		.4byte	0x3f800000
 15933 0f4a 6A020000 		.4byte	.LVL75
 15934 0f4e 86020000 		.4byte	.LVL76
 15935 0f52 0600     		.2byte	0x6
 15936 0f54 9E       		.byte	0x9e
 15937 0f55 04       		.uleb128 0x4
 15938 0f56 0000803F 		.4byte	0x3f800000
 15939 0f5a 00000000 		.4byte	0
 15940 0f5e 00000000 		.4byte	0
 15941              	.LVUS39:
 15942 0f62 00       		.uleb128 .LVU225
 15943 0f63 00       		.uleb128 .LVU228
 15944 0f64 00       		.uleb128 .LVU285
 15945 0f65 00       		.uleb128 .LVU289
 15946              	.LLST39:
 15947 0f66 B2010000 		.4byte	.LVL57
 15948 0f6a B8010000 		.4byte	.LVL59
 15949 0f6e 0600     		.2byte	0x6
 15950 0f70 9E       		.byte	0x9e
 15951 0f71 04       		.uleb128 0x4
 15952 0f72 00000000 		.4byte	0
 15953 0f76 6A020000 		.4byte	.LVL75
 15954 0f7a 86020000 		.4byte	.LVL76
 15955 0f7e 0600     		.2byte	0x6
 15956 0f80 9E       		.byte	0x9e
ARM GAS  /tmp/ccVOBie3.s 			page 281


 15957 0f81 04       		.uleb128 0x4
 15958 0f82 00000000 		.4byte	0
 15959 0f86 00000000 		.4byte	0
 15960 0f8a 00000000 		.4byte	0
 15961              	.LVUS40:
 15962 0f8e 00       		.uleb128 .LVU225
 15963 0f8f 00       		.uleb128 .LVU227
 15964 0f90 00       		.uleb128 .LVU227
 15965 0f91 00       		.uleb128 .LVU228
 15966 0f92 00       		.uleb128 .LVU285
 15967 0f93 00       		.uleb128 .LVU289
 15968              	.LLST40:
 15969 0f94 B2010000 		.4byte	.LVL57
 15970 0f98 B6010000 		.4byte	.LVL58
 15971 0f9c 0200     		.2byte	0x2
 15972 0f9e 90       		.byte	0x90
 15973 0f9f 40       		.uleb128 0x40
 15974 0fa0 B6010000 		.4byte	.LVL58
 15975 0fa4 B8010000 		.4byte	.LVL59
 15976 0fa8 0800     		.2byte	0x8
 15977 0faa F5       		.byte	0xf5
 15978 0fab 54       		.uleb128 0x54
 15979 0fac 25       		.uleb128 0x25
 15980 0fad F5       		.byte	0xf5
 15981 0fae 50       		.uleb128 0x50
 15982 0faf 25       		.uleb128 0x25
 15983 0fb0 1C       		.byte	0x1c
 15984 0fb1 9F       		.byte	0x9f
 15985 0fb2 6A020000 		.4byte	.LVL75
 15986 0fb6 86020000 		.4byte	.LVL76
 15987 0fba 0200     		.2byte	0x2
 15988 0fbc 90       		.byte	0x90
 15989 0fbd 40       		.uleb128 0x40
 15990 0fbe 00000000 		.4byte	0
 15991 0fc2 00000000 		.4byte	0
 15992              	.LVUS41:
 15993 0fc6 00       		.uleb128 .LVU241
 15994 0fc7 00       		.uleb128 .LVU246
 15995              	.LLST41:
 15996 0fc8 DE010000 		.4byte	.LVL63
 15997 0fcc EA010000 		.4byte	.LVL65
 15998 0fd0 0200     		.2byte	0x2
 15999 0fd2 90       		.byte	0x90
 16000 0fd3 40       		.uleb128 0x40
 16001 0fd4 00000000 		.4byte	0
 16002 0fd8 00000000 		.4byte	0
 16003              	.LVUS42:
 16004 0fdc 00       		.uleb128 .LVU241
 16005 0fdd 00       		.uleb128 .LVU245
 16006              	.LLST42:
 16007 0fde DE010000 		.4byte	.LVL63
 16008 0fe2 E6010000 		.4byte	.LVL64
 16009 0fe6 0200     		.2byte	0x2
 16010 0fe8 90       		.byte	0x90
 16011 0fe9 54       		.uleb128 0x54
 16012 0fea 00000000 		.4byte	0
 16013 0fee 00000000 		.4byte	0
ARM GAS  /tmp/ccVOBie3.s 			page 282


 16014              	.LVUS43:
 16015 0ff2 00       		.uleb128 .LVU241
 16016 0ff3 00       		.uleb128 .LVU246
 16017              	.LLST43:
 16018 0ff4 DE010000 		.4byte	.LVL63
 16019 0ff8 EA010000 		.4byte	.LVL65
 16020 0ffc 0200     		.2byte	0x2
 16021 0ffe 90       		.byte	0x90
 16022 0fff 50       		.uleb128 0x50
 16023 1000 00000000 		.4byte	0
 16024 1004 00000000 		.4byte	0
 16025              	.LVUS44:
 16026 1008 01       		.uleb128 .LVU261
 16027 1009 00       		.uleb128 .LVU266
 16028              	.LLST44:
 16029 100a 16020000 		.4byte	.LVL69
 16030 100e 2E020000 		.4byte	.LVL71
 16031 1012 0600     		.2byte	0x6
 16032 1014 9E       		.byte	0x9e
 16033 1015 04       		.uleb128 0x4
 16034 1016 00601F48 		.4byte	0x481f6000
 16035 101a 00000000 		.4byte	0
 16036 101e 00000000 		.4byte	0
 16037              	.LVUS45:
 16038 1022 01       		.uleb128 .LVU261
 16039 1023 00       		.uleb128 .LVU265
 16040 1024 00       		.uleb128 .LVU265
 16041 1025 00       		.uleb128 .LVU266
 16042              	.LLST45:
 16043 1026 16020000 		.4byte	.LVL69
 16044 102a 20020000 		.4byte	.LVL70
 16045 102e 0200     		.2byte	0x2
 16046 1030 90       		.byte	0x90
 16047 1031 4E       		.uleb128 0x4e
 16048 1032 20020000 		.4byte	.LVL70
 16049 1036 2E020000 		.4byte	.LVL71
 16050 103a 0200     		.2byte	0x2
 16051 103c 7A       		.byte	0x7a
 16052 103d 2C       		.sleb128 44
 16053 103e 00000000 		.4byte	0
 16054 1042 00000000 		.4byte	0
 16055              	.LVUS46:
 16056 1046 01       		.uleb128 .LVU261
 16057 1047 00       		.uleb128 .LVU266
 16058              	.LLST46:
 16059 1048 16020000 		.4byte	.LVL69
 16060 104c 2E020000 		.4byte	.LVL71
 16061 1050 0200     		.2byte	0x2
 16062 1052 90       		.byte	0x90
 16063 1053 4F       		.uleb128 0x4f
 16064 1054 00000000 		.4byte	0
 16065 1058 00000000 		.4byte	0
 16066              	.LVUS47:
 16067 105c 00       		.uleb128 .LVU279
 16068 105d 00       		.uleb128 .LVU282
 16069              	.LLST47:
 16070 105e 5E020000 		.4byte	.LVL73
ARM GAS  /tmp/ccVOBie3.s 			page 283


 16071 1062 66020000 		.4byte	.LVL74
 16072 1066 0200     		.2byte	0x2
 16073 1068 90       		.byte	0x90
 16074 1069 40       		.uleb128 0x40
 16075 106a 00000000 		.4byte	0
 16076 106e 00000000 		.4byte	0
 16077              	.LVUS48:
 16078 1072 00       		.uleb128 .LVU279
 16079 1073 00       		.uleb128 .LVU282
 16080              	.LLST48:
 16081 1074 5E020000 		.4byte	.LVL73
 16082 1078 66020000 		.4byte	.LVL74
 16083 107c 0600     		.2byte	0x6
 16084 107e 9E       		.byte	0x9e
 16085 107f 04       		.uleb128 0x4
 16086 1080 CDCCCC3E 		.4byte	0x3ecccccd
 16087 1084 00000000 		.4byte	0
 16088 1088 00000000 		.4byte	0
 16089              	.LVUS49:
 16090 108c 00       		.uleb128 .LVU279
 16091 108d 00       		.uleb128 .LVU282
 16092              	.LLST49:
 16093 108e 5E020000 		.4byte	.LVL73
 16094 1092 66020000 		.4byte	.LVL74
 16095 1096 0600     		.2byte	0x6
 16096 1098 9E       		.byte	0x9e
 16097 1099 04       		.uleb128 0x4
 16098 109a CDCCCCBE 		.4byte	0xbecccccd
 16099 109e 00000000 		.4byte	0
 16100 10a2 00000000 		.4byte	0
 16101              	.LVUS55:
 16102 10a6 00       		.uleb128 .LVU102
 16103 10a7 00       		.uleb128 .LVU112
 16104 10a8 00       		.uleb128 .LVU112
 16105 10a9 00       		.uleb128 .LVU113
 16106 10aa 00       		.uleb128 .LVU113
 16107 10ab 00       		.uleb128 .LVU117
 16108              	.LLST55:
 16109 10ac 3E000000 		.4byte	.LVL25
 16110 10b0 52000000 		.4byte	.LVL27
 16111 10b4 0100     		.2byte	0x1
 16112 10b6 51       		.byte	0x51
 16113 10b7 52000000 		.4byte	.LVL27
 16114 10bb 56000000 		.4byte	.LVL28
 16115 10bf 0200     		.2byte	0x2
 16116 10c1 72       		.byte	0x72
 16117 10c2 00       		.sleb128 0
 16118 10c3 56000000 		.4byte	.LVL28
 16119 10c7 64000000 		.4byte	.LVL29
 16120 10cb 0B00     		.2byte	0xb
 16121 10cd 74       		.byte	0x74
 16122 10ce F003     		.sleb128 496
 16123 10d0 06       		.byte	0x6
 16124 10d1 32       		.byte	0x32
 16125 10d2 24       		.byte	0x24
 16126 10d3 92       		.byte	0x92
 16127 10d4 5A       		.uleb128 0x5a
ARM GAS  /tmp/ccVOBie3.s 			page 284


 16128 10d5 00       		.sleb128 0
 16129 10d6 06       		.byte	0x6
 16130 10d7 22       		.byte	0x22
 16131 10d8 00000000 		.4byte	0
 16132 10dc 00000000 		.4byte	0
 16133              	.LVUS56:
 16134 10e0 00       		.uleb128 .LVU102
 16135 10e1 00       		.uleb128 .LVU105
 16136 10e2 00       		.uleb128 .LVU105
 16137 10e3 00       		.uleb128 .LVU117
 16138              	.LLST56:
 16139 10e4 3E000000 		.4byte	.LVL25
 16140 10e8 42000000 		.4byte	.LVL26
 16141 10ec 0100     		.2byte	0x1
 16142 10ee 53       		.byte	0x53
 16143 10ef 42000000 		.4byte	.LVL26
 16144 10f3 64000000 		.4byte	.LVL29
 16145 10f7 0200     		.2byte	0x2
 16146 10f9 90       		.byte	0x90
 16147 10fa 5A       		.uleb128 0x5a
 16148 10fb 00000000 		.4byte	0
 16149 10ff 00000000 		.4byte	0
 16150              	.LVUS57:
 16151 1103 02       		.uleb128 .LVU119
 16152 1104 00       		.uleb128 .LVU128
 16153 1105 00       		.uleb128 .LVU128
 16154 1106 00       		.uleb128 .LVU131
 16155 1107 00       		.uleb128 .LVU131
 16156 1108 00       		.uleb128 .LVU135
 16157              	.LLST57:
 16158 1109 64000000 		.4byte	.LVL29
 16159 110d 7C000000 		.4byte	.LVL30
 16160 1111 0100     		.2byte	0x1
 16161 1113 51       		.byte	0x51
 16162 1114 7C000000 		.4byte	.LVL30
 16163 1118 84000000 		.4byte	.LVL31
 16164 111c 0200     		.2byte	0x2
 16165 111e 72       		.byte	0x72
 16166 111f 00       		.sleb128 0
 16167 1120 84000000 		.4byte	.LVL31
 16168 1124 90000000 		.4byte	.LVL32
 16169 1128 0A00     		.2byte	0xa
 16170 112a 74       		.byte	0x74
 16171 112b FC03     		.sleb128 508
 16172 112d 06       		.byte	0x6
 16173 112e 32       		.byte	0x32
 16174 112f 24       		.byte	0x24
 16175 1130 7B       		.byte	0x7b
 16176 1131 00       		.sleb128 0
 16177 1132 06       		.byte	0x6
 16178 1133 22       		.byte	0x22
 16179 1134 00000000 		.4byte	0
 16180 1138 00000000 		.4byte	0
 16181              	.LVUS58:
 16182 113c 02       		.uleb128 .LVU119
 16183 113d 00       		.uleb128 .LVU135
 16184              	.LLST58:
ARM GAS  /tmp/ccVOBie3.s 			page 285


 16185 113e 64000000 		.4byte	.LVL29
 16186 1142 90000000 		.4byte	.LVL32
 16187 1146 0100     		.2byte	0x1
 16188 1148 5B       		.byte	0x5b
 16189 1149 00000000 		.4byte	0
 16190 114d 00000000 		.4byte	0
 16191              	.LVUS0:
 16192 1151 00       		.uleb128 0
 16193 1152 00       		.uleb128 .LVU21
 16194 1153 00       		.uleb128 .LVU21
 16195 1154 00       		.uleb128 0
 16196              	.LLST0:
 16197 1155 00000000 		.4byte	.LVL0
 16198 1159 48000000 		.4byte	.LVL5
 16199 115d 0100     		.2byte	0x1
 16200 115f 50       		.byte	0x50
 16201 1160 48000000 		.4byte	.LVL5
 16202 1164 DC000000 		.4byte	.LFE488
 16203 1168 0400     		.2byte	0x4
 16204 116a F3       		.byte	0xf3
 16205 116b 01       		.uleb128 0x1
 16206 116c 50       		.byte	0x50
 16207 116d 9F       		.byte	0x9f
 16208 116e 00000000 		.4byte	0
 16209 1172 00000000 		.4byte	0
 16210              	.LVUS1:
 16211 1176 00       		.uleb128 0
 16212 1177 00       		.uleb128 .LVU5
 16213 1178 00       		.uleb128 .LVU5
 16214 1179 00       		.uleb128 0
 16215              	.LLST1:
 16216 117a 00000000 		.4byte	.LVL0
 16217 117e 10000000 		.4byte	.LVL1
 16218 1182 0200     		.2byte	0x2
 16219 1184 90       		.byte	0x90
 16220 1185 40       		.uleb128 0x40
 16221 1186 10000000 		.4byte	.LVL1
 16222 118a DC000000 		.4byte	.LFE488
 16223 118e 0600     		.2byte	0x6
 16224 1190 F3       		.byte	0xf3
 16225 1191 03       		.uleb128 0x3
 16226 1192 F5       		.byte	0xf5
 16227 1193 40       		.uleb128 0x40
 16228 1194 25       		.uleb128 0x25
 16229 1195 9F       		.byte	0x9f
 16230 1196 00000000 		.4byte	0
 16231 119a 00000000 		.4byte	0
 16232              	.LVUS2:
 16233 119e 00       		.uleb128 .LVU6
 16234 119f 00       		.uleb128 .LVU37
 16235              	.LLST2:
 16236 11a0 18000000 		.4byte	.LVL2
 16237 11a4 76000000 		.4byte	.LVL10
 16238 11a8 0200     		.2byte	0x2
 16239 11aa 90       		.byte	0x90
 16240 11ab 40       		.uleb128 0x40
 16241 11ac 00000000 		.4byte	0
ARM GAS  /tmp/ccVOBie3.s 			page 286


 16242 11b0 00000000 		.4byte	0
 16243              	.LVUS3:
 16244 11b4 00       		.uleb128 .LVU23
 16245 11b5 00       		.uleb128 .LVU36
 16246 11b6 00       		.uleb128 .LVU36
 16247 11b7 00       		.uleb128 .LVU45
 16248 11b8 00       		.uleb128 .LVU45
 16249 11b9 00       		.uleb128 0
 16250              	.LLST3:
 16251 11ba 50000000 		.4byte	.LVL6
 16252 11be 72000000 		.4byte	.LVL9
 16253 11c2 0100     		.2byte	0x1
 16254 11c4 52       		.byte	0x52
 16255 11c5 72000000 		.4byte	.LVL9
 16256 11c9 9A000000 		.4byte	.LVL12
 16257 11cd 0300     		.2byte	0x3
 16258 11cf 72       		.byte	0x72
 16259 11d0 7E       		.sleb128 -2
 16260 11d1 9F       		.byte	0x9f
 16261 11d2 9A000000 		.4byte	.LVL12
 16262 11d6 DC000000 		.4byte	.LFE488
 16263 11da 0300     		.2byte	0x3
 16264 11dc 74       		.byte	0x74
 16265 11dd 7F       		.sleb128 -1
 16266 11de 9F       		.byte	0x9f
 16267 11df 00000000 		.4byte	0
 16268 11e3 00000000 		.4byte	0
 16269              	.LVUS4:
 16270 11e7 00       		.uleb128 .LVU27
 16271 11e8 00       		.uleb128 0
 16272              	.LLST4:
 16273 11e9 5A000000 		.4byte	.LVL7
 16274 11ed DC000000 		.4byte	.LFE488
 16275 11f1 0200     		.2byte	0x2
 16276 11f3 90       		.byte	0x90
 16277 11f4 4F       		.uleb128 0x4f
 16278 11f5 00000000 		.4byte	0
 16279 11f9 00000000 		.4byte	0
 16280              	.LVUS5:
 16281 11fd 01       		.uleb128 .LVU28
 16282 11fe 00       		.uleb128 .LVU36
 16283 11ff 00       		.uleb128 .LVU36
 16284 1200 00       		.uleb128 .LVU45
 16285 1201 00       		.uleb128 .LVU45
 16286 1202 00       		.uleb128 0
 16287              	.LLST5:
 16288 1203 5A000000 		.4byte	.LVL7
 16289 1207 72000000 		.4byte	.LVL9
 16290 120b 0F00     		.2byte	0xf
 16291 120d 72       		.byte	0x72
 16292 120e 00       		.sleb128 0
 16293 120f 73       		.byte	0x73
 16294 1210 00       		.sleb128 0
 16295 1211 22       		.byte	0x22
 16296 1212 31       		.byte	0x31
 16297 1213 1C       		.byte	0x1c
 16298 1214 73       		.byte	0x73
ARM GAS  /tmp/ccVOBie3.s 			page 287


 16299 1215 00       		.sleb128 0
 16300 1216 14       		.byte	0x14
 16301 1217 14       		.byte	0x14
 16302 1218 1B       		.byte	0x1b
 16303 1219 1E       		.byte	0x1e
 16304 121a 1C       		.byte	0x1c
 16305 121b 9F       		.byte	0x9f
 16306 121c 72000000 		.4byte	.LVL9
 16307 1220 9A000000 		.4byte	.LVL12
 16308 1224 0F00     		.2byte	0xf
 16309 1226 72       		.byte	0x72
 16310 1227 00       		.sleb128 0
 16311 1228 73       		.byte	0x73
 16312 1229 00       		.sleb128 0
 16313 122a 22       		.byte	0x22
 16314 122b 33       		.byte	0x33
 16315 122c 1C       		.byte	0x1c
 16316 122d 73       		.byte	0x73
 16317 122e 00       		.sleb128 0
 16318 122f 14       		.byte	0x14
 16319 1230 14       		.byte	0x14
 16320 1231 1B       		.byte	0x1b
 16321 1232 1E       		.byte	0x1e
 16322 1233 1C       		.byte	0x1c
 16323 1234 9F       		.byte	0x9f
 16324 1235 9A000000 		.4byte	.LVL12
 16325 1239 DC000000 		.4byte	.LFE488
 16326 123d 0F00     		.2byte	0xf
 16327 123f 73       		.byte	0x73
 16328 1240 00       		.sleb128 0
 16329 1241 74       		.byte	0x74
 16330 1242 00       		.sleb128 0
 16331 1243 22       		.byte	0x22
 16332 1244 32       		.byte	0x32
 16333 1245 1C       		.byte	0x1c
 16334 1246 73       		.byte	0x73
 16335 1247 00       		.sleb128 0
 16336 1248 14       		.byte	0x14
 16337 1249 14       		.byte	0x14
 16338 124a 1B       		.byte	0x1b
 16339 124b 1E       		.byte	0x1e
 16340 124c 1C       		.byte	0x1c
 16341 124d 9F       		.byte	0x9f
 16342 124e 00000000 		.4byte	0
 16343 1252 00000000 		.4byte	0
 16344              	.LVUS6:
 16345 1256 02       		.uleb128 .LVU29
 16346 1257 00       		.uleb128 .LVU36
 16347 1258 00       		.uleb128 .LVU36
 16348 1259 00       		.uleb128 .LVU45
 16349 125a 00       		.uleb128 .LVU45
 16350 125b 00       		.uleb128 0
 16351              	.LLST6:
 16352 125c 5A000000 		.4byte	.LVL7
 16353 1260 72000000 		.4byte	.LVL9
 16354 1264 0A00     		.2byte	0xa
 16355 1266 72       		.byte	0x72
ARM GAS  /tmp/ccVOBie3.s 			page 288


 16356 1267 01       		.sleb128 1
 16357 1268 73       		.byte	0x73
 16358 1269 00       		.sleb128 0
 16359 126a 14       		.byte	0x14
 16360 126b 14       		.byte	0x14
 16361 126c 1B       		.byte	0x1b
 16362 126d 1E       		.byte	0x1e
 16363 126e 1C       		.byte	0x1c
 16364 126f 9F       		.byte	0x9f
 16365 1270 72000000 		.4byte	.LVL9
 16366 1274 9A000000 		.4byte	.LVL12
 16367 1278 0A00     		.2byte	0xa
 16368 127a 72       		.byte	0x72
 16369 127b 7F       		.sleb128 -1
 16370 127c 73       		.byte	0x73
 16371 127d 00       		.sleb128 0
 16372 127e 14       		.byte	0x14
 16373 127f 14       		.byte	0x14
 16374 1280 1B       		.byte	0x1b
 16375 1281 1E       		.byte	0x1e
 16376 1282 1C       		.byte	0x1c
 16377 1283 9F       		.byte	0x9f
 16378 1284 9A000000 		.4byte	.LVL12
 16379 1288 DC000000 		.4byte	.LFE488
 16380 128c 0A00     		.2byte	0xa
 16381 128e 74       		.byte	0x74
 16382 128f 00       		.sleb128 0
 16383 1290 73       		.byte	0x73
 16384 1291 00       		.sleb128 0
 16385 1292 14       		.byte	0x14
 16386 1293 14       		.byte	0x14
 16387 1294 1B       		.byte	0x1b
 16388 1295 1E       		.byte	0x1e
 16389 1296 1C       		.byte	0x1c
 16390 1297 9F       		.byte	0x9f
 16391 1298 00000000 		.4byte	0
 16392 129c 00000000 		.4byte	0
 16393              	.LVUS7:
 16394 12a0 03       		.uleb128 .LVU30
 16395 12a1 00       		.uleb128 .LVU36
 16396 12a2 00       		.uleb128 .LVU36
 16397 12a3 00       		.uleb128 .LVU45
 16398 12a4 00       		.uleb128 .LVU45
 16399 12a5 00       		.uleb128 0
 16400              	.LLST7:
 16401 12a6 5A000000 		.4byte	.LVL7
 16402 12aa 72000000 		.4byte	.LVL9
 16403 12ae 0A00     		.2byte	0xa
 16404 12b0 72       		.byte	0x72
 16405 12b1 02       		.sleb128 2
 16406 12b2 73       		.byte	0x73
 16407 12b3 00       		.sleb128 0
 16408 12b4 14       		.byte	0x14
 16409 12b5 14       		.byte	0x14
 16410 12b6 1B       		.byte	0x1b
 16411 12b7 1E       		.byte	0x1e
 16412 12b8 1C       		.byte	0x1c
ARM GAS  /tmp/ccVOBie3.s 			page 289


 16413 12b9 9F       		.byte	0x9f
 16414 12ba 72000000 		.4byte	.LVL9
 16415 12be 9A000000 		.4byte	.LVL12
 16416 12c2 0A00     		.2byte	0xa
 16417 12c4 72       		.byte	0x72
 16418 12c5 00       		.sleb128 0
 16419 12c6 73       		.byte	0x73
 16420 12c7 00       		.sleb128 0
 16421 12c8 14       		.byte	0x14
 16422 12c9 14       		.byte	0x14
 16423 12ca 1B       		.byte	0x1b
 16424 12cb 1E       		.byte	0x1e
 16425 12cc 1C       		.byte	0x1c
 16426 12cd 9F       		.byte	0x9f
 16427 12ce 9A000000 		.4byte	.LVL12
 16428 12d2 DC000000 		.4byte	.LFE488
 16429 12d6 0A00     		.2byte	0xa
 16430 12d8 74       		.byte	0x74
 16431 12d9 01       		.sleb128 1
 16432 12da 73       		.byte	0x73
 16433 12db 00       		.sleb128 0
 16434 12dc 14       		.byte	0x14
 16435 12dd 14       		.byte	0x14
 16436 12de 1B       		.byte	0x1b
 16437 12df 1E       		.byte	0x1e
 16438 12e0 1C       		.byte	0x1c
 16439 12e1 9F       		.byte	0x9f
 16440 12e2 00000000 		.4byte	0
 16441 12e6 00000000 		.4byte	0
 16442              	.LVUS8:
 16443 12ea 00       		.uleb128 .LVU34
 16444 12eb 00       		.uleb128 .LVU59
 16445 12ec 00       		.uleb128 .LVU59
 16446 12ed 00       		.uleb128 0
 16447              	.LLST8:
 16448 12ee 6C000000 		.4byte	.LVL8
 16449 12f2 C2000000 		.4byte	.LVL17
 16450 12f6 0200     		.2byte	0x2
 16451 12f8 90       		.byte	0x90
 16452 12f9 4A       		.uleb128 0x4a
 16453 12fa C2000000 		.4byte	.LVL17
 16454 12fe DC000000 		.4byte	.LFE488
 16455 1302 1C00     		.2byte	0x1c
 16456 1304 73       		.byte	0x73
 16457 1305 00       		.sleb128 0
 16458 1306 73       		.byte	0x73
 16459 1307 00       		.sleb128 0
 16460 1308 74       		.byte	0x74
 16461 1309 00       		.sleb128 0
 16462 130a 22       		.byte	0x22
 16463 130b 32       		.byte	0x32
 16464 130c 1C       		.byte	0x1c
 16465 130d 73       		.byte	0x73
 16466 130e 00       		.sleb128 0
 16467 130f 1B       		.byte	0x1b
 16468 1310 73       		.byte	0x73
 16469 1311 00       		.sleb128 0
ARM GAS  /tmp/ccVOBie3.s 			page 290


 16470 1312 1E       		.byte	0x1e
 16471 1313 1C       		.byte	0x1c
 16472 1314 74       		.byte	0x74
 16473 1315 00       		.sleb128 0
 16474 1316 22       		.byte	0x22
 16475 1317 32       		.byte	0x32
 16476 1318 1C       		.byte	0x1c
 16477 1319 32       		.byte	0x32
 16478 131a 24       		.byte	0x24
 16479 131b F3       		.byte	0xf3
 16480 131c 01       		.uleb128 0x1
 16481 131d 50       		.byte	0x50
 16482 131e 06       		.byte	0x6
 16483 131f 22       		.byte	0x22
 16484 1320 00000000 		.4byte	0
 16485 1324 00000000 		.4byte	0
 16486              	.LVUS9:
 16487 1328 00       		.uleb128 .LVU37
 16488 1329 00       		.uleb128 .LVU66
 16489 132a 00       		.uleb128 .LVU66
 16490 132b 00       		.uleb128 0
 16491              	.LLST9:
 16492 132c 76000000 		.4byte	.LVL10
 16493 1330 DA000000 		.4byte	.LVL20
 16494 1334 0200     		.2byte	0x2
 16495 1336 90       		.byte	0x90
 16496 1337 40       		.uleb128 0x40
 16497 1338 DA000000 		.4byte	.LVL20
 16498 133c DC000000 		.4byte	.LFE488
 16499 1340 0900     		.2byte	0x9
 16500 1342 74       		.byte	0x74
 16501 1343 7F       		.sleb128 -1
 16502 1344 32       		.byte	0x32
 16503 1345 24       		.byte	0x24
 16504 1346 F3       		.byte	0xf3
 16505 1347 01       		.uleb128 0x1
 16506 1348 50       		.byte	0x50
 16507 1349 06       		.byte	0x6
 16508 134a 22       		.byte	0x22
 16509 134b 00000000 		.4byte	0
 16510 134f 00000000 		.4byte	0
 16511              	.LVUS10:
 16512 1353 00       		.uleb128 .LVU42
 16513 1354 00       		.uleb128 .LVU55
 16514 1355 00       		.uleb128 .LVU55
 16515 1356 00       		.uleb128 0
 16516              	.LLST10:
 16517 1357 8E000000 		.4byte	.LVL11
 16518 135b B6000000 		.4byte	.LVL14
 16519 135f 0200     		.2byte	0x2
 16520 1361 90       		.byte	0x90
 16521 1362 4D       		.uleb128 0x4d
 16522 1363 B6000000 		.4byte	.LVL14
 16523 1367 DC000000 		.4byte	.LFE488
 16524 136b 1200     		.2byte	0x12
 16525 136d 74       		.byte	0x74
 16526 136e 00       		.sleb128 0
ARM GAS  /tmp/ccVOBie3.s 			page 291


 16527 136f 74       		.byte	0x74
 16528 1370 00       		.sleb128 0
 16529 1371 73       		.byte	0x73
 16530 1372 00       		.sleb128 0
 16531 1373 1B       		.byte	0x1b
 16532 1374 73       		.byte	0x73
 16533 1375 00       		.sleb128 0
 16534 1376 1E       		.byte	0x1e
 16535 1377 1C       		.byte	0x1c
 16536 1378 32       		.byte	0x32
 16537 1379 24       		.byte	0x24
 16538 137a F3       		.byte	0xf3
 16539 137b 01       		.uleb128 0x1
 16540 137c 50       		.byte	0x50
 16541 137d 06       		.byte	0x6
 16542 137e 22       		.byte	0x22
 16543 137f 00000000 		.4byte	0
 16544 1383 00000000 		.4byte	0
 16545              	.LVUS11:
 16546 1387 00       		.uleb128 .LVU50
 16547 1388 00       		.uleb128 .LVU58
 16548 1389 00       		.uleb128 .LVU58
 16549 138a 00       		.uleb128 0
 16550              	.LLST11:
 16551 138b AE000000 		.4byte	.LVL13
 16552 138f BE000000 		.4byte	.LVL16
 16553 1393 0200     		.2byte	0x2
 16554 1395 90       		.byte	0x90
 16555 1396 4C       		.uleb128 0x4c
 16556 1397 BE000000 		.4byte	.LVL16
 16557 139b DC000000 		.4byte	.LFE488
 16558 139f 0200     		.2byte	0x2
 16559 13a1 71       		.byte	0x71
 16560 13a2 00       		.sleb128 0
 16561 13a3 00000000 		.4byte	0
 16562 13a7 00000000 		.4byte	0
 16563              	.LVUS12:
 16564 13ab 01       		.uleb128 .LVU51
 16565 13ac 00       		.uleb128 .LVU66
 16566 13ad 00       		.uleb128 .LVU66
 16567 13ae 00       		.uleb128 0
 16568              	.LLST12:
 16569 13af AE000000 		.4byte	.LVL13
 16570 13b3 DA000000 		.4byte	.LVL20
 16571 13b7 0200     		.2byte	0x2
 16572 13b9 90       		.byte	0x90
 16573 13ba 40       		.uleb128 0x40
 16574 13bb DA000000 		.4byte	.LVL20
 16575 13bf DC000000 		.4byte	.LFE488
 16576 13c3 0900     		.2byte	0x9
 16577 13c5 74       		.byte	0x74
 16578 13c6 7F       		.sleb128 -1
 16579 13c7 32       		.byte	0x32
 16580 13c8 24       		.byte	0x24
 16581 13c9 F3       		.byte	0xf3
 16582 13ca 01       		.uleb128 0x1
 16583 13cb 50       		.byte	0x50
ARM GAS  /tmp/ccVOBie3.s 			page 292


 16584 13cc 06       		.byte	0x6
 16585 13cd 22       		.byte	0x22
 16586 13ce 00000000 		.4byte	0
 16587 13d2 00000000 		.4byte	0
 16588              	.LVUS13:
 16589 13d6 02       		.uleb128 .LVU52
 16590 13d7 00       		.uleb128 0
 16591              	.LLST13:
 16592 13d8 AE000000 		.4byte	.LVL13
 16593 13dc DC000000 		.4byte	.LFE488
 16594 13e0 0C00     		.2byte	0xc
 16595 13e2 F5       		.byte	0xf5
 16596 13e3 49       		.uleb128 0x49
 16597 13e4 25       		.uleb128 0x25
 16598 13e5 F4       		.byte	0xf4
 16599 13e6 25       		.uleb128 0x25
 16600 13e7 04       		.byte	0x4
 16601 13e8 0000003F 		.4byte	0x3f000000
 16602 13ec 1E       		.byte	0x1e
 16603 13ed 9F       		.byte	0x9f
 16604 13ee 00000000 		.4byte	0
 16605 13f2 00000000 		.4byte	0
 16606              	.LVUS14:
 16607 13f6 00       		.uleb128 .LVU56
 16608 13f7 00       		.uleb128 .LVU63
 16609              	.LLST14:
 16610 13f8 BA000000 		.4byte	.LVL15
 16611 13fc CE000000 		.4byte	.LVL19
 16612 1400 0200     		.2byte	0x2
 16613 1402 90       		.byte	0x90
 16614 1403 4E       		.uleb128 0x4e
 16615 1404 00000000 		.4byte	0
 16616 1408 00000000 		.4byte	0
 16617              	.LVUS15:
 16618 140c 00       		.uleb128 .LVU61
 16619 140d 00       		.uleb128 0
 16620              	.LLST15:
 16621 140e CA000000 		.4byte	.LVL18
 16622 1412 DC000000 		.4byte	.LFE488
 16623 1416 0200     		.2byte	0x2
 16624 1418 90       		.byte	0x90
 16625 1419 4D       		.uleb128 0x4d
 16626 141a 00000000 		.4byte	0
 16627 141e 00000000 		.4byte	0
 16628              		.section	.debug_aranges,"",%progbits
 16629 0000 4C000000 		.4byte	0x4c
 16630 0004 0200     		.2byte	0x2
 16631 0006 00000000 		.4byte	.Ldebug_info0
 16632 000a 04       		.byte	0x4
 16633 000b 00       		.byte	0
 16634 000c 0000     		.2byte	0
 16635 000e 0000     		.2byte	0
 16636 0010 00000000 		.4byte	.Ltext0
 16637 0014 06020000 		.4byte	.Letext0-.Ltext0
 16638 0018 00000000 		.4byte	.LFB488
 16639 001c DC000000 		.4byte	.LFE488-.LFB488
 16640 0020 00000000 		.4byte	.LFB498
ARM GAS  /tmp/ccVOBie3.s 			page 293


 16641 0024 32000000 		.4byte	.LFE498-.LFB498
 16642 0028 00000000 		.4byte	.LFB501
 16643 002c 10000000 		.4byte	.LFE501-.LFB501
 16644 0030 00000000 		.4byte	.LFB497
 16645 0034 F0020000 		.4byte	.LFE497-.LFB497
 16646 0038 00000000 		.4byte	.LFB508
 16647 003c 58010000 		.4byte	.LFE508-.LFB508
 16648 0040 00000000 		.4byte	.LFB534
 16649 0044 38000000 		.4byte	.LFE534-.LFB534
 16650 0048 00000000 		.4byte	0
 16651 004c 00000000 		.4byte	0
 16652              		.section	.debug_ranges,"",%progbits
 16653              	.Ldebug_ranges0:
 16654 0000 0E000000 		.4byte	.LBB90
 16655 0004 12000000 		.4byte	.LBE90
 16656 0008 18000000 		.4byte	.LBB172
 16657 000c 1C000000 		.4byte	.LBE172
 16658 0010 1E000000 		.4byte	.LBB173
 16659 0014 22000000 		.4byte	.LBE173
 16660 0018 24000000 		.4byte	.LBB174
 16661 001c C4020000 		.4byte	.LBE174
 16662 0020 00000000 		.4byte	0
 16663 0024 00000000 		.4byte	0
 16664 0028 18000000 		.4byte	.LBB91
 16665 002c 1C000000 		.4byte	.LBE91
 16666 0030 1E000000 		.4byte	.LBB168
 16667 0034 22000000 		.4byte	.LBE168
 16668 0038 2C000000 		.4byte	.LBB169
 16669 003c 78010000 		.4byte	.LBE169
 16670 0040 80010000 		.4byte	.LBB170
 16671 0044 90010000 		.4byte	.LBE170
 16672 0048 92010000 		.4byte	.LBB171
 16673 004c C4020000 		.4byte	.LBE171
 16674 0050 00000000 		.4byte	0
 16675 0054 00000000 		.4byte	0
 16676 0058 18000000 		.4byte	.LBB92
 16677 005c 1C000000 		.4byte	.LBE92
 16678 0060 9A000000 		.4byte	.LBB161
 16679 0064 9E000000 		.4byte	.LBE161
 16680 0068 A8000000 		.4byte	.LBB163
 16681 006c B4000000 		.4byte	.LBE163
 16682 0070 96010000 		.4byte	.LBB165
 16683 0074 9E010000 		.4byte	.LBE165
 16684 0078 A2010000 		.4byte	.LBB166
 16685 007c BE010000 		.4byte	.LBE166
 16686 0080 C4010000 		.4byte	.LBB167
 16687 0084 C4020000 		.4byte	.LBE167
 16688 0088 00000000 		.4byte	0
 16689 008c 00000000 		.4byte	0
 16690 0090 9A000000 		.4byte	.LBB94
 16691 0094 9E000000 		.4byte	.LBE94
 16692 0098 A8000000 		.4byte	.LBB99
 16693 009c B4000000 		.4byte	.LBE99
 16694 00a0 B8010000 		.4byte	.LBB107
 16695 00a4 BE010000 		.4byte	.LBE107
 16696 00a8 98020000 		.4byte	.LBB121
 16697 00ac B4020000 		.4byte	.LBE121
ARM GAS  /tmp/ccVOBie3.s 			page 294


 16698 00b0 00000000 		.4byte	0
 16699 00b4 00000000 		.4byte	0
 16700 00b8 96010000 		.4byte	.LBB100
 16701 00bc 9E010000 		.4byte	.LBE100
 16702 00c0 A2010000 		.4byte	.LBB103
 16703 00c4 B2010000 		.4byte	.LBE103
 16704 00c8 00000000 		.4byte	0
 16705 00cc 00000000 		.4byte	0
 16706 00d0 B2010000 		.4byte	.LBB104
 16707 00d4 B8010000 		.4byte	.LBE104
 16708 00d8 6A020000 		.4byte	.LBB120
 16709 00dc 86020000 		.4byte	.LBE120
 16710 00e0 00000000 		.4byte	0
 16711 00e4 00000000 		.4byte	0
 16712 00e8 DE010000 		.4byte	.LBB108
 16713 00ec DE010000 		.4byte	.LBE108
 16714 00f0 E2010000 		.4byte	.LBB111
 16715 00f4 EA010000 		.4byte	.LBE111
 16716 00f8 00000000 		.4byte	0
 16717 00fc 00000000 		.4byte	0
 16718 0100 0E020000 		.4byte	.LBB112
 16719 0104 12020000 		.4byte	.LBE112
 16720 0108 16020000 		.4byte	.LBB115
 16721 010c 2E020000 		.4byte	.LBE115
 16722 0110 00000000 		.4byte	0
 16723 0114 00000000 		.4byte	0
 16724 0118 36020000 		.4byte	.LBB116
 16725 011c 3A020000 		.4byte	.LBE116
 16726 0120 5E020000 		.4byte	.LBB119
 16727 0124 66020000 		.4byte	.LBE119
 16728 0128 00000000 		.4byte	0
 16729 012c 00000000 		.4byte	0
 16730 0130 1E000000 		.4byte	.LBB127
 16731 0134 22000000 		.4byte	.LBE127
 16732 0138 9E000000 		.4byte	.LBB162
 16733 013c A8000000 		.4byte	.LBE162
 16734 0140 B4000000 		.4byte	.LBB164
 16735 0144 5E010000 		.4byte	.LBE164
 16736 0148 00000000 		.4byte	0
 16737 014c 00000000 		.4byte	0
 16738 0150 1E000000 		.4byte	.LBB128
 16739 0154 22000000 		.4byte	.LBE128
 16740 0158 9E000000 		.4byte	.LBB141
 16741 015c A8000000 		.4byte	.LBE141
 16742 0160 B4000000 		.4byte	.LBB142
 16743 0164 58010000 		.4byte	.LBE142
 16744 0168 00000000 		.4byte	0
 16745 016c 00000000 		.4byte	0
 16746 0170 1E000000 		.4byte	.LBB129
 16747 0174 22000000 		.4byte	.LBE129
 16748 0178 D0000000 		.4byte	.LBB136
 16749 017c D4000000 		.4byte	.LBE136
 16750 0180 D4000000 		.4byte	.LBB137
 16751 0184 E4000000 		.4byte	.LBE137
 16752 0188 F2000000 		.4byte	.LBB138
 16753 018c F6000000 		.4byte	.LBE138
 16754 0190 FA000000 		.4byte	.LBB139
ARM GAS  /tmp/ccVOBie3.s 			page 295


 16755 0194 FE000000 		.4byte	.LBE139
 16756 0198 02010000 		.4byte	.LBB140
 16757 019c 06010000 		.4byte	.LBE140
 16758 01a0 00000000 		.4byte	0
 16759 01a4 00000000 		.4byte	0
 16760 01a8 30000000 		.4byte	.LBB143
 16761 01ac 34000000 		.4byte	.LBE143
 16762 01b0 3E000000 		.4byte	.LBB148
 16763 01b4 42000000 		.4byte	.LBE148
 16764 01b8 46000000 		.4byte	.LBB149
 16765 01bc 5A000000 		.4byte	.LBE149
 16766 01c0 60000000 		.4byte	.LBB156
 16767 01c4 64000000 		.4byte	.LBE156
 16768 01c8 00000000 		.4byte	0
 16769 01cc 00000000 		.4byte	0
 16770 01d0 5A000000 		.4byte	.LBB150
 16771 01d4 5E000000 		.4byte	.LBE150
 16772 01d8 64000000 		.4byte	.LBB157
 16773 01dc 70000000 		.4byte	.LBE157
 16774 01e0 78000000 		.4byte	.LBB158
 16775 01e4 7C000000 		.4byte	.LBE158
 16776 01e8 80000000 		.4byte	.LBB159
 16777 01ec 84000000 		.4byte	.LBE159
 16778 01f0 88000000 		.4byte	.LBB160
 16779 01f4 90000000 		.4byte	.LBE160
 16780 01f8 00000000 		.4byte	0
 16781 01fc 00000000 		.4byte	0
 16782 0200 6C000000 		.4byte	.LBB190
 16783 0204 6E000000 		.4byte	.LBE190
 16784 0208 72000000 		.4byte	.LBB212
 16785 020c E0000000 		.4byte	.LBE212
 16786 0210 00000000 		.4byte	0
 16787 0214 00000000 		.4byte	0
 16788 0218 6C000000 		.4byte	.LBB192
 16789 021c 6E000000 		.4byte	.LBE192
 16790 0220 72000000 		.4byte	.LBB197
 16791 0224 76000000 		.4byte	.LBE197
 16792 0228 78000000 		.4byte	.LBB198
 16793 022c 7E000000 		.4byte	.LBE198
 16794 0230 80000000 		.4byte	.LBB199
 16795 0234 8C000000 		.4byte	.LBE199
 16796 0238 00000000 		.4byte	0
 16797 023c 00000000 		.4byte	0
 16798 0240 AE000000 		.4byte	.LBB203
 16799 0244 C0000000 		.4byte	.LBE203
 16800 0248 C2000000 		.4byte	.LBB209
 16801 024c D8000000 		.4byte	.LBE209
 16802 0250 00000000 		.4byte	0
 16803 0254 00000000 		.4byte	0
 16804 0258 C0000000 		.4byte	.LBB206
 16805 025c C2000000 		.4byte	.LBE206
 16806 0260 D8000000 		.4byte	.LBB210
 16807 0264 E0000000 		.4byte	.LBE210
 16808 0268 00000000 		.4byte	0
 16809 026c 00000000 		.4byte	0
 16810 0270 E2000000 		.4byte	.LBB213
 16811 0274 E4000000 		.4byte	.LBE213
ARM GAS  /tmp/ccVOBie3.s 			page 296


 16812 0278 F0000000 		.4byte	.LBB217
 16813 027c F2000000 		.4byte	.LBE217
 16814 0280 F6000000 		.4byte	.LBB218
 16815 0284 0A010000 		.4byte	.LBE218
 16816 0288 00000000 		.4byte	0
 16817 028c 00000000 		.4byte	0
 16818 0290 0A010000 		.4byte	.LBB219
 16819 0294 12010000 		.4byte	.LBE219
 16820 0298 14010000 		.4byte	.LBB222
 16821 029c 16010000 		.4byte	.LBE222
 16822 02a0 00000000 		.4byte	0
 16823 02a4 00000000 		.4byte	0
 16824 02a8 1C000000 		.4byte	.LBB231
 16825 02ac 1C000000 		.4byte	.LBE231
 16826 02b0 1E000000 		.4byte	.LBB236
 16827 02b4 56000000 		.4byte	.LBE236
 16828 02b8 00000000 		.4byte	0
 16829 02bc 00000000 		.4byte	0
 16830 02c0 5C000000 		.4byte	.LBB251
 16831 02c4 5C000000 		.4byte	.LBE251
 16832 02c8 5E000000 		.4byte	.LBB276
 16833 02cc 64000000 		.4byte	.LBE276
 16834 02d0 66000000 		.4byte	.LBB277
 16835 02d4 66000000 		.4byte	.LBE277
 16836 02d8 6A000000 		.4byte	.LBB278
 16837 02dc 0E010000 		.4byte	.LBE278
 16838 02e0 12010000 		.4byte	.LBB279
 16839 02e4 72010000 		.4byte	.LBE279
 16840 02e8 74010000 		.4byte	.LBB280
 16841 02ec B8010000 		.4byte	.LBE280
 16842 02f0 00000000 		.4byte	0
 16843 02f4 00000000 		.4byte	0
 16844 02f8 66000000 		.4byte	.LBB253
 16845 02fc 66000000 		.4byte	.LBE253
 16846 0300 6A000000 		.4byte	.LBB258
 16847 0304 0E010000 		.4byte	.LBE258
 16848 0308 00000000 		.4byte	0
 16849 030c 00000000 		.4byte	0
 16850 0310 12010000 		.4byte	.LBB259
 16851 0314 16010000 		.4byte	.LBE259
 16852 0318 18010000 		.4byte	.LBB265
 16853 031c 1C010000 		.4byte	.LBE265
 16854 0320 1E010000 		.4byte	.LBB266
 16855 0324 22010000 		.4byte	.LBE266
 16856 0328 26010000 		.4byte	.LBB267
 16857 032c 5E010000 		.4byte	.LBE267
 16858 0330 74010000 		.4byte	.LBB270
 16859 0334 B8010000 		.4byte	.LBE270
 16860 0338 00000000 		.4byte	0
 16861 033c 00000000 		.4byte	0
 16862 0340 E0010000 		.4byte	.LBB289
 16863 0344 E0010000 		.4byte	.LBE289
 16864 0348 E4010000 		.4byte	.LBB294
 16865 034c F6010000 		.4byte	.LBE294
 16866 0350 00000000 		.4byte	0
 16867 0354 00000000 		.4byte	0
 16868 0358 00000000 		.4byte	.LBB321
ARM GAS  /tmp/ccVOBie3.s 			page 297


 16869 035c 0E000000 		.4byte	.LBE321
 16870 0360 10000000 		.4byte	.LBB335
 16871 0364 12000000 		.4byte	.LBE335
 16872 0368 1A000000 		.4byte	.LBB336
 16873 036c 26000000 		.4byte	.LBE336
 16874 0370 00000000 		.4byte	0
 16875 0374 00000000 		.4byte	0
 16876 0378 0E000000 		.4byte	.LBB324
 16877 037c 0E000000 		.4byte	.LBE324
 16878 0380 1A000000 		.4byte	.LBB327
 16879 0384 1E000000 		.4byte	.LBE327
 16880 0388 00000000 		.4byte	0
 16881 038c 00000000 		.4byte	0
 16882 0390 00000000 		.4byte	.Ltext0
 16883 0394 06020000 		.4byte	.Letext0
 16884 0398 00000000 		.4byte	.LFB488
 16885 039c DC000000 		.4byte	.LFE488
 16886 03a0 00000000 		.4byte	.LFB498
 16887 03a4 32000000 		.4byte	.LFE498
 16888 03a8 00000000 		.4byte	.LFB501
 16889 03ac 10000000 		.4byte	.LFE501
 16890 03b0 00000000 		.4byte	.LFB497
 16891 03b4 F0020000 		.4byte	.LFE497
 16892 03b8 00000000 		.4byte	.LFB508
 16893 03bc 58010000 		.4byte	.LFE508
 16894 03c0 00000000 		.4byte	.LFB534
 16895 03c4 38000000 		.4byte	.LFE534
 16896 03c8 00000000 		.4byte	0
 16897 03cc 00000000 		.4byte	0
 16898              		.section	.debug_line,"",%progbits
 16899              	.Ldebug_line0:
 16900 0000 780D0000 		.section	.debug_str,"MS",%progbits,1
 16900      03007502 
 16900      00000201 
 16900      FB0E0D00 
 16900      01010101 
 16901              	.LASF177:
 16902 0000 6664696D 		.ascii	"fdim\000"
 16902      00
 16903              	.LASF101:
 16904 0005 5F5A5374 		.ascii	"_ZSt4fmodee\000"
 16904      34666D6F 
 16904      64656500 
 16905              	.LASF40:
 16906 0011 5F5A5374 		.ascii	"_ZSt3absd\000"
 16906      33616273 
 16906      6400
 16907              	.LASF38:
 16908 001b 5F5A5374 		.ascii	"_ZSt3abse\000"
 16908      33616273 
 16908      6500
 16909              	.LASF39:
 16910 0025 5F5A5374 		.ascii	"_ZSt3absf\000"
 16910      33616273 
 16910      6600
 16911              	.LASF225:
 16912 002f 5F5A5374 		.ascii	"_ZSt10nexttowardee\000"
ARM GAS  /tmp/ccVOBie3.s 			page 298


 16912      31306E65 
 16912      7874746F 
 16912      77617264 
 16912      656500
 16913              	.LASF2:
 16914 0042 696E7438 		.ascii	"int8_t\000"
 16914      5F7400
 16915              	.LASF615:
 16916 0049 6C657270 		.ascii	"lerpf\000"
 16916      6600
 16917              	.LASF42:
 16918 004f 5F5A5374 		.ascii	"_ZSt3absl\000"
 16918      33616273 
 16918      6C00
 16919              	.LASF244:
 16920 0059 5F5A5374 		.ascii	"_ZSt6scalbnfi\000"
 16920      36736361 
 16920      6C626E66 
 16920      6900
 16921              	.LASF527:
 16922 0067 75706461 		.ascii	"updateSpawnRate\000"
 16922      74655370 
 16922      61776E52 
 16922      61746500 
 16923              	.LASF125:
 16924 0077 5F5A5374 		.ascii	"_ZSt7signbitd\000"
 16924      37736967 
 16924      6E626974 
 16924      6400
 16925              	.LASF124:
 16926 0085 5F5A5374 		.ascii	"_ZSt7signbite\000"
 16926      37736967 
 16926      6E626974 
 16926      6500
 16927              	.LASF126:
 16928 0093 5F5A5374 		.ascii	"_ZSt7signbitf\000"
 16928      37736967 
 16928      6E626974 
 16928      6600
 16929              	.LASF538:
 16930 00a1 5F677261 		.ascii	"_grainDurMax\000"
 16930      696E4475 
 16930      724D6178 
 16930      00
 16931              	.LASF41:
 16932 00ae 5F5A5374 		.ascii	"_ZSt3absx\000"
 16932      33616273 
 16932      7800
 16933              	.LASF641:
 16934 00b8 5F5F6C6F 		.ascii	"__locale_t\000"
 16934      63616C65 
 16934      5F7400
 16935              	.LASF263:
 16936 00c3 5F5F7661 		.ascii	"__value\000"
 16936      6C756500 
 16937              	.LASF421:
 16938 00cb 6B5F756E 		.ascii	"k_unit_err_geometry\000"
ARM GAS  /tmp/ccVOBie3.s 			page 299


 16938      69745F65 
 16938      72725F67 
 16938      656F6D65 
 16938      74727900 
 16939              	.LASF354:
 16940 00df 5F5F7366 		.ascii	"__sf\000"
 16940      00
 16941              	.LASF589:
 16942 00e4 756E6974 		.ascii	"unit_suspend\000"
 16942      5F737573 
 16942      70656E64 
 16942      00
 16943              	.LASF187:
 16944 00f1 5F5A5374 		.ascii	"_ZSt4fminff\000"
 16944      34666D69 
 16944      6E666600 
 16945              	.LASF81:
 16946 00fd 5F5A5374 		.ascii	"_ZSt5log10e\000"
 16946      356C6F67 
 16946      31306500 
 16947              	.LASF82:
 16948 0109 5F5A5374 		.ascii	"_ZSt5log10f\000"
 16948      356C6F67 
 16948      31306600 
 16949              	.LASF299:
 16950 0115 5F726561 		.ascii	"_read\000"
 16950      6400
 16951              	.LASF585:
 16952 011b 756E6974 		.ascii	"unit_get_param_value\000"
 16952      5F676574 
 16952      5F706172 
 16952      616D5F76 
 16952      616C7565 
 16953              	.LASF300:
 16954 0130 5F777269 		.ascii	"_write\000"
 16954      746500
 16955              	.LASF523:
 16956 0137 73657441 		.ascii	"setActivity\000"
 16956      63746976 
 16956      69747900 
 16957              	.LASF579:
 16958 0143 756E6974 		.ascii	"unit_touch_event\000"
 16958      5F746F75 
 16958      63685F65 
 16958      76656E74 
 16958      00
 16959              	.LASF33:
 16960 0154 75696E74 		.ascii	"uint_fast64_t\000"
 16960      5F666173 
 16960      7436345F 
 16960      7400
 16961              	.LASF5:
 16962 0162 696E7433 		.ascii	"int32_t\000"
 16962      325F7400 
 16963              	.LASF314:
 16964 016a 5F617363 		.ascii	"_asctime_buf\000"
 16964      74696D65 
ARM GAS  /tmp/ccVOBie3.s 			page 300


 16964      5F627566 
 16964      00
 16965              	.LASF653:
 16966 0177 5F5A5A4E 		.ascii	"_ZZNK6Effect20getParameterStrValueEhlE5names\000"
 16966      4B364566 
 16966      66656374 
 16966      32306765 
 16966      74506172 
 16967              	.LASF348:
 16968 01a4 5F637674 		.ascii	"_cvtlen\000"
 16968      6C656E00 
 16969              	.LASF88:
 16970 01ac 73717274 		.ascii	"sqrt\000"
 16970      00
 16971              	.LASF478:
 16972 01b1 6C6C6469 		.ascii	"lldiv\000"
 16972      7600
 16973              	.LASF222:
 16974 01b7 5F5A5374 		.ascii	"_ZSt9nextafteree\000"
 16974      396E6578 
 16974      74616674 
 16974      65726565 
 16974      00
 16975              	.LASF185:
 16976 01c8 666D696E 		.ascii	"fmin\000"
 16976      00
 16977              	.LASF195:
 16978 01cd 5F5A5374 		.ascii	"_ZSt6lgammae\000"
 16978      366C6761 
 16978      6D6D6165 
 16978      00
 16979              	.LASF196:
 16980 01da 5F5A5374 		.ascii	"_ZSt6lgammaf\000"
 16980      366C6761 
 16980      6D6D6166 
 16980      00
 16981              	.LASF273:
 16982 01e7 5F5F746D 		.ascii	"__tm\000"
 16982      00
 16983              	.LASF329:
 16984 01ec 5F776373 		.ascii	"_wcsrtombs_state\000"
 16984      72746F6D 
 16984      62735F73 
 16984      74617465 
 16984      00
 16985              	.LASF304:
 16986 01fd 5F6E6275 		.ascii	"_nbuf\000"
 16986      6600
 16987              	.LASF274:
 16988 0203 5F5F746D 		.ascii	"__tm_sec\000"
 16988      5F736563 
 16988      00
 16989              	.LASF147:
 16990 020c 6973756E 		.ascii	"isunordered\000"
 16990      6F726465 
 16990      72656400 
 16991              	.LASF322:
ARM GAS  /tmp/ccVOBie3.s 			page 301


 16992 0218 5F6C3634 		.ascii	"_l64a_buf\000"
 16992      615F6275 
 16992      6600
 16993              	.LASF380:
 16994 0222 6B5F756E 		.ascii	"k_unit_api_2_0_0\000"
 16994      69745F61 
 16994      70695F32 
 16994      5F305F30 
 16994      00
 16995              	.LASF480:
 16996 0233 73747274 		.ascii	"strtoll\000"
 16996      6F6C6C00 
 16997              	.LASF419:
 16998 023b 6B5F756E 		.ascii	"k_unit_err_api_version\000"
 16998      69745F65 
 16998      72725F61 
 16998      70695F76 
 16998      65727369 
 16999              	.LASF604:
 17000 0252 73636174 		.ascii	"scatter\000"
 17000      74657200 
 17001              	.LASF226:
 17002 025a 5F5A5374 		.ascii	"_ZSt10nexttowardfe\000"
 17002      31306E65 
 17002      7874746F 
 17002      77617264 
 17002      666500
 17003              	.LASF293:
 17004 026d 5F73697A 		.ascii	"_size\000"
 17004      6500
 17005              	.LASF398:
 17006 0273 756E6974 		.ascii	"unit_param\000"
 17006      5F706172 
 17006      616D00
 17007              	.LASF449:
 17008 027e 67656E65 		.ascii	"genericfx_param_mapping\000"
 17008      72696366 
 17008      785F7061 
 17008      72616D5F 
 17008      6D617070 
 17009              	.LASF308:
 17010 0296 5F6C6F63 		.ascii	"_lock\000"
 17010      6B00
 17011              	.LASF22:
 17012 029c 75696E74 		.ascii	"uint_least16_t\000"
 17012      5F6C6561 
 17012      73743136 
 17012      5F7400
 17013              	.LASF180:
 17014 02ab 5F5A5374 		.ascii	"_ZSt3fmaeee\000"
 17014      33666D61 
 17014      65656500 
 17015              	.LASF566:
 17016 02b7 5F5A4E4B 		.ascii	"_ZNK6Effect20getParameterStrValueEhl\000"
 17016      36456666 
 17016      65637432 
 17016      30676574 
ARM GAS  /tmp/ccVOBie3.s 			page 302


 17016      50617261 
 17017              	.LASF25:
 17018 02dc 696E745F 		.ascii	"int_fast8_t\000"
 17018      66617374 
 17018      385F7400 
 17019              	.LASF243:
 17020 02e8 5F5A5374 		.ascii	"_ZSt6scalbnei\000"
 17020      36736361 
 17020      6C626E65 
 17020      6900
 17021              	.LASF570:
 17022 02f6 5F5A4E36 		.ascii	"_ZN6Effect14tempo4ppqnTickEm\000"
 17022      45666665 
 17022      63743134 
 17022      74656D70 
 17022      6F347070 
 17023              	.LASF68:
 17024 0313 5F5A5374 		.ascii	"_ZSt4tanhe\000"
 17024      3474616E 
 17024      686500
 17025              	.LASF69:
 17026 031e 5F5A5374 		.ascii	"_ZSt4tanhf\000"
 17026      3474616E 
 17026      686600
 17027              	.LASF401:
 17028 0329 74797065 		.ascii	"type\000"
 17028      00
 17029              	.LASF362:
 17030 032e 5F6D756C 		.ascii	"_mult\000"
 17030      7400
 17031              	.LASF213:
 17032 0334 5F5A5374 		.ascii	"_ZSt5lrinte\000"
 17032      356C7269 
 17032      6E746500 
 17033              	.LASF214:
 17034 0340 5F5A5374 		.ascii	"_ZSt5lrintf\000"
 17034      356C7269 
 17034      6E746600 
 17035              	.LASF461:
 17036 034c 61746F69 		.ascii	"atoi\000"
 17036      00
 17037              	.LASF191:
 17038 0351 696C6F67 		.ascii	"ilogb\000"
 17038      6200
 17039              	.LASF389:
 17040 0357 756E6974 		.ascii	"unit_runtime_hooks_t\000"
 17040      5F72756E 
 17040      74696D65 
 17040      5F686F6F 
 17040      6B735F74 
 17041              	.LASF253:
 17042 036c 646F7562 		.ascii	"double\000"
 17042      6C6500
 17043              	.LASF575:
 17044 0373 5F627970 		.ascii	"_bypassed\000"
 17044      61737365 
 17044      6400
ARM GAS  /tmp/ccVOBie3.s 			page 303


 17045              	.LASF479:
 17046 037d 61746F6C 		.ascii	"atoll\000"
 17046      6C00
 17047              	.LASF223:
 17048 0383 5F5A5374 		.ascii	"_ZSt9nextafterff\000"
 17048      396E6578 
 17048      74616674 
 17048      65726666 
 17048      00
 17049              	.LASF149:
 17050 0394 5F5A5374 		.ascii	"_ZSt11isunordereddd\000"
 17050      31316973 
 17050      756E6F72 
 17050      64657265 
 17050      64646400 
 17051              	.LASF567:
 17052 03a8 73657454 		.ascii	"setTempo\000"
 17052      656D706F 
 17052      00
 17053              	.LASF32:
 17054 03b1 75696E74 		.ascii	"uint_fast32_t\000"
 17054      5F666173 
 17054      7433325F 
 17054      7400
 17055              	.LASF518:
 17056 03bf 47726169 		.ascii	"GrainEngine\000"
 17056      6E456E67 
 17056      696E6500 
 17057              	.LASF591:
 17058 03cb 756E6974 		.ascii	"unit_reset\000"
 17058      5F726573 
 17058      657400
 17059              	.LASF260:
 17060 03d6 5F5F7763 		.ascii	"__wch\000"
 17060      6800
 17061              	.LASF580:
 17062 03dc 70686173 		.ascii	"phase\000"
 17062      6500
 17063              	.LASF204:
 17064 03e2 5F5A5374 		.ascii	"_ZSt5log1pe\000"
 17064      356C6F67 
 17064      31706500 
 17065              	.LASF205:
 17066 03ee 5F5A5374 		.ascii	"_ZSt5log1pf\000"
 17066      356C6F67 
 17066      31706600 
 17067              	.LASF224:
 17068 03fa 6E657874 		.ascii	"nexttoward\000"
 17068      746F7761 
 17068      726400
 17069              	.LASF270:
 17070 0405 5F736967 		.ascii	"_sign\000"
 17070      6E00
 17071              	.LASF296:
 17072 040b 5F66696C 		.ascii	"_file\000"
 17072      6500
 17073              	.LASF460:
ARM GAS  /tmp/ccVOBie3.s 			page 304


 17074 0411 61746F66 		.ascii	"atof\000"
 17074      00
 17075              	.LASF418:
 17076 0416 6B5F756E 		.ascii	"k_unit_err_target\000"
 17076      69745F65 
 17076      72725F74 
 17076      61726765 
 17076      7400
 17077              	.LASF283:
 17078 0428 5F6F6E5F 		.ascii	"_on_exit_args\000"
 17078      65786974 
 17078      5F617267 
 17078      7300
 17079              	.LASF462:
 17080 0436 61746F6C 		.ascii	"atol\000"
 17080      00
 17081              	.LASF393:
 17082 043b 6672616D 		.ascii	"frames_per_buffer\000"
 17082      65735F70 
 17082      65725F62 
 17082      75666665 
 17082      7200
 17083              	.LASF426:
 17084 044d 6D696469 		.ascii	"midi_to_hz_lut_f\000"
 17084      5F746F5F 
 17084      687A5F6C 
 17084      75745F66 
 17084      00
 17085              	.LASF325:
 17086 045e 5F6D6272 		.ascii	"_mbrlen_state\000"
 17086      6C656E5F 
 17086      73746174 
 17086      6500
 17087              	.LASF446:
 17088 046c 6B5F6678 		.ascii	"k_fx_api_platform\000"
 17088      5F617069 
 17088      5F706C61 
 17088      74666F72 
 17088      6D00
 17089              	.LASF148:
 17090 047e 5F5A5374 		.ascii	"_ZSt11isunorderedee\000"
 17090      31316973 
 17090      756E6F72 
 17090      64657265 
 17090      64656500 
 17091              	.LASF6:
 17092 0492 6C6F6E67 		.ascii	"long int\000"
 17092      20696E74 
 17092      00
 17093              	.LASF364:
 17094 049b 5F696D70 		.ascii	"_impure_ptr\000"
 17094      7572655F 
 17094      70747200 
 17095              	.LASF345:
 17096 04a7 5F726573 		.ascii	"_result_k\000"
 17096      756C745F 
 17096      6B00
ARM GAS  /tmp/ccVOBie3.s 			page 305


 17097              	.LASF368:
 17098 04b1 31305F6D 		.ascii	"10_mbstate_t\000"
 17098      62737461 
 17098      74655F74 
 17098      00
 17099              	.LASF618:
 17100 04be 5F5A3663 		.ascii	"_Z6clampffff\000"
 17100      6C616D70 
 17100      66666666 
 17100      00
 17101              	.LASF631:
 17102 04cb 5F5F6275 		.ascii	"__builtin_memset\000"
 17102      696C7469 
 17102      6E5F6D65 
 17102      6D736574 
 17102      00
 17103              	.LASF315:
 17104 04dc 5F6C6F63 		.ascii	"_localtime_buf\000"
 17104      616C7469 
 17104      6D655F62 
 17104      756600
 17105              	.LASF606:
 17106 04eb 73706177 		.ascii	"spawnInterval\000"
 17106      6E496E74 
 17106      65727661 
 17106      6C00
 17107              	.LASF477:
 17108 04f9 7763746F 		.ascii	"wctomb\000"
 17108      6D6200
 17109              	.LASF267:
 17110 0500 5F666C6F 		.ascii	"_flock_t\000"
 17110      636B5F74 
 17110      00
 17111              	.LASF219:
 17112 0509 5F5A5374 		.ascii	"_ZSt9nearbyinte\000"
 17112      396E6561 
 17112      72627969 
 17112      6E746500 
 17113              	.LASF220:
 17114 0519 5F5A5374 		.ascii	"_ZSt9nearbyintf\000"
 17114      396E6561 
 17114      72627969 
 17114      6E746600 
 17115              	.LASF622:
 17116 0529 636C6970 		.ascii	"clipminmaxi32\000"
 17116      6D696E6D 
 17116      61786933 
 17116      3200
 17117              	.LASF429:
 17118 0537 77745F73 		.ascii	"wt_saw_lut_f\000"
 17118      61775F6C 
 17118      75745F66 
 17118      00
 17119              	.LASF561:
 17120 0544 73657450 		.ascii	"setParameter\000"
 17120      6172616D 
 17120      65746572 
ARM GAS  /tmp/ccVOBie3.s 			page 306


 17120      00
 17121              	.LASF643:
 17122 0551 72616E64 		.ascii	"rand\000"
 17122      00
 17123              	.LASF123:
 17124 0556 7369676E 		.ascii	"signbit\000"
 17124      62697400 
 17125              	.LASF178:
 17126 055e 5F5A5374 		.ascii	"_ZSt4fdimee\000"
 17126      34666469 
 17126      6D656500 
 17127              	.LASF590:
 17128 056a 756E6974 		.ascii	"unit_resume\000"
 17128      5F726573 
 17128      756D6500 
 17129              	.LASF278:
 17130 0576 5F5F746D 		.ascii	"__tm_mon\000"
 17130      5F6D6F6E 
 17130      00
 17131              	.LASF150:
 17132 057f 5F5A5374 		.ascii	"_ZSt11isunorderedff\000"
 17132      31316973 
 17132      756E6F72 
 17132      64657265 
 17132      64666600 
 17133              	.LASF388:
 17134 0593 73647261 		.ascii	"sdram_avail\000"
 17134      6D5F6176 
 17134      61696C00 
 17135              	.LASF67:
 17136 059f 74616E68 		.ascii	"tanh\000"
 17136      00
 17137              	.LASF573:
 17138 05a4 5F717561 		.ascii	"_quantiseActivity\000"
 17138      6E746973 
 17138      65416374 
 17138      69766974 
 17138      7900
 17139              	.LASF564:
 17140 05b6 5F5A4E4B 		.ascii	"_ZNK6Effect17getParameterValueEh\000"
 17140      36456666 
 17140      65637431 
 17140      37676574 
 17140      50617261 
 17141              	.LASF24:
 17142 05d7 75696E74 		.ascii	"uint_least64_t\000"
 17142      5F6C6561 
 17142      73743634 
 17142      5F7400
 17143              	.LASF95:
 17144 05e6 5F5A5374 		.ascii	"_ZSt4fabse\000"
 17144      34666162 
 17144      736500
 17145              	.LASF96:
 17146 05f1 5F5A5374 		.ascii	"_ZSt4fabsf\000"
 17146      34666162 
 17146      736600
ARM GAS  /tmp/ccVOBie3.s 			page 307


 17147              	.LASF312:
 17148 05fc 5F756E75 		.ascii	"_unused_rand\000"
 17148      7365645F 
 17148      72616E64 
 17148      00
 17149              	.LASF512:
 17150 0609 47726169 		.ascii	"Grain\000"
 17150      6E00
 17151              	.LASF1:
 17152 060f 7369676E 		.ascii	"signed char\000"
 17152      65642063 
 17152      68617200 
 17153              	.LASF387:
 17154 061b 73647261 		.ascii	"sdram_free\000"
 17154      6D5F6672 
 17154      656500
 17155              	.LASF9:
 17156 0626 75696E74 		.ascii	"uint8_t\000"
 17156      385F7400 
 17157              	.LASF218:
 17158 062e 6E656172 		.ascii	"nearbyint\000"
 17158      6279696E 
 17158      7400
 17159              	.LASF50:
 17160 0638 5F5A5374 		.ascii	"_ZSt4atane\000"
 17160      34617461 
 17160      6E6500
 17161              	.LASF51:
 17162 0643 5F5A5374 		.ascii	"_ZSt4atanf\000"
 17162      34617461 
 17162      6E6600
 17163              	.LASF559:
 17164 064e 50726F63 		.ascii	"Process\000"
 17164      65737300 
 17165              	.LASF105:
 17166 0656 5F5A5374 		.ascii	"_ZSt10fpclassifyd\000"
 17166      31306670 
 17166      636C6173 
 17166      73696679 
 17166      6400
 17167              	.LASF104:
 17168 0668 5F5A5374 		.ascii	"_ZSt10fpclassifye\000"
 17168      31306670 
 17168      636C6173 
 17168      73696679 
 17168      6500
 17169              	.LASF106:
 17170 067a 5F5A5374 		.ascii	"_ZSt10fpclassifyf\000"
 17170      31306670 
 17170      636C6173 
 17170      73696679 
 17170      6600
 17171              	.LASF489:
 17172 068c 6B4C7574 		.ascii	"kLutSize\000"
 17172      53697A65 
 17172      00
 17173              	.LASF475:
ARM GAS  /tmp/ccVOBie3.s 			page 308


 17174 0695 73797374 		.ascii	"system\000"
 17174      656D00
 17175              	.LASF111:
 17176 069c 6973696E 		.ascii	"isinf\000"
 17176      6600
 17177              	.LASF431:
 17178 06a2 77745F73 		.ascii	"wt_sqr_lut_f\000"
 17178      71725F6C 
 17178      75745F66 
 17178      00
 17179              	.LASF207:
 17180 06af 5F5A5374 		.ascii	"_ZSt4log2e\000"
 17180      346C6F67 
 17180      326500
 17181              	.LASF208:
 17182 06ba 5F5A5374 		.ascii	"_ZSt4log2f\000"
 17182      346C6F67 
 17182      326600
 17183              	.LASF555:
 17184 06c5 52657375 		.ascii	"Resume\000"
 17184      6D6500
 17185              	.LASF103:
 17186 06cc 6670636C 		.ascii	"fpclassify\000"
 17186      61737369 
 17186      667900
 17187              	.LASF448:
 17188 06d7 706F7732 		.ascii	"pow2_lut_f\000"
 17188      5F6C7574 
 17188      5F6600
 17189              	.LASF609:
 17190 06e2 7363616C 		.ascii	"scale\000"
 17190      6500
 17191              	.LASF169:
 17192 06e8 5F5A5374 		.ascii	"_ZSt4erfce\000"
 17192      34657266 
 17192      636500
 17193              	.LASF170:
 17194 06f3 5F5A5374 		.ascii	"_ZSt4erfcf\000"
 17194      34657266 
 17194      636600
 17195              	.LASF10:
 17196 06fe 756E7369 		.ascii	"unsigned char\000"
 17196      676E6564 
 17196      20636861 
 17196      7200
 17197              	.LASF451:
 17198 070c 63757276 		.ascii	"curve\000"
 17198      6500
 17199              	.LASF397:
 17200 0712 756E6974 		.ascii	"unit_runtime_desc_t\000"
 17200      5F72756E 
 17200      74696D65 
 17200      5F646573 
 17200      635F7400 
 17201              	.LASF515:
 17202 0726 70616E4C 		.ascii	"panL\000"
 17202      00
ARM GAS  /tmp/ccVOBie3.s 			page 309


 17203              	.LASF84:
 17204 072b 5F5A5374 		.ascii	"_ZSt4modfePe\000"
 17204      346D6F64 
 17204      66655065 
 17204      00
 17205              	.LASF430:
 17206 0738 77745F73 		.ascii	"wt_sqr_notes\000"
 17206      71725F6E 
 17206      6F746573 
 17206      00
 17207              	.LASF59:
 17208 0745 5F5A5374 		.ascii	"_ZSt3tane\000"
 17208      3374616E 
 17208      6500
 17209              	.LASF60:
 17210 074f 5F5A5374 		.ascii	"_ZSt3tanf\000"
 17210      3374616E 
 17210      6600
 17211              	.LASF139:
 17212 0759 69736C65 		.ascii	"islessequal\000"
 17212      73736571 
 17212      75616C00 
 17213              	.LASF454:
 17214 0765 67656E65 		.ascii	"genericfx_param_mapping_t\000"
 17214      72696366 
 17214      785F7061 
 17214      72616D5F 
 17214      6D617070 
 17215              	.LASF381:
 17216 077f 756E6974 		.ascii	"unit_runtime_sdram_alloc_ptr\000"
 17216      5F72756E 
 17216      74696D65 
 17216      5F736472 
 17216      616D5F61 
 17217              	.LASF121:
 17218 079c 5F5A5374 		.ascii	"_ZSt8isnormald\000"
 17218      3869736E 
 17218      6F726D61 
 17218      6C6400
 17219              	.LASF120:
 17220 07ab 5F5A5374 		.ascii	"_ZSt8isnormale\000"
 17220      3869736E 
 17220      6F726D61 
 17220      6C6500
 17221              	.LASF122:
 17222 07ba 5F5A5374 		.ascii	"_ZSt8isnormalf\000"
 17222      3869736E 
 17222      6F726D61 
 17222      6C6600
 17223              	.LASF382:
 17224 07c9 756E6974 		.ascii	"unit_runtime_sdram_free_ptr\000"
 17224      5F72756E 
 17224      74696D65 
 17224      5F736472 
 17224      616D5F66 
 17225              	.LASF311:
 17226 07e5 5F726565 		.ascii	"_reent\000"
ARM GAS  /tmp/ccVOBie3.s 			page 310


 17226      6E7400
 17227              	.LASF100:
 17228 07ec 666D6F64 		.ascii	"fmod\000"
 17228      00
 17229              	.LASF529:
 17230 07f1 73706177 		.ascii	"spawnGrain\000"
 17230      6E477261 
 17230      696E00
 17231              	.LASF365:
 17232 07fc 5F676C6F 		.ascii	"_global_impure_ptr\000"
 17232      62616C5F 
 17232      696D7075 
 17232      72655F70 
 17232      747200
 17233              	.LASF374:
 17234 080f 376C6C64 		.ascii	"7lldiv_t\000"
 17234      69765F74 
 17234      00
 17235              	.LASF424:
 17236 0818 6B5F6F73 		.ascii	"k_osc_api_platform\000"
 17236      635F6170 
 17236      695F706C 
 17236      6174666F 
 17236      726D00
 17237              	.LASF612:
 17238 082b 5F5A4E31 		.ascii	"_ZN11GrainEngineC2Ev\000"
 17238      31477261 
 17238      696E456E 
 17238      67696E65 
 17238      43324576 
 17239              	.LASF212:
 17240 0840 6C72696E 		.ascii	"lrint\000"
 17240      7400
 17241              	.LASF613:
 17242 0846 64656C61 		.ascii	"delaySamples\000"
 17242      7953616D 
 17242      706C6573 
 17242      00
 17243              	.LASF333:
 17244 0853 5F756E75 		.ascii	"_unused\000"
 17244      73656400 
 17245              	.LASF616:
 17246 085b 5F5A356C 		.ascii	"_Z5lerpffff\000"
 17246      65727066 
 17246      66666600 
 17247              	.LASF509:
 17248 0867 5F5A4E4B 		.ascii	"_ZNK9DelayLine9writeHeadEv\000"
 17248      3944656C 
 17248      61794C69 
 17248      6E653977 
 17248      72697465 
 17249              	.LASF492:
 17250 0882 675F6861 		.ascii	"g_hannLut\000"
 17250      6E6E4C75 
 17250      7400
 17251              	.LASF453:
 17252 088c 76616C75 		.ascii	"value\000"
ARM GAS  /tmp/ccVOBie3.s 			page 311


 17252      6500
 17253              	.LASF546:
 17254 0892 5F5A4E36 		.ascii	"_ZN6EffectC4Ev\000"
 17254      45666665 
 17254      63744334 
 17254      457600
 17255              	.LASF61:
 17256 08a1 636F7368 		.ascii	"cosh\000"
 17256      00
 17257              	.LASF355:
 17258 08a6 63686172 		.ascii	"char\000"
 17258      00
 17259              	.LASF534:
 17260 08ab 5F737061 		.ascii	"_spawnRate\000"
 17260      776E5261 
 17260      746500
 17261              	.LASF629:
 17262 08b6 6D656D73 		.ascii	"memset\000"
 17262      657400
 17263              	.LASF537:
 17264 08bd 5F677261 		.ascii	"_grainDurMin\000"
 17264      696E4475 
 17264      724D696E 
 17264      00
 17265              	.LASF290:
 17266 08ca 5F666E73 		.ascii	"_fns\000"
 17266      00
 17267              	.LASF465:
 17268 08cf 6C646976 		.ascii	"ldiv\000"
 17268      00
 17269              	.LASF637:
 17270 08d4 5F5A4E39 		.ascii	"_ZN9__gnu_cxx3divExx\000"
 17270      5F5F676E 
 17270      755F6378 
 17270      78336469 
 17270      76457878 
 17271              	.LASF302:
 17272 08e9 5F636C6F 		.ascii	"_close\000"
 17272      736500
 17273              	.LASF584:
 17274 08f0 756E6974 		.ascii	"unit_get_param_str_value\000"
 17274      5F676574 
 17274      5F706172 
 17274      616D5F73 
 17274      74725F76 
 17275              	.LASF405:
 17276 0909 6E616D65 		.ascii	"name\000"
 17276      00
 17277              	.LASF23:
 17278 090e 75696E74 		.ascii	"uint_least32_t\000"
 17278      5F6C6561 
 17278      73743332 
 17278      5F7400
 17279              	.LASF445:
 17280 091d 62697472 		.ascii	"bitres_lut_f\000"
 17280      65735F6C 
 17280      75745F66 
ARM GAS  /tmp/ccVOBie3.s 			page 312


 17280      00
 17281              	.LASF651:
 17282 092a 756E6974 		.ascii	"unit_teardown\000"
 17282      5F746561 
 17282      72646F77 
 17282      6E00
 17283              	.LASF65:
 17284 0938 5F5A5374 		.ascii	"_ZSt4sinhe\000"
 17284      3473696E 
 17284      686500
 17285              	.LASF66:
 17286 0943 5F5A5374 		.ascii	"_ZSt4sinhf\000"
 17286      3473696E 
 17286      686600
 17287              	.LASF648:
 17288 094e 5F474C4F 		.ascii	"_GLOBAL__sub_D_unit.cc\000"
 17288      42414C5F 
 17288      5F737562 
 17288      5F445F75 
 17288      6E69742E 
 17289              	.LASF127:
 17290 0965 69736772 		.ascii	"isgreater\000"
 17290      65617465 
 17290      7200
 17291              	.LASF536:
 17292 096f 5F746172 		.ascii	"_targetOverlap\000"
 17292      6765744F 
 17292      7665726C 
 17292      617000
 17293              	.LASF520:
 17294 097e 5F5A4E31 		.ascii	"_ZN11GrainEngine4initEfPfS0_\000"
 17294      31477261 
 17294      696E456E 
 17294      67696E65 
 17294      34696E69 
 17295              	.LASF216:
 17296 099b 5F5A5374 		.ascii	"_ZSt6lrounde\000"
 17296      366C726F 
 17296      756E6465 
 17296      00
 17297              	.LASF217:
 17298 09a8 5F5A5374 		.ascii	"_ZSt6lroundf\000"
 17298      366C726F 
 17298      756E6466 
 17298      00
 17299              	.LASF594:
 17300 09b5 6E6F726D 		.ascii	"norm\000"
 17300      00
 17301              	.LASF80:
 17302 09ba 6C6F6731 		.ascii	"log10\000"
 17302      3000
 17303              	.LASF64:
 17304 09c0 73696E68 		.ascii	"sinh\000"
 17304      00
 17305              	.LASF335:
 17306 09c5 5F737464 		.ascii	"_stdin\000"
 17306      696E00
ARM GAS  /tmp/ccVOBie3.s 			page 313


 17307              	.LASF547:
 17308 09cc 7E456666 		.ascii	"~Effect\000"
 17308      65637400 
 17309              	.LASF369:
 17310 09d4 35646976 		.ascii	"5div_t\000"
 17310      5F7400
 17311              	.LASF447:
 17312 09db 6B5F6678 		.ascii	"k_fx_api_version\000"
 17312      5F617069 
 17312      5F766572 
 17312      73696F6E 
 17312      00
 17313              	.LASF557:
 17314 09ec 53757370 		.ascii	"Suspend\000"
 17314      656E6400 
 17315              	.LASF640:
 17316 09f4 6465636C 		.ascii	"decltype(nullptr)\000"
 17316      74797065 
 17316      286E756C 
 17316      6C707472 
 17316      2900
 17317              	.LASF164:
 17318 0a06 5F5A5374 		.ascii	"_ZSt8copysignee\000"
 17318      38636F70 
 17318      79736967 
 17318      6E656500 
 17319              	.LASF565:
 17320 0a16 67657450 		.ascii	"getParameterStrValue\000"
 17320      6172616D 
 17320      65746572 
 17320      53747256 
 17320      616C7565 
 17321              	.LASF113:
 17322 0a2b 5F5A5374 		.ascii	"_ZSt5isinfd\000"
 17322      35697369 
 17322      6E666400 
 17323              	.LASF112:
 17324 0a37 5F5A5374 		.ascii	"_ZSt5isinfe\000"
 17324      35697369 
 17324      6E666500 
 17325              	.LASF114:
 17326 0a43 5F5A5374 		.ascii	"_ZSt5isinff\000"
 17326      35697369 
 17326      6E666600 
 17327              	.LASF143:
 17328 0a4f 69736C65 		.ascii	"islessgreater\000"
 17328      73736772 
 17328      65617465 
 17328      7200
 17329              	.LASF18:
 17330 0a5d 696E745F 		.ascii	"int_least16_t\000"
 17330      6C656173 
 17330      7431365F 
 17330      7400
 17331              	.LASF47:
 17332 0a6b 5F5A5374 		.ascii	"_ZSt4asine\000"
 17332      34617369 
ARM GAS  /tmp/ccVOBie3.s 			page 314


 17332      6E6500
 17333              	.LASF48:
 17334 0a76 5F5A5374 		.ascii	"_ZSt4asinf\000"
 17334      34617369 
 17334      6E6600
 17335              	.LASF181:
 17336 0a81 5F5A5374 		.ascii	"_ZSt3fmafff\000"
 17336      33666D61 
 17336      66666600 
 17337              	.LASF466:
 17338 0a8d 6D626C65 		.ascii	"mblen\000"
 17338      6E00
 17339              	.LASF399:
 17340 0a93 63656E74 		.ascii	"center\000"
 17340      657200
 17341              	.LASF52:
 17342 0a9a 6174616E 		.ascii	"atan2\000"
 17342      3200
 17343              	.LASF203:
 17344 0aa0 6C6F6731 		.ascii	"log1p\000"
 17344      7000
 17345              	.LASF633:
 17346 0aa6 474E5520 		.ascii	"GNU C++11 9.2.1 20191025 (release) [ARM/arm-9-branc"
 17346      432B2B31 
 17346      3120392E 
 17346      322E3120 
 17346      32303139 
 17347 0ad9 68207265 		.ascii	"h revision 277599] -mcpu=cortex-m7 -mthumb -mno-thu"
 17347      76697369 
 17347      6F6E2032 
 17347      37373539 
 17347      395D202D 
 17348 0b0c 6D622D69 		.ascii	"mb-interwork -mlittle-endian -mfloat-abi=hard -mfpu"
 17348      6E746572 
 17348      776F726B 
 17348      202D6D6C 
 17348      6974746C 
 17349 0b3f 3D667076 		.ascii	"=fpv4-sp-d16 -march=armv7e-m+fp -g -Os -std=c++11 -"
 17349      342D7370 
 17349      2D643136 
 17349      202D6D61 
 17349      7263683D 
 17350 0b72 6673696E 		.ascii	"fsingle-precision-constant -fcheck-new -fPIC -fno-u"
 17350      676C652D 
 17350      70726563 
 17350      6973696F 
 17350      6E2D636F 
 17351 0ba5 73652D63 		.ascii	"se-cxa-atexit -fno-rtti -fno-exceptions -fno-non-ca"
 17351      78612D61 
 17351      74657869 
 17351      74202D66 
 17351      6E6F2D72 
 17352 0bd8 6C6C2D65 		.ascii	"ll-exceptions\000"
 17352      78636570 
 17352      74696F6E 
 17352      7300
 17353              	.LASF341:
ARM GAS  /tmp/ccVOBie3.s 			page 315


 17354 0be6 5F6C6F63 		.ascii	"_locale\000"
 17354      616C6500 
 17355              	.LASF452:
 17356 0bee 63757276 		.ascii	"curve_polarity\000"
 17356      655F706F 
 17356      6C617269 
 17356      747900
 17357              	.LASF337:
 17358 0bfd 5F737464 		.ascii	"_stderr\000"
 17358      65727200 
 17359              	.LASF145:
 17360 0c05 5F5A5374 		.ascii	"_ZSt13islessgreaterdd\000"
 17360      31336973 
 17360      6C657373 
 17360      67726561 
 17360      74657264 
 17361              	.LASF628:
 17362 0c1b 696E6974 		.ascii	"initHannLut\000"
 17362      48616E6E 
 17362      4C757400 
 17363              	.LASF165:
 17364 0c27 5F5A5374 		.ascii	"_ZSt8copysignff\000"
 17364      38636F70 
 17364      79736967 
 17364      6E666600 
 17365              	.LASF175:
 17366 0c37 5F5A5374 		.ascii	"_ZSt5expm1e\000"
 17366      35657870 
 17366      6D316500 
 17367              	.LASF176:
 17368 0c43 5F5A5374 		.ascii	"_ZSt5expm1f\000"
 17368      35657870 
 17368      6D316600 
 17369              	.LASF57:
 17370 0c4f 5F5A5374 		.ascii	"_ZSt3sine\000"
 17370      3373696E 
 17370      6500
 17371              	.LASF58:
 17372 0c59 5F5A5374 		.ascii	"_ZSt3sinf\000"
 17372      3373696E 
 17372      6600
 17373              	.LASF556:
 17374 0c63 5F5A4E36 		.ascii	"_ZN6Effect6ResumeEv\000"
 17374      45666665 
 17374      63743652 
 17374      6573756D 
 17374      65457600 
 17375              	.LASF157:
 17376 0c77 6174616E 		.ascii	"atanh\000"
 17376      6800
 17377              	.LASF414:
 17378 0c7d 6E756D5F 		.ascii	"num_params\000"
 17378      70617261 
 17378      6D7300
 17379              	.LASF240:
 17380 0c88 5F5A5374 		.ascii	"_ZSt7scalblnel\000"
 17380      37736361 
ARM GAS  /tmp/ccVOBie3.s 			page 316


 17380      6C626C6E 
 17380      656C00
 17381              	.LASF412:
 17382 0c97 72657365 		.ascii	"reserved0\000"
 17382      72766564 
 17382      3000
 17383              	.LASF413:
 17384 0ca1 72657365 		.ascii	"reserved1\000"
 17384      72766564 
 17384      3100
 17385              	.LASF474:
 17386 0cab 73747274 		.ascii	"strtoul\000"
 17386      6F756C00 
 17387              	.LASF70:
 17388 0cb3 5F5A5374 		.ascii	"_ZSt3expe\000"
 17388      33657870 
 17388      6500
 17389              	.LASF71:
 17390 0cbd 5F5A5374 		.ascii	"_ZSt3expf\000"
 17390      33657870 
 17390      6600
 17391              	.LASF298:
 17392 0cc7 5F636F6F 		.ascii	"_cookie\000"
 17392      6B696500 
 17393              	.LASF346:
 17394 0ccf 5F703573 		.ascii	"_p5s\000"
 17394      00
 17395              	.LASF189:
 17396 0cd4 5F5A5374 		.ascii	"_ZSt5hypotee\000"
 17396      35687970 
 17396      6F746565 
 17396      00
 17397              	.LASF514:
 17398 0ce1 73706565 		.ascii	"speed\000"
 17398      6400
 17399              	.LASF144:
 17400 0ce7 5F5A5374 		.ascii	"_ZSt13islessgreateree\000"
 17400      31336973 
 17400      6C657373 
 17400      67726561 
 17400      74657265 
 17401              	.LASF525:
 17402 0cfd 70726F63 		.ascii	"process\000"
 17402      65737300 
 17403              	.LASF271:
 17404 0d05 5F776473 		.ascii	"_wds\000"
 17404      00
 17405              	.LASF385:
 17406 0d0a 72756E74 		.ascii	"runtime_context\000"
 17406      696D655F 
 17406      636F6E74 
 17406      65787400 
 17407              	.LASF245:
 17408 0d1a 7467616D 		.ascii	"tgamma\000"
 17408      6D6100
 17409              	.LASF427:
 17410 0d21 77745F73 		.ascii	"wt_sine_lut_f\000"
ARM GAS  /tmp/ccVOBie3.s 			page 317


 17410      696E655F 
 17410      6C75745F 
 17410      6600
 17411              	.LASF201:
 17412 0d2f 5F5A5374 		.ascii	"_ZSt7llrounde\000"
 17412      376C6C72 
 17412      6F756E64 
 17412      6500
 17413              	.LASF202:
 17414 0d3d 5F5A5374 		.ascii	"_ZSt7llroundf\000"
 17414      376C6C72 
 17414      6F756E64 
 17414      6600
 17415              	.LASF352:
 17416 0d4b 5F736967 		.ascii	"_sig_func\000"
 17416      5F66756E 
 17416      6300
 17417              	.LASF456:
 17418 0d55 636F6D6D 		.ascii	"common\000"
 17418      6F6E00
 17419              	.LASF306:
 17420 0d5c 5F6F6666 		.ascii	"_offset\000"
 17420      73657400 
 17421              	.LASF241:
 17422 0d64 5F5A5374 		.ascii	"_ZSt7scalblnfl\000"
 17422      37736361 
 17422      6C626C6E 
 17422      666C00
 17423              	.LASF349:
 17424 0d73 5F637674 		.ascii	"_cvtbuf\000"
 17424      62756600 
 17425              	.LASF277:
 17426 0d7b 5F5F746D 		.ascii	"__tm_mday\000"
 17426      5F6D6461 
 17426      7900
 17427              	.LASF129:
 17428 0d85 5F5A5374 		.ascii	"_ZSt9isgreaterdd\000"
 17428      39697367 
 17428      72656174 
 17428      65726464 
 17428      00
 17429              	.LASF97:
 17430 0d96 666C6F6F 		.ascii	"floor\000"
 17430      7200
 17431              	.LASF206:
 17432 0d9c 6C6F6732 		.ascii	"log2\000"
 17432      00
 17433              	.LASF621:
 17434 0da1 5F474C4F 		.ascii	"_GLOBAL__sub_I_unit.cc\000"
 17434      42414C5F 
 17434      5F737562 
 17434      5F495F75 
 17434      6E69742E 
 17435              	.LASF574:
 17436 0db8 5F5A4E36 		.ascii	"_ZN6Effect17_quantiseActivityEl\000"
 17436      45666665 
 17436      63743137 
ARM GAS  /tmp/ccVOBie3.s 			page 318


 17436      5F717561 
 17436      6E746973 
 17437              	.LASF367:
 17438 0dd8 646F7562 		.ascii	"double_t\000"
 17438      6C655F74 
 17438      00
 17439              	.LASF632:
 17440 0de1 5F5F6275 		.ascii	"__builtin_sqrtf\000"
 17440      696C7469 
 17440      6E5F7371 
 17440      72746600 
 17441              	.LASF500:
 17442 0df1 44656C61 		.ascii	"DelayLine\000"
 17442      794C696E 
 17442      6500
 17443              	.LASF211:
 17444 0dfb 5F5A5374 		.ascii	"_ZSt4logbf\000"
 17444      346C6F67 
 17444      626600
 17445              	.LASF605:
 17446 0e06 61766744 		.ascii	"avgDurSamples\000"
 17446      75725361 
 17446      6D706C65 
 17446      7300
 17447              	.LASF146:
 17448 0e14 5F5A5374 		.ascii	"_ZSt13islessgreaterff\000"
 17448      31336973 
 17448      6C657373 
 17448      67726561 
 17448      74657266 
 17449              	.LASF73:
 17450 0e2a 5F5A5374 		.ascii	"_ZSt5frexpePi\000"
 17450      35667265 
 17450      78706550 
 17450      6900
 17451              	.LASF94:
 17452 0e38 66616273 		.ascii	"fabs\000"
 17452      00
 17453              	.LASF507:
 17454 0e3d 5F5A4E4B 		.ascii	"_ZNK9DelayLine6lengthEv\000"
 17454      3944656C 
 17454      61794C69 
 17454      6E65366C 
 17454      656E6774 
 17455              	.LASF464:
 17456 0e55 67657465 		.ascii	"getenv\000"
 17456      6E7600
 17457              	.LASF578:
 17458 0e5c 5F5F7072 		.ascii	"__priority\000"
 17458      696F7269 
 17458      747900
 17459              	.LASF425:
 17460 0e67 6B5F6F73 		.ascii	"k_osc_api_version\000"
 17460      635F6170 
 17460      695F7665 
 17460      7273696F 
 17460      6E00
ARM GAS  /tmp/ccVOBie3.s 			page 319


 17461              	.LASF209:
 17462 0e79 6C6F6762 		.ascii	"logb\000"
 17462      00
 17463              	.LASF14:
 17464 0e7e 6C6F6E67 		.ascii	"long unsigned int\000"
 17464      20756E73 
 17464      69676E65 
 17464      6420696E 
 17464      7400
 17465              	.LASF379:
 17466 0e90 6B5F756E 		.ascii	"k_unit_api_1_1_0\000"
 17466      69745F61 
 17466      70695F31 
 17466      5F315F30 
 17466      00
 17467              	.LASF375:
 17468 0ea1 6C6C6469 		.ascii	"lldiv_t\000"
 17468      765F7400 
 17469              	.LASF128:
 17470 0ea9 5F5A5374 		.ascii	"_ZSt9isgreateree\000"
 17470      39697367 
 17470      72656174 
 17470      65726565 
 17470      00
 17471              	.LASF647:
 17472 0eba 735F6566 		.ascii	"s_effect_instance\000"
 17472      66656374 
 17472      5F696E73 
 17472      74616E63 
 17472      6500
 17473              	.LASF294:
 17474 0ecc 5F5F7346 		.ascii	"__sFILE\000"
 17474      494C4500 
 17475              	.LASF342:
 17476 0ed4 5F5F7364 		.ascii	"__sdidinit\000"
 17476      6964696E 
 17476      697400
 17477              	.LASF310:
 17478 0edf 5F666C61 		.ascii	"_flags2\000"
 17478      67733200 
 17479              	.LASF391:
 17480 0ee7 74617267 		.ascii	"target\000"
 17480      657400
 17481              	.LASF560:
 17482 0eee 5F5A4E36 		.ascii	"_ZN6Effect7ProcessEPKfPfm\000"
 17482      45666665 
 17482      63743750 
 17482      726F6365 
 17482      73734550 
 17483              	.LASF161:
 17484 0f08 5F5A5374 		.ascii	"_ZSt4cbrte\000"
 17484      34636272 
 17484      746500
 17485              	.LASF162:
 17486 0f13 5F5A5374 		.ascii	"_ZSt4cbrtf\000"
 17486      34636272 
 17486      746600
ARM GAS  /tmp/ccVOBie3.s 			page 320


 17487              	.LASF372:
 17488 0f1e 366C6469 		.ascii	"6ldiv_t\000"
 17488      765F7400 
 17489              	.LASF190:
 17490 0f26 5F5A5374 		.ascii	"_ZSt5hypotff\000"
 17490      35687970 
 17490      6F746666 
 17490      00
 17491              	.LASF85:
 17492 0f33 5F5A5374 		.ascii	"_ZSt4modffPf\000"
 17492      346D6F64 
 17492      66665066 
 17492      00
 17493              	.LASF20:
 17494 0f40 696E745F 		.ascii	"int_least64_t\000"
 17494      6C656173 
 17494      7436345F 
 17494      7400
 17495              	.LASF266:
 17496 0f4e 5F4C4F43 		.ascii	"_LOCK_RECURSIVE_T\000"
 17496      4B5F5245 
 17496      43555253 
 17496      4956455F 
 17496      5400
 17497              	.LASF237:
 17498 0f60 5F5A5374 		.ascii	"_ZSt5rounde\000"
 17498      35726F75 
 17498      6E646500 
 17499              	.LASF238:
 17500 0f6c 5F5A5374 		.ascii	"_ZSt5roundf\000"
 17500      35726F75 
 17500      6E646600 
 17501              	.LASF596:
 17502 0f78 74686973 		.ascii	"this\000"
 17502      00
 17503              	.LASF517:
 17504 0f7d 61637469 		.ascii	"active\000"
 17504      766500
 17505              	.LASF624:
 17506 0f84 63686172 		.ascii	"char32_t\000"
 17506      33325F74 
 17506      00
 17507              	.LASF334:
 17508 0f8d 5F657272 		.ascii	"_errno\000"
 17508      6E6F00
 17509              	.LASF476:
 17510 0f94 77637374 		.ascii	"wcstombs\000"
 17510      6F6D6273 
 17510      00
 17511              	.LASF457:
 17512 0f9d 64656661 		.ascii	"default_mappings\000"
 17512      756C745F 
 17512      6D617070 
 17512      696E6773 
 17512      00
 17513              	.LASF168:
 17514 0fae 65726663 		.ascii	"erfc\000"
ARM GAS  /tmp/ccVOBie3.s 			page 321


 17514      00
 17515              	.LASF396:
 17516 0fb3 686F6F6B 		.ascii	"hooks\000"
 17516      7300
 17517              	.LASF323:
 17518 0fb9 5F736967 		.ascii	"_signal_buf\000"
 17518      6E616C5F 
 17518      62756600 
 17519              	.LASF35:
 17520 0fc5 75696E74 		.ascii	"uintptr_t\000"
 17520      7074725F 
 17520      7400
 17521              	.LASF130:
 17522 0fcf 5F5A5374 		.ascii	"_ZSt9isgreaterff\000"
 17522      39697367 
 17522      72656174 
 17522      65726666 
 17522      00
 17523              	.LASF154:
 17524 0fe0 6173696E 		.ascii	"asinh\000"
 17524      6800
 17525              	.LASF246:
 17526 0fe6 5F5A5374 		.ascii	"_ZSt6tgammae\000"
 17526      36746761 
 17526      6D6D6165 
 17526      00
 17527              	.LASF247:
 17528 0ff3 5F5A5374 		.ascii	"_ZSt6tgammaf\000"
 17528      36746761 
 17528      6D6D6166 
 17528      00
 17529              	.LASF502:
 17530 1000 5F5A4E39 		.ascii	"_ZN9DelayLineC4Ev\000"
 17530      44656C61 
 17530      794C696E 
 17530      65433445 
 17530      7600
 17531              	.LASF497:
 17532 1012 77726974 		.ascii	"write\000"
 17532      6500
 17533              	.LASF455:
 17534 1018 67656E65 		.ascii	"genericfx_unit_header\000"
 17534      72696366 
 17534      785F756E 
 17534      69745F68 
 17534      65616465 
 17535              	.LASF417:
 17536 102e 6B5F756E 		.ascii	"k_unit_err_none\000"
 17536      69745F65 
 17536      72725F6E 
 17536      6F6E6500 
 17537              	.LASF272:
 17538 103e 5F426967 		.ascii	"_Bigint\000"
 17538      696E7400 
 17539              	.LASF496:
 17540 1046 73747278 		.ascii	"strxfrm\000"
 17540      66726D00 
ARM GAS  /tmp/ccVOBie3.s 			page 322


 17541              	.LASF619:
 17542 104e 68616E6E 		.ascii	"hannWindow\000"
 17542      57696E64 
 17542      6F7700
 17543              	.LASF269:
 17544 1059 5F6D6178 		.ascii	"_maxwds\000"
 17544      77647300 
 17545              	.LASF550:
 17546 1061 5F5A4E36 		.ascii	"_ZN6Effect4InitEPK17unit_runtime_desc\000"
 17546      45666665 
 17546      63743449 
 17546      6E697445 
 17546      504B3137 
 17547              	.LASF493:
 17548 1087 73747263 		.ascii	"strcoll\000"
 17548      6F6C6C00 
 17549              	.LASF553:
 17550 108f 52657365 		.ascii	"Reset\000"
 17550      7400
 17551              	.LASF343:
 17552 1095 5F5F636C 		.ascii	"__cleanup\000"
 17552      65616E75 
 17552      7000
 17553              	.LASF351:
 17554 109f 5F617465 		.ascii	"_atexit0\000"
 17554      78697430 
 17554      00
 17555              	.LASF117:
 17556 10a8 5F5A5374 		.ascii	"_ZSt5isnand\000"
 17556      3569736E 
 17556      616E6400 
 17557              	.LASF116:
 17558 10b4 5F5A5374 		.ascii	"_ZSt5isnane\000"
 17558      3569736E 
 17558      616E6500 
 17559              	.LASF118:
 17560 10c0 5F5A5374 		.ascii	"_ZSt5isnanf\000"
 17560      3569736E 
 17560      616E6600 
 17561              	.LASF577:
 17562 10cc 5F5F696E 		.ascii	"__initialize_p\000"
 17562      69746961 
 17562      6C697A65 
 17562      5F7000
 17563              	.LASF339:
 17564 10db 5F656D65 		.ascii	"_emergency\000"
 17564      7267656E 
 17564      637900
 17565              	.LASF532:
 17566 10e6 5F5A4E31 		.ascii	"_ZN11GrainEngine13findFreeGrainEv\000"
 17566      31477261 
 17566      696E456E 
 17566      67696E65 
 17566      31336669 
 17567              	.LASF249:
 17568 1108 5F5A5374 		.ascii	"_ZSt5trunce\000"
 17568      35747275 
ARM GAS  /tmp/ccVOBie3.s 			page 323


 17568      6E636500 
 17569              	.LASF250:
 17570 1114 5F5A5374 		.ascii	"_ZSt5truncf\000"
 17570      35747275 
 17570      6E636600 
 17571              	.LASF8:
 17572 1120 6C6F6E67 		.ascii	"long long int\000"
 17572      206C6F6E 
 17572      6720696E 
 17572      7400
 17573              	.LASF588:
 17574 112e 6672616D 		.ascii	"frames\000"
 17574      657300
 17575              	.LASF102:
 17576 1135 5F5A5374 		.ascii	"_ZSt4fmodff\000"
 17576      34666D6F 
 17576      64666600 
 17577              	.LASF581:
 17578 1141 636F756E 		.ascii	"counter\000"
 17578      74657200 
 17579              	.LASF358:
 17580 1149 5F6E696F 		.ascii	"_niobs\000"
 17580      627300
 17581              	.LASF603:
 17582 1150 64757253 		.ascii	"durSec\000"
 17582      656300
 17583              	.LASF353:
 17584 1157 5F5F7367 		.ascii	"__sglue\000"
 17584      6C756500 
 17585              	.LASF332:
 17586 115f 5F6E6D61 		.ascii	"_nmalloc\000"
 17586      6C6C6F63 
 17586      00
 17587              	.LASF19:
 17588 1168 696E745F 		.ascii	"int_least32_t\000"
 17588      6C656173 
 17588      7433325F 
 17588      7400
 17589              	.LASF316:
 17590 1176 5F67616D 		.ascii	"_gamma_signgam\000"
 17590      6D615F73 
 17590      69676E67 
 17590      616D00
 17591              	.LASF469:
 17592 1185 6D62746F 		.ascii	"mbtowc\000"
 17592      776300
 17593              	.LASF89:
 17594 118c 5F5A5374 		.ascii	"_ZSt4sqrte\000"
 17594      34737172 
 17594      746500
 17595              	.LASF90:
 17596 1197 5F5A5374 		.ascii	"_ZSt4sqrtf\000"
 17596      34737172 
 17596      746600
 17597              	.LASF598:
 17598 11a2 6275664C 		.ascii	"bufL\000"
 17598      00
ARM GAS  /tmp/ccVOBie3.s 			page 324


 17599              	.LASF37:
 17600 11a7 75696E74 		.ascii	"uintmax_t\000"
 17600      6D61785F 
 17600      7400
 17601              	.LASF347:
 17602 11b1 5F667265 		.ascii	"_freelist\000"
 17602      656C6973 
 17602      7400
 17603              	.LASF390:
 17604 11bb 756E6974 		.ascii	"unit_runtime_desc\000"
 17604      5F72756E 
 17604      74696D65 
 17604      5F646573 
 17604      6300
 17605              	.LASF599:
 17606 11cd 62756652 		.ascii	"bufR\000"
 17606      00
 17607              	.LASF359:
 17608 11d2 5F696F62 		.ascii	"_iobs\000"
 17608      7300
 17609              	.LASF568:
 17610 11d8 5F5A4E36 		.ascii	"_ZN6Effect8setTempoEm\000"
 17610      45666665 
 17610      63743873 
 17610      65745465 
 17610      6D706F45 
 17611              	.LASF357:
 17612 11ee 5F676C75 		.ascii	"_glue\000"
 17612      6500
 17613              	.LASF236:
 17614 11f4 726F756E 		.ascii	"round\000"
 17614      6400
 17615              	.LASF420:
 17616 11fa 6B5F756E 		.ascii	"k_unit_err_samplerate\000"
 17616      69745F65 
 17616      72725F73 
 17616      616D706C 
 17616      65726174 
 17617              	.LASF494:
 17618 1210 73747265 		.ascii	"strerror\000"
 17618      72726F72 
 17618      00
 17619              	.LASF635:
 17620 1219 2F776F72 		.ascii	"/workspace/nts-3_kaoss/fog-genericfx\000"
 17620      6B737061 
 17620      63652F6E 
 17620      74732D33 
 17620      5F6B616F 
 17621              	.LASF0:
 17622 123e 666C6F61 		.ascii	"float\000"
 17622      7400
 17623              	.LASF528:
 17624 1244 5F5A4E31 		.ascii	"_ZN11GrainEngine15updateSpawnRateEv\000"
 17624      31477261 
 17624      696E456E 
 17624      67696E65 
 17624      31357570 
ARM GAS  /tmp/ccVOBie3.s 			page 325


 17625              	.LASF376:
 17626 1268 5F5F636F 		.ascii	"__compar_fn_t\000"
 17626      6D706172 
 17626      5F666E5F 
 17626      7400
 17627              	.LASF533:
 17628 1276 5F707265 		.ascii	"_preset\000"
 17628      73657400 
 17629              	.LASF521:
 17630 127e 73657450 		.ascii	"setPreset\000"
 17630      72657365 
 17630      7400
 17631              	.LASF297:
 17632 1288 5F6C6266 		.ascii	"_lbfsize\000"
 17632      73697A65 
 17632      00
 17633              	.LASF441:
 17634 1291 74616E70 		.ascii	"tanpi_lut_f\000"
 17634      695F6C75 
 17634      745F6600 
 17635              	.LASF501:
 17636 129d 72656164 		.ascii	"read\000"
 17636      00
 17637              	.LASF487:
 17638 12a2 6B427566 		.ascii	"kBufLen\000"
 17638      4C656E00 
 17639              	.LASF443:
 17640 12aa 63756269 		.ascii	"cubicsat_lut_f\000"
 17640      63736174 
 17640      5F6C7574 
 17640      5F6600
 17641              	.LASF645:
 17642 12b9 6672616E 		.ascii	"frand\000"
 17642      6400
 17643              	.LASF30:
 17644 12bf 756E7369 		.ascii	"unsigned int\000"
 17644      676E6564 
 17644      20696E74 
 17644      00
 17645              	.LASF639:
 17646 12cc 6D61785F 		.ascii	"max_align_t\000"
 17646      616C6967 
 17646      6E5F7400 
 17647              	.LASF200:
 17648 12d8 6C6C726F 		.ascii	"llround\000"
 17648      756E6400 
 17649              	.LASF554:
 17650 12e0 5F5A4E36 		.ascii	"_ZN6Effect5ResetEv\000"
 17650      45666665 
 17650      63743552 
 17650      65736574 
 17650      457600
 17651              	.LASF34:
 17652 12f3 696E7470 		.ascii	"intptr_t\000"
 17652      74725F74 
 17652      00
 17653              	.LASF330:
ARM GAS  /tmp/ccVOBie3.s 			page 326


 17654 12fc 5F685F65 		.ascii	"_h_errno\000"
 17654      72726E6F 
 17654      00
 17655              	.LASF133:
 17656 1305 5F5A5374 		.ascii	"_ZSt14isgreaterequaldd\000"
 17656      31346973 
 17656      67726561 
 17656      74657265 
 17656      7175616C 
 17657              	.LASF608:
 17658 131c 73756D52 		.ascii	"sumR\000"
 17658      00
 17659              	.LASF539:
 17660 1321 5F737065 		.ascii	"_speedA\000"
 17660      65644100 
 17661              	.LASF540:
 17662 1329 5F737065 		.ascii	"_speedB\000"
 17662      65644200 
 17663              	.LASF440:
 17664 1331 6C6F675F 		.ascii	"log_lut_f\000"
 17664      6C75745F 
 17664      6600
 17665              	.LASF328:
 17666 133b 5F776372 		.ascii	"_wcrtomb_state\000"
 17666      746F6D62 
 17666      5F737461 
 17666      746500
 17667              	.LASF230:
 17668 134a 72656D71 		.ascii	"remquo\000"
 17668      756F00
 17669              	.LASF552:
 17670 1351 5F5A4E36 		.ascii	"_ZN6Effect8TeardownEv\000"
 17670      45666665 
 17670      63743854 
 17670      65617264 
 17670      6F776E45 
 17671              	.LASF53:
 17672 1367 5F5A5374 		.ascii	"_ZSt5atan2ee\000"
 17672      35617461 
 17672      6E326565 
 17672      00
 17673              	.LASF350:
 17674 1374 5F6E6577 		.ascii	"_new\000"
 17674      00
 17675              	.LASF231:
 17676 1379 5F5A5374 		.ascii	"_ZSt6remquoeePi\000"
 17676      3672656D 
 17676      71756F65 
 17676      65506900 
 17677              	.LASF303:
 17678 1389 5F756275 		.ascii	"_ubuf\000"
 17678      6600
 17679              	.LASF558:
 17680 138f 5F5A4E36 		.ascii	"_ZN6Effect7SuspendEv\000"
 17680      45666665 
 17680      63743753 
 17680      75737065 
ARM GAS  /tmp/ccVOBie3.s 			page 327


 17680      6E644576 
 17681              	.LASF26:
 17682 13a4 696E745F 		.ascii	"int_fast16_t\000"
 17682      66617374 
 17682      31365F74 
 17682      00
 17683              	.LASF321:
 17684 13b1 5F776374 		.ascii	"_wctomb_state\000"
 17684      6F6D625F 
 17684      73746174 
 17684      6500
 17685              	.LASF309:
 17686 13bf 5F6D6273 		.ascii	"_mbstate\000"
 17686      74617465 
 17686      00
 17687              	.LASF650:
 17688 13c8 756E6974 		.ascii	"unit_tempo_4ppqn_tick\000"
 17688      5F74656D 
 17688      706F5F34 
 17688      7070716E 
 17688      5F746963 
 17689              	.LASF317:
 17690 13de 5F72616E 		.ascii	"_rand_next\000"
 17690      645F6E65 
 17690      787400
 17691              	.LASF331:
 17692 13e9 5F6E6578 		.ascii	"_nextf\000"
 17692      746600
 17693              	.LASF295:
 17694 13f0 5F666C61 		.ascii	"_flags\000"
 17694      677300
 17695              	.LASF74:
 17696 13f7 5F5A5374 		.ascii	"_ZSt5frexpfPi\000"
 17696      35667265 
 17696      78706650 
 17696      6900
 17697              	.LASF158:
 17698 1405 5F5A5374 		.ascii	"_ZSt5atanhe\000"
 17698      35617461 
 17698      6E686500 
 17699              	.LASF159:
 17700 1411 5F5A5374 		.ascii	"_ZSt5atanhf\000"
 17700      35617461 
 17700      6E686600 
 17701              	.LASF44:
 17702 141d 5F5A5374 		.ascii	"_ZSt4acose\000"
 17702      3461636F 
 17702      736500
 17703              	.LASF45:
 17704 1428 5F5A5374 		.ascii	"_ZSt4acosf\000"
 17704      3461636F 
 17704      736600
 17705              	.LASF549:
 17706 1433 496E6974 		.ascii	"Init\000"
 17706      00
 17707              	.LASF256:
 17708 1438 5F5F6D61 		.ascii	"__max_align_ld\000"
ARM GAS  /tmp/ccVOBie3.s 			page 328


 17708      785F616C 
 17708      69676E5F 
 17708      6C6400
 17709              	.LASF288:
 17710 1447 5F617465 		.ascii	"_atexit\000"
 17710      78697400 
 17711              	.LASF508:
 17712 144f 77726974 		.ascii	"writeHead\000"
 17712      65486561 
 17712      6400
 17713              	.LASF617:
 17714 1459 636C616D 		.ascii	"clampf\000"
 17714      706600
 17715              	.LASF255:
 17716 1460 5F5F6D61 		.ascii	"__max_align_ll\000"
 17716      785F616C 
 17716      69676E5F 
 17716      6C6C00
 17717              	.LASF378:
 17718 146f 6B5F756E 		.ascii	"k_unit_api_1_0_0\000"
 17718      69745F61 
 17718      70695F31 
 17718      5F305F30 
 17718      00
 17719              	.LASF160:
 17720 1480 63627274 		.ascii	"cbrt\000"
 17720      00
 17721              	.LASF54:
 17722 1485 5F5A5374 		.ascii	"_ZSt5atan2ff\000"
 17722      35617461 
 17722      6E326666 
 17722      00
 17723              	.LASF262:
 17724 1492 5F5F636F 		.ascii	"__count\000"
 17724      756E7400 
 17725              	.LASF636:
 17726 149a 5F5F676E 		.ascii	"__gnu_cxx\000"
 17726      755F6378 
 17726      7800
 17727              	.LASF582:
 17728 14a4 756E6974 		.ascii	"unit_set_tempo\000"
 17728      5F736574 
 17728      5F74656D 
 17728      706F00
 17729              	.LASF644:
 17730 14b3 6B4D6178 		.ascii	"kMaxGrains\000"
 17730      47726169 
 17730      6E7300
 17731              	.LASF131:
 17732 14be 69736772 		.ascii	"isgreaterequal\000"
 17732      65617465 
 17732      72657175 
 17732      616C00
 17733              	.LASF239:
 17734 14cd 7363616C 		.ascii	"scalbln\000"
 17734      626C6E00 
 17735              	.LASF377:
ARM GAS  /tmp/ccVOBie3.s 			page 329


 17736 14d5 626F6F6C 		.ascii	"bool\000"
 17736      00
 17737              	.LASF21:
 17738 14da 75696E74 		.ascii	"uint_least8_t\000"
 17738      5F6C6561 
 17738      7374385F 
 17738      7400
 17739              	.LASF583:
 17740 14e8 74656D70 		.ascii	"tempo\000"
 17740      6F00
 17741              	.LASF505:
 17742 14ee 5F5A4E4B 		.ascii	"_ZNK9DelayLine11readHermiteEf\000"
 17742      3944656C 
 17742      61794C69 
 17742      6E653131 
 17742      72656164 
 17743              	.LASF55:
 17744 150c 5F5A5374 		.ascii	"_ZSt3cose\000"
 17744      33636F73 
 17744      6500
 17745              	.LASF56:
 17746 1516 5F5A5374 		.ascii	"_ZSt3cosf\000"
 17746      33636F73 
 17746      6600
 17747              	.LASF17:
 17748 1520 696E745F 		.ascii	"int_least8_t\000"
 17748      6C656173 
 17748      74385F74 
 17748      00
 17749              	.LASF280:
 17750 152d 5F5F746D 		.ascii	"__tm_wday\000"
 17750      5F776461 
 17750      7900
 17751              	.LASF481:
 17752 1537 73747274 		.ascii	"strtoull\000"
 17752      6F756C6C 
 17752      00
 17753              	.LASF470:
 17754 1540 71736F72 		.ascii	"qsort\000"
 17754      7400
 17755              	.LASF36:
 17756 1546 696E746D 		.ascii	"intmax_t\000"
 17756      61785F74 
 17756      00
 17757              	.LASF252:
 17758 154f 6C6F6E67 		.ascii	"long double\000"
 17758      20646F75 
 17758      626C6500 
 17759              	.LASF366:
 17760 155b 666C6F61 		.ascii	"float_t\000"
 17760      745F7400 
 17761              	.LASF281:
 17762 1563 5F5F746D 		.ascii	"__tm_yday\000"
 17762      5F796461 
 17762      7900
 17763              	.LASF545:
 17764 156d 45666665 		.ascii	"Effect\000"
ARM GAS  /tmp/ccVOBie3.s 			page 330


 17764      637400
 17765              	.LASF434:
 17766 1574 77617665 		.ascii	"wavesA\000"
 17766      734100
 17767              	.LASF435:
 17768 157b 77617665 		.ascii	"wavesB\000"
 17768      734200
 17769              	.LASF436:
 17770 1582 77617665 		.ascii	"wavesC\000"
 17770      734300
 17771              	.LASF437:
 17772 1589 77617665 		.ascii	"wavesD\000"
 17772      734400
 17773              	.LASF438:
 17774 1590 77617665 		.ascii	"wavesE\000"
 17774      734500
 17775              	.LASF439:
 17776 1597 77617665 		.ascii	"wavesF\000"
 17776      734600
 17777              	.LASF141:
 17778 159e 5F5A5374 		.ascii	"_ZSt11islessequaldd\000"
 17778      31316973 
 17778      6C657373 
 17778      65717561 
 17778      6C646400 
 17779              	.LASF361:
 17780 15b2 5F736565 		.ascii	"_seed\000"
 17780      6400
 17781              	.LASF172:
 17782 15b8 5F5A5374 		.ascii	"_ZSt4exp2e\000"
 17782      34657870 
 17782      326500
 17783              	.LASF173:
 17784 15c3 5F5A5374 		.ascii	"_ZSt4exp2f\000"
 17784      34657870 
 17784      326600
 17785              	.LASF490:
 17786 15ce 6B48616E 		.ascii	"kHannSize\000"
 17786      6E53697A 
 17786      6500
 17787              	.LASF301:
 17788 15d8 5F736565 		.ascii	"_seek\000"
 17788      6B00
 17789              	.LASF373:
 17790 15de 6C646976 		.ascii	"ldiv_t\000"
 17790      5F7400
 17791              	.LASF607:
 17792 15e5 73756D4C 		.ascii	"sumL\000"
 17792      00
 17793              	.LASF259:
 17794 15ea 5F66706F 		.ascii	"_fpos_t\000"
 17794      735F7400 
 17795              	.LASF383:
 17796 15f2 756E6974 		.ascii	"unit_runtime_sdram_avail_ptr\000"
 17796      5F72756E 
 17796      74696D65 
 17796      5F736472 
ARM GAS  /tmp/ccVOBie3.s 			page 331


 17796      616D5F61 
 17797              	.LASF386:
 17798 160f 73647261 		.ascii	"sdram_alloc\000"
 17798      6D5F616C 
 17798      6C6F6300 
 17799              	.LASF261:
 17800 161b 5F5F7763 		.ascii	"__wchb\000"
 17800      686200
 17801              	.LASF49:
 17802 1622 6174616E 		.ascii	"atan\000"
 17802      00
 17803              	.LASF179:
 17804 1627 5F5A5374 		.ascii	"_ZSt4fdimff\000"
 17804      34666469 
 17804      6D666600 
 17805              	.LASF463:
 17806 1633 62736561 		.ascii	"bsearch\000"
 17806      72636800 
 17807              	.LASF498:
 17808 163b 5F5A4E39 		.ascii	"_ZN9DelayLine4initEPfj\000"
 17808      44656C61 
 17808      794C696E 
 17808      6534696E 
 17808      69744550 
 17809              	.LASF320:
 17810 1652 5F6D6274 		.ascii	"_mbtowc_state\000"
 17810      6F77635F 
 17810      73746174 
 17810      6500
 17811              	.LASF614:
 17812 1660 5F5A4E39 		.ascii	"_ZN9DelayLineC2Ev\000"
 17812      44656C61 
 17812      794C696E 
 17812      65433245 
 17812      7600
 17813              	.LASF530:
 17814 1672 5F5A4E31 		.ascii	"_ZN11GrainEngine10spawnGrainEv\000"
 17814      31477261 
 17814      696E456E 
 17814      67696E65 
 17814      31307370 
 17815              	.LASF140:
 17816 1691 5F5A5374 		.ascii	"_ZSt11islessequalee\000"
 17816      31316973 
 17816      6C657373 
 17816      65717561 
 17816      6C656500 
 17817              	.LASF510:
 17818 16a5 5F627566 		.ascii	"_buf\000"
 17818      00
 17819              	.LASF16:
 17820 16aa 6C6F6E67 		.ascii	"long long unsigned int\000"
 17820      206C6F6E 
 17820      6720756E 
 17820      7369676E 
 17820      65642069 
 17821              	.LASF415:
ARM GAS  /tmp/ccVOBie3.s 			page 332


 17822 16c1 70617261 		.ascii	"params\000"
 17822      6D7300
 17823              	.LASF543:
 17824 16c8 5F6C696E 		.ascii	"_lineL\000"
 17824      654C00
 17825              	.LASF544:
 17826 16cf 5F6C696E 		.ascii	"_lineR\000"
 17826      655200
 17827              	.LASF109:
 17828 16d6 5F5A5374 		.ascii	"_ZSt8isfinited\000"
 17828      38697366 
 17828      696E6974 
 17828      656400
 17829              	.LASF108:
 17830 16e5 5F5A5374 		.ascii	"_ZSt8isfinitee\000"
 17830      38697366 
 17830      696E6974 
 17830      656500
 17831              	.LASF110:
 17832 16f4 5F5A5374 		.ascii	"_ZSt8isfinitef\000"
 17832      38697366 
 17832      696E6974 
 17832      656600
 17833              	.LASF75:
 17834 1703 6C646578 		.ascii	"ldexp\000"
 17834      7000
 17835              	.LASF506:
 17836 1709 6C656E67 		.ascii	"length\000"
 17836      746800
 17837              	.LASF11:
 17838 1710 75696E74 		.ascii	"uint16_t\000"
 17838      31365F74 
 17838      00
 17839              	.LASF72:
 17840 1719 66726578 		.ascii	"frexp\000"
 17840      7000
 17841              	.LASF285:
 17842 171f 5F64736F 		.ascii	"_dso_handle\000"
 17842      5F68616E 
 17842      646C6500 
 17843              	.LASF340:
 17844 172b 5F756E73 		.ascii	"_unspecified_locale_info\000"
 17844      70656369 
 17844      66696564 
 17844      5F6C6F63 
 17844      616C655F 
 17845              	.LASF360:
 17846 1744 5F72616E 		.ascii	"_rand48\000"
 17846      64343800 
 17847              	.LASF592:
 17848 174c 756E6974 		.ascii	"unit_init\000"
 17848      5F696E69 
 17848      7400
 17849              	.LASF336:
 17850 1756 5F737464 		.ascii	"_stdout\000"
 17850      6F757400 
 17851              	.LASF43:
ARM GAS  /tmp/ccVOBie3.s 			page 333


 17852 175e 61636F73 		.ascii	"acos\000"
 17852      00
 17853              	.LASF174:
 17854 1763 6578706D 		.ascii	"expm1\000"
 17854      3100
 17855              	.LASF221:
 17856 1769 6E657874 		.ascii	"nextafter\000"
 17856      61667465 
 17856      7200
 17857              	.LASF384:
 17858 1773 756E6974 		.ascii	"unit_runtime_hooks\000"
 17858      5F72756E 
 17858      74696D65 
 17858      5F686F6F 
 17858      6B7300
 17859              	.LASF28:
 17860 1786 696E745F 		.ascii	"int_fast64_t\000"
 17860      66617374 
 17860      36345F74 
 17860      00
 17861              	.LASF305:
 17862 1793 5F626C6B 		.ascii	"_blksize\000"
 17862      73697A65 
 17862      00
 17863              	.LASF142:
 17864 179c 5F5A5374 		.ascii	"_ZSt11islessequalff\000"
 17864      31316973 
 17864      6C657373 
 17864      65717561 
 17864      6C666600 
 17865              	.LASF163:
 17866 17b0 636F7079 		.ascii	"copysign\000"
 17866      7369676E 
 17866      00
 17867              	.LASF491:
 17868 17b9 675F7369 		.ascii	"g_sinLut\000"
 17868      6E4C7574 
 17868      00
 17869              	.LASF292:
 17870 17c2 5F626173 		.ascii	"_base\000"
 17870      6500
 17871              	.LASF442:
 17872 17c8 73717274 		.ascii	"sqrtm2log_lut_f\000"
 17872      6D326C6F 
 17872      675F6C75 
 17872      745F6600 
 17873              	.LASF313:
 17874 17d8 5F737472 		.ascii	"_strtok_last\000"
 17874      746F6B5F 
 17874      6C617374 
 17874      00
 17875              	.LASF46:
 17876 17e5 6173696E 		.ascii	"asin\000"
 17876      00
 17877              	.LASF326:
 17878 17ea 5F6D6272 		.ascii	"_mbrtowc_state\000"
 17878      746F7763 
ARM GAS  /tmp/ccVOBie3.s 			page 334


 17878      5F737461 
 17878      746500
 17879              	.LASF408:
 17880 17f9 68656164 		.ascii	"header_size\000"
 17880      65725F73 
 17880      697A6500 
 17881              	.LASF251:
 17882 1805 5F5F6378 		.ascii	"__cxx11\000"
 17882      78313100 
 17883              	.LASF485:
 17884 180d 6B53616D 		.ascii	"kSampleRate\000"
 17884      706C6552 
 17884      61746500 
 17885              	.LASF248:
 17886 1819 7472756E 		.ascii	"trunc\000"
 17886      6300
 17887              	.LASF370:
 17888 181f 71756F74 		.ascii	"quot\000"
 17888      00
 17889              	.LASF411:
 17890 1824 76657273 		.ascii	"version\000"
 17890      696F6E00 
 17891              	.LASF432:
 17892 182c 77745F70 		.ascii	"wt_par_notes\000"
 17892      61725F6E 
 17892      6F746573 
 17892      00
 17893              	.LASF356:
 17894 1839 5F5F4649 		.ascii	"__FILE\000"
 17894      4C4500
 17895              	.LASF151:
 17896 1840 61636F73 		.ascii	"acosh\000"
 17896      6800
 17897              	.LASF422:
 17898 1846 6B5F756E 		.ascii	"k_unit_err_memory\000"
 17898      69745F65 
 17898      72725F6D 
 17898      656D6F72 
 17898      7900
 17899              	.LASF531:
 17900 1858 66696E64 		.ascii	"findFreeGrain\000"
 17900      46726565 
 17900      47726169 
 17900      6E00
 17901              	.LASF595:
 17902 1866 7175616E 		.ascii	"quantised\000"
 17902      74697365 
 17902      6400
 17903              	.LASF264:
 17904 1870 5F6D6273 		.ascii	"_mbstate_t\000"
 17904      74617465 
 17904      5F7400
 17905              	.LASF593:
 17906 187b 64657363 		.ascii	"desc\000"
 17906      00
 17907              	.LASF394:
 17908 1880 696E7075 		.ascii	"input_channels\000"
ARM GAS  /tmp/ccVOBie3.s 			page 335


 17908      745F6368 
 17908      616E6E65 
 17908      6C7300
 17909              	.LASF318:
 17910 188f 5F723438 		.ascii	"_r48\000"
 17910      00
 17911              	.LASF572:
 17912 1894 5F5A4E36 		.ascii	"_ZN6Effect10touchEventEhhmm\000"
 17912      45666665 
 17912      63743130 
 17912      746F7563 
 17912      68457665 
 17913              	.LASF257:
 17914 18b0 77696E74 		.ascii	"wint_t\000"
 17914      5F7400
 17915              	.LASF522:
 17916 18b7 5F5A4E31 		.ascii	"_ZN11GrainEngine9setPresetEi\000"
 17916      31477261 
 17916      696E456E 
 17916      67696E65 
 17916      39736574 
 17917              	.LASF268:
 17918 18d4 5F6E6578 		.ascii	"_next\000"
 17918      7400
 17919              	.LASF307:
 17920 18da 5F646174 		.ascii	"_data\000"
 17920      6100
 17921              	.LASF548:
 17922 18e0 5F5A4E36 		.ascii	"_ZN6EffectD4Ev\000"
 17922      45666665 
 17922      63744434 
 17922      457600
 17923              	.LASF541:
 17924 18ef 5F706F73 		.ascii	"_posScatterSec\000"
 17924      53636174 
 17924      74657253 
 17924      656300
 17925              	.LASF400:
 17926 18fe 696E6974 		.ascii	"init\000"
 17926      00
 17927              	.LASF403:
 17928 1903 66726163 		.ascii	"frac_mode\000"
 17928      5F6D6F64 
 17928      6500
 17929              	.LASF499:
 17930 190d 5F5A4E39 		.ascii	"_ZN9DelayLine5writeEf\000"
 17930      44656C61 
 17930      794C696E 
 17930      65357772 
 17930      69746545 
 17931              	.LASF483:
 17932 1923 73747274 		.ascii	"strtold\000"
 17932      6F6C6400 
 17933              	.LASF458:
 17934 192b 67656E65 		.ascii	"genericfx_unit_header_t\000"
 17934      72696366 
 17934      785F756E 
ARM GAS  /tmp/ccVOBie3.s 			page 336


 17934      69745F68 
 17934      65616465 
 17935              	.LASF78:
 17936 1943 5F5A5374 		.ascii	"_ZSt3loge\000"
 17936      336C6F67 
 17936      6500
 17937              	.LASF79:
 17938 194d 5F5A5374 		.ascii	"_ZSt3logf\000"
 17938      336C6F67 
 17938      6600
 17939              	.LASF402:
 17940 1957 66726163 		.ascii	"frac\000"
 17940      00
 17941              	.LASF210:
 17942 195c 5F5A5374 		.ascii	"_ZSt4logbe\000"
 17942      346C6F67 
 17942      626500
 17943              	.LASF182:
 17944 1967 666D6178 		.ascii	"fmax\000"
 17944      00
 17945              	.LASF392:
 17946 196c 73616D70 		.ascii	"samplerate\000"
 17946      6C657261 
 17946      746500
 17947              	.LASF233:
 17948 1977 72696E74 		.ascii	"rint\000"
 17948      00
 17949              	.LASF115:
 17950 197c 69736E61 		.ascii	"isnan\000"
 17950      6E00
 17951              	.LASF27:
 17952 1982 696E745F 		.ascii	"int_fast32_t\000"
 17952      66617374 
 17952      33325F74 
 17952      00
 17953              	.LASF137:
 17954 198f 5F5A5374 		.ascii	"_ZSt6islessdd\000"
 17954      3669736C 
 17954      65737364 
 17954      6400
 17955              	.LASF155:
 17956 199d 5F5A5374 		.ascii	"_ZSt5asinhe\000"
 17956      35617369 
 17956      6E686500 
 17957              	.LASF156:
 17958 19a9 5F5A5374 		.ascii	"_ZSt5asinhf\000"
 17958      35617369 
 17958      6E686600 
 17959              	.LASF62:
 17960 19b5 5F5A5374 		.ascii	"_ZSt4coshe\000"
 17960      34636F73 
 17960      686500
 17961              	.LASF63:
 17962 19c0 5F5A5374 		.ascii	"_ZSt4coshf\000"
 17962      34636F73 
 17962      686600
 17963              	.LASF472:
ARM GAS  /tmp/ccVOBie3.s 			page 337


 17964 19cb 73747274 		.ascii	"strtod\000"
 17964      6F6400
 17965              	.LASF482:
 17966 19d2 73747274 		.ascii	"strtof\000"
 17966      6F6600
 17967              	.LASF29:
 17968 19d9 75696E74 		.ascii	"uint_fast8_t\000"
 17968      5F666173 
 17968      74385F74 
 17968      00
 17969              	.LASF495:
 17970 19e6 73747274 		.ascii	"strtok\000"
 17970      6F6B00
 17971              	.LASF473:
 17972 19ed 73747274 		.ascii	"strtol\000"
 17972      6F6C00
 17973              	.LASF627:
 17974 19f4 696E6974 		.ascii	"initSinLut\000"
 17974      53696E4C 
 17974      757400
 17975              	.LASF215:
 17976 19ff 6C726F75 		.ascii	"lround\000"
 17976      6E6400
 17977              	.LASF634:
 17978 1a06 756E6974 		.ascii	"unit.cc\000"
 17978      2E636300 
 17979              	.LASF319:
 17980 1a0e 5F6D626C 		.ascii	"_mblen_state\000"
 17980      656E5F73 
 17980      74617465 
 17980      00
 17981              	.LASF620:
 17982 1a1b 5F5A3130 		.ascii	"_Z10hannWindowf\000"
 17982      68616E6E 
 17982      57696E64 
 17982      6F776600 
 17983              	.LASF416:
 17984 1a2b 756E6974 		.ascii	"unit_header_t\000"
 17984      5F686561 
 17984      6465725F 
 17984      7400
 17985              	.LASF4:
 17986 1a39 73686F72 		.ascii	"short int\000"
 17986      7420696E 
 17986      7400
 17987              	.LASF542:
 17988 1a43 5F677261 		.ascii	"_grains\000"
 17988      696E7300 
 17989              	.LASF242:
 17990 1a4b 7363616C 		.ascii	"scalbn\000"
 17990      626E00
 17991              	.LASF519:
 17992 1a52 5F5A4E31 		.ascii	"_ZN11GrainEngineC4Ev\000"
 17992      31477261 
 17992      696E456E 
 17992      67696E65 
 17992      43344576 
ARM GAS  /tmp/ccVOBie3.s 			page 338


 17993              	.LASF535:
 17994 1a67 5F737061 		.ascii	"_spawnAccum\000"
 17994      776E4163 
 17994      63756D00 
 17995              	.LASF15:
 17996 1a73 75696E74 		.ascii	"uint64_t\000"
 17996      36345F74 
 17996      00
 17997              	.LASF395:
 17998 1a7c 6F757470 		.ascii	"output_channels\000"
 17998      75745F63 
 17998      68616E6E 
 17998      656C7300 
 17999              	.LASF166:
 18000 1a8c 5F5A5374 		.ascii	"_ZSt3erfe\000"
 18000      33657266 
 18000      6500
 18001              	.LASF83:
 18002 1a96 6D6F6466 		.ascii	"modf\000"
 18002      00
 18003              	.LASF107:
 18004 1a9b 69736669 		.ascii	"isfinite\000"
 18004      6E697465 
 18004      00
 18005              	.LASF3:
 18006 1aa4 696E7431 		.ascii	"int16_t\000"
 18006      365F7400 
 18007              	.LASF459:
 18008 1aac 61746578 		.ascii	"atexit\000"
 18008      697400
 18009              	.LASF136:
 18010 1ab3 5F5A5374 		.ascii	"_ZSt6islessee\000"
 18010      3669736C 
 18010      65737365 
 18010      6500
 18011              	.LASF234:
 18012 1ac1 5F5A5374 		.ascii	"_ZSt4rinte\000"
 18012      3472696E 
 18012      746500
 18013              	.LASF235:
 18014 1acc 5F5A5374 		.ascii	"_ZSt4rintf\000"
 18014      3472696E 
 18014      746600
 18015              	.LASF516:
 18016 1ad7 70616E52 		.ascii	"panR\000"
 18016      00
 18017              	.LASF286:
 18018 1adc 5F666E74 		.ascii	"_fntypes\000"
 18018      79706573 
 18018      00
 18019              	.LASF576:
 18020 1ae5 5F616374 		.ascii	"_activityParam\000"
 18020      69766974 
 18020      79506172 
 18020      616D00
 18021              	.LASF526:
 18022 1af4 5F5A4E31 		.ascii	"_ZN11GrainEngine7processEPKfPfm\000"
ARM GAS  /tmp/ccVOBie3.s 			page 339


 18022      31477261 
 18022      696E456E 
 18022      67696E65 
 18022      3770726F 
 18023              	.LASF197:
 18024 1b14 6C6C7269 		.ascii	"llrint\000"
 18024      6E7400
 18025              	.LASF279:
 18026 1b1b 5F5F746D 		.ascii	"__tm_year\000"
 18026      5F796561 
 18026      7200
 18027              	.LASF371:
 18028 1b25 6469765F 		.ascii	"div_t\000"
 18028      7400
 18029              	.LASF188:
 18030 1b2b 6879706F 		.ascii	"hypot\000"
 18030      7400
 18031              	.LASF132:
 18032 1b31 5F5A5374 		.ascii	"_ZSt14isgreaterequalee\000"
 18032      31346973 
 18032      67726561 
 18032      74657265 
 18032      7175616C 
 18033              	.LASF98:
 18034 1b48 5F5A5374 		.ascii	"_ZSt5floore\000"
 18034      35666C6F 
 18034      6F726500 
 18035              	.LASF99:
 18036 1b54 5F5A5374 		.ascii	"_ZSt5floorf\000"
 18036      35666C6F 
 18036      6F726600 
 18037              	.LASF524:
 18038 1b60 5F5A4E31 		.ascii	"_ZN11GrainEngine11setActivityEf\000"
 18038      31477261 
 18038      696E456E 
 18038      67696E65 
 18038      31317365 
 18039              	.LASF611:
 18040 1b80 70726573 		.ascii	"preset\000"
 18040      657400
 18041              	.LASF571:
 18042 1b87 746F7563 		.ascii	"touchEvent\000"
 18042      68457665 
 18042      6E7400
 18043              	.LASF602:
 18044 1b92 5F5A4E36 		.ascii	"_ZN6EffectC2Ev\000"
 18044      45666665 
 18044      63744332 
 18044      457600
 18045              	.LASF563:
 18046 1ba1 67657450 		.ascii	"getParameterValue\000"
 18046      6172616D 
 18046      65746572 
 18046      56616C75 
 18046      6500
 18047              	.LASF652:
 18048 1bb3 6E616D65 		.ascii	"names\000"
ARM GAS  /tmp/ccVOBie3.s 			page 340


 18048      7300
 18049              	.LASF471:
 18050 1bb9 7372616E 		.ascii	"srand\000"
 18050      6400
 18051              	.LASF138:
 18052 1bbf 5F5A5374 		.ascii	"_ZSt6islessff\000"
 18052      3669736C 
 18052      65737366 
 18052      6600
 18053              	.LASF92:
 18054 1bcd 5F5A5374 		.ascii	"_ZSt4ceile\000"
 18054      34636569 
 18054      6C6500
 18055              	.LASF93:
 18056 1bd8 5F5A5374 		.ascii	"_ZSt4ceilf\000"
 18056      34636569 
 18056      6C6600
 18057              	.LASF409:
 18058 1be3 6465765F 		.ascii	"dev_id\000"
 18058      696400
 18059              	.LASF338:
 18060 1bea 5F696E63 		.ascii	"_inc\000"
 18060      00
 18061              	.LASF289:
 18062 1bef 5F696E64 		.ascii	"_ind\000"
 18062      00
 18063              	.LASF597:
 18064 1bf4 6B427974 		.ascii	"kBytes\000"
 18064      657300
 18065              	.LASF193:
 18066 1bfb 5F5A5374 		.ascii	"_ZSt5ilogbf\000"
 18066      35696C6F 
 18066      67626600 
 18067              	.LASF291:
 18068 1c07 5F5F7362 		.ascii	"__sbuf\000"
 18068      756600
 18069              	.LASF86:
 18070 1c0e 5F5A5374 		.ascii	"_ZSt3powee\000"
 18070      33706F77 
 18070      656500
 18071              	.LASF626:
 18072 1c19 5F5A3131 		.ascii	"_Z11initHannLutv\000"
 18072      696E6974 
 18072      48616E6E 
 18072      4C757476 
 18072      00
 18073              	.LASF287:
 18074 1c2a 5F69735F 		.ascii	"_is_cxa\000"
 18074      63786100 
 18075              	.LASF433:
 18076 1c32 77745F70 		.ascii	"wt_par_lut_f\000"
 18076      61725F6C 
 18076      75745F66 
 18076      00
 18077              	.LASF642:
 18078 1c3f 756E6974 		.ascii	"unit_runtime_base_context_t\000"
 18078      5F72756E 
ARM GAS  /tmp/ccVOBie3.s 			page 341


 18078      74696D65 
 18078      5F626173 
 18078      655F636F 
 18079              	.LASF192:
 18080 1c5b 5F5A5374 		.ascii	"_ZSt5ilogbe\000"
 18080      35696C6F 
 18080      67626500 
 18081              	.LASF134:
 18082 1c67 5F5A5374 		.ascii	"_ZSt14isgreaterequalff\000"
 18082      31346973 
 18082      67726561 
 18082      74657265 
 18082      7175616C 
 18083              	.LASF513:
 18084 1c7e 64757261 		.ascii	"duration\000"
 18084      74696F6E 
 18084      00
 18085              	.LASF410:
 18086 1c87 756E6974 		.ascii	"unit_id\000"
 18086      5F696400 
 18087              	.LASF423:
 18088 1c8f 6B5F756E 		.ascii	"k_unit_err_undef\000"
 18088      69745F65 
 18088      72725F75 
 18088      6E646566 
 18088      00
 18089              	.LASF467:
 18090 1ca0 6D627374 		.ascii	"mbstowcs\000"
 18090      6F776373 
 18090      00
 18091              	.LASF511:
 18092 1ca9 5F6C656E 		.ascii	"_len\000"
 18092      00
 18093              	.LASF228:
 18094 1cae 5F5A5374 		.ascii	"_ZSt9remainderee\000"
 18094      3972656D 
 18094      61696E64 
 18094      65726565 
 18094      00
 18095              	.LASF265:
 18096 1cbf 5F5F554C 		.ascii	"__ULong\000"
 18096      6F6E6700 
 18097              	.LASF444:
 18098 1cc7 73636865 		.ascii	"schetzen_lut_f\000"
 18098      747A656E 
 18098      5F6C7574 
 18098      5F6600
 18099              	.LASF569:
 18100 1cd6 74656D70 		.ascii	"tempo4ppqnTick\000"
 18100      6F347070 
 18100      716E5469 
 18100      636B00
 18101              	.LASF601:
 18102 1ce5 5F5A4E36 		.ascii	"_ZN6EffectD2Ev\000"
 18102      45666665 
 18102      63744432 
 18102      457600
ARM GAS  /tmp/ccVOBie3.s 			page 342


 18103              	.LASF610:
 18104 1cf4 72656164 		.ascii	"readDelay\000"
 18104      44656C61 
 18104      7900
 18105              	.LASF13:
 18106 1cfe 75696E74 		.ascii	"uint32_t\000"
 18106      33325F74 
 18106      00
 18107              	.LASF344:
 18108 1d07 5F726573 		.ascii	"_result\000"
 18108      756C7400 
 18109              	.LASF31:
 18110 1d0f 75696E74 		.ascii	"uint_fast16_t\000"
 18110      5F666173 
 18110      7431365F 
 18110      7400
 18111              	.LASF87:
 18112 1d1d 5F5A5374 		.ascii	"_ZSt3powff\000"
 18112      33706F77 
 18112      666600
 18113              	.LASF488:
 18114 1d28 6B54776F 		.ascii	"kTwoPi\000"
 18114      506900
 18115              	.LASF194:
 18116 1d2f 6C67616D 		.ascii	"lgamma\000"
 18116      6D6100
 18117              	.LASF486:
 18118 1d36 6B427566 		.ascii	"kBufLenSec\000"
 18118      4C656E53 
 18118      656300
 18119              	.LASF135:
 18120 1d41 69736C65 		.ascii	"isless\000"
 18120      737300
 18121              	.LASF254:
 18122 1d48 73697A65 		.ascii	"size_t\000"
 18122      5F7400
 18123              	.LASF586:
 18124 1d4f 756E6974 		.ascii	"unit_set_param_value\000"
 18124      5F736574 
 18124      5F706172 
 18124      616D5F76 
 18124      616C7565 
 18125              	.LASF404:
 18126 1d64 72657365 		.ascii	"reserved\000"
 18126      72766564 
 18126      00
 18127              	.LASF76:
 18128 1d6d 5F5A5374 		.ascii	"_ZSt5ldexpei\000"
 18128      356C6465 
 18128      78706569 
 18128      00
 18129              	.LASF638:
 18130 1d7a 31316D61 		.ascii	"11max_align_t\000"
 18130      785F616C 
 18130      69676E5F 
 18130      7400
 18131              	.LASF258:
ARM GAS  /tmp/ccVOBie3.s 			page 343


 18132 1d88 5F6F6666 		.ascii	"_off_t\000"
 18132      5F7400
 18133              	.LASF91:
 18134 1d8f 6365696C 		.ascii	"ceil\000"
 18134      00
 18135              	.LASF623:
 18136 1d94 63686172 		.ascii	"char16_t\000"
 18136      31365F74 
 18136      00
 18137              	.LASF363:
 18138 1d9d 5F616464 		.ascii	"_add\000"
 18138      00
 18139              	.LASF229:
 18140 1da2 5F5A5374 		.ascii	"_ZSt9remainderff\000"
 18140      3972656D 
 18140      61696E64 
 18140      65726666 
 18140      00
 18141              	.LASF12:
 18142 1db3 73686F72 		.ascii	"short unsigned int\000"
 18142      7420756E 
 18142      7369676E 
 18142      65642069 
 18142      6E7400
 18143              	.LASF276:
 18144 1dc6 5F5F746D 		.ascii	"__tm_hour\000"
 18144      5F686F75 
 18144      7200
 18145              	.LASF503:
 18146 1dd0 5F5A4E4B 		.ascii	"_ZNK9DelayLine4readEf\000"
 18146      3944656C 
 18146      61794C69 
 18146      6E653472 
 18146      65616445 
 18147              	.LASF551:
 18148 1de6 54656172 		.ascii	"Teardown\000"
 18148      646F776E 
 18148      00
 18149              	.LASF504:
 18150 1def 72656164 		.ascii	"readHermite\000"
 18150      4865726D 
 18150      69746500 
 18151              	.LASF562:
 18152 1dfb 5F5A4E36 		.ascii	"_ZN6Effect12setParameterEhl\000"
 18152      45666665 
 18152      63743132 
 18152      73657450 
 18152      6172616D 
 18153              	.LASF327:
 18154 1e17 5F6D6273 		.ascii	"_mbsrtowcs_state\000"
 18154      72746F77 
 18154      63735F73 
 18154      74617465 
 18154      00
 18155              	.LASF198:
 18156 1e28 5F5A5374 		.ascii	"_ZSt6llrinte\000"
 18156      366C6C72 
ARM GAS  /tmp/ccVOBie3.s 			page 344


 18156      696E7465 
 18156      00
 18157              	.LASF199:
 18158 1e35 5F5A5374 		.ascii	"_ZSt6llrintf\000"
 18158      366C6C72 
 18158      696E7466 
 18158      00
 18159              	.LASF649:
 18160 1e42 5F5F7374 		.ascii	"__static_initialization_and_destruction_0\000"
 18160      61746963 
 18160      5F696E69 
 18160      7469616C 
 18160      697A6174 
 18161              	.LASF407:
 18162 1e6c 756E6974 		.ascii	"unit_header\000"
 18162      5F686561 
 18162      64657200 
 18163              	.LASF7:
 18164 1e78 696E7436 		.ascii	"int64_t\000"
 18164      345F7400 
 18165              	.LASF77:
 18166 1e80 5F5A5374 		.ascii	"_ZSt5ldexpfi\000"
 18166      356C6465 
 18166      78706669 
 18166      00
 18167              	.LASF600:
 18168 1e8d 5F5F696E 		.ascii	"__in_chrg\000"
 18168      5F636872 
 18168      6700
 18169              	.LASF625:
 18170 1e97 5F5A3130 		.ascii	"_Z10initSinLutv\000"
 18170      696E6974 
 18170      53696E4C 
 18170      75747600 
 18171              	.LASF167:
 18172 1ea7 5F5A5374 		.ascii	"_ZSt3erff\000"
 18172      33657266 
 18172      6600
 18173              	.LASF183:
 18174 1eb1 5F5A5374 		.ascii	"_ZSt4fmaxee\000"
 18174      34666D61 
 18174      78656500 
 18175              	.LASF171:
 18176 1ebd 65787032 		.ascii	"exp2\000"
 18176      00
 18177              	.LASF450:
 18178 1ec2 61737369 		.ascii	"assign\000"
 18178      676E00
 18179              	.LASF284:
 18180 1ec9 5F666E61 		.ascii	"_fnargs\000"
 18180      72677300 
 18181              	.LASF587:
 18182 1ed1 756E6974 		.ascii	"unit_render\000"
 18182      5F72656E 
 18182      64657200 
 18183              	.LASF282:
 18184 1edd 5F5F746D 		.ascii	"__tm_isdst\000"
ARM GAS  /tmp/ccVOBie3.s 			page 345


 18184      5F697364 
 18184      737400
 18185              	.LASF232:
 18186 1ee8 5F5A5374 		.ascii	"_ZSt6remquoffPi\000"
 18186      3672656D 
 18186      71756F66 
 18186      66506900 
 18187              	.LASF428:
 18188 1ef8 77745F73 		.ascii	"wt_saw_notes\000"
 18188      61775F6E 
 18188      6F746573 
 18188      00
 18189              	.LASF227:
 18190 1f05 72656D61 		.ascii	"remainder\000"
 18190      696E6465 
 18190      7200
 18191              	.LASF484:
 18192 1f0f 6B456666 		.ascii	"kEffectNames\000"
 18192      6563744E 
 18192      616D6573 
 18192      00
 18193              	.LASF275:
 18194 1f1c 5F5F746D 		.ascii	"__tm_min\000"
 18194      5F6D696E 
 18194      00
 18195              	.LASF630:
 18196 1f25 73717274 		.ascii	"sqrtf\000"
 18196      6600
 18197              	.LASF186:
 18198 1f2b 5F5A5374 		.ascii	"_ZSt4fminee\000"
 18198      34666D69 
 18198      6E656500 
 18199              	.LASF324:
 18200 1f37 5F676574 		.ascii	"_getdate_err\000"
 18200      64617465 
 18200      5F657272 
 18200      00
 18201              	.LASF646:
 18202 1f44 5F5A4E31 		.ascii	"_ZN11GrainEngine5frandEv\000"
 18202      31477261 
 18202      696E456E 
 18202      67696E65 
 18202      35667261 
 18203              	.LASF468:
 18204 1f5d 77636861 		.ascii	"wchar_t\000"
 18204      725F7400 
 18205              	.LASF184:
 18206 1f65 5F5A5374 		.ascii	"_ZSt4fmaxff\000"
 18206      34666D61 
 18206      78666600 
 18207              	.LASF406:
 18208 1f71 756E6974 		.ascii	"unit_param_t\000"
 18208      5F706172 
 18208      616D5F74 
 18208      00
 18209              	.LASF119:
 18210 1f7e 69736E6F 		.ascii	"isnormal\000"
ARM GAS  /tmp/ccVOBie3.s 			page 346


 18210      726D616C 
 18210      00
 18211              	.LASF152:
 18212 1f87 5F5A5374 		.ascii	"_ZSt5acoshe\000"
 18212      3561636F 
 18212      73686500 
 18213              	.LASF153:
 18214 1f93 5F5A5374 		.ascii	"_ZSt5acoshf\000"
 18214      3561636F 
 18214      73686600 
 18215              		.ident	"GCC: (15:9-2019-q4-0ubuntu1) 9.2.1 20191025 (release) [ARM/arm-9-branch revision 277599]"
ARM GAS  /tmp/ccVOBie3.s 			page 347


DEFINED SYMBOLS
                            *ABS*:0000000000000000 unit.cc
     /tmp/ccVOBie3.s:18     .text._ZNK9DelayLine11readHermiteEf:0000000000000000 $t
     /tmp/ccVOBie3.s:26     .text._ZNK9DelayLine11readHermiteEf:0000000000000000 _ZNK9DelayLine11readHermiteEf
     /tmp/ccVOBie3.s:192    .text._ZN11GrainEngine15updateSpawnRateEv:0000000000000000 $t
     /tmp/ccVOBie3.s:199    .text._ZN11GrainEngine15updateSpawnRateEv:0000000000000000 _ZN11GrainEngine15updateSpawnRateEv
     /tmp/ccVOBie3.s:237    .text._ZN11GrainEngine5frandEv:0000000000000000 $t
     /tmp/ccVOBie3.s:244    .text._ZN11GrainEngine5frandEv:0000000000000000 _ZN11GrainEngine5frandEv
     /tmp/ccVOBie3.s:267    .text._ZN11GrainEngine7processEPKfPfm:0000000000000000 $t
     /tmp/ccVOBie3.s:274    .text._ZN11GrainEngine7processEPKfPfm:0000000000000000 _ZN11GrainEngine7processEPKfPfm
     /tmp/ccVOBie3.s:1010   .text._ZN11GrainEngine7processEPKfPfm:00000000000002d0 $d
     /tmp/ccVOBie3.s:1022   .text._ZN6Effect4InitEPK17unit_runtime_desc:0000000000000000 $t
     /tmp/ccVOBie3.s:1029   .text._ZN6Effect4InitEPK17unit_runtime_desc:0000000000000000 _ZN6Effect4InitEPK17unit_runtime_desc
     /tmp/ccVOBie3.s:1434   .text._ZN6Effect4InitEPK17unit_runtime_desc:0000000000000134 $d
     /tmp/ccVOBie3.s:1447   .text:0000000000000000 $t
     /tmp/ccVOBie3.s:1454   .text:0000000000000000 unit_init
     /tmp/ccVOBie3.s:1482   .text:0000000000000010 $d
     /tmp/ccVOBie3.s:1486   .text:0000000000000014 $t
     /tmp/ccVOBie3.s:1493   .text:0000000000000014 unit_teardown
     /tmp/ccVOBie3.s:1514   .text:0000000000000016 unit_reset
     /tmp/ccVOBie3.s:1531   .text:0000000000000018 unit_resume
     /tmp/ccVOBie3.s:1548   .text:000000000000001a unit_suspend
     /tmp/ccVOBie3.s:1565   .text:000000000000001c unit_render
     /tmp/ccVOBie3.s:1650   .text:0000000000000058 $d
     /tmp/ccVOBie3.s:1654   .text:000000000000005c $t
     /tmp/ccVOBie3.s:1661   .text:000000000000005c unit_set_param_value
     /tmp/ccVOBie3.s:1756   .text:0000000000000092 $d
     /tmp/ccVOBie3.s:1760   .text:0000000000000096 $t
     /tmp/ccVOBie3.s:2000   .text:000000000000017c $d
     /tmp/ccVOBie3.s:2022   .text:00000000000001b8 $t
     /tmp/ccVOBie3.s:2029   .text:00000000000001b8 unit_get_param_value
     /tmp/ccVOBie3.s:2080   .text:00000000000001d8 $d
     /tmp/ccVOBie3.s:2085   .text:00000000000001e0 $t
     /tmp/ccVOBie3.s:2092   .text:00000000000001e0 unit_get_param_str_value
     /tmp/ccVOBie3.s:2147   .text:00000000000001f8 $d
     /tmp/ccVOBie3.s:2342   .data.rel.local._ZZNK6Effect20getParameterStrValueEhlE5names:0000000000000000 _ZZNK6Effect20getParameterStrValueEhlE5names
     /tmp/ccVOBie3.s:2152   .text:0000000000000200 $t
     /tmp/ccVOBie3.s:2159   .text:0000000000000200 unit_set_tempo
     /tmp/ccVOBie3.s:2181   .text:0000000000000202 unit_tempo_4ppqn_tick
     /tmp/ccVOBie3.s:2198   .text:0000000000000204 unit_touch_event
     /tmp/ccVOBie3.s:2217   .text.startup:0000000000000000 $t
     /tmp/ccVOBie3.s:2223   .text.startup:0000000000000000 _GLOBAL__sub_I_unit.cc
     /tmp/ccVOBie3.s:2318   .text.startup:0000000000000030 $d
     /tmp/ccVOBie3.s:2324   .init_array:0000000000000000 $d
     /tmp/ccVOBie3.s:2339   .data.rel.local._ZZNK6Effect20getParameterStrValueEhlE5names:0000000000000000 $d
     /tmp/ccVOBie3.s:2349   .bss:0000000000000000 $d
     /tmp/ccVOBie3.s:2353   .bss:0000000000000000 _ZL17s_effect_instance

UNDEFINED SYMBOLS
rand
sqrtf
_GLOBAL_OFFSET_TABLE_
g_hannLut
_Z10initSinLutv
_Z11initHannLutv
memset
unit_header
ARM GAS  /tmp/ccVOBie3.s 			page 348


