ARM GAS  /tmp/ccBgOzmL.s 			page 1


   1              		.cpu cortex-m7
   2              		.eabi_attribute 27, 1
   3              		.eabi_attribute 28, 1
   4              		.eabi_attribute 20, 1
   5              		.eabi_attribute 21, 1
   6              		.eabi_attribute 23, 3
   7              		.eabi_attribute 24, 1
   8              		.eabi_attribute 25, 1
   9              		.eabi_attribute 26, 1
  10              		.eabi_attribute 30, 4
  11              		.eabi_attribute 34, 1
  12              		.eabi_attribute 18, 4
  13              		.file	"params.cc"
  14              		.text
  15              	.Ltext0:
  16              		.cfi_sections	.debug_frame
  17              		.align	1
  18              		.global	_Z10initSinLutv
  19              		.arch armv7e-m
  20              		.syntax unified
  21              		.thumb
  22              		.thumb_func
  23              		.fpu fpv4-sp-d16
  24              		.type	_Z10initSinLutv, %function
  25              	_Z10initSinLutv:
  26              	.LFB475:
  27              		.file 1 "src/params.cc"
  28              		.loc 1 7 19 view -0
  29              		.cfi_startproc
  30              		@ args = 0, pretend = 0, frame = 0
  31              		@ frame_needed = 0, uses_anonymous_args = 0
  32              		.loc 1 8 3 view .LVU1
  33              	.LVL0:
  34              	.LBB2:
  35              		.loc 1 8 21 view .LVU2
  36              	.LBE2:
  37              		.loc 1 7 19 is_stmt 0 view .LVU3
  38 0000 38B5     		push	{r3, r4, r5, lr}
  39              		.cfi_def_cfa_offset 16
  40              		.cfi_offset 3, -16
  41              		.cfi_offset 4, -12
  42              		.cfi_offset 5, -8
  43              		.cfi_offset 14, -4
  44 0002 114B     		ldr	r3, .L4+8
  45              	.LBB3:
  46              		.loc 1 8 12 view .LVU4
  47 0004 0024     		movs	r4, #0
  48 0006 114A     		ldr	r2, .L4+12
  49              	.LBE3:
  50              		.loc 1 7 19 view .LVU5
  51              	.LPIC0:
  52 0008 7B44     		add	r3, pc
  53 000a 2DED028B 		vpush.64	{d8}
  54              		.cfi_def_cfa_offset 24
  55              		.cfi_offset 80, -24
  56              		.cfi_offset 81, -20
  57              	.LBB4:
ARM GAS  /tmp/ccBgOzmL.s 			page 2


  58              		.loc 1 9 31 view .LVU6
  59 000e DFED0C8A 		vldr.32	s17, .L4
  60 0012 9D58     		ldr	r5, [r3, r2]
  61              		.loc 1 9 23 view .LVU7
  62 0014 9FED0B8A 		vldr.32	s16, .L4+4
  63              	.LVL1:
  64              	.L2:
  65              		.loc 1 9 5 is_stmt 1 discriminator 2 view .LVU8
  66              		.loc 1 9 33 is_stmt 0 discriminator 2 view .LVU9
  67 0018 07EE904A 		vmov	s15, r4	@ int
  68              		.loc 1 8 3 discriminator 2 view .LVU10
  69 001c 0134     		adds	r4, r4, #1
  70              	.LVL2:
  71              		.loc 1 9 33 discriminator 2 view .LVU11
  72 001e B8EEE70A 		vcvt.f32.s32	s0, s15
  73              		.loc 1 9 31 discriminator 2 view .LVU12
  74 0022 20EE280A 		vmul.f32	s0, s0, s17
  75              		.loc 1 9 23 discriminator 2 view .LVU13
  76 0026 20EE080A 		vmul.f32	s0, s0, s16
  77 002a FFF7FEFF 		bl	sinf(PLT)
  78              	.LVL3:
  79              		.loc 1 8 21 discriminator 2 view .LVU14
  80 002e B4F5806F 		cmp	r4, #1024
  81              		.loc 1 9 17 discriminator 2 view .LVU15
  82 0032 A5EC010A 		vstmia.32	r5!, {s0}
  83              		.loc 1 8 3 is_stmt 1 discriminator 2 view .LVU16
  84              	.LVL4:
  85              		.loc 1 8 21 discriminator 2 view .LVU17
  86 0036 EFD1     		bne	.L2
  87              	.LBE4:
  88              		.loc 1 10 1 is_stmt 0 view .LVU18
  89 0038 BDEC028B 		vldm	sp!, {d8}
  90              		.cfi_restore 80
  91              		.cfi_restore 81
  92              		.cfi_def_cfa_offset 16
  93 003c 38BD     		pop	{r3, r4, r5, pc}
  94              	.LVL5:
  95              	.L5:
  96              		.loc 1 10 1 view .LVU19
  97 003e 00BF     		.align	2
  98              	.L4:
  99 0040 DB0FC940 		.word	1086918619
 100 0044 0000803A 		.word	981467136
 101 0048 3C000000 		.word	_GLOBAL_OFFSET_TABLE_-(.LPIC0+4)
 102 004c 00000000 		.word	g_sinLut(GOT)
 103              		.cfi_endproc
 104              	.LFE475:
 105              		.size	_Z10initSinLutv, .-_Z10initSinLutv
 106              		.align	1
 107              		.global	_Z11initHannLutv
 108              		.syntax unified
 109              		.thumb
 110              		.thumb_func
 111              		.fpu fpv4-sp-d16
 112              		.type	_Z11initHannLutv, %function
 113              	_Z11initHannLutv:
 114              	.LFB476:
ARM GAS  /tmp/ccBgOzmL.s 			page 3


 115              		.loc 1 12 20 is_stmt 1 view -0
 116              		.cfi_startproc
 117              		@ args = 0, pretend = 0, frame = 0
 118              		@ frame_needed = 0, uses_anonymous_args = 0
 119              		.loc 1 13 3 view .LVU21
 120              	.LVL6:
 121              	.LBB5:
 122              		.loc 1 13 21 view .LVU22
 123              	.LBE5:
 124              		.loc 1 12 20 is_stmt 0 view .LVU23
 125 0050 38B5     		push	{r3, r4, r5, lr}
 126              		.cfi_def_cfa_offset 16
 127              		.cfi_offset 3, -16
 128              		.cfi_offset 4, -12
 129              		.cfi_offset 5, -8
 130              		.cfi_offset 14, -4
 131 0052 154B     		ldr	r3, .L9+8
 132              	.LBB9:
 133              		.loc 1 13 12 view .LVU24
 134 0054 0024     		movs	r4, #0
 135 0056 154A     		ldr	r2, .L9+12
 136              	.LBE9:
 137              		.loc 1 12 20 view .LVU25
 138              	.LPIC1:
 139 0058 7B44     		add	r3, pc
 140 005a 2DED048B 		vpush.64	{d8, d9}
 141              		.cfi_def_cfa_offset 32
 142              		.cfi_offset 80, -32
 143              		.cfi_offset 81, -28
 144              		.cfi_offset 82, -24
 145              		.cfi_offset 83, -20
 146              	.LBB10:
 147              	.LBB6:
 148              		.loc 1 15 32 view .LVU26
 149 005e F7EE008A 		vmov.f32	s17, #1.0e+0
 150 0062 9D58     		ldr	r5, [r3, r2]
 151              		.loc 1 15 25 view .LVU27
 152 0064 B6EE008A 		vmov.f32	s16, #5.0e-1
 153              		.loc 1 14 11 view .LVU28
 154 0068 DFED0D9A 		vldr.32	s19, .L9
 155              		.loc 1 15 38 view .LVU29
 156 006c 9FED0D9A 		vldr.32	s18, .L9+4
 157              	.LVL7:
 158              	.L7:
 159              		.loc 1 14 5 is_stmt 1 discriminator 2 view .LVU30
 160              		.loc 1 15 5 discriminator 2 view .LVU31
 161              		.loc 1 14 15 is_stmt 0 discriminator 2 view .LVU32
 162 0070 07EE904A 		vmov	s15, r4	@ int
 163              	.LBE6:
 164              		.loc 1 13 3 discriminator 2 view .LVU33
 165 0074 0134     		adds	r4, r4, #1
 166              	.LVL8:
 167              	.LBB7:
 168              		.loc 1 14 15 discriminator 2 view .LVU34
 169 0076 F8EEE77A 		vcvt.f32.s32	s15, s15
 170              	.LVL9:
 171              		.loc 1 14 11 discriminator 2 view .LVU35
ARM GAS  /tmp/ccBgOzmL.s 			page 4


 172 007a 87EEA90A 		vdiv.f32	s0, s15, s19
 173              		.loc 1 15 38 discriminator 2 view .LVU36
 174 007e 20EE090A 		vmul.f32	s0, s0, s18
 175 0082 FFF7FEFF 		bl	cosf(PLT)
 176              	.LVL10:
 177              		.loc 1 15 32 discriminator 2 view .LVU37
 178 0086 38EEC00A 		vsub.f32	s0, s17, s0
 179              	.LBE7:
 180              		.loc 1 13 21 discriminator 2 view .LVU38
 181 008a B4F5806F 		cmp	r4, #1024
 182              	.LBB8:
 183              		.loc 1 15 25 discriminator 2 view .LVU39
 184 008e 20EE080A 		vmul.f32	s0, s0, s16
 185              		.loc 1 15 18 discriminator 2 view .LVU40
 186 0092 A5EC010A 		vstmia.32	r5!, {s0}
 187              	.LBE8:
 188              		.loc 1 13 3 is_stmt 1 discriminator 2 view .LVU41
 189              	.LVL11:
 190              		.loc 1 13 21 discriminator 2 view .LVU42
 191 0096 EBD1     		bne	.L7
 192              	.LBE10:
 193              		.loc 1 17 1 is_stmt 0 view .LVU43
 194 0098 BDEC048B 		vldm	sp!, {d8-d9}
 195              		.cfi_restore 82
 196              		.cfi_restore 83
 197              		.cfi_restore 80
 198              		.cfi_restore 81
 199              		.cfi_def_cfa_offset 16
 200 009c 38BD     		pop	{r3, r4, r5, pc}
 201              	.LVL12:
 202              	.L10:
 203              		.loc 1 17 1 view .LVU44
 204 009e 00BF     		.align	2
 205              	.L9:
 206 00a0 00C07F44 		.word	1149222912
 207 00a4 DB0FC940 		.word	1086918619
 208 00a8 4C000000 		.word	_GLOBAL_OFFSET_TABLE_-(.LPIC1+4)
 209 00ac 00000000 		.word	g_hannLut(GOT)
 210              		.cfi_endproc
 211              	.LFE476:
 212              		.size	_Z11initHannLutv, .-_Z11initHannLutv
 213              		.global	g_hannLut
 214              		.global	g_sinLut
 215              		.bss
 216              		.align	2
 217              		.type	g_hannLut, %object
 218              		.size	g_hannLut, 4096
 219              	g_hannLut:
 220 0000 00000000 		.space	4096
 220      00000000 
 220      00000000 
 220      00000000 
 220      00000000 
 221              		.type	g_sinLut, %object
 222              		.size	g_sinLut, 4096
 223              	g_sinLut:
 224 1000 00000000 		.space	4096
ARM GAS  /tmp/ccBgOzmL.s 			page 5


 224      00000000 
 224      00000000 
 224      00000000 
 224      00000000 
 225              		.text
 226              	.Letext0:
 227              		.file 2 "/usr/include/newlib/c++/9.2.1/cstdint"
 228              		.file 3 "/usr/include/newlib/c++/9.2.1/cstddef"
 229              		.file 4 "/usr/include/newlib/c++/9.2.1/cmath"
 230              		.file 5 "/usr/include/newlib/c++/9.2.1/bits/std_abs.h"
 231              		.file 6 "/usr/include/newlib/c++/9.2.1/arm-none-eabi/thumb/v7e-m+fp/hard/bits/c++config.h"
 232              		.file 7 "/usr/lib/gcc/arm-none-eabi/9.2.1/include/stdint.h"
 233              		.file 8 "/usr/lib/gcc/arm-none-eabi/9.2.1/include/stddef.h"
 234              		.file 9 "/usr/include/newlib/sys/_types.h"
 235              		.file 10 "/usr/include/newlib/sys/reent.h"
 236              		.file 11 "/usr/include/newlib/sys/lock.h"
 237              		.file 12 "/usr/include/newlib/math.h"
 238              		.file 13 "/usr/include/newlib/c++/9.2.1/math.h"
 239              		.file 14 "/usr/include/newlib/stdlib.h"
 240              		.file 15 "/workspace/nts-3_kaoss/common/runtime.h"
 241              		.file 16 "/workspace/nts-3_kaoss/common/osc_api.h"
 242              		.file 17 "/workspace/nts-3_kaoss/common/fx_api.h"
 243              		.file 18 "/workspace/nts-3_kaoss/common/unit_genericfx.h"
 244              		.file 19 "src/params.h"
 245              		.file 20 "<built-in>"
 246              		.section	.debug_info,"",%progbits
 247              	.Ldebug_info0:
 248 0000 6D2F0000 		.4byte	0x2f6d
 249 0004 0400     		.2byte	0x4
 250 0006 00000000 		.4byte	.Ldebug_abbrev0
 251 000a 04       		.byte	0x4
 252 000b 01       		.uleb128 0x1
 253 000c B0060000 		.4byte	.LASF440
 254 0010 04       		.byte	0x4
 255 0011 C3130000 		.4byte	.LASF441
 256 0015 5A030000 		.4byte	.LASF442
 257 0019 00000000 		.4byte	.Ltext0
 258 001d B0000000 		.4byte	.Letext0-.Ltext0
 259 0021 00000000 		.4byte	.Ldebug_line0
 260 0025 02       		.uleb128 0x2
 261 0026 04       		.byte	0x4
 262 0027 04       		.byte	0x4
 263 0028 D70B0000 		.4byte	.LASF0
 264 002c 03       		.uleb128 0x3
 265 002d 04       		.byte	0x4
 266 002e 05       		.byte	0x5
 267 002f 696E7400 		.ascii	"int\000"
 268 0033 04       		.uleb128 0x4
 269 0034 73746400 		.ascii	"std\000"
 270 0038 14       		.byte	0x14
 271 0039 00       		.byte	0
 272 003a 75120000 		.4byte	0x1275
 273 003e 05       		.uleb128 0x5
 274 003f D70F0000 		.4byte	.LASF213
 275 0043 06       		.byte	0x6
 276 0044 1401     		.2byte	0x114
 277 0046 41       		.byte	0x41
ARM GAS  /tmp/ccBgOzmL.s 			page 6


 278 0047 06       		.uleb128 0x6
 279 0048 06       		.byte	0x6
 280 0049 1401     		.2byte	0x114
 281 004b 41       		.byte	0x41
 282 004c 3E000000 		.4byte	0x3e
 283 0050 07       		.uleb128 0x7
 284 0051 02       		.byte	0x2
 285 0052 2F       		.byte	0x2f
 286 0053 0B       		.byte	0xb
 287 0054 95120000 		.4byte	0x1295
 288 0058 07       		.uleb128 0x7
 289 0059 02       		.byte	0x2
 290 005a 30       		.byte	0x30
 291 005b 0B       		.byte	0xb
 292 005c A8120000 		.4byte	0x12a8
 293 0060 07       		.uleb128 0x7
 294 0061 02       		.byte	0x2
 295 0062 31       		.byte	0x31
 296 0063 0B       		.byte	0xb
 297 0064 BB120000 		.4byte	0x12bb
 298 0068 07       		.uleb128 0x7
 299 0069 02       		.byte	0x2
 300 006a 32       		.byte	0x32
 301 006b 0B       		.byte	0xb
 302 006c CE120000 		.4byte	0x12ce
 303 0070 07       		.uleb128 0x7
 304 0071 02       		.byte	0x2
 305 0072 34       		.byte	0x34
 306 0073 0B       		.byte	0xb
 307 0074 97130000 		.4byte	0x1397
 308 0078 07       		.uleb128 0x7
 309 0079 02       		.byte	0x2
 310 007a 35       		.byte	0x35
 311 007b 0B       		.byte	0xb
 312 007c A8130000 		.4byte	0x13a8
 313 0080 07       		.uleb128 0x7
 314 0081 02       		.byte	0x2
 315 0082 36       		.byte	0x36
 316 0083 0B       		.byte	0xb
 317 0084 B4130000 		.4byte	0x13b4
 318 0088 07       		.uleb128 0x7
 319 0089 02       		.byte	0x2
 320 008a 37       		.byte	0x37
 321 008b 0B       		.byte	0xb
 322 008c C0130000 		.4byte	0x13c0
 323 0090 07       		.uleb128 0x7
 324 0091 02       		.byte	0x2
 325 0092 39       		.byte	0x39
 326 0093 0B       		.byte	0xb
 327 0094 37130000 		.4byte	0x1337
 328 0098 07       		.uleb128 0x7
 329 0099 02       		.byte	0x2
 330 009a 3A       		.byte	0x3a
 331 009b 0B       		.byte	0xb
 332 009c 43130000 		.4byte	0x1343
 333 00a0 07       		.uleb128 0x7
 334 00a1 02       		.byte	0x2
ARM GAS  /tmp/ccBgOzmL.s 			page 7


 335 00a2 3B       		.byte	0x3b
 336 00a3 0B       		.byte	0xb
 337 00a4 4F130000 		.4byte	0x134f
 338 00a8 07       		.uleb128 0x7
 339 00a9 02       		.byte	0x2
 340 00aa 3C       		.byte	0x3c
 341 00ab 0B       		.byte	0xb
 342 00ac 5B130000 		.4byte	0x135b
 343 00b0 07       		.uleb128 0x7
 344 00b1 02       		.byte	0x2
 345 00b2 3E       		.byte	0x3e
 346 00b3 0B       		.byte	0xb
 347 00b4 1B140000 		.4byte	0x141b
 348 00b8 07       		.uleb128 0x7
 349 00b9 02       		.byte	0x2
 350 00ba 3F       		.byte	0x3f
 351 00bb 0B       		.byte	0xb
 352 00bc 03140000 		.4byte	0x1403
 353 00c0 07       		.uleb128 0x7
 354 00c1 02       		.byte	0x2
 355 00c2 41       		.byte	0x41
 356 00c3 0B       		.byte	0xb
 357 00c4 E1120000 		.4byte	0x12e1
 358 00c8 07       		.uleb128 0x7
 359 00c9 02       		.byte	0x2
 360 00ca 42       		.byte	0x42
 361 00cb 0B       		.byte	0xb
 362 00cc F9120000 		.4byte	0x12f9
 363 00d0 07       		.uleb128 0x7
 364 00d1 02       		.byte	0x2
 365 00d2 43       		.byte	0x43
 366 00d3 0B       		.byte	0xb
 367 00d4 0C130000 		.4byte	0x130c
 368 00d8 07       		.uleb128 0x7
 369 00d9 02       		.byte	0x2
 370 00da 44       		.byte	0x44
 371 00db 0B       		.byte	0xb
 372 00dc 24130000 		.4byte	0x1324
 373 00e0 07       		.uleb128 0x7
 374 00e1 02       		.byte	0x2
 375 00e2 46       		.byte	0x46
 376 00e3 0B       		.byte	0xb
 377 00e4 CC130000 		.4byte	0x13cc
 378 00e8 07       		.uleb128 0x7
 379 00e9 02       		.byte	0x2
 380 00ea 47       		.byte	0x47
 381 00eb 0B       		.byte	0xb
 382 00ec DF130000 		.4byte	0x13df
 383 00f0 07       		.uleb128 0x7
 384 00f1 02       		.byte	0x2
 385 00f2 48       		.byte	0x48
 386 00f3 0B       		.byte	0xb
 387 00f4 EB130000 		.4byte	0x13eb
 388 00f8 07       		.uleb128 0x7
 389 00f9 02       		.byte	0x2
 390 00fa 49       		.byte	0x49
 391 00fb 0B       		.byte	0xb
ARM GAS  /tmp/ccBgOzmL.s 			page 8


 392 00fc F7130000 		.4byte	0x13f7
 393 0100 07       		.uleb128 0x7
 394 0101 02       		.byte	0x2
 395 0102 4B       		.byte	0x4b
 396 0103 0B       		.byte	0xb
 397 0104 67130000 		.4byte	0x1367
 398 0108 07       		.uleb128 0x7
 399 0109 02       		.byte	0x2
 400 010a 4C       		.byte	0x4c
 401 010b 0B       		.byte	0xb
 402 010c 73130000 		.4byte	0x1373
 403 0110 07       		.uleb128 0x7
 404 0111 02       		.byte	0x2
 405 0112 4D       		.byte	0x4d
 406 0113 0B       		.byte	0xb
 407 0114 7F130000 		.4byte	0x137f
 408 0118 07       		.uleb128 0x7
 409 0119 02       		.byte	0x2
 410 011a 4E       		.byte	0x4e
 411 011b 0B       		.byte	0xb
 412 011c 8B130000 		.4byte	0x138b
 413 0120 07       		.uleb128 0x7
 414 0121 02       		.byte	0x2
 415 0122 50       		.byte	0x50
 416 0123 0B       		.byte	0xb
 417 0124 27140000 		.4byte	0x1427
 418 0128 07       		.uleb128 0x7
 419 0129 02       		.byte	0x2
 420 012a 51       		.byte	0x51
 421 012b 0B       		.byte	0xb
 422 012c 0F140000 		.4byte	0x140f
 423 0130 07       		.uleb128 0x7
 424 0131 03       		.byte	0x3
 425 0132 3A       		.byte	0x3a
 426 0133 0B       		.byte	0xb
 427 0134 79140000 		.4byte	0x1479
 428 0138 08       		.uleb128 0x8
 429 0139 04       		.byte	0x4
 430 013a 2904     		.2byte	0x429
 431 013c 0B       		.byte	0xb
 432 013d 3F1D0000 		.4byte	0x1d3f
 433 0141 08       		.uleb128 0x8
 434 0142 04       		.byte	0x4
 435 0143 2A04     		.2byte	0x42a
 436 0145 0B       		.byte	0xb
 437 0146 331D0000 		.4byte	0x1d33
 438 014a 09       		.uleb128 0x9
 439 014b 61627300 		.ascii	"abs\000"
 440 014f 05       		.byte	0x5
 441 0150 4F       		.byte	0x4f
 442 0151 03       		.byte	0x3
 443 0152 1B000000 		.4byte	.LASF1
 444 0156 72140000 		.4byte	0x1472
 445 015a 64010000 		.4byte	0x164
 446 015e 0A       		.uleb128 0xa
 447 015f 72140000 		.4byte	0x1472
 448 0163 00       		.byte	0
ARM GAS  /tmp/ccBgOzmL.s 			page 9


 449 0164 09       		.uleb128 0x9
 450 0165 61627300 		.ascii	"abs\000"
 451 0169 05       		.byte	0x5
 452 016a 4B       		.byte	0x4b
 453 016b 03       		.byte	0x3
 454 016c 25000000 		.4byte	.LASF2
 455 0170 25000000 		.4byte	0x25
 456 0174 7E010000 		.4byte	0x17e
 457 0178 0A       		.uleb128 0xa
 458 0179 25000000 		.4byte	0x25
 459 017d 00       		.byte	0
 460 017e 09       		.uleb128 0x9
 461 017f 61627300 		.ascii	"abs\000"
 462 0183 05       		.byte	0x5
 463 0184 47       		.byte	0x47
 464 0185 03       		.byte	0x3
 465 0186 11000000 		.4byte	.LASF3
 466 018a 8C140000 		.4byte	0x148c
 467 018e 98010000 		.4byte	0x198
 468 0192 0A       		.uleb128 0xa
 469 0193 8C140000 		.4byte	0x148c
 470 0197 00       		.byte	0
 471 0198 09       		.uleb128 0x9
 472 0199 61627300 		.ascii	"abs\000"
 473 019d 05       		.byte	0x5
 474 019e 3D       		.byte	0x3d
 475 019f 03       		.byte	0x3
 476 01a0 8B000000 		.4byte	.LASF4
 477 01a4 DA120000 		.4byte	0x12da
 478 01a8 B2010000 		.4byte	0x1b2
 479 01ac 0A       		.uleb128 0xa
 480 01ad DA120000 		.4byte	0x12da
 481 01b1 00       		.byte	0
 482 01b2 09       		.uleb128 0x9
 483 01b3 61627300 		.ascii	"abs\000"
 484 01b7 05       		.byte	0x5
 485 01b8 38       		.byte	0x38
 486 01b9 03       		.byte	0x3
 487 01ba 49000000 		.4byte	.LASF5
 488 01be C7120000 		.4byte	0x12c7
 489 01c2 CC010000 		.4byte	0x1cc
 490 01c6 0A       		.uleb128 0xa
 491 01c7 C7120000 		.4byte	0x12c7
 492 01cb 00       		.byte	0
 493 01cc 0B       		.uleb128 0xb
 494 01cd 430F0000 		.4byte	.LASF6
 495 01d1 04       		.byte	0x4
 496 01d2 5B       		.byte	0x5b
 497 01d3 03       		.byte	0x3
 498 01d4 020D0000 		.4byte	.LASF7
 499 01d8 72140000 		.4byte	0x1472
 500 01dc E6010000 		.4byte	0x1e6
 501 01e0 0A       		.uleb128 0xa
 502 01e1 72140000 		.4byte	0x1472
 503 01e5 00       		.byte	0
 504 01e6 0B       		.uleb128 0xb
 505 01e7 430F0000 		.4byte	.LASF6
ARM GAS  /tmp/ccBgOzmL.s 			page 10


 506 01eb 04       		.byte	0x4
 507 01ec 57       		.byte	0x57
 508 01ed 03       		.byte	0x3
 509 01ee 0D0D0000 		.4byte	.LASF8
 510 01f2 25000000 		.4byte	0x25
 511 01f6 00020000 		.4byte	0x200
 512 01fa 0A       		.uleb128 0xa
 513 01fb 25000000 		.4byte	0x25
 514 01ff 00       		.byte	0
 515 0200 0B       		.uleb128 0xb
 516 0201 B70F0000 		.4byte	.LASF9
 517 0205 04       		.byte	0x4
 518 0206 6E       		.byte	0x6e
 519 0207 03       		.byte	0x3
 520 0208 7B060000 		.4byte	.LASF10
 521 020c 72140000 		.4byte	0x1472
 522 0210 1A020000 		.4byte	0x21a
 523 0214 0A       		.uleb128 0xa
 524 0215 72140000 		.4byte	0x1472
 525 0219 00       		.byte	0
 526 021a 0B       		.uleb128 0xb
 527 021b B70F0000 		.4byte	.LASF9
 528 021f 04       		.byte	0x4
 529 0220 6A       		.byte	0x6a
 530 0221 03       		.byte	0x3
 531 0222 86060000 		.4byte	.LASF11
 532 0226 25000000 		.4byte	0x25
 533 022a 34020000 		.4byte	0x234
 534 022e 0A       		.uleb128 0xa
 535 022f 25000000 		.4byte	0x25
 536 0233 00       		.byte	0
 537 0234 0B       		.uleb128 0xb
 538 0235 600E0000 		.4byte	.LASF12
 539 0239 04       		.byte	0x4
 540 023a 81       		.byte	0x81
 541 023b 03       		.byte	0x3
 542 023c EC030000 		.4byte	.LASF13
 543 0240 72140000 		.4byte	0x1472
 544 0244 4E020000 		.4byte	0x24e
 545 0248 0A       		.uleb128 0xa
 546 0249 72140000 		.4byte	0x1472
 547 024d 00       		.byte	0
 548 024e 0B       		.uleb128 0xb
 549 024f 600E0000 		.4byte	.LASF12
 550 0253 04       		.byte	0x4
 551 0254 7D       		.byte	0x7d
 552 0255 03       		.byte	0x3
 553 0256 F7030000 		.4byte	.LASF14
 554 025a 25000000 		.4byte	0x25
 555 025e 68020000 		.4byte	0x268
 556 0262 0A       		.uleb128 0xa
 557 0263 25000000 		.4byte	0x25
 558 0267 00       		.byte	0
 559 0268 0B       		.uleb128 0xb
 560 0269 A4060000 		.4byte	.LASF15
 561 026d 04       		.byte	0x4
 562 026e 94       		.byte	0x94
ARM GAS  /tmp/ccBgOzmL.s 			page 11


 563 026f 03       		.byte	0x3
 564 0270 770C0000 		.4byte	.LASF16
 565 0274 72140000 		.4byte	0x1472
 566 0278 87020000 		.4byte	0x287
 567 027c 0A       		.uleb128 0xa
 568 027d 72140000 		.4byte	0x1472
 569 0281 0A       		.uleb128 0xa
 570 0282 72140000 		.4byte	0x1472
 571 0286 00       		.byte	0
 572 0287 0B       		.uleb128 0xb
 573 0288 A4060000 		.4byte	.LASF15
 574 028c 04       		.byte	0x4
 575 028d 90       		.byte	0x90
 576 028e 03       		.byte	0x3
 577 028f 430D0000 		.4byte	.LASF17
 578 0293 25000000 		.4byte	0x25
 579 0297 A6020000 		.4byte	0x2a6
 580 029b 0A       		.uleb128 0xa
 581 029c 25000000 		.4byte	0x25
 582 02a0 0A       		.uleb128 0xa
 583 02a1 25000000 		.4byte	0x25
 584 02a5 00       		.byte	0
 585 02a6 09       		.uleb128 0x9
 586 02a7 636F7300 		.ascii	"cos\000"
 587 02ab 04       		.byte	0x4
 588 02ac BC       		.byte	0xbc
 589 02ad 03       		.byte	0x3
 590 02ae 8C0D0000 		.4byte	.LASF18
 591 02b2 72140000 		.4byte	0x1472
 592 02b6 C0020000 		.4byte	0x2c0
 593 02ba 0A       		.uleb128 0xa
 594 02bb 72140000 		.4byte	0x1472
 595 02bf 00       		.byte	0
 596 02c0 09       		.uleb128 0x9
 597 02c1 636F7300 		.ascii	"cos\000"
 598 02c5 04       		.byte	0x4
 599 02c6 B8       		.byte	0xb8
 600 02c7 03       		.byte	0x3
 601 02c8 960D0000 		.4byte	.LASF19
 602 02cc 25000000 		.4byte	0x25
 603 02d0 DA020000 		.4byte	0x2da
 604 02d4 0A       		.uleb128 0xa
 605 02d5 25000000 		.4byte	0x25
 606 02d9 00       		.byte	0
 607 02da 0C       		.uleb128 0xc
 608 02db 73696E00 		.ascii	"sin\000"
 609 02df 04       		.byte	0x4
 610 02e0 AD01     		.2byte	0x1ad
 611 02e2 03       		.byte	0x3
 612 02e3 59080000 		.4byte	.LASF20
 613 02e7 72140000 		.4byte	0x1472
 614 02eb F5020000 		.4byte	0x2f5
 615 02ef 0A       		.uleb128 0xa
 616 02f0 72140000 		.4byte	0x1472
 617 02f4 00       		.byte	0
 618 02f5 0C       		.uleb128 0xc
 619 02f6 73696E00 		.ascii	"sin\000"
ARM GAS  /tmp/ccBgOzmL.s 			page 12


 620 02fa 04       		.byte	0x4
 621 02fb A901     		.2byte	0x1a9
 622 02fd 03       		.byte	0x3
 623 02fe 63080000 		.4byte	.LASF21
 624 0302 25000000 		.4byte	0x25
 625 0306 10030000 		.4byte	0x310
 626 030a 0A       		.uleb128 0xa
 627 030b 25000000 		.4byte	0x25
 628 030f 00       		.byte	0
 629 0310 0C       		.uleb128 0xc
 630 0311 74616E00 		.ascii	"tan\000"
 631 0315 04       		.byte	0x4
 632 0316 E601     		.2byte	0x1e6
 633 0318 03       		.byte	0x3
 634 0319 C4040000 		.4byte	.LASF22
 635 031d 72140000 		.4byte	0x1472
 636 0321 2B030000 		.4byte	0x32b
 637 0325 0A       		.uleb128 0xa
 638 0326 72140000 		.4byte	0x1472
 639 032a 00       		.byte	0
 640 032b 0C       		.uleb128 0xc
 641 032c 74616E00 		.ascii	"tan\000"
 642 0330 04       		.byte	0x4
 643 0331 E201     		.2byte	0x1e2
 644 0333 03       		.byte	0x3
 645 0334 CE040000 		.4byte	.LASF23
 646 0338 25000000 		.4byte	0x25
 647 033c 46030000 		.4byte	0x346
 648 0340 0A       		.uleb128 0xa
 649 0341 25000000 		.4byte	0x25
 650 0345 00       		.byte	0
 651 0346 0B       		.uleb128 0xb
 652 0347 80050000 		.4byte	.LASF24
 653 034b 04       		.byte	0x4
 654 034c CF       		.byte	0xcf
 655 034d 03       		.byte	0x3
 656 034e C4100000 		.4byte	.LASF25
 657 0352 72140000 		.4byte	0x1472
 658 0356 60030000 		.4byte	0x360
 659 035a 0A       		.uleb128 0xa
 660 035b 72140000 		.4byte	0x1472
 661 035f 00       		.byte	0
 662 0360 0B       		.uleb128 0xb
 663 0361 80050000 		.4byte	.LASF24
 664 0365 04       		.byte	0x4
 665 0366 CB       		.byte	0xcb
 666 0367 03       		.byte	0x3
 667 0368 CF100000 		.4byte	.LASF26
 668 036c 25000000 		.4byte	0x25
 669 0370 7A030000 		.4byte	0x37a
 670 0374 0A       		.uleb128 0xa
 671 0375 25000000 		.4byte	0x25
 672 0379 00       		.byte	0
 673 037a 0D       		.uleb128 0xd
 674 037b FC050000 		.4byte	.LASF27
 675 037f 04       		.byte	0x4
 676 0380 C001     		.2byte	0x1c0
ARM GAS  /tmp/ccBgOzmL.s 			page 13


 677 0382 03       		.byte	0x3
 678 0383 B7050000 		.4byte	.LASF28
 679 0387 72140000 		.4byte	0x1472
 680 038b 95030000 		.4byte	0x395
 681 038f 0A       		.uleb128 0xa
 682 0390 72140000 		.4byte	0x1472
 683 0394 00       		.byte	0
 684 0395 0D       		.uleb128 0xd
 685 0396 FC050000 		.4byte	.LASF27
 686 039a 04       		.byte	0x4
 687 039b BC01     		.2byte	0x1bc
 688 039d 03       		.byte	0x3
 689 039e C2050000 		.4byte	.LASF29
 690 03a2 25000000 		.4byte	0x25
 691 03a6 B0030000 		.4byte	0x3b0
 692 03aa 0A       		.uleb128 0xa
 693 03ab 25000000 		.4byte	0x25
 694 03af 00       		.byte	0
 695 03b0 0D       		.uleb128 0xd
 696 03b1 97030000 		.4byte	.LASF30
 697 03b5 04       		.byte	0x4
 698 03b6 F901     		.2byte	0x1f9
 699 03b8 03       		.byte	0x3
 700 03b9 E5010000 		.4byte	.LASF31
 701 03bd 72140000 		.4byte	0x1472
 702 03c1 CB030000 		.4byte	0x3cb
 703 03c5 0A       		.uleb128 0xa
 704 03c6 72140000 		.4byte	0x1472
 705 03ca 00       		.byte	0
 706 03cb 0D       		.uleb128 0xd
 707 03cc 97030000 		.4byte	.LASF30
 708 03d0 04       		.byte	0x4
 709 03d1 F501     		.2byte	0x1f5
 710 03d3 03       		.byte	0x3
 711 03d4 F0010000 		.4byte	.LASF32
 712 03d8 25000000 		.4byte	0x25
 713 03dc E6030000 		.4byte	0x3e6
 714 03e0 0A       		.uleb128 0xa
 715 03e1 25000000 		.4byte	0x25
 716 03e5 00       		.byte	0
 717 03e6 09       		.uleb128 0x9
 718 03e7 65787000 		.ascii	"exp\000"
 719 03eb 04       		.byte	0x4
 720 03ec E2       		.byte	0xe2
 721 03ed 03       		.byte	0x3
 722 03ee A1080000 		.4byte	.LASF33
 723 03f2 72140000 		.4byte	0x1472
 724 03f6 00040000 		.4byte	0x400
 725 03fa 0A       		.uleb128 0xa
 726 03fb 72140000 		.4byte	0x1472
 727 03ff 00       		.byte	0
 728 0400 09       		.uleb128 0x9
 729 0401 65787000 		.ascii	"exp\000"
 730 0405 04       		.byte	0x4
 731 0406 DE       		.byte	0xde
 732 0407 03       		.byte	0x3
 733 0408 AB080000 		.4byte	.LASF34
ARM GAS  /tmp/ccBgOzmL.s 			page 14


 734 040c 25000000 		.4byte	0x25
 735 0410 1A040000 		.4byte	0x41a
 736 0414 0A       		.uleb128 0xa
 737 0415 25000000 		.4byte	0x25
 738 0419 00       		.byte	0
 739 041a 0D       		.uleb128 0xd
 740 041b F60E0000 		.4byte	.LASF35
 741 041f 04       		.byte	0x4
 742 0420 3001     		.2byte	0x130
 743 0422 03       		.byte	0x3
 744 0423 9B090000 		.4byte	.LASF36
 745 0427 72140000 		.4byte	0x1472
 746 042b 3A040000 		.4byte	0x43a
 747 042f 0A       		.uleb128 0xa
 748 0430 72140000 		.4byte	0x1472
 749 0434 0A       		.uleb128 0xa
 750 0435 901F0000 		.4byte	0x1f90
 751 0439 00       		.byte	0
 752 043a 0D       		.uleb128 0xd
 753 043b F60E0000 		.4byte	.LASF35
 754 043f 04       		.byte	0x4
 755 0440 2C01     		.2byte	0x12c
 756 0442 03       		.byte	0x3
 757 0443 DC0C0000 		.4byte	.LASF37
 758 0447 25000000 		.4byte	0x25
 759 044b 5A040000 		.4byte	0x45a
 760 044f 0A       		.uleb128 0xa
 761 0450 25000000 		.4byte	0x25
 762 0454 0A       		.uleb128 0xa
 763 0455 901F0000 		.4byte	0x1f90
 764 0459 00       		.byte	0
 765 045a 0D       		.uleb128 0xd
 766 045b E70E0000 		.4byte	.LASF38
 767 045f 04       		.byte	0x4
 768 0460 4301     		.2byte	0x143
 769 0462 03       		.byte	0x3
 770 0463 E9120000 		.4byte	.LASF39
 771 0467 72140000 		.4byte	0x1472
 772 046b 7A040000 		.4byte	0x47a
 773 046f 0A       		.uleb128 0xa
 774 0470 72140000 		.4byte	0x1472
 775 0474 0A       		.uleb128 0xa
 776 0475 2C000000 		.4byte	0x2c
 777 0479 00       		.byte	0
 778 047a 0D       		.uleb128 0xd
 779 047b E70E0000 		.4byte	.LASF38
 780 047f 04       		.byte	0x4
 781 0480 3F01     		.2byte	0x13f
 782 0482 03       		.byte	0x3
 783 0483 8B130000 		.4byte	.LASF40
 784 0487 25000000 		.4byte	0x25
 785 048b 9A040000 		.4byte	0x49a
 786 048f 0A       		.uleb128 0xa
 787 0490 25000000 		.4byte	0x25
 788 0494 0A       		.uleb128 0xa
 789 0495 2C000000 		.4byte	0x2c
 790 0499 00       		.byte	0
ARM GAS  /tmp/ccBgOzmL.s 			page 15


 791 049a 0C       		.uleb128 0xc
 792 049b 6C6F6700 		.ascii	"log\000"
 793 049f 04       		.byte	0x4
 794 04a0 5601     		.2byte	0x156
 795 04a2 03       		.byte	0x3
 796 04a3 5D100000 		.4byte	.LASF41
 797 04a7 72140000 		.4byte	0x1472
 798 04ab B5040000 		.4byte	0x4b5
 799 04af 0A       		.uleb128 0xa
 800 04b0 72140000 		.4byte	0x1472
 801 04b4 00       		.byte	0
 802 04b5 0C       		.uleb128 0xc
 803 04b6 6C6F6700 		.ascii	"log\000"
 804 04ba 04       		.byte	0x4
 805 04bb 5201     		.2byte	0x152
 806 04bd 03       		.byte	0x3
 807 04be 67100000 		.4byte	.LASF42
 808 04c2 25000000 		.4byte	0x25
 809 04c6 D0040000 		.4byte	0x4d0
 810 04ca 0A       		.uleb128 0xa
 811 04cb 25000000 		.4byte	0x25
 812 04cf 00       		.byte	0
 813 04d0 0D       		.uleb128 0xd
 814 04d1 F1050000 		.4byte	.LASF43
 815 04d5 04       		.byte	0x4
 816 04d6 6901     		.2byte	0x169
 817 04d8 03       		.byte	0x3
 818 04d9 B9000000 		.4byte	.LASF44
 819 04dd 72140000 		.4byte	0x1472
 820 04e1 EB040000 		.4byte	0x4eb
 821 04e5 0A       		.uleb128 0xa
 822 04e6 72140000 		.4byte	0x1472
 823 04ea 00       		.byte	0
 824 04eb 0D       		.uleb128 0xd
 825 04ec F1050000 		.4byte	.LASF43
 826 04f0 04       		.byte	0x4
 827 04f1 6501     		.2byte	0x165
 828 04f3 03       		.byte	0x3
 829 04f4 C5000000 		.4byte	.LASF45
 830 04f8 25000000 		.4byte	0x25
 831 04fc 06050000 		.4byte	0x506
 832 0500 0A       		.uleb128 0xa
 833 0501 25000000 		.4byte	0x25
 834 0505 00       		.byte	0
 835 0506 0D       		.uleb128 0xd
 836 0507 3A110000 		.4byte	.LASF46
 837 050b 04       		.byte	0x4
 838 050c 7C01     		.2byte	0x17c
 839 050e 03       		.byte	0x3
 840 050f AA040000 		.4byte	.LASF47
 841 0513 72140000 		.4byte	0x1472
 842 0517 26050000 		.4byte	0x526
 843 051b 0A       		.uleb128 0xa
 844 051c 72140000 		.4byte	0x1472
 845 0520 0A       		.uleb128 0xa
 846 0521 58200000 		.4byte	0x2058
 847 0525 00       		.byte	0
ARM GAS  /tmp/ccBgOzmL.s 			page 16


 848 0526 0D       		.uleb128 0xd
 849 0527 3A110000 		.4byte	.LASF46
 850 052b 04       		.byte	0x4
 851 052c 7801     		.2byte	0x178
 852 052e 03       		.byte	0x3
 853 052f 1B0A0000 		.4byte	.LASF48
 854 0533 25000000 		.4byte	0x25
 855 0537 46050000 		.4byte	0x546
 856 053b 0A       		.uleb128 0xa
 857 053c 25000000 		.4byte	0x25
 858 0540 0A       		.uleb128 0xa
 859 0541 66200000 		.4byte	0x2066
 860 0545 00       		.byte	0
 861 0546 0C       		.uleb128 0xc
 862 0547 706F7700 		.ascii	"pow\000"
 863 054b 04       		.byte	0x4
 864 054c 8801     		.2byte	0x188
 865 054e 03       		.byte	0x3
 866 054f 0B120000 		.4byte	.LASF49
 867 0553 72140000 		.4byte	0x1472
 868 0557 66050000 		.4byte	0x566
 869 055b 0A       		.uleb128 0xa
 870 055c 72140000 		.4byte	0x1472
 871 0560 0A       		.uleb128 0xa
 872 0561 72140000 		.4byte	0x1472
 873 0565 00       		.byte	0
 874 0566 0C       		.uleb128 0xc
 875 0567 706F7700 		.ascii	"pow\000"
 876 056b 04       		.byte	0x4
 877 056c 8401     		.2byte	0x184
 878 056e 03       		.byte	0x3
 879 056f AE120000 		.4byte	.LASF50
 880 0573 25000000 		.4byte	0x25
 881 0577 86050000 		.4byte	0x586
 882 057b 0A       		.uleb128 0xa
 883 057c 25000000 		.4byte	0x25
 884 0580 0A       		.uleb128 0xa
 885 0581 25000000 		.4byte	0x25
 886 0585 00       		.byte	0
 887 0586 0D       		.uleb128 0xd
 888 0587 13010000 		.4byte	.LASF51
 889 058b 04       		.byte	0x4
 890 058c D301     		.2byte	0x1d3
 891 058e 03       		.byte	0x3
 892 058f 900B0000 		.4byte	.LASF52
 893 0593 72140000 		.4byte	0x1472
 894 0597 A1050000 		.4byte	0x5a1
 895 059b 0A       		.uleb128 0xa
 896 059c 72140000 		.4byte	0x1472
 897 05a0 00       		.byte	0
 898 05a1 0D       		.uleb128 0xd
 899 05a2 13010000 		.4byte	.LASF51
 900 05a6 04       		.byte	0x4
 901 05a7 CF01     		.2byte	0x1cf
 902 05a9 03       		.byte	0x3
 903 05aa 9B0B0000 		.4byte	.LASF53
 904 05ae 25000000 		.4byte	0x25
ARM GAS  /tmp/ccBgOzmL.s 			page 17


 905 05b2 BC050000 		.4byte	0x5bc
 906 05b6 0A       		.uleb128 0xa
 907 05b7 25000000 		.4byte	0x25
 908 05bb 00       		.byte	0
 909 05bc 0B       		.uleb128 0xb
 910 05bd 0B130000 		.4byte	.LASF54
 911 05c1 04       		.byte	0x4
 912 05c2 A9       		.byte	0xa9
 913 05c3 03       		.byte	0x3
 914 05c4 D1110000 		.4byte	.LASF55
 915 05c8 72140000 		.4byte	0x1472
 916 05cc D6050000 		.4byte	0x5d6
 917 05d0 0A       		.uleb128 0xa
 918 05d1 72140000 		.4byte	0x1472
 919 05d5 00       		.byte	0
 920 05d6 0B       		.uleb128 0xb
 921 05d7 0B130000 		.4byte	.LASF54
 922 05db 04       		.byte	0x4
 923 05dc A5       		.byte	0xa5
 924 05dd 03       		.byte	0x3
 925 05de DC110000 		.4byte	.LASF56
 926 05e2 25000000 		.4byte	0x25
 927 05e6 F0050000 		.4byte	0x5f0
 928 05ea 0A       		.uleb128 0xa
 929 05eb 25000000 		.4byte	0x25
 930 05ef 00       		.byte	0
 931 05f0 0B       		.uleb128 0xb
 932 05f1 A9090000 		.4byte	.LASF57
 933 05f5 04       		.byte	0x4
 934 05f6 F5       		.byte	0xf5
 935 05f7 03       		.byte	0x3
 936 05f8 AB030000 		.4byte	.LASF58
 937 05fc 72140000 		.4byte	0x1472
 938 0600 0A060000 		.4byte	0x60a
 939 0604 0A       		.uleb128 0xa
 940 0605 72140000 		.4byte	0x1472
 941 0609 00       		.byte	0
 942 060a 0B       		.uleb128 0xb
 943 060b A9090000 		.4byte	.LASF57
 944 060f 04       		.byte	0x4
 945 0610 F1       		.byte	0xf1
 946 0611 03       		.byte	0x3
 947 0612 B6030000 		.4byte	.LASF59
 948 0616 25000000 		.4byte	0x25
 949 061a 24060000 		.4byte	0x624
 950 061e 0A       		.uleb128 0xa
 951 061f 25000000 		.4byte	0x25
 952 0623 00       		.byte	0
 953 0624 0D       		.uleb128 0xd
 954 0625 66090000 		.4byte	.LASF60
 955 0629 04       		.byte	0x4
 956 062a 0801     		.2byte	0x108
 957 062c 03       		.byte	0x3
 958 062d AB110000 		.4byte	.LASF61
 959 0631 72140000 		.4byte	0x1472
 960 0635 3F060000 		.4byte	0x63f
 961 0639 0A       		.uleb128 0xa
ARM GAS  /tmp/ccBgOzmL.s 			page 18


 962 063a 72140000 		.4byte	0x1472
 963 063e 00       		.byte	0
 964 063f 0D       		.uleb128 0xd
 965 0640 66090000 		.4byte	.LASF60
 966 0644 04       		.byte	0x4
 967 0645 0401     		.2byte	0x104
 968 0647 03       		.byte	0x3
 969 0648 B7110000 		.4byte	.LASF62
 970 064c 25000000 		.4byte	0x25
 971 0650 5A060000 		.4byte	0x65a
 972 0654 0A       		.uleb128 0xa
 973 0655 25000000 		.4byte	0x25
 974 0659 00       		.byte	0
 975 065a 0D       		.uleb128 0xd
 976 065b 32050000 		.4byte	.LASF63
 977 065f 04       		.byte	0x4
 978 0660 1B01     		.2byte	0x11b
 979 0662 03       		.byte	0x3
 980 0663 05000000 		.4byte	.LASF64
 981 0667 72140000 		.4byte	0x1472
 982 066b 7A060000 		.4byte	0x67a
 983 066f 0A       		.uleb128 0xa
 984 0670 72140000 		.4byte	0x1472
 985 0674 0A       		.uleb128 0xa
 986 0675 72140000 		.4byte	0x1472
 987 0679 00       		.byte	0
 988 067a 0D       		.uleb128 0xd
 989 067b 32050000 		.4byte	.LASF63
 990 067f 04       		.byte	0x4
 991 0680 1701     		.2byte	0x117
 992 0682 03       		.byte	0x3
 993 0683 DE000000 		.4byte	.LASF65
 994 0687 25000000 		.4byte	0x25
 995 068b 9A060000 		.4byte	0x69a
 996 068f 0A       		.uleb128 0xa
 997 0690 25000000 		.4byte	0x25
 998 0694 0A       		.uleb128 0xa
 999 0695 25000000 		.4byte	0x25
 1000 0699 00       		.byte	0
 1001 069a 0D       		.uleb128 0xd
 1002 069b 6A040000 		.4byte	.LASF66
 1003 069f 04       		.byte	0x4
 1004 06a0 2302     		.2byte	0x223
 1005 06a2 03       		.byte	0x3
 1006 06a3 14040000 		.4byte	.LASF67
 1007 06a7 2C000000 		.4byte	0x2c
 1008 06ab B5060000 		.4byte	0x6b5
 1009 06af 0A       		.uleb128 0xa
 1010 06b0 72140000 		.4byte	0x1472
 1011 06b4 00       		.byte	0
 1012 06b5 0D       		.uleb128 0xd
 1013 06b6 6A040000 		.4byte	.LASF66
 1014 06ba 04       		.byte	0x4
 1015 06bb 1E02     		.2byte	0x21e
 1016 06bd 03       		.byte	0x3
 1017 06be 02040000 		.4byte	.LASF68
 1018 06c2 2C000000 		.4byte	0x2c
ARM GAS  /tmp/ccBgOzmL.s 			page 19


 1019 06c6 D0060000 		.4byte	0x6d0
 1020 06ca 0A       		.uleb128 0xa
 1021 06cb 8C140000 		.4byte	0x148c
 1022 06cf 00       		.byte	0
 1023 06d0 0D       		.uleb128 0xd
 1024 06d1 6A040000 		.4byte	.LASF66
 1025 06d5 04       		.byte	0x4
 1026 06d6 1902     		.2byte	0x219
 1027 06d8 03       		.byte	0x3
 1028 06d9 26040000 		.4byte	.LASF69
 1029 06dd 2C000000 		.4byte	0x2c
 1030 06e1 EB060000 		.4byte	0x6eb
 1031 06e5 0A       		.uleb128 0xa
 1032 06e6 25000000 		.4byte	0x25
 1033 06ea 00       		.byte	0
 1034 06eb 0D       		.uleb128 0xd
 1035 06ec 3F110000 		.4byte	.LASF70
 1036 06f0 04       		.byte	0x4
 1037 06f1 3A02     		.2byte	0x23a
 1038 06f3 03       		.byte	0x3
 1039 06f4 C90E0000 		.4byte	.LASF71
 1040 06f8 D3210000 		.4byte	0x21d3
 1041 06fc 06070000 		.4byte	0x706
 1042 0700 0A       		.uleb128 0xa
 1043 0701 72140000 		.4byte	0x1472
 1044 0705 00       		.byte	0
 1045 0706 0D       		.uleb128 0xd
 1046 0707 3F110000 		.4byte	.LASF70
 1047 070b 04       		.byte	0x4
 1048 070c 3602     		.2byte	0x236
 1049 070e 03       		.byte	0x3
 1050 070f BA0E0000 		.4byte	.LASF72
 1051 0713 D3210000 		.4byte	0x21d3
 1052 0717 21070000 		.4byte	0x721
 1053 071b 0A       		.uleb128 0xa
 1054 071c 8C140000 		.4byte	0x148c
 1055 0720 00       		.byte	0
 1056 0721 0D       		.uleb128 0xd
 1057 0722 3F110000 		.4byte	.LASF70
 1058 0726 04       		.byte	0x4
 1059 0727 3202     		.2byte	0x232
 1060 0729 03       		.byte	0x3
 1061 072a D80E0000 		.4byte	.LASF73
 1062 072e D3210000 		.4byte	0x21d3
 1063 0732 3C070000 		.4byte	0x73c
 1064 0736 0A       		.uleb128 0xa
 1065 0737 25000000 		.4byte	0x25
 1066 073b 00       		.byte	0
 1067 073c 0D       		.uleb128 0xd
 1068 073d 41040000 		.4byte	.LASF74
 1069 0741 04       		.byte	0x4
 1070 0742 5502     		.2byte	0x255
 1071 0744 03       		.byte	0x3
 1072 0745 47060000 		.4byte	.LASF75
 1073 0749 D3210000 		.4byte	0x21d3
 1074 074d 57070000 		.4byte	0x757
 1075 0751 0A       		.uleb128 0xa
ARM GAS  /tmp/ccBgOzmL.s 			page 20


 1076 0752 72140000 		.4byte	0x1472
 1077 0756 00       		.byte	0
 1078 0757 0D       		.uleb128 0xd
 1079 0758 41040000 		.4byte	.LASF74
 1080 075c 04       		.byte	0x4
 1081 075d 5002     		.2byte	0x250
 1082 075f 03       		.byte	0x3
 1083 0760 3B060000 		.4byte	.LASF76
 1084 0764 D3210000 		.4byte	0x21d3
 1085 0768 72070000 		.4byte	0x772
 1086 076c 0A       		.uleb128 0xa
 1087 076d 8C140000 		.4byte	0x148c
 1088 0771 00       		.byte	0
 1089 0772 0D       		.uleb128 0xd
 1090 0773 41040000 		.4byte	.LASF74
 1091 0777 04       		.byte	0x4
 1092 0778 4802     		.2byte	0x248
 1093 077a 03       		.byte	0x3
 1094 077b 53060000 		.4byte	.LASF77
 1095 077f D3210000 		.4byte	0x21d3
 1096 0783 8D070000 		.4byte	0x78d
 1097 0787 0A       		.uleb128 0xa
 1098 0788 25000000 		.4byte	0x25
 1099 078c 00       		.byte	0
 1100 078d 0D       		.uleb128 0xd
 1101 078e 8B100000 		.4byte	.LASF78
 1102 0792 04       		.byte	0x4
 1103 0793 7002     		.2byte	0x270
 1104 0795 03       		.byte	0x3
 1105 0796 120B0000 		.4byte	.LASF79
 1106 079a D3210000 		.4byte	0x21d3
 1107 079e A8070000 		.4byte	0x7a8
 1108 07a2 0A       		.uleb128 0xa
 1109 07a3 72140000 		.4byte	0x1472
 1110 07a7 00       		.byte	0
 1111 07a8 0D       		.uleb128 0xd
 1112 07a9 8B100000 		.4byte	.LASF78
 1113 07ad 04       		.byte	0x4
 1114 07ae 6B02     		.2byte	0x26b
 1115 07b0 03       		.byte	0x3
 1116 07b1 060B0000 		.4byte	.LASF80
 1117 07b5 D3210000 		.4byte	0x21d3
 1118 07b9 C3070000 		.4byte	0x7c3
 1119 07bd 0A       		.uleb128 0xa
 1120 07be 8C140000 		.4byte	0x148c
 1121 07c2 00       		.byte	0
 1122 07c3 0D       		.uleb128 0xd
 1123 07c4 8B100000 		.4byte	.LASF78
 1124 07c8 04       		.byte	0x4
 1125 07c9 6302     		.2byte	0x263
 1126 07cb 03       		.byte	0x3
 1127 07cc 1E0B0000 		.4byte	.LASF81
 1128 07d0 D3210000 		.4byte	0x21d3
 1129 07d4 DE070000 		.4byte	0x7de
 1130 07d8 0A       		.uleb128 0xa
 1131 07d9 25000000 		.4byte	0x25
 1132 07dd 00       		.byte	0
ARM GAS  /tmp/ccBgOzmL.s 			page 21


 1133 07de 0D       		.uleb128 0xd
 1134 07df 70140000 		.4byte	.LASF82
 1135 07e3 04       		.byte	0x4
 1136 07e4 8602     		.2byte	0x286
 1137 07e6 03       		.byte	0x3
 1138 07e7 0D050000 		.4byte	.LASF83
 1139 07eb D3210000 		.4byte	0x21d3
 1140 07ef F9070000 		.4byte	0x7f9
 1141 07f3 0A       		.uleb128 0xa
 1142 07f4 72140000 		.4byte	0x1472
 1143 07f8 00       		.byte	0
 1144 07f9 0D       		.uleb128 0xd
 1145 07fa 70140000 		.4byte	.LASF82
 1146 07fe 04       		.byte	0x4
 1147 07ff 8202     		.2byte	0x282
 1148 0801 03       		.byte	0x3
 1149 0802 FE040000 		.4byte	.LASF84
 1150 0806 D3210000 		.4byte	0x21d3
 1151 080a 14080000 		.4byte	0x814
 1152 080e 0A       		.uleb128 0xa
 1153 080f 8C140000 		.4byte	0x148c
 1154 0813 00       		.byte	0
 1155 0814 0D       		.uleb128 0xd
 1156 0815 70140000 		.4byte	.LASF82
 1157 0819 04       		.byte	0x4
 1158 081a 7E02     		.2byte	0x27e
 1159 081c 03       		.byte	0x3
 1160 081d 1C050000 		.4byte	.LASF85
 1161 0821 D3210000 		.4byte	0x21d3
 1162 0825 2F080000 		.4byte	0x82f
 1163 0829 0A       		.uleb128 0xa
 1164 082a 25000000 		.4byte	0x25
 1165 082e 00       		.byte	0
 1166 082f 0D       		.uleb128 0xd
 1167 0830 46030000 		.4byte	.LASF86
 1168 0834 04       		.byte	0x4
 1169 0835 9D02     		.2byte	0x29d
 1170 0837 03       		.byte	0x3
 1171 0838 6F000000 		.4byte	.LASF87
 1172 083c D3210000 		.4byte	0x21d3
 1173 0840 4A080000 		.4byte	0x84a
 1174 0844 0A       		.uleb128 0xa
 1175 0845 72140000 		.4byte	0x1472
 1176 0849 00       		.byte	0
 1177 084a 0D       		.uleb128 0xd
 1178 084b 46030000 		.4byte	.LASF86
 1179 084f 04       		.byte	0x4
 1180 0850 9902     		.2byte	0x299
 1181 0852 03       		.byte	0x3
 1182 0853 61000000 		.4byte	.LASF88
 1183 0857 D3210000 		.4byte	0x21d3
 1184 085b 65080000 		.4byte	0x865
 1185 085f 0A       		.uleb128 0xa
 1186 0860 8C140000 		.4byte	0x148c
 1187 0864 00       		.byte	0
 1188 0865 0D       		.uleb128 0xd
 1189 0866 46030000 		.4byte	.LASF86
ARM GAS  /tmp/ccBgOzmL.s 			page 22


 1190 086a 04       		.byte	0x4
 1191 086b 9502     		.2byte	0x295
 1192 086d 03       		.byte	0x3
 1193 086e 7D000000 		.4byte	.LASF89
 1194 0872 D3210000 		.4byte	0x21d3
 1195 0876 80080000 		.4byte	0x880
 1196 087a 0A       		.uleb128 0xa
 1197 087b 25000000 		.4byte	0x25
 1198 087f 00       		.byte	0
 1199 0880 0D       		.uleb128 0xd
 1200 0881 CD050000 		.4byte	.LASF90
 1201 0885 04       		.byte	0x4
 1202 0886 B302     		.2byte	0x2b3
 1203 0888 03       		.byte	0x3
 1204 0889 C5090000 		.4byte	.LASF91
 1205 088d D3210000 		.4byte	0x21d3
 1206 0891 A0080000 		.4byte	0x8a0
 1207 0895 0A       		.uleb128 0xa
 1208 0896 72140000 		.4byte	0x1472
 1209 089a 0A       		.uleb128 0xa
 1210 089b 72140000 		.4byte	0x1472
 1211 089f 00       		.byte	0
 1212 08a0 0D       		.uleb128 0xd
 1213 08a1 CD050000 		.4byte	.LASF90
 1214 08a5 04       		.byte	0x4
 1215 08a6 AF02     		.2byte	0x2af
 1216 08a8 03       		.byte	0x3
 1217 08a9 55090000 		.4byte	.LASF92
 1218 08ad D3210000 		.4byte	0x21d3
 1219 08b1 C0080000 		.4byte	0x8c0
 1220 08b5 0A       		.uleb128 0xa
 1221 08b6 8C140000 		.4byte	0x148c
 1222 08ba 0A       		.uleb128 0xa
 1223 08bb 8C140000 		.4byte	0x148c
 1224 08bf 00       		.byte	0
 1225 08c0 0D       		.uleb128 0xd
 1226 08c1 CD050000 		.4byte	.LASF90
 1227 08c5 04       		.byte	0x4
 1228 08c6 AB02     		.2byte	0x2ab
 1229 08c8 03       		.byte	0x3
 1230 08c9 9C0A0000 		.4byte	.LASF93
 1231 08cd D3210000 		.4byte	0x21d3
 1232 08d1 E0080000 		.4byte	0x8e0
 1233 08d5 0A       		.uleb128 0xa
 1234 08d6 25000000 		.4byte	0x25
 1235 08da 0A       		.uleb128 0xa
 1236 08db 25000000 		.4byte	0x25
 1237 08df 00       		.byte	0
 1238 08e0 0D       		.uleb128 0xd
 1239 08e1 620D0000 		.4byte	.LASF94
 1240 08e5 04       		.byte	0x4
 1241 08e6 CD02     		.2byte	0x2cd
 1242 08e8 03       		.byte	0x3
 1243 08e9 94110000 		.4byte	.LASF95
 1244 08ed D3210000 		.4byte	0x21d3
 1245 08f1 00090000 		.4byte	0x900
 1246 08f5 0A       		.uleb128 0xa
ARM GAS  /tmp/ccBgOzmL.s 			page 23


 1247 08f6 72140000 		.4byte	0x1472
 1248 08fa 0A       		.uleb128 0xa
 1249 08fb 72140000 		.4byte	0x1472
 1250 08ff 00       		.byte	0
 1251 0900 0D       		.uleb128 0xd
 1252 0901 620D0000 		.4byte	.LASF94
 1253 0905 04       		.byte	0x4
 1254 0906 C902     		.2byte	0x2c9
 1255 0908 03       		.byte	0x3
 1256 0909 09110000 		.4byte	.LASF96
 1257 090d D3210000 		.4byte	0x21d3
 1258 0911 20090000 		.4byte	0x920
 1259 0915 0A       		.uleb128 0xa
 1260 0916 8C140000 		.4byte	0x148c
 1261 091a 0A       		.uleb128 0xa
 1262 091b 8C140000 		.4byte	0x148c
 1263 091f 00       		.byte	0
 1264 0920 0D       		.uleb128 0xd
 1265 0921 620D0000 		.4byte	.LASF94
 1266 0925 04       		.byte	0x4
 1267 0926 C502     		.2byte	0x2c5
 1268 0928 03       		.byte	0x3
 1269 0929 48120000 		.4byte	.LASF97
 1270 092d D3210000 		.4byte	0x21d3
 1271 0931 40090000 		.4byte	0x940
 1272 0935 0A       		.uleb128 0xa
 1273 0936 25000000 		.4byte	0x25
 1274 093a 0A       		.uleb128 0xa
 1275 093b 25000000 		.4byte	0x25
 1276 093f 00       		.byte	0
 1277 0940 0D       		.uleb128 0xd
 1278 0941 D2120000 		.4byte	.LASF98
 1279 0945 04       		.byte	0x4
 1280 0946 E702     		.2byte	0x2e7
 1281 0948 03       		.byte	0x3
 1282 0949 50110000 		.4byte	.LASF99
 1283 094d D3210000 		.4byte	0x21d3
 1284 0951 60090000 		.4byte	0x960
 1285 0955 0A       		.uleb128 0xa
 1286 0956 72140000 		.4byte	0x1472
 1287 095a 0A       		.uleb128 0xa
 1288 095b 72140000 		.4byte	0x1472
 1289 095f 00       		.byte	0
 1290 0960 0D       		.uleb128 0xd
 1291 0961 D2120000 		.4byte	.LASF98
 1292 0965 04       		.byte	0x4
 1293 0966 E302     		.2byte	0x2e3
 1294 0968 03       		.byte	0x3
 1295 0969 9E100000 		.4byte	.LASF100
 1296 096d D3210000 		.4byte	0x21d3
 1297 0971 80090000 		.4byte	0x980
 1298 0975 0A       		.uleb128 0xa
 1299 0976 8C140000 		.4byte	0x148c
 1300 097a 0A       		.uleb128 0xa
 1301 097b 8C140000 		.4byte	0x148c
 1302 097f 00       		.byte	0
 1303 0980 0D       		.uleb128 0xd
ARM GAS  /tmp/ccBgOzmL.s 			page 24


 1304 0981 D2120000 		.4byte	.LASF98
 1305 0985 04       		.byte	0x4
 1306 0986 DF02     		.2byte	0x2df
 1307 0988 03       		.byte	0x3
 1308 0989 C3110000 		.4byte	.LASF101
 1309 098d D3210000 		.4byte	0x21d3
 1310 0991 A0090000 		.4byte	0x9a0
 1311 0995 0A       		.uleb128 0xa
 1312 0996 25000000 		.4byte	0x25
 1313 099a 0A       		.uleb128 0xa
 1314 099b 25000000 		.4byte	0x25
 1315 099f 00       		.byte	0
 1316 09a0 0D       		.uleb128 0xd
 1317 09a1 D8040000 		.4byte	.LASF102
 1318 09a5 04       		.byte	0x4
 1319 09a6 0103     		.2byte	0x301
 1320 09a8 03       		.byte	0x3
 1321 09a9 880E0000 		.4byte	.LASF103
 1322 09ad D3210000 		.4byte	0x21d3
 1323 09b1 C0090000 		.4byte	0x9c0
 1324 09b5 0A       		.uleb128 0xa
 1325 09b6 72140000 		.4byte	0x1472
 1326 09ba 0A       		.uleb128 0xa
 1327 09bb 72140000 		.4byte	0x1472
 1328 09bf 00       		.byte	0
 1329 09c0 0D       		.uleb128 0xd
 1330 09c1 D8040000 		.4byte	.LASF102
 1331 09c5 04       		.byte	0x4
 1332 09c6 FD02     		.2byte	0x2fd
 1333 09c8 03       		.byte	0x3
 1334 09c9 080E0000 		.4byte	.LASF104
 1335 09cd D3210000 		.4byte	0x21d3
 1336 09d1 E0090000 		.4byte	0x9e0
 1337 09d5 0A       		.uleb128 0xa
 1338 09d6 8C140000 		.4byte	0x148c
 1339 09da 0A       		.uleb128 0xa
 1340 09db 8C140000 		.4byte	0x148c
 1341 09df 00       		.byte	0
 1342 09e0 0D       		.uleb128 0xd
 1343 09e1 D8040000 		.4byte	.LASF102
 1344 09e5 04       		.byte	0x4
 1345 09e6 F902     		.2byte	0x2f9
 1346 09e8 03       		.byte	0x3
 1347 09e9 6E0F0000 		.4byte	.LASF105
 1348 09ed D3210000 		.4byte	0x21d3
 1349 09f1 000A0000 		.4byte	0xa00
 1350 09f5 0A       		.uleb128 0xa
 1351 09f6 25000000 		.4byte	0x25
 1352 09fa 0A       		.uleb128 0xa
 1353 09fb 25000000 		.4byte	0x25
 1354 09ff 00       		.byte	0
 1355 0a00 0D       		.uleb128 0xd
 1356 0a01 5F060000 		.4byte	.LASF106
 1357 0a05 04       		.byte	0x4
 1358 0a06 1B03     		.2byte	0x31b
 1359 0a08 03       		.byte	0x3
 1360 0a09 CF080000 		.4byte	.LASF107
ARM GAS  /tmp/ccBgOzmL.s 			page 25


 1361 0a0d D3210000 		.4byte	0x21d3
 1362 0a11 200A0000 		.4byte	0xa20
 1363 0a15 0A       		.uleb128 0xa
 1364 0a16 72140000 		.4byte	0x1472
 1365 0a1a 0A       		.uleb128 0xa
 1366 0a1b 72140000 		.4byte	0x1472
 1367 0a1f 00       		.byte	0
 1368 0a20 0D       		.uleb128 0xd
 1369 0a21 5F060000 		.4byte	.LASF106
 1370 0a25 04       		.byte	0x4
 1371 0a26 1703     		.2byte	0x317
 1372 0a28 03       		.byte	0x3
 1373 0a29 0F080000 		.4byte	.LASF108
 1374 0a2d D3210000 		.4byte	0x21d3
 1375 0a31 400A0000 		.4byte	0xa40
 1376 0a35 0A       		.uleb128 0xa
 1377 0a36 8C140000 		.4byte	0x148c
 1378 0a3a 0A       		.uleb128 0xa
 1379 0a3b 8C140000 		.4byte	0x148c
 1380 0a3f 00       		.byte	0
 1381 0a40 0D       		.uleb128 0xd
 1382 0a41 5F060000 		.4byte	.LASF106
 1383 0a45 04       		.byte	0x4
 1384 0a46 1303     		.2byte	0x313
 1385 0a48 03       		.byte	0x3
 1386 0a49 85090000 		.4byte	.LASF109
 1387 0a4d D3210000 		.4byte	0x21d3
 1388 0a51 600A0000 		.4byte	0xa60
 1389 0a55 0A       		.uleb128 0xa
 1390 0a56 25000000 		.4byte	0x25
 1391 0a5a 0A       		.uleb128 0xa
 1392 0a5b 25000000 		.4byte	0x25
 1393 0a5f 00       		.byte	0
 1394 0a60 0D       		.uleb128 0xd
 1395 0a61 380C0000 		.4byte	.LASF110
 1396 0a65 04       		.byte	0x4
 1397 0a66 3503     		.2byte	0x335
 1398 0a68 03       		.byte	0x3
 1399 0a69 C1020000 		.4byte	.LASF111
 1400 0a6d D3210000 		.4byte	0x21d3
 1401 0a71 800A0000 		.4byte	0xa80
 1402 0a75 0A       		.uleb128 0xa
 1403 0a76 72140000 		.4byte	0x1472
 1404 0a7a 0A       		.uleb128 0xa
 1405 0a7b 72140000 		.4byte	0x1472
 1406 0a7f 00       		.byte	0
 1407 0a80 0D       		.uleb128 0xd
 1408 0a81 380C0000 		.4byte	.LASF110
 1409 0a85 04       		.byte	0x4
 1410 0a86 3103     		.2byte	0x331
 1411 0a88 03       		.byte	0x3
 1412 0a89 2B020000 		.4byte	.LASF112
 1413 0a8d D3210000 		.4byte	0x21d3
 1414 0a91 A00A0000 		.4byte	0xaa0
 1415 0a95 0A       		.uleb128 0xa
 1416 0a96 8C140000 		.4byte	0x148c
 1417 0a9a 0A       		.uleb128 0xa
ARM GAS  /tmp/ccBgOzmL.s 			page 26


 1418 0a9b 8C140000 		.4byte	0x148c
 1419 0a9f 00       		.byte	0
 1420 0aa0 0D       		.uleb128 0xd
 1421 0aa1 380C0000 		.4byte	.LASF110
 1422 0aa5 04       		.byte	0x4
 1423 0aa6 2D03     		.2byte	0x32d
 1424 0aa8 03       		.byte	0x3
 1425 0aa9 83030000 		.4byte	.LASF113
 1426 0aad D3210000 		.4byte	0x21d3
 1427 0ab1 C00A0000 		.4byte	0xac0
 1428 0ab5 0A       		.uleb128 0xa
 1429 0ab6 25000000 		.4byte	0x25
 1430 0aba 0A       		.uleb128 0xa
 1431 0abb 25000000 		.4byte	0x25
 1432 0abf 00       		.byte	0
 1433 0ac0 0D       		.uleb128 0xd
 1434 0ac1 0D100000 		.4byte	.LASF114
 1435 0ac5 04       		.byte	0x4
 1436 0ac6 C204     		.2byte	0x4c2
 1437 0ac8 03       		.byte	0x3
 1438 0ac9 79140000 		.4byte	.LASF115
 1439 0acd 72140000 		.4byte	0x1472
 1440 0ad1 DB0A0000 		.4byte	0xadb
 1441 0ad5 0A       		.uleb128 0xa
 1442 0ad6 72140000 		.4byte	0x1472
 1443 0ada 00       		.byte	0
 1444 0adb 0D       		.uleb128 0xd
 1445 0adc 0D100000 		.4byte	.LASF114
 1446 0ae0 04       		.byte	0x4
 1447 0ae1 BE04     		.2byte	0x4be
 1448 0ae3 03       		.byte	0x3
 1449 0ae4 85140000 		.4byte	.LASF116
 1450 0ae8 25000000 		.4byte	0x25
 1451 0aec F60A0000 		.4byte	0xaf6
 1452 0af0 0A       		.uleb128 0xa
 1453 0af1 25000000 		.4byte	0x25
 1454 0af5 00       		.byte	0
 1455 0af6 0D       		.uleb128 0xd
 1456 0af7 AD0A0000 		.4byte	.LASF117
 1457 0afb 04       		.byte	0x4
 1458 0afc D404     		.2byte	0x4d4
 1459 0afe 03       		.byte	0x3
 1460 0aff AC100000 		.4byte	.LASF118
 1461 0b03 72140000 		.4byte	0x1472
 1462 0b07 110B0000 		.4byte	0xb11
 1463 0b0b 0A       		.uleb128 0xa
 1464 0b0c 72140000 		.4byte	0x1472
 1465 0b10 00       		.byte	0
 1466 0b11 0D       		.uleb128 0xd
 1467 0b12 AD0A0000 		.4byte	.LASF117
 1468 0b16 04       		.byte	0x4
 1469 0b17 D004     		.2byte	0x4d0
 1470 0b19 03       		.byte	0x3
 1471 0b1a B8100000 		.4byte	.LASF119
 1472 0b1e 25000000 		.4byte	0x25
 1473 0b22 2C0B0000 		.4byte	0xb2c
 1474 0b26 0A       		.uleb128 0xa
ARM GAS  /tmp/ccBgOzmL.s 			page 27


 1475 0b27 25000000 		.4byte	0x25
 1476 0b2b 00       		.byte	0
 1477 0b2c 0D       		.uleb128 0xd
 1478 0b2d 6D080000 		.4byte	.LASF120
 1479 0b31 04       		.byte	0x4
 1480 0b32 E604     		.2byte	0x4e6
 1481 0b34 03       		.byte	0x3
 1482 0b35 EA0C0000 		.4byte	.LASF121
 1483 0b39 72140000 		.4byte	0x1472
 1484 0b3d 470B0000 		.4byte	0xb47
 1485 0b41 0A       		.uleb128 0xa
 1486 0b42 72140000 		.4byte	0x1472
 1487 0b46 00       		.byte	0
 1488 0b47 0D       		.uleb128 0xd
 1489 0b48 6D080000 		.4byte	.LASF120
 1490 0b4c 04       		.byte	0x4
 1491 0b4d E204     		.2byte	0x4e2
 1492 0b4f 03       		.byte	0x3
 1493 0b50 F60C0000 		.4byte	.LASF122
 1494 0b54 25000000 		.4byte	0x25
 1495 0b58 620B0000 		.4byte	0xb62
 1496 0b5c 0A       		.uleb128 0xa
 1497 0b5d 25000000 		.4byte	0x25
 1498 0b61 00       		.byte	0
 1499 0b62 0D       		.uleb128 0xd
 1500 0b63 3E0D0000 		.4byte	.LASF123
 1501 0b67 04       		.byte	0x4
 1502 0b68 F804     		.2byte	0x4f8
 1503 0b6a 03       		.byte	0x3
 1504 0b6b F8090000 		.4byte	.LASF124
 1505 0b6f 72140000 		.4byte	0x1472
 1506 0b73 7D0B0000 		.4byte	0xb7d
 1507 0b77 0A       		.uleb128 0xa
 1508 0b78 72140000 		.4byte	0x1472
 1509 0b7c 00       		.byte	0
 1510 0b7d 0D       		.uleb128 0xd
 1511 0b7e 3E0D0000 		.4byte	.LASF123
 1512 0b82 04       		.byte	0x4
 1513 0b83 F404     		.2byte	0x4f4
 1514 0b85 03       		.byte	0x3
 1515 0b86 030A0000 		.4byte	.LASF125
 1516 0b8a 25000000 		.4byte	0x25
 1517 0b8e 980B0000 		.4byte	0xb98
 1518 0b92 0A       		.uleb128 0xa
 1519 0b93 25000000 		.4byte	0x25
 1520 0b97 00       		.byte	0
 1521 0b98 0D       		.uleb128 0xd
 1522 0b99 820F0000 		.4byte	.LASF126
 1523 0b9d 04       		.byte	0x4
 1524 0b9e 0A05     		.2byte	0x50a
 1525 0ba0 03       		.byte	0x3
 1526 0ba1 2B060000 		.4byte	.LASF127
 1527 0ba5 72140000 		.4byte	0x1472
 1528 0ba9 B80B0000 		.4byte	0xbb8
 1529 0bad 0A       		.uleb128 0xa
 1530 0bae 72140000 		.4byte	0x1472
 1531 0bb2 0A       		.uleb128 0xa
ARM GAS  /tmp/ccBgOzmL.s 			page 28


 1532 0bb3 72140000 		.4byte	0x1472
 1533 0bb7 00       		.byte	0
 1534 0bb8 0D       		.uleb128 0xd
 1535 0bb9 820F0000 		.4byte	.LASF126
 1536 0bbd 04       		.byte	0x4
 1537 0bbe 0605     		.2byte	0x506
 1538 0bc0 03       		.byte	0x3
 1539 0bc1 31080000 		.4byte	.LASF128
 1540 0bc5 25000000 		.4byte	0x25
 1541 0bc9 D80B0000 		.4byte	0xbd8
 1542 0bcd 0A       		.uleb128 0xa
 1543 0bce 25000000 		.4byte	0x25
 1544 0bd2 0A       		.uleb128 0xa
 1545 0bd3 25000000 		.4byte	0x25
 1546 0bd7 00       		.byte	0
 1547 0bd8 0C       		.uleb128 0xc
 1548 0bd9 65726600 		.ascii	"erf\000"
 1549 0bdd 04       		.byte	0x4
 1550 0bde 1E05     		.2byte	0x51e
 1551 0be0 03       		.byte	0x3
 1552 0be1 30110000 		.4byte	.LASF129
 1553 0be5 72140000 		.4byte	0x1472
 1554 0be9 F30B0000 		.4byte	0xbf3
 1555 0bed 0A       		.uleb128 0xa
 1556 0bee 72140000 		.4byte	0x1472
 1557 0bf2 00       		.byte	0
 1558 0bf3 0C       		.uleb128 0xc
 1559 0bf4 65726600 		.ascii	"erf\000"
 1560 0bf8 04       		.byte	0x4
 1561 0bf9 1A05     		.2byte	0x51a
 1562 0bfb 03       		.byte	0x3
 1563 0bfc A8130000 		.4byte	.LASF130
 1564 0c00 25000000 		.4byte	0x25
 1565 0c04 0E0C0000 		.4byte	0xc0e
 1566 0c08 0A       		.uleb128 0xa
 1567 0c09 25000000 		.4byte	0x25
 1568 0c0d 00       		.byte	0
 1569 0c0e 0D       		.uleb128 0xd
 1570 0c0f 810A0000 		.4byte	.LASF131
 1571 0c13 04       		.byte	0x4
 1572 0c14 3005     		.2byte	0x530
 1573 0c16 03       		.byte	0x3
 1574 0c17 80040000 		.4byte	.LASF132
 1575 0c1b 72140000 		.4byte	0x1472
 1576 0c1f 290C0000 		.4byte	0xc29
 1577 0c23 0A       		.uleb128 0xa
 1578 0c24 72140000 		.4byte	0x1472
 1579 0c28 00       		.byte	0
 1580 0c29 0D       		.uleb128 0xd
 1581 0c2a 810A0000 		.4byte	.LASF131
 1582 0c2e 04       		.byte	0x4
 1583 0c2f 2C05     		.2byte	0x52c
 1584 0c31 03       		.byte	0x3
 1585 0c32 8B040000 		.4byte	.LASF133
 1586 0c36 25000000 		.4byte	0x25
 1587 0c3a 440C0000 		.4byte	0xc44
 1588 0c3e 0A       		.uleb128 0xa
ARM GAS  /tmp/ccBgOzmL.s 			page 29


 1589 0c3f 25000000 		.4byte	0x25
 1590 0c43 00       		.byte	0
 1591 0c44 0D       		.uleb128 0xd
 1592 0c45 BE130000 		.4byte	.LASF134
 1593 0c49 04       		.byte	0x4
 1594 0c4a 4205     		.2byte	0x542
 1595 0c4c 03       		.byte	0x3
 1596 0c4d 2B0E0000 		.4byte	.LASF135
 1597 0c51 72140000 		.4byte	0x1472
 1598 0c55 5F0C0000 		.4byte	0xc5f
 1599 0c59 0A       		.uleb128 0xa
 1600 0c5a 72140000 		.4byte	0x1472
 1601 0c5e 00       		.byte	0
 1602 0c5f 0D       		.uleb128 0xd
 1603 0c60 BE130000 		.4byte	.LASF134
 1604 0c64 04       		.byte	0x4
 1605 0c65 3E05     		.2byte	0x53e
 1606 0c67 03       		.byte	0x3
 1607 0c68 360E0000 		.4byte	.LASF136
 1608 0c6c 25000000 		.4byte	0x25
 1609 0c70 7A0C0000 		.4byte	0xc7a
 1610 0c74 0A       		.uleb128 0xa
 1611 0c75 25000000 		.4byte	0x25
 1612 0c79 00       		.byte	0
 1613 0c7a 0D       		.uleb128 0xd
 1614 0c7b 480F0000 		.4byte	.LASF137
 1615 0c7f 04       		.byte	0x4
 1616 0c80 5405     		.2byte	0x554
 1617 0c82 03       		.byte	0x3
 1618 0c83 41080000 		.4byte	.LASF138
 1619 0c87 72140000 		.4byte	0x1472
 1620 0c8b 950C0000 		.4byte	0xc95
 1621 0c8f 0A       		.uleb128 0xa
 1622 0c90 72140000 		.4byte	0x1472
 1623 0c94 00       		.byte	0
 1624 0c95 0D       		.uleb128 0xd
 1625 0c96 480F0000 		.4byte	.LASF137
 1626 0c9a 04       		.byte	0x4
 1627 0c9b 5005     		.2byte	0x550
 1628 0c9d 03       		.byte	0x3
 1629 0c9e 4D080000 		.4byte	.LASF139
 1630 0ca2 25000000 		.4byte	0x25
 1631 0ca6 B00C0000 		.4byte	0xcb0
 1632 0caa 0A       		.uleb128 0xa
 1633 0cab 25000000 		.4byte	0x25
 1634 0caf 00       		.byte	0
 1635 0cb0 0D       		.uleb128 0xd
 1636 0cb1 00000000 		.4byte	.LASF140
 1637 0cb5 04       		.byte	0x4
 1638 0cb6 6605     		.2byte	0x566
 1639 0cb8 03       		.byte	0x3
 1640 0cb9 4E030000 		.4byte	.LASF141
 1641 0cbd 72140000 		.4byte	0x1472
 1642 0cc1 D00C0000 		.4byte	0xcd0
 1643 0cc5 0A       		.uleb128 0xa
 1644 0cc6 72140000 		.4byte	0x1472
 1645 0cca 0A       		.uleb128 0xa
ARM GAS  /tmp/ccBgOzmL.s 			page 30


 1646 0ccb 72140000 		.4byte	0x1472
 1647 0ccf 00       		.byte	0
 1648 0cd0 0D       		.uleb128 0xd
 1649 0cd1 00000000 		.4byte	.LASF140
 1650 0cd5 04       		.byte	0x4
 1651 0cd6 6205     		.2byte	0x562
 1652 0cd8 03       		.byte	0x3
 1653 0cd9 650E0000 		.4byte	.LASF142
 1654 0cdd 25000000 		.4byte	0x25
 1655 0ce1 F00C0000 		.4byte	0xcf0
 1656 0ce5 0A       		.uleb128 0xa
 1657 0ce6 25000000 		.4byte	0x25
 1658 0cea 0A       		.uleb128 0xa
 1659 0ceb 25000000 		.4byte	0x25
 1660 0cef 00       		.byte	0
 1661 0cf0 0C       		.uleb128 0xc
 1662 0cf1 666D6100 		.ascii	"fma\000"
 1663 0cf5 04       		.byte	0x4
 1664 0cf6 7A05     		.2byte	0x57a
 1665 0cf8 03       		.byte	0x3
 1666 0cf9 C8010000 		.4byte	.LASF143
 1667 0cfd 72140000 		.4byte	0x1472
 1668 0d01 150D0000 		.4byte	0xd15
 1669 0d05 0A       		.uleb128 0xa
 1670 0d06 72140000 		.4byte	0x1472
 1671 0d0a 0A       		.uleb128 0xa
 1672 0d0b 72140000 		.4byte	0x1472
 1673 0d0f 0A       		.uleb128 0xa
 1674 0d10 72140000 		.4byte	0x1472
 1675 0d14 00       		.byte	0
 1676 0d15 0C       		.uleb128 0xc
 1677 0d16 666D6100 		.ascii	"fma\000"
 1678 0d1a 04       		.byte	0x4
 1679 0d1b 7605     		.2byte	0x576
 1680 0d1d 03       		.byte	0x3
 1681 0d1e 91060000 		.4byte	.LASF144
 1682 0d22 25000000 		.4byte	0x25
 1683 0d26 3A0D0000 		.4byte	0xd3a
 1684 0d2a 0A       		.uleb128 0xa
 1685 0d2b 25000000 		.4byte	0x25
 1686 0d2f 0A       		.uleb128 0xa
 1687 0d30 25000000 		.4byte	0x25
 1688 0d34 0A       		.uleb128 0xa
 1689 0d35 25000000 		.4byte	0x25
 1690 0d39 00       		.byte	0
 1691 0d3a 0D       		.uleb128 0xd
 1692 0d3b 81100000 		.4byte	.LASF145
 1693 0d3f 04       		.byte	0x4
 1694 0d40 8E05     		.2byte	0x58e
 1695 0d42 03       		.byte	0x3
 1696 0d43 B2130000 		.4byte	.LASF146
 1697 0d47 72140000 		.4byte	0x1472
 1698 0d4b 5A0D0000 		.4byte	0xd5a
 1699 0d4f 0A       		.uleb128 0xa
 1700 0d50 72140000 		.4byte	0x1472
 1701 0d54 0A       		.uleb128 0xa
 1702 0d55 72140000 		.4byte	0x1472
ARM GAS  /tmp/ccBgOzmL.s 			page 31


 1703 0d59 00       		.byte	0
 1704 0d5a 0D       		.uleb128 0xd
 1705 0d5b 81100000 		.4byte	.LASF145
 1706 0d5f 04       		.byte	0x4
 1707 0d60 8A05     		.2byte	0x58a
 1708 0d62 03       		.byte	0x3
 1709 0d63 57140000 		.4byte	.LASF147
 1710 0d67 25000000 		.4byte	0x25
 1711 0d6b 7A0D0000 		.4byte	0xd7a
 1712 0d6f 0A       		.uleb128 0xa
 1713 0d70 25000000 		.4byte	0x25
 1714 0d74 0A       		.uleb128 0xa
 1715 0d75 25000000 		.4byte	0x25
 1716 0d79 00       		.byte	0
 1717 0d7a 0D       		.uleb128 0xd
 1718 0d7b 29010000 		.4byte	.LASF148
 1719 0d7f 04       		.byte	0x4
 1720 0d80 A205     		.2byte	0x5a2
 1721 0d82 03       		.byte	0x3
 1722 0d83 36140000 		.4byte	.LASF149
 1723 0d87 72140000 		.4byte	0x1472
 1724 0d8b 9A0D0000 		.4byte	0xd9a
 1725 0d8f 0A       		.uleb128 0xa
 1726 0d90 72140000 		.4byte	0x1472
 1727 0d94 0A       		.uleb128 0xa
 1728 0d95 72140000 		.4byte	0x1472
 1729 0d99 00       		.byte	0
 1730 0d9a 0D       		.uleb128 0xd
 1731 0d9b 29010000 		.4byte	.LASF148
 1732 0d9f 04       		.byte	0x4
 1733 0da0 9E05     		.2byte	0x59e
 1734 0da2 03       		.byte	0x3
 1735 0da3 AD000000 		.4byte	.LASF150
 1736 0da7 25000000 		.4byte	0x25
 1737 0dab BA0D0000 		.4byte	0xdba
 1738 0daf 0A       		.uleb128 0xa
 1739 0db0 25000000 		.4byte	0x25
 1740 0db4 0A       		.uleb128 0xa
 1741 0db5 25000000 		.4byte	0x25
 1742 0db9 00       		.byte	0
 1743 0dba 0D       		.uleb128 0xd
 1744 0dbb 8E110000 		.4byte	.LASF151
 1745 0dbf 04       		.byte	0x4
 1746 0dc0 B605     		.2byte	0x5b6
 1747 0dc2 03       		.byte	0x3
 1748 0dc3 C2080000 		.4byte	.LASF152
 1749 0dc7 72140000 		.4byte	0x1472
 1750 0dcb DA0D0000 		.4byte	0xdda
 1751 0dcf 0A       		.uleb128 0xa
 1752 0dd0 72140000 		.4byte	0x1472
 1753 0dd4 0A       		.uleb128 0xa
 1754 0dd5 72140000 		.4byte	0x1472
 1755 0dd9 00       		.byte	0
 1756 0dda 0D       		.uleb128 0xd
 1757 0ddb 8E110000 		.4byte	.LASF151
 1758 0ddf 04       		.byte	0x4
 1759 0de0 B205     		.2byte	0x5b2
ARM GAS  /tmp/ccBgOzmL.s 			page 32


 1760 0de2 03       		.byte	0x3
 1761 0de3 0E0A0000 		.4byte	.LASF153
 1762 0de7 25000000 		.4byte	0x25
 1763 0deb FA0D0000 		.4byte	0xdfa
 1764 0def 0A       		.uleb128 0xa
 1765 0df0 25000000 		.4byte	0x25
 1766 0df4 0A       		.uleb128 0xa
 1767 0df5 25000000 		.4byte	0x25
 1768 0df9 00       		.byte	0
 1769 0dfa 0D       		.uleb128 0xd
 1770 0dfb 1E020000 		.4byte	.LASF154
 1771 0dff 04       		.byte	0x4
 1772 0e00 CA05     		.2byte	0x5ca
 1773 0e02 03       		.byte	0x3
 1774 0e03 3C120000 		.4byte	.LASF155
 1775 0e07 2C000000 		.4byte	0x2c
 1776 0e0b 150E0000 		.4byte	0xe15
 1777 0e0f 0A       		.uleb128 0xa
 1778 0e10 72140000 		.4byte	0x1472
 1779 0e14 00       		.byte	0
 1780 0e15 0D       		.uleb128 0xd
 1781 0e16 1E020000 		.4byte	.LASF154
 1782 0e1a 04       		.byte	0x4
 1783 0e1b C605     		.2byte	0x5c6
 1784 0e1d 03       		.byte	0x3
 1785 0e1e F8110000 		.4byte	.LASF156
 1786 0e22 2C000000 		.4byte	0x2c
 1787 0e26 300E0000 		.4byte	0xe30
 1788 0e2a 0A       		.uleb128 0xa
 1789 0e2b 25000000 		.4byte	0x25
 1790 0e2f 00       		.byte	0
 1791 0e30 0D       		.uleb128 0xd
 1792 0e31 C0120000 		.4byte	.LASF157
 1793 0e35 04       		.byte	0x4
 1794 0e36 DD05     		.2byte	0x5dd
 1795 0e38 03       		.byte	0x3
 1796 0e39 2E010000 		.4byte	.LASF158
 1797 0e3d 72140000 		.4byte	0x1472
 1798 0e41 4B0E0000 		.4byte	0xe4b
 1799 0e45 0A       		.uleb128 0xa
 1800 0e46 72140000 		.4byte	0x1472
 1801 0e4a 00       		.byte	0
 1802 0e4b 0D       		.uleb128 0xd
 1803 0e4c C0120000 		.4byte	.LASF157
 1804 0e50 04       		.byte	0x4
 1805 0e51 D905     		.2byte	0x5d9
 1806 0e53 03       		.byte	0x3
 1807 0e54 3B010000 		.4byte	.LASF159
 1808 0e58 25000000 		.4byte	0x25
 1809 0e5c 660E0000 		.4byte	0xe66
 1810 0e60 0A       		.uleb128 0xa
 1811 0e61 25000000 		.4byte	0x25
 1812 0e65 00       		.byte	0
 1813 0e66 0D       		.uleb128 0xd
 1814 0e67 7D110000 		.4byte	.LASF160
 1815 0e6b 04       		.byte	0x4
 1816 0e6c EF05     		.2byte	0x5ef
ARM GAS  /tmp/ccBgOzmL.s 			page 33


 1817 0e6e 03       		.byte	0x3
 1818 0e6f 5D130000 		.4byte	.LASF161
 1819 0e73 DA120000 		.4byte	0x12da
 1820 0e77 810E0000 		.4byte	0xe81
 1821 0e7b 0A       		.uleb128 0xa
 1822 0e7c 72140000 		.4byte	0x1472
 1823 0e80 00       		.byte	0
 1824 0e81 0D       		.uleb128 0xd
 1825 0e82 7D110000 		.4byte	.LASF160
 1826 0e86 04       		.byte	0x4
 1827 0e87 EB05     		.2byte	0x5eb
 1828 0e89 03       		.byte	0x3
 1829 0e8a 6A130000 		.4byte	.LASF162
 1830 0e8e DA120000 		.4byte	0x12da
 1831 0e92 9C0E0000 		.4byte	0xe9c
 1832 0e96 0A       		.uleb128 0xa
 1833 0e97 25000000 		.4byte	0x25
 1834 0e9b 00       		.byte	0
 1835 0e9c 0D       		.uleb128 0xd
 1836 0e9d 300C0000 		.4byte	.LASF163
 1837 0ea1 04       		.byte	0x4
 1838 0ea2 0106     		.2byte	0x601
 1839 0ea4 03       		.byte	0x3
 1840 0ea5 FF080000 		.4byte	.LASF164
 1841 0ea9 DA120000 		.4byte	0x12da
 1842 0ead B70E0000 		.4byte	0xeb7
 1843 0eb1 0A       		.uleb128 0xa
 1844 0eb2 72140000 		.4byte	0x1472
 1845 0eb6 00       		.byte	0
 1846 0eb7 0D       		.uleb128 0xd
 1847 0eb8 300C0000 		.4byte	.LASF163
 1848 0ebc 04       		.byte	0x4
 1849 0ebd FD05     		.2byte	0x5fd
 1850 0ebf 03       		.byte	0x3
 1851 0ec0 0D090000 		.4byte	.LASF165
 1852 0ec4 DA120000 		.4byte	0x12da
 1853 0ec8 D20E0000 		.4byte	0xed2
 1854 0ecc 0A       		.uleb128 0xa
 1855 0ecd 25000000 		.4byte	0x25
 1856 0ed1 00       		.byte	0
 1857 0ed2 0D       		.uleb128 0xd
 1858 0ed3 AA060000 		.4byte	.LASF166
 1859 0ed7 04       		.byte	0x4
 1860 0ed8 1306     		.2byte	0x613
 1861 0eda 03       		.byte	0x3
 1862 0edb 53020000 		.4byte	.LASF167
 1863 0edf 72140000 		.4byte	0x1472
 1864 0ee3 ED0E0000 		.4byte	0xeed
 1865 0ee7 0A       		.uleb128 0xa
 1866 0ee8 72140000 		.4byte	0x1472
 1867 0eec 00       		.byte	0
 1868 0eed 0D       		.uleb128 0xd
 1869 0eee AA060000 		.4byte	.LASF166
 1870 0ef2 04       		.byte	0x4
 1871 0ef3 0F06     		.2byte	0x60f
 1872 0ef5 03       		.byte	0x3
 1873 0ef6 5F020000 		.4byte	.LASF168
ARM GAS  /tmp/ccBgOzmL.s 			page 34


 1874 0efa 25000000 		.4byte	0x25
 1875 0efe 080F0000 		.4byte	0xf08
 1876 0f02 0A       		.uleb128 0xa
 1877 0f03 25000000 		.4byte	0x25
 1878 0f07 00       		.byte	0
 1879 0f08 0D       		.uleb128 0xd
 1880 0f09 6C090000 		.4byte	.LASF169
 1881 0f0d 04       		.byte	0x4
 1882 0f0e 2606     		.2byte	0x626
 1883 0f10 03       		.byte	0x3
 1884 0f11 54040000 		.4byte	.LASF170
 1885 0f15 72140000 		.4byte	0x1472
 1886 0f19 230F0000 		.4byte	0xf23
 1887 0f1d 0A       		.uleb128 0xa
 1888 0f1e 72140000 		.4byte	0x1472
 1889 0f22 00       		.byte	0
 1890 0f23 0D       		.uleb128 0xd
 1891 0f24 6C090000 		.4byte	.LASF169
 1892 0f28 04       		.byte	0x4
 1893 0f29 2206     		.2byte	0x622
 1894 0f2b 03       		.byte	0x3
 1895 0f2c 5F040000 		.4byte	.LASF171
 1896 0f30 25000000 		.4byte	0x25
 1897 0f34 3E0F0000 		.4byte	0xf3e
 1898 0f38 0A       		.uleb128 0xa
 1899 0f39 25000000 		.4byte	0x25
 1900 0f3d 00       		.byte	0
 1901 0f3e 0D       		.uleb128 0xd
 1902 0f3f C0090000 		.4byte	.LASF172
 1903 0f43 04       		.byte	0x4
 1904 0f44 3806     		.2byte	0x638
 1905 0f46 03       		.byte	0x3
 1906 0f47 76100000 		.4byte	.LASF173
 1907 0f4b 72140000 		.4byte	0x1472
 1908 0f4f 590F0000 		.4byte	0xf59
 1909 0f53 0A       		.uleb128 0xa
 1910 0f54 72140000 		.4byte	0x1472
 1911 0f58 00       		.byte	0
 1912 0f59 0D       		.uleb128 0xd
 1913 0f5a C0090000 		.4byte	.LASF172
 1914 0f5e 04       		.byte	0x4
 1915 0f5f 3406     		.2byte	0x634
 1916 0f61 03       		.byte	0x3
 1917 0f62 7A090000 		.4byte	.LASF174
 1918 0f66 25000000 		.4byte	0x25
 1919 0f6a 740F0000 		.4byte	0xf74
 1920 0f6e 0A       		.uleb128 0xa
 1921 0f6f 25000000 		.4byte	0x25
 1922 0f73 00       		.byte	0
 1923 0f74 0D       		.uleb128 0xd
 1924 0f75 5D050000 		.4byte	.LASF175
 1925 0f79 04       		.byte	0x4
 1926 0f7a 4A06     		.2byte	0x64a
 1927 0f7c 03       		.byte	0x3
 1928 0f7d 06020000 		.4byte	.LASF176
 1929 0f81 C7120000 		.4byte	0x12c7
 1930 0f85 8F0F0000 		.4byte	0xf8f
ARM GAS  /tmp/ccBgOzmL.s 			page 35


 1931 0f89 0A       		.uleb128 0xa
 1932 0f8a 72140000 		.4byte	0x1472
 1933 0f8e 00       		.byte	0
 1934 0f8f 0D       		.uleb128 0xd
 1935 0f90 5D050000 		.4byte	.LASF175
 1936 0f94 04       		.byte	0x4
 1937 0f95 4606     		.2byte	0x646
 1938 0f97 03       		.byte	0x3
 1939 0f98 12020000 		.4byte	.LASF177
 1940 0f9c C7120000 		.4byte	0x12c7
 1941 0fa0 AA0F0000 		.4byte	0xfaa
 1942 0fa4 0A       		.uleb128 0xa
 1943 0fa5 25000000 		.4byte	0x25
 1944 0fa9 00       		.byte	0
 1945 0faa 0D       		.uleb128 0xd
 1946 0fab E7100000 		.4byte	.LASF178
 1947 0faf 04       		.byte	0x4
 1948 0fb0 5C06     		.2byte	0x65c
 1949 0fb2 03       		.byte	0x3
 1950 0fb3 D7050000 		.4byte	.LASF179
 1951 0fb7 C7120000 		.4byte	0x12c7
 1952 0fbb C50F0000 		.4byte	0xfc5
 1953 0fbf 0A       		.uleb128 0xa
 1954 0fc0 72140000 		.4byte	0x1472
 1955 0fc4 00       		.byte	0
 1956 0fc5 0D       		.uleb128 0xd
 1957 0fc6 E7100000 		.4byte	.LASF178
 1958 0fca 04       		.byte	0x4
 1959 0fcb 5806     		.2byte	0x658
 1960 0fcd 03       		.byte	0x3
 1961 0fce E4050000 		.4byte	.LASF180
 1962 0fd2 C7120000 		.4byte	0x12c7
 1963 0fd6 E00F0000 		.4byte	0xfe0
 1964 0fda 0A       		.uleb128 0xa
 1965 0fdb 25000000 		.4byte	0x25
 1966 0fdf 00       		.byte	0
 1967 0fe0 0D       		.uleb128 0xd
 1968 0fe1 E2030000 		.4byte	.LASF181
 1969 0fe5 04       		.byte	0x4
 1970 0fe6 6E06     		.2byte	0x66e
 1971 0fe8 03       		.byte	0x3
 1972 0fe9 19030000 		.4byte	.LASF182
 1973 0fed 72140000 		.4byte	0x1472
 1974 0ff1 FB0F0000 		.4byte	0xffb
 1975 0ff5 0A       		.uleb128 0xa
 1976 0ff6 72140000 		.4byte	0x1472
 1977 0ffa 00       		.byte	0
 1978 0ffb 0D       		.uleb128 0xd
 1979 0ffc E2030000 		.4byte	.LASF181
 1980 1000 04       		.byte	0x4
 1981 1001 6A06     		.2byte	0x66a
 1982 1003 03       		.byte	0x3
 1983 1004 29030000 		.4byte	.LASF183
 1984 1008 25000000 		.4byte	0x25
 1985 100c 16100000 		.4byte	0x1016
 1986 1010 0A       		.uleb128 0xa
 1987 1011 25000000 		.4byte	0x25
ARM GAS  /tmp/ccBgOzmL.s 			page 36


 1988 1015 00       		.byte	0
 1989 1016 0D       		.uleb128 0xd
 1990 1017 4E0F0000 		.4byte	.LASF184
 1991 101b 04       		.byte	0x4
 1992 101c 8006     		.2byte	0x680
 1993 101e 03       		.byte	0x3
 1994 101f 18010000 		.4byte	.LASF185
 1995 1023 72140000 		.4byte	0x1472
 1996 1027 36100000 		.4byte	0x1036
 1997 102b 0A       		.uleb128 0xa
 1998 102c 72140000 		.4byte	0x1472
 1999 1030 0A       		.uleb128 0xa
 2000 1031 72140000 		.4byte	0x1472
 2001 1035 00       		.byte	0
 2002 1036 0D       		.uleb128 0xd
 2003 1037 4E0F0000 		.4byte	.LASF184
 2004 103b 04       		.byte	0x4
 2005 103c 7C06     		.2byte	0x67c
 2006 103e 03       		.byte	0x3
 2007 103f D4010000 		.4byte	.LASF186
 2008 1043 25000000 		.4byte	0x25
 2009 1047 56100000 		.4byte	0x1056
 2010 104b 0A       		.uleb128 0xa
 2011 104c 25000000 		.4byte	0x25
 2012 1050 0A       		.uleb128 0xa
 2013 1051 25000000 		.4byte	0x25
 2014 1055 00       		.byte	0
 2015 1056 0D       		.uleb128 0xd
 2016 1057 6B020000 		.4byte	.LASF187
 2017 105b 04       		.byte	0x4
 2018 105c 9406     		.2byte	0x694
 2019 105e 03       		.byte	0x3
 2020 105f 2F000000 		.4byte	.LASF188
 2021 1063 72140000 		.4byte	0x1472
 2022 1067 76100000 		.4byte	0x1076
 2023 106b 0A       		.uleb128 0xa
 2024 106c 72140000 		.4byte	0x1472
 2025 1070 0A       		.uleb128 0xa
 2026 1071 72140000 		.4byte	0x1472
 2027 1075 00       		.byte	0
 2028 1076 0D       		.uleb128 0xd
 2029 1077 6B020000 		.4byte	.LASF187
 2030 107b 04       		.byte	0x4
 2031 107c 9006     		.2byte	0x690
 2032 107e 03       		.byte	0x3
 2033 107f 77010000 		.4byte	.LASF189
 2034 1083 25000000 		.4byte	0x25
 2035 1087 96100000 		.4byte	0x1096
 2036 108b 0A       		.uleb128 0xa
 2037 108c 25000000 		.4byte	0x25
 2038 1090 0A       		.uleb128 0xa
 2039 1091 72140000 		.4byte	0x1472
 2040 1095 00       		.byte	0
 2041 1096 0D       		.uleb128 0xd
 2042 1097 16140000 		.4byte	.LASF190
 2043 109b 04       		.byte	0x4
 2044 109c A606     		.2byte	0x6a6
ARM GAS  /tmp/ccBgOzmL.s 			page 37


 2045 109e 03       		.byte	0x3
 2046 109f 67120000 		.4byte	.LASF191
 2047 10a3 72140000 		.4byte	0x1472
 2048 10a7 B6100000 		.4byte	0x10b6
 2049 10ab 0A       		.uleb128 0xa
 2050 10ac 72140000 		.4byte	0x1472
 2051 10b0 0A       		.uleb128 0xa
 2052 10b1 72140000 		.4byte	0x1472
 2053 10b5 00       		.byte	0
 2054 10b6 0D       		.uleb128 0xd
 2055 10b7 16140000 		.4byte	.LASF190
 2056 10bb 04       		.byte	0x4
 2057 10bc A206     		.2byte	0x6a2
 2058 10be 03       		.byte	0x3
 2059 10bf 1E130000 		.4byte	.LASF192
 2060 10c3 25000000 		.4byte	0x25
 2061 10c7 D6100000 		.4byte	0x10d6
 2062 10cb 0A       		.uleb128 0xa
 2063 10cc 25000000 		.4byte	0x25
 2064 10d0 0A       		.uleb128 0xa
 2065 10d1 25000000 		.4byte	0x25
 2066 10d5 00       		.byte	0
 2067 10d6 0D       		.uleb128 0xd
 2068 10d7 700C0000 		.4byte	.LASF193
 2069 10db 04       		.byte	0x4
 2070 10dc BA06     		.2byte	0x6ba
 2071 10de 03       		.byte	0x3
 2072 10df 890C0000 		.4byte	.LASF194
 2073 10e3 72140000 		.4byte	0x1472
 2074 10e7 FB100000 		.4byte	0x10fb
 2075 10eb 0A       		.uleb128 0xa
 2076 10ec 72140000 		.4byte	0x1472
 2077 10f0 0A       		.uleb128 0xa
 2078 10f1 72140000 		.4byte	0x1472
 2079 10f5 0A       		.uleb128 0xa
 2080 10f6 901F0000 		.4byte	0x1f90
 2081 10fa 00       		.byte	0
 2082 10fb 0D       		.uleb128 0xd
 2083 10fc 700C0000 		.4byte	.LASF193
 2084 1100 04       		.byte	0x4
 2085 1101 B606     		.2byte	0x6b6
 2086 1103 03       		.byte	0x3
 2087 1104 EB130000 		.4byte	.LASF195
 2088 1108 25000000 		.4byte	0x25
 2089 110c 20110000 		.4byte	0x1120
 2090 1110 0A       		.uleb128 0xa
 2091 1111 25000000 		.4byte	0x25
 2092 1115 0A       		.uleb128 0xa
 2093 1116 25000000 		.4byte	0x25
 2094 111a 0A       		.uleb128 0xa
 2095 111b 901F0000 		.4byte	0x1f90
 2096 111f 00       		.byte	0
 2097 1120 0D       		.uleb128 0xd
 2098 1121 86100000 		.4byte	.LASF196
 2099 1125 04       		.byte	0x4
 2100 1126 CE06     		.2byte	0x6ce
 2101 1128 03       		.byte	0x3
ARM GAS  /tmp/ccBgOzmL.s 			page 38


 2102 1129 5E110000 		.4byte	.LASF197
 2103 112d 72140000 		.4byte	0x1472
 2104 1131 3B110000 		.4byte	0x113b
 2105 1135 0A       		.uleb128 0xa
 2106 1136 72140000 		.4byte	0x1472
 2107 113a 00       		.byte	0
 2108 113b 0D       		.uleb128 0xd
 2109 113c 86100000 		.4byte	.LASF196
 2110 1140 04       		.byte	0x4
 2111 1141 CA06     		.2byte	0x6ca
 2112 1143 03       		.byte	0x3
 2113 1144 69110000 		.4byte	.LASF198
 2114 1148 25000000 		.4byte	0x25
 2115 114c 56110000 		.4byte	0x1156
 2116 1150 0A       		.uleb128 0xa
 2117 1151 25000000 		.4byte	0x25
 2118 1155 00       		.byte	0
 2119 1156 0D       		.uleb128 0xd
 2120 1157 D10B0000 		.4byte	.LASF199
 2121 115b 04       		.byte	0x4
 2122 115c E006     		.2byte	0x6e0
 2123 115e 03       		.byte	0x3
 2124 115f 480A0000 		.4byte	.LASF200
 2125 1163 72140000 		.4byte	0x1472
 2126 1167 71110000 		.4byte	0x1171
 2127 116b 0A       		.uleb128 0xa
 2128 116c 72140000 		.4byte	0x1472
 2129 1170 00       		.byte	0
 2130 1171 0D       		.uleb128 0xd
 2131 1172 D10B0000 		.4byte	.LASF199
 2132 1176 04       		.byte	0x4
 2133 1177 DC06     		.2byte	0x6dc
 2134 1179 03       		.byte	0x3
 2135 117a 540A0000 		.4byte	.LASF201
 2136 117e 25000000 		.4byte	0x25
 2137 1182 8C110000 		.4byte	0x118c
 2138 1186 0A       		.uleb128 0xa
 2139 1187 25000000 		.4byte	0x25
 2140 118b 00       		.byte	0
 2141 118c 0D       		.uleb128 0xd
 2142 118d 710D0000 		.4byte	.LASF202
 2143 1191 04       		.byte	0x4
 2144 1192 F206     		.2byte	0x6f2
 2145 1194 03       		.byte	0x3
 2146 1195 7E080000 		.4byte	.LASF203
 2147 1199 72140000 		.4byte	0x1472
 2148 119d AC110000 		.4byte	0x11ac
 2149 11a1 0A       		.uleb128 0xa
 2150 11a2 72140000 		.4byte	0x1472
 2151 11a6 0A       		.uleb128 0xa
 2152 11a7 C7120000 		.4byte	0x12c7
 2153 11ab 00       		.byte	0
 2154 11ac 0D       		.uleb128 0xd
 2155 11ad 710D0000 		.4byte	.LASF202
 2156 11b1 04       		.byte	0x4
 2157 11b2 EE06     		.2byte	0x6ee
 2158 11b4 03       		.byte	0x3
ARM GAS  /tmp/ccBgOzmL.s 			page 39


 2159 11b5 34090000 		.4byte	.LASF204
 2160 11b9 25000000 		.4byte	0x25
 2161 11bd CC110000 		.4byte	0x11cc
 2162 11c1 0A       		.uleb128 0xa
 2163 11c2 25000000 		.4byte	0x25
 2164 11c6 0A       		.uleb128 0xa
 2165 11c7 C7120000 		.4byte	0x12c7
 2166 11cb 00       		.byte	0
 2167 11cc 0D       		.uleb128 0xd
 2168 11cd 20110000 		.4byte	.LASF205
 2169 11d1 04       		.byte	0x4
 2170 11d2 0407     		.2byte	0x704
 2171 11d4 03       		.byte	0x3
 2172 11d5 FB130000 		.4byte	.LASF206
 2173 11d9 72140000 		.4byte	0x1472
 2174 11dd EC110000 		.4byte	0x11ec
 2175 11e1 0A       		.uleb128 0xa
 2176 11e2 72140000 		.4byte	0x1472
 2177 11e6 0A       		.uleb128 0xa
 2178 11e7 2C000000 		.4byte	0x2c
 2179 11eb 00       		.byte	0
 2180 11ec 0D       		.uleb128 0xd
 2181 11ed 20110000 		.4byte	.LASF205
 2182 11f1 04       		.byte	0x4
 2183 11f2 0007     		.2byte	0x700
 2184 11f4 03       		.byte	0x3
 2185 11f5 53000000 		.4byte	.LASF207
 2186 11f9 25000000 		.4byte	0x25
 2187 11fd 0C120000 		.4byte	0x120c
 2188 1201 0A       		.uleb128 0xa
 2189 1202 25000000 		.4byte	0x25
 2190 1206 0A       		.uleb128 0xa
 2191 1207 2C000000 		.4byte	0x2c
 2192 120b 00       		.byte	0
 2193 120c 0D       		.uleb128 0xd
 2194 120d EA080000 		.4byte	.LASF208
 2195 1211 04       		.byte	0x4
 2196 1212 1607     		.2byte	0x716
 2197 1214 03       		.byte	0x3
 2198 1215 B30A0000 		.4byte	.LASF209
 2199 1219 72140000 		.4byte	0x1472
 2200 121d 27120000 		.4byte	0x1227
 2201 1221 0A       		.uleb128 0xa
 2202 1222 72140000 		.4byte	0x1472
 2203 1226 00       		.byte	0
 2204 1227 0D       		.uleb128 0xd
 2205 1228 EA080000 		.4byte	.LASF208
 2206 122c 04       		.byte	0x4
 2207 122d 1207     		.2byte	0x712
 2208 122f 03       		.byte	0x3
 2209 1230 C00A0000 		.4byte	.LASF210
 2210 1234 25000000 		.4byte	0x25
 2211 1238 42120000 		.4byte	0x1242
 2212 123c 0A       		.uleb128 0xa
 2213 123d 25000000 		.4byte	0x25
 2214 1241 00       		.byte	0
 2215 1242 0D       		.uleb128 0xd
ARM GAS  /tmp/ccBgOzmL.s 			page 40


 2216 1243 EB0F0000 		.4byte	.LASF211
 2217 1247 04       		.byte	0x4
 2218 1248 2807     		.2byte	0x728
 2219 124a 03       		.byte	0x3
 2220 124b 350B0000 		.4byte	.LASF212
 2221 124f 72140000 		.4byte	0x1472
 2222 1253 5D120000 		.4byte	0x125d
 2223 1257 0A       		.uleb128 0xa
 2224 1258 72140000 		.4byte	0x1472
 2225 125c 00       		.byte	0
 2226 125d 0E       		.uleb128 0xe
 2227 125e EB0F0000 		.4byte	.LASF211
 2228 1262 04       		.byte	0x4
 2229 1263 2407     		.2byte	0x724
 2230 1265 03       		.byte	0x3
 2231 1266 410B0000 		.4byte	.LASF443
 2232 126a 25000000 		.4byte	0x25
 2233 126e 0A       		.uleb128 0xa
 2234 126f 25000000 		.4byte	0x25
 2235 1273 00       		.byte	0
 2236 1274 00       		.byte	0
 2237 1275 0F       		.uleb128 0xf
 2238 1276 580D0000 		.4byte	.LASF444
 2239 127a 06       		.byte	0x6
 2240 127b 1601     		.2byte	0x116
 2241 127d 0B       		.byte	0xb
 2242 127e 95120000 		.4byte	0x1295
 2243 1282 05       		.uleb128 0x5
 2244 1283 D70F0000 		.4byte	.LASF213
 2245 1287 06       		.byte	0x6
 2246 1288 1801     		.2byte	0x118
 2247 128a 41       		.byte	0x41
 2248 128b 06       		.uleb128 0x6
 2249 128c 06       		.byte	0x6
 2250 128d 1801     		.2byte	0x118
 2251 128f 41       		.byte	0x41
 2252 1290 82120000 		.4byte	0x1282
 2253 1294 00       		.byte	0
 2254 1295 10       		.uleb128 0x10
 2255 1296 42000000 		.4byte	.LASF215
 2256 129a 07       		.byte	0x7
 2257 129b 22       		.byte	0x22
 2258 129c 17       		.byte	0x17
 2259 129d A1120000 		.4byte	0x12a1
 2260 12a1 02       		.uleb128 0x2
 2261 12a2 01       		.byte	0x1
 2262 12a3 06       		.byte	0x6
 2263 12a4 CE030000 		.4byte	.LASF214
 2264 12a8 10       		.uleb128 0x10
 2265 12a9 48110000 		.4byte	.LASF216
 2266 12ad 07       		.byte	0x7
 2267 12ae 25       		.byte	0x25
 2268 12af 18       		.byte	0x18
 2269 12b0 B4120000 		.4byte	0x12b4
 2270 12b4 02       		.uleb128 0x2
 2271 12b5 02       		.byte	0x2
 2272 12b6 05       		.byte	0x5
ARM GAS  /tmp/ccBgOzmL.s 			page 41


 2273 12b7 4D0C0000 		.4byte	.LASF217
 2274 12bb 10       		.uleb128 0x10
 2275 12bc EA000000 		.4byte	.LASF218
 2276 12c0 07       		.byte	0x7
 2277 12c1 28       		.byte	0x28
 2278 12c2 18       		.byte	0x18
 2279 12c3 C7120000 		.4byte	0x12c7
 2280 12c7 02       		.uleb128 0x2
 2281 12c8 04       		.byte	0x4
 2282 12c9 05       		.byte	0x5
 2283 12ca D5020000 		.4byte	.LASF219
 2284 12ce 10       		.uleb128 0x10
 2285 12cf 83130000 		.4byte	.LASF220
 2286 12d3 07       		.byte	0x7
 2287 12d4 2B       		.byte	0x2b
 2288 12d5 18       		.byte	0x18
 2289 12d6 DA120000 		.4byte	0x12da
 2290 12da 02       		.uleb128 0x2
 2291 12db 08       		.byte	0x8
 2292 12dc 05       		.byte	0x5
 2293 12dd 4D0B0000 		.4byte	.LASF221
 2294 12e1 10       		.uleb128 0x10
 2295 12e2 DA030000 		.4byte	.LASF222
 2296 12e6 07       		.byte	0x7
 2297 12e7 2E       		.byte	0x2e
 2298 12e8 18       		.byte	0x18
 2299 12e9 F2120000 		.4byte	0x12f2
 2300 12ed 11       		.uleb128 0x11
 2301 12ee E1120000 		.4byte	0x12e1
 2302 12f2 02       		.uleb128 0x2
 2303 12f3 01       		.byte	0x1
 2304 12f4 08       		.byte	0x8
 2305 12f5 96040000 		.4byte	.LASF223
 2306 12f9 10       		.uleb128 0x10
 2307 12fa ED0E0000 		.4byte	.LASF224
 2308 12fe 07       		.byte	0x7
 2309 12ff 31       		.byte	0x31
 2310 1300 19       		.byte	0x19
 2311 1301 05130000 		.4byte	0x1305
 2312 1305 02       		.uleb128 0x2
 2313 1306 02       		.byte	0x2
 2314 1307 07       		.byte	0x7
 2315 1308 2F130000 		.4byte	.LASF225
 2316 130c 10       		.uleb128 0x10
 2317 130d 8F120000 		.4byte	.LASF226
 2318 1311 07       		.byte	0x7
 2319 1312 34       		.byte	0x34
 2320 1313 19       		.byte	0x19
 2321 1314 1D130000 		.4byte	0x131d
 2322 1318 11       		.uleb128 0x11
 2323 1319 0C130000 		.4byte	0x130c
 2324 131d 02       		.uleb128 0x2
 2325 131e 04       		.byte	0x4
 2326 131f 07       		.byte	0x7
 2327 1320 080F0000 		.4byte	.LASF227
 2328 1324 10       		.uleb128 0x10
 2329 1325 27110000 		.4byte	.LASF228
ARM GAS  /tmp/ccBgOzmL.s 			page 42


 2330 1329 07       		.byte	0x7
 2331 132a 37       		.byte	0x37
 2332 132b 19       		.byte	0x19
 2333 132c 30130000 		.4byte	0x1330
 2334 1330 02       		.uleb128 0x2
 2335 1331 08       		.byte	0x8
 2336 1332 07       		.byte	0x7
 2337 1333 9C0E0000 		.4byte	.LASF229
 2338 1337 10       		.uleb128 0x10
 2339 1338 A00D0000 		.4byte	.LASF230
 2340 133c 07       		.byte	0x7
 2341 133d 3C       		.byte	0x3c
 2342 133e 1D       		.byte	0x1d
 2343 133f A1120000 		.4byte	0x12a1
 2344 1343 10       		.uleb128 0x10
 2345 1344 6D060000 		.4byte	.LASF231
 2346 1348 07       		.byte	0x7
 2347 1349 3D       		.byte	0x3d
 2348 134a 1E       		.byte	0x1e
 2349 134b B4120000 		.4byte	0x12b4
 2350 134f 10       		.uleb128 0x10
 2351 1350 730B0000 		.4byte	.LASF232
 2352 1354 07       		.byte	0x7
 2353 1355 3E       		.byte	0x3e
 2354 1356 1E       		.byte	0x1e
 2355 1357 C7120000 		.4byte	0x12c7
 2356 135b 10       		.uleb128 0x10
 2357 135c 280A0000 		.4byte	.LASF233
 2358 1360 07       		.byte	0x7
 2359 1361 3F       		.byte	0x3f
 2360 1362 1E       		.byte	0x1e
 2361 1363 DA120000 		.4byte	0x12da
 2362 1367 10       		.uleb128 0x10
 2363 1368 7E0D0000 		.4byte	.LASF234
 2364 136c 07       		.byte	0x7
 2365 136d 40       		.byte	0x40
 2366 136e 1E       		.byte	0x1e
 2367 136f F2120000 		.4byte	0x12f2
 2368 1373 10       		.uleb128 0x10
 2369 1374 B9010000 		.4byte	.LASF235
 2370 1378 07       		.byte	0x7
 2371 1379 41       		.byte	0x41
 2372 137a 1F       		.byte	0x1f
 2373 137b 05130000 		.4byte	0x1305
 2374 137f 10       		.uleb128 0x10
 2375 1380 9B050000 		.4byte	.LASF236
 2376 1384 07       		.byte	0x7
 2377 1385 42       		.byte	0x42
 2378 1386 1F       		.byte	0x1f
 2379 1387 1D130000 		.4byte	0x131d
 2380 138b 10       		.uleb128 0x10
 2381 138c 9C030000 		.4byte	.LASF237
 2382 1390 07       		.byte	0x7
 2383 1391 43       		.byte	0x43
 2384 1392 1F       		.byte	0x1f
 2385 1393 30130000 		.4byte	0x1330
 2386 1397 10       		.uleb128 0x10
ARM GAS  /tmp/ccBgOzmL.s 			page 43


 2387 1398 07010000 		.4byte	.LASF238
 2388 139c 07       		.byte	0x7
 2389 139d 47       		.byte	0x47
 2390 139e 1C       		.byte	0x1c
 2391 139f 2C000000 		.4byte	0x2c
 2392 13a3 11       		.uleb128 0x11
 2393 13a4 2C000000 		.4byte	0x2c
 2394 13a8 10       		.uleb128 0x10
 2395 13a9 9F0C0000 		.4byte	.LASF239
 2396 13ad 07       		.byte	0x7
 2397 13ae 48       		.byte	0x48
 2398 13af 1D       		.byte	0x1d
 2399 13b0 2C000000 		.4byte	0x2c
 2400 13b4 10       		.uleb128 0x10
 2401 13b5 91100000 		.4byte	.LASF240
 2402 13b9 07       		.byte	0x7
 2403 13ba 49       		.byte	0x49
 2404 13bb 1D       		.byte	0x1d
 2405 13bc 2C000000 		.4byte	0x2c
 2406 13c0 10       		.uleb128 0x10
 2407 13c1 580F0000 		.4byte	.LASF241
 2408 13c5 07       		.byte	0x7
 2409 13c6 4A       		.byte	0x4a
 2410 13c7 1D       		.byte	0x1d
 2411 13c8 DA120000 		.4byte	0x12da
 2412 13cc 10       		.uleb128 0x10
 2413 13cd DA100000 		.4byte	.LASF242
 2414 13d1 07       		.byte	0x7
 2415 13d2 4B       		.byte	0x4b
 2416 13d3 1D       		.byte	0x1d
 2417 13d4 D8130000 		.4byte	0x13d8
 2418 13d8 02       		.uleb128 0x2
 2419 13d9 04       		.byte	0x4
 2420 13da 07       		.byte	0x7
 2421 13db 170C0000 		.4byte	.LASF243
 2422 13df 10       		.uleb128 0x10
 2423 13e0 A0120000 		.4byte	.LASF244
 2424 13e4 07       		.byte	0x7
 2425 13e5 4C       		.byte	0x4c
 2426 13e6 1E       		.byte	0x1e
 2427 13e7 D8130000 		.4byte	0x13d8
 2428 13eb 10       		.uleb128 0x10
 2429 13ec 3F020000 		.4byte	.LASF245
 2430 13f0 07       		.byte	0x7
 2431 13f1 4D       		.byte	0x4d
 2432 13f2 1E       		.byte	0x1e
 2433 13f3 D8130000 		.4byte	0x13d8
 2434 13f7 10       		.uleb128 0x10
 2435 13f8 F20B0000 		.4byte	.LASF246
 2436 13fc 07       		.byte	0x7
 2437 13fd 4E       		.byte	0x4e
 2438 13fe 1E       		.byte	0x1e
 2439 13ff 30130000 		.4byte	0x1330
 2440 1403 10       		.uleb128 0x10
 2441 1404 7F0E0000 		.4byte	.LASF247
 2442 1408 07       		.byte	0x7
 2443 1409 53       		.byte	0x53
ARM GAS  /tmp/ccBgOzmL.s 			page 44


 2444 140a 19       		.byte	0x19
 2445 140b 2C000000 		.4byte	0x2c
 2446 140f 10       		.uleb128 0x10
 2447 1410 920A0000 		.4byte	.LASF248
 2448 1414 07       		.byte	0x7
 2449 1415 56       		.byte	0x56
 2450 1416 1A       		.byte	0x1a
 2451 1417 D8130000 		.4byte	0x13d8
 2452 141b 10       		.uleb128 0x10
 2453 141c B70D0000 		.4byte	.LASF249
 2454 1420 07       		.byte	0x7
 2455 1421 5B       		.byte	0x5b
 2456 1422 19       		.byte	0x19
 2457 1423 DA120000 		.4byte	0x12da
 2458 1427 10       		.uleb128 0x10
 2459 1428 A60B0000 		.4byte	.LASF250
 2460 142c 07       		.byte	0x7
 2461 142d 5C       		.byte	0x5c
 2462 142e 1A       		.byte	0x1a
 2463 142f 30130000 		.4byte	0x1330
 2464 1433 10       		.uleb128 0x10
 2465 1434 D9120000 		.4byte	.LASF251
 2466 1438 08       		.byte	0x8
 2467 1439 D1       		.byte	0xd1
 2468 143a 17       		.byte	0x17
 2469 143b D8130000 		.4byte	0x13d8
 2470 143f 11       		.uleb128 0x11
 2471 1440 33140000 		.4byte	0x1433
 2472 1444 12       		.uleb128 0x12
 2473 1445 10       		.byte	0x10
 2474 1446 08       		.byte	0x8
 2475 1447 08       		.byte	0x8
 2476 1448 9F01     		.2byte	0x19f
 2477 144a 10       		.byte	0x10
 2478 144b F6120000 		.4byte	.LASF445
 2479 144f 72140000 		.4byte	0x1472
 2480 1453 13       		.uleb128 0x13
 2481 1454 2F0D0000 		.4byte	.LASF252
 2482 1458 08       		.byte	0x8
 2483 1459 A001     		.2byte	0x1a0
 2484 145b 0D       		.byte	0xd
 2485 145c DA120000 		.4byte	0x12da
 2486 1460 08       		.byte	0x8
 2487 1461 00       		.byte	0
 2488 1462 13       		.uleb128 0x13
 2489 1463 180D0000 		.4byte	.LASF253
 2490 1467 08       		.byte	0x8
 2491 1468 A101     		.2byte	0x1a1
 2492 146a 0F       		.byte	0xf
 2493 146b 72140000 		.4byte	0x1472
 2494 146f 08       		.byte	0x8
 2495 1470 08       		.byte	0x8
 2496 1471 00       		.byte	0
 2497 1472 02       		.uleb128 0x2
 2498 1473 08       		.byte	0x8
 2499 1474 04       		.byte	0x4
 2500 1475 C00D0000 		.4byte	.LASF254
ARM GAS  /tmp/ccBgOzmL.s 			page 45


 2501 1479 14       		.uleb128 0x14
 2502 147a 240C0000 		.4byte	.LASF446
 2503 147e 08       		.byte	0x8
 2504 147f AA01     		.2byte	0x1aa
 2505 1481 03       		.byte	0x3
 2506 1482 44140000 		.4byte	0x1444
 2507 1486 08       		.byte	0x8
 2508 1487 15       		.uleb128 0x15
 2509 1488 19060000 		.4byte	.LASF447
 2510 148c 02       		.uleb128 0x2
 2511 148d 08       		.byte	0x8
 2512 148e 04       		.byte	0x4
 2513 148f 24020000 		.4byte	.LASF255
 2514 1493 11       		.uleb128 0x11
 2515 1494 25000000 		.4byte	0x25
 2516 1498 16       		.uleb128 0x16
 2517 1499 23100000 		.4byte	.LASF256
 2518 149d 08       		.byte	0x8
 2519 149e 5E01     		.2byte	0x15e
 2520 14a0 17       		.byte	0x17
 2521 14a1 D8130000 		.4byte	0x13d8
 2522 14a5 10       		.uleb128 0x10
 2523 14a6 04130000 		.4byte	.LASF257
 2524 14aa 09       		.byte	0x9
 2525 14ab 2E       		.byte	0x2e
 2526 14ac 0E       		.byte	0xe
 2527 14ad C7120000 		.4byte	0x12c7
 2528 14b1 10       		.uleb128 0x10
 2529 14b2 510E0000 		.4byte	.LASF258
 2530 14b6 09       		.byte	0x9
 2531 14b7 74       		.byte	0x74
 2532 14b8 0E       		.byte	0xe
 2533 14b9 C7120000 		.4byte	0x12c7
 2534 14bd 17       		.uleb128 0x17
 2535 14be 08       		.byte	0x8
 2536 14bf 09       		.byte	0x9
 2537 14c0 A3       		.byte	0xa3
 2538 14c1 01       		.byte	0x1
 2539 14c2 F4020000 		.4byte	.LASF448
 2540 14c6 07150000 		.4byte	0x1507
 2541 14ca 18       		.uleb128 0x18
 2542 14cb 04       		.byte	0x4
 2543 14cc 09       		.byte	0x9
 2544 14cd A6       		.byte	0xa6
 2545 14ce 03       		.byte	0x3
 2546 14cf EC140000 		.4byte	0x14ec
 2547 14d3 19       		.uleb128 0x19
 2548 14d4 4D020000 		.4byte	.LASF259
 2549 14d8 09       		.byte	0x9
 2550 14d9 A7       		.byte	0xa7
 2551 14da 0C       		.byte	0xc
 2552 14db 98140000 		.4byte	0x1498
 2553 14df 19       		.uleb128 0x19
 2554 14e0 590E0000 		.4byte	.LASF260
 2555 14e4 09       		.byte	0x9
 2556 14e5 A8       		.byte	0xa8
 2557 14e6 13       		.byte	0x13
ARM GAS  /tmp/ccBgOzmL.s 			page 46


 2558 14e7 07150000 		.4byte	0x1507
 2559 14eb 00       		.byte	0
 2560 14ec 1A       		.uleb128 0x1a
 2561 14ed 500D0000 		.4byte	.LASF261
 2562 14f1 09       		.byte	0x9
 2563 14f2 A4       		.byte	0xa4
 2564 14f3 07       		.byte	0x7
 2565 14f4 2C000000 		.4byte	0x2c
 2566 14f8 00       		.byte	0
 2567 14f9 1A       		.uleb128 0x1a
 2568 14fa A0000000 		.4byte	.LASF262
 2569 14fe 09       		.byte	0x9
 2570 14ff A9       		.byte	0xa9
 2571 1500 05       		.byte	0x5
 2572 1501 CA140000 		.4byte	0x14ca
 2573 1505 04       		.byte	0x4
 2574 1506 00       		.byte	0
 2575 1507 1B       		.uleb128 0x1b
 2576 1508 F2120000 		.4byte	0x12f2
 2577 150c 17150000 		.4byte	0x1517
 2578 1510 1C       		.uleb128 0x1c
 2579 1511 D8130000 		.4byte	0x13d8
 2580 1515 03       		.byte	0x3
 2581 1516 00       		.byte	0
 2582 1517 10       		.uleb128 0x10
 2583 1518 13100000 		.4byte	.LASF263
 2584 151c 09       		.byte	0x9
 2585 151d AA       		.byte	0xaa
 2586 151e 03       		.byte	0x3
 2587 151f BD140000 		.4byte	0x14bd
 2588 1523 1D       		.uleb128 0x1d
 2589 1524 04       		.byte	0x4
 2590 1525 10       		.uleb128 0x10
 2591 1526 78120000 		.4byte	.LASF264
 2592 152a 0A       		.byte	0xa
 2593 152b 16       		.byte	0x16
 2594 152c 19       		.byte	0x19
 2595 152d 1D130000 		.4byte	0x131d
 2596 1531 10       		.uleb128 0x10
 2597 1532 360A0000 		.4byte	.LASF265
 2598 1536 0B       		.byte	0xb
 2599 1537 0C       		.byte	0xc
 2600 1538 0D       		.byte	0xd
 2601 1539 2C000000 		.4byte	0x2c
 2602 153d 10       		.uleb128 0x10
 2603 153e 10030000 		.4byte	.LASF266
 2604 1542 0A       		.byte	0xa
 2605 1543 23       		.byte	0x23
 2606 1544 1B       		.byte	0x1b
 2607 1545 31150000 		.4byte	0x1531
 2608 1549 1E       		.uleb128 0x1e
 2609 154a E30A0000 		.4byte	.LASF271
 2610 154e 18       		.byte	0x18
 2611 154f 0A       		.byte	0xa
 2612 1550 34       		.byte	0x34
 2613 1551 08       		.byte	0x8
 2614 1552 A3150000 		.4byte	0x15a3
ARM GAS  /tmp/ccBgOzmL.s 			page 47


 2615 1556 1A       		.uleb128 0x1a
 2616 1557 2A100000 		.4byte	.LASF267
 2617 155b 0A       		.byte	0xa
 2618 155c 36       		.byte	0x36
 2619 155d 13       		.byte	0x13
 2620 155e A3150000 		.4byte	0x15a3
 2621 1562 00       		.byte	0
 2622 1563 1F       		.uleb128 0x1f
 2623 1564 5F6B00   		.ascii	"_k\000"
 2624 1567 0A       		.byte	0xa
 2625 1568 37       		.byte	0x37
 2626 1569 07       		.byte	0x7
 2627 156a 2C000000 		.4byte	0x2c
 2628 156e 04       		.byte	0x4
 2629 156f 1A       		.uleb128 0x1a
 2630 1570 EB0A0000 		.4byte	.LASF268
 2631 1574 0A       		.byte	0xa
 2632 1575 37       		.byte	0x37
 2633 1576 0B       		.byte	0xb
 2634 1577 2C000000 		.4byte	0x2c
 2635 157b 08       		.byte	0x8
 2636 157c 1A       		.uleb128 0x1a
 2637 157d 76020000 		.4byte	.LASF269
 2638 1581 0A       		.byte	0xa
 2639 1582 37       		.byte	0x37
 2640 1583 14       		.byte	0x14
 2641 1584 2C000000 		.4byte	0x2c
 2642 1588 0C       		.byte	0xc
 2643 1589 1A       		.uleb128 0x1a
 2644 158a E5080000 		.4byte	.LASF270
 2645 158e 0A       		.byte	0xa
 2646 158f 37       		.byte	0x37
 2647 1590 1B       		.byte	0x1b
 2648 1591 2C000000 		.4byte	0x2c
 2649 1595 10       		.byte	0x10
 2650 1596 1F       		.uleb128 0x1f
 2651 1597 5F7800   		.ascii	"_x\000"
 2652 159a 0A       		.byte	0xa
 2653 159b 38       		.byte	0x38
 2654 159c 0B       		.byte	0xb
 2655 159d A9150000 		.4byte	0x15a9
 2656 15a1 14       		.byte	0x14
 2657 15a2 00       		.byte	0
 2658 15a3 20       		.uleb128 0x20
 2659 15a4 04       		.byte	0x4
 2660 15a5 49150000 		.4byte	0x1549
 2661 15a9 1B       		.uleb128 0x1b
 2662 15aa 25150000 		.4byte	0x1525
 2663 15ae B9150000 		.4byte	0x15b9
 2664 15b2 1C       		.uleb128 0x1c
 2665 15b3 D8130000 		.4byte	0x13d8
 2666 15b7 00       		.byte	0
 2667 15b8 00       		.byte	0
 2668 15b9 1E       		.uleb128 0x1e
 2669 15ba 48010000 		.4byte	.LASF272
 2670 15be 24       		.byte	0x24
 2671 15bf 0A       		.byte	0xa
ARM GAS  /tmp/ccBgOzmL.s 			page 48


 2672 15c0 3C       		.byte	0x3c
 2673 15c1 08       		.byte	0x8
 2674 15c2 3C160000 		.4byte	0x163c
 2675 15c6 1A       		.uleb128 0x1a
 2676 15c7 64010000 		.4byte	.LASF273
 2677 15cb 0A       		.byte	0xa
 2678 15cc 3E       		.byte	0x3e
 2679 15cd 09       		.byte	0x9
 2680 15ce 2C000000 		.4byte	0x2c
 2681 15d2 00       		.byte	0
 2682 15d3 1A       		.uleb128 0x1a
 2683 15d4 2D140000 		.4byte	.LASF274
 2684 15d8 0A       		.byte	0xa
 2685 15d9 3F       		.byte	0x3f
 2686 15da 09       		.byte	0x9
 2687 15db 2C000000 		.4byte	0x2c
 2688 15df 04       		.byte	0x4
 2689 15e0 1A       		.uleb128 0x1a
 2690 15e1 42130000 		.4byte	.LASF275
 2691 15e5 0A       		.byte	0xa
 2692 15e6 40       		.byte	0x40
 2693 15e7 09       		.byte	0x9
 2694 15e8 2C000000 		.4byte	0x2c
 2695 15ec 08       		.byte	0x8
 2696 15ed 1A       		.uleb128 0x1a
 2697 15ee 4B090000 		.4byte	.LASF276
 2698 15f2 0A       		.byte	0xa
 2699 15f3 41       		.byte	0x41
 2700 15f4 09       		.byte	0x9
 2701 15f5 2C000000 		.4byte	0x2c
 2702 15f9 0C       		.byte	0xc
 2703 15fa 1A       		.uleb128 0x1a
 2704 15fb 1C0E0000 		.4byte	.LASF277
 2705 15ff 0A       		.byte	0xa
 2706 1600 42       		.byte	0x42
 2707 1601 09       		.byte	0x9
 2708 1602 2C000000 		.4byte	0x2c
 2709 1606 10       		.byte	0x10
 2710 1607 1A       		.uleb128 0x1a
 2711 1608 84110000 		.4byte	.LASF278
 2712 160c 0A       		.byte	0xa
 2713 160d 43       		.byte	0x43
 2714 160e 09       		.byte	0x9
 2715 160f 2C000000 		.4byte	0x2c
 2716 1613 14       		.byte	0x14
 2717 1614 1A       		.uleb128 0x1a
 2718 1615 AD0D0000 		.4byte	.LASF279
 2719 1619 0A       		.byte	0xa
 2720 161a 44       		.byte	0x44
 2721 161b 09       		.byte	0x9
 2722 161c 2C000000 		.4byte	0x2c
 2723 1620 18       		.byte	0x18
 2724 1621 1A       		.uleb128 0x1a
 2725 1622 D40D0000 		.4byte	.LASF280
 2726 1626 0A       		.byte	0xa
 2727 1627 45       		.byte	0x45
 2728 1628 09       		.byte	0x9
ARM GAS  /tmp/ccBgOzmL.s 			page 49


 2729 1629 2C000000 		.4byte	0x2c
 2730 162d 1C       		.byte	0x1c
 2731 162e 1A       		.uleb128 0x1a
 2732 162f E0130000 		.4byte	.LASF281
 2733 1633 0A       		.byte	0xa
 2734 1634 46       		.byte	0x46
 2735 1635 09       		.byte	0x9
 2736 1636 2C000000 		.4byte	0x2c
 2737 163a 20       		.byte	0x20
 2738 163b 00       		.byte	0
 2739 163c 21       		.uleb128 0x21
 2740 163d 82020000 		.4byte	.LASF282
 2741 1641 0801     		.2byte	0x108
 2742 1643 0A       		.byte	0xa
 2743 1644 4F       		.byte	0x4f
 2744 1645 08       		.byte	0x8
 2745 1646 81160000 		.4byte	0x1681
 2746 164a 1A       		.uleb128 0x1a
 2747 164b D8130000 		.4byte	.LASF283
 2748 164f 0A       		.byte	0xa
 2749 1650 50       		.byte	0x50
 2750 1651 0A       		.byte	0xa
 2751 1652 81160000 		.4byte	0x1681
 2752 1656 00       		.byte	0
 2753 1657 1A       		.uleb128 0x1a
 2754 1658 FC0E0000 		.4byte	.LASF284
 2755 165c 0A       		.byte	0xa
 2756 165d 51       		.byte	0x51
 2757 165e 09       		.byte	0x9
 2758 165f 81160000 		.4byte	0x1681
 2759 1663 80       		.byte	0x80
 2760 1664 22       		.uleb128 0x22
 2761 1665 74110000 		.4byte	.LASF285
 2762 1669 0A       		.byte	0xa
 2763 166a 53       		.byte	0x53
 2764 166b 0A       		.byte	0xa
 2765 166c 25150000 		.4byte	0x1525
 2766 1670 0001     		.2byte	0x100
 2767 1672 22       		.uleb128 0x22
 2768 1673 27120000 		.4byte	.LASF286
 2769 1677 0A       		.byte	0xa
 2770 1678 56       		.byte	0x56
 2771 1679 0A       		.byte	0xa
 2772 167a 25150000 		.4byte	0x1525
 2773 167e 0401     		.2byte	0x104
 2774 1680 00       		.byte	0
 2775 1681 1B       		.uleb128 0x1b
 2776 1682 23150000 		.4byte	0x1523
 2777 1686 91160000 		.4byte	0x1691
 2778 168a 1C       		.uleb128 0x1c
 2779 168b D8130000 		.4byte	0x13d8
 2780 168f 1F       		.byte	0x1f
 2781 1690 00       		.byte	0
 2782 1691 21       		.uleb128 0x21
 2783 1692 270D0000 		.4byte	.LASF287
 2784 1696 9001     		.2byte	0x190
 2785 1698 0A       		.byte	0xa
ARM GAS  /tmp/ccBgOzmL.s 			page 50


 2786 1699 62       		.byte	0x62
 2787 169a 08       		.byte	0x8
 2788 169b D4160000 		.4byte	0x16d4
 2789 169f 1A       		.uleb128 0x1a
 2790 16a0 2A100000 		.4byte	.LASF267
 2791 16a4 0A       		.byte	0xa
 2792 16a5 63       		.byte	0x63
 2793 16a6 12       		.byte	0x12
 2794 16a7 D4160000 		.4byte	0x16d4
 2795 16ab 00       		.byte	0
 2796 16ac 1A       		.uleb128 0x1a
 2797 16ad F3110000 		.4byte	.LASF288
 2798 16b1 0A       		.byte	0xa
 2799 16b2 64       		.byte	0x64
 2800 16b3 06       		.byte	0x6
 2801 16b4 2C000000 		.4byte	0x2c
 2802 16b8 04       		.byte	0x4
 2803 16b9 1A       		.uleb128 0x1a
 2804 16ba 8A050000 		.4byte	.LASF289
 2805 16be 0A       		.byte	0xa
 2806 16bf 66       		.byte	0x66
 2807 16c0 09       		.byte	0x9
 2808 16c1 DA160000 		.4byte	0x16da
 2809 16c5 08       		.byte	0x8
 2810 16c6 1A       		.uleb128 0x1a
 2811 16c7 82020000 		.4byte	.LASF282
 2812 16cb 0A       		.byte	0xa
 2813 16cc 67       		.byte	0x67
 2814 16cd 1E       		.byte	0x1e
 2815 16ce 3C160000 		.4byte	0x163c
 2816 16d2 88       		.byte	0x88
 2817 16d3 00       		.byte	0
 2818 16d4 20       		.uleb128 0x20
 2819 16d5 04       		.byte	0x4
 2820 16d6 91160000 		.4byte	0x1691
 2821 16da 1B       		.uleb128 0x1b
 2822 16db EA160000 		.4byte	0x16ea
 2823 16df EA160000 		.4byte	0x16ea
 2824 16e3 1C       		.uleb128 0x1c
 2825 16e4 D8130000 		.4byte	0x13d8
 2826 16e8 1F       		.byte	0x1f
 2827 16e9 00       		.byte	0
 2828 16ea 20       		.uleb128 0x20
 2829 16eb 04       		.byte	0x4
 2830 16ec F0160000 		.4byte	0x16f0
 2831 16f0 23       		.uleb128 0x23
 2832 16f1 1E       		.uleb128 0x1e
 2833 16f2 04120000 		.4byte	.LASF290
 2834 16f6 08       		.byte	0x8
 2835 16f7 0A       		.byte	0xa
 2836 16f8 7A       		.byte	0x7a
 2837 16f9 08       		.byte	0x8
 2838 16fa 19170000 		.4byte	0x1719
 2839 16fe 1A       		.uleb128 0x1a
 2840 16ff 940F0000 		.4byte	.LASF291
 2841 1703 0A       		.byte	0xa
 2842 1704 7B       		.byte	0x7b
ARM GAS  /tmp/ccBgOzmL.s 			page 51


 2843 1705 11       		.byte	0x11
 2844 1706 19170000 		.4byte	0x1719
 2845 170a 00       		.byte	0
 2846 170b 1A       		.uleb128 0x1a
 2847 170c 8A010000 		.4byte	.LASF292
 2848 1710 0A       		.byte	0xa
 2849 1711 7C       		.byte	0x7c
 2850 1712 06       		.byte	0x6
 2851 1713 2C000000 		.4byte	0x2c
 2852 1717 04       		.byte	0x4
 2853 1718 00       		.byte	0
 2854 1719 20       		.uleb128 0x20
 2855 171a 04       		.byte	0x4
 2856 171b F2120000 		.4byte	0x12f2
 2857 171f 1E       		.uleb128 0x1e
 2858 1720 D6090000 		.4byte	.LASF293
 2859 1724 68       		.byte	0x68
 2860 1725 0A       		.byte	0xa
 2861 1726 BA       		.byte	0xba
 2862 1727 08       		.byte	0x8
 2863 1728 62180000 		.4byte	0x1862
 2864 172c 1F       		.uleb128 0x1f
 2865 172d 5F7000   		.ascii	"_p\000"
 2866 1730 0A       		.byte	0xa
 2867 1731 BB       		.byte	0xbb
 2868 1732 12       		.byte	0x12
 2869 1733 19170000 		.4byte	0x1719
 2870 1737 00       		.byte	0
 2871 1738 1F       		.uleb128 0x1f
 2872 1739 5F7200   		.ascii	"_r\000"
 2873 173c 0A       		.byte	0xa
 2874 173d BC       		.byte	0xbc
 2875 173e 07       		.byte	0x7
 2876 173f 2C000000 		.4byte	0x2c
 2877 1743 04       		.byte	0x4
 2878 1744 1F       		.uleb128 0x1f
 2879 1745 5F7700   		.ascii	"_w\000"
 2880 1748 0A       		.byte	0xa
 2881 1749 BD       		.byte	0xbd
 2882 174a 07       		.byte	0x7
 2883 174b 2C000000 		.4byte	0x2c
 2884 174f 08       		.byte	0x8
 2885 1750 1A       		.uleb128 0x1a
 2886 1751 D50C0000 		.4byte	.LASF294
 2887 1755 0A       		.byte	0xa
 2888 1756 BE       		.byte	0xbe
 2889 1757 09       		.byte	0x9
 2890 1758 B4120000 		.4byte	0x12b4
 2891 175c 0C       		.byte	0xc
 2892 175d 1A       		.uleb128 0x1a
 2893 175e 7C020000 		.4byte	.LASF295
 2894 1762 0A       		.byte	0xa
 2895 1763 BF       		.byte	0xbf
 2896 1764 09       		.byte	0x9
 2897 1765 B4120000 		.4byte	0x12b4
 2898 1769 0E       		.byte	0xe
 2899 176a 1F       		.uleb128 0x1f
ARM GAS  /tmp/ccBgOzmL.s 			page 52


 2900 176b 5F626600 		.ascii	"_bf\000"
 2901 176f 0A       		.byte	0xa
 2902 1770 C0       		.byte	0xc0
 2903 1771 11       		.byte	0x11
 2904 1772 F1160000 		.4byte	0x16f1
 2905 1776 10       		.byte	0x10
 2906 1777 1A       		.uleb128 0x1a
 2907 1778 DD0B0000 		.4byte	.LASF296
 2908 177c 0A       		.byte	0xa
 2909 177d C1       		.byte	0xc1
 2910 177e 07       		.byte	0x7
 2911 177f 2C000000 		.4byte	0x2c
 2912 1783 18       		.byte	0x18
 2913 1784 1A       		.uleb128 0x1a
 2914 1785 B5080000 		.4byte	.LASF297
 2915 1789 0A       		.byte	0xa
 2916 178a C8       		.byte	0xc8
 2917 178b 0A       		.byte	0xa
 2918 178c 23150000 		.4byte	0x1523
 2919 1790 1C       		.byte	0x1c
 2920 1791 1A       		.uleb128 0x1a
 2921 1792 D1000000 		.4byte	.LASF298
 2922 1796 0A       		.byte	0xa
 2923 1797 CA       		.byte	0xca
 2924 1798 1D       		.byte	0x1d
 2925 1799 471B0000 		.4byte	0x1b47
 2926 179d 20       		.byte	0x20
 2927 179e 1A       		.uleb128 0x1a
 2928 179f D7000000 		.4byte	.LASF299
 2929 17a3 0A       		.byte	0xa
 2930 17a4 CC       		.byte	0xcc
 2931 17a5 1D       		.byte	0x1d
 2932 17a6 711B0000 		.4byte	0x1b71
 2933 17aa 24       		.byte	0x24
 2934 17ab 1A       		.uleb128 0x1a
 2935 17ac 4B0E0000 		.4byte	.LASF300
 2936 17b0 0A       		.byte	0xa
 2937 17b1 CF       		.byte	0xcf
 2938 17b2 0D       		.byte	0xd
 2939 17b3 951B0000 		.4byte	0x1b95
 2940 17b7 28       		.byte	0x28
 2941 17b8 1A       		.uleb128 0x1a
 2942 17b9 8F050000 		.4byte	.LASF301
 2943 17bd 0A       		.byte	0xa
 2944 17be D0       		.byte	0xd0
 2945 17bf 09       		.byte	0x9
 2946 17c0 AF1B0000 		.4byte	0x1baf
 2947 17c4 2C       		.byte	0x2c
 2948 17c5 1F       		.uleb128 0x1f
 2949 17c6 5F756200 		.ascii	"_ub\000"
 2950 17ca 0A       		.byte	0xa
 2951 17cb D3       		.byte	0xd3
 2952 17cc 11       		.byte	0x11
 2953 17cd F1160000 		.4byte	0x16f1
 2954 17d1 30       		.byte	0x30
 2955 17d2 1F       		.uleb128 0x1f
 2956 17d3 5F757000 		.ascii	"_up\000"
ARM GAS  /tmp/ccBgOzmL.s 			page 53


 2957 17d7 0A       		.byte	0xa
 2958 17d8 D4       		.byte	0xd4
 2959 17d9 12       		.byte	0x12
 2960 17da 19170000 		.4byte	0x1719
 2961 17de 38       		.byte	0x38
 2962 17df 1F       		.uleb128 0x1f
 2963 17e0 5F757200 		.ascii	"_ur\000"
 2964 17e4 0A       		.byte	0xa
 2965 17e5 D5       		.byte	0xd5
 2966 17e6 07       		.byte	0x7
 2967 17e7 2C000000 		.4byte	0x2c
 2968 17eb 3C       		.byte	0x3c
 2969 17ec 1A       		.uleb128 0x1a
 2970 17ed 990C0000 		.4byte	.LASF302
 2971 17f1 0A       		.byte	0xa
 2972 17f2 D8       		.byte	0xd8
 2973 17f3 11       		.byte	0x11
 2974 17f4 B51B0000 		.4byte	0x1bb5
 2975 17f8 40       		.byte	0x40
 2976 17f9 1A       		.uleb128 0x1a
 2977 17fa 5E010000 		.4byte	.LASF303
 2978 17fe 0A       		.byte	0xa
 2979 17ff D9       		.byte	0xd9
 2980 1800 11       		.byte	0x11
 2981 1801 C51B0000 		.4byte	0x1bc5
 2982 1805 43       		.byte	0x43
 2983 1806 1F       		.uleb128 0x1f
 2984 1807 5F6C6200 		.ascii	"_lb\000"
 2985 180b 0A       		.byte	0xa
 2986 180c DC       		.byte	0xdc
 2987 180d 11       		.byte	0x11
 2988 180e F1160000 		.4byte	0x16f1
 2989 1812 44       		.byte	0x44
 2990 1813 1A       		.uleb128 0x1a
 2991 1814 650F0000 		.4byte	.LASF304
 2992 1818 0A       		.byte	0xa
 2993 1819 DF       		.byte	0xdf
 2994 181a 07       		.byte	0x7
 2995 181b 2C000000 		.4byte	0x2c
 2996 181f 4C       		.byte	0x4c
 2997 1820 1A       		.uleb128 0x1a
 2998 1821 2C090000 		.4byte	.LASF305
 2999 1825 0A       		.byte	0xa
 3000 1826 E0       		.byte	0xe0
 3001 1827 0A       		.byte	0xa
 3002 1828 A5140000 		.4byte	0x14a5
 3003 182c 50       		.byte	0x50
 3004 182d 1A       		.uleb128 0x1a
 3005 182e 30100000 		.4byte	.LASF306
 3006 1832 0A       		.byte	0xa
 3007 1833 E3       		.byte	0xe3
 3008 1834 12       		.byte	0x12
 3009 1835 80180000 		.4byte	0x1880
 3010 1839 54       		.byte	0x54
 3011 183a 1A       		.uleb128 0x1a
 3012 183b B3010000 		.4byte	.LASF307
 3013 183f 0A       		.byte	0xa
ARM GAS  /tmp/ccBgOzmL.s 			page 54


 3014 1840 E7       		.byte	0xe7
 3015 1841 0C       		.byte	0xc
 3016 1842 3D150000 		.4byte	0x153d
 3017 1846 58       		.byte	0x58
 3018 1847 1A       		.uleb128 0x1a
 3019 1848 BA0C0000 		.4byte	.LASF308
 3020 184c 0A       		.byte	0xa
 3021 184d E9       		.byte	0xe9
 3022 184e 0E       		.byte	0xe
 3023 184f 17150000 		.4byte	0x1517
 3024 1853 5C       		.byte	0x5c
 3025 1854 1A       		.uleb128 0x1a
 3026 1855 E9090000 		.4byte	.LASF309
 3027 1859 0A       		.byte	0xa
 3028 185a EA       		.byte	0xea
 3029 185b 09       		.byte	0x9
 3030 185c 2C000000 		.4byte	0x2c
 3031 1860 64       		.byte	0x64
 3032 1861 00       		.byte	0
 3033 1862 24       		.uleb128 0x24
 3034 1863 2C000000 		.4byte	0x2c
 3035 1867 80180000 		.4byte	0x1880
 3036 186b 0A       		.uleb128 0xa
 3037 186c 80180000 		.4byte	0x1880
 3038 1870 0A       		.uleb128 0xa
 3039 1871 23150000 		.4byte	0x1523
 3040 1875 0A       		.uleb128 0xa
 3041 1876 351B0000 		.4byte	0x1b35
 3042 187a 0A       		.uleb128 0xa
 3043 187b 2C000000 		.4byte	0x2c
 3044 187f 00       		.byte	0
 3045 1880 20       		.uleb128 0x20
 3046 1881 04       		.byte	0x4
 3047 1882 8B180000 		.4byte	0x188b
 3048 1886 11       		.uleb128 0x11
 3049 1887 80180000 		.4byte	0x1880
 3050 188b 25       		.uleb128 0x25
 3051 188c 2B050000 		.4byte	.LASF310
 3052 1890 2804     		.2byte	0x428
 3053 1892 0A       		.byte	0xa
 3054 1893 6502     		.2byte	0x265
 3055 1895 08       		.byte	0x8
 3056 1896 351B0000 		.4byte	0x1b35
 3057 189a 26       		.uleb128 0x26
 3058 189b F0       		.byte	0xf0
 3059 189c 0A       		.byte	0xa
 3060 189d 8402     		.2byte	0x284
 3061 189f 05       		.byte	0x5
 3062 18a0 FB190000 		.4byte	0x19fb
 3063 18a4 27       		.uleb128 0x27
 3064 18a5 D0       		.byte	0xd0
 3065 18a6 0A       		.byte	0xa
 3066 18a7 8602     		.2byte	0x286
 3067 18a9 09       		.byte	0x9
 3068 18aa B9190000 		.4byte	0x19b9
 3069 18ae 28       		.uleb128 0x28
 3070 18af C1030000 		.4byte	.LASF311
ARM GAS  /tmp/ccBgOzmL.s 			page 55


 3071 18b3 0A       		.byte	0xa
 3072 18b4 8702     		.2byte	0x287
 3073 18b6 18       		.byte	0x18
 3074 18b7 D8130000 		.4byte	0x13d8
 3075 18bb 00       		.byte	0
 3076 18bc 28       		.uleb128 0x28
 3077 18bd AA0F0000 		.4byte	.LASF312
 3078 18c1 0A       		.byte	0xa
 3079 18c2 8802     		.2byte	0x288
 3080 18c4 12       		.byte	0x12
 3081 18c5 351B0000 		.4byte	0x1b35
 3082 18c9 04       		.byte	0x4
 3083 18ca 28       		.uleb128 0x28
 3084 18cb F2000000 		.4byte	.LASF313
 3085 18cf 0A       		.byte	0xa
 3086 18d0 8902     		.2byte	0x289
 3087 18d2 10       		.byte	0x10
 3088 18d3 701C0000 		.4byte	0x1c70
 3089 18d7 08       		.byte	0x8
 3090 18d8 28       		.uleb128 0x28
 3091 18d9 01030000 		.4byte	.LASF314
 3092 18dd 0A       		.byte	0xa
 3093 18de 8A02     		.2byte	0x28a
 3094 18e0 17       		.byte	0x17
 3095 18e1 B9150000 		.4byte	0x15b9
 3096 18e5 24       		.byte	0x24
 3097 18e6 28       		.uleb128 0x28
 3098 18e7 810B0000 		.4byte	.LASF315
 3099 18eb 0A       		.byte	0xa
 3100 18ec 8B02     		.2byte	0x28b
 3101 18ee 0F       		.byte	0xf
 3102 18ef 2C000000 		.4byte	0x2c
 3103 18f3 48       		.byte	0x48
 3104 18f4 28       		.uleb128 0x28
 3105 18f5 C30C0000 		.4byte	.LASF316
 3106 18f9 0A       		.byte	0xa
 3107 18fa 8C02     		.2byte	0x28c
 3108 18fc 2C       		.byte	0x2c
 3109 18fd 30130000 		.4byte	0x1330
 3110 1901 50       		.byte	0x50
 3111 1902 28       		.uleb128 0x28
 3112 1903 1E100000 		.4byte	.LASF317
 3113 1907 0A       		.byte	0xa
 3114 1908 8D02     		.2byte	0x28d
 3115 190a 1A       		.byte	0x1a
 3116 190b 271C0000 		.4byte	0x1c27
 3117 190f 58       		.byte	0x58
 3118 1910 28       		.uleb128 0x28
 3119 1911 EE100000 		.4byte	.LASF318
 3120 1915 0A       		.byte	0xa
 3121 1916 8E02     		.2byte	0x28e
 3122 1918 16       		.byte	0x16
 3123 1919 17150000 		.4byte	0x1517
 3124 191d 68       		.byte	0x68
 3125 191e 28       		.uleb128 0x28
 3126 191f 710E0000 		.4byte	.LASF319
 3127 1923 0A       		.byte	0xa
ARM GAS  /tmp/ccBgOzmL.s 			page 56


 3128 1924 8F02     		.2byte	0x28f
 3129 1926 16       		.byte	0x16
 3130 1927 17150000 		.4byte	0x1517
 3131 192b 70       		.byte	0x70
 3132 192c 28       		.uleb128 0x28
 3133 192d AC0C0000 		.4byte	.LASF320
 3134 1931 0A       		.byte	0xa
 3135 1932 9002     		.2byte	0x290
 3136 1934 16       		.byte	0x16
 3137 1935 17150000 		.4byte	0x1517
 3138 1939 78       		.byte	0x78
 3139 193a 28       		.uleb128 0x28
 3140 193b 6D010000 		.4byte	.LASF321
 3141 193f 0A       		.byte	0xa
 3142 1940 9102     		.2byte	0x291
 3143 1942 10       		.byte	0x10
 3144 1943 801C0000 		.4byte	0x1c80
 3145 1947 80       		.byte	0x80
 3146 1948 28       		.uleb128 0x28
 3147 1949 860A0000 		.4byte	.LASF322
 3148 194d 0A       		.byte	0xa
 3149 194e 9202     		.2byte	0x292
 3150 1950 10       		.byte	0x10
 3151 1951 901C0000 		.4byte	0x1c90
 3152 1955 88       		.byte	0x88
 3153 1956 28       		.uleb128 0x28
 3154 1957 42140000 		.4byte	.LASF323
 3155 195b 0A       		.byte	0xa
 3156 195c 9302     		.2byte	0x293
 3157 195e 0F       		.byte	0xf
 3158 195f 2C000000 		.4byte	0x2c
 3159 1963 A0       		.byte	0xa0
 3160 1964 28       		.uleb128 0x28
 3161 1965 A1020000 		.4byte	.LASF324
 3162 1969 0A       		.byte	0xa
 3163 196a 9402     		.2byte	0x294
 3164 196c 16       		.byte	0x16
 3165 196d 17150000 		.4byte	0x1517
 3166 1971 A4       		.byte	0xa4
 3167 1972 28       		.uleb128 0x28
 3168 1973 BC0F0000 		.4byte	.LASF325
 3169 1977 0A       		.byte	0xa
 3170 1978 9502     		.2byte	0x295
 3171 197a 16       		.byte	0x16
 3172 197b 17150000 		.4byte	0x1517
 3173 197f AC       		.byte	0xac
 3174 1980 28       		.uleb128 0x28
 3175 1981 4C130000 		.4byte	.LASF326
 3176 1985 0A       		.byte	0xa
 3177 1986 9602     		.2byte	0x296
 3178 1988 16       		.byte	0x16
 3179 1989 17150000 		.4byte	0x1517
 3180 198d B4       		.byte	0xb4
 3181 198e 28       		.uleb128 0x28
 3182 198f 610C0000 		.4byte	.LASF327
 3183 1993 0A       		.byte	0xa
 3184 1994 9702     		.2byte	0x297
ARM GAS  /tmp/ccBgOzmL.s 			page 57


 3185 1996 16       		.byte	0x16
 3186 1997 17150000 		.4byte	0x1517
 3187 199b BC       		.byte	0xbc
 3188 199c 28       		.uleb128 0x28
 3189 199d 4D010000 		.4byte	.LASF328
 3190 19a1 0A       		.byte	0xa
 3191 19a2 9802     		.2byte	0x298
 3192 19a4 16       		.byte	0x16
 3193 19a5 17150000 		.4byte	0x1517
 3194 19a9 C4       		.byte	0xc4
 3195 19aa 28       		.uleb128 0x28
 3196 19ab 440C0000 		.4byte	.LASF329
 3197 19af 0A       		.byte	0xa
 3198 19b0 9902     		.2byte	0x299
 3199 19b2 08       		.byte	0x8
 3200 19b3 2C000000 		.4byte	0x2c
 3201 19b7 CC       		.byte	0xcc
 3202 19b8 00       		.byte	0
 3203 19b9 27       		.uleb128 0x27
 3204 19ba F0       		.byte	0xf0
 3205 19bb 0A       		.byte	0xa
 3206 19bc 9F02     		.2byte	0x29f
 3207 19be 09       		.byte	0x9
 3208 19bf E0190000 		.4byte	0x19e0
 3209 19c3 28       		.uleb128 0x28
 3210 19c4 CE0C0000 		.4byte	.LASF330
 3211 19c8 0A       		.byte	0xa
 3212 19c9 A102     		.2byte	0x2a1
 3213 19cb 1B       		.byte	0x1b
 3214 19cc A01C0000 		.4byte	0x1ca0
 3215 19d0 00       		.byte	0
 3216 19d1 28       		.uleb128 0x28
 3217 19d2 6A0B0000 		.4byte	.LASF331
 3218 19d6 0A       		.byte	0xa
 3219 19d7 A202     		.2byte	0x2a2
 3220 19d9 18       		.byte	0x18
 3221 19da B01C0000 		.4byte	0x1cb0
 3222 19de 78       		.byte	0x78
 3223 19df 00       		.byte	0
 3224 19e0 29       		.uleb128 0x29
 3225 19e1 2B050000 		.4byte	.LASF310
 3226 19e5 0A       		.byte	0xa
 3227 19e6 9A02     		.2byte	0x29a
 3228 19e8 0B       		.byte	0xb
 3229 19e9 A4180000 		.4byte	0x18a4
 3230 19ed 29       		.uleb128 0x29
 3231 19ee 63050000 		.4byte	.LASF332
 3232 19f2 0A       		.byte	0xa
 3233 19f3 A302     		.2byte	0x2a3
 3234 19f5 0B       		.byte	0xb
 3235 19f6 B9190000 		.4byte	0x19b9
 3236 19fa 00       		.byte	0
 3237 19fb 28       		.uleb128 0x28
 3238 19fc 690A0000 		.4byte	.LASF333
 3239 1a00 0A       		.byte	0xa
 3240 1a01 6702     		.2byte	0x267
 3241 1a03 07       		.byte	0x7
ARM GAS  /tmp/ccBgOzmL.s 			page 58


 3242 1a04 2C000000 		.4byte	0x2c
 3243 1a08 00       		.byte	0
 3244 1a09 28       		.uleb128 0x28
 3245 1a0a 01060000 		.4byte	.LASF334
 3246 1a0e 0A       		.byte	0xa
 3247 1a0f 6C02     		.2byte	0x26c
 3248 1a11 0B       		.byte	0xb
 3249 1a12 211C0000 		.4byte	0x1c21
 3250 1a16 04       		.byte	0x4
 3251 1a17 28       		.uleb128 0x28
 3252 1a18 3B0F0000 		.4byte	.LASF335
 3253 1a1c 0A       		.byte	0xa
 3254 1a1d 6C02     		.2byte	0x26c
 3255 1a1f 14       		.byte	0x14
 3256 1a20 211C0000 		.4byte	0x1c21
 3257 1a24 08       		.byte	0x8
 3258 1a25 28       		.uleb128 0x28
 3259 1a26 07080000 		.4byte	.LASF336
 3260 1a2a 0A       		.byte	0xa
 3261 1a2b 6C02     		.2byte	0x26c
 3262 1a2d 1E       		.byte	0x1e
 3263 1a2e 211C0000 		.4byte	0x1c21
 3264 1a32 0C       		.byte	0xc
 3265 1a33 28       		.uleb128 0x28
 3266 1a34 EE110000 		.4byte	.LASF337
 3267 1a38 0A       		.byte	0xa
 3268 1a39 6E02     		.2byte	0x26e
 3269 1a3b 08       		.byte	0x8
 3270 1a3c 2C000000 		.4byte	0x2c
 3271 1a40 10       		.byte	0x10
 3272 1a41 28       		.uleb128 0x28
 3273 1a42 2A0B0000 		.4byte	.LASF338
 3274 1a46 0A       		.byte	0xa
 3275 1a47 6F02     		.2byte	0x26f
 3276 1a49 08       		.byte	0x8
 3277 1a4a C01C0000 		.4byte	0x1cc0
 3278 1a4e 14       		.byte	0x14
 3279 1a4f 28       		.uleb128 0x28
 3280 1a50 1A0F0000 		.4byte	.LASF339
 3281 1a54 0A       		.byte	0xa
 3282 1a55 7202     		.2byte	0x272
 3283 1a57 07       		.byte	0x7
 3284 1a58 2C000000 		.4byte	0x2c
 3285 1a5c 30       		.byte	0x30
 3286 1a5d 28       		.uleb128 0x28
 3287 1a5e F0070000 		.4byte	.LASF340
 3288 1a62 0A       		.byte	0xa
 3289 1a63 7302     		.2byte	0x273
 3290 1a65 16       		.byte	0x16
 3291 1a66 D51C0000 		.4byte	0x1cd5
 3292 1a6a 34       		.byte	0x34
 3293 1a6b 28       		.uleb128 0x28
 3294 1a6c DE090000 		.4byte	.LASF341
 3295 1a70 0A       		.byte	0xa
 3296 1a71 7502     		.2byte	0x275
 3297 1a73 07       		.byte	0x7
 3298 1a74 2C000000 		.4byte	0x2c
ARM GAS  /tmp/ccBgOzmL.s 			page 59


 3299 1a78 38       		.byte	0x38
 3300 1a79 28       		.uleb128 0x28
 3301 1a7a F30A0000 		.4byte	.LASF342
 3302 1a7e 0A       		.byte	0xa
 3303 1a7f 7702     		.2byte	0x277
 3304 1a81 0A       		.byte	0xa
 3305 1a82 E61C0000 		.4byte	0x1ce6
 3306 1a86 3C       		.byte	0x3c
 3307 1a87 28       		.uleb128 0x28
 3308 1a88 98120000 		.4byte	.LASF343
 3309 1a8c 0A       		.byte	0xa
 3310 1a8d 7A02     		.2byte	0x27a
 3311 1a8f 13       		.byte	0x13
 3312 1a90 A3150000 		.4byte	0x15a3
 3313 1a94 40       		.byte	0x40
 3314 1a95 28       		.uleb128 0x28
 3315 1a96 EA020000 		.4byte	.LASF344
 3316 1a9a 0A       		.byte	0xa
 3317 1a9b 7B02     		.2byte	0x27b
 3318 1a9d 07       		.byte	0x7
 3319 1a9e 2C000000 		.4byte	0x2c
 3320 1aa2 44       		.byte	0x44
 3321 1aa3 28       		.uleb128 0x28
 3322 1aa4 BD080000 		.4byte	.LASF345
 3323 1aa8 0A       		.byte	0xa
 3324 1aa9 7C02     		.2byte	0x27c
 3325 1aab 13       		.byte	0x13
 3326 1aac A3150000 		.4byte	0x15a3
 3327 1ab0 48       		.byte	0x48
 3328 1ab1 28       		.uleb128 0x28
 3329 1ab2 B00B0000 		.4byte	.LASF346
 3330 1ab6 0A       		.byte	0xa
 3331 1ab7 7D02     		.2byte	0x27d
 3332 1ab9 14       		.byte	0x14
 3333 1aba EC1C0000 		.4byte	0x1cec
 3334 1abe 4C       		.byte	0x4c
 3335 1abf 28       		.uleb128 0x28
 3336 1ac0 FF000000 		.4byte	.LASF347
 3337 1ac4 0A       		.byte	0xa
 3338 1ac5 8002     		.2byte	0x280
 3339 1ac7 07       		.byte	0x7
 3340 1ac8 2C000000 		.4byte	0x2c
 3341 1acc 50       		.byte	0x50
 3342 1acd 28       		.uleb128 0x28
 3343 1ace 43090000 		.4byte	.LASF348
 3344 1ad2 0A       		.byte	0xa
 3345 1ad3 8102     		.2byte	0x281
 3346 1ad5 09       		.byte	0x9
 3347 1ad6 351B0000 		.4byte	0x1b35
 3348 1ada 54       		.byte	0x54
 3349 1adb 28       		.uleb128 0x28
 3350 1adc 840C0000 		.4byte	.LASF349
 3351 1ae0 0A       		.byte	0xa
 3352 1ae1 A402     		.2byte	0x2a4
 3353 1ae3 07       		.byte	0x7
 3354 1ae4 9A180000 		.4byte	0x189a
 3355 1ae8 58       		.byte	0x58
ARM GAS  /tmp/ccBgOzmL.s 			page 60


 3356 1ae9 2A       		.uleb128 0x2a
 3357 1aea 270D0000 		.4byte	.LASF287
 3358 1aee 0A       		.byte	0xa
 3359 1aef A802     		.2byte	0x2a8
 3360 1af1 13       		.byte	0x13
 3361 1af2 D4160000 		.4byte	0x16d4
 3362 1af6 4801     		.2byte	0x148
 3363 1af8 2A       		.uleb128 0x2a
 3364 1af9 FD0A0000 		.4byte	.LASF350
 3365 1afd 0A       		.byte	0xa
 3366 1afe A902     		.2byte	0x2a9
 3367 1b00 12       		.byte	0x12
 3368 1b01 91160000 		.4byte	0x1691
 3369 1b05 4C01     		.2byte	0x14c
 3370 1b07 2A       		.uleb128 0x2a
 3371 1b08 1B090000 		.4byte	.LASF351
 3372 1b0c 0A       		.byte	0xa
 3373 1b0d AD02     		.2byte	0x2ad
 3374 1b0f 0C       		.byte	0xc
 3375 1b10 FD1C0000 		.4byte	0x1cfd
 3376 1b14 DC02     		.2byte	0x2dc
 3377 1b16 2A       		.uleb128 0x2a
 3378 1b17 620B0000 		.4byte	.LASF352
 3379 1b1b 0A       		.byte	0xa
 3380 1b1c B202     		.2byte	0x2b2
 3381 1b1e 10       		.byte	0x10
 3382 1b1f E21B0000 		.4byte	0x1be2
 3383 1b23 E002     		.2byte	0x2e0
 3384 1b25 2A       		.uleb128 0x2a
 3385 1b26 A8000000 		.4byte	.LASF353
 3386 1b2a 0A       		.byte	0xa
 3387 1b2b B402     		.2byte	0x2b4
 3388 1b2d 0A       		.byte	0xa
 3389 1b2e 091D0000 		.4byte	0x1d09
 3390 1b32 EC02     		.2byte	0x2ec
 3391 1b34 00       		.byte	0
 3392 1b35 20       		.uleb128 0x20
 3393 1b36 04       		.byte	0x4
 3394 1b37 3B1B0000 		.4byte	0x1b3b
 3395 1b3b 02       		.uleb128 0x2
 3396 1b3c 01       		.byte	0x1
 3397 1b3d 08       		.byte	0x8
 3398 1b3e 85050000 		.4byte	.LASF354
 3399 1b42 11       		.uleb128 0x11
 3400 1b43 3B1B0000 		.4byte	0x1b3b
 3401 1b47 20       		.uleb128 0x20
 3402 1b48 04       		.byte	0x4
 3403 1b49 62180000 		.4byte	0x1862
 3404 1b4d 24       		.uleb128 0x24
 3405 1b4e 2C000000 		.4byte	0x2c
 3406 1b52 6B1B0000 		.4byte	0x1b6b
 3407 1b56 0A       		.uleb128 0xa
 3408 1b57 80180000 		.4byte	0x1880
 3409 1b5b 0A       		.uleb128 0xa
 3410 1b5c 23150000 		.4byte	0x1523
 3411 1b60 0A       		.uleb128 0xa
 3412 1b61 6B1B0000 		.4byte	0x1b6b
ARM GAS  /tmp/ccBgOzmL.s 			page 61


 3413 1b65 0A       		.uleb128 0xa
 3414 1b66 2C000000 		.4byte	0x2c
 3415 1b6a 00       		.byte	0
 3416 1b6b 20       		.uleb128 0x20
 3417 1b6c 04       		.byte	0x4
 3418 1b6d 421B0000 		.4byte	0x1b42
 3419 1b71 20       		.uleb128 0x20
 3420 1b72 04       		.byte	0x4
 3421 1b73 4D1B0000 		.4byte	0x1b4d
 3422 1b77 24       		.uleb128 0x24
 3423 1b78 B1140000 		.4byte	0x14b1
 3424 1b7c 951B0000 		.4byte	0x1b95
 3425 1b80 0A       		.uleb128 0xa
 3426 1b81 80180000 		.4byte	0x1880
 3427 1b85 0A       		.uleb128 0xa
 3428 1b86 23150000 		.4byte	0x1523
 3429 1b8a 0A       		.uleb128 0xa
 3430 1b8b B1140000 		.4byte	0x14b1
 3431 1b8f 0A       		.uleb128 0xa
 3432 1b90 2C000000 		.4byte	0x2c
 3433 1b94 00       		.byte	0
 3434 1b95 20       		.uleb128 0x20
 3435 1b96 04       		.byte	0x4
 3436 1b97 771B0000 		.4byte	0x1b77
 3437 1b9b 24       		.uleb128 0x24
 3438 1b9c 2C000000 		.4byte	0x2c
 3439 1ba0 AF1B0000 		.4byte	0x1baf
 3440 1ba4 0A       		.uleb128 0xa
 3441 1ba5 80180000 		.4byte	0x1880
 3442 1ba9 0A       		.uleb128 0xa
 3443 1baa 23150000 		.4byte	0x1523
 3444 1bae 00       		.byte	0
 3445 1baf 20       		.uleb128 0x20
 3446 1bb0 04       		.byte	0x4
 3447 1bb1 9B1B0000 		.4byte	0x1b9b
 3448 1bb5 1B       		.uleb128 0x1b
 3449 1bb6 F2120000 		.4byte	0x12f2
 3450 1bba C51B0000 		.4byte	0x1bc5
 3451 1bbe 1C       		.uleb128 0x1c
 3452 1bbf D8130000 		.4byte	0x13d8
 3453 1bc3 02       		.byte	0x2
 3454 1bc4 00       		.byte	0
 3455 1bc5 1B       		.uleb128 0x1b
 3456 1bc6 F2120000 		.4byte	0x12f2
 3457 1bca D51B0000 		.4byte	0x1bd5
 3458 1bce 1C       		.uleb128 0x1c
 3459 1bcf D8130000 		.4byte	0x13d8
 3460 1bd3 00       		.byte	0
 3461 1bd4 00       		.byte	0
 3462 1bd5 16       		.uleb128 0x16
 3463 1bd6 06100000 		.4byte	.LASF355
 3464 1bda 0A       		.byte	0xa
 3465 1bdb 2401     		.2byte	0x124
 3466 1bdd 1A       		.byte	0x1a
 3467 1bde 1F170000 		.4byte	0x171f
 3468 1be2 2B       		.uleb128 0x2b
 3469 1be3 CB0B0000 		.4byte	.LASF356
ARM GAS  /tmp/ccBgOzmL.s 			page 62


 3470 1be7 0C       		.byte	0xc
 3471 1be8 0A       		.byte	0xa
 3472 1be9 2801     		.2byte	0x128
 3473 1beb 08       		.byte	0x8
 3474 1bec 1B1C0000 		.4byte	0x1c1b
 3475 1bf0 28       		.uleb128 0x28
 3476 1bf1 2A100000 		.4byte	.LASF267
 3477 1bf5 0A       		.byte	0xa
 3478 1bf6 2A01     		.2byte	0x12a
 3479 1bf8 11       		.byte	0x11
 3480 1bf9 1B1C0000 		.4byte	0x1c1b
 3481 1bfd 00       		.byte	0
 3482 1bfe 28       		.uleb128 0x28
 3483 1bff 5B0B0000 		.4byte	.LASF357
 3484 1c03 0A       		.byte	0xa
 3485 1c04 2B01     		.2byte	0x12b
 3486 1c06 07       		.byte	0x7
 3487 1c07 2C000000 		.4byte	0x2c
 3488 1c0b 04       		.byte	0x4
 3489 1c0c 28       		.uleb128 0x28
 3490 1c0d C50B0000 		.4byte	.LASF358
 3491 1c11 0A       		.byte	0xa
 3492 1c12 2C01     		.2byte	0x12c
 3493 1c14 0B       		.byte	0xb
 3494 1c15 211C0000 		.4byte	0x1c21
 3495 1c19 08       		.byte	0x8
 3496 1c1a 00       		.byte	0
 3497 1c1b 20       		.uleb128 0x20
 3498 1c1c 04       		.byte	0x4
 3499 1c1d E21B0000 		.4byte	0x1be2
 3500 1c21 20       		.uleb128 0x20
 3501 1c22 04       		.byte	0x4
 3502 1c23 D51B0000 		.4byte	0x1bd5
 3503 1c27 2B       		.uleb128 0x2b
 3504 1c28 330F0000 		.4byte	.LASF359
 3505 1c2c 0E       		.byte	0xe
 3506 1c2d 0A       		.byte	0xa
 3507 1c2e 4401     		.2byte	0x144
 3508 1c30 08       		.byte	0x8
 3509 1c31 601C0000 		.4byte	0x1c60
 3510 1c35 28       		.uleb128 0x28
 3511 1c36 250E0000 		.4byte	.LASF360
 3512 1c3a 0A       		.byte	0xa
 3513 1c3b 4501     		.2byte	0x145
 3514 1c3d 12       		.byte	0x12
 3515 1c3e 601C0000 		.4byte	0x1c60
 3516 1c42 00       		.byte	0
 3517 1c43 28       		.uleb128 0x28
 3518 1c44 00020000 		.4byte	.LASF361
 3519 1c48 0A       		.byte	0xa
 3520 1c49 4601     		.2byte	0x146
 3521 1c4b 12       		.byte	0x12
 3522 1c4c 601C0000 		.4byte	0x1c60
 3523 1c50 06       		.byte	0x6
 3524 1c51 28       		.uleb128 0x28
 3525 1c52 19130000 		.4byte	.LASF362
 3526 1c56 0A       		.byte	0xa
ARM GAS  /tmp/ccBgOzmL.s 			page 63


 3527 1c57 4701     		.2byte	0x147
 3528 1c59 12       		.byte	0x12
 3529 1c5a 05130000 		.4byte	0x1305
 3530 1c5e 0C       		.byte	0xc
 3531 1c5f 00       		.byte	0
 3532 1c60 1B       		.uleb128 0x1b
 3533 1c61 05130000 		.4byte	0x1305
 3534 1c65 701C0000 		.4byte	0x1c70
 3535 1c69 1C       		.uleb128 0x1c
 3536 1c6a D8130000 		.4byte	0x13d8
 3537 1c6e 02       		.byte	0x2
 3538 1c6f 00       		.byte	0
 3539 1c70 1B       		.uleb128 0x1b
 3540 1c71 3B1B0000 		.4byte	0x1b3b
 3541 1c75 801C0000 		.4byte	0x1c80
 3542 1c79 1C       		.uleb128 0x1c
 3543 1c7a D8130000 		.4byte	0x13d8
 3544 1c7e 19       		.byte	0x19
 3545 1c7f 00       		.byte	0
 3546 1c80 1B       		.uleb128 0x1b
 3547 1c81 3B1B0000 		.4byte	0x1b3b
 3548 1c85 901C0000 		.4byte	0x1c90
 3549 1c89 1C       		.uleb128 0x1c
 3550 1c8a D8130000 		.4byte	0x13d8
 3551 1c8e 07       		.byte	0x7
 3552 1c8f 00       		.byte	0
 3553 1c90 1B       		.uleb128 0x1b
 3554 1c91 3B1B0000 		.4byte	0x1b3b
 3555 1c95 A01C0000 		.4byte	0x1ca0
 3556 1c99 1C       		.uleb128 0x1c
 3557 1c9a D8130000 		.4byte	0x13d8
 3558 1c9e 17       		.byte	0x17
 3559 1c9f 00       		.byte	0
 3560 1ca0 1B       		.uleb128 0x1b
 3561 1ca1 19170000 		.4byte	0x1719
 3562 1ca5 B01C0000 		.4byte	0x1cb0
 3563 1ca9 1C       		.uleb128 0x1c
 3564 1caa D8130000 		.4byte	0x13d8
 3565 1cae 1D       		.byte	0x1d
 3566 1caf 00       		.byte	0
 3567 1cb0 1B       		.uleb128 0x1b
 3568 1cb1 D8130000 		.4byte	0x13d8
 3569 1cb5 C01C0000 		.4byte	0x1cc0
 3570 1cb9 1C       		.uleb128 0x1c
 3571 1cba D8130000 		.4byte	0x13d8
 3572 1cbe 1D       		.byte	0x1d
 3573 1cbf 00       		.byte	0
 3574 1cc0 1B       		.uleb128 0x1b
 3575 1cc1 3B1B0000 		.4byte	0x1b3b
 3576 1cc5 D01C0000 		.4byte	0x1cd0
 3577 1cc9 1C       		.uleb128 0x1c
 3578 1cca D8130000 		.4byte	0x13d8
 3579 1cce 18       		.byte	0x18
 3580 1ccf 00       		.byte	0
 3581 1cd0 2C       		.uleb128 0x2c
 3582 1cd1 95000000 		.4byte	.LASF449
 3583 1cd5 20       		.uleb128 0x20
ARM GAS  /tmp/ccBgOzmL.s 			page 64


 3584 1cd6 04       		.byte	0x4
 3585 1cd7 D01C0000 		.4byte	0x1cd0
 3586 1cdb 2D       		.uleb128 0x2d
 3587 1cdc E61C0000 		.4byte	0x1ce6
 3588 1ce0 0A       		.uleb128 0xa
 3589 1ce1 80180000 		.4byte	0x1880
 3590 1ce5 00       		.byte	0
 3591 1ce6 20       		.uleb128 0x20
 3592 1ce7 04       		.byte	0x4
 3593 1ce8 DB1C0000 		.4byte	0x1cdb
 3594 1cec 20       		.uleb128 0x20
 3595 1ced 04       		.byte	0x4
 3596 1cee A3150000 		.4byte	0x15a3
 3597 1cf2 2D       		.uleb128 0x2d
 3598 1cf3 FD1C0000 		.4byte	0x1cfd
 3599 1cf7 0A       		.uleb128 0xa
 3600 1cf8 2C000000 		.4byte	0x2c
 3601 1cfc 00       		.byte	0
 3602 1cfd 20       		.uleb128 0x20
 3603 1cfe 04       		.byte	0x4
 3604 1cff 031D0000 		.4byte	0x1d03
 3605 1d03 20       		.uleb128 0x20
 3606 1d04 04       		.byte	0x4
 3607 1d05 F21C0000 		.4byte	0x1cf2
 3608 1d09 1B       		.uleb128 0x1b
 3609 1d0a D51B0000 		.4byte	0x1bd5
 3610 1d0e 191D0000 		.4byte	0x1d19
 3611 1d12 1C       		.uleb128 0x1c
 3612 1d13 D8130000 		.4byte	0x13d8
 3613 1d17 02       		.byte	0x2
 3614 1d18 00       		.byte	0
 3615 1d19 2E       		.uleb128 0x2e
 3616 1d1a DE020000 		.4byte	.LASF363
 3617 1d1e 0A       		.byte	0xa
 3618 1d1f 3303     		.2byte	0x333
 3619 1d21 17       		.byte	0x17
 3620 1d22 80180000 		.4byte	0x1880
 3621 1d26 2E       		.uleb128 0x2e
 3622 1d27 37050000 		.4byte	.LASF364
 3623 1d2b 0A       		.byte	0xa
 3624 1d2c 3403     		.2byte	0x334
 3625 1d2e 1D       		.byte	0x1d
 3626 1d2f 86180000 		.4byte	0x1886
 3627 1d33 10       		.uleb128 0x10
 3628 1d34 CC0D0000 		.4byte	.LASF365
 3629 1d38 0C       		.byte	0xc
 3630 1d39 96       		.byte	0x96
 3631 1d3a 14       		.byte	0x14
 3632 1d3b 25000000 		.4byte	0x25
 3633 1d3f 10       		.uleb128 0x10
 3634 1d40 71090000 		.4byte	.LASF366
 3635 1d44 0C       		.byte	0xc
 3636 1d45 97       		.byte	0x97
 3637 1d46 14       		.byte	0x14
 3638 1d47 8C140000 		.4byte	0x148c
 3639 1d4b 07       		.uleb128 0x7
 3640 1d4c 0D       		.byte	0xd
ARM GAS  /tmp/ccBgOzmL.s 			page 65


 3641 1d4d 26       		.byte	0x26
 3642 1d4e 0C       		.byte	0xc
 3643 1d4f 4A010000 		.4byte	0x14a
 3644 1d53 07       		.uleb128 0x7
 3645 1d54 0D       		.byte	0xd
 3646 1d55 26       		.byte	0x26
 3647 1d56 0C       		.byte	0xc
 3648 1d57 64010000 		.4byte	0x164
 3649 1d5b 07       		.uleb128 0x7
 3650 1d5c 0D       		.byte	0xd
 3651 1d5d 26       		.byte	0x26
 3652 1d5e 0C       		.byte	0xc
 3653 1d5f 7E010000 		.4byte	0x17e
 3654 1d63 07       		.uleb128 0x7
 3655 1d64 0D       		.byte	0xd
 3656 1d65 26       		.byte	0x26
 3657 1d66 0C       		.byte	0xc
 3658 1d67 98010000 		.4byte	0x198
 3659 1d6b 07       		.uleb128 0x7
 3660 1d6c 0D       		.byte	0xd
 3661 1d6d 26       		.byte	0x26
 3662 1d6e 0C       		.byte	0xc
 3663 1d6f B2010000 		.4byte	0x1b2
 3664 1d73 2F       		.uleb128 0x2f
 3665 1d74 61627300 		.ascii	"abs\000"
 3666 1d78 0E       		.byte	0xe
 3667 1d79 46       		.byte	0x46
 3668 1d7a 05       		.byte	0x5
 3669 1d7b 2C000000 		.4byte	0x2c
 3670 1d7f 891D0000 		.4byte	0x1d89
 3671 1d83 0A       		.uleb128 0xa
 3672 1d84 2C000000 		.4byte	0x2c
 3673 1d88 00       		.byte	0
 3674 1d89 07       		.uleb128 0x7
 3675 1d8a 0D       		.byte	0xd
 3676 1d8b 26       		.byte	0x26
 3677 1d8c 0C       		.byte	0xc
 3678 1d8d 731D0000 		.4byte	0x1d73
 3679 1d91 07       		.uleb128 0x7
 3680 1d92 0D       		.byte	0xd
 3681 1d93 27       		.byte	0x27
 3682 1d94 0C       		.byte	0xc
 3683 1d95 CC010000 		.4byte	0x1cc
 3684 1d99 07       		.uleb128 0x7
 3685 1d9a 0D       		.byte	0xd
 3686 1d9b 27       		.byte	0x27
 3687 1d9c 0C       		.byte	0xc
 3688 1d9d E6010000 		.4byte	0x1e6
 3689 1da1 30       		.uleb128 0x30
 3690 1da2 430F0000 		.4byte	.LASF6
 3691 1da6 0C       		.byte	0xc
 3692 1da7 66       		.byte	0x66
 3693 1da8 0F       		.byte	0xf
 3694 1da9 8C140000 		.4byte	0x148c
 3695 1dad B71D0000 		.4byte	0x1db7
 3696 1db1 0A       		.uleb128 0xa
 3697 1db2 8C140000 		.4byte	0x148c
ARM GAS  /tmp/ccBgOzmL.s 			page 66


 3698 1db6 00       		.byte	0
 3699 1db7 07       		.uleb128 0x7
 3700 1db8 0D       		.byte	0xd
 3701 1db9 27       		.byte	0x27
 3702 1dba 0C       		.byte	0xc
 3703 1dbb A11D0000 		.4byte	0x1da1
 3704 1dbf 07       		.uleb128 0x7
 3705 1dc0 0D       		.byte	0xd
 3706 1dc1 28       		.byte	0x28
 3707 1dc2 0C       		.byte	0xc
 3708 1dc3 00020000 		.4byte	0x200
 3709 1dc7 07       		.uleb128 0x7
 3710 1dc8 0D       		.byte	0xd
 3711 1dc9 28       		.byte	0x28
 3712 1dca 0C       		.byte	0xc
 3713 1dcb 1A020000 		.4byte	0x21a
 3714 1dcf 30       		.uleb128 0x30
 3715 1dd0 B70F0000 		.4byte	.LASF9
 3716 1dd4 0C       		.byte	0xc
 3717 1dd5 67       		.byte	0x67
 3718 1dd6 0F       		.byte	0xf
 3719 1dd7 8C140000 		.4byte	0x148c
 3720 1ddb E51D0000 		.4byte	0x1de5
 3721 1ddf 0A       		.uleb128 0xa
 3722 1de0 8C140000 		.4byte	0x148c
 3723 1de4 00       		.byte	0
 3724 1de5 07       		.uleb128 0x7
 3725 1de6 0D       		.byte	0xd
 3726 1de7 28       		.byte	0x28
 3727 1de8 0C       		.byte	0xc
 3728 1de9 CF1D0000 		.4byte	0x1dcf
 3729 1ded 07       		.uleb128 0x7
 3730 1dee 0D       		.byte	0xd
 3731 1def 29       		.byte	0x29
 3732 1df0 0C       		.byte	0xc
 3733 1df1 34020000 		.4byte	0x234
 3734 1df5 07       		.uleb128 0x7
 3735 1df6 0D       		.byte	0xd
 3736 1df7 29       		.byte	0x29
 3737 1df8 0C       		.byte	0xc
 3738 1df9 4E020000 		.4byte	0x24e
 3739 1dfd 30       		.uleb128 0x30
 3740 1dfe 600E0000 		.4byte	.LASF12
 3741 1e02 0C       		.byte	0xc
 3742 1e03 56       		.byte	0x56
 3743 1e04 0F       		.byte	0xf
 3744 1e05 8C140000 		.4byte	0x148c
 3745 1e09 131E0000 		.4byte	0x1e13
 3746 1e0d 0A       		.uleb128 0xa
 3747 1e0e 8C140000 		.4byte	0x148c
 3748 1e12 00       		.byte	0
 3749 1e13 07       		.uleb128 0x7
 3750 1e14 0D       		.byte	0xd
 3751 1e15 29       		.byte	0x29
 3752 1e16 0C       		.byte	0xc
 3753 1e17 FD1D0000 		.4byte	0x1dfd
 3754 1e1b 07       		.uleb128 0x7
ARM GAS  /tmp/ccBgOzmL.s 			page 67


 3755 1e1c 0D       		.byte	0xd
 3756 1e1d 2A       		.byte	0x2a
 3757 1e1e 0C       		.byte	0xc
 3758 1e1f 68020000 		.4byte	0x268
 3759 1e23 07       		.uleb128 0x7
 3760 1e24 0D       		.byte	0xd
 3761 1e25 2A       		.byte	0x2a
 3762 1e26 0C       		.byte	0xc
 3763 1e27 87020000 		.4byte	0x287
 3764 1e2b 30       		.uleb128 0x30
 3765 1e2c A4060000 		.4byte	.LASF15
 3766 1e30 0C       		.byte	0xc
 3767 1e31 68       		.byte	0x68
 3768 1e32 0F       		.byte	0xf
 3769 1e33 8C140000 		.4byte	0x148c
 3770 1e37 461E0000 		.4byte	0x1e46
 3771 1e3b 0A       		.uleb128 0xa
 3772 1e3c 8C140000 		.4byte	0x148c
 3773 1e40 0A       		.uleb128 0xa
 3774 1e41 8C140000 		.4byte	0x148c
 3775 1e45 00       		.byte	0
 3776 1e46 07       		.uleb128 0x7
 3777 1e47 0D       		.byte	0xd
 3778 1e48 2A       		.byte	0x2a
 3779 1e49 0C       		.byte	0xc
 3780 1e4a 2B1E0000 		.4byte	0x1e2b
 3781 1e4e 07       		.uleb128 0x7
 3782 1e4f 0D       		.byte	0xd
 3783 1e50 2B       		.byte	0x2b
 3784 1e51 0C       		.byte	0xc
 3785 1e52 A6020000 		.4byte	0x2a6
 3786 1e56 07       		.uleb128 0x7
 3787 1e57 0D       		.byte	0xd
 3788 1e58 2B       		.byte	0x2b
 3789 1e59 0C       		.byte	0xc
 3790 1e5a C0020000 		.4byte	0x2c0
 3791 1e5e 2F       		.uleb128 0x2f
 3792 1e5f 636F7300 		.ascii	"cos\000"
 3793 1e63 0C       		.byte	0xc
 3794 1e64 57       		.byte	0x57
 3795 1e65 0F       		.byte	0xf
 3796 1e66 8C140000 		.4byte	0x148c
 3797 1e6a 741E0000 		.4byte	0x1e74
 3798 1e6e 0A       		.uleb128 0xa
 3799 1e6f 8C140000 		.4byte	0x148c
 3800 1e73 00       		.byte	0
 3801 1e74 07       		.uleb128 0x7
 3802 1e75 0D       		.byte	0xd
 3803 1e76 2B       		.byte	0x2b
 3804 1e77 0C       		.byte	0xc
 3805 1e78 5E1E0000 		.4byte	0x1e5e
 3806 1e7c 07       		.uleb128 0x7
 3807 1e7d 0D       		.byte	0xd
 3808 1e7e 2C       		.byte	0x2c
 3809 1e7f 0C       		.byte	0xc
 3810 1e80 DA020000 		.4byte	0x2da
 3811 1e84 07       		.uleb128 0x7
ARM GAS  /tmp/ccBgOzmL.s 			page 68


 3812 1e85 0D       		.byte	0xd
 3813 1e86 2C       		.byte	0x2c
 3814 1e87 0C       		.byte	0xc
 3815 1e88 F5020000 		.4byte	0x2f5
 3816 1e8c 2F       		.uleb128 0x2f
 3817 1e8d 73696E00 		.ascii	"sin\000"
 3818 1e91 0C       		.byte	0xc
 3819 1e92 58       		.byte	0x58
 3820 1e93 0F       		.byte	0xf
 3821 1e94 8C140000 		.4byte	0x148c
 3822 1e98 A21E0000 		.4byte	0x1ea2
 3823 1e9c 0A       		.uleb128 0xa
 3824 1e9d 8C140000 		.4byte	0x148c
 3825 1ea1 00       		.byte	0
 3826 1ea2 07       		.uleb128 0x7
 3827 1ea3 0D       		.byte	0xd
 3828 1ea4 2C       		.byte	0x2c
 3829 1ea5 0C       		.byte	0xc
 3830 1ea6 8C1E0000 		.4byte	0x1e8c
 3831 1eaa 07       		.uleb128 0x7
 3832 1eab 0D       		.byte	0xd
 3833 1eac 2D       		.byte	0x2d
 3834 1ead 0C       		.byte	0xc
 3835 1eae 10030000 		.4byte	0x310
 3836 1eb2 07       		.uleb128 0x7
 3837 1eb3 0D       		.byte	0xd
 3838 1eb4 2D       		.byte	0x2d
 3839 1eb5 0C       		.byte	0xc
 3840 1eb6 2B030000 		.4byte	0x32b
 3841 1eba 2F       		.uleb128 0x2f
 3842 1ebb 74616E00 		.ascii	"tan\000"
 3843 1ebf 0C       		.byte	0xc
 3844 1ec0 59       		.byte	0x59
 3845 1ec1 0F       		.byte	0xf
 3846 1ec2 8C140000 		.4byte	0x148c
 3847 1ec6 D01E0000 		.4byte	0x1ed0
 3848 1eca 0A       		.uleb128 0xa
 3849 1ecb 8C140000 		.4byte	0x148c
 3850 1ecf 00       		.byte	0
 3851 1ed0 07       		.uleb128 0x7
 3852 1ed1 0D       		.byte	0xd
 3853 1ed2 2D       		.byte	0x2d
 3854 1ed3 0C       		.byte	0xc
 3855 1ed4 BA1E0000 		.4byte	0x1eba
 3856 1ed8 07       		.uleb128 0x7
 3857 1ed9 0D       		.byte	0xd
 3858 1eda 2E       		.byte	0x2e
 3859 1edb 0C       		.byte	0xc
 3860 1edc 46030000 		.4byte	0x346
 3861 1ee0 07       		.uleb128 0x7
 3862 1ee1 0D       		.byte	0xd
 3863 1ee2 2E       		.byte	0x2e
 3864 1ee3 0C       		.byte	0xc
 3865 1ee4 60030000 		.4byte	0x360
 3866 1ee8 30       		.uleb128 0x30
 3867 1ee9 80050000 		.4byte	.LASF24
 3868 1eed 0C       		.byte	0xc
ARM GAS  /tmp/ccBgOzmL.s 			page 69


 3869 1eee 69       		.byte	0x69
 3870 1eef 0F       		.byte	0xf
 3871 1ef0 8C140000 		.4byte	0x148c
 3872 1ef4 FE1E0000 		.4byte	0x1efe
 3873 1ef8 0A       		.uleb128 0xa
 3874 1ef9 8C140000 		.4byte	0x148c
 3875 1efd 00       		.byte	0
 3876 1efe 07       		.uleb128 0x7
 3877 1eff 0D       		.byte	0xd
 3878 1f00 2E       		.byte	0x2e
 3879 1f01 0C       		.byte	0xc
 3880 1f02 E81E0000 		.4byte	0x1ee8
 3881 1f06 07       		.uleb128 0x7
 3882 1f07 0D       		.byte	0xd
 3883 1f08 2F       		.byte	0x2f
 3884 1f09 0C       		.byte	0xc
 3885 1f0a 7A030000 		.4byte	0x37a
 3886 1f0e 07       		.uleb128 0x7
 3887 1f0f 0D       		.byte	0xd
 3888 1f10 2F       		.byte	0x2f
 3889 1f11 0C       		.byte	0xc
 3890 1f12 95030000 		.4byte	0x395
 3891 1f16 30       		.uleb128 0x30
 3892 1f17 FC050000 		.4byte	.LASF27
 3893 1f1b 0C       		.byte	0xc
 3894 1f1c 6A       		.byte	0x6a
 3895 1f1d 0F       		.byte	0xf
 3896 1f1e 8C140000 		.4byte	0x148c
 3897 1f22 2C1F0000 		.4byte	0x1f2c
 3898 1f26 0A       		.uleb128 0xa
 3899 1f27 8C140000 		.4byte	0x148c
 3900 1f2b 00       		.byte	0
 3901 1f2c 07       		.uleb128 0x7
 3902 1f2d 0D       		.byte	0xd
 3903 1f2e 2F       		.byte	0x2f
 3904 1f2f 0C       		.byte	0xc
 3905 1f30 161F0000 		.4byte	0x1f16
 3906 1f34 07       		.uleb128 0x7
 3907 1f35 0D       		.byte	0xd
 3908 1f36 30       		.byte	0x30
 3909 1f37 0C       		.byte	0xc
 3910 1f38 B0030000 		.4byte	0x3b0
 3911 1f3c 07       		.uleb128 0x7
 3912 1f3d 0D       		.byte	0xd
 3913 1f3e 30       		.byte	0x30
 3914 1f3f 0C       		.byte	0xc
 3915 1f40 CB030000 		.4byte	0x3cb
 3916 1f44 30       		.uleb128 0x30
 3917 1f45 97030000 		.4byte	.LASF30
 3918 1f49 0C       		.byte	0xc
 3919 1f4a 5A       		.byte	0x5a
 3920 1f4b 0F       		.byte	0xf
 3921 1f4c 8C140000 		.4byte	0x148c
 3922 1f50 5A1F0000 		.4byte	0x1f5a
 3923 1f54 0A       		.uleb128 0xa
 3924 1f55 8C140000 		.4byte	0x148c
 3925 1f59 00       		.byte	0
ARM GAS  /tmp/ccBgOzmL.s 			page 70


 3926 1f5a 07       		.uleb128 0x7
 3927 1f5b 0D       		.byte	0xd
 3928 1f5c 30       		.byte	0x30
 3929 1f5d 0C       		.byte	0xc
 3930 1f5e 441F0000 		.4byte	0x1f44
 3931 1f62 07       		.uleb128 0x7
 3932 1f63 0D       		.byte	0xd
 3933 1f64 31       		.byte	0x31
 3934 1f65 0C       		.byte	0xc
 3935 1f66 E6030000 		.4byte	0x3e6
 3936 1f6a 07       		.uleb128 0x7
 3937 1f6b 0D       		.byte	0xd
 3938 1f6c 31       		.byte	0x31
 3939 1f6d 0C       		.byte	0xc
 3940 1f6e 00040000 		.4byte	0x400
 3941 1f72 2F       		.uleb128 0x2f
 3942 1f73 65787000 		.ascii	"exp\000"
 3943 1f77 0C       		.byte	0xc
 3944 1f78 6B       		.byte	0x6b
 3945 1f79 0F       		.byte	0xf
 3946 1f7a 8C140000 		.4byte	0x148c
 3947 1f7e 881F0000 		.4byte	0x1f88
 3948 1f82 0A       		.uleb128 0xa
 3949 1f83 8C140000 		.4byte	0x148c
 3950 1f87 00       		.byte	0
 3951 1f88 07       		.uleb128 0x7
 3952 1f89 0D       		.byte	0xd
 3953 1f8a 31       		.byte	0x31
 3954 1f8b 0C       		.byte	0xc
 3955 1f8c 721F0000 		.4byte	0x1f72
 3956 1f90 20       		.uleb128 0x20
 3957 1f91 04       		.byte	0x4
 3958 1f92 2C000000 		.4byte	0x2c
 3959 1f96 07       		.uleb128 0x7
 3960 1f97 0D       		.byte	0xd
 3961 1f98 32       		.byte	0x32
 3962 1f99 0C       		.byte	0xc
 3963 1f9a 1A040000 		.4byte	0x41a
 3964 1f9e 07       		.uleb128 0x7
 3965 1f9f 0D       		.byte	0xd
 3966 1fa0 32       		.byte	0x32
 3967 1fa1 0C       		.byte	0xc
 3968 1fa2 3A040000 		.4byte	0x43a
 3969 1fa6 30       		.uleb128 0x30
 3970 1fa7 F60E0000 		.4byte	.LASF35
 3971 1fab 0C       		.byte	0xc
 3972 1fac 5B       		.byte	0x5b
 3973 1fad 0F       		.byte	0xf
 3974 1fae 8C140000 		.4byte	0x148c
 3975 1fb2 C11F0000 		.4byte	0x1fc1
 3976 1fb6 0A       		.uleb128 0xa
 3977 1fb7 8C140000 		.4byte	0x148c
 3978 1fbb 0A       		.uleb128 0xa
 3979 1fbc 901F0000 		.4byte	0x1f90
 3980 1fc0 00       		.byte	0
 3981 1fc1 07       		.uleb128 0x7
 3982 1fc2 0D       		.byte	0xd
ARM GAS  /tmp/ccBgOzmL.s 			page 71


 3983 1fc3 32       		.byte	0x32
 3984 1fc4 0C       		.byte	0xc
 3985 1fc5 A61F0000 		.4byte	0x1fa6
 3986 1fc9 07       		.uleb128 0x7
 3987 1fca 0D       		.byte	0xd
 3988 1fcb 33       		.byte	0x33
 3989 1fcc 0C       		.byte	0xc
 3990 1fcd 5A040000 		.4byte	0x45a
 3991 1fd1 07       		.uleb128 0x7
 3992 1fd2 0D       		.byte	0xd
 3993 1fd3 33       		.byte	0x33
 3994 1fd4 0C       		.byte	0xc
 3995 1fd5 7A040000 		.4byte	0x47a
 3996 1fd9 30       		.uleb128 0x30
 3997 1fda E70E0000 		.4byte	.LASF38
 3998 1fde 0C       		.byte	0xc
 3999 1fdf 6C       		.byte	0x6c
 4000 1fe0 0F       		.byte	0xf
 4001 1fe1 8C140000 		.4byte	0x148c
 4002 1fe5 F41F0000 		.4byte	0x1ff4
 4003 1fe9 0A       		.uleb128 0xa
 4004 1fea 8C140000 		.4byte	0x148c
 4005 1fee 0A       		.uleb128 0xa
 4006 1fef 2C000000 		.4byte	0x2c
 4007 1ff3 00       		.byte	0
 4008 1ff4 07       		.uleb128 0x7
 4009 1ff5 0D       		.byte	0xd
 4010 1ff6 33       		.byte	0x33
 4011 1ff7 0C       		.byte	0xc
 4012 1ff8 D91F0000 		.4byte	0x1fd9
 4013 1ffc 07       		.uleb128 0x7
 4014 1ffd 0D       		.byte	0xd
 4015 1ffe 34       		.byte	0x34
 4016 1fff 0C       		.byte	0xc
 4017 2000 9A040000 		.4byte	0x49a
 4018 2004 07       		.uleb128 0x7
 4019 2005 0D       		.byte	0xd
 4020 2006 34       		.byte	0x34
 4021 2007 0C       		.byte	0xc
 4022 2008 B5040000 		.4byte	0x4b5
 4023 200c 2F       		.uleb128 0x2f
 4024 200d 6C6F6700 		.ascii	"log\000"
 4025 2011 0C       		.byte	0xc
 4026 2012 6D       		.byte	0x6d
 4027 2013 0F       		.byte	0xf
 4028 2014 8C140000 		.4byte	0x148c
 4029 2018 22200000 		.4byte	0x2022
 4030 201c 0A       		.uleb128 0xa
 4031 201d 8C140000 		.4byte	0x148c
 4032 2021 00       		.byte	0
 4033 2022 07       		.uleb128 0x7
 4034 2023 0D       		.byte	0xd
 4035 2024 34       		.byte	0x34
 4036 2025 0C       		.byte	0xc
 4037 2026 0C200000 		.4byte	0x200c
 4038 202a 07       		.uleb128 0x7
 4039 202b 0D       		.byte	0xd
ARM GAS  /tmp/ccBgOzmL.s 			page 72


 4040 202c 35       		.byte	0x35
 4041 202d 0C       		.byte	0xc
 4042 202e D0040000 		.4byte	0x4d0
 4043 2032 07       		.uleb128 0x7
 4044 2033 0D       		.byte	0xd
 4045 2034 35       		.byte	0x35
 4046 2035 0C       		.byte	0xc
 4047 2036 EB040000 		.4byte	0x4eb
 4048 203a 30       		.uleb128 0x30
 4049 203b F1050000 		.4byte	.LASF43
 4050 203f 0C       		.byte	0xc
 4051 2040 6E       		.byte	0x6e
 4052 2041 0F       		.byte	0xf
 4053 2042 8C140000 		.4byte	0x148c
 4054 2046 50200000 		.4byte	0x2050
 4055 204a 0A       		.uleb128 0xa
 4056 204b 8C140000 		.4byte	0x148c
 4057 204f 00       		.byte	0
 4058 2050 07       		.uleb128 0x7
 4059 2051 0D       		.byte	0xd
 4060 2052 35       		.byte	0x35
 4061 2053 0C       		.byte	0xc
 4062 2054 3A200000 		.4byte	0x203a
 4063 2058 20       		.uleb128 0x20
 4064 2059 04       		.byte	0x4
 4065 205a 72140000 		.4byte	0x1472
 4066 205e 07       		.uleb128 0x7
 4067 205f 0D       		.byte	0xd
 4068 2060 36       		.byte	0x36
 4069 2061 0C       		.byte	0xc
 4070 2062 06050000 		.4byte	0x506
 4071 2066 20       		.uleb128 0x20
 4072 2067 04       		.byte	0x4
 4073 2068 25000000 		.4byte	0x25
 4074 206c 07       		.uleb128 0x7
 4075 206d 0D       		.byte	0xd
 4076 206e 36       		.byte	0x36
 4077 206f 0C       		.byte	0xc
 4078 2070 26050000 		.4byte	0x526
 4079 2074 30       		.uleb128 0x30
 4080 2075 3A110000 		.4byte	.LASF46
 4081 2079 0C       		.byte	0xc
 4082 207a 5C       		.byte	0x5c
 4083 207b 0F       		.byte	0xf
 4084 207c 8C140000 		.4byte	0x148c
 4085 2080 8F200000 		.4byte	0x208f
 4086 2084 0A       		.uleb128 0xa
 4087 2085 8C140000 		.4byte	0x148c
 4088 2089 0A       		.uleb128 0xa
 4089 208a 8F200000 		.4byte	0x208f
 4090 208e 00       		.byte	0
 4091 208f 20       		.uleb128 0x20
 4092 2090 04       		.byte	0x4
 4093 2091 8C140000 		.4byte	0x148c
 4094 2095 07       		.uleb128 0x7
 4095 2096 0D       		.byte	0xd
 4096 2097 36       		.byte	0x36
ARM GAS  /tmp/ccBgOzmL.s 			page 73


 4097 2098 0C       		.byte	0xc
 4098 2099 74200000 		.4byte	0x2074
 4099 209d 07       		.uleb128 0x7
 4100 209e 0D       		.byte	0xd
 4101 209f 37       		.byte	0x37
 4102 20a0 0C       		.byte	0xc
 4103 20a1 46050000 		.4byte	0x546
 4104 20a5 07       		.uleb128 0x7
 4105 20a6 0D       		.byte	0xd
 4106 20a7 37       		.byte	0x37
 4107 20a8 0C       		.byte	0xc
 4108 20a9 66050000 		.4byte	0x566
 4109 20ad 2F       		.uleb128 0x2f
 4110 20ae 706F7700 		.ascii	"pow\000"
 4111 20b2 0C       		.byte	0xc
 4112 20b3 6F       		.byte	0x6f
 4113 20b4 0F       		.byte	0xf
 4114 20b5 8C140000 		.4byte	0x148c
 4115 20b9 C8200000 		.4byte	0x20c8
 4116 20bd 0A       		.uleb128 0xa
 4117 20be 8C140000 		.4byte	0x148c
 4118 20c2 0A       		.uleb128 0xa
 4119 20c3 8C140000 		.4byte	0x148c
 4120 20c7 00       		.byte	0
 4121 20c8 07       		.uleb128 0x7
 4122 20c9 0D       		.byte	0xd
 4123 20ca 37       		.byte	0x37
 4124 20cb 0C       		.byte	0xc
 4125 20cc AD200000 		.4byte	0x20ad
 4126 20d0 07       		.uleb128 0x7
 4127 20d1 0D       		.byte	0xd
 4128 20d2 38       		.byte	0x38
 4129 20d3 0C       		.byte	0xc
 4130 20d4 86050000 		.4byte	0x586
 4131 20d8 07       		.uleb128 0x7
 4132 20d9 0D       		.byte	0xd
 4133 20da 38       		.byte	0x38
 4134 20db 0C       		.byte	0xc
 4135 20dc A1050000 		.4byte	0x5a1
 4136 20e0 30       		.uleb128 0x30
 4137 20e1 13010000 		.4byte	.LASF51
 4138 20e5 0C       		.byte	0xc
 4139 20e6 70       		.byte	0x70
 4140 20e7 0F       		.byte	0xf
 4141 20e8 8C140000 		.4byte	0x148c
 4142 20ec F6200000 		.4byte	0x20f6
 4143 20f0 0A       		.uleb128 0xa
 4144 20f1 8C140000 		.4byte	0x148c
 4145 20f5 00       		.byte	0
 4146 20f6 07       		.uleb128 0x7
 4147 20f7 0D       		.byte	0xd
 4148 20f8 38       		.byte	0x38
 4149 20f9 0C       		.byte	0xc
 4150 20fa E0200000 		.4byte	0x20e0
 4151 20fe 07       		.uleb128 0x7
 4152 20ff 0D       		.byte	0xd
 4153 2100 39       		.byte	0x39
ARM GAS  /tmp/ccBgOzmL.s 			page 74


 4154 2101 0C       		.byte	0xc
 4155 2102 BC050000 		.4byte	0x5bc
 4156 2106 07       		.uleb128 0x7
 4157 2107 0D       		.byte	0xd
 4158 2108 39       		.byte	0x39
 4159 2109 0C       		.byte	0xc
 4160 210a D6050000 		.4byte	0x5d6
 4161 210e 30       		.uleb128 0x30
 4162 210f 0B130000 		.4byte	.LASF54
 4163 2113 0C       		.byte	0xc
 4164 2114 5D       		.byte	0x5d
 4165 2115 0F       		.byte	0xf
 4166 2116 8C140000 		.4byte	0x148c
 4167 211a 24210000 		.4byte	0x2124
 4168 211e 0A       		.uleb128 0xa
 4169 211f 8C140000 		.4byte	0x148c
 4170 2123 00       		.byte	0
 4171 2124 07       		.uleb128 0x7
 4172 2125 0D       		.byte	0xd
 4173 2126 39       		.byte	0x39
 4174 2127 0C       		.byte	0xc
 4175 2128 0E210000 		.4byte	0x210e
 4176 212c 07       		.uleb128 0x7
 4177 212d 0D       		.byte	0xd
 4178 212e 3A       		.byte	0x3a
 4179 212f 0C       		.byte	0xc
 4180 2130 F0050000 		.4byte	0x5f0
 4181 2134 07       		.uleb128 0x7
 4182 2135 0D       		.byte	0xd
 4183 2136 3A       		.byte	0x3a
 4184 2137 0C       		.byte	0xc
 4185 2138 0A060000 		.4byte	0x60a
 4186 213c 30       		.uleb128 0x30
 4187 213d A9090000 		.4byte	.LASF57
 4188 2141 0C       		.byte	0xc
 4189 2142 5E       		.byte	0x5e
 4190 2143 0F       		.byte	0xf
 4191 2144 8C140000 		.4byte	0x148c
 4192 2148 52210000 		.4byte	0x2152
 4193 214c 0A       		.uleb128 0xa
 4194 214d 8C140000 		.4byte	0x148c
 4195 2151 00       		.byte	0
 4196 2152 07       		.uleb128 0x7
 4197 2153 0D       		.byte	0xd
 4198 2154 3A       		.byte	0x3a
 4199 2155 0C       		.byte	0xc
 4200 2156 3C210000 		.4byte	0x213c
 4201 215a 07       		.uleb128 0x7
 4202 215b 0D       		.byte	0xd
 4203 215c 3B       		.byte	0x3b
 4204 215d 0C       		.byte	0xc
 4205 215e 24060000 		.4byte	0x624
 4206 2162 07       		.uleb128 0x7
 4207 2163 0D       		.byte	0xd
 4208 2164 3B       		.byte	0x3b
 4209 2165 0C       		.byte	0xc
 4210 2166 3F060000 		.4byte	0x63f
ARM GAS  /tmp/ccBgOzmL.s 			page 75


 4211 216a 30       		.uleb128 0x30
 4212 216b 66090000 		.4byte	.LASF60
 4213 216f 0C       		.byte	0xc
 4214 2170 5F       		.byte	0x5f
 4215 2171 0F       		.byte	0xf
 4216 2172 8C140000 		.4byte	0x148c
 4217 2176 80210000 		.4byte	0x2180
 4218 217a 0A       		.uleb128 0xa
 4219 217b 8C140000 		.4byte	0x148c
 4220 217f 00       		.byte	0
 4221 2180 07       		.uleb128 0x7
 4222 2181 0D       		.byte	0xd
 4223 2182 3B       		.byte	0x3b
 4224 2183 0C       		.byte	0xc
 4225 2184 6A210000 		.4byte	0x216a
 4226 2188 07       		.uleb128 0x7
 4227 2189 0D       		.byte	0xd
 4228 218a 3C       		.byte	0x3c
 4229 218b 0C       		.byte	0xc
 4230 218c 5A060000 		.4byte	0x65a
 4231 2190 07       		.uleb128 0x7
 4232 2191 0D       		.byte	0xd
 4233 2192 3C       		.byte	0x3c
 4234 2193 0C       		.byte	0xc
 4235 2194 7A060000 		.4byte	0x67a
 4236 2198 30       		.uleb128 0x30
 4237 2199 32050000 		.4byte	.LASF63
 4238 219d 0C       		.byte	0xc
 4239 219e 71       		.byte	0x71
 4240 219f 0F       		.byte	0xf
 4241 21a0 8C140000 		.4byte	0x148c
 4242 21a4 B3210000 		.4byte	0x21b3
 4243 21a8 0A       		.uleb128 0xa
 4244 21a9 8C140000 		.4byte	0x148c
 4245 21ad 0A       		.uleb128 0xa
 4246 21ae 8C140000 		.4byte	0x148c
 4247 21b2 00       		.byte	0
 4248 21b3 07       		.uleb128 0x7
 4249 21b4 0D       		.byte	0xd
 4250 21b5 3C       		.byte	0x3c
 4251 21b6 0C       		.byte	0xc
 4252 21b7 98210000 		.4byte	0x2198
 4253 21bb 07       		.uleb128 0x7
 4254 21bc 0D       		.byte	0xd
 4255 21bd 3F       		.byte	0x3f
 4256 21be 0C       		.byte	0xc
 4257 21bf 9A060000 		.4byte	0x69a
 4258 21c3 07       		.uleb128 0x7
 4259 21c4 0D       		.byte	0xd
 4260 21c5 3F       		.byte	0x3f
 4261 21c6 0C       		.byte	0xc
 4262 21c7 B5060000 		.4byte	0x6b5
 4263 21cb 07       		.uleb128 0x7
 4264 21cc 0D       		.byte	0xd
 4265 21cd 3F       		.byte	0x3f
 4266 21ce 0C       		.byte	0xc
 4267 21cf D0060000 		.4byte	0x6d0
ARM GAS  /tmp/ccBgOzmL.s 			page 76


 4268 21d3 02       		.uleb128 0x2
 4269 21d4 01       		.byte	0x1
 4270 21d5 02       		.byte	0x2
 4271 21d6 790D0000 		.4byte	.LASF367
 4272 21da 07       		.uleb128 0x7
 4273 21db 0D       		.byte	0xd
 4274 21dc 40       		.byte	0x40
 4275 21dd 0C       		.byte	0xc
 4276 21de EB060000 		.4byte	0x6eb
 4277 21e2 07       		.uleb128 0x7
 4278 21e3 0D       		.byte	0xd
 4279 21e4 40       		.byte	0x40
 4280 21e5 0C       		.byte	0xc
 4281 21e6 06070000 		.4byte	0x706
 4282 21ea 07       		.uleb128 0x7
 4283 21eb 0D       		.byte	0xd
 4284 21ec 40       		.byte	0x40
 4285 21ed 0C       		.byte	0xc
 4286 21ee 21070000 		.4byte	0x721
 4287 21f2 07       		.uleb128 0x7
 4288 21f3 0D       		.byte	0xd
 4289 21f4 41       		.byte	0x41
 4290 21f5 0C       		.byte	0xc
 4291 21f6 3C070000 		.4byte	0x73c
 4292 21fa 07       		.uleb128 0x7
 4293 21fb 0D       		.byte	0xd
 4294 21fc 41       		.byte	0x41
 4295 21fd 0C       		.byte	0xc
 4296 21fe 57070000 		.4byte	0x757
 4297 2202 07       		.uleb128 0x7
 4298 2203 0D       		.byte	0xd
 4299 2204 41       		.byte	0x41
 4300 2205 0C       		.byte	0xc
 4301 2206 72070000 		.4byte	0x772
 4302 220a 07       		.uleb128 0x7
 4303 220b 0D       		.byte	0xd
 4304 220c 42       		.byte	0x42
 4305 220d 0C       		.byte	0xc
 4306 220e 8D070000 		.4byte	0x78d
 4307 2212 07       		.uleb128 0x7
 4308 2213 0D       		.byte	0xd
 4309 2214 42       		.byte	0x42
 4310 2215 0C       		.byte	0xc
 4311 2216 A8070000 		.4byte	0x7a8
 4312 221a 07       		.uleb128 0x7
 4313 221b 0D       		.byte	0xd
 4314 221c 42       		.byte	0x42
 4315 221d 0C       		.byte	0xc
 4316 221e C3070000 		.4byte	0x7c3
 4317 2222 07       		.uleb128 0x7
 4318 2223 0D       		.byte	0xd
 4319 2224 43       		.byte	0x43
 4320 2225 0C       		.byte	0xc
 4321 2226 DE070000 		.4byte	0x7de
 4322 222a 07       		.uleb128 0x7
 4323 222b 0D       		.byte	0xd
 4324 222c 43       		.byte	0x43
ARM GAS  /tmp/ccBgOzmL.s 			page 77


 4325 222d 0C       		.byte	0xc
 4326 222e F9070000 		.4byte	0x7f9
 4327 2232 07       		.uleb128 0x7
 4328 2233 0D       		.byte	0xd
 4329 2234 43       		.byte	0x43
 4330 2235 0C       		.byte	0xc
 4331 2236 14080000 		.4byte	0x814
 4332 223a 07       		.uleb128 0x7
 4333 223b 0D       		.byte	0xd
 4334 223c 44       		.byte	0x44
 4335 223d 0C       		.byte	0xc
 4336 223e 2F080000 		.4byte	0x82f
 4337 2242 07       		.uleb128 0x7
 4338 2243 0D       		.byte	0xd
 4339 2244 44       		.byte	0x44
 4340 2245 0C       		.byte	0xc
 4341 2246 4A080000 		.4byte	0x84a
 4342 224a 07       		.uleb128 0x7
 4343 224b 0D       		.byte	0xd
 4344 224c 44       		.byte	0x44
 4345 224d 0C       		.byte	0xc
 4346 224e 65080000 		.4byte	0x865
 4347 2252 07       		.uleb128 0x7
 4348 2253 0D       		.byte	0xd
 4349 2254 45       		.byte	0x45
 4350 2255 0C       		.byte	0xc
 4351 2256 80080000 		.4byte	0x880
 4352 225a 07       		.uleb128 0x7
 4353 225b 0D       		.byte	0xd
 4354 225c 45       		.byte	0x45
 4355 225d 0C       		.byte	0xc
 4356 225e A0080000 		.4byte	0x8a0
 4357 2262 07       		.uleb128 0x7
 4358 2263 0D       		.byte	0xd
 4359 2264 45       		.byte	0x45
 4360 2265 0C       		.byte	0xc
 4361 2266 C0080000 		.4byte	0x8c0
 4362 226a 07       		.uleb128 0x7
 4363 226b 0D       		.byte	0xd
 4364 226c 46       		.byte	0x46
 4365 226d 0C       		.byte	0xc
 4366 226e E0080000 		.4byte	0x8e0
 4367 2272 07       		.uleb128 0x7
 4368 2273 0D       		.byte	0xd
 4369 2274 46       		.byte	0x46
 4370 2275 0C       		.byte	0xc
 4371 2276 00090000 		.4byte	0x900
 4372 227a 07       		.uleb128 0x7
 4373 227b 0D       		.byte	0xd
 4374 227c 46       		.byte	0x46
 4375 227d 0C       		.byte	0xc
 4376 227e 20090000 		.4byte	0x920
 4377 2282 07       		.uleb128 0x7
 4378 2283 0D       		.byte	0xd
 4379 2284 47       		.byte	0x47
 4380 2285 0C       		.byte	0xc
 4381 2286 40090000 		.4byte	0x940
ARM GAS  /tmp/ccBgOzmL.s 			page 78


 4382 228a 07       		.uleb128 0x7
 4383 228b 0D       		.byte	0xd
 4384 228c 47       		.byte	0x47
 4385 228d 0C       		.byte	0xc
 4386 228e 60090000 		.4byte	0x960
 4387 2292 07       		.uleb128 0x7
 4388 2293 0D       		.byte	0xd
 4389 2294 47       		.byte	0x47
 4390 2295 0C       		.byte	0xc
 4391 2296 80090000 		.4byte	0x980
 4392 229a 07       		.uleb128 0x7
 4393 229b 0D       		.byte	0xd
 4394 229c 48       		.byte	0x48
 4395 229d 0C       		.byte	0xc
 4396 229e A0090000 		.4byte	0x9a0
 4397 22a2 07       		.uleb128 0x7
 4398 22a3 0D       		.byte	0xd
 4399 22a4 48       		.byte	0x48
 4400 22a5 0C       		.byte	0xc
 4401 22a6 C0090000 		.4byte	0x9c0
 4402 22aa 07       		.uleb128 0x7
 4403 22ab 0D       		.byte	0xd
 4404 22ac 48       		.byte	0x48
 4405 22ad 0C       		.byte	0xc
 4406 22ae E0090000 		.4byte	0x9e0
 4407 22b2 07       		.uleb128 0x7
 4408 22b3 0D       		.byte	0xd
 4409 22b4 49       		.byte	0x49
 4410 22b5 0C       		.byte	0xc
 4411 22b6 000A0000 		.4byte	0xa00
 4412 22ba 07       		.uleb128 0x7
 4413 22bb 0D       		.byte	0xd
 4414 22bc 49       		.byte	0x49
 4415 22bd 0C       		.byte	0xc
 4416 22be 200A0000 		.4byte	0xa20
 4417 22c2 07       		.uleb128 0x7
 4418 22c3 0D       		.byte	0xd
 4419 22c4 49       		.byte	0x49
 4420 22c5 0C       		.byte	0xc
 4421 22c6 400A0000 		.4byte	0xa40
 4422 22ca 07       		.uleb128 0x7
 4423 22cb 0D       		.byte	0xd
 4424 22cc 4A       		.byte	0x4a
 4425 22cd 0C       		.byte	0xc
 4426 22ce 600A0000 		.4byte	0xa60
 4427 22d2 07       		.uleb128 0x7
 4428 22d3 0D       		.byte	0xd
 4429 22d4 4A       		.byte	0x4a
 4430 22d5 0C       		.byte	0xc
 4431 22d6 800A0000 		.4byte	0xa80
 4432 22da 07       		.uleb128 0x7
 4433 22db 0D       		.byte	0xd
 4434 22dc 4A       		.byte	0x4a
 4435 22dd 0C       		.byte	0xc
 4436 22de A00A0000 		.4byte	0xaa0
 4437 22e2 07       		.uleb128 0x7
 4438 22e3 0D       		.byte	0xd
ARM GAS  /tmp/ccBgOzmL.s 			page 79


 4439 22e4 4E       		.byte	0x4e
 4440 22e5 0C       		.byte	0xc
 4441 22e6 C00A0000 		.4byte	0xac0
 4442 22ea 07       		.uleb128 0x7
 4443 22eb 0D       		.byte	0xd
 4444 22ec 4E       		.byte	0x4e
 4445 22ed 0C       		.byte	0xc
 4446 22ee DB0A0000 		.4byte	0xadb
 4447 22f2 31       		.uleb128 0x31
 4448 22f3 0D100000 		.4byte	.LASF114
 4449 22f7 0C       		.byte	0xc
 4450 22f8 4401     		.2byte	0x144
 4451 22fa 0F       		.byte	0xf
 4452 22fb 8C140000 		.4byte	0x148c
 4453 22ff 09230000 		.4byte	0x2309
 4454 2303 0A       		.uleb128 0xa
 4455 2304 8C140000 		.4byte	0x148c
 4456 2308 00       		.byte	0
 4457 2309 07       		.uleb128 0x7
 4458 230a 0D       		.byte	0xd
 4459 230b 4E       		.byte	0x4e
 4460 230c 0C       		.byte	0xc
 4461 230d F2220000 		.4byte	0x22f2
 4462 2311 07       		.uleb128 0x7
 4463 2312 0D       		.byte	0xd
 4464 2313 4F       		.byte	0x4f
 4465 2314 0C       		.byte	0xc
 4466 2315 F60A0000 		.4byte	0xaf6
 4467 2319 07       		.uleb128 0x7
 4468 231a 0D       		.byte	0xd
 4469 231b 4F       		.byte	0x4f
 4470 231c 0C       		.byte	0xc
 4471 231d 110B0000 		.4byte	0xb11
 4472 2321 31       		.uleb128 0x31
 4473 2322 AD0A0000 		.4byte	.LASF117
 4474 2326 0C       		.byte	0xc
 4475 2327 2801     		.2byte	0x128
 4476 2329 0F       		.byte	0xf
 4477 232a 8C140000 		.4byte	0x148c
 4478 232e 38230000 		.4byte	0x2338
 4479 2332 0A       		.uleb128 0xa
 4480 2333 8C140000 		.4byte	0x148c
 4481 2337 00       		.byte	0
 4482 2338 07       		.uleb128 0x7
 4483 2339 0D       		.byte	0xd
 4484 233a 4F       		.byte	0x4f
 4485 233b 0C       		.byte	0xc
 4486 233c 21230000 		.4byte	0x2321
 4487 2340 07       		.uleb128 0x7
 4488 2341 0D       		.byte	0xd
 4489 2342 50       		.byte	0x50
 4490 2343 0C       		.byte	0xc
 4491 2344 2C0B0000 		.4byte	0xb2c
 4492 2348 07       		.uleb128 0x7
 4493 2349 0D       		.byte	0xd
 4494 234a 50       		.byte	0x50
 4495 234b 0C       		.byte	0xc
ARM GAS  /tmp/ccBgOzmL.s 			page 80


 4496 234c 470B0000 		.4byte	0xb47
 4497 2350 31       		.uleb128 0x31
 4498 2351 6D080000 		.4byte	.LASF120
 4499 2355 0C       		.byte	0xc
 4500 2356 4501     		.2byte	0x145
 4501 2358 0F       		.byte	0xf
 4502 2359 8C140000 		.4byte	0x148c
 4503 235d 67230000 		.4byte	0x2367
 4504 2361 0A       		.uleb128 0xa
 4505 2362 8C140000 		.4byte	0x148c
 4506 2366 00       		.byte	0
 4507 2367 07       		.uleb128 0x7
 4508 2368 0D       		.byte	0xd
 4509 2369 50       		.byte	0x50
 4510 236a 0C       		.byte	0xc
 4511 236b 50230000 		.4byte	0x2350
 4512 236f 07       		.uleb128 0x7
 4513 2370 0D       		.byte	0xd
 4514 2371 51       		.byte	0x51
 4515 2372 0C       		.byte	0xc
 4516 2373 620B0000 		.4byte	0xb62
 4517 2377 07       		.uleb128 0x7
 4518 2378 0D       		.byte	0xd
 4519 2379 51       		.byte	0x51
 4520 237a 0C       		.byte	0xc
 4521 237b 7D0B0000 		.4byte	0xb7d
 4522 237f 31       		.uleb128 0x31
 4523 2380 3E0D0000 		.4byte	.LASF123
 4524 2384 0C       		.byte	0xc
 4525 2385 2901     		.2byte	0x129
 4526 2387 0F       		.byte	0xf
 4527 2388 8C140000 		.4byte	0x148c
 4528 238c 96230000 		.4byte	0x2396
 4529 2390 0A       		.uleb128 0xa
 4530 2391 8C140000 		.4byte	0x148c
 4531 2395 00       		.byte	0
 4532 2396 07       		.uleb128 0x7
 4533 2397 0D       		.byte	0xd
 4534 2398 51       		.byte	0x51
 4535 2399 0C       		.byte	0xc
 4536 239a 7F230000 		.4byte	0x237f
 4537 239e 07       		.uleb128 0x7
 4538 239f 0D       		.byte	0xd
 4539 23a0 52       		.byte	0x52
 4540 23a1 0C       		.byte	0xc
 4541 23a2 980B0000 		.4byte	0xb98
 4542 23a6 07       		.uleb128 0x7
 4543 23a7 0D       		.byte	0xd
 4544 23a8 52       		.byte	0x52
 4545 23a9 0C       		.byte	0xc
 4546 23aa B80B0000 		.4byte	0xbb8
 4547 23ae 31       		.uleb128 0x31
 4548 23af 820F0000 		.4byte	.LASF126
 4549 23b3 0C       		.byte	0xc
 4550 23b4 2401     		.2byte	0x124
 4551 23b6 0F       		.byte	0xf
 4552 23b7 8C140000 		.4byte	0x148c
ARM GAS  /tmp/ccBgOzmL.s 			page 81


 4553 23bb CA230000 		.4byte	0x23ca
 4554 23bf 0A       		.uleb128 0xa
 4555 23c0 8C140000 		.4byte	0x148c
 4556 23c4 0A       		.uleb128 0xa
 4557 23c5 8C140000 		.4byte	0x148c
 4558 23c9 00       		.byte	0
 4559 23ca 07       		.uleb128 0x7
 4560 23cb 0D       		.byte	0xd
 4561 23cc 52       		.byte	0x52
 4562 23cd 0C       		.byte	0xc
 4563 23ce AE230000 		.4byte	0x23ae
 4564 23d2 07       		.uleb128 0x7
 4565 23d3 0D       		.byte	0xd
 4566 23d4 53       		.byte	0x53
 4567 23d5 0C       		.byte	0xc
 4568 23d6 D80B0000 		.4byte	0xbd8
 4569 23da 07       		.uleb128 0x7
 4570 23db 0D       		.byte	0xd
 4571 23dc 53       		.byte	0x53
 4572 23dd 0C       		.byte	0xc
 4573 23de F30B0000 		.4byte	0xbf3
 4574 23e2 32       		.uleb128 0x32
 4575 23e3 65726600 		.ascii	"erf\000"
 4576 23e7 0C       		.byte	0xc
 4577 23e8 4901     		.2byte	0x149
 4578 23ea 0F       		.byte	0xf
 4579 23eb 8C140000 		.4byte	0x148c
 4580 23ef F9230000 		.4byte	0x23f9
 4581 23f3 0A       		.uleb128 0xa
 4582 23f4 8C140000 		.4byte	0x148c
 4583 23f8 00       		.byte	0
 4584 23f9 07       		.uleb128 0x7
 4585 23fa 0D       		.byte	0xd
 4586 23fb 53       		.byte	0x53
 4587 23fc 0C       		.byte	0xc
 4588 23fd E2230000 		.4byte	0x23e2
 4589 2401 07       		.uleb128 0x7
 4590 2402 0D       		.byte	0xd
 4591 2403 54       		.byte	0x54
 4592 2404 0C       		.byte	0xc
 4593 2405 0E0C0000 		.4byte	0xc0e
 4594 2409 07       		.uleb128 0x7
 4595 240a 0D       		.byte	0xd
 4596 240b 54       		.byte	0x54
 4597 240c 0C       		.byte	0xc
 4598 240d 290C0000 		.4byte	0xc29
 4599 2411 31       		.uleb128 0x31
 4600 2412 810A0000 		.4byte	.LASF131
 4601 2416 0C       		.byte	0xc
 4602 2417 4A01     		.2byte	0x14a
 4603 2419 0F       		.byte	0xf
 4604 241a 8C140000 		.4byte	0x148c
 4605 241e 28240000 		.4byte	0x2428
 4606 2422 0A       		.uleb128 0xa
 4607 2423 8C140000 		.4byte	0x148c
 4608 2427 00       		.byte	0
 4609 2428 07       		.uleb128 0x7
ARM GAS  /tmp/ccBgOzmL.s 			page 82


 4610 2429 0D       		.byte	0xd
 4611 242a 54       		.byte	0x54
 4612 242b 0C       		.byte	0xc
 4613 242c 11240000 		.4byte	0x2411
 4614 2430 07       		.uleb128 0x7
 4615 2431 0D       		.byte	0xd
 4616 2432 55       		.byte	0x55
 4617 2433 0C       		.byte	0xc
 4618 2434 440C0000 		.4byte	0xc44
 4619 2438 07       		.uleb128 0x7
 4620 2439 0D       		.byte	0xd
 4621 243a 55       		.byte	0x55
 4622 243b 0C       		.byte	0xc
 4623 243c 5F0C0000 		.4byte	0xc5f
 4624 2440 31       		.uleb128 0x31
 4625 2441 BE130000 		.4byte	.LASF134
 4626 2445 0C       		.byte	0xc
 4627 2446 2E01     		.2byte	0x12e
 4628 2448 0F       		.byte	0xf
 4629 2449 8C140000 		.4byte	0x148c
 4630 244d 57240000 		.4byte	0x2457
 4631 2451 0A       		.uleb128 0xa
 4632 2452 8C140000 		.4byte	0x148c
 4633 2456 00       		.byte	0
 4634 2457 07       		.uleb128 0x7
 4635 2458 0D       		.byte	0xd
 4636 2459 55       		.byte	0x55
 4637 245a 0C       		.byte	0xc
 4638 245b 40240000 		.4byte	0x2440
 4639 245f 07       		.uleb128 0x7
 4640 2460 0D       		.byte	0xd
 4641 2461 56       		.byte	0x56
 4642 2462 0C       		.byte	0xc
 4643 2463 7A0C0000 		.4byte	0xc7a
 4644 2467 07       		.uleb128 0x7
 4645 2468 0D       		.byte	0xd
 4646 2469 56       		.byte	0x56
 4647 246a 0C       		.byte	0xc
 4648 246b 950C0000 		.4byte	0xc95
 4649 246f 31       		.uleb128 0x31
 4650 2470 480F0000 		.4byte	.LASF137
 4651 2474 0C       		.byte	0xc
 4652 2475 4001     		.2byte	0x140
 4653 2477 0F       		.byte	0xf
 4654 2478 8C140000 		.4byte	0x148c
 4655 247c 86240000 		.4byte	0x2486
 4656 2480 0A       		.uleb128 0xa
 4657 2481 8C140000 		.4byte	0x148c
 4658 2485 00       		.byte	0
 4659 2486 07       		.uleb128 0x7
 4660 2487 0D       		.byte	0xd
 4661 2488 56       		.byte	0x56
 4662 2489 0C       		.byte	0xc
 4663 248a 6F240000 		.4byte	0x246f
 4664 248e 07       		.uleb128 0x7
 4665 248f 0D       		.byte	0xd
 4666 2490 57       		.byte	0x57
ARM GAS  /tmp/ccBgOzmL.s 			page 83


 4667 2491 0C       		.byte	0xc
 4668 2492 B00C0000 		.4byte	0xcb0
 4669 2496 07       		.uleb128 0x7
 4670 2497 0D       		.byte	0xd
 4671 2498 57       		.byte	0x57
 4672 2499 0C       		.byte	0xc
 4673 249a D00C0000 		.4byte	0xcd0
 4674 249e 31       		.uleb128 0x31
 4675 249f 00000000 		.4byte	.LASF140
 4676 24a3 0C       		.byte	0xc
 4677 24a4 3901     		.2byte	0x139
 4678 24a6 0F       		.byte	0xf
 4679 24a7 8C140000 		.4byte	0x148c
 4680 24ab BA240000 		.4byte	0x24ba
 4681 24af 0A       		.uleb128 0xa
 4682 24b0 8C140000 		.4byte	0x148c
 4683 24b4 0A       		.uleb128 0xa
 4684 24b5 8C140000 		.4byte	0x148c
 4685 24b9 00       		.byte	0
 4686 24ba 07       		.uleb128 0x7
 4687 24bb 0D       		.byte	0xd
 4688 24bc 57       		.byte	0x57
 4689 24bd 0C       		.byte	0xc
 4690 24be 9E240000 		.4byte	0x249e
 4691 24c2 07       		.uleb128 0x7
 4692 24c3 0D       		.byte	0xd
 4693 24c4 58       		.byte	0x58
 4694 24c5 0C       		.byte	0xc
 4695 24c6 F00C0000 		.4byte	0xcf0
 4696 24ca 07       		.uleb128 0x7
 4697 24cb 0D       		.byte	0xd
 4698 24cc 58       		.byte	0x58
 4699 24cd 0C       		.byte	0xc
 4700 24ce 150D0000 		.4byte	0xd15
 4701 24d2 32       		.uleb128 0x32
 4702 24d3 666D6100 		.ascii	"fma\000"
 4703 24d7 0C       		.byte	0xc
 4704 24d8 3C01     		.2byte	0x13c
 4705 24da 0F       		.byte	0xf
 4706 24db 8C140000 		.4byte	0x148c
 4707 24df F3240000 		.4byte	0x24f3
 4708 24e3 0A       		.uleb128 0xa
 4709 24e4 8C140000 		.4byte	0x148c
 4710 24e8 0A       		.uleb128 0xa
 4711 24e9 8C140000 		.4byte	0x148c
 4712 24ed 0A       		.uleb128 0xa
 4713 24ee 8C140000 		.4byte	0x148c
 4714 24f2 00       		.byte	0
 4715 24f3 07       		.uleb128 0x7
 4716 24f4 0D       		.byte	0xd
 4717 24f5 58       		.byte	0x58
 4718 24f6 0C       		.byte	0xc
 4719 24f7 D2240000 		.4byte	0x24d2
 4720 24fb 07       		.uleb128 0x7
 4721 24fc 0D       		.byte	0xd
 4722 24fd 59       		.byte	0x59
 4723 24fe 0C       		.byte	0xc
ARM GAS  /tmp/ccBgOzmL.s 			page 84


 4724 24ff 3A0D0000 		.4byte	0xd3a
 4725 2503 07       		.uleb128 0x7
 4726 2504 0D       		.byte	0xd
 4727 2505 59       		.byte	0x59
 4728 2506 0C       		.byte	0xc
 4729 2507 5A0D0000 		.4byte	0xd5a
 4730 250b 31       		.uleb128 0x31
 4731 250c 81100000 		.4byte	.LASF145
 4732 2510 0C       		.byte	0xc
 4733 2511 3A01     		.2byte	0x13a
 4734 2513 0F       		.byte	0xf
 4735 2514 8C140000 		.4byte	0x148c
 4736 2518 27250000 		.4byte	0x2527
 4737 251c 0A       		.uleb128 0xa
 4738 251d 8C140000 		.4byte	0x148c
 4739 2521 0A       		.uleb128 0xa
 4740 2522 8C140000 		.4byte	0x148c
 4741 2526 00       		.byte	0
 4742 2527 07       		.uleb128 0x7
 4743 2528 0D       		.byte	0xd
 4744 2529 59       		.byte	0x59
 4745 252a 0C       		.byte	0xc
 4746 252b 0B250000 		.4byte	0x250b
 4747 252f 07       		.uleb128 0x7
 4748 2530 0D       		.byte	0xd
 4749 2531 5A       		.byte	0x5a
 4750 2532 0C       		.byte	0xc
 4751 2533 7A0D0000 		.4byte	0xd7a
 4752 2537 07       		.uleb128 0x7
 4753 2538 0D       		.byte	0xd
 4754 2539 5A       		.byte	0x5a
 4755 253a 0C       		.byte	0xc
 4756 253b 9A0D0000 		.4byte	0xd9a
 4757 253f 31       		.uleb128 0x31
 4758 2540 29010000 		.4byte	.LASF148
 4759 2544 0C       		.byte	0xc
 4760 2545 3B01     		.2byte	0x13b
 4761 2547 0F       		.byte	0xf
 4762 2548 8C140000 		.4byte	0x148c
 4763 254c 5B250000 		.4byte	0x255b
 4764 2550 0A       		.uleb128 0xa
 4765 2551 8C140000 		.4byte	0x148c
 4766 2555 0A       		.uleb128 0xa
 4767 2556 8C140000 		.4byte	0x148c
 4768 255a 00       		.byte	0
 4769 255b 07       		.uleb128 0x7
 4770 255c 0D       		.byte	0xd
 4771 255d 5A       		.byte	0x5a
 4772 255e 0C       		.byte	0xc
 4773 255f 3F250000 		.4byte	0x253f
 4774 2563 07       		.uleb128 0x7
 4775 2564 0D       		.byte	0xd
 4776 2565 5B       		.byte	0x5b
 4777 2566 0C       		.byte	0xc
 4778 2567 BA0D0000 		.4byte	0xdba
 4779 256b 07       		.uleb128 0x7
 4780 256c 0D       		.byte	0xd
ARM GAS  /tmp/ccBgOzmL.s 			page 85


 4781 256d 5B       		.byte	0x5b
 4782 256e 0C       		.byte	0xc
 4783 256f DA0D0000 		.4byte	0xdda
 4784 2573 31       		.uleb128 0x31
 4785 2574 8E110000 		.4byte	.LASF151
 4786 2578 0C       		.byte	0xc
 4787 2579 5101     		.2byte	0x151
 4788 257b 0F       		.byte	0xf
 4789 257c 8C140000 		.4byte	0x148c
 4790 2580 8F250000 		.4byte	0x258f
 4791 2584 0A       		.uleb128 0xa
 4792 2585 8C140000 		.4byte	0x148c
 4793 2589 0A       		.uleb128 0xa
 4794 258a 8C140000 		.4byte	0x148c
 4795 258e 00       		.byte	0
 4796 258f 07       		.uleb128 0x7
 4797 2590 0D       		.byte	0xd
 4798 2591 5B       		.byte	0x5b
 4799 2592 0C       		.byte	0xc
 4800 2593 73250000 		.4byte	0x2573
 4801 2597 07       		.uleb128 0x7
 4802 2598 0D       		.byte	0xd
 4803 2599 5C       		.byte	0x5c
 4804 259a 0C       		.byte	0xc
 4805 259b FA0D0000 		.4byte	0xdfa
 4806 259f 07       		.uleb128 0x7
 4807 25a0 0D       		.byte	0xd
 4808 25a1 5C       		.byte	0x5c
 4809 25a2 0C       		.byte	0xc
 4810 25a3 150E0000 		.4byte	0xe15
 4811 25a7 31       		.uleb128 0x31
 4812 25a8 1E020000 		.4byte	.LASF154
 4813 25ac 0C       		.byte	0xc
 4814 25ad 2601     		.2byte	0x126
 4815 25af 0C       		.byte	0xc
 4816 25b0 2C000000 		.4byte	0x2c
 4817 25b4 BE250000 		.4byte	0x25be
 4818 25b8 0A       		.uleb128 0xa
 4819 25b9 8C140000 		.4byte	0x148c
 4820 25bd 00       		.byte	0
 4821 25be 07       		.uleb128 0x7
 4822 25bf 0D       		.byte	0xd
 4823 25c0 5C       		.byte	0x5c
 4824 25c1 0C       		.byte	0xc
 4825 25c2 A7250000 		.4byte	0x25a7
 4826 25c6 07       		.uleb128 0x7
 4827 25c7 0D       		.byte	0xd
 4828 25c8 5D       		.byte	0x5d
 4829 25c9 0C       		.byte	0xc
 4830 25ca 300E0000 		.4byte	0xe30
 4831 25ce 07       		.uleb128 0x7
 4832 25cf 0D       		.byte	0xd
 4833 25d0 5D       		.byte	0x5d
 4834 25d1 0C       		.byte	0xc
 4835 25d2 4B0E0000 		.4byte	0xe4b
 4836 25d6 31       		.uleb128 0x31
 4837 25d7 C0120000 		.4byte	.LASF157
ARM GAS  /tmp/ccBgOzmL.s 			page 86


 4838 25db 0C       		.byte	0xc
 4839 25dc 4801     		.2byte	0x148
 4840 25de 0F       		.byte	0xf
 4841 25df 8C140000 		.4byte	0x148c
 4842 25e3 ED250000 		.4byte	0x25ed
 4843 25e7 0A       		.uleb128 0xa
 4844 25e8 8C140000 		.4byte	0x148c
 4845 25ec 00       		.byte	0
 4846 25ed 07       		.uleb128 0x7
 4847 25ee 0D       		.byte	0xd
 4848 25ef 5D       		.byte	0x5d
 4849 25f0 0C       		.byte	0xc
 4850 25f1 D6250000 		.4byte	0x25d6
 4851 25f5 07       		.uleb128 0x7
 4852 25f6 0D       		.byte	0xd
 4853 25f7 5E       		.byte	0x5e
 4854 25f8 0C       		.byte	0xc
 4855 25f9 660E0000 		.4byte	0xe66
 4856 25fd 07       		.uleb128 0x7
 4857 25fe 0D       		.byte	0xd
 4858 25ff 5E       		.byte	0x5e
 4859 2600 0C       		.byte	0xc
 4860 2601 810E0000 		.4byte	0xe81
 4861 2605 31       		.uleb128 0x31
 4862 2606 7D110000 		.4byte	.LASF160
 4863 260a 0C       		.byte	0xc
 4864 260b 3301     		.2byte	0x133
 4865 260d 16       		.byte	0x16
 4866 260e DA120000 		.4byte	0x12da
 4867 2612 1C260000 		.4byte	0x261c
 4868 2616 0A       		.uleb128 0xa
 4869 2617 8C140000 		.4byte	0x148c
 4870 261b 00       		.byte	0
 4871 261c 07       		.uleb128 0x7
 4872 261d 0D       		.byte	0xd
 4873 261e 5E       		.byte	0x5e
 4874 261f 0C       		.byte	0xc
 4875 2620 05260000 		.4byte	0x2605
 4876 2624 07       		.uleb128 0x7
 4877 2625 0D       		.byte	0xd
 4878 2626 5F       		.byte	0x5f
 4879 2627 0C       		.byte	0xc
 4880 2628 9C0E0000 		.4byte	0xe9c
 4881 262c 07       		.uleb128 0x7
 4882 262d 0D       		.byte	0xd
 4883 262e 5F       		.byte	0x5f
 4884 262f 0C       		.byte	0xc
 4885 2630 B70E0000 		.4byte	0xeb7
 4886 2634 31       		.uleb128 0x31
 4887 2635 300C0000 		.4byte	.LASF163
 4888 2639 0C       		.byte	0xc
 4889 263a 3601     		.2byte	0x136
 4890 263c 16       		.byte	0x16
 4891 263d DA120000 		.4byte	0x12da
 4892 2641 4B260000 		.4byte	0x264b
 4893 2645 0A       		.uleb128 0xa
 4894 2646 8C140000 		.4byte	0x148c
ARM GAS  /tmp/ccBgOzmL.s 			page 87


 4895 264a 00       		.byte	0
 4896 264b 07       		.uleb128 0x7
 4897 264c 0D       		.byte	0xd
 4898 264d 5F       		.byte	0x5f
 4899 264e 0C       		.byte	0xc
 4900 264f 34260000 		.4byte	0x2634
 4901 2653 07       		.uleb128 0x7
 4902 2654 0D       		.byte	0xd
 4903 2655 60       		.byte	0x60
 4904 2656 0C       		.byte	0xc
 4905 2657 D20E0000 		.4byte	0xed2
 4906 265b 07       		.uleb128 0x7
 4907 265c 0D       		.byte	0xd
 4908 265d 60       		.byte	0x60
 4909 265e 0C       		.byte	0xc
 4910 265f ED0E0000 		.4byte	0xeed
 4911 2663 31       		.uleb128 0x31
 4912 2664 AA060000 		.4byte	.LASF166
 4913 2668 0C       		.byte	0xc
 4914 2669 3F01     		.2byte	0x13f
 4915 266b 0F       		.byte	0xf
 4916 266c 8C140000 		.4byte	0x148c
 4917 2670 7A260000 		.4byte	0x267a
 4918 2674 0A       		.uleb128 0xa
 4919 2675 8C140000 		.4byte	0x148c
 4920 2679 00       		.byte	0
 4921 267a 07       		.uleb128 0x7
 4922 267b 0D       		.byte	0xd
 4923 267c 60       		.byte	0x60
 4924 267d 0C       		.byte	0xc
 4925 267e 63260000 		.4byte	0x2663
 4926 2682 07       		.uleb128 0x7
 4927 2683 0D       		.byte	0xd
 4928 2684 61       		.byte	0x61
 4929 2685 0C       		.byte	0xc
 4930 2686 080F0000 		.4byte	0xf08
 4931 268a 07       		.uleb128 0x7
 4932 268b 0D       		.byte	0xd
 4933 268c 61       		.byte	0x61
 4934 268d 0C       		.byte	0xc
 4935 268e 230F0000 		.4byte	0xf23
 4936 2692 31       		.uleb128 0x31
 4937 2693 6C090000 		.4byte	.LASF169
 4938 2697 0C       		.byte	0xc
 4939 2698 4B01     		.2byte	0x14b
 4940 269a 0F       		.byte	0xf
 4941 269b 8C140000 		.4byte	0x148c
 4942 269f A9260000 		.4byte	0x26a9
 4943 26a3 0A       		.uleb128 0xa
 4944 26a4 8C140000 		.4byte	0x148c
 4945 26a8 00       		.byte	0
 4946 26a9 07       		.uleb128 0x7
 4947 26aa 0D       		.byte	0xd
 4948 26ab 61       		.byte	0x61
 4949 26ac 0C       		.byte	0xc
 4950 26ad 92260000 		.4byte	0x2692
 4951 26b1 07       		.uleb128 0x7
ARM GAS  /tmp/ccBgOzmL.s 			page 88


 4952 26b2 0D       		.byte	0xd
 4953 26b3 62       		.byte	0x62
 4954 26b4 0C       		.byte	0xc
 4955 26b5 3E0F0000 		.4byte	0xf3e
 4956 26b9 07       		.uleb128 0x7
 4957 26ba 0D       		.byte	0xd
 4958 26bb 62       		.byte	0x62
 4959 26bc 0C       		.byte	0xc
 4960 26bd 590F0000 		.4byte	0xf59
 4961 26c1 31       		.uleb128 0x31
 4962 26c2 C0090000 		.4byte	.LASF172
 4963 26c6 0C       		.byte	0xc
 4964 26c7 2501     		.2byte	0x125
 4965 26c9 0F       		.byte	0xf
 4966 26ca 8C140000 		.4byte	0x148c
 4967 26ce D8260000 		.4byte	0x26d8
 4968 26d2 0A       		.uleb128 0xa
 4969 26d3 8C140000 		.4byte	0x148c
 4970 26d7 00       		.byte	0
 4971 26d8 07       		.uleb128 0x7
 4972 26d9 0D       		.byte	0xd
 4973 26da 62       		.byte	0x62
 4974 26db 0C       		.byte	0xc
 4975 26dc C1260000 		.4byte	0x26c1
 4976 26e0 07       		.uleb128 0x7
 4977 26e1 0D       		.byte	0xd
 4978 26e2 63       		.byte	0x63
 4979 26e3 0C       		.byte	0xc
 4980 26e4 740F0000 		.4byte	0xf74
 4981 26e8 07       		.uleb128 0x7
 4982 26e9 0D       		.byte	0xd
 4983 26ea 63       		.byte	0x63
 4984 26eb 0C       		.byte	0xc
 4985 26ec 8F0F0000 		.4byte	0xf8f
 4986 26f0 31       		.uleb128 0x31
 4987 26f1 5D050000 		.4byte	.LASF175
 4988 26f5 0C       		.byte	0xc
 4989 26f6 3201     		.2byte	0x132
 4990 26f8 11       		.byte	0x11
 4991 26f9 C7120000 		.4byte	0x12c7
 4992 26fd 07270000 		.4byte	0x2707
 4993 2701 0A       		.uleb128 0xa
 4994 2702 8C140000 		.4byte	0x148c
 4995 2706 00       		.byte	0
 4996 2707 07       		.uleb128 0x7
 4997 2708 0D       		.byte	0xd
 4998 2709 63       		.byte	0x63
 4999 270a 0C       		.byte	0xc
 5000 270b F0260000 		.4byte	0x26f0
 5001 270f 07       		.uleb128 0x7
 5002 2710 0D       		.byte	0xd
 5003 2711 64       		.byte	0x64
 5004 2712 0C       		.byte	0xc
 5005 2713 AA0F0000 		.4byte	0xfaa
 5006 2717 07       		.uleb128 0x7
 5007 2718 0D       		.byte	0xd
 5008 2719 64       		.byte	0x64
ARM GAS  /tmp/ccBgOzmL.s 			page 89


 5009 271a 0C       		.byte	0xc
 5010 271b C50F0000 		.4byte	0xfc5
 5011 271f 31       		.uleb128 0x31
 5012 2720 E7100000 		.4byte	.LASF178
 5013 2724 0C       		.byte	0xc
 5014 2725 3501     		.2byte	0x135
 5015 2727 11       		.byte	0x11
 5016 2728 C7120000 		.4byte	0x12c7
 5017 272c 36270000 		.4byte	0x2736
 5018 2730 0A       		.uleb128 0xa
 5019 2731 8C140000 		.4byte	0x148c
 5020 2735 00       		.byte	0
 5021 2736 07       		.uleb128 0x7
 5022 2737 0D       		.byte	0xd
 5023 2738 64       		.byte	0x64
 5024 2739 0C       		.byte	0xc
 5025 273a 1F270000 		.4byte	0x271f
 5026 273e 07       		.uleb128 0x7
 5027 273f 0D       		.byte	0xd
 5028 2740 65       		.byte	0x65
 5029 2741 0C       		.byte	0xc
 5030 2742 E00F0000 		.4byte	0xfe0
 5031 2746 07       		.uleb128 0x7
 5032 2747 0D       		.byte	0xd
 5033 2748 65       		.byte	0x65
 5034 2749 0C       		.byte	0xc
 5035 274a FB0F0000 		.4byte	0xffb
 5036 274e 31       		.uleb128 0x31
 5037 274f E2030000 		.4byte	.LASF181
 5038 2753 0C       		.byte	0xc
 5039 2754 3101     		.2byte	0x131
 5040 2756 0F       		.byte	0xf
 5041 2757 8C140000 		.4byte	0x148c
 5042 275b 65270000 		.4byte	0x2765
 5043 275f 0A       		.uleb128 0xa
 5044 2760 8C140000 		.4byte	0x148c
 5045 2764 00       		.byte	0
 5046 2765 07       		.uleb128 0x7
 5047 2766 0D       		.byte	0xd
 5048 2767 65       		.byte	0x65
 5049 2768 0C       		.byte	0xc
 5050 2769 4E270000 		.4byte	0x274e
 5051 276d 07       		.uleb128 0x7
 5052 276e 0D       		.byte	0xd
 5053 276f 66       		.byte	0x66
 5054 2770 0C       		.byte	0xc
 5055 2771 16100000 		.4byte	0x1016
 5056 2775 07       		.uleb128 0x7
 5057 2776 0D       		.byte	0xd
 5058 2777 66       		.byte	0x66
 5059 2778 0C       		.byte	0xc
 5060 2779 36100000 		.4byte	0x1036
 5061 277d 31       		.uleb128 0x31
 5062 277e 4E0F0000 		.4byte	.LASF184
 5063 2782 0C       		.byte	0xc
 5064 2783 2A01     		.2byte	0x12a
 5065 2785 0F       		.byte	0xf
ARM GAS  /tmp/ccBgOzmL.s 			page 90


 5066 2786 8C140000 		.4byte	0x148c
 5067 278a 99270000 		.4byte	0x2799
 5068 278e 0A       		.uleb128 0xa
 5069 278f 8C140000 		.4byte	0x148c
 5070 2793 0A       		.uleb128 0xa
 5071 2794 8C140000 		.4byte	0x148c
 5072 2798 00       		.byte	0
 5073 2799 07       		.uleb128 0x7
 5074 279a 0D       		.byte	0xd
 5075 279b 66       		.byte	0x66
 5076 279c 0C       		.byte	0xc
 5077 279d 7D270000 		.4byte	0x277d
 5078 27a1 07       		.uleb128 0x7
 5079 27a2 0D       		.byte	0xd
 5080 27a3 67       		.byte	0x67
 5081 27a4 0C       		.byte	0xc
 5082 27a5 56100000 		.4byte	0x1056
 5083 27a9 07       		.uleb128 0x7
 5084 27aa 0D       		.byte	0xd
 5085 27ab 67       		.byte	0x67
 5086 27ac 0C       		.byte	0xc
 5087 27ad 76100000 		.4byte	0x1076
 5088 27b1 31       		.uleb128 0x31
 5089 27b2 6B020000 		.4byte	.LASF187
 5090 27b6 0C       		.byte	0xc
 5091 27b7 CC01     		.2byte	0x1cc
 5092 27b9 0F       		.byte	0xf
 5093 27ba 8C140000 		.4byte	0x148c
 5094 27be CD270000 		.4byte	0x27cd
 5095 27c2 0A       		.uleb128 0xa
 5096 27c3 8C140000 		.4byte	0x148c
 5097 27c7 0A       		.uleb128 0xa
 5098 27c8 72140000 		.4byte	0x1472
 5099 27cc 00       		.byte	0
 5100 27cd 07       		.uleb128 0x7
 5101 27ce 0D       		.byte	0xd
 5102 27cf 67       		.byte	0x67
 5103 27d0 0C       		.byte	0xc
 5104 27d1 B1270000 		.4byte	0x27b1
 5105 27d5 07       		.uleb128 0x7
 5106 27d6 0D       		.byte	0xd
 5107 27d7 68       		.byte	0x68
 5108 27d8 0C       		.byte	0xc
 5109 27d9 96100000 		.4byte	0x1096
 5110 27dd 07       		.uleb128 0x7
 5111 27de 0D       		.byte	0xd
 5112 27df 68       		.byte	0x68
 5113 27e0 0C       		.byte	0xc
 5114 27e1 B6100000 		.4byte	0x10b6
 5115 27e5 31       		.uleb128 0x31
 5116 27e6 16140000 		.4byte	.LASF190
 5117 27ea 0C       		.byte	0xc
 5118 27eb 4601     		.2byte	0x146
 5119 27ed 0F       		.byte	0xf
 5120 27ee 8C140000 		.4byte	0x148c
 5121 27f2 01280000 		.4byte	0x2801
 5122 27f6 0A       		.uleb128 0xa
ARM GAS  /tmp/ccBgOzmL.s 			page 91


 5123 27f7 8C140000 		.4byte	0x148c
 5124 27fb 0A       		.uleb128 0xa
 5125 27fc 8C140000 		.4byte	0x148c
 5126 2800 00       		.byte	0
 5127 2801 07       		.uleb128 0x7
 5128 2802 0D       		.byte	0xd
 5129 2803 68       		.byte	0x68
 5130 2804 0C       		.byte	0xc
 5131 2805 E5270000 		.4byte	0x27e5
 5132 2809 07       		.uleb128 0x7
 5133 280a 0D       		.byte	0xd
 5134 280b 69       		.byte	0x69
 5135 280c 0C       		.byte	0xc
 5136 280d D6100000 		.4byte	0x10d6
 5137 2811 07       		.uleb128 0x7
 5138 2812 0D       		.byte	0xd
 5139 2813 69       		.byte	0x69
 5140 2814 0C       		.byte	0xc
 5141 2815 FB100000 		.4byte	0x10fb
 5142 2819 31       		.uleb128 0x31
 5143 281a 700C0000 		.4byte	.LASF193
 5144 281e 0C       		.byte	0xc
 5145 281f 3801     		.2byte	0x138
 5146 2821 0F       		.byte	0xf
 5147 2822 8C140000 		.4byte	0x148c
 5148 2826 3A280000 		.4byte	0x283a
 5149 282a 0A       		.uleb128 0xa
 5150 282b 8C140000 		.4byte	0x148c
 5151 282f 0A       		.uleb128 0xa
 5152 2830 8C140000 		.4byte	0x148c
 5153 2834 0A       		.uleb128 0xa
 5154 2835 901F0000 		.4byte	0x1f90
 5155 2839 00       		.byte	0
 5156 283a 07       		.uleb128 0x7
 5157 283b 0D       		.byte	0xd
 5158 283c 69       		.byte	0x69
 5159 283d 0C       		.byte	0xc
 5160 283e 19280000 		.4byte	0x2819
 5161 2842 07       		.uleb128 0x7
 5162 2843 0D       		.byte	0xd
 5163 2844 6A       		.byte	0x6a
 5164 2845 0C       		.byte	0xc
 5165 2846 20110000 		.4byte	0x1120
 5166 284a 07       		.uleb128 0x7
 5167 284b 0D       		.byte	0xd
 5168 284c 6A       		.byte	0x6a
 5169 284d 0C       		.byte	0xc
 5170 284e 3B110000 		.4byte	0x113b
 5171 2852 31       		.uleb128 0x31
 5172 2853 86100000 		.4byte	.LASF196
 5173 2857 0C       		.byte	0xc
 5174 2858 2B01     		.2byte	0x12b
 5175 285a 0F       		.byte	0xf
 5176 285b 8C140000 		.4byte	0x148c
 5177 285f 69280000 		.4byte	0x2869
 5178 2863 0A       		.uleb128 0xa
 5179 2864 8C140000 		.4byte	0x148c
ARM GAS  /tmp/ccBgOzmL.s 			page 92


 5180 2868 00       		.byte	0
 5181 2869 07       		.uleb128 0x7
 5182 286a 0D       		.byte	0xd
 5183 286b 6A       		.byte	0x6a
 5184 286c 0C       		.byte	0xc
 5185 286d 52280000 		.4byte	0x2852
 5186 2871 07       		.uleb128 0x7
 5187 2872 0D       		.byte	0xd
 5188 2873 6B       		.byte	0x6b
 5189 2874 0C       		.byte	0xc
 5190 2875 56110000 		.4byte	0x1156
 5191 2879 07       		.uleb128 0x7
 5192 287a 0D       		.byte	0xd
 5193 287b 6B       		.byte	0x6b
 5194 287c 0C       		.byte	0xc
 5195 287d 71110000 		.4byte	0x1171
 5196 2881 31       		.uleb128 0x31
 5197 2882 D10B0000 		.4byte	.LASF199
 5198 2886 0C       		.byte	0xc
 5199 2887 3401     		.2byte	0x134
 5200 2889 0F       		.byte	0xf
 5201 288a 8C140000 		.4byte	0x148c
 5202 288e 98280000 		.4byte	0x2898
 5203 2892 0A       		.uleb128 0xa
 5204 2893 8C140000 		.4byte	0x148c
 5205 2897 00       		.byte	0
 5206 2898 07       		.uleb128 0x7
 5207 2899 0D       		.byte	0xd
 5208 289a 6B       		.byte	0x6b
 5209 289b 0C       		.byte	0xc
 5210 289c 81280000 		.4byte	0x2881
 5211 28a0 07       		.uleb128 0x7
 5212 28a1 0D       		.byte	0xd
 5213 28a2 6C       		.byte	0x6c
 5214 28a3 0C       		.byte	0xc
 5215 28a4 8C110000 		.4byte	0x118c
 5216 28a8 07       		.uleb128 0x7
 5217 28a9 0D       		.byte	0xd
 5218 28aa 6C       		.byte	0x6c
 5219 28ab 0C       		.byte	0xc
 5220 28ac AC110000 		.4byte	0x11ac
 5221 28b0 31       		.uleb128 0x31
 5222 28b1 710D0000 		.4byte	.LASF202
 5223 28b5 0C       		.byte	0xc
 5224 28b6 2F01     		.2byte	0x12f
 5225 28b8 0F       		.byte	0xf
 5226 28b9 8C140000 		.4byte	0x148c
 5227 28bd CC280000 		.4byte	0x28cc
 5228 28c1 0A       		.uleb128 0xa
 5229 28c2 8C140000 		.4byte	0x148c
 5230 28c6 0A       		.uleb128 0xa
 5231 28c7 C7120000 		.4byte	0x12c7
 5232 28cb 00       		.byte	0
 5233 28cc 07       		.uleb128 0x7
 5234 28cd 0D       		.byte	0xd
 5235 28ce 6C       		.byte	0x6c
 5236 28cf 0C       		.byte	0xc
ARM GAS  /tmp/ccBgOzmL.s 			page 93


 5237 28d0 B0280000 		.4byte	0x28b0
 5238 28d4 07       		.uleb128 0x7
 5239 28d5 0D       		.byte	0xd
 5240 28d6 6D       		.byte	0x6d
 5241 28d7 0C       		.byte	0xc
 5242 28d8 CC110000 		.4byte	0x11cc
 5243 28dc 07       		.uleb128 0x7
 5244 28dd 0D       		.byte	0xd
 5245 28de 6D       		.byte	0x6d
 5246 28df 0C       		.byte	0xc
 5247 28e0 EC110000 		.4byte	0x11ec
 5248 28e4 31       		.uleb128 0x31
 5249 28e5 20110000 		.4byte	.LASF205
 5250 28e9 0C       		.byte	0xc
 5251 28ea 2C01     		.2byte	0x12c
 5252 28ec 0F       		.byte	0xf
 5253 28ed 8C140000 		.4byte	0x148c
 5254 28f1 00290000 		.4byte	0x2900
 5255 28f5 0A       		.uleb128 0xa
 5256 28f6 8C140000 		.4byte	0x148c
 5257 28fa 0A       		.uleb128 0xa
 5258 28fb 2C000000 		.4byte	0x2c
 5259 28ff 00       		.byte	0
 5260 2900 07       		.uleb128 0x7
 5261 2901 0D       		.byte	0xd
 5262 2902 6D       		.byte	0x6d
 5263 2903 0C       		.byte	0xc
 5264 2904 E4280000 		.4byte	0x28e4
 5265 2908 07       		.uleb128 0x7
 5266 2909 0D       		.byte	0xd
 5267 290a 6E       		.byte	0x6e
 5268 290b 0C       		.byte	0xc
 5269 290c 0C120000 		.4byte	0x120c
 5270 2910 07       		.uleb128 0x7
 5271 2911 0D       		.byte	0xd
 5272 2912 6E       		.byte	0x6e
 5273 2913 0C       		.byte	0xc
 5274 2914 27120000 		.4byte	0x1227
 5275 2918 31       		.uleb128 0x31
 5276 2919 EA080000 		.4byte	.LASF208
 5277 291d 0C       		.byte	0xc
 5278 291e 3001     		.2byte	0x130
 5279 2920 0F       		.byte	0xf
 5280 2921 8C140000 		.4byte	0x148c
 5281 2925 2F290000 		.4byte	0x292f
 5282 2929 0A       		.uleb128 0xa
 5283 292a 8C140000 		.4byte	0x148c
 5284 292e 00       		.byte	0
 5285 292f 07       		.uleb128 0x7
 5286 2930 0D       		.byte	0xd
 5287 2931 6E       		.byte	0x6e
 5288 2932 0C       		.byte	0xc
 5289 2933 18290000 		.4byte	0x2918
 5290 2937 07       		.uleb128 0x7
 5291 2938 0D       		.byte	0xd
 5292 2939 6F       		.byte	0x6f
 5293 293a 0C       		.byte	0xc
ARM GAS  /tmp/ccBgOzmL.s 			page 94


 5294 293b 42120000 		.4byte	0x1242
 5295 293f 07       		.uleb128 0x7
 5296 2940 0D       		.byte	0xd
 5297 2941 6F       		.byte	0x6f
 5298 2942 0C       		.byte	0xc
 5299 2943 5D120000 		.4byte	0x125d
 5300 2947 31       		.uleb128 0x31
 5301 2948 EB0F0000 		.4byte	.LASF211
 5302 294c 0C       		.byte	0xc
 5303 294d 3701     		.2byte	0x137
 5304 294f 0F       		.byte	0xf
 5305 2950 8C140000 		.4byte	0x148c
 5306 2954 5E290000 		.4byte	0x295e
 5307 2958 0A       		.uleb128 0xa
 5308 2959 8C140000 		.4byte	0x148c
 5309 295d 00       		.byte	0
 5310 295e 07       		.uleb128 0x7
 5311 295f 0D       		.byte	0xd
 5312 2960 6F       		.byte	0x6f
 5313 2961 0C       		.byte	0xc
 5314 2962 47290000 		.4byte	0x2947
 5315 2966 2B       		.uleb128 0x2b
 5316 2967 90010000 		.4byte	.LASF368
 5317 296b 20       		.byte	0x20
 5318 296c 0F       		.byte	0xf
 5319 296d 4101     		.2byte	0x141
 5320 296f 12       		.byte	0x12
 5321 2970 FC290000 		.4byte	0x29fc
 5322 2974 33       		.uleb128 0x33
 5323 2975 6D696E00 		.ascii	"min\000"
 5324 2979 0F       		.byte	0xf
 5325 297a 4201     		.2byte	0x142
 5326 297c 0D       		.byte	0xd
 5327 297d A8120000 		.4byte	0x12a8
 5328 2981 00       		.byte	0
 5329 2982 33       		.uleb128 0x33
 5330 2983 6D617800 		.ascii	"max\000"
 5331 2987 0F       		.byte	0xf
 5332 2988 4301     		.2byte	0x143
 5333 298a 0D       		.byte	0xd
 5334 298b A8120000 		.4byte	0x12a8
 5335 298f 02       		.byte	0x2
 5336 2990 28       		.uleb128 0x28
 5337 2991 9D060000 		.4byte	.LASF369
 5338 2995 0F       		.byte	0xf
 5339 2996 4401     		.2byte	0x144
 5340 2998 0D       		.byte	0xd
 5341 2999 A8120000 		.4byte	0x12a8
 5342 299d 04       		.byte	0x4
 5343 299e 28       		.uleb128 0x28
 5344 299f 36100000 		.4byte	.LASF370
 5345 29a3 0F       		.byte	0xf
 5346 29a4 4501     		.2byte	0x145
 5347 29a6 0D       		.byte	0xd
 5348 29a7 A8120000 		.4byte	0x12a8
 5349 29ab 06       		.byte	0x6
 5350 29ac 28       		.uleb128 0x28
ARM GAS  /tmp/ccBgOzmL.s 			page 95


 5351 29ad FB010000 		.4byte	.LASF371
 5352 29b1 0F       		.byte	0xf
 5353 29b2 4601     		.2byte	0x146
 5354 29b4 0D       		.byte	0xd
 5355 29b5 E1120000 		.4byte	0x12e1
 5356 29b9 08       		.byte	0x8
 5357 29ba 34       		.uleb128 0x34
 5358 29bb 71100000 		.4byte	.LASF372
 5359 29bf 0F       		.byte	0xf
 5360 29c0 4701     		.2byte	0x147
 5361 29c2 0D       		.byte	0xd
 5362 29c3 E1120000 		.4byte	0x12e1
 5363 29c7 01       		.byte	0x1
 5364 29c8 04       		.byte	0x4
 5365 29c9 04       		.byte	0x4
 5366 29ca 09       		.byte	0x9
 5367 29cb 34       		.uleb128 0x34
 5368 29cc 3B100000 		.4byte	.LASF373
 5369 29d0 0F       		.byte	0xf
 5370 29d1 4801     		.2byte	0x148
 5371 29d3 0D       		.byte	0xd
 5372 29d4 E1120000 		.4byte	0x12e1
 5373 29d8 01       		.byte	0x1
 5374 29d9 01       		.byte	0x1
 5375 29da 03       		.byte	0x3
 5376 29db 09       		.byte	0x9
 5377 29dc 34       		.uleb128 0x34
 5378 29dd E0120000 		.4byte	.LASF374
 5379 29e1 0F       		.byte	0xf
 5380 29e2 4901     		.2byte	0x149
 5381 29e4 0D       		.byte	0xd
 5382 29e5 E1120000 		.4byte	0x12e1
 5383 29e9 01       		.byte	0x1
 5384 29ea 03       		.byte	0x3
 5385 29eb 00       		.byte	0
 5386 29ec 09       		.byte	0x9
 5387 29ed 28       		.uleb128 0x28
 5388 29ee 96050000 		.4byte	.LASF375
 5389 29f2 0F       		.byte	0xf
 5390 29f3 4A01     		.2byte	0x14a
 5391 29f5 0D       		.byte	0xd
 5392 29f6 FC290000 		.4byte	0x29fc
 5393 29fa 0A       		.byte	0xa
 5394 29fb 00       		.byte	0
 5395 29fc 1B       		.uleb128 0x1b
 5396 29fd 3B1B0000 		.4byte	0x1b3b
 5397 2a01 0C2A0000 		.4byte	0x2a0c
 5398 2a05 1C       		.uleb128 0x1c
 5399 2a06 D8130000 		.4byte	0x13d8
 5400 2a0a 15       		.byte	0x15
 5401 2a0b 00       		.byte	0
 5402 2a0c 16       		.uleb128 0x16
 5403 2a0d 63140000 		.4byte	.LASF376
 5404 2a11 0F       		.byte	0xf
 5405 2a12 4B01     		.2byte	0x14b
 5406 2a14 05       		.byte	0x5
 5407 2a15 66290000 		.4byte	0x2966
ARM GAS  /tmp/ccBgOzmL.s 			page 96


 5408 2a19 20       		.uleb128 0x20
 5409 2a1a 04       		.byte	0x4
 5410 2a1b 93140000 		.4byte	0x1493
 5411 2a1f 11       		.uleb128 0x11
 5412 2a20 192A0000 		.4byte	0x2a19
 5413 2a24 25       		.uleb128 0x25
 5414 2a25 77130000 		.4byte	.LASF377
 5415 2a29 3801     		.2byte	0x138
 5416 2a2b 0F       		.byte	0xf
 5417 2a2c D401     		.2byte	0x1d4
 5418 2a2e 12       		.byte	0x12
 5419 2a2f CE2A0000 		.4byte	0x2ace
 5420 2a33 28       		.uleb128 0x28
 5421 2a34 CB0F0000 		.4byte	.LASF378
 5422 2a38 0F       		.byte	0xf
 5423 2a39 D501     		.2byte	0x1d5
 5424 2a3b 0E       		.byte	0xe
 5425 2a3c 0C130000 		.4byte	0x130c
 5426 2a40 00       		.byte	0
 5427 2a41 28       		.uleb128 0x28
 5428 2a42 F1090000 		.4byte	.LASF379
 5429 2a46 0F       		.byte	0xf
 5430 2a47 D601     		.2byte	0x1d6
 5431 2a49 0E       		.byte	0xe
 5432 2a4a 0C130000 		.4byte	0x130c
 5433 2a4e 04       		.byte	0x4
 5434 2a4f 33       		.uleb128 0x33
 5435 2a50 61706900 		.ascii	"api\000"
 5436 2a54 0F       		.byte	0xf
 5437 2a55 D701     		.2byte	0x1d7
 5438 2a57 0E       		.byte	0xe
 5439 2a58 0C130000 		.4byte	0x130c
 5440 2a5c 08       		.byte	0x8
 5441 2a5d 28       		.uleb128 0x28
 5442 2a5e E7110000 		.4byte	.LASF380
 5443 2a62 0F       		.byte	0xf
 5444 2a63 D801     		.2byte	0x1d8
 5445 2a65 0E       		.byte	0xe
 5446 2a66 0C130000 		.4byte	0x130c
 5447 2a6a 0C       		.byte	0xc
 5448 2a6b 28       		.uleb128 0x28
 5449 2a6c 5F120000 		.4byte	.LASF381
 5450 2a70 0F       		.byte	0xf
 5451 2a71 D901     		.2byte	0x1d9
 5452 2a73 0E       		.byte	0xe
 5453 2a74 0C130000 		.4byte	0x130c
 5454 2a78 10       		.byte	0x10
 5455 2a79 28       		.uleb128 0x28
 5456 2a7a F10F0000 		.4byte	.LASF382
 5457 2a7e 0F       		.byte	0xf
 5458 2a7f DA01     		.2byte	0x1da
 5459 2a81 0E       		.byte	0xe
 5460 2a82 0C130000 		.4byte	0x130c
 5461 2a86 14       		.byte	0x14
 5462 2a87 28       		.uleb128 0x28
 5463 2a88 96050000 		.4byte	.LASF375
 5464 2a8c 0F       		.byte	0xf
ARM GAS  /tmp/ccBgOzmL.s 			page 97


 5465 2a8d DB01     		.2byte	0x1db
 5466 2a8f 0E       		.byte	0xe
 5467 2a90 CE2A0000 		.4byte	0x2ace
 5468 2a94 18       		.byte	0x18
 5469 2a95 28       		.uleb128 0x28
 5470 2a96 8D080000 		.4byte	.LASF383
 5471 2a9a 0F       		.byte	0xf
 5472 2a9b DC01     		.2byte	0x1dc
 5473 2a9d 0E       		.byte	0xe
 5474 2a9e 0C130000 		.4byte	0x130c
 5475 2aa2 2C       		.byte	0x2c
 5476 2aa3 28       		.uleb128 0x28
 5477 2aa4 97080000 		.4byte	.LASF384
 5478 2aa8 0F       		.byte	0xf
 5479 2aa9 DD01     		.2byte	0x1dd
 5480 2aab 0E       		.byte	0xe
 5481 2aac 0C130000 		.4byte	0x130c
 5482 2ab0 30       		.byte	0x30
 5483 2ab1 28       		.uleb128 0x28
 5484 2ab2 73080000 		.4byte	.LASF385
 5485 2ab6 0F       		.byte	0xf
 5486 2ab7 DE01     		.2byte	0x1de
 5487 2ab9 0E       		.byte	0xe
 5488 2aba 0C130000 		.4byte	0x130c
 5489 2abe 34       		.byte	0x34
 5490 2abf 28       		.uleb128 0x28
 5491 2ac0 B30E0000 		.4byte	.LASF386
 5492 2ac4 0F       		.byte	0xf
 5493 2ac5 DF01     		.2byte	0x1df
 5494 2ac7 12       		.byte	0x12
 5495 2ac8 DE2A0000 		.4byte	0x2ade
 5496 2acc 38       		.byte	0x38
 5497 2acd 00       		.byte	0
 5498 2ace 1B       		.uleb128 0x1b
 5499 2acf 3B1B0000 		.4byte	0x1b3b
 5500 2ad3 DE2A0000 		.4byte	0x2ade
 5501 2ad7 1C       		.uleb128 0x1c
 5502 2ad8 D8130000 		.4byte	0x13d8
 5503 2adc 13       		.byte	0x13
 5504 2add 00       		.byte	0
 5505 2ade 1B       		.uleb128 0x1b
 5506 2adf 0C2A0000 		.4byte	0x2a0c
 5507 2ae3 EE2A0000 		.4byte	0x2aee
 5508 2ae7 1C       		.uleb128 0x1c
 5509 2ae8 D8130000 		.4byte	0x13d8
 5510 2aec 07       		.byte	0x7
 5511 2aed 00       		.byte	0
 5512 2aee 16       		.uleb128 0x16
 5513 2aef FB100000 		.4byte	.LASF387
 5514 2af3 0F       		.byte	0xf
 5515 2af4 E001     		.2byte	0x1e0
 5516 2af6 05       		.byte	0x5
 5517 2af7 242A0000 		.4byte	0x2a24
 5518 2afb 35       		.uleb128 0x35
 5519 2afc 4A050000 		.4byte	.LASF388
 5520 2b00 10       		.byte	0x10
 5521 2b01 47       		.byte	0x47
ARM GAS  /tmp/ccBgOzmL.s 			page 98


 5522 2b02 19       		.byte	0x19
 5523 2b03 18130000 		.4byte	0x1318
 5524 2b07 35       		.uleb128 0x35
 5525 2b08 AE090000 		.4byte	.LASF389
 5526 2b0c 10       		.byte	0x10
 5527 2b0d 4C       		.byte	0x4c
 5528 2b0e 19       		.byte	0x19
 5529 2b0f 18130000 		.4byte	0x1318
 5530 2b13 1B       		.uleb128 0x1b
 5531 2b14 93140000 		.4byte	0x1493
 5532 2b18 232B0000 		.4byte	0x2b23
 5533 2b1c 1C       		.uleb128 0x1c
 5534 2b1d D8130000 		.4byte	0x13d8
 5535 2b21 97       		.byte	0x97
 5536 2b22 00       		.byte	0
 5537 2b23 11       		.uleb128 0x11
 5538 2b24 132B0000 		.4byte	0x2b13
 5539 2b28 35       		.uleb128 0x35
 5540 2b29 90020000 		.4byte	.LASF390
 5541 2b2d 10       		.byte	0x10
 5542 2b2e 65       		.byte	0x65
 5543 2b2f 16       		.byte	0x16
 5544 2b30 232B0000 		.4byte	0x2b23
 5545 2b34 1B       		.uleb128 0x1b
 5546 2b35 93140000 		.4byte	0x1493
 5547 2b39 442B0000 		.4byte	0x2b44
 5548 2b3d 1C       		.uleb128 0x1c
 5549 2b3e D8130000 		.4byte	0x13d8
 5550 2b42 80       		.byte	0x80
 5551 2b43 00       		.byte	0
 5552 2b44 11       		.uleb128 0x11
 5553 2b45 342B0000 		.4byte	0x2b34
 5554 2b49 35       		.uleb128 0x35
 5555 2b4a F1080000 		.4byte	.LASF391
 5556 2b4e 10       		.byte	0x10
 5557 2b4f 92       		.byte	0x92
 5558 2b50 16       		.byte	0x16
 5559 2b51 442B0000 		.4byte	0x2b44
 5560 2b55 1B       		.uleb128 0x1b
 5561 2b56 ED120000 		.4byte	0x12ed
 5562 2b5a 652B0000 		.4byte	0x2b65
 5563 2b5e 1C       		.uleb128 0x1c
 5564 2b5f D8130000 		.4byte	0x13d8
 5565 2b63 06       		.byte	0x6
 5566 2b64 00       		.byte	0
 5567 2b65 11       		.uleb128 0x11
 5568 2b66 552B0000 		.4byte	0x2b55
 5569 2b6a 35       		.uleb128 0x35
 5570 2b6b 09140000 		.4byte	.LASF392
 5571 2b6f 10       		.byte	0x10
 5572 2b70 C3       		.byte	0xc3
 5573 2b71 18       		.byte	0x18
 5574 2b72 652B0000 		.4byte	0x2b65
 5575 2b76 1B       		.uleb128 0x1b
 5576 2b77 93140000 		.4byte	0x1493
 5577 2b7b 872B0000 		.4byte	0x2b87
 5578 2b7f 36       		.uleb128 0x36
ARM GAS  /tmp/ccBgOzmL.s 			page 99


 5579 2b80 D8130000 		.4byte	0x13d8
 5580 2b84 8603     		.2byte	0x386
 5581 2b86 00       		.byte	0
 5582 2b87 11       		.uleb128 0x11
 5583 2b88 762B0000 		.4byte	0x2b76
 5584 2b8c 35       		.uleb128 0x35
 5585 2b8d 39030000 		.4byte	.LASF393
 5586 2b91 10       		.byte	0x10
 5587 2b92 C4       		.byte	0xc4
 5588 2b93 16       		.byte	0x16
 5589 2b94 872B0000 		.4byte	0x2b87
 5590 2b98 2E       		.uleb128 0x2e
 5591 2b99 B7040000 		.4byte	.LASF394
 5592 2b9d 10       		.byte	0x10
 5593 2b9e 3001     		.2byte	0x130
 5594 2ba0 18       		.byte	0x18
 5595 2ba1 652B0000 		.4byte	0x2b65
 5596 2ba5 2E       		.uleb128 0x2e
 5597 2ba6 47040000 		.4byte	.LASF395
 5598 2baa 10       		.byte	0x10
 5599 2bab 3101     		.2byte	0x131
 5600 2bad 16       		.byte	0x16
 5601 2bae 872B0000 		.4byte	0x2b87
 5602 2bb2 2E       		.uleb128 0x2e
 5603 2bb3 F90F0000 		.4byte	.LASF396
 5604 2bb7 10       		.byte	0x10
 5605 2bb8 9F01     		.2byte	0x19f
 5606 2bba 18       		.byte	0x18
 5607 2bbb 652B0000 		.4byte	0x2b65
 5608 2bbf 2E       		.uleb128 0x2e
 5609 2bc0 2F120000 		.4byte	.LASF397
 5610 2bc4 10       		.byte	0x10
 5611 2bc5 A001     		.2byte	0x1a0
 5612 2bc7 16       		.byte	0x16
 5613 2bc8 872B0000 		.4byte	0x2b87
 5614 2bcc 1B       		.uleb128 0x1b
 5615 2bcd 1F2A0000 		.4byte	0x2a1f
 5616 2bd1 DC2B0000 		.4byte	0x2bdc
 5617 2bd5 1C       		.uleb128 0x1c
 5618 2bd6 D8130000 		.4byte	0x13d8
 5619 2bda 0F       		.byte	0xf
 5620 2bdb 00       		.byte	0
 5621 2bdc 11       		.uleb128 0x11
 5622 2bdd CC2B0000 		.4byte	0x2bcc
 5623 2be1 2E       		.uleb128 0x2e
 5624 2be2 DE0D0000 		.4byte	.LASF398
 5625 2be6 10       		.byte	0x10
 5626 2be7 0502     		.2byte	0x205
 5627 2be9 1E       		.byte	0x1e
 5628 2bea DC2B0000 		.4byte	0x2bdc
 5629 2bee 2E       		.uleb128 0x2e
 5630 2bef E50D0000 		.4byte	.LASF399
 5631 2bf3 10       		.byte	0x10
 5632 2bf4 0902     		.2byte	0x209
 5633 2bf6 1E       		.byte	0x1e
 5634 2bf7 DC2B0000 		.4byte	0x2bdc
 5635 2bfb 1B       		.uleb128 0x1b
ARM GAS  /tmp/ccBgOzmL.s 			page 100


 5636 2bfc 1F2A0000 		.4byte	0x2a1f
 5637 2c00 0B2C0000 		.4byte	0x2c0b
 5638 2c04 1C       		.uleb128 0x1c
 5639 2c05 D8130000 		.4byte	0x13d8
 5640 2c09 0D       		.byte	0xd
 5641 2c0a 00       		.byte	0
 5642 2c0b 11       		.uleb128 0x11
 5643 2c0c FB2B0000 		.4byte	0x2bfb
 5644 2c10 2E       		.uleb128 0x2e
 5645 2c11 EC0D0000 		.4byte	.LASF400
 5646 2c15 10       		.byte	0x10
 5647 2c16 0D02     		.2byte	0x20d
 5648 2c18 1E       		.byte	0x1e
 5649 2c19 0B2C0000 		.4byte	0x2c0b
 5650 2c1d 1B       		.uleb128 0x1b
 5651 2c1e 1F2A0000 		.4byte	0x2a1f
 5652 2c22 2D2C0000 		.4byte	0x2c2d
 5653 2c26 1C       		.uleb128 0x1c
 5654 2c27 D8130000 		.4byte	0x13d8
 5655 2c2b 0C       		.byte	0xc
 5656 2c2c 00       		.byte	0
 5657 2c2d 11       		.uleb128 0x11
 5658 2c2e 1D2C0000 		.4byte	0x2c1d
 5659 2c32 2E       		.uleb128 0x2e
 5660 2c33 F30D0000 		.4byte	.LASF401
 5661 2c37 10       		.byte	0x10
 5662 2c38 1102     		.2byte	0x211
 5663 2c3a 1E       		.byte	0x1e
 5664 2c3b 2D2C0000 		.4byte	0x2c2d
 5665 2c3f 1B       		.uleb128 0x1b
 5666 2c40 1F2A0000 		.4byte	0x2a1f
 5667 2c44 4F2C0000 		.4byte	0x2c4f
 5668 2c48 1C       		.uleb128 0x1c
 5669 2c49 D8130000 		.4byte	0x13d8
 5670 2c4d 0E       		.byte	0xe
 5671 2c4e 00       		.byte	0
 5672 2c4f 11       		.uleb128 0x11
 5673 2c50 3F2C0000 		.4byte	0x2c3f
 5674 2c54 2E       		.uleb128 0x2e
 5675 2c55 FA0D0000 		.4byte	.LASF402
 5676 2c59 10       		.byte	0x10
 5677 2c5a 1502     		.2byte	0x215
 5678 2c5c 1E       		.byte	0x1e
 5679 2c5d 4F2C0000 		.4byte	0x2c4f
 5680 2c61 2E       		.uleb128 0x2e
 5681 2c62 010E0000 		.4byte	.LASF403
 5682 2c66 10       		.byte	0x10
 5683 2c67 1902     		.2byte	0x219
 5684 2c69 1E       		.byte	0x1e
 5685 2c6a DC2B0000 		.4byte	0x2bdc
 5686 2c6e 1B       		.uleb128 0x1b
 5687 2c6f 93140000 		.4byte	0x1493
 5688 2c73 7F2C0000 		.4byte	0x2c7f
 5689 2c77 36       		.uleb128 0x36
 5690 2c78 D8130000 		.4byte	0x13d8
 5691 2c7c 0001     		.2byte	0x100
 5692 2c7e 00       		.byte	0
ARM GAS  /tmp/ccBgOzmL.s 			page 101


 5693 2c7f 11       		.uleb128 0x11
 5694 2c80 6E2C0000 		.4byte	0x2c6e
 5695 2c84 2E       		.uleb128 0x2e
 5696 2c85 570C0000 		.4byte	.LASF404
 5697 2c89 10       		.byte	0x10
 5698 2c8a 3D02     		.2byte	0x23d
 5699 2c8c 16       		.byte	0x16
 5700 2c8d 7F2C0000 		.4byte	0x2c7f
 5701 2c91 2E       		.uleb128 0x2e
 5702 2c92 E60B0000 		.4byte	.LASF405
 5703 2c96 10       		.byte	0x10
 5704 2c97 5402     		.2byte	0x254
 5705 2c99 16       		.byte	0x16
 5706 2c9a 7F2C0000 		.4byte	0x2c7f
 5707 2c9e 2E       		.uleb128 0x2e
 5708 2c9f 9A0F0000 		.4byte	.LASF406
 5709 2ca3 10       		.byte	0x10
 5710 2ca4 6C02     		.2byte	0x26c
 5711 2ca6 16       		.byte	0x16
 5712 2ca7 7F2C0000 		.4byte	0x2c7f
 5713 2cab 2E       		.uleb128 0x2e
 5714 2cac 080C0000 		.4byte	.LASF407
 5715 2cb0 10       		.byte	0x10
 5716 2cb1 9B02     		.2byte	0x29b
 5717 2cb3 16       		.byte	0x16
 5718 2cb4 442B0000 		.4byte	0x2b44
 5719 2cb8 2E       		.uleb128 0x2e
 5720 2cb9 80120000 		.4byte	.LASF408
 5721 2cbd 10       		.byte	0x10
 5722 2cbe B002     		.2byte	0x2b0
 5723 2cc0 16       		.byte	0x16
 5724 2cc1 442B0000 		.4byte	0x2b44
 5725 2cc5 2E       		.uleb128 0x2e
 5726 2cc6 AA050000 		.4byte	.LASF409
 5727 2cca 10       		.byte	0x10
 5728 2ccb CD02     		.2byte	0x2cd
 5729 2ccd 16       		.byte	0x16
 5730 2cce 442B0000 		.4byte	0x2b44
 5731 2cd2 35       		.uleb128 0x35
 5732 2cd3 AF020000 		.4byte	.LASF410
 5733 2cd7 11       		.byte	0x11
 5734 2cd8 47       		.byte	0x47
 5735 2cd9 19       		.byte	0x19
 5736 2cda 18130000 		.4byte	0x1318
 5737 2cde 35       		.uleb128 0x35
 5738 2cdf 08060000 		.4byte	.LASF411
 5739 2ce3 11       		.byte	0x11
 5740 2ce4 4C       		.byte	0x4c
 5741 2ce5 19       		.byte	0x19
 5742 2ce6 18130000 		.4byte	0x1318
 5743 2cea 2E       		.uleb128 0x2e
 5744 2ceb 75040000 		.4byte	.LASF412
 5745 2cef 11       		.byte	0x11
 5746 2cf0 0201     		.2byte	0x102
 5747 2cf2 16       		.byte	0x16
 5748 2cf3 7F2C0000 		.4byte	0x2c7f
 5749 2cf7 1E       		.uleb128 0x1e
ARM GAS  /tmp/ccBgOzmL.s 			page 102


 5750 2cf8 9B010000 		.4byte	.LASF413
 5751 2cfc 08       		.byte	0x8
 5752 2cfd 12       		.byte	0x12
 5753 2cfe 68       		.byte	0x68
 5754 2cff 12       		.byte	0x12
 5755 2d00 592D0000 		.4byte	0x2d59
 5756 2d04 1A       		.uleb128 0x1a
 5757 2d05 D1130000 		.4byte	.LASF414
 5758 2d09 12       		.byte	0x12
 5759 2d0a 69       		.byte	0x69
 5760 2d0b 0D       		.byte	0xd
 5761 2d0c E1120000 		.4byte	0x12e1
 5762 2d10 00       		.byte	0
 5763 2d11 37       		.uleb128 0x37
 5764 2d12 A4040000 		.4byte	.LASF415
 5765 2d16 12       		.byte	0x12
 5766 2d17 6A       		.byte	0x6a
 5767 2d18 0D       		.byte	0xd
 5768 2d19 E1120000 		.4byte	0x12e1
 5769 2d1d 01       		.byte	0x1
 5770 2d1e 07       		.byte	0x7
 5771 2d1f 01       		.byte	0x1
 5772 2d20 01       		.byte	0x1
 5773 2d21 37       		.uleb128 0x37
 5774 2d22 F8070000 		.4byte	.LASF416
 5775 2d26 12       		.byte	0x12
 5776 2d27 6B       		.byte	0x6b
 5777 2d28 0D       		.byte	0xd
 5778 2d29 E1120000 		.4byte	0x12e1
 5779 2d2d 01       		.byte	0x1
 5780 2d2e 01       		.byte	0x1
 5781 2d2f 00       		.byte	0
 5782 2d30 01       		.byte	0x1
 5783 2d31 1F       		.uleb128 0x1f
 5784 2d32 6D696E00 		.ascii	"min\000"
 5785 2d36 12       		.byte	0x12
 5786 2d37 6C       		.byte	0x6c
 5787 2d38 0D       		.byte	0xd
 5788 2d39 A8120000 		.4byte	0x12a8
 5789 2d3d 02       		.byte	0x2
 5790 2d3e 1F       		.uleb128 0x1f
 5791 2d3f 6D617800 		.ascii	"max\000"
 5792 2d43 12       		.byte	0x12
 5793 2d44 6D       		.byte	0x6d
 5794 2d45 0D       		.byte	0xd
 5795 2d46 A8120000 		.4byte	0x12a8
 5796 2d4a 04       		.byte	0x4
 5797 2d4b 1A       		.uleb128 0x1a
 5798 2d4c 75050000 		.4byte	.LASF417
 5799 2d50 12       		.byte	0x12
 5800 2d51 6E       		.byte	0x6e
 5801 2d52 0D       		.byte	0xd
 5802 2d53 A8120000 		.4byte	0x12a8
 5803 2d57 06       		.byte	0x6
 5804 2d58 00       		.byte	0
 5805 2d59 10       		.uleb128 0x10
 5806 2d5a E4040000 		.4byte	.LASF418
ARM GAS  /tmp/ccBgOzmL.s 			page 103


 5807 2d5e 12       		.byte	0x12
 5808 2d5f 6F       		.byte	0x6f
 5809 2d60 05       		.byte	0x5
 5810 2d61 F72C0000 		.4byte	0x2cf7
 5811 2d65 21       		.uleb128 0x21
 5812 2d66 CD0A0000 		.4byte	.LASF419
 5813 2d6a 7801     		.2byte	0x178
 5814 2d6c 12       		.byte	0x12
 5815 2d6d 73       		.byte	0x73
 5816 2d6e 12       		.byte	0x12
 5817 2d6f 8F2D0000 		.4byte	0x2d8f
 5818 2d73 1A       		.uleb128 0x1a
 5819 2d74 25090000 		.4byte	.LASF420
 5820 2d78 12       		.byte	0x12
 5821 2d79 74       		.byte	0x74
 5822 2d7a 13       		.byte	0x13
 5823 2d7b EE2A0000 		.4byte	0x2aee
 5824 2d7f 00       		.byte	0
 5825 2d80 22       		.uleb128 0x22
 5826 2d81 700A0000 		.4byte	.LASF421
 5827 2d85 12       		.byte	0x12
 5828 2d86 75       		.byte	0x75
 5829 2d87 1F       		.byte	0x1f
 5830 2d88 8F2D0000 		.4byte	0x2d8f
 5831 2d8c 3801     		.2byte	0x138
 5832 2d8e 00       		.byte	0
 5833 2d8f 1B       		.uleb128 0x1b
 5834 2d90 592D0000 		.4byte	0x2d59
 5835 2d94 9F2D0000 		.4byte	0x2d9f
 5836 2d98 1C       		.uleb128 0x1c
 5837 2d99 D8130000 		.4byte	0x13d8
 5838 2d9d 07       		.byte	0x7
 5839 2d9e 00       		.byte	0
 5840 2d9f 10       		.uleb128 0x10
 5841 2da0 45100000 		.4byte	.LASF422
 5842 2da4 12       		.byte	0x12
 5843 2da5 76       		.byte	0x76
 5844 2da6 05       		.byte	0x5
 5845 2da7 652D0000 		.4byte	0x2d65
 5846 2dab 11       		.uleb128 0x11
 5847 2dac 9F2D0000 		.4byte	0x2d9f
 5848 2db0 35       		.uleb128 0x35
 5849 2db1 77130000 		.4byte	.LASF377
 5850 2db5 12       		.byte	0x12
 5851 2db6 79       		.byte	0x79
 5852 2db7 28       		.byte	0x28
 5853 2db8 AB2D0000 		.4byte	0x2dab
 5854 2dbc 1B       		.uleb128 0x1b
 5855 2dbd 6B1B0000 		.4byte	0x1b6b
 5856 2dc1 CC2D0000 		.4byte	0x2dcc
 5857 2dc5 1C       		.uleb128 0x1c
 5858 2dc6 D8130000 		.4byte	0x13d8
 5859 2dca 0A       		.byte	0xa
 5860 2dcb 00       		.byte	0
 5861 2dcc 38       		.uleb128 0x38
 5862 2dcd 20140000 		.4byte	.LASF450
 5863 2dd1 13       		.byte	0x13
ARM GAS  /tmp/ccBgOzmL.s 			page 104


 5864 2dd2 25       		.byte	0x25
 5865 2dd3 14       		.byte	0x14
 5866 2dd4 BC2D0000 		.4byte	0x2dbc
 5867 2dd8 39       		.uleb128 0x39
 5868 2dd9 DF0F0000 		.4byte	.LASF423
 5869 2ddd 13       		.byte	0x13
 5870 2dde 3E       		.byte	0x3e
 5871 2ddf 19       		.byte	0x19
 5872 2de0 93140000 		.4byte	0x1493
 5873 2de4 04       		.byte	0x4
 5874 2de5 00803B47 		.4byte	0x473b8000
 5875 2de9 3A       		.uleb128 0x3a
 5876 2dea C7120000 		.4byte	.LASF424
 5877 2dee 13       		.byte	0x13
 5878 2def 3F       		.byte	0x3f
 5879 2df0 19       		.byte	0x19
 5880 2df1 3F140000 		.4byte	0x143f
 5881 2df5 04       		.byte	0x4
 5882 2df6 3B       		.uleb128 0x3b
 5883 2df7 000C0000 		.4byte	.LASF425
 5884 2dfb 13       		.byte	0x13
 5885 2dfc 40       		.byte	0x40
 5886 2dfd 19       		.byte	0x19
 5887 2dfe 3F140000 		.4byte	0x143f
 5888 2e02 00EE0200 		.4byte	0x2ee00
 5889 2e06 3C       		.uleb128 0x3c
 5890 2e07 6B506900 		.ascii	"kPi\000"
 5891 2e0b 13       		.byte	0x13
 5892 2e0c 41       		.byte	0x41
 5893 2e0d 19       		.byte	0x19
 5894 2e0e 93140000 		.4byte	0x1493
 5895 2e12 04       		.byte	0x4
 5896 2e13 DB0F4940 		.4byte	0x40490fdb
 5897 2e17 39       		.uleb128 0x39
 5898 2e18 B9120000 		.4byte	.LASF426
 5899 2e1c 13       		.byte	0x13
 5900 2e1d 42       		.byte	0x42
 5901 2e1e 19       		.byte	0x19
 5902 2e1f 93140000 		.4byte	0x1493
 5903 2e23 04       		.byte	0x4
 5904 2e24 DB0FC940 		.4byte	0x40c90fdb
 5905 2e28 3D       		.uleb128 0x3d
 5906 2e29 38040000 		.4byte	.LASF427
 5907 2e2d 13       		.byte	0x13
 5908 2e2e 47       		.byte	0x47
 5909 2e2f 16       		.byte	0x16
 5910 2e30 A3130000 		.4byte	0x13a3
 5911 2e34 0004     		.2byte	0x400
 5912 2e36 3D       		.uleb128 0x3d
 5913 2e37 410E0000 		.4byte	.LASF428
 5914 2e3b 13       		.byte	0x13
 5915 2e3c 48       		.byte	0x48
 5916 2e3d 16       		.byte	0x16
 5917 2e3e A3130000 		.4byte	0x13a3
 5918 2e42 0004     		.2byte	0x400
 5919 2e44 1B       		.uleb128 0x1b
 5920 2e45 25000000 		.4byte	0x25
ARM GAS  /tmp/ccBgOzmL.s 			page 105


 5921 2e49 552E0000 		.4byte	0x2e55
 5922 2e4d 36       		.uleb128 0x36
 5923 2e4e D8130000 		.4byte	0x13d8
 5924 2e52 FF03     		.2byte	0x3ff
 5925 2e54 00       		.byte	0
 5926 2e55 35       		.uleb128 0x35
 5927 2e56 8B0F0000 		.4byte	.LASF429
 5928 2e5a 13       		.byte	0x13
 5929 2e5b 49       		.byte	0x49
 5930 2e5c 0E       		.byte	0xe
 5931 2e5d 442E0000 		.4byte	0x2e44
 5932 2e61 35       		.uleb128 0x35
 5933 2e62 6B050000 		.4byte	.LASF430
 5934 2e66 13       		.byte	0x13
 5935 2e67 4A       		.byte	0x4a
 5936 2e68 0E       		.byte	0xe
 5937 2e69 442E0000 		.4byte	0x2e44
 5938 2e6d 3E       		.uleb128 0x3e
 5939 2e6e 552E0000 		.4byte	0x2e55
 5940 2e72 01       		.byte	0x1
 5941 2e73 04       		.byte	0x4
 5942 2e74 07       		.byte	0x7
 5943 2e75 05       		.uleb128 0x5
 5944 2e76 03       		.byte	0x3
 5945 2e77 00000000 		.4byte	g_sinLut
 5946 2e7b 3E       		.uleb128 0x3e
 5947 2e7c 612E0000 		.4byte	0x2e61
 5948 2e80 01       		.byte	0x1
 5949 2e81 05       		.byte	0x5
 5950 2e82 07       		.byte	0x7
 5951 2e83 05       		.uleb128 0x5
 5952 2e84 03       		.byte	0x3
 5953 2e85 00000000 		.4byte	g_hannLut
 5954 2e89 3F       		.uleb128 0x3f
 5955 2e8a 25080000 		.4byte	.LASF431
 5956 2e8e 01       		.byte	0x1
 5957 2e8f 0C       		.byte	0xc
 5958 2e90 06       		.byte	0x6
 5959 2e91 16120000 		.4byte	.LASF433
 5960 2e95 50000000 		.4byte	.LFB476
 5961 2e99 60000000 		.4byte	.LFE476-.LFB476
 5962 2e9d 01       		.uleb128 0x1
 5963 2e9e 9C       		.byte	0x9c
 5964 2e9f F12E0000 		.4byte	0x2ef1
 5965 2ea3 40       		.uleb128 0x40
 5966 2ea4 20000000 		.4byte	.Ldebug_ranges0+0x20
 5967 2ea8 41       		.uleb128 0x41
 5968 2ea9 6900     		.ascii	"i\000"
 5969 2eab 01       		.byte	0x1
 5970 2eac 0D       		.byte	0xd
 5971 2ead 0C       		.byte	0xc
 5972 2eae 2C000000 		.4byte	0x2c
 5973 2eb2 0A000000 		.4byte	.LLST1
 5974 2eb6 00000000 		.4byte	.LVUS1
 5975 2eba 40       		.uleb128 0x40
 5976 2ebb 40000000 		.4byte	.Ldebug_ranges0+0x40
 5977 2ebf 41       		.uleb128 0x41
ARM GAS  /tmp/ccBgOzmL.s 			page 106


 5978 2ec0 7400     		.ascii	"t\000"
 5979 2ec2 01       		.byte	0x1
 5980 2ec3 0E       		.byte	0xe
 5981 2ec4 0B       		.byte	0xb
 5982 2ec5 25000000 		.4byte	0x25
 5983 2ec9 53000000 		.4byte	.LLST2
 5984 2ecd 4D000000 		.4byte	.LVUS2
 5985 2ed1 42       		.uleb128 0x42
 5986 2ed2 86000000 		.4byte	.LVL10
 5987 2ed6 562F0000 		.4byte	0x2f56
 5988 2eda 43       		.uleb128 0x43
 5989 2edb 02       		.uleb128 0x2
 5990 2edc 90       		.byte	0x90
 5991 2edd 40       		.uleb128 0x40
 5992 2ede 0E       		.uleb128 0xe
 5993 2edf 74       		.byte	0x74
 5994 2ee0 7F       		.sleb128 -1
 5995 2ee1 F7       		.byte	0xf7
 5996 2ee2 2C       		.uleb128 0x2c
 5997 2ee3 F7       		.byte	0xf7
 5998 2ee4 25       		.uleb128 0x25
 5999 2ee5 F5       		.byte	0xf5
 6000 2ee6 53       		.uleb128 0x53
 6001 2ee7 25       		.uleb128 0x25
 6002 2ee8 1B       		.byte	0x1b
 6003 2ee9 F5       		.byte	0xf5
 6004 2eea 52       		.uleb128 0x52
 6005 2eeb 25       		.uleb128 0x25
 6006 2eec 1E       		.byte	0x1e
 6007 2eed 00       		.byte	0
 6008 2eee 00       		.byte	0
 6009 2eef 00       		.byte	0
 6010 2ef0 00       		.byte	0
 6011 2ef1 3F       		.uleb128 0x3f
 6012 2ef2 BA0B0000 		.4byte	.LASF432
 6013 2ef6 01       		.byte	0x1
 6014 2ef7 07       		.byte	0x7
 6015 2ef8 06       		.byte	0x6
 6016 2ef9 98130000 		.4byte	.LASF434
 6017 2efd 00000000 		.4byte	.LFB475
 6018 2f01 50000000 		.4byte	.LFE475-.LFB475
 6019 2f05 01       		.uleb128 0x1
 6020 2f06 9C       		.byte	0x9c
 6021 2f07 412F0000 		.4byte	0x2f41
 6022 2f0b 40       		.uleb128 0x40
 6023 2f0c 00000000 		.4byte	.Ldebug_ranges0+0
 6024 2f10 41       		.uleb128 0x41
 6025 2f11 6900     		.ascii	"i\000"
 6026 2f13 01       		.byte	0x1
 6027 2f14 08       		.byte	0x8
 6028 2f15 0C       		.byte	0xc
 6029 2f16 2C000000 		.4byte	0x2c
 6030 2f1a B1000000 		.4byte	.LLST0
 6031 2f1e A7000000 		.4byte	.LVUS0
 6032 2f22 42       		.uleb128 0x42
 6033 2f23 2E000000 		.4byte	.LVL3
 6034 2f27 632F0000 		.4byte	0x2f63
ARM GAS  /tmp/ccBgOzmL.s 			page 107


 6035 2f2b 43       		.uleb128 0x43
 6036 2f2c 02       		.uleb128 0x2
 6037 2f2d 90       		.byte	0x90
 6038 2f2e 40       		.uleb128 0x40
 6039 2f2f 0E       		.uleb128 0xe
 6040 2f30 74       		.byte	0x74
 6041 2f31 7F       		.sleb128 -1
 6042 2f32 F7       		.byte	0xf7
 6043 2f33 2C       		.uleb128 0x2c
 6044 2f34 F7       		.byte	0xf7
 6045 2f35 25       		.uleb128 0x25
 6046 2f36 F5       		.byte	0xf5
 6047 2f37 51       		.uleb128 0x51
 6048 2f38 25       		.uleb128 0x25
 6049 2f39 1E       		.byte	0x1e
 6050 2f3a F5       		.byte	0xf5
 6051 2f3b 50       		.uleb128 0x50
 6052 2f3c 25       		.uleb128 0x25
 6053 2f3d 1E       		.byte	0x1e
 6054 2f3e 00       		.byte	0
 6055 2f3f 00       		.byte	0
 6056 2f40 00       		.byte	0
 6057 2f41 02       		.uleb128 0x2
 6058 2f42 04       		.byte	0x4
 6059 2f43 07       		.byte	0x7
 6060 2f44 4F140000 		.4byte	.LASF435
 6061 2f48 02       		.uleb128 0x2
 6062 2f49 02       		.byte	0x2
 6063 2f4a 10       		.byte	0x10
 6064 2f4b 10130000 		.4byte	.LASF436
 6065 2f4f 02       		.uleb128 0x2
 6066 2f50 04       		.byte	0x4
 6067 2f51 10       		.byte	0x10
 6068 2f52 600A0000 		.4byte	.LASF437
 6069 2f56 44       		.uleb128 0x44
 6070 2f57 7B050000 		.4byte	.LASF438
 6071 2f5b 7B050000 		.4byte	.LASF438
 6072 2f5f 0C       		.byte	0xc
 6073 2f60 5901     		.2byte	0x159
 6074 2f62 0E       		.byte	0xe
 6075 2f63 44       		.uleb128 0x44
 6076 2f64 F7050000 		.4byte	.LASF439
 6077 2f68 F7050000 		.4byte	.LASF439
 6078 2f6c 0C       		.byte	0xc
 6079 2f6d 5A01     		.2byte	0x15a
 6080 2f6f 0E       		.byte	0xe
 6081 2f70 00       		.byte	0
 6082              		.section	.debug_abbrev,"",%progbits
 6083              	.Ldebug_abbrev0:
 6084 0000 01       		.uleb128 0x1
 6085 0001 11       		.uleb128 0x11
 6086 0002 01       		.byte	0x1
 6087 0003 25       		.uleb128 0x25
 6088 0004 0E       		.uleb128 0xe
 6089 0005 13       		.uleb128 0x13
 6090 0006 0B       		.uleb128 0xb
 6091 0007 03       		.uleb128 0x3
ARM GAS  /tmp/ccBgOzmL.s 			page 108


 6092 0008 0E       		.uleb128 0xe
 6093 0009 1B       		.uleb128 0x1b
 6094 000a 0E       		.uleb128 0xe
 6095 000b 11       		.uleb128 0x11
 6096 000c 01       		.uleb128 0x1
 6097 000d 12       		.uleb128 0x12
 6098 000e 06       		.uleb128 0x6
 6099 000f 10       		.uleb128 0x10
 6100 0010 17       		.uleb128 0x17
 6101 0011 00       		.byte	0
 6102 0012 00       		.byte	0
 6103 0013 02       		.uleb128 0x2
 6104 0014 24       		.uleb128 0x24
 6105 0015 00       		.byte	0
 6106 0016 0B       		.uleb128 0xb
 6107 0017 0B       		.uleb128 0xb
 6108 0018 3E       		.uleb128 0x3e
 6109 0019 0B       		.uleb128 0xb
 6110 001a 03       		.uleb128 0x3
 6111 001b 0E       		.uleb128 0xe
 6112 001c 00       		.byte	0
 6113 001d 00       		.byte	0
 6114 001e 03       		.uleb128 0x3
 6115 001f 24       		.uleb128 0x24
 6116 0020 00       		.byte	0
 6117 0021 0B       		.uleb128 0xb
 6118 0022 0B       		.uleb128 0xb
 6119 0023 3E       		.uleb128 0x3e
 6120 0024 0B       		.uleb128 0xb
 6121 0025 03       		.uleb128 0x3
 6122 0026 08       		.uleb128 0x8
 6123 0027 00       		.byte	0
 6124 0028 00       		.byte	0
 6125 0029 04       		.uleb128 0x4
 6126 002a 39       		.uleb128 0x39
 6127 002b 01       		.byte	0x1
 6128 002c 03       		.uleb128 0x3
 6129 002d 08       		.uleb128 0x8
 6130 002e 3A       		.uleb128 0x3a
 6131 002f 0B       		.uleb128 0xb
 6132 0030 3B       		.uleb128 0x3b
 6133 0031 0B       		.uleb128 0xb
 6134 0032 01       		.uleb128 0x1
 6135 0033 13       		.uleb128 0x13
 6136 0034 00       		.byte	0
 6137 0035 00       		.byte	0
 6138 0036 05       		.uleb128 0x5
 6139 0037 39       		.uleb128 0x39
 6140 0038 00       		.byte	0
 6141 0039 03       		.uleb128 0x3
 6142 003a 0E       		.uleb128 0xe
 6143 003b 3A       		.uleb128 0x3a
 6144 003c 0B       		.uleb128 0xb
 6145 003d 3B       		.uleb128 0x3b
 6146 003e 05       		.uleb128 0x5
 6147 003f 39       		.uleb128 0x39
 6148 0040 0B       		.uleb128 0xb
ARM GAS  /tmp/ccBgOzmL.s 			page 109


 6149 0041 8901     		.uleb128 0x89
 6150 0043 19       		.uleb128 0x19
 6151 0044 00       		.byte	0
 6152 0045 00       		.byte	0
 6153 0046 06       		.uleb128 0x6
 6154 0047 3A       		.uleb128 0x3a
 6155 0048 00       		.byte	0
 6156 0049 3A       		.uleb128 0x3a
 6157 004a 0B       		.uleb128 0xb
 6158 004b 3B       		.uleb128 0x3b
 6159 004c 05       		.uleb128 0x5
 6160 004d 39       		.uleb128 0x39
 6161 004e 0B       		.uleb128 0xb
 6162 004f 18       		.uleb128 0x18
 6163 0050 13       		.uleb128 0x13
 6164 0051 00       		.byte	0
 6165 0052 00       		.byte	0
 6166 0053 07       		.uleb128 0x7
 6167 0054 08       		.uleb128 0x8
 6168 0055 00       		.byte	0
 6169 0056 3A       		.uleb128 0x3a
 6170 0057 0B       		.uleb128 0xb
 6171 0058 3B       		.uleb128 0x3b
 6172 0059 0B       		.uleb128 0xb
 6173 005a 39       		.uleb128 0x39
 6174 005b 0B       		.uleb128 0xb
 6175 005c 18       		.uleb128 0x18
 6176 005d 13       		.uleb128 0x13
 6177 005e 00       		.byte	0
 6178 005f 00       		.byte	0
 6179 0060 08       		.uleb128 0x8
 6180 0061 08       		.uleb128 0x8
 6181 0062 00       		.byte	0
 6182 0063 3A       		.uleb128 0x3a
 6183 0064 0B       		.uleb128 0xb
 6184 0065 3B       		.uleb128 0x3b
 6185 0066 05       		.uleb128 0x5
 6186 0067 39       		.uleb128 0x39
 6187 0068 0B       		.uleb128 0xb
 6188 0069 18       		.uleb128 0x18
 6189 006a 13       		.uleb128 0x13
 6190 006b 00       		.byte	0
 6191 006c 00       		.byte	0
 6192 006d 09       		.uleb128 0x9
 6193 006e 2E       		.uleb128 0x2e
 6194 006f 01       		.byte	0x1
 6195 0070 3F       		.uleb128 0x3f
 6196 0071 19       		.uleb128 0x19
 6197 0072 03       		.uleb128 0x3
 6198 0073 08       		.uleb128 0x8
 6199 0074 3A       		.uleb128 0x3a
 6200 0075 0B       		.uleb128 0xb
 6201 0076 3B       		.uleb128 0x3b
 6202 0077 0B       		.uleb128 0xb
 6203 0078 39       		.uleb128 0x39
 6204 0079 0B       		.uleb128 0xb
 6205 007a 6E       		.uleb128 0x6e
ARM GAS  /tmp/ccBgOzmL.s 			page 110


 6206 007b 0E       		.uleb128 0xe
 6207 007c 49       		.uleb128 0x49
 6208 007d 13       		.uleb128 0x13
 6209 007e 3C       		.uleb128 0x3c
 6210 007f 19       		.uleb128 0x19
 6211 0080 01       		.uleb128 0x1
 6212 0081 13       		.uleb128 0x13
 6213 0082 00       		.byte	0
 6214 0083 00       		.byte	0
 6215 0084 0A       		.uleb128 0xa
 6216 0085 05       		.uleb128 0x5
 6217 0086 00       		.byte	0
 6218 0087 49       		.uleb128 0x49
 6219 0088 13       		.uleb128 0x13
 6220 0089 00       		.byte	0
 6221 008a 00       		.byte	0
 6222 008b 0B       		.uleb128 0xb
 6223 008c 2E       		.uleb128 0x2e
 6224 008d 01       		.byte	0x1
 6225 008e 3F       		.uleb128 0x3f
 6226 008f 19       		.uleb128 0x19
 6227 0090 03       		.uleb128 0x3
 6228 0091 0E       		.uleb128 0xe
 6229 0092 3A       		.uleb128 0x3a
 6230 0093 0B       		.uleb128 0xb
 6231 0094 3B       		.uleb128 0x3b
 6232 0095 0B       		.uleb128 0xb
 6233 0096 39       		.uleb128 0x39
 6234 0097 0B       		.uleb128 0xb
 6235 0098 6E       		.uleb128 0x6e
 6236 0099 0E       		.uleb128 0xe
 6237 009a 49       		.uleb128 0x49
 6238 009b 13       		.uleb128 0x13
 6239 009c 3C       		.uleb128 0x3c
 6240 009d 19       		.uleb128 0x19
 6241 009e 01       		.uleb128 0x1
 6242 009f 13       		.uleb128 0x13
 6243 00a0 00       		.byte	0
 6244 00a1 00       		.byte	0
 6245 00a2 0C       		.uleb128 0xc
 6246 00a3 2E       		.uleb128 0x2e
 6247 00a4 01       		.byte	0x1
 6248 00a5 3F       		.uleb128 0x3f
 6249 00a6 19       		.uleb128 0x19
 6250 00a7 03       		.uleb128 0x3
 6251 00a8 08       		.uleb128 0x8
 6252 00a9 3A       		.uleb128 0x3a
 6253 00aa 0B       		.uleb128 0xb
 6254 00ab 3B       		.uleb128 0x3b
 6255 00ac 05       		.uleb128 0x5
 6256 00ad 39       		.uleb128 0x39
 6257 00ae 0B       		.uleb128 0xb
 6258 00af 6E       		.uleb128 0x6e
 6259 00b0 0E       		.uleb128 0xe
 6260 00b1 49       		.uleb128 0x49
 6261 00b2 13       		.uleb128 0x13
 6262 00b3 3C       		.uleb128 0x3c
ARM GAS  /tmp/ccBgOzmL.s 			page 111


 6263 00b4 19       		.uleb128 0x19
 6264 00b5 01       		.uleb128 0x1
 6265 00b6 13       		.uleb128 0x13
 6266 00b7 00       		.byte	0
 6267 00b8 00       		.byte	0
 6268 00b9 0D       		.uleb128 0xd
 6269 00ba 2E       		.uleb128 0x2e
 6270 00bb 01       		.byte	0x1
 6271 00bc 3F       		.uleb128 0x3f
 6272 00bd 19       		.uleb128 0x19
 6273 00be 03       		.uleb128 0x3
 6274 00bf 0E       		.uleb128 0xe
 6275 00c0 3A       		.uleb128 0x3a
 6276 00c1 0B       		.uleb128 0xb
 6277 00c2 3B       		.uleb128 0x3b
 6278 00c3 05       		.uleb128 0x5
 6279 00c4 39       		.uleb128 0x39
 6280 00c5 0B       		.uleb128 0xb
 6281 00c6 6E       		.uleb128 0x6e
 6282 00c7 0E       		.uleb128 0xe
 6283 00c8 49       		.uleb128 0x49
 6284 00c9 13       		.uleb128 0x13
 6285 00ca 3C       		.uleb128 0x3c
 6286 00cb 19       		.uleb128 0x19
 6287 00cc 01       		.uleb128 0x1
 6288 00cd 13       		.uleb128 0x13
 6289 00ce 00       		.byte	0
 6290 00cf 00       		.byte	0
 6291 00d0 0E       		.uleb128 0xe
 6292 00d1 2E       		.uleb128 0x2e
 6293 00d2 01       		.byte	0x1
 6294 00d3 3F       		.uleb128 0x3f
 6295 00d4 19       		.uleb128 0x19
 6296 00d5 03       		.uleb128 0x3
 6297 00d6 0E       		.uleb128 0xe
 6298 00d7 3A       		.uleb128 0x3a
 6299 00d8 0B       		.uleb128 0xb
 6300 00d9 3B       		.uleb128 0x3b
 6301 00da 05       		.uleb128 0x5
 6302 00db 39       		.uleb128 0x39
 6303 00dc 0B       		.uleb128 0xb
 6304 00dd 6E       		.uleb128 0x6e
 6305 00de 0E       		.uleb128 0xe
 6306 00df 49       		.uleb128 0x49
 6307 00e0 13       		.uleb128 0x13
 6308 00e1 3C       		.uleb128 0x3c
 6309 00e2 19       		.uleb128 0x19
 6310 00e3 00       		.byte	0
 6311 00e4 00       		.byte	0
 6312 00e5 0F       		.uleb128 0xf
 6313 00e6 39       		.uleb128 0x39
 6314 00e7 01       		.byte	0x1
 6315 00e8 03       		.uleb128 0x3
 6316 00e9 0E       		.uleb128 0xe
 6317 00ea 3A       		.uleb128 0x3a
 6318 00eb 0B       		.uleb128 0xb
 6319 00ec 3B       		.uleb128 0x3b
ARM GAS  /tmp/ccBgOzmL.s 			page 112


 6320 00ed 05       		.uleb128 0x5
 6321 00ee 39       		.uleb128 0x39
 6322 00ef 0B       		.uleb128 0xb
 6323 00f0 01       		.uleb128 0x1
 6324 00f1 13       		.uleb128 0x13
 6325 00f2 00       		.byte	0
 6326 00f3 00       		.byte	0
 6327 00f4 10       		.uleb128 0x10
 6328 00f5 16       		.uleb128 0x16
 6329 00f6 00       		.byte	0
 6330 00f7 03       		.uleb128 0x3
 6331 00f8 0E       		.uleb128 0xe
 6332 00f9 3A       		.uleb128 0x3a
 6333 00fa 0B       		.uleb128 0xb
 6334 00fb 3B       		.uleb128 0x3b
 6335 00fc 0B       		.uleb128 0xb
 6336 00fd 39       		.uleb128 0x39
 6337 00fe 0B       		.uleb128 0xb
 6338 00ff 49       		.uleb128 0x49
 6339 0100 13       		.uleb128 0x13
 6340 0101 00       		.byte	0
 6341 0102 00       		.byte	0
 6342 0103 11       		.uleb128 0x11
 6343 0104 26       		.uleb128 0x26
 6344 0105 00       		.byte	0
 6345 0106 49       		.uleb128 0x49
 6346 0107 13       		.uleb128 0x13
 6347 0108 00       		.byte	0
 6348 0109 00       		.byte	0
 6349 010a 12       		.uleb128 0x12
 6350 010b 13       		.uleb128 0x13
 6351 010c 01       		.byte	0x1
 6352 010d 0B       		.uleb128 0xb
 6353 010e 0B       		.uleb128 0xb
 6354 010f 8801     		.uleb128 0x88
 6355 0111 0B       		.uleb128 0xb
 6356 0112 3A       		.uleb128 0x3a
 6357 0113 0B       		.uleb128 0xb
 6358 0114 3B       		.uleb128 0x3b
 6359 0115 05       		.uleb128 0x5
 6360 0116 39       		.uleb128 0x39
 6361 0117 0B       		.uleb128 0xb
 6362 0118 6E       		.uleb128 0x6e
 6363 0119 0E       		.uleb128 0xe
 6364 011a 01       		.uleb128 0x1
 6365 011b 13       		.uleb128 0x13
 6366 011c 00       		.byte	0
 6367 011d 00       		.byte	0
 6368 011e 13       		.uleb128 0x13
 6369 011f 0D       		.uleb128 0xd
 6370 0120 00       		.byte	0
 6371 0121 03       		.uleb128 0x3
 6372 0122 0E       		.uleb128 0xe
 6373 0123 3A       		.uleb128 0x3a
 6374 0124 0B       		.uleb128 0xb
 6375 0125 3B       		.uleb128 0x3b
 6376 0126 05       		.uleb128 0x5
ARM GAS  /tmp/ccBgOzmL.s 			page 113


 6377 0127 39       		.uleb128 0x39
 6378 0128 0B       		.uleb128 0xb
 6379 0129 49       		.uleb128 0x49
 6380 012a 13       		.uleb128 0x13
 6381 012b 8801     		.uleb128 0x88
 6382 012d 0B       		.uleb128 0xb
 6383 012e 38       		.uleb128 0x38
 6384 012f 0B       		.uleb128 0xb
 6385 0130 00       		.byte	0
 6386 0131 00       		.byte	0
 6387 0132 14       		.uleb128 0x14
 6388 0133 16       		.uleb128 0x16
 6389 0134 00       		.byte	0
 6390 0135 03       		.uleb128 0x3
 6391 0136 0E       		.uleb128 0xe
 6392 0137 3A       		.uleb128 0x3a
 6393 0138 0B       		.uleb128 0xb
 6394 0139 3B       		.uleb128 0x3b
 6395 013a 05       		.uleb128 0x5
 6396 013b 39       		.uleb128 0x39
 6397 013c 0B       		.uleb128 0xb
 6398 013d 49       		.uleb128 0x49
 6399 013e 13       		.uleb128 0x13
 6400 013f 8801     		.uleb128 0x88
 6401 0141 0B       		.uleb128 0xb
 6402 0142 00       		.byte	0
 6403 0143 00       		.byte	0
 6404 0144 15       		.uleb128 0x15
 6405 0145 3B       		.uleb128 0x3b
 6406 0146 00       		.byte	0
 6407 0147 03       		.uleb128 0x3
 6408 0148 0E       		.uleb128 0xe
 6409 0149 00       		.byte	0
 6410 014a 00       		.byte	0
 6411 014b 16       		.uleb128 0x16
 6412 014c 16       		.uleb128 0x16
 6413 014d 00       		.byte	0
 6414 014e 03       		.uleb128 0x3
 6415 014f 0E       		.uleb128 0xe
 6416 0150 3A       		.uleb128 0x3a
 6417 0151 0B       		.uleb128 0xb
 6418 0152 3B       		.uleb128 0x3b
 6419 0153 05       		.uleb128 0x5
 6420 0154 39       		.uleb128 0x39
 6421 0155 0B       		.uleb128 0xb
 6422 0156 49       		.uleb128 0x49
 6423 0157 13       		.uleb128 0x13
 6424 0158 00       		.byte	0
 6425 0159 00       		.byte	0
 6426 015a 17       		.uleb128 0x17
 6427 015b 13       		.uleb128 0x13
 6428 015c 01       		.byte	0x1
 6429 015d 0B       		.uleb128 0xb
 6430 015e 0B       		.uleb128 0xb
 6431 015f 3A       		.uleb128 0x3a
 6432 0160 0B       		.uleb128 0xb
 6433 0161 3B       		.uleb128 0x3b
ARM GAS  /tmp/ccBgOzmL.s 			page 114


 6434 0162 0B       		.uleb128 0xb
 6435 0163 39       		.uleb128 0x39
 6436 0164 0B       		.uleb128 0xb
 6437 0165 6E       		.uleb128 0x6e
 6438 0166 0E       		.uleb128 0xe
 6439 0167 01       		.uleb128 0x1
 6440 0168 13       		.uleb128 0x13
 6441 0169 00       		.byte	0
 6442 016a 00       		.byte	0
 6443 016b 18       		.uleb128 0x18
 6444 016c 17       		.uleb128 0x17
 6445 016d 01       		.byte	0x1
 6446 016e 0B       		.uleb128 0xb
 6447 016f 0B       		.uleb128 0xb
 6448 0170 3A       		.uleb128 0x3a
 6449 0171 0B       		.uleb128 0xb
 6450 0172 3B       		.uleb128 0x3b
 6451 0173 0B       		.uleb128 0xb
 6452 0174 39       		.uleb128 0x39
 6453 0175 0B       		.uleb128 0xb
 6454 0176 01       		.uleb128 0x1
 6455 0177 13       		.uleb128 0x13
 6456 0178 00       		.byte	0
 6457 0179 00       		.byte	0
 6458 017a 19       		.uleb128 0x19
 6459 017b 0D       		.uleb128 0xd
 6460 017c 00       		.byte	0
 6461 017d 03       		.uleb128 0x3
 6462 017e 0E       		.uleb128 0xe
 6463 017f 3A       		.uleb128 0x3a
 6464 0180 0B       		.uleb128 0xb
 6465 0181 3B       		.uleb128 0x3b
 6466 0182 0B       		.uleb128 0xb
 6467 0183 39       		.uleb128 0x39
 6468 0184 0B       		.uleb128 0xb
 6469 0185 49       		.uleb128 0x49
 6470 0186 13       		.uleb128 0x13
 6471 0187 00       		.byte	0
 6472 0188 00       		.byte	0
 6473 0189 1A       		.uleb128 0x1a
 6474 018a 0D       		.uleb128 0xd
 6475 018b 00       		.byte	0
 6476 018c 03       		.uleb128 0x3
 6477 018d 0E       		.uleb128 0xe
 6478 018e 3A       		.uleb128 0x3a
 6479 018f 0B       		.uleb128 0xb
 6480 0190 3B       		.uleb128 0x3b
 6481 0191 0B       		.uleb128 0xb
 6482 0192 39       		.uleb128 0x39
 6483 0193 0B       		.uleb128 0xb
 6484 0194 49       		.uleb128 0x49
 6485 0195 13       		.uleb128 0x13
 6486 0196 38       		.uleb128 0x38
 6487 0197 0B       		.uleb128 0xb
 6488 0198 00       		.byte	0
 6489 0199 00       		.byte	0
 6490 019a 1B       		.uleb128 0x1b
ARM GAS  /tmp/ccBgOzmL.s 			page 115


 6491 019b 01       		.uleb128 0x1
 6492 019c 01       		.byte	0x1
 6493 019d 49       		.uleb128 0x49
 6494 019e 13       		.uleb128 0x13
 6495 019f 01       		.uleb128 0x1
 6496 01a0 13       		.uleb128 0x13
 6497 01a1 00       		.byte	0
 6498 01a2 00       		.byte	0
 6499 01a3 1C       		.uleb128 0x1c
 6500 01a4 21       		.uleb128 0x21
 6501 01a5 00       		.byte	0
 6502 01a6 49       		.uleb128 0x49
 6503 01a7 13       		.uleb128 0x13
 6504 01a8 2F       		.uleb128 0x2f
 6505 01a9 0B       		.uleb128 0xb
 6506 01aa 00       		.byte	0
 6507 01ab 00       		.byte	0
 6508 01ac 1D       		.uleb128 0x1d
 6509 01ad 0F       		.uleb128 0xf
 6510 01ae 00       		.byte	0
 6511 01af 0B       		.uleb128 0xb
 6512 01b0 0B       		.uleb128 0xb
 6513 01b1 00       		.byte	0
 6514 01b2 00       		.byte	0
 6515 01b3 1E       		.uleb128 0x1e
 6516 01b4 13       		.uleb128 0x13
 6517 01b5 01       		.byte	0x1
 6518 01b6 03       		.uleb128 0x3
 6519 01b7 0E       		.uleb128 0xe
 6520 01b8 0B       		.uleb128 0xb
 6521 01b9 0B       		.uleb128 0xb
 6522 01ba 3A       		.uleb128 0x3a
 6523 01bb 0B       		.uleb128 0xb
 6524 01bc 3B       		.uleb128 0x3b
 6525 01bd 0B       		.uleb128 0xb
 6526 01be 39       		.uleb128 0x39
 6527 01bf 0B       		.uleb128 0xb
 6528 01c0 01       		.uleb128 0x1
 6529 01c1 13       		.uleb128 0x13
 6530 01c2 00       		.byte	0
 6531 01c3 00       		.byte	0
 6532 01c4 1F       		.uleb128 0x1f
 6533 01c5 0D       		.uleb128 0xd
 6534 01c6 00       		.byte	0
 6535 01c7 03       		.uleb128 0x3
 6536 01c8 08       		.uleb128 0x8
 6537 01c9 3A       		.uleb128 0x3a
 6538 01ca 0B       		.uleb128 0xb
 6539 01cb 3B       		.uleb128 0x3b
 6540 01cc 0B       		.uleb128 0xb
 6541 01cd 39       		.uleb128 0x39
 6542 01ce 0B       		.uleb128 0xb
 6543 01cf 49       		.uleb128 0x49
 6544 01d0 13       		.uleb128 0x13
 6545 01d1 38       		.uleb128 0x38
 6546 01d2 0B       		.uleb128 0xb
 6547 01d3 00       		.byte	0
ARM GAS  /tmp/ccBgOzmL.s 			page 116


 6548 01d4 00       		.byte	0
 6549 01d5 20       		.uleb128 0x20
 6550 01d6 0F       		.uleb128 0xf
 6551 01d7 00       		.byte	0
 6552 01d8 0B       		.uleb128 0xb
 6553 01d9 0B       		.uleb128 0xb
 6554 01da 49       		.uleb128 0x49
 6555 01db 13       		.uleb128 0x13
 6556 01dc 00       		.byte	0
 6557 01dd 00       		.byte	0
 6558 01de 21       		.uleb128 0x21
 6559 01df 13       		.uleb128 0x13
 6560 01e0 01       		.byte	0x1
 6561 01e1 03       		.uleb128 0x3
 6562 01e2 0E       		.uleb128 0xe
 6563 01e3 0B       		.uleb128 0xb
 6564 01e4 05       		.uleb128 0x5
 6565 01e5 3A       		.uleb128 0x3a
 6566 01e6 0B       		.uleb128 0xb
 6567 01e7 3B       		.uleb128 0x3b
 6568 01e8 0B       		.uleb128 0xb
 6569 01e9 39       		.uleb128 0x39
 6570 01ea 0B       		.uleb128 0xb
 6571 01eb 01       		.uleb128 0x1
 6572 01ec 13       		.uleb128 0x13
 6573 01ed 00       		.byte	0
 6574 01ee 00       		.byte	0
 6575 01ef 22       		.uleb128 0x22
 6576 01f0 0D       		.uleb128 0xd
 6577 01f1 00       		.byte	0
 6578 01f2 03       		.uleb128 0x3
 6579 01f3 0E       		.uleb128 0xe
 6580 01f4 3A       		.uleb128 0x3a
 6581 01f5 0B       		.uleb128 0xb
 6582 01f6 3B       		.uleb128 0x3b
 6583 01f7 0B       		.uleb128 0xb
 6584 01f8 39       		.uleb128 0x39
 6585 01f9 0B       		.uleb128 0xb
 6586 01fa 49       		.uleb128 0x49
 6587 01fb 13       		.uleb128 0x13
 6588 01fc 38       		.uleb128 0x38
 6589 01fd 05       		.uleb128 0x5
 6590 01fe 00       		.byte	0
 6591 01ff 00       		.byte	0
 6592 0200 23       		.uleb128 0x23
 6593 0201 15       		.uleb128 0x15
 6594 0202 00       		.byte	0
 6595 0203 00       		.byte	0
 6596 0204 00       		.byte	0
 6597 0205 24       		.uleb128 0x24
 6598 0206 15       		.uleb128 0x15
 6599 0207 01       		.byte	0x1
 6600 0208 49       		.uleb128 0x49
 6601 0209 13       		.uleb128 0x13
 6602 020a 01       		.uleb128 0x1
 6603 020b 13       		.uleb128 0x13
 6604 020c 00       		.byte	0
ARM GAS  /tmp/ccBgOzmL.s 			page 117


 6605 020d 00       		.byte	0
 6606 020e 25       		.uleb128 0x25
 6607 020f 13       		.uleb128 0x13
 6608 0210 01       		.byte	0x1
 6609 0211 03       		.uleb128 0x3
 6610 0212 0E       		.uleb128 0xe
 6611 0213 0B       		.uleb128 0xb
 6612 0214 05       		.uleb128 0x5
 6613 0215 3A       		.uleb128 0x3a
 6614 0216 0B       		.uleb128 0xb
 6615 0217 3B       		.uleb128 0x3b
 6616 0218 05       		.uleb128 0x5
 6617 0219 39       		.uleb128 0x39
 6618 021a 0B       		.uleb128 0xb
 6619 021b 01       		.uleb128 0x1
 6620 021c 13       		.uleb128 0x13
 6621 021d 00       		.byte	0
 6622 021e 00       		.byte	0
 6623 021f 26       		.uleb128 0x26
 6624 0220 17       		.uleb128 0x17
 6625 0221 01       		.byte	0x1
 6626 0222 0B       		.uleb128 0xb
 6627 0223 0B       		.uleb128 0xb
 6628 0224 3A       		.uleb128 0x3a
 6629 0225 0B       		.uleb128 0xb
 6630 0226 3B       		.uleb128 0x3b
 6631 0227 05       		.uleb128 0x5
 6632 0228 39       		.uleb128 0x39
 6633 0229 0B       		.uleb128 0xb
 6634 022a 01       		.uleb128 0x1
 6635 022b 13       		.uleb128 0x13
 6636 022c 00       		.byte	0
 6637 022d 00       		.byte	0
 6638 022e 27       		.uleb128 0x27
 6639 022f 13       		.uleb128 0x13
 6640 0230 01       		.byte	0x1
 6641 0231 0B       		.uleb128 0xb
 6642 0232 0B       		.uleb128 0xb
 6643 0233 3A       		.uleb128 0x3a
 6644 0234 0B       		.uleb128 0xb
 6645 0235 3B       		.uleb128 0x3b
 6646 0236 05       		.uleb128 0x5
 6647 0237 39       		.uleb128 0x39
 6648 0238 0B       		.uleb128 0xb
 6649 0239 01       		.uleb128 0x1
 6650 023a 13       		.uleb128 0x13
 6651 023b 00       		.byte	0
 6652 023c 00       		.byte	0
 6653 023d 28       		.uleb128 0x28
 6654 023e 0D       		.uleb128 0xd
 6655 023f 00       		.byte	0
 6656 0240 03       		.uleb128 0x3
 6657 0241 0E       		.uleb128 0xe
 6658 0242 3A       		.uleb128 0x3a
 6659 0243 0B       		.uleb128 0xb
 6660 0244 3B       		.uleb128 0x3b
 6661 0245 05       		.uleb128 0x5
ARM GAS  /tmp/ccBgOzmL.s 			page 118


 6662 0246 39       		.uleb128 0x39
 6663 0247 0B       		.uleb128 0xb
 6664 0248 49       		.uleb128 0x49
 6665 0249 13       		.uleb128 0x13
 6666 024a 38       		.uleb128 0x38
 6667 024b 0B       		.uleb128 0xb
 6668 024c 00       		.byte	0
 6669 024d 00       		.byte	0
 6670 024e 29       		.uleb128 0x29
 6671 024f 0D       		.uleb128 0xd
 6672 0250 00       		.byte	0
 6673 0251 03       		.uleb128 0x3
 6674 0252 0E       		.uleb128 0xe
 6675 0253 3A       		.uleb128 0x3a
 6676 0254 0B       		.uleb128 0xb
 6677 0255 3B       		.uleb128 0x3b
 6678 0256 05       		.uleb128 0x5
 6679 0257 39       		.uleb128 0x39
 6680 0258 0B       		.uleb128 0xb
 6681 0259 49       		.uleb128 0x49
 6682 025a 13       		.uleb128 0x13
 6683 025b 00       		.byte	0
 6684 025c 00       		.byte	0
 6685 025d 2A       		.uleb128 0x2a
 6686 025e 0D       		.uleb128 0xd
 6687 025f 00       		.byte	0
 6688 0260 03       		.uleb128 0x3
 6689 0261 0E       		.uleb128 0xe
 6690 0262 3A       		.uleb128 0x3a
 6691 0263 0B       		.uleb128 0xb
 6692 0264 3B       		.uleb128 0x3b
 6693 0265 05       		.uleb128 0x5
 6694 0266 39       		.uleb128 0x39
 6695 0267 0B       		.uleb128 0xb
 6696 0268 49       		.uleb128 0x49
 6697 0269 13       		.uleb128 0x13
 6698 026a 38       		.uleb128 0x38
 6699 026b 05       		.uleb128 0x5
 6700 026c 00       		.byte	0
 6701 026d 00       		.byte	0
 6702 026e 2B       		.uleb128 0x2b
 6703 026f 13       		.uleb128 0x13
 6704 0270 01       		.byte	0x1
 6705 0271 03       		.uleb128 0x3
 6706 0272 0E       		.uleb128 0xe
 6707 0273 0B       		.uleb128 0xb
 6708 0274 0B       		.uleb128 0xb
 6709 0275 3A       		.uleb128 0x3a
 6710 0276 0B       		.uleb128 0xb
 6711 0277 3B       		.uleb128 0x3b
 6712 0278 05       		.uleb128 0x5
 6713 0279 39       		.uleb128 0x39
 6714 027a 0B       		.uleb128 0xb
 6715 027b 01       		.uleb128 0x1
 6716 027c 13       		.uleb128 0x13
 6717 027d 00       		.byte	0
 6718 027e 00       		.byte	0
ARM GAS  /tmp/ccBgOzmL.s 			page 119


 6719 027f 2C       		.uleb128 0x2c
 6720 0280 13       		.uleb128 0x13
 6721 0281 00       		.byte	0
 6722 0282 03       		.uleb128 0x3
 6723 0283 0E       		.uleb128 0xe
 6724 0284 3C       		.uleb128 0x3c
 6725 0285 19       		.uleb128 0x19
 6726 0286 00       		.byte	0
 6727 0287 00       		.byte	0
 6728 0288 2D       		.uleb128 0x2d
 6729 0289 15       		.uleb128 0x15
 6730 028a 01       		.byte	0x1
 6731 028b 01       		.uleb128 0x1
 6732 028c 13       		.uleb128 0x13
 6733 028d 00       		.byte	0
 6734 028e 00       		.byte	0
 6735 028f 2E       		.uleb128 0x2e
 6736 0290 34       		.uleb128 0x34
 6737 0291 00       		.byte	0
 6738 0292 03       		.uleb128 0x3
 6739 0293 0E       		.uleb128 0xe
 6740 0294 3A       		.uleb128 0x3a
 6741 0295 0B       		.uleb128 0xb
 6742 0296 3B       		.uleb128 0x3b
 6743 0297 05       		.uleb128 0x5
 6744 0298 39       		.uleb128 0x39
 6745 0299 0B       		.uleb128 0xb
 6746 029a 49       		.uleb128 0x49
 6747 029b 13       		.uleb128 0x13
 6748 029c 3F       		.uleb128 0x3f
 6749 029d 19       		.uleb128 0x19
 6750 029e 3C       		.uleb128 0x3c
 6751 029f 19       		.uleb128 0x19
 6752 02a0 00       		.byte	0
 6753 02a1 00       		.byte	0
 6754 02a2 2F       		.uleb128 0x2f
 6755 02a3 2E       		.uleb128 0x2e
 6756 02a4 01       		.byte	0x1
 6757 02a5 3F       		.uleb128 0x3f
 6758 02a6 19       		.uleb128 0x19
 6759 02a7 03       		.uleb128 0x3
 6760 02a8 08       		.uleb128 0x8
 6761 02a9 3A       		.uleb128 0x3a
 6762 02aa 0B       		.uleb128 0xb
 6763 02ab 3B       		.uleb128 0x3b
 6764 02ac 0B       		.uleb128 0xb
 6765 02ad 39       		.uleb128 0x39
 6766 02ae 0B       		.uleb128 0xb
 6767 02af 49       		.uleb128 0x49
 6768 02b0 13       		.uleb128 0x13
 6769 02b1 3C       		.uleb128 0x3c
 6770 02b2 19       		.uleb128 0x19
 6771 02b3 01       		.uleb128 0x1
 6772 02b4 13       		.uleb128 0x13
 6773 02b5 00       		.byte	0
 6774 02b6 00       		.byte	0
 6775 02b7 30       		.uleb128 0x30
ARM GAS  /tmp/ccBgOzmL.s 			page 120


 6776 02b8 2E       		.uleb128 0x2e
 6777 02b9 01       		.byte	0x1
 6778 02ba 3F       		.uleb128 0x3f
 6779 02bb 19       		.uleb128 0x19
 6780 02bc 03       		.uleb128 0x3
 6781 02bd 0E       		.uleb128 0xe
 6782 02be 3A       		.uleb128 0x3a
 6783 02bf 0B       		.uleb128 0xb
 6784 02c0 3B       		.uleb128 0x3b
 6785 02c1 0B       		.uleb128 0xb
 6786 02c2 39       		.uleb128 0x39
 6787 02c3 0B       		.uleb128 0xb
 6788 02c4 49       		.uleb128 0x49
 6789 02c5 13       		.uleb128 0x13
 6790 02c6 3C       		.uleb128 0x3c
 6791 02c7 19       		.uleb128 0x19
 6792 02c8 01       		.uleb128 0x1
 6793 02c9 13       		.uleb128 0x13
 6794 02ca 00       		.byte	0
 6795 02cb 00       		.byte	0
 6796 02cc 31       		.uleb128 0x31
 6797 02cd 2E       		.uleb128 0x2e
 6798 02ce 01       		.byte	0x1
 6799 02cf 3F       		.uleb128 0x3f
 6800 02d0 19       		.uleb128 0x19
 6801 02d1 03       		.uleb128 0x3
 6802 02d2 0E       		.uleb128 0xe
 6803 02d3 3A       		.uleb128 0x3a
 6804 02d4 0B       		.uleb128 0xb
 6805 02d5 3B       		.uleb128 0x3b
 6806 02d6 05       		.uleb128 0x5
 6807 02d7 39       		.uleb128 0x39
 6808 02d8 0B       		.uleb128 0xb
 6809 02d9 49       		.uleb128 0x49
 6810 02da 13       		.uleb128 0x13
 6811 02db 3C       		.uleb128 0x3c
 6812 02dc 19       		.uleb128 0x19
 6813 02dd 01       		.uleb128 0x1
 6814 02de 13       		.uleb128 0x13
 6815 02df 00       		.byte	0
 6816 02e0 00       		.byte	0
 6817 02e1 32       		.uleb128 0x32
 6818 02e2 2E       		.uleb128 0x2e
 6819 02e3 01       		.byte	0x1
 6820 02e4 3F       		.uleb128 0x3f
 6821 02e5 19       		.uleb128 0x19
 6822 02e6 03       		.uleb128 0x3
 6823 02e7 08       		.uleb128 0x8
 6824 02e8 3A       		.uleb128 0x3a
 6825 02e9 0B       		.uleb128 0xb
 6826 02ea 3B       		.uleb128 0x3b
 6827 02eb 05       		.uleb128 0x5
 6828 02ec 39       		.uleb128 0x39
 6829 02ed 0B       		.uleb128 0xb
 6830 02ee 49       		.uleb128 0x49
 6831 02ef 13       		.uleb128 0x13
 6832 02f0 3C       		.uleb128 0x3c
ARM GAS  /tmp/ccBgOzmL.s 			page 121


 6833 02f1 19       		.uleb128 0x19
 6834 02f2 01       		.uleb128 0x1
 6835 02f3 13       		.uleb128 0x13
 6836 02f4 00       		.byte	0
 6837 02f5 00       		.byte	0
 6838 02f6 33       		.uleb128 0x33
 6839 02f7 0D       		.uleb128 0xd
 6840 02f8 00       		.byte	0
 6841 02f9 03       		.uleb128 0x3
 6842 02fa 08       		.uleb128 0x8
 6843 02fb 3A       		.uleb128 0x3a
 6844 02fc 0B       		.uleb128 0xb
 6845 02fd 3B       		.uleb128 0x3b
 6846 02fe 05       		.uleb128 0x5
 6847 02ff 39       		.uleb128 0x39
 6848 0300 0B       		.uleb128 0xb
 6849 0301 49       		.uleb128 0x49
 6850 0302 13       		.uleb128 0x13
 6851 0303 38       		.uleb128 0x38
 6852 0304 0B       		.uleb128 0xb
 6853 0305 00       		.byte	0
 6854 0306 00       		.byte	0
 6855 0307 34       		.uleb128 0x34
 6856 0308 0D       		.uleb128 0xd
 6857 0309 00       		.byte	0
 6858 030a 03       		.uleb128 0x3
 6859 030b 0E       		.uleb128 0xe
 6860 030c 3A       		.uleb128 0x3a
 6861 030d 0B       		.uleb128 0xb
 6862 030e 3B       		.uleb128 0x3b
 6863 030f 05       		.uleb128 0x5
 6864 0310 39       		.uleb128 0x39
 6865 0311 0B       		.uleb128 0xb
 6866 0312 49       		.uleb128 0x49
 6867 0313 13       		.uleb128 0x13
 6868 0314 0B       		.uleb128 0xb
 6869 0315 0B       		.uleb128 0xb
 6870 0316 0D       		.uleb128 0xd
 6871 0317 0B       		.uleb128 0xb
 6872 0318 0C       		.uleb128 0xc
 6873 0319 0B       		.uleb128 0xb
 6874 031a 38       		.uleb128 0x38
 6875 031b 0B       		.uleb128 0xb
 6876 031c 00       		.byte	0
 6877 031d 00       		.byte	0
 6878 031e 35       		.uleb128 0x35
 6879 031f 34       		.uleb128 0x34
 6880 0320 00       		.byte	0
 6881 0321 03       		.uleb128 0x3
 6882 0322 0E       		.uleb128 0xe
 6883 0323 3A       		.uleb128 0x3a
 6884 0324 0B       		.uleb128 0xb
 6885 0325 3B       		.uleb128 0x3b
 6886 0326 0B       		.uleb128 0xb
 6887 0327 39       		.uleb128 0x39
 6888 0328 0B       		.uleb128 0xb
 6889 0329 49       		.uleb128 0x49
ARM GAS  /tmp/ccBgOzmL.s 			page 122


 6890 032a 13       		.uleb128 0x13
 6891 032b 3F       		.uleb128 0x3f
 6892 032c 19       		.uleb128 0x19
 6893 032d 3C       		.uleb128 0x3c
 6894 032e 19       		.uleb128 0x19
 6895 032f 00       		.byte	0
 6896 0330 00       		.byte	0
 6897 0331 36       		.uleb128 0x36
 6898 0332 21       		.uleb128 0x21
 6899 0333 00       		.byte	0
 6900 0334 49       		.uleb128 0x49
 6901 0335 13       		.uleb128 0x13
 6902 0336 2F       		.uleb128 0x2f
 6903 0337 05       		.uleb128 0x5
 6904 0338 00       		.byte	0
 6905 0339 00       		.byte	0
 6906 033a 37       		.uleb128 0x37
 6907 033b 0D       		.uleb128 0xd
 6908 033c 00       		.byte	0
 6909 033d 03       		.uleb128 0x3
 6910 033e 0E       		.uleb128 0xe
 6911 033f 3A       		.uleb128 0x3a
 6912 0340 0B       		.uleb128 0xb
 6913 0341 3B       		.uleb128 0x3b
 6914 0342 0B       		.uleb128 0xb
 6915 0343 39       		.uleb128 0x39
 6916 0344 0B       		.uleb128 0xb
 6917 0345 49       		.uleb128 0x49
 6918 0346 13       		.uleb128 0x13
 6919 0347 0B       		.uleb128 0xb
 6920 0348 0B       		.uleb128 0xb
 6921 0349 0D       		.uleb128 0xd
 6922 034a 0B       		.uleb128 0xb
 6923 034b 0C       		.uleb128 0xc
 6924 034c 0B       		.uleb128 0xb
 6925 034d 38       		.uleb128 0x38
 6926 034e 0B       		.uleb128 0xb
 6927 034f 00       		.byte	0
 6928 0350 00       		.byte	0
 6929 0351 38       		.uleb128 0x38
 6930 0352 34       		.uleb128 0x34
 6931 0353 00       		.byte	0
 6932 0354 03       		.uleb128 0x3
 6933 0355 0E       		.uleb128 0xe
 6934 0356 3A       		.uleb128 0x3a
 6935 0357 0B       		.uleb128 0xb
 6936 0358 3B       		.uleb128 0x3b
 6937 0359 0B       		.uleb128 0xb
 6938 035a 39       		.uleb128 0x39
 6939 035b 0B       		.uleb128 0xb
 6940 035c 49       		.uleb128 0x49
 6941 035d 13       		.uleb128 0x13
 6942 035e 00       		.byte	0
 6943 035f 00       		.byte	0
 6944 0360 39       		.uleb128 0x39
 6945 0361 34       		.uleb128 0x34
 6946 0362 00       		.byte	0
ARM GAS  /tmp/ccBgOzmL.s 			page 123


 6947 0363 03       		.uleb128 0x3
 6948 0364 0E       		.uleb128 0xe
 6949 0365 3A       		.uleb128 0x3a
 6950 0366 0B       		.uleb128 0xb
 6951 0367 3B       		.uleb128 0x3b
 6952 0368 0B       		.uleb128 0xb
 6953 0369 39       		.uleb128 0x39
 6954 036a 0B       		.uleb128 0xb
 6955 036b 49       		.uleb128 0x49
 6956 036c 13       		.uleb128 0x13
 6957 036d 6C       		.uleb128 0x6c
 6958 036e 19       		.uleb128 0x19
 6959 036f 1C       		.uleb128 0x1c
 6960 0370 0A       		.uleb128 0xa
 6961 0371 00       		.byte	0
 6962 0372 00       		.byte	0
 6963 0373 3A       		.uleb128 0x3a
 6964 0374 34       		.uleb128 0x34
 6965 0375 00       		.byte	0
 6966 0376 03       		.uleb128 0x3
 6967 0377 0E       		.uleb128 0xe
 6968 0378 3A       		.uleb128 0x3a
 6969 0379 0B       		.uleb128 0xb
 6970 037a 3B       		.uleb128 0x3b
 6971 037b 0B       		.uleb128 0xb
 6972 037c 39       		.uleb128 0x39
 6973 037d 0B       		.uleb128 0xb
 6974 037e 49       		.uleb128 0x49
 6975 037f 13       		.uleb128 0x13
 6976 0380 6C       		.uleb128 0x6c
 6977 0381 19       		.uleb128 0x19
 6978 0382 1C       		.uleb128 0x1c
 6979 0383 0B       		.uleb128 0xb
 6980 0384 00       		.byte	0
 6981 0385 00       		.byte	0
 6982 0386 3B       		.uleb128 0x3b
 6983 0387 34       		.uleb128 0x34
 6984 0388 00       		.byte	0
 6985 0389 03       		.uleb128 0x3
 6986 038a 0E       		.uleb128 0xe
 6987 038b 3A       		.uleb128 0x3a
 6988 038c 0B       		.uleb128 0xb
 6989 038d 3B       		.uleb128 0x3b
 6990 038e 0B       		.uleb128 0xb
 6991 038f 39       		.uleb128 0x39
 6992 0390 0B       		.uleb128 0xb
 6993 0391 49       		.uleb128 0x49
 6994 0392 13       		.uleb128 0x13
 6995 0393 6C       		.uleb128 0x6c
 6996 0394 19       		.uleb128 0x19
 6997 0395 1C       		.uleb128 0x1c
 6998 0396 06       		.uleb128 0x6
 6999 0397 00       		.byte	0
 7000 0398 00       		.byte	0
 7001 0399 3C       		.uleb128 0x3c
 7002 039a 34       		.uleb128 0x34
 7003 039b 00       		.byte	0
ARM GAS  /tmp/ccBgOzmL.s 			page 124


 7004 039c 03       		.uleb128 0x3
 7005 039d 08       		.uleb128 0x8
 7006 039e 3A       		.uleb128 0x3a
 7007 039f 0B       		.uleb128 0xb
 7008 03a0 3B       		.uleb128 0x3b
 7009 03a1 0B       		.uleb128 0xb
 7010 03a2 39       		.uleb128 0x39
 7011 03a3 0B       		.uleb128 0xb
 7012 03a4 49       		.uleb128 0x49
 7013 03a5 13       		.uleb128 0x13
 7014 03a6 6C       		.uleb128 0x6c
 7015 03a7 19       		.uleb128 0x19
 7016 03a8 1C       		.uleb128 0x1c
 7017 03a9 0A       		.uleb128 0xa
 7018 03aa 00       		.byte	0
 7019 03ab 00       		.byte	0
 7020 03ac 3D       		.uleb128 0x3d
 7021 03ad 34       		.uleb128 0x34
 7022 03ae 00       		.byte	0
 7023 03af 03       		.uleb128 0x3
 7024 03b0 0E       		.uleb128 0xe
 7025 03b1 3A       		.uleb128 0x3a
 7026 03b2 0B       		.uleb128 0xb
 7027 03b3 3B       		.uleb128 0x3b
 7028 03b4 0B       		.uleb128 0xb
 7029 03b5 39       		.uleb128 0x39
 7030 03b6 0B       		.uleb128 0xb
 7031 03b7 49       		.uleb128 0x49
 7032 03b8 13       		.uleb128 0x13
 7033 03b9 6C       		.uleb128 0x6c
 7034 03ba 19       		.uleb128 0x19
 7035 03bb 1C       		.uleb128 0x1c
 7036 03bc 05       		.uleb128 0x5
 7037 03bd 00       		.byte	0
 7038 03be 00       		.byte	0
 7039 03bf 3E       		.uleb128 0x3e
 7040 03c0 34       		.uleb128 0x34
 7041 03c1 00       		.byte	0
 7042 03c2 47       		.uleb128 0x47
 7043 03c3 13       		.uleb128 0x13
 7044 03c4 3A       		.uleb128 0x3a
 7045 03c5 0B       		.uleb128 0xb
 7046 03c6 3B       		.uleb128 0x3b
 7047 03c7 0B       		.uleb128 0xb
 7048 03c8 39       		.uleb128 0x39
 7049 03c9 0B       		.uleb128 0xb
 7050 03ca 02       		.uleb128 0x2
 7051 03cb 18       		.uleb128 0x18
 7052 03cc 00       		.byte	0
 7053 03cd 00       		.byte	0
 7054 03ce 3F       		.uleb128 0x3f
 7055 03cf 2E       		.uleb128 0x2e
 7056 03d0 01       		.byte	0x1
 7057 03d1 3F       		.uleb128 0x3f
 7058 03d2 19       		.uleb128 0x19
 7059 03d3 03       		.uleb128 0x3
 7060 03d4 0E       		.uleb128 0xe
ARM GAS  /tmp/ccBgOzmL.s 			page 125


 7061 03d5 3A       		.uleb128 0x3a
 7062 03d6 0B       		.uleb128 0xb
 7063 03d7 3B       		.uleb128 0x3b
 7064 03d8 0B       		.uleb128 0xb
 7065 03d9 39       		.uleb128 0x39
 7066 03da 0B       		.uleb128 0xb
 7067 03db 6E       		.uleb128 0x6e
 7068 03dc 0E       		.uleb128 0xe
 7069 03dd 11       		.uleb128 0x11
 7070 03de 01       		.uleb128 0x1
 7071 03df 12       		.uleb128 0x12
 7072 03e0 06       		.uleb128 0x6
 7073 03e1 40       		.uleb128 0x40
 7074 03e2 18       		.uleb128 0x18
 7075 03e3 9742     		.uleb128 0x2117
 7076 03e5 19       		.uleb128 0x19
 7077 03e6 01       		.uleb128 0x1
 7078 03e7 13       		.uleb128 0x13
 7079 03e8 00       		.byte	0
 7080 03e9 00       		.byte	0
 7081 03ea 40       		.uleb128 0x40
 7082 03eb 0B       		.uleb128 0xb
 7083 03ec 01       		.byte	0x1
 7084 03ed 55       		.uleb128 0x55
 7085 03ee 17       		.uleb128 0x17
 7086 03ef 00       		.byte	0
 7087 03f0 00       		.byte	0
 7088 03f1 41       		.uleb128 0x41
 7089 03f2 34       		.uleb128 0x34
 7090 03f3 00       		.byte	0
 7091 03f4 03       		.uleb128 0x3
 7092 03f5 08       		.uleb128 0x8
 7093 03f6 3A       		.uleb128 0x3a
 7094 03f7 0B       		.uleb128 0xb
 7095 03f8 3B       		.uleb128 0x3b
 7096 03f9 0B       		.uleb128 0xb
 7097 03fa 39       		.uleb128 0x39
 7098 03fb 0B       		.uleb128 0xb
 7099 03fc 49       		.uleb128 0x49
 7100 03fd 13       		.uleb128 0x13
 7101 03fe 02       		.uleb128 0x2
 7102 03ff 17       		.uleb128 0x17
 7103 0400 B742     		.uleb128 0x2137
 7104 0402 17       		.uleb128 0x17
 7105 0403 00       		.byte	0
 7106 0404 00       		.byte	0
 7107 0405 42       		.uleb128 0x42
 7108 0406 898201   		.uleb128 0x4109
 7109 0409 01       		.byte	0x1
 7110 040a 11       		.uleb128 0x11
 7111 040b 01       		.uleb128 0x1
 7112 040c 31       		.uleb128 0x31
 7113 040d 13       		.uleb128 0x13
 7114 040e 00       		.byte	0
 7115 040f 00       		.byte	0
 7116 0410 43       		.uleb128 0x43
 7117 0411 8A8201   		.uleb128 0x410a
ARM GAS  /tmp/ccBgOzmL.s 			page 126


 7118 0414 00       		.byte	0
 7119 0415 02       		.uleb128 0x2
 7120 0416 18       		.uleb128 0x18
 7121 0417 9142     		.uleb128 0x2111
 7122 0419 18       		.uleb128 0x18
 7123 041a 00       		.byte	0
 7124 041b 00       		.byte	0
 7125 041c 44       		.uleb128 0x44
 7126 041d 2E       		.uleb128 0x2e
 7127 041e 00       		.byte	0
 7128 041f 3F       		.uleb128 0x3f
 7129 0420 19       		.uleb128 0x19
 7130 0421 3C       		.uleb128 0x3c
 7131 0422 19       		.uleb128 0x19
 7132 0423 6E       		.uleb128 0x6e
 7133 0424 0E       		.uleb128 0xe
 7134 0425 03       		.uleb128 0x3
 7135 0426 0E       		.uleb128 0xe
 7136 0427 3A       		.uleb128 0x3a
 7137 0428 0B       		.uleb128 0xb
 7138 0429 3B       		.uleb128 0x3b
 7139 042a 05       		.uleb128 0x5
 7140 042b 39       		.uleb128 0x39
 7141 042c 0B       		.uleb128 0xb
 7142 042d 00       		.byte	0
 7143 042e 00       		.byte	0
 7144 042f 00       		.byte	0
 7145              		.section	.debug_loc,"",%progbits
 7146              	.Ldebug_loc0:
 7147              	.LVUS1:
 7148 0000 02       		.uleb128 .LVU22
 7149 0001 00       		.uleb128 .LVU30
 7150 0002 00       		.uleb128 .LVU30
 7151 0003 00       		.uleb128 .LVU34
 7152 0004 00       		.uleb128 .LVU34
 7153 0005 00       		.uleb128 .LVU35
 7154 0006 00       		.uleb128 .LVU35
 7155 0007 01       		.uleb128 .LVU42
 7156 0008 01       		.uleb128 .LVU42
 7157 0009 00       		.uleb128 .LVU44
 7158              	.LLST1:
 7159 000a 50000000 		.4byte	.LVL6-.Ltext0
 7160 000e 70000000 		.4byte	.LVL7-.Ltext0
 7161 0012 0200     		.2byte	0x2
 7162 0014 30       		.byte	0x30
 7163 0015 9F       		.byte	0x9f
 7164 0016 70000000 		.4byte	.LVL7-.Ltext0
 7165 001a 76000000 		.4byte	.LVL8-.Ltext0
 7166 001e 0100     		.2byte	0x1
 7167 0020 54       		.byte	0x54
 7168 0021 76000000 		.4byte	.LVL8-.Ltext0
 7169 0025 7A000000 		.4byte	.LVL9-.Ltext0
 7170 0029 0200     		.2byte	0x2
 7171 002b 90       		.byte	0x90
 7172 002c 4F       		.uleb128 0x4f
 7173 002d 7A000000 		.4byte	.LVL9-.Ltext0
 7174 0031 96000000 		.4byte	.LVL11-.Ltext0
ARM GAS  /tmp/ccBgOzmL.s 			page 127


 7175 0035 0300     		.2byte	0x3
 7176 0037 74       		.byte	0x74
 7177 0038 7F       		.sleb128 -1
 7178 0039 9F       		.byte	0x9f
 7179 003a 96000000 		.4byte	.LVL11-.Ltext0
 7180 003e 9E000000 		.4byte	.LVL12-.Ltext0
 7181 0042 0100     		.2byte	0x1
 7182 0044 54       		.byte	0x54
 7183 0045 00000000 		.4byte	0
 7184 0049 00000000 		.4byte	0
 7185              	.LVUS2:
 7186 004d 01       		.uleb128 .LVU31
 7187 004e 00       		.uleb128 .LVU34
 7188 004f 00       		.uleb128 .LVU34
 7189 0050 00       		.uleb128 .LVU35
 7190 0051 00       		.uleb128 .LVU35
 7191 0052 00       		.uleb128 .LVU44
 7192              	.LLST2:
 7193 0053 70000000 		.4byte	.LVL7-.Ltext0
 7194 0057 76000000 		.4byte	.LVL8-.Ltext0
 7195 005b 0F00     		.2byte	0xf
 7196 005d 74       		.byte	0x74
 7197 005e 00       		.sleb128 0
 7198 005f F7       		.byte	0xf7
 7199 0060 2C       		.uleb128 0x2c
 7200 0061 F7       		.byte	0xf7
 7201 0062 25       		.uleb128 0x25
 7202 0063 F4       		.byte	0xf4
 7203 0064 25       		.uleb128 0x25
 7204 0065 04       		.byte	0x4
 7205 0066 00C07F44 		.4byte	0x447fc000
 7206 006a 1B       		.byte	0x1b
 7207 006b 9F       		.byte	0x9f
 7208 006c 76000000 		.4byte	.LVL8-.Ltext0
 7209 0070 7A000000 		.4byte	.LVL9-.Ltext0
 7210 0074 1000     		.2byte	0x10
 7211 0076 92       		.byte	0x92
 7212 0077 4F       		.uleb128 0x4f
 7213 0078 00       		.sleb128 0
 7214 0079 F7       		.byte	0xf7
 7215 007a 2C       		.uleb128 0x2c
 7216 007b F7       		.byte	0xf7
 7217 007c 25       		.uleb128 0x25
 7218 007d F4       		.byte	0xf4
 7219 007e 25       		.uleb128 0x25
 7220 007f 04       		.byte	0x4
 7221 0080 00C07F44 		.4byte	0x447fc000
 7222 0084 1B       		.byte	0x1b
 7223 0085 9F       		.byte	0x9f
 7224 0086 7A000000 		.4byte	.LVL9-.Ltext0
 7225 008a 9E000000 		.4byte	.LVL12-.Ltext0
 7226 008e 0F00     		.2byte	0xf
 7227 0090 74       		.byte	0x74
 7228 0091 7F       		.sleb128 -1
 7229 0092 F7       		.byte	0xf7
 7230 0093 2C       		.uleb128 0x2c
 7231 0094 F7       		.byte	0xf7
ARM GAS  /tmp/ccBgOzmL.s 			page 128


 7232 0095 25       		.uleb128 0x25
 7233 0096 F4       		.byte	0xf4
 7234 0097 25       		.uleb128 0x25
 7235 0098 04       		.byte	0x4
 7236 0099 00C07F44 		.4byte	0x447fc000
 7237 009d 1B       		.byte	0x1b
 7238 009e 9F       		.byte	0x9f
 7239 009f 00000000 		.4byte	0
 7240 00a3 00000000 		.4byte	0
 7241              	.LVUS0:
 7242 00a7 02       		.uleb128 .LVU2
 7243 00a8 00       		.uleb128 .LVU8
 7244 00a9 00       		.uleb128 .LVU8
 7245 00aa 00       		.uleb128 .LVU11
 7246 00ab 00       		.uleb128 .LVU11
 7247 00ac 00       		.uleb128 .LVU14
 7248 00ad 00       		.uleb128 .LVU14
 7249 00ae 01       		.uleb128 .LVU17
 7250 00af 01       		.uleb128 .LVU17
 7251 00b0 00       		.uleb128 .LVU19
 7252              	.LLST0:
 7253 00b1 00000000 		.4byte	.LVL0-.Ltext0
 7254 00b5 18000000 		.4byte	.LVL1-.Ltext0
 7255 00b9 0200     		.2byte	0x2
 7256 00bb 30       		.byte	0x30
 7257 00bc 9F       		.byte	0x9f
 7258 00bd 18000000 		.4byte	.LVL1-.Ltext0
 7259 00c1 1E000000 		.4byte	.LVL2-.Ltext0
 7260 00c5 0100     		.2byte	0x1
 7261 00c7 54       		.byte	0x54
 7262 00c8 1E000000 		.4byte	.LVL2-.Ltext0
 7263 00cc 2D000000 		.4byte	.LVL3-1-.Ltext0
 7264 00d0 0200     		.2byte	0x2
 7265 00d2 90       		.byte	0x90
 7266 00d3 4F       		.uleb128 0x4f
 7267 00d4 2D000000 		.4byte	.LVL3-1-.Ltext0
 7268 00d8 36000000 		.4byte	.LVL4-.Ltext0
 7269 00dc 0300     		.2byte	0x3
 7270 00de 74       		.byte	0x74
 7271 00df 7F       		.sleb128 -1
 7272 00e0 9F       		.byte	0x9f
 7273 00e1 36000000 		.4byte	.LVL4-.Ltext0
 7274 00e5 3E000000 		.4byte	.LVL5-.Ltext0
 7275 00e9 0100     		.2byte	0x1
 7276 00eb 54       		.byte	0x54
 7277 00ec 00000000 		.4byte	0
 7278 00f0 00000000 		.4byte	0
 7279              		.section	.debug_aranges,"",%progbits
 7280 0000 1C000000 		.4byte	0x1c
 7281 0004 0200     		.2byte	0x2
 7282 0006 00000000 		.4byte	.Ldebug_info0
 7283 000a 04       		.byte	0x4
 7284 000b 00       		.byte	0
 7285 000c 0000     		.2byte	0
 7286 000e 0000     		.2byte	0
 7287 0010 00000000 		.4byte	.Ltext0
 7288 0014 B0000000 		.4byte	.Letext0-.Ltext0
ARM GAS  /tmp/ccBgOzmL.s 			page 129


 7289 0018 00000000 		.4byte	0
 7290 001c 00000000 		.4byte	0
 7291              		.section	.debug_ranges,"",%progbits
 7292              	.Ldebug_ranges0:
 7293 0000 00000000 		.4byte	.LBB2-.Ltext0
 7294 0004 00000000 		.4byte	.LBE2-.Ltext0
 7295 0008 04000000 		.4byte	.LBB3-.Ltext0
 7296 000c 08000000 		.4byte	.LBE3-.Ltext0
 7297 0010 0E000000 		.4byte	.LBB4-.Ltext0
 7298 0014 38000000 		.4byte	.LBE4-.Ltext0
 7299 0018 00000000 		.4byte	0
 7300 001c 00000000 		.4byte	0
 7301 0020 50000000 		.4byte	.LBB5-.Ltext0
 7302 0024 50000000 		.4byte	.LBE5-.Ltext0
 7303 0028 54000000 		.4byte	.LBB9-.Ltext0
 7304 002c 58000000 		.4byte	.LBE9-.Ltext0
 7305 0030 5E000000 		.4byte	.LBB10-.Ltext0
 7306 0034 98000000 		.4byte	.LBE10-.Ltext0
 7307 0038 00000000 		.4byte	0
 7308 003c 00000000 		.4byte	0
 7309 0040 5E000000 		.4byte	.LBB6-.Ltext0
 7310 0044 74000000 		.4byte	.LBE6-.Ltext0
 7311 0048 76000000 		.4byte	.LBB7-.Ltext0
 7312 004c 8A000000 		.4byte	.LBE7-.Ltext0
 7313 0050 8E000000 		.4byte	.LBB8-.Ltext0
 7314 0054 96000000 		.4byte	.LBE8-.Ltext0
 7315 0058 00000000 		.4byte	0
 7316 005c 00000000 		.4byte	0
 7317              		.section	.debug_line,"",%progbits
 7318              	.Ldebug_line0:
 7319 0000 06030000 		.section	.debug_str,"MS",%progbits,1
 7319      03000502 
 7319      00000201 
 7319      FB0E0D00 
 7319      01010101 
 7320              	.LASF140:
 7321 0000 6664696D 		.ascii	"fdim\000"
 7321      00
 7322              	.LASF64:
 7323 0005 5F5A5374 		.ascii	"_ZSt4fmodee\000"
 7323      34666D6F 
 7323      64656500 
 7324              	.LASF3:
 7325 0011 5F5A5374 		.ascii	"_ZSt3absd\000"
 7325      33616273 
 7325      6400
 7326              	.LASF1:
 7327 001b 5F5A5374 		.ascii	"_ZSt3abse\000"
 7327      33616273 
 7327      6500
 7328              	.LASF2:
 7329 0025 5F5A5374 		.ascii	"_ZSt3absf\000"
 7329      33616273 
 7329      6600
 7330              	.LASF188:
 7331 002f 5F5A5374 		.ascii	"_ZSt10nexttowardee\000"
 7331      31306E65 
ARM GAS  /tmp/ccBgOzmL.s 			page 130


 7331      7874746F 
 7331      77617264 
 7331      656500
 7332              	.LASF215:
 7333 0042 696E7438 		.ascii	"int8_t\000"
 7333      5F7400
 7334              	.LASF5:
 7335 0049 5F5A5374 		.ascii	"_ZSt3absl\000"
 7335      33616273 
 7335      6C00
 7336              	.LASF207:
 7337 0053 5F5A5374 		.ascii	"_ZSt6scalbnfi\000"
 7337      36736361 
 7337      6C626E66 
 7337      6900
 7338              	.LASF88:
 7339 0061 5F5A5374 		.ascii	"_ZSt7signbitd\000"
 7339      37736967 
 7339      6E626974 
 7339      6400
 7340              	.LASF87:
 7341 006f 5F5A5374 		.ascii	"_ZSt7signbite\000"
 7341      37736967 
 7341      6E626974 
 7341      6500
 7342              	.LASF89:
 7343 007d 5F5A5374 		.ascii	"_ZSt7signbitf\000"
 7343      37736967 
 7343      6E626974 
 7343      6600
 7344              	.LASF4:
 7345 008b 5F5A5374 		.ascii	"_ZSt3absx\000"
 7345      33616273 
 7345      7800
 7346              	.LASF449:
 7347 0095 5F5F6C6F 		.ascii	"__locale_t\000"
 7347      63616C65 
 7347      5F7400
 7348              	.LASF262:
 7349 00a0 5F5F7661 		.ascii	"__value\000"
 7349      6C756500 
 7350              	.LASF353:
 7351 00a8 5F5F7366 		.ascii	"__sf\000"
 7351      00
 7352              	.LASF150:
 7353 00ad 5F5A5374 		.ascii	"_ZSt4fminff\000"
 7353      34666D69 
 7353      6E666600 
 7354              	.LASF44:
 7355 00b9 5F5A5374 		.ascii	"_ZSt5log10e\000"
 7355      356C6F67 
 7355      31306500 
 7356              	.LASF45:
 7357 00c5 5F5A5374 		.ascii	"_ZSt5log10f\000"
 7357      356C6F67 
 7357      31306600 
 7358              	.LASF298:
ARM GAS  /tmp/ccBgOzmL.s 			page 131


 7359 00d1 5F726561 		.ascii	"_read\000"
 7359      6400
 7360              	.LASF299:
 7361 00d7 5F777269 		.ascii	"_write\000"
 7361      746500
 7362              	.LASF65:
 7363 00de 5F5A5374 		.ascii	"_ZSt4fmodff\000"
 7363      34666D6F 
 7363      64666600 
 7364              	.LASF218:
 7365 00ea 696E7433 		.ascii	"int32_t\000"
 7365      325F7400 
 7366              	.LASF313:
 7367 00f2 5F617363 		.ascii	"_asctime_buf\000"
 7367      74696D65 
 7367      5F627566 
 7367      00
 7368              	.LASF347:
 7369 00ff 5F637674 		.ascii	"_cvtlen\000"
 7369      6C656E00 
 7370              	.LASF238:
 7371 0107 696E745F 		.ascii	"int_fast8_t\000"
 7371      66617374 
 7371      385F7400 
 7372              	.LASF51:
 7373 0113 73717274 		.ascii	"sqrt\000"
 7373      00
 7374              	.LASF185:
 7375 0118 5F5A5374 		.ascii	"_ZSt9nextafteree\000"
 7375      396E6578 
 7375      74616674 
 7375      65726565 
 7375      00
 7376              	.LASF148:
 7377 0129 666D696E 		.ascii	"fmin\000"
 7377      00
 7378              	.LASF158:
 7379 012e 5F5A5374 		.ascii	"_ZSt6lgammae\000"
 7379      366C6761 
 7379      6D6D6165 
 7379      00
 7380              	.LASF159:
 7381 013b 5F5A5374 		.ascii	"_ZSt6lgammaf\000"
 7381      366C6761 
 7381      6D6D6166 
 7381      00
 7382              	.LASF272:
 7383 0148 5F5F746D 		.ascii	"__tm\000"
 7383      00
 7384              	.LASF328:
 7385 014d 5F776373 		.ascii	"_wcsrtombs_state\000"
 7385      72746F6D 
 7385      62735F73 
 7385      74617465 
 7385      00
 7386              	.LASF303:
 7387 015e 5F6E6275 		.ascii	"_nbuf\000"
ARM GAS  /tmp/ccBgOzmL.s 			page 132


 7387      6600
 7388              	.LASF273:
 7389 0164 5F5F746D 		.ascii	"__tm_sec\000"
 7389      5F736563 
 7389      00
 7390              	.LASF321:
 7391 016d 5F6C3634 		.ascii	"_l64a_buf\000"
 7391      615F6275 
 7391      6600
 7392              	.LASF189:
 7393 0177 5F5A5374 		.ascii	"_ZSt10nexttowardfe\000"
 7393      31306E65 
 7393      7874746F 
 7393      77617264 
 7393      666500
 7394              	.LASF292:
 7395 018a 5F73697A 		.ascii	"_size\000"
 7395      6500
 7396              	.LASF368:
 7397 0190 756E6974 		.ascii	"unit_param\000"
 7397      5F706172 
 7397      616D00
 7398              	.LASF413:
 7399 019b 67656E65 		.ascii	"genericfx_param_mapping\000"
 7399      72696366 
 7399      785F7061 
 7399      72616D5F 
 7399      6D617070 
 7400              	.LASF307:
 7401 01b3 5F6C6F63 		.ascii	"_lock\000"
 7401      6B00
 7402              	.LASF235:
 7403 01b9 75696E74 		.ascii	"uint_least16_t\000"
 7403      5F6C6561 
 7403      73743136 
 7403      5F7400
 7404              	.LASF143:
 7405 01c8 5F5A5374 		.ascii	"_ZSt3fmaeee\000"
 7405      33666D61 
 7405      65656500 
 7406              	.LASF186:
 7407 01d4 5F5A5374 		.ascii	"_ZSt9nextafterff\000"
 7407      396E6578 
 7407      74616674 
 7407      65726666 
 7407      00
 7408              	.LASF31:
 7409 01e5 5F5A5374 		.ascii	"_ZSt4tanhe\000"
 7409      3474616E 
 7409      686500
 7410              	.LASF32:
 7411 01f0 5F5A5374 		.ascii	"_ZSt4tanhf\000"
 7411      3474616E 
 7411      686600
 7412              	.LASF371:
 7413 01fb 74797065 		.ascii	"type\000"
 7413      00
ARM GAS  /tmp/ccBgOzmL.s 			page 133


 7414              	.LASF361:
 7415 0200 5F6D756C 		.ascii	"_mult\000"
 7415      7400
 7416              	.LASF176:
 7417 0206 5F5A5374 		.ascii	"_ZSt5lrinte\000"
 7417      356C7269 
 7417      6E746500 
 7418              	.LASF177:
 7419 0212 5F5A5374 		.ascii	"_ZSt5lrintf\000"
 7419      356C7269 
 7419      6E746600 
 7420              	.LASF154:
 7421 021e 696C6F67 		.ascii	"ilogb\000"
 7421      6200
 7422              	.LASF255:
 7423 0224 646F7562 		.ascii	"double\000"
 7423      6C6500
 7424              	.LASF112:
 7425 022b 5F5A5374 		.ascii	"_ZSt11isunordereddd\000"
 7425      31316973 
 7425      756E6F72 
 7425      64657265 
 7425      64646400 
 7426              	.LASF245:
 7427 023f 75696E74 		.ascii	"uint_fast32_t\000"
 7427      5F666173 
 7427      7433325F 
 7427      7400
 7428              	.LASF259:
 7429 024d 5F5F7763 		.ascii	"__wch\000"
 7429      6800
 7430              	.LASF167:
 7431 0253 5F5A5374 		.ascii	"_ZSt5log1pe\000"
 7431      356C6F67 
 7431      31706500 
 7432              	.LASF168:
 7433 025f 5F5A5374 		.ascii	"_ZSt5log1pf\000"
 7433      356C6F67 
 7433      31706600 
 7434              	.LASF187:
 7435 026b 6E657874 		.ascii	"nexttoward\000"
 7435      746F7761 
 7435      726400
 7436              	.LASF269:
 7437 0276 5F736967 		.ascii	"_sign\000"
 7437      6E00
 7438              	.LASF295:
 7439 027c 5F66696C 		.ascii	"_file\000"
 7439      6500
 7440              	.LASF282:
 7441 0282 5F6F6E5F 		.ascii	"_on_exit_args\000"
 7441      65786974 
 7441      5F617267 
 7441      7300
 7442              	.LASF390:
 7443 0290 6D696469 		.ascii	"midi_to_hz_lut_f\000"
 7443      5F746F5F 
ARM GAS  /tmp/ccBgOzmL.s 			page 134


 7443      687A5F6C 
 7443      75745F66 
 7443      00
 7444              	.LASF324:
 7445 02a1 5F6D6272 		.ascii	"_mbrlen_state\000"
 7445      6C656E5F 
 7445      73746174 
 7445      6500
 7446              	.LASF410:
 7447 02af 6B5F6678 		.ascii	"k_fx_api_platform\000"
 7447      5F617069 
 7447      5F706C61 
 7447      74666F72 
 7447      6D00
 7448              	.LASF111:
 7449 02c1 5F5A5374 		.ascii	"_ZSt11isunorderedee\000"
 7449      31316973 
 7449      756E6F72 
 7449      64657265 
 7449      64656500 
 7450              	.LASF219:
 7451 02d5 6C6F6E67 		.ascii	"long int\000"
 7451      20696E74 
 7451      00
 7452              	.LASF363:
 7453 02de 5F696D70 		.ascii	"_impure_ptr\000"
 7453      7572655F 
 7453      70747200 
 7454              	.LASF344:
 7455 02ea 5F726573 		.ascii	"_result_k\000"
 7455      756C745F 
 7455      6B00
 7456              	.LASF448:
 7457 02f4 31305F6D 		.ascii	"10_mbstate_t\000"
 7457      62737461 
 7457      74655F74 
 7457      00
 7458              	.LASF314:
 7459 0301 5F6C6F63 		.ascii	"_localtime_buf\000"
 7459      616C7469 
 7459      6D655F62 
 7459      756600
 7460              	.LASF266:
 7461 0310 5F666C6F 		.ascii	"_flock_t\000"
 7461      636B5F74 
 7461      00
 7462              	.LASF182:
 7463 0319 5F5A5374 		.ascii	"_ZSt9nearbyinte\000"
 7463      396E6561 
 7463      72627969 
 7463      6E746500 
 7464              	.LASF183:
 7465 0329 5F5A5374 		.ascii	"_ZSt9nearbyintf\000"
 7465      396E6561 
 7465      72627969 
 7465      6E746600 
 7466              	.LASF393:
ARM GAS  /tmp/ccBgOzmL.s 			page 135


 7467 0339 77745F73 		.ascii	"wt_saw_lut_f\000"
 7467      61775F6C 
 7467      75745F66 
 7467      00
 7468              	.LASF86:
 7469 0346 7369676E 		.ascii	"signbit\000"
 7469      62697400 
 7470              	.LASF141:
 7471 034e 5F5A5374 		.ascii	"_ZSt4fdimee\000"
 7471      34666469 
 7471      6D656500 
 7472              	.LASF442:
 7473 035a 2F776F72 		.ascii	"/workspace/nts-3_kaoss/collage-genericfx\000"
 7473      6B737061 
 7473      63652F6E 
 7473      74732D33 
 7473      5F6B616F 
 7474              	.LASF113:
 7475 0383 5F5A5374 		.ascii	"_ZSt11isunorderedff\000"
 7475      31316973 
 7475      756E6F72 
 7475      64657265 
 7475      64666600 
 7476              	.LASF30:
 7477 0397 74616E68 		.ascii	"tanh\000"
 7477      00
 7478              	.LASF237:
 7479 039c 75696E74 		.ascii	"uint_least64_t\000"
 7479      5F6C6561 
 7479      73743634 
 7479      5F7400
 7480              	.LASF58:
 7481 03ab 5F5A5374 		.ascii	"_ZSt4fabse\000"
 7481      34666162 
 7481      736500
 7482              	.LASF59:
 7483 03b6 5F5A5374 		.ascii	"_ZSt4fabsf\000"
 7483      34666162 
 7483      736600
 7484              	.LASF311:
 7485 03c1 5F756E75 		.ascii	"_unused_rand\000"
 7485      7365645F 
 7485      72616E64 
 7485      00
 7486              	.LASF214:
 7487 03ce 7369676E 		.ascii	"signed char\000"
 7487      65642063 
 7487      68617200 
 7488              	.LASF222:
 7489 03da 75696E74 		.ascii	"uint8_t\000"
 7489      385F7400 
 7490              	.LASF181:
 7491 03e2 6E656172 		.ascii	"nearbyint\000"
 7491      6279696E 
 7491      7400
 7492              	.LASF13:
 7493 03ec 5F5A5374 		.ascii	"_ZSt4atane\000"
ARM GAS  /tmp/ccBgOzmL.s 			page 136


 7493      34617461 
 7493      6E6500
 7494              	.LASF14:
 7495 03f7 5F5A5374 		.ascii	"_ZSt4atanf\000"
 7495      34617461 
 7495      6E6600
 7496              	.LASF68:
 7497 0402 5F5A5374 		.ascii	"_ZSt10fpclassifyd\000"
 7497      31306670 
 7497      636C6173 
 7497      73696679 
 7497      6400
 7498              	.LASF67:
 7499 0414 5F5A5374 		.ascii	"_ZSt10fpclassifye\000"
 7499      31306670 
 7499      636C6173 
 7499      73696679 
 7499      6500
 7500              	.LASF69:
 7501 0426 5F5A5374 		.ascii	"_ZSt10fpclassifyf\000"
 7501      31306670 
 7501      636C6173 
 7501      73696679 
 7501      6600
 7502              	.LASF427:
 7503 0438 6B4C7574 		.ascii	"kLutSize\000"
 7503      53697A65 
 7503      00
 7504              	.LASF74:
 7505 0441 6973696E 		.ascii	"isinf\000"
 7505      6600
 7506              	.LASF395:
 7507 0447 77745F73 		.ascii	"wt_sqr_lut_f\000"
 7507      71725F6C 
 7507      75745F66 
 7507      00
 7508              	.LASF170:
 7509 0454 5F5A5374 		.ascii	"_ZSt4log2e\000"
 7509      346C6F67 
 7509      326500
 7510              	.LASF171:
 7511 045f 5F5A5374 		.ascii	"_ZSt4log2f\000"
 7511      346C6F67 
 7511      326600
 7512              	.LASF66:
 7513 046a 6670636C 		.ascii	"fpclassify\000"
 7513      61737369 
 7513      667900
 7514              	.LASF412:
 7515 0475 706F7732 		.ascii	"pow2_lut_f\000"
 7515      5F6C7574 
 7515      5F6600
 7516              	.LASF132:
 7517 0480 5F5A5374 		.ascii	"_ZSt4erfce\000"
 7517      34657266 
 7517      636500
 7518              	.LASF133:
ARM GAS  /tmp/ccBgOzmL.s 			page 137


 7519 048b 5F5A5374 		.ascii	"_ZSt4erfcf\000"
 7519      34657266 
 7519      636600
 7520              	.LASF223:
 7521 0496 756E7369 		.ascii	"unsigned char\000"
 7521      676E6564 
 7521      20636861 
 7521      7200
 7522              	.LASF415:
 7523 04a4 63757276 		.ascii	"curve\000"
 7523      6500
 7524              	.LASF47:
 7525 04aa 5F5A5374 		.ascii	"_ZSt4modfePe\000"
 7525      346D6F64 
 7525      66655065 
 7525      00
 7526              	.LASF394:
 7527 04b7 77745F73 		.ascii	"wt_sqr_notes\000"
 7527      71725F6E 
 7527      6F746573 
 7527      00
 7528              	.LASF22:
 7529 04c4 5F5A5374 		.ascii	"_ZSt3tane\000"
 7529      3374616E 
 7529      6500
 7530              	.LASF23:
 7531 04ce 5F5A5374 		.ascii	"_ZSt3tanf\000"
 7531      3374616E 
 7531      6600
 7532              	.LASF102:
 7533 04d8 69736C65 		.ascii	"islessequal\000"
 7533      73736571 
 7533      75616C00 
 7534              	.LASF418:
 7535 04e4 67656E65 		.ascii	"genericfx_param_mapping_t\000"
 7535      72696366 
 7535      785F7061 
 7535      72616D5F 
 7535      6D617070 
 7536              	.LASF84:
 7537 04fe 5F5A5374 		.ascii	"_ZSt8isnormald\000"
 7537      3869736E 
 7537      6F726D61 
 7537      6C6400
 7538              	.LASF83:
 7539 050d 5F5A5374 		.ascii	"_ZSt8isnormale\000"
 7539      3869736E 
 7539      6F726D61 
 7539      6C6500
 7540              	.LASF85:
 7541 051c 5F5A5374 		.ascii	"_ZSt8isnormalf\000"
 7541      3869736E 
 7541      6F726D61 
 7541      6C6600
 7542              	.LASF310:
 7543 052b 5F726565 		.ascii	"_reent\000"
 7543      6E7400
ARM GAS  /tmp/ccBgOzmL.s 			page 138


 7544              	.LASF63:
 7545 0532 666D6F64 		.ascii	"fmod\000"
 7545      00
 7546              	.LASF364:
 7547 0537 5F676C6F 		.ascii	"_global_impure_ptr\000"
 7547      62616C5F 
 7547      696D7075 
 7547      72655F70 
 7547      747200
 7548              	.LASF388:
 7549 054a 6B5F6F73 		.ascii	"k_osc_api_platform\000"
 7549      635F6170 
 7549      695F706C 
 7549      6174666F 
 7549      726D00
 7550              	.LASF175:
 7551 055d 6C72696E 		.ascii	"lrint\000"
 7551      7400
 7552              	.LASF332:
 7553 0563 5F756E75 		.ascii	"_unused\000"
 7553      73656400 
 7554              	.LASF430:
 7555 056b 675F6861 		.ascii	"g_hannLut\000"
 7555      6E6E4C75 
 7555      7400
 7556              	.LASF417:
 7557 0575 76616C75 		.ascii	"value\000"
 7557      6500
 7558              	.LASF438:
 7559 057b 636F7366 		.ascii	"cosf\000"
 7559      00
 7560              	.LASF24:
 7561 0580 636F7368 		.ascii	"cosh\000"
 7561      00
 7562              	.LASF354:
 7563 0585 63686172 		.ascii	"char\000"
 7563      00
 7564              	.LASF289:
 7565 058a 5F666E73 		.ascii	"_fns\000"
 7565      00
 7566              	.LASF301:
 7567 058f 5F636C6F 		.ascii	"_close\000"
 7567      736500
 7568              	.LASF375:
 7569 0596 6E616D65 		.ascii	"name\000"
 7569      00
 7570              	.LASF236:
 7571 059b 75696E74 		.ascii	"uint_least32_t\000"
 7571      5F6C6561 
 7571      73743332 
 7571      5F7400
 7572              	.LASF409:
 7573 05aa 62697472 		.ascii	"bitres_lut_f\000"
 7573      65735F6C 
 7573      75745F66 
 7573      00
 7574              	.LASF28:
ARM GAS  /tmp/ccBgOzmL.s 			page 139


 7575 05b7 5F5A5374 		.ascii	"_ZSt4sinhe\000"
 7575      3473696E 
 7575      686500
 7576              	.LASF29:
 7577 05c2 5F5A5374 		.ascii	"_ZSt4sinhf\000"
 7577      3473696E 
 7577      686600
 7578              	.LASF90:
 7579 05cd 69736772 		.ascii	"isgreater\000"
 7579      65617465 
 7579      7200
 7580              	.LASF179:
 7581 05d7 5F5A5374 		.ascii	"_ZSt6lrounde\000"
 7581      366C726F 
 7581      756E6465 
 7581      00
 7582              	.LASF180:
 7583 05e4 5F5A5374 		.ascii	"_ZSt6lroundf\000"
 7583      366C726F 
 7583      756E6466 
 7583      00
 7584              	.LASF43:
 7585 05f1 6C6F6731 		.ascii	"log10\000"
 7585      3000
 7586              	.LASF439:
 7587 05f7 73696E66 		.ascii	"sinf\000"
 7587      00
 7588              	.LASF27:
 7589 05fc 73696E68 		.ascii	"sinh\000"
 7589      00
 7590              	.LASF334:
 7591 0601 5F737464 		.ascii	"_stdin\000"
 7591      696E00
 7592              	.LASF411:
 7593 0608 6B5F6678 		.ascii	"k_fx_api_version\000"
 7593      5F617069 
 7593      5F766572 
 7593      73696F6E 
 7593      00
 7594              	.LASF447:
 7595 0619 6465636C 		.ascii	"decltype(nullptr)\000"
 7595      74797065 
 7595      286E756C 
 7595      6C707472 
 7595      2900
 7596              	.LASF127:
 7597 062b 5F5A5374 		.ascii	"_ZSt8copysignee\000"
 7597      38636F70 
 7597      79736967 
 7597      6E656500 
 7598              	.LASF76:
 7599 063b 5F5A5374 		.ascii	"_ZSt5isinfd\000"
 7599      35697369 
 7599      6E666400 
 7600              	.LASF75:
 7601 0647 5F5A5374 		.ascii	"_ZSt5isinfe\000"
 7601      35697369 
ARM GAS  /tmp/ccBgOzmL.s 			page 140


 7601      6E666500 
 7602              	.LASF77:
 7603 0653 5F5A5374 		.ascii	"_ZSt5isinff\000"
 7603      35697369 
 7603      6E666600 
 7604              	.LASF106:
 7605 065f 69736C65 		.ascii	"islessgreater\000"
 7605      73736772 
 7605      65617465 
 7605      7200
 7606              	.LASF231:
 7607 066d 696E745F 		.ascii	"int_least16_t\000"
 7607      6C656173 
 7607      7431365F 
 7607      7400
 7608              	.LASF10:
 7609 067b 5F5A5374 		.ascii	"_ZSt4asine\000"
 7609      34617369 
 7609      6E6500
 7610              	.LASF11:
 7611 0686 5F5A5374 		.ascii	"_ZSt4asinf\000"
 7611      34617369 
 7611      6E6600
 7612              	.LASF144:
 7613 0691 5F5A5374 		.ascii	"_ZSt3fmafff\000"
 7613      33666D61 
 7613      66666600 
 7614              	.LASF369:
 7615 069d 63656E74 		.ascii	"center\000"
 7615      657200
 7616              	.LASF15:
 7617 06a4 6174616E 		.ascii	"atan2\000"
 7617      3200
 7618              	.LASF166:
 7619 06aa 6C6F6731 		.ascii	"log1p\000"
 7619      7000
 7620              	.LASF440:
 7621 06b0 474E5520 		.ascii	"GNU C++11 9.2.1 20191025 (release) [ARM/arm-9-branc"
 7621      432B2B31 
 7621      3120392E 
 7621      322E3120 
 7621      32303139 
 7622 06e3 68207265 		.ascii	"h revision 277599] -mcpu=cortex-m7 -mthumb -mno-thu"
 7622      76697369 
 7622      6F6E2032 
 7622      37373539 
 7622      395D202D 
 7623 0716 6D622D69 		.ascii	"mb-interwork -mlittle-endian -mfloat-abi=hard -mfpu"
 7623      6E746572 
 7623      776F726B 
 7623      202D6D6C 
 7623      6974746C 
 7624 0749 3D667076 		.ascii	"=fpv4-sp-d16 -march=armv7e-m+fp -g -Os -std=c++11 -"
 7624      342D7370 
 7624      2D643136 
 7624      202D6D61 
 7624      7263683D 
ARM GAS  /tmp/ccBgOzmL.s 			page 141


 7625 077c 6673696E 		.ascii	"fsingle-precision-constant -fcheck-new -fPIC -fno-u"
 7625      676C652D 
 7625      70726563 
 7625      6973696F 
 7625      6E2D636F 
 7626 07af 73652D63 		.ascii	"se-cxa-atexit -fno-rtti -fno-exceptions -fno-non-ca"
 7626      78612D61 
 7626      74657869 
 7626      74202D66 
 7626      6E6F2D72 
 7627 07e2 6C6C2D65 		.ascii	"ll-exceptions\000"
 7627      78636570 
 7627      74696F6E 
 7627      7300
 7628              	.LASF340:
 7629 07f0 5F6C6F63 		.ascii	"_locale\000"
 7629      616C6500 
 7630              	.LASF416:
 7631 07f8 63757276 		.ascii	"curve_polarity\000"
 7631      655F706F 
 7631      6C617269 
 7631      747900
 7632              	.LASF336:
 7633 0807 5F737464 		.ascii	"_stderr\000"
 7633      65727200 
 7634              	.LASF108:
 7635 080f 5F5A5374 		.ascii	"_ZSt13islessgreaterdd\000"
 7635      31336973 
 7635      6C657373 
 7635      67726561 
 7635      74657264 
 7636              	.LASF431:
 7637 0825 696E6974 		.ascii	"initHannLut\000"
 7637      48616E6E 
 7637      4C757400 
 7638              	.LASF128:
 7639 0831 5F5A5374 		.ascii	"_ZSt8copysignff\000"
 7639      38636F70 
 7639      79736967 
 7639      6E666600 
 7640              	.LASF138:
 7641 0841 5F5A5374 		.ascii	"_ZSt5expm1e\000"
 7641      35657870 
 7641      6D316500 
 7642              	.LASF139:
 7643 084d 5F5A5374 		.ascii	"_ZSt5expm1f\000"
 7643      35657870 
 7643      6D316600 
 7644              	.LASF20:
 7645 0859 5F5A5374 		.ascii	"_ZSt3sine\000"
 7645      3373696E 
 7645      6500
 7646              	.LASF21:
 7647 0863 5F5A5374 		.ascii	"_ZSt3sinf\000"
 7647      3373696E 
 7647      6600
 7648              	.LASF120:
ARM GAS  /tmp/ccBgOzmL.s 			page 142


 7649 086d 6174616E 		.ascii	"atanh\000"
 7649      6800
 7650              	.LASF385:
 7651 0873 6E756D5F 		.ascii	"num_params\000"
 7651      70617261 
 7651      6D7300
 7652              	.LASF203:
 7653 087e 5F5A5374 		.ascii	"_ZSt7scalblnel\000"
 7653      37736361 
 7653      6C626C6E 
 7653      656C00
 7654              	.LASF383:
 7655 088d 72657365 		.ascii	"reserved0\000"
 7655      72766564 
 7655      3000
 7656              	.LASF384:
 7657 0897 72657365 		.ascii	"reserved1\000"
 7657      72766564 
 7657      3100
 7658              	.LASF33:
 7659 08a1 5F5A5374 		.ascii	"_ZSt3expe\000"
 7659      33657870 
 7659      6500
 7660              	.LASF34:
 7661 08ab 5F5A5374 		.ascii	"_ZSt3expf\000"
 7661      33657870 
 7661      6600
 7662              	.LASF297:
 7663 08b5 5F636F6F 		.ascii	"_cookie\000"
 7663      6B696500 
 7664              	.LASF345:
 7665 08bd 5F703573 		.ascii	"_p5s\000"
 7665      00
 7666              	.LASF152:
 7667 08c2 5F5A5374 		.ascii	"_ZSt5hypotee\000"
 7667      35687970 
 7667      6F746565 
 7667      00
 7668              	.LASF107:
 7669 08cf 5F5A5374 		.ascii	"_ZSt13islessgreateree\000"
 7669      31336973 
 7669      6C657373 
 7669      67726561 
 7669      74657265 
 7670              	.LASF270:
 7671 08e5 5F776473 		.ascii	"_wds\000"
 7671      00
 7672              	.LASF208:
 7673 08ea 7467616D 		.ascii	"tgamma\000"
 7673      6D6100
 7674              	.LASF391:
 7675 08f1 77745F73 		.ascii	"wt_sine_lut_f\000"
 7675      696E655F 
 7675      6C75745F 
 7675      6600
 7676              	.LASF164:
 7677 08ff 5F5A5374 		.ascii	"_ZSt7llrounde\000"
ARM GAS  /tmp/ccBgOzmL.s 			page 143


 7677      376C6C72 
 7677      6F756E64 
 7677      6500
 7678              	.LASF165:
 7679 090d 5F5A5374 		.ascii	"_ZSt7llroundf\000"
 7679      376C6C72 
 7679      6F756E64 
 7679      6600
 7680              	.LASF351:
 7681 091b 5F736967 		.ascii	"_sig_func\000"
 7681      5F66756E 
 7681      6300
 7682              	.LASF420:
 7683 0925 636F6D6D 		.ascii	"common\000"
 7683      6F6E00
 7684              	.LASF305:
 7685 092c 5F6F6666 		.ascii	"_offset\000"
 7685      73657400 
 7686              	.LASF204:
 7687 0934 5F5A5374 		.ascii	"_ZSt7scalblnfl\000"
 7687      37736361 
 7687      6C626C6E 
 7687      666C00
 7688              	.LASF348:
 7689 0943 5F637674 		.ascii	"_cvtbuf\000"
 7689      62756600 
 7690              	.LASF276:
 7691 094b 5F5F746D 		.ascii	"__tm_mday\000"
 7691      5F6D6461 
 7691      7900
 7692              	.LASF92:
 7693 0955 5F5A5374 		.ascii	"_ZSt9isgreaterdd\000"
 7693      39697367 
 7693      72656174 
 7693      65726464 
 7693      00
 7694              	.LASF60:
 7695 0966 666C6F6F 		.ascii	"floor\000"
 7695      7200
 7696              	.LASF169:
 7697 096c 6C6F6732 		.ascii	"log2\000"
 7697      00
 7698              	.LASF366:
 7699 0971 646F7562 		.ascii	"double_t\000"
 7699      6C655F74 
 7699      00
 7700              	.LASF174:
 7701 097a 5F5A5374 		.ascii	"_ZSt4logbf\000"
 7701      346C6F67 
 7701      626600
 7702              	.LASF109:
 7703 0985 5F5A5374 		.ascii	"_ZSt13islessgreaterff\000"
 7703      31336973 
 7703      6C657373 
 7703      67726561 
 7703      74657266 
 7704              	.LASF36:
ARM GAS  /tmp/ccBgOzmL.s 			page 144


 7705 099b 5F5A5374 		.ascii	"_ZSt5frexpePi\000"
 7705      35667265 
 7705      78706550 
 7705      6900
 7706              	.LASF57:
 7707 09a9 66616273 		.ascii	"fabs\000"
 7707      00
 7708              	.LASF389:
 7709 09ae 6B5F6F73 		.ascii	"k_osc_api_version\000"
 7709      635F6170 
 7709      695F7665 
 7709      7273696F 
 7709      6E00
 7710              	.LASF172:
 7711 09c0 6C6F6762 		.ascii	"logb\000"
 7711      00
 7712              	.LASF91:
 7713 09c5 5F5A5374 		.ascii	"_ZSt9isgreateree\000"
 7713      39697367 
 7713      72656174 
 7713      65726565 
 7713      00
 7714              	.LASF293:
 7715 09d6 5F5F7346 		.ascii	"__sFILE\000"
 7715      494C4500 
 7716              	.LASF341:
 7717 09de 5F5F7364 		.ascii	"__sdidinit\000"
 7717      6964696E 
 7717      697400
 7718              	.LASF309:
 7719 09e9 5F666C61 		.ascii	"_flags2\000"
 7719      67733200 
 7720              	.LASF379:
 7721 09f1 74617267 		.ascii	"target\000"
 7721      657400
 7722              	.LASF124:
 7723 09f8 5F5A5374 		.ascii	"_ZSt4cbrte\000"
 7723      34636272 
 7723      746500
 7724              	.LASF125:
 7725 0a03 5F5A5374 		.ascii	"_ZSt4cbrtf\000"
 7725      34636272 
 7725      746600
 7726              	.LASF153:
 7727 0a0e 5F5A5374 		.ascii	"_ZSt5hypotff\000"
 7727      35687970 
 7727      6F746666 
 7727      00
 7728              	.LASF48:
 7729 0a1b 5F5A5374 		.ascii	"_ZSt4modffPf\000"
 7729      346D6F64 
 7729      66665066 
 7729      00
 7730              	.LASF233:
 7731 0a28 696E745F 		.ascii	"int_least64_t\000"
 7731      6C656173 
 7731      7436345F 
ARM GAS  /tmp/ccBgOzmL.s 			page 145


 7731      7400
 7732              	.LASF265:
 7733 0a36 5F4C4F43 		.ascii	"_LOCK_RECURSIVE_T\000"
 7733      4B5F5245 
 7733      43555253 
 7733      4956455F 
 7733      5400
 7734              	.LASF200:
 7735 0a48 5F5A5374 		.ascii	"_ZSt5rounde\000"
 7735      35726F75 
 7735      6E646500 
 7736              	.LASF201:
 7737 0a54 5F5A5374 		.ascii	"_ZSt5roundf\000"
 7737      35726F75 
 7737      6E646600 
 7738              	.LASF437:
 7739 0a60 63686172 		.ascii	"char32_t\000"
 7739      33325F74 
 7739      00
 7740              	.LASF333:
 7741 0a69 5F657272 		.ascii	"_errno\000"
 7741      6E6F00
 7742              	.LASF421:
 7743 0a70 64656661 		.ascii	"default_mappings\000"
 7743      756C745F 
 7743      6D617070 
 7743      696E6773 
 7743      00
 7744              	.LASF131:
 7745 0a81 65726663 		.ascii	"erfc\000"
 7745      00
 7746              	.LASF322:
 7747 0a86 5F736967 		.ascii	"_signal_buf\000"
 7747      6E616C5F 
 7747      62756600 
 7748              	.LASF248:
 7749 0a92 75696E74 		.ascii	"uintptr_t\000"
 7749      7074725F 
 7749      7400
 7750              	.LASF93:
 7751 0a9c 5F5A5374 		.ascii	"_ZSt9isgreaterff\000"
 7751      39697367 
 7751      72656174 
 7751      65726666 
 7751      00
 7752              	.LASF117:
 7753 0aad 6173696E 		.ascii	"asinh\000"
 7753      6800
 7754              	.LASF209:
 7755 0ab3 5F5A5374 		.ascii	"_ZSt6tgammae\000"
 7755      36746761 
 7755      6D6D6165 
 7755      00
 7756              	.LASF210:
 7757 0ac0 5F5A5374 		.ascii	"_ZSt6tgammaf\000"
 7757      36746761 
 7757      6D6D6166 
ARM GAS  /tmp/ccBgOzmL.s 			page 146


 7757      00
 7758              	.LASF419:
 7759 0acd 67656E65 		.ascii	"genericfx_unit_header\000"
 7759      72696366 
 7759      785F756E 
 7759      69745F68 
 7759      65616465 
 7760              	.LASF271:
 7761 0ae3 5F426967 		.ascii	"_Bigint\000"
 7761      696E7400 
 7762              	.LASF268:
 7763 0aeb 5F6D6178 		.ascii	"_maxwds\000"
 7763      77647300 
 7764              	.LASF342:
 7765 0af3 5F5F636C 		.ascii	"__cleanup\000"
 7765      65616E75 
 7765      7000
 7766              	.LASF350:
 7767 0afd 5F617465 		.ascii	"_atexit0\000"
 7767      78697430 
 7767      00
 7768              	.LASF80:
 7769 0b06 5F5A5374 		.ascii	"_ZSt5isnand\000"
 7769      3569736E 
 7769      616E6400 
 7770              	.LASF79:
 7771 0b12 5F5A5374 		.ascii	"_ZSt5isnane\000"
 7771      3569736E 
 7771      616E6500 
 7772              	.LASF81:
 7773 0b1e 5F5A5374 		.ascii	"_ZSt5isnanf\000"
 7773      3569736E 
 7773      616E6600 
 7774              	.LASF338:
 7775 0b2a 5F656D65 		.ascii	"_emergency\000"
 7775      7267656E 
 7775      637900
 7776              	.LASF212:
 7777 0b35 5F5A5374 		.ascii	"_ZSt5trunce\000"
 7777      35747275 
 7777      6E636500 
 7778              	.LASF443:
 7779 0b41 5F5A5374 		.ascii	"_ZSt5truncf\000"
 7779      35747275 
 7779      6E636600 
 7780              	.LASF221:
 7781 0b4d 6C6F6E67 		.ascii	"long long int\000"
 7781      206C6F6E 
 7781      6720696E 
 7781      7400
 7782              	.LASF357:
 7783 0b5b 5F6E696F 		.ascii	"_niobs\000"
 7783      627300
 7784              	.LASF352:
 7785 0b62 5F5F7367 		.ascii	"__sglue\000"
 7785      6C756500 
 7786              	.LASF331:
ARM GAS  /tmp/ccBgOzmL.s 			page 147


 7787 0b6a 5F6E6D61 		.ascii	"_nmalloc\000"
 7787      6C6C6F63 
 7787      00
 7788              	.LASF232:
 7789 0b73 696E745F 		.ascii	"int_least32_t\000"
 7789      6C656173 
 7789      7433325F 
 7789      7400
 7790              	.LASF315:
 7791 0b81 5F67616D 		.ascii	"_gamma_signgam\000"
 7791      6D615F73 
 7791      69676E67 
 7791      616D00
 7792              	.LASF52:
 7793 0b90 5F5A5374 		.ascii	"_ZSt4sqrte\000"
 7793      34737172 
 7793      746500
 7794              	.LASF53:
 7795 0b9b 5F5A5374 		.ascii	"_ZSt4sqrtf\000"
 7795      34737172 
 7795      746600
 7796              	.LASF250:
 7797 0ba6 75696E74 		.ascii	"uintmax_t\000"
 7797      6D61785F 
 7797      7400
 7798              	.LASF346:
 7799 0bb0 5F667265 		.ascii	"_freelist\000"
 7799      656C6973 
 7799      7400
 7800              	.LASF432:
 7801 0bba 696E6974 		.ascii	"initSinLut\000"
 7801      53696E4C 
 7801      757400
 7802              	.LASF358:
 7803 0bc5 5F696F62 		.ascii	"_iobs\000"
 7803      7300
 7804              	.LASF356:
 7805 0bcb 5F676C75 		.ascii	"_glue\000"
 7805      6500
 7806              	.LASF199:
 7807 0bd1 726F756E 		.ascii	"round\000"
 7807      6400
 7808              	.LASF0:
 7809 0bd7 666C6F61 		.ascii	"float\000"
 7809      7400
 7810              	.LASF296:
 7811 0bdd 5F6C6266 		.ascii	"_lbfsize\000"
 7811      73697A65 
 7811      00
 7812              	.LASF405:
 7813 0be6 74616E70 		.ascii	"tanpi_lut_f\000"
 7813      695F6C75 
 7813      745F6600 
 7814              	.LASF246:
 7815 0bf2 75696E74 		.ascii	"uint_fast64_t\000"
 7815      5F666173 
 7815      7436345F 
ARM GAS  /tmp/ccBgOzmL.s 			page 148


 7815      7400
 7816              	.LASF425:
 7817 0c00 6B427566 		.ascii	"kBufLen\000"
 7817      4C656E00 
 7818              	.LASF407:
 7819 0c08 63756269 		.ascii	"cubicsat_lut_f\000"
 7819      63736174 
 7819      5F6C7574 
 7819      5F6600
 7820              	.LASF243:
 7821 0c17 756E7369 		.ascii	"unsigned int\000"
 7821      676E6564 
 7821      20696E74 
 7821      00
 7822              	.LASF446:
 7823 0c24 6D61785F 		.ascii	"max_align_t\000"
 7823      616C6967 
 7823      6E5F7400 
 7824              	.LASF163:
 7825 0c30 6C6C726F 		.ascii	"llround\000"
 7825      756E6400 
 7826              	.LASF110:
 7827 0c38 6973756E 		.ascii	"isunordered\000"
 7827      6F726465 
 7827      72656400 
 7828              	.LASF329:
 7829 0c44 5F685F65 		.ascii	"_h_errno\000"
 7829      72726E6F 
 7829      00
 7830              	.LASF217:
 7831 0c4d 73686F72 		.ascii	"short int\000"
 7831      7420696E 
 7831      7400
 7832              	.LASF404:
 7833 0c57 6C6F675F 		.ascii	"log_lut_f\000"
 7833      6C75745F 
 7833      6600
 7834              	.LASF327:
 7835 0c61 5F776372 		.ascii	"_wcrtomb_state\000"
 7835      746F6D62 
 7835      5F737461 
 7835      746500
 7836              	.LASF193:
 7837 0c70 72656D71 		.ascii	"remquo\000"
 7837      756F00
 7838              	.LASF16:
 7839 0c77 5F5A5374 		.ascii	"_ZSt5atan2ee\000"
 7839      35617461 
 7839      6E326565 
 7839      00
 7840              	.LASF349:
 7841 0c84 5F6E6577 		.ascii	"_new\000"
 7841      00
 7842              	.LASF194:
 7843 0c89 5F5A5374 		.ascii	"_ZSt6remquoeePi\000"
 7843      3672656D 
 7843      71756F65 
ARM GAS  /tmp/ccBgOzmL.s 			page 149


 7843      65506900 
 7844              	.LASF302:
 7845 0c99 5F756275 		.ascii	"_ubuf\000"
 7845      6600
 7846              	.LASF239:
 7847 0c9f 696E745F 		.ascii	"int_fast16_t\000"
 7847      66617374 
 7847      31365F74 
 7847      00
 7848              	.LASF320:
 7849 0cac 5F776374 		.ascii	"_wctomb_state\000"
 7849      6F6D625F 
 7849      73746174 
 7849      6500
 7850              	.LASF308:
 7851 0cba 5F6D6273 		.ascii	"_mbstate\000"
 7851      74617465 
 7851      00
 7852              	.LASF316:
 7853 0cc3 5F72616E 		.ascii	"_rand_next\000"
 7853      645F6E65 
 7853      787400
 7854              	.LASF330:
 7855 0cce 5F6E6578 		.ascii	"_nextf\000"
 7855      746600
 7856              	.LASF294:
 7857 0cd5 5F666C61 		.ascii	"_flags\000"
 7857      677300
 7858              	.LASF37:
 7859 0cdc 5F5A5374 		.ascii	"_ZSt5frexpfPi\000"
 7859      35667265 
 7859      78706650 
 7859      6900
 7860              	.LASF121:
 7861 0cea 5F5A5374 		.ascii	"_ZSt5atanhe\000"
 7861      35617461 
 7861      6E686500 
 7862              	.LASF122:
 7863 0cf6 5F5A5374 		.ascii	"_ZSt5atanhf\000"
 7863      35617461 
 7863      6E686600 
 7864              	.LASF7:
 7865 0d02 5F5A5374 		.ascii	"_ZSt4acose\000"
 7865      3461636F 
 7865      736500
 7866              	.LASF8:
 7867 0d0d 5F5A5374 		.ascii	"_ZSt4acosf\000"
 7867      3461636F 
 7867      736600
 7868              	.LASF253:
 7869 0d18 5F5F6D61 		.ascii	"__max_align_ld\000"
 7869      785F616C 
 7869      69676E5F 
 7869      6C6400
 7870              	.LASF287:
 7871 0d27 5F617465 		.ascii	"_atexit\000"
 7871      78697400 
ARM GAS  /tmp/ccBgOzmL.s 			page 150


 7872              	.LASF252:
 7873 0d2f 5F5F6D61 		.ascii	"__max_align_ll\000"
 7873      785F616C 
 7873      69676E5F 
 7873      6C6C00
 7874              	.LASF123:
 7875 0d3e 63627274 		.ascii	"cbrt\000"
 7875      00
 7876              	.LASF17:
 7877 0d43 5F5A5374 		.ascii	"_ZSt5atan2ff\000"
 7877      35617461 
 7877      6E326666 
 7877      00
 7878              	.LASF261:
 7879 0d50 5F5F636F 		.ascii	"__count\000"
 7879      756E7400 
 7880              	.LASF444:
 7881 0d58 5F5F676E 		.ascii	"__gnu_cxx\000"
 7881      755F6378 
 7881      7800
 7882              	.LASF94:
 7883 0d62 69736772 		.ascii	"isgreaterequal\000"
 7883      65617465 
 7883      72657175 
 7883      616C00
 7884              	.LASF202:
 7885 0d71 7363616C 		.ascii	"scalbln\000"
 7885      626C6E00 
 7886              	.LASF367:
 7887 0d79 626F6F6C 		.ascii	"bool\000"
 7887      00
 7888              	.LASF234:
 7889 0d7e 75696E74 		.ascii	"uint_least8_t\000"
 7889      5F6C6561 
 7889      7374385F 
 7889      7400
 7890              	.LASF18:
 7891 0d8c 5F5A5374 		.ascii	"_ZSt3cose\000"
 7891      33636F73 
 7891      6500
 7892              	.LASF19:
 7893 0d96 5F5A5374 		.ascii	"_ZSt3cosf\000"
 7893      33636F73 
 7893      6600
 7894              	.LASF230:
 7895 0da0 696E745F 		.ascii	"int_least8_t\000"
 7895      6C656173 
 7895      74385F74 
 7895      00
 7896              	.LASF279:
 7897 0dad 5F5F746D 		.ascii	"__tm_wday\000"
 7897      5F776461 
 7897      7900
 7898              	.LASF249:
 7899 0db7 696E746D 		.ascii	"intmax_t\000"
 7899      61785F74 
 7899      00
ARM GAS  /tmp/ccBgOzmL.s 			page 151


 7900              	.LASF254:
 7901 0dc0 6C6F6E67 		.ascii	"long double\000"
 7901      20646F75 
 7901      626C6500 
 7902              	.LASF365:
 7903 0dcc 666C6F61 		.ascii	"float_t\000"
 7903      745F7400 
 7904              	.LASF280:
 7905 0dd4 5F5F746D 		.ascii	"__tm_yday\000"
 7905      5F796461 
 7905      7900
 7906              	.LASF398:
 7907 0dde 77617665 		.ascii	"wavesA\000"
 7907      734100
 7908              	.LASF399:
 7909 0de5 77617665 		.ascii	"wavesB\000"
 7909      734200
 7910              	.LASF400:
 7911 0dec 77617665 		.ascii	"wavesC\000"
 7911      734300
 7912              	.LASF401:
 7913 0df3 77617665 		.ascii	"wavesD\000"
 7913      734400
 7914              	.LASF402:
 7915 0dfa 77617665 		.ascii	"wavesE\000"
 7915      734500
 7916              	.LASF403:
 7917 0e01 77617665 		.ascii	"wavesF\000"
 7917      734600
 7918              	.LASF104:
 7919 0e08 5F5A5374 		.ascii	"_ZSt11islessequaldd\000"
 7919      31316973 
 7919      6C657373 
 7919      65717561 
 7919      6C646400 
 7920              	.LASF277:
 7921 0e1c 5F5F746D 		.ascii	"__tm_mon\000"
 7921      5F6D6F6E 
 7921      00
 7922              	.LASF360:
 7923 0e25 5F736565 		.ascii	"_seed\000"
 7923      6400
 7924              	.LASF135:
 7925 0e2b 5F5A5374 		.ascii	"_ZSt4exp2e\000"
 7925      34657870 
 7925      326500
 7926              	.LASF136:
 7927 0e36 5F5A5374 		.ascii	"_ZSt4exp2f\000"
 7927      34657870 
 7927      326600
 7928              	.LASF428:
 7929 0e41 6B48616E 		.ascii	"kHannSize\000"
 7929      6E53697A 
 7929      6500
 7930              	.LASF300:
 7931 0e4b 5F736565 		.ascii	"_seek\000"
 7931      6B00
ARM GAS  /tmp/ccBgOzmL.s 			page 152


 7932              	.LASF258:
 7933 0e51 5F66706F 		.ascii	"_fpos_t\000"
 7933      735F7400 
 7934              	.LASF260:
 7935 0e59 5F5F7763 		.ascii	"__wchb\000"
 7935      686200
 7936              	.LASF12:
 7937 0e60 6174616E 		.ascii	"atan\000"
 7937      00
 7938              	.LASF142:
 7939 0e65 5F5A5374 		.ascii	"_ZSt4fdimff\000"
 7939      34666469 
 7939      6D666600 
 7940              	.LASF319:
 7941 0e71 5F6D6274 		.ascii	"_mbtowc_state\000"
 7941      6F77635F 
 7941      73746174 
 7941      6500
 7942              	.LASF247:
 7943 0e7f 696E7470 		.ascii	"intptr_t\000"
 7943      74725F74 
 7943      00
 7944              	.LASF103:
 7945 0e88 5F5A5374 		.ascii	"_ZSt11islessequalee\000"
 7945      31316973 
 7945      6C657373 
 7945      65717561 
 7945      6C656500 
 7946              	.LASF229:
 7947 0e9c 6C6F6E67 		.ascii	"long long unsigned int\000"
 7947      206C6F6E 
 7947      6720756E 
 7947      7369676E 
 7947      65642069 
 7948              	.LASF386:
 7949 0eb3 70617261 		.ascii	"params\000"
 7949      6D7300
 7950              	.LASF72:
 7951 0eba 5F5A5374 		.ascii	"_ZSt8isfinited\000"
 7951      38697366 
 7951      696E6974 
 7951      656400
 7952              	.LASF71:
 7953 0ec9 5F5A5374 		.ascii	"_ZSt8isfinitee\000"
 7953      38697366 
 7953      696E6974 
 7953      656500
 7954              	.LASF73:
 7955 0ed8 5F5A5374 		.ascii	"_ZSt8isfinitef\000"
 7955      38697366 
 7955      696E6974 
 7955      656600
 7956              	.LASF38:
 7957 0ee7 6C646578 		.ascii	"ldexp\000"
 7957      7000
 7958              	.LASF224:
 7959 0eed 75696E74 		.ascii	"uint16_t\000"
ARM GAS  /tmp/ccBgOzmL.s 			page 153


 7959      31365F74 
 7959      00
 7960              	.LASF35:
 7961 0ef6 66726578 		.ascii	"frexp\000"
 7961      7000
 7962              	.LASF284:
 7963 0efc 5F64736F 		.ascii	"_dso_handle\000"
 7963      5F68616E 
 7963      646C6500 
 7964              	.LASF227:
 7965 0f08 6C6F6E67 		.ascii	"long unsigned int\000"
 7965      20756E73 
 7965      69676E65 
 7965      6420696E 
 7965      7400
 7966              	.LASF339:
 7967 0f1a 5F756E73 		.ascii	"_unspecified_locale_info\000"
 7967      70656369 
 7967      66696564 
 7967      5F6C6F63 
 7967      616C655F 
 7968              	.LASF359:
 7969 0f33 5F72616E 		.ascii	"_rand48\000"
 7969      64343800 
 7970              	.LASF335:
 7971 0f3b 5F737464 		.ascii	"_stdout\000"
 7971      6F757400 
 7972              	.LASF6:
 7973 0f43 61636F73 		.ascii	"acos\000"
 7973      00
 7974              	.LASF137:
 7975 0f48 6578706D 		.ascii	"expm1\000"
 7975      3100
 7976              	.LASF184:
 7977 0f4e 6E657874 		.ascii	"nextafter\000"
 7977      61667465 
 7977      7200
 7978              	.LASF241:
 7979 0f58 696E745F 		.ascii	"int_fast64_t\000"
 7979      66617374 
 7979      36345F74 
 7979      00
 7980              	.LASF304:
 7981 0f65 5F626C6B 		.ascii	"_blksize\000"
 7981      73697A65 
 7981      00
 7982              	.LASF105:
 7983 0f6e 5F5A5374 		.ascii	"_ZSt11islessequalff\000"
 7983      31316973 
 7983      6C657373 
 7983      65717561 
 7983      6C666600 
 7984              	.LASF126:
 7985 0f82 636F7079 		.ascii	"copysign\000"
 7985      7369676E 
 7985      00
 7986              	.LASF429:
ARM GAS  /tmp/ccBgOzmL.s 			page 154


 7987 0f8b 675F7369 		.ascii	"g_sinLut\000"
 7987      6E4C7574 
 7987      00
 7988              	.LASF291:
 7989 0f94 5F626173 		.ascii	"_base\000"
 7989      6500
 7990              	.LASF406:
 7991 0f9a 73717274 		.ascii	"sqrtm2log_lut_f\000"
 7991      6D326C6F 
 7991      675F6C75 
 7991      745F6600 
 7992              	.LASF312:
 7993 0faa 5F737472 		.ascii	"_strtok_last\000"
 7993      746F6B5F 
 7993      6C617374 
 7993      00
 7994              	.LASF9:
 7995 0fb7 6173696E 		.ascii	"asin\000"
 7995      00
 7996              	.LASF325:
 7997 0fbc 5F6D6272 		.ascii	"_mbrtowc_state\000"
 7997      746F7763 
 7997      5F737461 
 7997      746500
 7998              	.LASF378:
 7999 0fcb 68656164 		.ascii	"header_size\000"
 7999      65725F73 
 7999      697A6500 
 8000              	.LASF213:
 8001 0fd7 5F5F6378 		.ascii	"__cxx11\000"
 8001      78313100 
 8002              	.LASF423:
 8003 0fdf 6B53616D 		.ascii	"kSampleRate\000"
 8003      706C6552 
 8003      61746500 
 8004              	.LASF211:
 8005 0feb 7472756E 		.ascii	"trunc\000"
 8005      6300
 8006              	.LASF382:
 8007 0ff1 76657273 		.ascii	"version\000"
 8007      696F6E00 
 8008              	.LASF396:
 8009 0ff9 77745F70 		.ascii	"wt_par_notes\000"
 8009      61725F6E 
 8009      6F746573 
 8009      00
 8010              	.LASF355:
 8011 1006 5F5F4649 		.ascii	"__FILE\000"
 8011      4C4500
 8012              	.LASF114:
 8013 100d 61636F73 		.ascii	"acosh\000"
 8013      6800
 8014              	.LASF263:
 8015 1013 5F6D6273 		.ascii	"_mbstate_t\000"
 8015      74617465 
 8015      5F7400
 8016              	.LASF317:
ARM GAS  /tmp/ccBgOzmL.s 			page 155


 8017 101e 5F723438 		.ascii	"_r48\000"
 8017      00
 8018              	.LASF256:
 8019 1023 77696E74 		.ascii	"wint_t\000"
 8019      5F7400
 8020              	.LASF267:
 8021 102a 5F6E6578 		.ascii	"_next\000"
 8021      7400
 8022              	.LASF306:
 8023 1030 5F646174 		.ascii	"_data\000"
 8023      6100
 8024              	.LASF370:
 8025 1036 696E6974 		.ascii	"init\000"
 8025      00
 8026              	.LASF373:
 8027 103b 66726163 		.ascii	"frac_mode\000"
 8027      5F6D6F64 
 8027      6500
 8028              	.LASF422:
 8029 1045 67656E65 		.ascii	"genericfx_unit_header_t\000"
 8029      72696366 
 8029      785F756E 
 8029      69745F68 
 8029      65616465 
 8030              	.LASF41:
 8031 105d 5F5A5374 		.ascii	"_ZSt3loge\000"
 8031      336C6F67 
 8031      6500
 8032              	.LASF42:
 8033 1067 5F5A5374 		.ascii	"_ZSt3logf\000"
 8033      336C6F67 
 8033      6600
 8034              	.LASF372:
 8035 1071 66726163 		.ascii	"frac\000"
 8035      00
 8036              	.LASF173:
 8037 1076 5F5A5374 		.ascii	"_ZSt4logbe\000"
 8037      346C6F67 
 8037      626500
 8038              	.LASF145:
 8039 1081 666D6178 		.ascii	"fmax\000"
 8039      00
 8040              	.LASF196:
 8041 1086 72696E74 		.ascii	"rint\000"
 8041      00
 8042              	.LASF78:
 8043 108b 69736E61 		.ascii	"isnan\000"
 8043      6E00
 8044              	.LASF240:
 8045 1091 696E745F 		.ascii	"int_fast32_t\000"
 8045      66617374 
 8045      33325F74 
 8045      00
 8046              	.LASF100:
 8047 109e 5F5A5374 		.ascii	"_ZSt6islessdd\000"
 8047      3669736C 
 8047      65737364 
ARM GAS  /tmp/ccBgOzmL.s 			page 156


 8047      6400
 8048              	.LASF118:
 8049 10ac 5F5A5374 		.ascii	"_ZSt5asinhe\000"
 8049      35617369 
 8049      6E686500 
 8050              	.LASF119:
 8051 10b8 5F5A5374 		.ascii	"_ZSt5asinhf\000"
 8051      35617369 
 8051      6E686600 
 8052              	.LASF25:
 8053 10c4 5F5A5374 		.ascii	"_ZSt4coshe\000"
 8053      34636F73 
 8053      686500
 8054              	.LASF26:
 8055 10cf 5F5A5374 		.ascii	"_ZSt4coshf\000"
 8055      34636F73 
 8055      686600
 8056              	.LASF242:
 8057 10da 75696E74 		.ascii	"uint_fast8_t\000"
 8057      5F666173 
 8057      74385F74 
 8057      00
 8058              	.LASF178:
 8059 10e7 6C726F75 		.ascii	"lround\000"
 8059      6E6400
 8060              	.LASF318:
 8061 10ee 5F6D626C 		.ascii	"_mblen_state\000"
 8061      656E5F73 
 8061      74617465 
 8061      00
 8062              	.LASF387:
 8063 10fb 756E6974 		.ascii	"unit_header_t\000"
 8063      5F686561 
 8063      6465725F 
 8063      7400
 8064              	.LASF96:
 8065 1109 5F5A5374 		.ascii	"_ZSt14isgreaterequaldd\000"
 8065      31346973 
 8065      67726561 
 8065      74657265 
 8065      7175616C 
 8066              	.LASF205:
 8067 1120 7363616C 		.ascii	"scalbn\000"
 8067      626E00
 8068              	.LASF228:
 8069 1127 75696E74 		.ascii	"uint64_t\000"
 8069      36345F74 
 8069      00
 8070              	.LASF129:
 8071 1130 5F5A5374 		.ascii	"_ZSt3erfe\000"
 8071      33657266 
 8071      6500
 8072              	.LASF46:
 8073 113a 6D6F6466 		.ascii	"modf\000"
 8073      00
 8074              	.LASF70:
 8075 113f 69736669 		.ascii	"isfinite\000"
ARM GAS  /tmp/ccBgOzmL.s 			page 157


 8075      6E697465 
 8075      00
 8076              	.LASF216:
 8077 1148 696E7431 		.ascii	"int16_t\000"
 8077      365F7400 
 8078              	.LASF99:
 8079 1150 5F5A5374 		.ascii	"_ZSt6islessee\000"
 8079      3669736C 
 8079      65737365 
 8079      6500
 8080              	.LASF197:
 8081 115e 5F5A5374 		.ascii	"_ZSt4rinte\000"
 8081      3472696E 
 8081      746500
 8082              	.LASF198:
 8083 1169 5F5A5374 		.ascii	"_ZSt4rintf\000"
 8083      3472696E 
 8083      746600
 8084              	.LASF285:
 8085 1174 5F666E74 		.ascii	"_fntypes\000"
 8085      79706573 
 8085      00
 8086              	.LASF160:
 8087 117d 6C6C7269 		.ascii	"llrint\000"
 8087      6E7400
 8088              	.LASF278:
 8089 1184 5F5F746D 		.ascii	"__tm_year\000"
 8089      5F796561 
 8089      7200
 8090              	.LASF151:
 8091 118e 6879706F 		.ascii	"hypot\000"
 8091      7400
 8092              	.LASF95:
 8093 1194 5F5A5374 		.ascii	"_ZSt14isgreaterequalee\000"
 8093      31346973 
 8093      67726561 
 8093      74657265 
 8093      7175616C 
 8094              	.LASF61:
 8095 11ab 5F5A5374 		.ascii	"_ZSt5floore\000"
 8095      35666C6F 
 8095      6F726500 
 8096              	.LASF62:
 8097 11b7 5F5A5374 		.ascii	"_ZSt5floorf\000"
 8097      35666C6F 
 8097      6F726600 
 8098              	.LASF101:
 8099 11c3 5F5A5374 		.ascii	"_ZSt6islessff\000"
 8099      3669736C 
 8099      65737366 
 8099      6600
 8100              	.LASF55:
 8101 11d1 5F5A5374 		.ascii	"_ZSt4ceile\000"
 8101      34636569 
 8101      6C6500
 8102              	.LASF56:
 8103 11dc 5F5A5374 		.ascii	"_ZSt4ceilf\000"
ARM GAS  /tmp/ccBgOzmL.s 			page 158


 8103      34636569 
 8103      6C6600
 8104              	.LASF380:
 8105 11e7 6465765F 		.ascii	"dev_id\000"
 8105      696400
 8106              	.LASF337:
 8107 11ee 5F696E63 		.ascii	"_inc\000"
 8107      00
 8108              	.LASF288:
 8109 11f3 5F696E64 		.ascii	"_ind\000"
 8109      00
 8110              	.LASF156:
 8111 11f8 5F5A5374 		.ascii	"_ZSt5ilogbf\000"
 8111      35696C6F 
 8111      67626600 
 8112              	.LASF290:
 8113 1204 5F5F7362 		.ascii	"__sbuf\000"
 8113      756600
 8114              	.LASF49:
 8115 120b 5F5A5374 		.ascii	"_ZSt3powee\000"
 8115      33706F77 
 8115      656500
 8116              	.LASF433:
 8117 1216 5F5A3131 		.ascii	"_Z11initHannLutv\000"
 8117      696E6974 
 8117      48616E6E 
 8117      4C757476 
 8117      00
 8118              	.LASF286:
 8119 1227 5F69735F 		.ascii	"_is_cxa\000"
 8119      63786100 
 8120              	.LASF397:
 8121 122f 77745F70 		.ascii	"wt_par_lut_f\000"
 8121      61725F6C 
 8121      75745F66 
 8121      00
 8122              	.LASF155:
 8123 123c 5F5A5374 		.ascii	"_ZSt5ilogbe\000"
 8123      35696C6F 
 8123      67626500 
 8124              	.LASF97:
 8125 1248 5F5A5374 		.ascii	"_ZSt14isgreaterequalff\000"
 8125      31346973 
 8125      67726561 
 8125      74657265 
 8125      7175616C 
 8126              	.LASF381:
 8127 125f 756E6974 		.ascii	"unit_id\000"
 8127      5F696400 
 8128              	.LASF191:
 8129 1267 5F5A5374 		.ascii	"_ZSt9remainderee\000"
 8129      3972656D 
 8129      61696E64 
 8129      65726565 
 8129      00
 8130              	.LASF264:
 8131 1278 5F5F554C 		.ascii	"__ULong\000"
ARM GAS  /tmp/ccBgOzmL.s 			page 159


 8131      6F6E6700 
 8132              	.LASF408:
 8133 1280 73636865 		.ascii	"schetzen_lut_f\000"
 8133      747A656E 
 8133      5F6C7574 
 8133      5F6600
 8134              	.LASF226:
 8135 128f 75696E74 		.ascii	"uint32_t\000"
 8135      33325F74 
 8135      00
 8136              	.LASF343:
 8137 1298 5F726573 		.ascii	"_result\000"
 8137      756C7400 
 8138              	.LASF244:
 8139 12a0 75696E74 		.ascii	"uint_fast16_t\000"
 8139      5F666173 
 8139      7431365F 
 8139      7400
 8140              	.LASF50:
 8141 12ae 5F5A5374 		.ascii	"_ZSt3powff\000"
 8141      33706F77 
 8141      666600
 8142              	.LASF426:
 8143 12b9 6B54776F 		.ascii	"kTwoPi\000"
 8143      506900
 8144              	.LASF157:
 8145 12c0 6C67616D 		.ascii	"lgamma\000"
 8145      6D6100
 8146              	.LASF424:
 8147 12c7 6B427566 		.ascii	"kBufLenSec\000"
 8147      4C656E53 
 8147      656300
 8148              	.LASF98:
 8149 12d2 69736C65 		.ascii	"isless\000"
 8149      737300
 8150              	.LASF251:
 8151 12d9 73697A65 		.ascii	"size_t\000"
 8151      5F7400
 8152              	.LASF374:
 8153 12e0 72657365 		.ascii	"reserved\000"
 8153      72766564 
 8153      00
 8154              	.LASF39:
 8155 12e9 5F5A5374 		.ascii	"_ZSt5ldexpei\000"
 8155      356C6465 
 8155      78706569 
 8155      00
 8156              	.LASF445:
 8157 12f6 31316D61 		.ascii	"11max_align_t\000"
 8157      785F616C 
 8157      69676E5F 
 8157      7400
 8158              	.LASF257:
 8159 1304 5F6F6666 		.ascii	"_off_t\000"
 8159      5F7400
 8160              	.LASF54:
 8161 130b 6365696C 		.ascii	"ceil\000"
ARM GAS  /tmp/ccBgOzmL.s 			page 160


 8161      00
 8162              	.LASF436:
 8163 1310 63686172 		.ascii	"char16_t\000"
 8163      31365F74 
 8163      00
 8164              	.LASF362:
 8165 1319 5F616464 		.ascii	"_add\000"
 8165      00
 8166              	.LASF192:
 8167 131e 5F5A5374 		.ascii	"_ZSt9remainderff\000"
 8167      3972656D 
 8167      61696E64 
 8167      65726666 
 8167      00
 8168              	.LASF225:
 8169 132f 73686F72 		.ascii	"short unsigned int\000"
 8169      7420756E 
 8169      7369676E 
 8169      65642069 
 8169      6E7400
 8170              	.LASF275:
 8171 1342 5F5F746D 		.ascii	"__tm_hour\000"
 8171      5F686F75 
 8171      7200
 8172              	.LASF326:
 8173 134c 5F6D6273 		.ascii	"_mbsrtowcs_state\000"
 8173      72746F77 
 8173      63735F73 
 8173      74617465 
 8173      00
 8174              	.LASF161:
 8175 135d 5F5A5374 		.ascii	"_ZSt6llrinte\000"
 8175      366C6C72 
 8175      696E7465 
 8175      00
 8176              	.LASF162:
 8177 136a 5F5A5374 		.ascii	"_ZSt6llrintf\000"
 8177      366C6C72 
 8177      696E7466 
 8177      00
 8178              	.LASF377:
 8179 1377 756E6974 		.ascii	"unit_header\000"
 8179      5F686561 
 8179      64657200 
 8180              	.LASF220:
 8181 1383 696E7436 		.ascii	"int64_t\000"
 8181      345F7400 
 8182              	.LASF40:
 8183 138b 5F5A5374 		.ascii	"_ZSt5ldexpfi\000"
 8183      356C6465 
 8183      78706669 
 8183      00
 8184              	.LASF434:
 8185 1398 5F5A3130 		.ascii	"_Z10initSinLutv\000"
 8185      696E6974 
 8185      53696E4C 
 8185      75747600 
ARM GAS  /tmp/ccBgOzmL.s 			page 161


 8186              	.LASF130:
 8187 13a8 5F5A5374 		.ascii	"_ZSt3erff\000"
 8187      33657266 
 8187      6600
 8188              	.LASF146:
 8189 13b2 5F5A5374 		.ascii	"_ZSt4fmaxee\000"
 8189      34666D61 
 8189      78656500 
 8190              	.LASF134:
 8191 13be 65787032 		.ascii	"exp2\000"
 8191      00
 8192              	.LASF441:
 8193 13c3 7372632F 		.ascii	"src/params.cc\000"
 8193      70617261 
 8193      6D732E63 
 8193      6300
 8194              	.LASF414:
 8195 13d1 61737369 		.ascii	"assign\000"
 8195      676E00
 8196              	.LASF283:
 8197 13d8 5F666E61 		.ascii	"_fnargs\000"
 8197      72677300 
 8198              	.LASF281:
 8199 13e0 5F5F746D 		.ascii	"__tm_isdst\000"
 8199      5F697364 
 8199      737400
 8200              	.LASF195:
 8201 13eb 5F5A5374 		.ascii	"_ZSt6remquoffPi\000"
 8201      3672656D 
 8201      71756F66 
 8201      66506900 
 8202              	.LASF206:
 8203 13fb 5F5A5374 		.ascii	"_ZSt6scalbnei\000"
 8203      36736361 
 8203      6C626E65 
 8203      6900
 8204              	.LASF392:
 8205 1409 77745F73 		.ascii	"wt_saw_notes\000"
 8205      61775F6E 
 8205      6F746573 
 8205      00
 8206              	.LASF190:
 8207 1416 72656D61 		.ascii	"remainder\000"
 8207      696E6465 
 8207      7200
 8208              	.LASF450:
 8209 1420 6B456666 		.ascii	"kEffectNames\000"
 8209      6563744E 
 8209      616D6573 
 8209      00
 8210              	.LASF274:
 8211 142d 5F5F746D 		.ascii	"__tm_min\000"
 8211      5F6D696E 
 8211      00
 8212              	.LASF149:
 8213 1436 5F5A5374 		.ascii	"_ZSt4fminee\000"
 8213      34666D69 
ARM GAS  /tmp/ccBgOzmL.s 			page 162


 8213      6E656500 
 8214              	.LASF323:
 8215 1442 5F676574 		.ascii	"_getdate_err\000"
 8215      64617465 
 8215      5F657272 
 8215      00
 8216              	.LASF435:
 8217 144f 77636861 		.ascii	"wchar_t\000"
 8217      725F7400 
 8218              	.LASF147:
 8219 1457 5F5A5374 		.ascii	"_ZSt4fmaxff\000"
 8219      34666D61 
 8219      78666600 
 8220              	.LASF376:
 8221 1463 756E6974 		.ascii	"unit_param_t\000"
 8221      5F706172 
 8221      616D5F74 
 8221      00
 8222              	.LASF82:
 8223 1470 69736E6F 		.ascii	"isnormal\000"
 8223      726D616C 
 8223      00
 8224              	.LASF115:
 8225 1479 5F5A5374 		.ascii	"_ZSt5acoshe\000"
 8225      3561636F 
 8225      73686500 
 8226              	.LASF116:
 8227 1485 5F5A5374 		.ascii	"_ZSt5acoshf\000"
 8227      3561636F 
 8227      73686600 
 8228              		.ident	"GCC: (15:9-2019-q4-0ubuntu1) 9.2.1 20191025 (release) [ARM/arm-9-branch revision 277599]"
ARM GAS  /tmp/ccBgOzmL.s 			page 163


DEFINED SYMBOLS
                            *ABS*:0000000000000000 params.cc
     /tmp/ccBgOzmL.s:17     .text:0000000000000000 $t
     /tmp/ccBgOzmL.s:25     .text:0000000000000000 _Z10initSinLutv
     /tmp/ccBgOzmL.s:99     .text:0000000000000040 $d
     /tmp/ccBgOzmL.s:223    .bss:0000000000001000 g_sinLut
     /tmp/ccBgOzmL.s:106    .text:0000000000000050 $t
     /tmp/ccBgOzmL.s:113    .text:0000000000000050 _Z11initHannLutv
     /tmp/ccBgOzmL.s:206    .text:00000000000000a0 $d
     /tmp/ccBgOzmL.s:219    .bss:0000000000000000 g_hannLut
     /tmp/ccBgOzmL.s:216    .bss:0000000000000000 $d

UNDEFINED SYMBOLS
sinf
_GLOBAL_OFFSET_TABLE_
cosf
